"朱秀长(1874～1953)，[MASK]广西藤县江镇双底村人"中[MASK]位置的文本是：	名綦联，字幼强，号景晖，
"2012年9月17日，在法国杂志刊登英国凯特王妃半裸照之后，威廉王子表示，[MASK]王妃"中[MASK]位置的文本是：	这件事让他想起15年前去世的母亲戴安娜
"2、《甄嬛传》宫廷剧《甄嬛传》又名《[MASK]的同名小说"中[MASK]位置的文本是：	后宫甄嬛传》，改编自流潋紫所著
"《微积分学(CALCULUS with[MASK]是2001年8月1日由天津大学出版社出版的图书，作者是张凤玲 / 张玉环 / 姚妙新"中[MASK]位置的文本是：	 Space Analytic Geometry)》
"1997年2月1日，李连杰与关之琳、陈国邦、吴耀汉等主演的[MASK]，他在片中饰演力图发扬中华武术的广东省民团总教练黄飞鸿"中[MASK]位置的文本是：	动作片《黄飞鸿之西域雄狮》在中国香港上映
"2006年，导演细田守首次将《穿越时空的少女》[MASK]这部作品使得《穿越时空的少女》拥有了世界范围的观众群，《穿越时空的少女》获得了空前成功"中[MASK]位置的文本是：	动画电影化，剧中的主角绀野真琴由仲里依纱担任配音，
"张永明毕业于首都师范大学书法艺术本科，他的书法以全能著称，他[MASK]，尤以大、小篆更佳"中[MASK]位置的文本是：	对小楷、行、草、隶、篆及篆刻均有较深的造诣
"8节目特色《极限挑战》中既没有萌娃也没有恋人，六个嘉宾的年龄属于“老大不小”，[MASK]快递，因为延误遭退货"中[MASK]位置的文本是：	要面对的不仅是任务，还必须面对现实问题，比如黄渤给人送
"龚赞，39岁，汉族，中国共产党党员，原哈尔滨市风华中学校长，2008年哈尔滨96[MASK]"中[MASK]位置的文本是：	棒火炬传递手·
"《情歌难唱》刘悦演唱的一首[MASK]，由陈诗牧谱曲，崔恕填词"中[MASK]位置的文本是：	歌曲
"宋威龙因为《半妖倾城》、[MASK]"中[MASK]位置的文本是：	《凤囚凰》而被大众熟知
"《娶错新娘王爷放了我》是忘君创作的网络小说[MASK]发表于起点网"中[MASK]位置的文本是：	，
"刘正康，男，壮族，1971年11月出生[MASK]学历，1997年10月参加工作，2001年2月加入中国共产党"中[MASK]位置的文本是：	，广西南宁人，1997年6月广西民族学院中文系语言文学专业毕业，大学
"《地球的故事-彩图版》是2012年天津科学技术[MASK]是张轩"中[MASK]位置的文本是：	出版社出版的图书，作者
"《探探猫之奇幻马戏团》是由广州[MASK]打造的全新电视动画片"中[MASK]位置的文本是：	指幻动漫有限公司1
"自己对于陈道明演的《康熙王朝》挺喜欢看的，我挺喜欢那里面的容妃和蓝齐[MASK]康熙废太子，但是当康熙提出废太子的时候，容妃的表现太过于直接，不让皇帝废太子而且说出了不废太子，是太后的懿旨，没有一个皇帝愿意被别人当面挑战自己的权威，哪怕那个人是他最爱的"中[MASK]位置的文本是：	格格，对于容妃太后很喜欢她的，临终之前给了容妃一道懿旨，不让
"说到歌手陈红，这个[MASK]常回家看看》肯定还记忆犹新吧"中[MASK]位置的文本是：	名字大家估计有点陌生，但若提到一首歌《
"何继筠[MASK]971年），字化龙，河南人"中[MASK]位置的文本是：	（921年—
"海生音文化签约艺人马响首张单曲《金钱魔鬼》完成录制，MV也在10月25号杀青，公司在10月底推出单曲试听版，也许就是在自己一无所有的时候才会知道自己真正想要的是什么，他拿着歌词找到音乐人海生向他拜师学唱，并想把自己的这些经历写成歌曲唱出来，让[MASK]诠释"中[MASK]位置的文本是：	那些有着好赌恶习的朋友引以为戒、吸取教训，他的首张单曲就选择了一个敏感的字眼"钱"整首歌讲述了有钱与没钱时候的鲜明对比，也讲述了一个过来人对钱的重新
"作为殿堂级的表演艺术家,入行三十余年的尤勇智演绎过众多[MASK]首度转型制片人后的第一部作品"中[MASK]位置的文本是：	精彩的角色,此次加盟《红线》,是他
"LeCroy(力科)成立于1964年[MASK]专业生产示波器厂家"中[MASK]位置的文本是：	，是一家
"1986年，中国第一代电视导演、电视艺术家杨洁，携手众多演员，为我们奉献了一部传颂至今的经典《西游记》，直至32年后的今天，依旧有人争相传颂经久不衰，六小龄童的[MASK]演绎，一句经典的台词，一个动作，一个眼神，都能令人久久不能忘怀"中[MASK]位置的文本是：	孙悟空，马德华的猪八戒，闫怀礼的沙僧，汪粤的唐僧，传神的
"《勿念的家》是崆峒广成子创作的[MASK]小说网"中[MASK]位置的文本是：	网络小说，发表于17K
"正当大家斗得难分难解之际[MASK]了首都长安，建立了唐朝"中[MASK]位置的文本是：	，李渊从太原起兵，只用了八个月就攻入
"在2011[MASK]宫锁心玉》杨幂在里面饰演晴川，这部剧让杨幂一夜成名"中[MASK]位置的文本是：	年初，由于正和湖南卫视的携手打造清朝穿越剧《
"曾毅玮女士[MASK]於厦门大学，获硕士学位"中[MASK]位置的文本是：	，三十八岁，毕业
"吴凤鸣（1869——1920 ）[MASK]竹君"中[MASK]位置的文本是：	字歧山，号
"创作背景/五环之歌《五环之歌》最早见于2011年04[MASK]济南等专场有唱，后来成为岳云鹏代表作之一，几乎每场演出必唱的曲目之一"中[MASK]位置的文本是：	月09日民族宫岳云鹏专场史爱东与岳云鹏合作的相声《学歌曲》，之后在2011年德云社商业演出时在大连、
"《僵尸奶奶再战戈师奶[MASK]的电视剧，于2008年上映"中[MASK]位置的文本是：	》是黄颖珊执导，汪明荃主演
"2013年7月14日《中国梦之声》逆袭战在东方卫视全球直播，曾在20进12中被[MASK]林采欣、李立宇、张捷站上舞台"中[MASK]位置的文本是：	淘汰的邓小坤、郭帅、陆敏雪、
"《妖月白狐》是妖月白狐创作的[MASK]，发表于起点网"中[MASK]位置的文本是：	网络小说
"观澜湖集团主席朱鼎健[MASK]，2007年10月荣获母校颁发的名誉法学博士学位"中[MASK]位置的文本是：	朱鼎健，毕业于加拿大西安大略大学，获工商管理学士学位
"何福进（889年—954年），字善长[MASK]河南人"中[MASK]位置的文本是：	，太原人，一说
"徐延泰（1729[MASK]，字适哉，一字敬轩，广东省和平县 下车镇兴隆村人"中[MASK]位置的文本是：	年~1775年），别号瑞生
"林荫，字樾轩，清光绪[MASK]，幼年随父耕作"中[MASK]位置的文本是：	二十一年（1895）生于东游吕源村农业家庭
"[MASK]国歌纪念广场西南侧，总面积1500平方米，由序厅、国歌诞生厅、国歌纪念厅、国歌震撼厅、我和国歌厅等6个部分组成"中[MASK]位置的文本是：	国歌展示馆坐落在上海市杨浦区荆州路151号的
"毫无疑问华晨宇更红，可以在很多节目看到他，天籁之战第一季的[MASK]明日之子》里，亲自调音两小时《异类》《我管你》等音乐及显个人性格，个人态度，他的音乐并不迎合市场，所以就有很多人不愿意接受了"中[MASK]位置的文本是：	时候，改编我的滑板鞋，瞬间把神曲改成高大上的音乐，超级惊艳从2013～2017四年的时间从选手逐渐成为一名导师，可以看到他的成长，做出了很多音乐，认真对待音乐，从来不马马虎虎，专注音乐，在《
"《世界宗教总览》是1993年[MASK]中心编著"中[MASK]位置的文本是：	东方出版社出版的图书，由宗教研究
"[MASK]口述历史杂谈》，陈墨著"中[MASK]位置的文本是：	《
"1歌曲歌词土耳其冰淇淋[MASK] 周杰伦"中[MASK]位置的文本是：	 -
"姚运焕（1933～ ），男，[MASK]中共党员"中[MASK]位置的文本是：	汉族，甘肃省兰州市人，
"蜂斗草（[MASK]、野牡丹科的植物"中[MASK]位置的文本是：	原变种）是属桃金娘目
"悲剧剪彩是著名歌手关淑怡的作品之一，向雪怀作词[MASK]专辑《Btb-冬恋-关淑怡》"中[MASK]位置的文本是：	，出自
"《忠实听众》，是由易家扬作词，曾[MASK]一首歌曲"中[MASK]位置的文本是：	一鸣作曲，卓义峰演唱的
"《我的左右王子》是毛丫头创作的网络小说[MASK]"中[MASK]位置的文本是：	，发表于17K小说网
"《未来青年》是丹尼·加农执导，罗比·阿梅尔、佩顿[MASK]等主演的电视剧"中[MASK]位置的文本是：	·利斯特、艾伦·余
"《宝贝》是由[MASK]女主角确定为杨幂"中[MASK]位置的文本是：	内地著名导演刘杰担任执导，
"《海明威传》是2008年浙江文艺出版社出版的图书[MASK]董衡巽"中[MASK]位置的文本是：	，作者是
"《重生西游之唯吾圣皇》是连载于起点中文网的[MASK]"中[MASK]位置的文本是：	一部东方玄幻小说，作者是青衣墨魂
"《高跟鞋》是徐良演唱的一首[MASK]《请在哔声后留言》"中[MASK]位置的文本是：	歌曲，收录于专辑
"人物生平朱庆澜祖籍[MASK]村人"中[MASK]位置的文本是：	浙江绍兴钱清镇秦望
"上海锦江都城酒店管理有限公司于2013年4月27日在浦东新区市场[MASK]"中[MASK]位置的文本是：	监管局登记成立
"《万一奥特曼打不赢小怪兽》是由小[MASK]、作曲、演唱"中[MASK]位置的文本是：	贱（谭冰尧）作词
"《爆笑女仙》是在起点中文[MASK]懒人游牧"中[MASK]位置的文本是：	网上连载的小说，作者是
"《灵异系统》[MASK]，发表于17K小说网"中[MASK]位置的文本是：	是少蟀创作的网络小说
"拉丁名：物种分类脊索动物门- 脊椎动物亚门- - 鸟纲- 今鸟亚纲- - [MASK]- - - 物种简介铜色文鸟（学名：Lonchura cucullata），是梅花雀科文鸟属的一种，全球活动范围约为3,880,000平方千米"中[MASK]位置的文本是：	今颚总目- 雀形目- - - 梅花雀科
"斯蒂文·卢斯图出生于[MASK]：2009-06-30，惯用脚：右脚"中[MASK]位置的文本是：	哥本哈根(丹麦)，合同到期
"《中华人民共和国担保法配套规定》是中国法制出版社出版的图书，[MASK]"中[MASK]位置的文本是：	作者是《法律及其配套规定丛书》编写组
"[MASK]人类历史之谜》是2004年哈工大出版的图书，作者是皮伟兵"中[MASK]位置的文本是：	《
"李九宪，男，汉族，1918年出生，河南林州东岗镇大河村[MASK]烈士"中[MASK]位置的文本是：	籍
"气候特征我国华北地区[MASK]季风气候"中[MASK]位置的文本是：	主要为温带
"刘彩，[MASK]，硕士研究生，2005年6月毕业于华中师范大学"中[MASK]位置的文本是：	女，中共党员，讲师
"何镜聪是[MASK]的台湾省宜兰县著名书画家"中[MASK]位置的文本是：	出生于1947
"1  《四季情歌》[MASK] 曲：谷建芬"中[MASK]位置的文本是：	  词：溪水 
"王晓刚，毕业于华东师范大学，于[MASK]管理师（城轨车站）》专业的职业等级开发，培训方案策划，培训计划制定，考核方案等"中[MASK]位置的文本是：	上海轨道交通培训中心任职，多年轨道交通行业设备工作经验，主要负责国内唯一劳动和社会保障局《智能楼宇
"九夜茴在《匆匆那年》中的文字，也已经成为对当代“[MASK]”的最好描述"中[MASK]位置的文本是：	80后
"孙权东吴太祖大皇帝孙权（[MASK]富阳），生于下邳（治今江苏睢宁西北）"中[MASK]位置的文本是：	182－252），字仲谋，祖籍吴郡富春（今浙江
"苏州市湖南商会于2007年9月17日正式成立，其[MASK]湖南企业协会"中[MASK]位置的文本是：	原名为苏州市
"秦皇岛天之翼网络[MASK]互联网信息服务工作，致力于专业的大型网站建设，软件开发，系统集成，公司以自己的美工设计、应用理念自成风格，得到了广大用户的信赖与认可"中[MASK]位置的文本是：	有限公司，公司始创2003年主要从事
"专辑[MASK] 爱情树 张智成"中[MASK]位置的文本是：	曲目1
"其中有一期，李湘是主咖，李湘自己自嘲的时候是这样说的，很多网友都说我胖[MASK]都胖，难道你说了我们就能瘦了吗"中[MASK]位置的文本是：	，说我们家王诗龄胖，还说我们家王岳伦胖，我们一家三口
"《爱的霸道》是内地女歌手吴婷最新专辑[MASK]专辑其中的一首新歌"中[MASK]位置的文本是：	《开始爱上你》
"歌曲《未知的精彩》选自孙燕姿专辑《[MASK]2004年华纳唱片出版并发行"中[MASK]位置的文本是：	Stefanie》，由小寒作词，黄韵仁作曲，
"《[MASK]备考优化方案》是2007年法律出版社出版的图书，作者是李仕春"中[MASK]位置的文本是：	2008年国家司法考试
"灰麝鼩台湾亚种是主要分布于台湾岛中部的脊索动物[MASK]"中[MASK]位置的文本是：	门哺乳纲食虫目物种
"feynman吴费曼（feynman），2008年9[MASK]与王丽萍之子"中[MASK]位置的文本是：	月27日出生于中国香港，演员吴镇宇
"说起吉卜力工作室，有深度有广度应该是许多漫迷公认的标签因为它反映在[MASK]三鹰之森吉卜力美术馆（一个以吉卜力工作室生产的动画片为依托的主题公园）国际上的动画往来（宫崎骏很热爱英国阿德曼工作室的动画作品，在2006年他们终于进行了东西方动画领域的高端会面），以及来自民间的各种致敬戏仿三鹰之森吉卜力美术馆这里，《千与千寻》、《幽灵公主》、《龙猫》等等经典人物都在现实中穿梭起来"中[MASK]位置的文本是：	其故事，在至纯至善之下埋藏着人文关怀和社会使命，另一方面也在于它的作品在动画片这一主导产品之外，所衍生出的诸多文化链它的手办玩偶当然也是一个代表性的物件
"《为何仍然未醉》是一首由林夕作词、王杰作[MASK]在专辑《人在风雨中》"中[MASK]位置的文本是：	曲并演唱的粤语歌曲，收录
"《[MASK]是林忆莲演唱的一首歌曲，收录在专辑《看吧"中[MASK]位置的文本是：	宠爱》
"《太极内功[MASK]是2008年人民体育出版社出版的图书，作者是钱惕明"中[MASK]位置的文本是：	心法全书（上卷）》
"《万里长城》是2014年[MASK]执导，亨利·卡维尔 、章子怡等主演"中[MASK]位置的文本是：	上映的美国、中国悬疑剧情电影，由爱德华·兹威克、张艺谋
"《伤心证明书》是陈奕迅的[MASK]《婚礼的祝福》专辑中"中[MASK]位置的文本是：	音乐作品，收录在
"简介孙元林，男，武进人，1947年[MASK]"中[MASK]位置的文本是：	2月生，高级经济师
"《贴身校花》改编自带玉小说《我的贴身校花》。该剧由搜狐视频、上海丝芭影视联合[MASK]、杨韫玉，赵顺然，经超等"中[MASK]位置的文本是：	出品，于2016年3月正式开始，主要演员为SNH48张语格、李艺彤、吴哲晗
"齐彤，男，汉族，生于1968年10月[MASK]7月参加工作，中共党员，本科学历"中[MASK]位置的文本是：	，山东人，1991年
"冯小刚对自己拍《夜宴》的解释非常[MASK]》，是满足了我自己的一个私欲"中[MASK]位置的文本是：	直白：“《夜宴
"《师叔个个不斯文》是连载于新浪读书的一本网络小说，作者是皇焱儿，该小说讲述了[MASK]招来门派的争斗的故事"中[MASK]位置的文本是：	废材女弟子想学御剑飞行，却
"邓庚一，男，汉族，中共党员，娄底地区优秀[MASK]学校副校长，高级讲师"中[MASK]位置的文本是：	教育工作者，娄底市农机化
"双辽薹草（原变种），属莎草目莎草科薹草[MASK]"中[MASK]位置的文本是：	亚科薹草属
"太仓市南丰汽车附件有限公司于2008年02月29[MASK]"中[MASK]位置的文本是：	日在太仓市市场监督管理局登记成立
"[MASK]月01日在海淀分局登记成立"中[MASK]位置的文本是：	北京理工中兴科技股份有限公司于1992年12
"[MASK]爱情喜剧，由张乾文监制，万绮雯、李思捷、梁烈唯及朱晨丽领衔主演"中[MASK]位置的文本是：	《八卦神探》是2014年香港电视广播有限公司的出品一部时装
"爱深埋珊瑚海4歌曲[MASK]男女对唱K歌新指标"中[MASK]位置的文本是：	鉴赏周杰伦与梁心颐清新组合，深情创造
"6幕后花絮《我家有喜[MASK]"中[MASK]位置的文本是：	》万茜李佳航上演神雕侠侣
"2007年6月19日晚6点30分黑龙江信息技术职业学院大学生[MASK]江南校区举行"中[MASK]位置的文本是：	艺术团成立汇报演出在
"苗振明，男，祖籍山东省武城县，[MASK]边陲、魅力城市齐齐哈尔市"中[MASK]位置的文本是：	一九七二年六月出生于北国
"牧童，男，蒙古族，1957年3月生，53岁，1974年9月参加[MASK]成员，副厅长"中[MASK]位置的文本是：	工作，1985年2月入党，齐齐哈尔师范学院汉语言文学专业大学毕业，黑龙江省教育厅党组
"张艺谋是我国很出名的导演，他曾经导演的商业片，《十面埋伏[MASK]》，都曾刷新过中国票房纪录，张艺谋作为一代名导演，捧红了无数的女星"中[MASK]位置的文本是：	》，《满城尽带黄金甲
"刘毅然早期主要导演拍摄中国现代文学名著系列电视作品，现阶段的作品主要反映和涉及中国社会发展的[MASK]明烛照天烧》等对今中国社会产生了极大的影响"中[MASK]位置的文本是：	事件，他执导的《我亲爱的祖国》《星火》《风声鹤唳》《苍天》《毛岸英》《纸船
"推荐书目[MASK] 奶娘》作者：申晓 著出版社：上海人民出版社推荐理由：申晓，当代作家，陕北米脂人"中[MASK]位置的文本是：	：《
"李次华（1901年7[MASK]日1），又名光亮、光浪，出生于四川省梁山县（今重庆市梁平县）太平乡"中[MASK]位置的文本是：	月28日—1930年10月4
"《革命人永远是年轻》是于文华、魏金栋演唱的歌曲，该[MASK]—中国歌剧金曲》"中[MASK]位置的文本是：	首歌曲出自于1995年01月01日发行的专辑《红梅赞
"在《爸爸带娃记》中，陈小春带着Jasper一[MASK]的粉丝跟拍，到车上的时候陈小春问Jasper：你知不知道为什么他们要拍照"中[MASK]位置的文本是：	出现就被很多喜欢他们
"[MASK]和李亚鹏的女儿李嫣都与乐队合作了人生中的第一首单曲"中[MASK]位置的文本是：	这时，窦靖童已经成了年轻一代的标志性偶像，王菲
"郭鹤年被福布斯归入马来西亚首富，华人富豪榜第四位[MASK]酒店、办公室、南华早报集团、香格里拉酒店集团等等"中[MASK]位置的文本是：	，旗下资产最大部分都在香港，包括大量的香港豪宅、商场、
"《龙神都市录》[MASK]的网络小说，发表于17K小说网"中[MASK]位置的文本是：	是流雨有痕创作
"最后是品牌知名度，这一点欧米茄无疑胜出，这个1848年创立的老牌历史上有着[MASK]上的也是耳熟能详了"中[MASK]位置的文本是：	太多的辉煌时刻，在表坛
"1999年，李克勤[MASK]收录在《一年半载》专辑中"中[MASK]位置的文本是：	签约环球唱片，《月半小夜曲》再次
"《拥抱星星的月亮》是[MASK]有限公司出品的都市情感剧，由丁黑执导，辛芷蕾、唐曾、代旭、李沁谣、李岷城、盛冠森、奚望、周宸佳主演1"中[MASK]位置的文本是：	浙江唐德影视股份
"[MASK]一名乌拉圭籍足球运动员，球场位置是后卫"中[MASK]位置的文本是：	M·皮里斯是
"更好歌曲歌词流向[MASK]作词：吴向飞"中[MASK]位置的文本是：	巴黎
"《后知后觉》收录于张惠妹1998[MASK]牵手》中，张雨生作词、作曲，原唱为张雨生"中[MASK]位置的文本是：	年发行的个人第四张专辑《
"[MASK]招振强执导的武侠动作片，由米雪、何家劲等主演"中[MASK]位置的文本是：	《金剑神传》是由
"瓦伦西亚列蛞蝓拉丁学名[MASK]属于动物界柄眼目，中文异名鼻涕虫，原产地欧洲的伊比利亚半岛和非洲西北部"中[MASK]位置的文本是：	是Lehmannia valentiana Ferussac，
"1[MASK]大陆的业务主体据悉，富士康股份为鸿海精密集团在大陆的业务主体，鸿海精密是郭台铭创立于1974年的世界电子产业科技制造服务商"中[MASK]位置的文本是：	富士康为鸿海精密集团在
"朱凡，原名陆慧卿，祖籍浙江宁波，后[MASK]上海"中[MASK]位置的文本是：	举家迁居
"”[MASK]到黑龙江的高校当了老师，主讲中国史，这一干就是20余年"中[MASK]位置的文本是：	  年从东北师范大学毕业后，隋丽娟直接
"《夺命之爱》[MASK]的澳大利亚恐怖影片"中[MASK]位置的文本是：	由西恩·布叶尼执导
"王齐舆，字之孟，南宋两浙东路台州宁海县东隅（今浙江省[MASK]人"中[MASK]位置的文本是：	宁波市宁海县城东）
"《德语口语教程第一册[MASK]教育出版社出版的图书"中[MASK]位置的文本是：	》是2007年上海外语
"杨幂作为我们头条中经常出现[MASK]糯米确实是小心爱护，不让孩子暴露在媒体镜头前，让孩子普通安全的成长，对于大幂幂这样的做法是值得点赞的"中[MASK]位置的文本是：	的主要人物，面对女儿小
"查特莱来自比利时，他的英文名是ThomasChatelle，出生于1981年3月31日，身高为176厘米，体重是73kg，他的职业是足球[MASK]球队:圣图尔登，场上位置:中场"中[MASK]位置的文本是：	运动员，球衣号码:12，效力
"《你快回来[MASK]内地男歌手孙楠演唱的歌曲，刘沁词曲"中[MASK]位置的文本是：	》是中国
"[MASK]一部穿越架空类作品，作者是墨浅忻"中[MASK]位置的文本是：	《唯爱，梦清颜》是在潇湘书院连载的
"[MASK]贝宁主持的，专门探讨青少年的节目，对青年有很大的教育意义"中[MASK]位置的文本是：	《开讲啦》是撒
"《不要让我太疯狂》是由[MASK]，黄美珍演唱的一首歌曲"中[MASK]位置的文本是：	吴易纬作词，雅祢而作曲
"《惊天魔盗团》是由路易斯·莱[MASK]、艾拉·菲舍尔、戴夫·弗兰科、摩根·弗里曼等主演的魔术犯罪片"中[MASK]位置的文本是：	特里尔执导，杰西·艾森伯格、伍迪·哈里森
"摩多[MASK]2015年8月24日在厦门市思明区市场监督管理局登记成立"中[MASK]位置的文本是：	（厦门）科技有限公司于
"《花甲[MASK]康康、柯叔元、王彩桦、严正岚等主演的电视剧，2017年5月26日于台湾播出"中[MASK]位置的文本是：	男孩转大人》是一部由瞿友宁、李青蓉执导，卢广仲、龙劭华、
"导演[MASK]到这部《内布拉斯加》，我们一次又一次的看到亚历山大·佩恩让各式各样的男人们上路，让他们或感伤或疯狂或缱绻或纠结的在旅途中带着观众在旅途中最终收获内心的宁静"中[MASK]位置的文本是：	亚历山大·佩恩显然在《内布拉斯加》里延续着自己一贯的“在路上”主题，从《杯酒人生》《关于施密特》《后裔》再
"中船海装（[MASK]新能源投资有限公司于2012-10-08在海淀分局登记成立"中[MASK]位置的文本是：	北京）
"柑橘土粉蚧产于日本[MASK]粉蚧科"中[MASK]位置的文本是：	, 美国，属于同翅目，
"《天才宝贝》是由PrimeEntertainment公司于2008年8月发行的一部喜剧电影，由金镇英执导，张根硕、文梅森、[MASK]"中[MASK]位置的文本是：	吴光禄等主演
"贾青，出生于陕西西安，毕业于上海师范大学谢晋影视艺术学院，影视女演员、歌手，最近和张翰主演的《传奇大亨》正在热播穿紫色礼服的贾青做在[MASK]，吊带都想撑不起来的感觉笑起来的贾青非常清纯可人颈部的珍珠项链很是亮眼"中[MASK]位置的文本是：	沙发上，紫色代表高贵典雅，非常符合贾青的气质不过贾青好像有点太瘦了
"孙悟空是中国明代小说家吴承恩的著作《西游记》中的[MASK]徒弟，猪悟能、沙悟净的大师兄"中[MASK]位置的文本是：	角色之一，诨名行者，是唐僧的大
"司徒慧如，女，毕业[MASK]华东医院的副主任医师，擅长喉、鼻内窥镜、纤维喉镜、老年性耳聋检查和治疗"中[MASK]位置的文本是：	于上海市第二医科大学，现为上海
"《网游之最高权限》是邪[MASK]妖雀创作的网络小说，发表于起点网"中[MASK]位置的文本是：	鸦
"浮躁的时代，需要的是书的沉淀NO.1寂寞的游戏作者: 袁哲生出版社: 北京联合出版公司出品方: 后浪出版年: 2017-9页数: 248定价: 38.00元装帧: 平装丛书: 后浪·华语文学ISBN: 9787559604170豆瓣评分 8.6※内容简介※在这一本由七篇短篇小说组成的《寂寞的游戏》中，袁哲生通过各种[MASK]捕捉寂寞这种“生而为人必定面临的困境感”，字里行间处处散发孤独的感觉"中[MASK]位置的文本是：	不同的人际情感，例如父母与儿子之间的亲情，年少时同学之间的友情，或是两人结婚多年的夫妻之情，一再地去
"秦岭细鳞鲑秦岭细鳞鲑属鱼[MASK]属"中[MASK]位置的文本是：	纲、鲑形目、鲑科、细鳞鲑
"《悬崖上的金鱼公主》由宫崎骏导演[MASK]2008年7月19日在日本首映"中[MASK]位置的文本是：	、编剧，吉卜力工作室制作的长篇动画电影，影片于
"《[MASK]一首原唱歌曲，由姚谦作词、闻震作曲、黄毅编曲，首次收录在孟庭苇2006年9月发行的《幸福感》专辑中"中[MASK]位置的文本是：	天使之歌》是台湾歌手孟庭苇的
"《我最想要的感恩故事全集》 是2011[MASK]，作者是赵永红"中[MASK]位置的文本是：	年地震出版社出版的图书
"[MASK]albinulla （Wu，1994），是鳞翅目祝蛾科白斑祝蛾属的一种昆虫"中[MASK]位置的文本是：	无白祝蛾，Thubana 
"《听见西藏》作者[MASK]月法鼓文化"中[MASK]位置的文本是：	邱常梵，2006年10
"除了这个，倪虹洁的当时的演技其实也不怎么样，虽然是颜值担当，但是[MASK]之后的倪虹洁更是“销声匿迹”，不是没有拍戏，而是真的很难火起来"中[MASK]位置的文本是：	气场被主演们力压，认真回想一下，是不是当时倪虹洁的气场根本比不过那群主演~《武林外传》
"《你是我爱的那个人》来自专辑男人的眼泪，2008-03-[MASK]"中[MASK]位置的文本是：	14发行，原唱刘嘉亮
"《盗墓寻梦》是百度文学旗下纵横中文网签约作家[MASK]小说已于2014-05-21正式发布"中[MASK]位置的文本是：	西门郎创作的一部恐怖惊悚小说，
"《死亡的秘密》[MASK]的小说，作者是残花易雪"中[MASK]位置的文本是：	是在17k小说网连载
"《名人名言（珍藏版） （平装[MASK]言实出版社出版的图书，作者是延边人民社"中[MASK]位置的文本是：	）》是2003年中国
"《爱的风暴》（日语：新・爱の岚），又译作《新·爱的风暴》是东海电视台[MASK]同名电视剧的重拍版"中[MASK]位置的文本是：	制作、2002年夏季起在富士电视台首播的电视剧，是1986年夏季播出的
"门德志，男，1950年[MASK]河北省香河县渠口镇石虎辛庄村人"中[MASK]位置的文本是：	2月18日出生，汉族，中共党员，
"康里巎巎（nao，二[MASK]（1295～1345）蒙古族（康里部），元代著名少数民族书法家"中[MASK]位置的文本是：	声)
"世界鬼才音乐人周杰伦[MASK]单曲《世界末日》"中[MASK]位置的文本是：	写词谱曲编曲制作
"今天就来说说这位“七料”的香港小姐--郭羡妮，[MASK]你们不怎么熟悉，但是她成名之作《寻秦记》，剧中饰演秦青和琴清"中[MASK]位置的文本是：	虽然提到名字也许
"粘虫缺须寄蝇，Cuphocera varia Fabricius，[MASK]科缺须寄蝇属"中[MASK]位置的文本是：	为双翅目寄蝇
"一分钟医学速记——协和医学博士的漫画笔记作者舒畅，本书以漫画[MASK]的趣味性和实用性，对于医学学习方法有一定启发性"中[MASK]位置的文本是：	为主导，辅助医学入门者对临床医学中重要而又困难的知识点进行记忆，具有较高
"在1964年上演的大型音乐舞蹈史诗《东方红[MASK]，王昆则是《农友歌》的演唱者"中[MASK]位置的文本是：	》中，周巍峙担任总指挥部的领导工作
"《末路》是符琼音演唱的[MASK]《不摇滚小姐》"中[MASK]位置的文本是：	一首流行歌曲，所属专辑
"《洪门大佬》是2002年中国[MASK]，作者是祝广义 潘毅"中[MASK]位置的文本是：	华侨出版社出版的图书
"久贝正方1（[MASK]1719"中[MASK]位置的文本是：	1651-
"大张伟大张伟在某年春晚上歌曲《倍儿[MASK]感谢导演组给机会，也诚实的回答记者的问题，没有一丝逃避"中[MASK]位置的文本是：	爽》被指出假唱，氮素大张伟大方承认，还
"《现代语言学流派》[MASK]4"中[MASK]位置的文本是：	，陕西人民出版社，1987年版
"《西游记》作为我国的[MASK]是无数人童年最美好的记忆，该剧也成为难以超越的经典"中[MASK]位置的文本是：	四大名著之一，1986年由导演杨洁搬上荧幕，
"心灵集团是王辉的一个事业，今生[MASK]慢慢奋进"中[MASK]位置的文本是：	一定要做，一直在
"《第一次不是你》是中国香港2013年上映的爱情电影，[MASK]，马志威、蒋家旻等主演"中[MASK]位置的文本是：	由叶念琛执导
"《只有你听得到CALLING YOU》作者是都筑 [MASK]乙一，由台湾角川于2005年5月2日出版"中[MASK]位置的文本是：	せつり / 
"《拯救地球和人类未来》是1993年中国社会科学出版社出版的图书，作者是宋祖良，本书探讨了海德格尔面临技术时代的大灾难,在艺术、诗、语言、古希腊哲学和中国古代哲学方面所作的独特研究,介绍了他的[MASK]接收的艰难跋涉过程"中[MASK]位置的文本是：	思想从极端寂寞状态到被世人普遍
"[MASK]粉蚧中文目名是同翅目，中文科名是粉蚧科"中[MASK]位置的文本是：	小蛇
"1994年，叶惠[MASK]毕业没多久就选择创业"中[MASK]位置的文本是：	全刚从暨南大学
"83版《射雕英雄传》制作期间，不但挖掘出诸如杜琪峰、刘德华、周星驰等无数日后成为香港影视界中流砥柱的人物，更诞生了《铁血丹心》《[MASK]唱不衰的经典"中[MASK]位置的文本是：	世间始终你好》等传世金曲，再经罗文、珍妮等人的演唱，成为了久
"马自庵（[MASK]人，1956年任四川省人民政府参事室参事"中[MASK]位置的文本是：	1892～1957）别名马骥，四川成都市
"人物[MASK]舒城县人，中共党员，1967年11月出生，省委党校研究生学历"中[MASK]位置的文本是：	简介韦生群，男，汉族，
"[MASK]21日，原包含广汽传祺、广汽长丰、广汽中兴以及广汽吉奥四大版块"中[MASK]位置的文本是：	”广汽乘用车成立于2008年7月
"中华松干蚧（Matsucoccus sinensis）是动物界、节肢动物门、[MASK]、松干蚧属的一种"中[MASK]位置的文本是：	有颚亚门、六足总纲、昆虫纲、有翅亚纲、同翅目、蚧总科、硕蚧科
"基本信息中文片名：生死一线间  国家/地区：中国  类型：励志，网络剧  导演：谢铜  集数：30集演员表剧情简介80年代初，江城市老检察长苏东来的女儿苏方圆继承父志，考上了江城检察院，为此卷入了[MASK]"中[MASK]位置的文本是：	上一代人的爱恨情仇，不得不与初恋情人分手
"黑龙江傲立辅龙科技开发有限公司于2008年2[MASK]成立"中[MASK]位置的文本是：	月28日在哈尔滨市市场监督管理局开发区分局登记
"《明迪烦事多1》[MASK]9月25日在FOX首播的美国情境喜剧"中[MASK]位置的文本是：	（英语：The Mindy Project）是于2012年
"《征服英语6000词》是2002年世界图书出版公司[MASK]张翔"中[MASK]位置的文本是：	北京公司出版的图书，作者是
"[MASK]竹桑  作词 商连  作曲 徒有琴  编曲 徒有琴  混音 徒有琴 Mr"中[MASK]位置的文本是：	主创人员霜刀听雪  ____《竹梦令》之酣梦  演唱 Tacke
"这张专辑收录了《双星情歌》、《等玉人》等具有中国小调味道的情歌 ，[MASK]第一首在英国BBC电台以及香港电台英文台播放的中文歌曲"中[MASK]位置的文本是：	专辑同名主打歌《鬼马双星》由许冠杰创作，并且是
"《挥霍爱人的耐性》是由[MASK]寂寞又美丽（新歌+精选） Cd1》专辑中"中[MASK]位置的文本是：	台湾歌手 江美琪演唱的一首流行歌曲，收录于《又
"《超实用健康美腿操》是2006年上海文化出版社出版的图书[MASK]王翡"中[MASK]位置的文本是：	，作者是葛苓，周睿，
"[MASK]》是作者柳小尘在17k小说网发表的一部小说"中[MASK]位置的文本是：	《战甲侠
"《醉颜红尘》根据[MASK]长篇小说改编而成，由芦芳生，袁志博，李健，沈保平等主演"中[MASK]位置的文本是：	商丘市作家张小莉同名
"披着狼皮的羊是一首中文的歌曲，所属[MASK]《光棍好苦》，发行时间：2006-09-01"中[MASK]位置的文本是：	专辑：
"7.东鹏东鹏洁具是国内最早从事[MASK]企业之一，成立于1994年"中[MASK]位置的文本是：	卫浴产品生产的
"邳州市艺道画室以培训美术高考、少儿美术、成人兴趣美术为主，全名邳州艺道[MASK]2015年，旗舰校位于邳州宏大集美广场3楼"中[MASK]位置的文本是：	文化传播有限公司，成立于
"《龙门飞甲》是徐克导演[MASK]"中[MASK]位置的文本是：	的败笔之作吗
"杨忠死后，儿子杨坚承袭[MASK]随国公"中[MASK]位置的文本是：	父爵，也成了
"詹巍，男，汉族，1974年10月出生，浙江[MASK]于华东政法学院经济法专业并获法学学士学位"中[MASK]位置的文本是：	乐清人，1994年1月加入中国共产党，1996年7月毕业
"让家溪乡学校位于溆浦县的北部，与安化、沅陵两县交界，座落在怀化市最高峰的圣人山脚下[MASK]"中[MASK]位置的文本是：	，占地面积5600m，建筑面积3500m,距县城40余公里，乡级水泥公路直通学校大门，交通便利
"第七名：[MASK]影业、烈火影业等联合出品的警匪片，由文伟鸿执导，王晶、乐易玲监制，关皓月担任编剧，古天乐、张家辉、吴镇宇、佘诗曼、许绍雄、李光洁、张慧雯等主演"中[MASK]位置的文本是：	《使徒行者》《使徒行者》是由嘉映影业、邵氏兄弟国际
"在宋美龄一生中，凡大型国际舞台[MASK]的杀手锏，连蒋介石都感叹：“夫人的力量，抵得过二十个陆军师”"中[MASK]位置的文本是：	与会议，她精致的衣着与装束，每每都成为她取得焦点
"李洵，]字路周，号古[MASK]，广西永福人"中[MASK]位置的文本是：	渔
"--1952年，盐湖城第一家被授权[MASK]这便是世界上餐饮加盟特许经营的开始"中[MASK]位置的文本是：	经营的肯德基餐厅建立了，
"玄武门之变是唐高祖武德九年[MASK]年7月2日，由当时唐高祖李渊次子秦王李世民，首都长安城大内皇宫的北宫门——玄武门，发动的一次流血政变"中[MASK]位置的文本是：	，公元626
"48.[MASK]野餐》，被许多影评人认定为是当年最好的国产电影之一"中[MASK]位置的文本是：	《地球最后的夜晚》2016 年，青年导演毕赣的《路边
"花颜（同名书籍）《花颜》是新世界出版社出版的小说，作者是匪我思存，小说讲述[MASK]都市，所有荡气回肠的故事里，离爱情奥秘最近的一本书"中[MASK]位置的文本是：	了从古代到
"1925[MASK]创立了“越南青年革命同志会”"中[MASK]位置的文本是：	年 5月，胡志明在广州
"《避免“中等收入陷阱”：探寻中国未来的增长源泉》是2012年[MASK]蔡昉"中[MASK]位置的文本是：	社会科学文献出版社出版的图书，作者是
"徐凤明，男，汉族，湖北潜江人，1976年7月参加[MASK]人民检察院党组成员、办公室主任、检委会委员、四级高级检察官"中[MASK]位置的文本是：	工作，1982年8月加入中国共产党，江苏工业学院法学专业毕业，本科学历，潜江市
"于[MASK]，汉族，辽宁大学工商管理学院工会主席"中[MASK]位置的文本是：	锦华，性别女
"段海清，男，汉族，湖南省郴州市苏仙区人，1960[MASK]工作，1985年8月入党，湖南省委党校行政管理大专毕业"中[MASK]位置的文本是：	年10月出生，1984年8月参加
"失音的过去是[MASK]单曲"中[MASK]位置的文本是：	颖宝儿的一首
"《潮起潮落》是1992年的中国电视剧，[MASK]"中[MASK]位置的文本是：	由李幼斌、赵奎娥等主演
"[MASK]的上海市浦东新区航头路，厂区环境怡人"中[MASK]位置的文本是：	上海衡世光电科技有限公司位于风景秀丽
"米仁尼沙·亚力坤，女，维吾尔族，1978年11月出生，现任喀什市第十八[MASK]"中[MASK]位置的文本是：	小学教师
"《茶事精品系列:茶味的初相+茶21席》是[MASK]古武南"中[MASK]位置的文本是：	2013年5月1日安徽人民出版社出版的图书，作者是
"《犀利仁师》是海润影视、浙江[MASK]担任投资出品人12、总监制和男主角2，并为《犀利仁师》演唱主题曲和片尾曲34，刘诗诗担任女主角"中[MASK]位置的文本是：	东阳稻草熊影视文化有限公司、海润影视吴奇隆工作室联合出品制作的大型古装励志喜剧，由吴奇隆
"红岩螺是一种新腹足目、骨螺科类[MASK]，体螺层膨大"中[MASK]位置的文本是：	生物，贝壳近乎椭圆形，螺塔小，螺旋部中等大小
"《四十五度风微凉》是安凉[MASK]，发表于17K小说网"中[MASK]位置的文本是：	妹妹创作的网络小说
"《英语写作教程-[MASK]批判思维》是2010年出版的图书，作者是张在新"中[MASK]位置的文本是：	从创新思维到
"奥古因[MASK]籍足球运动员，现效力于梅里比拉，在场位置为后卫"中[MASK]位置的文本是：	（CristianOlguin），智利
"《离婚官司》是2007年[MASK]电视剧，由张元龙执导，李晨、孙淳、丁梦雨、陈莉娜主演"中[MASK]位置的文本是：	出品的
"中国民族旅行社成立于1990年，直属于[MASK]，是中国旅游协会会员、中国旅行社协会理事单位"中[MASK]位置的文本是：	中国最大的旅游集团，首都旅游集团
"[MASK]年中国时代经济出版社出版的图书"中[MASK]位置的文本是：	《酒店业从业经验》是2005
"”低调的“小邓书记”公开资料显示，2007年，22岁的邓卓棣从北大毕业[MASK]过一段时间"中[MASK]位置的文本是：	后，到美国杜克大学学习一年，获得法学硕士学位，此后在美国伟凯律师事务所工作
"《为爱出走》是杭天琪演唱的一首[MASK]编曲"中[MASK]位置的文本是：	歌曲，魏锦胜作词，黄健忠作曲，颜小健、余威
"一切文化都会沉淀为人格——河南教师读书会第111期记录书名：《中国文脉》作者：余秋雨出版社：长江文艺出版社1文脉与人脉马祥勇：余秋雨先生说：[MASK]生命潜流和审美潜流"中[MASK]位置的文本是：	“中国文脉，是指中国文学几千年发展中最高等级的
"个人简介艾青[MASK]，男，回族，河南叶县人"中[MASK]位置的文本是：	山
"2013年[MASK]刘猛执导的军旅励志剧《特种兵之火凤凰》，饰演卧底侦察员安"中[MASK]位置的文本是：	，出演
"戴英培，1962年1月出[MASK]，汉族"中[MASK]位置的文本是：	生于上海市
"《产前产后宜与忌[MASK]农民出版社出版的一本图书，作者是刘文希"中[MASK]位置的文本是：	一本通》是2010年中原
"张家口鑫荣路桥工程有限公司于2007年6月[MASK]在张家口经济开发区工商行政管理局登记成立"中[MASK]位置的文本是：	6日
"由上海话剧艺术中心倾力制作，知名导演何念执导的“戏剧大师”[MASK]"中[MASK]位置的文本是：	曹禺先生著作《原野》将在重庆登台
"[MASK]志》是2000年出版的图书，作者是张青"中[MASK]位置的文本是：	《洪洞大槐树移民
"大连巧客餐饮管理有限公司于2014年04月28日在大连市中[MASK]"中[MASK]位置的文本是：	山区市场监督管理局登记成立
"唐鑫，山东潍坊人，生于1988年11月28日，就读于内蒙古民族大学美术[MASK]，喜欢冒险"中[MASK]位置的文本是：	学院，他性格幽默、活泼、开放 
"灰岩香茶菜（原变种）是属唇形目（Lamiales）、唇形科（Labiatae[MASK]"中[MASK]位置的文本是：	）的植物
"《幸福的抉择》是由[MASK]广告有限公司联合出品的爱情剧，由郑伟文执导，刘心悠、蓝正龙、杨贵媚、邵美琪等主演"中[MASK]位置的文本是：	台湾TVBS与吉羊
"《匈奴最后一个风水师》是[MASK]于17k小说网"中[MASK]位置的文本是：	陈嘉嵘写的网络小说连载
"吕不韦在赵国[MASK]，后改名子楚，即秦庄襄王），认为奇货可居，决定帮助异人连络秦国王室，接返秦国"中[MASK]位置的文本是：	经商时，偶然结识秦国交给赵国的王室人质异人（秦始皇之父
"直到贾乃亮发布[MASK]，字里行间默认了李小璐出轨的事实"中[MASK]位置的文本是：	声明
"简介中文学名：红翎菜科  拉丁学名：Solieriaceae  门：红藻门 Rhodophyta  目：杉藻[MASK]内容Solieriaceae  藻类植物，属红藻门"中[MASK]位置的文本是：	目 Gigartinales  科：红翎菜科基本
"《梦银河》是由仁井谷俊[MASK]）演唱的歌曲"中[MASK]位置的文本是：	也填词，氷川きよし（冰川清志
"林俊杰，03年第一张乐行者，之后04年第二天堂中的江南，个人觉得是唯一可以和七里香，我的[MASK]年的西界反响不够好，但08年的JJ陆扳回了一些，不潮不花钱，小酒窝和期待爱都加了不少分，10年的她说开启了林一年一首情歌的道路，之后林的歌仍然保持着较高的水平，在10年前热度也是高过陈奕迅的，而之后我个人觉得两人差不多，林的现场很不错"中[MASK]位置的文本是：	地盘过过招的歌，也是从这一曲开始林的热度涨的飞快，05年的编号89757，一千年以后，06年的曹操，原来，不死之身，这3年我最盼着的就是周和林每年的新专辑，07
"《步步惊魂》是汪海林自导、参与编剧[MASK]、肖涵联决主演"中[MASK]位置的文本是：	的电视剧，由牛青峰、熊乃瑾、朱泳腾、姜华
"《万能神典》是白昼的黑山羊[MASK]的网络小说，发表于17K小说网"中[MASK]位置的文本是：	创作
"采访人：兰州晨报/掌上兰州记者 武永明受访人：[MASK]博士，您对这个第一号怎么看"中[MASK]位置的文本是：	中科院高能物理研究所研究员、中国第一号博士马中骐记者：从学位证书上看，您是中国第一号
"《小学生数学[MASK]的一本图书，由哈尔滨出版社于2003-01-01出版"中[MASK]位置的文本是：	应用题大全》是刘 英 刘所著
"披针瓣橙黄虎耳草，[MASK]，菫菜目，虎耳草科，虎耳草属"中[MASK]位置的文本是：	属于被子植物门，双子叶植物纲
"简介[MASK]节颈鱼目的典型代表"中[MASK]位置的文本是：	尾骨鱼是盾皮鱼纲
"《可惜阴晴圆缺》是曾一鸣演唱的一首歌曲，由王未[MASK]在曾一鸣2014年的原创专辑《神通》中1"中[MASK]位置的文本是：	作词、曾一鸣作曲，收录
"该剧改编自张恨水所著的同名[MASK]"中[MASK]位置的文本是：	小说《纸醉金迷》
"而韩兆在拍《杨光的快乐生活》之前就是一个小人物，也许是看中韩兆的编剧才华，[MASK]合作了"中[MASK]位置的文本是：	所以两人就这样
"《菜鸟阎王》是北京[MASK]、王一鹏编剧、周凯文、于芷晴、魏雨萱、王欣如、陈雅森等领衔主演"中[MASK]位置的文本是：	东远政和影视有限责任公司出品的喜剧片，由陈虎监制、子文导演
"图为：2006年[MASK]是华夏视听环球传媒（北京）股份有限公司出品的古装、爱情题材电视剧，由于敏执导，黄晓明、刘亦菲领衔主演，王洛勇、孔琳、孟广美、钟镇涛、陈紫函、杨幂等联袂主演"中[MASK]位置的文本是：	黄晓明、刘亦菲版《神雕侠侣》，
"[MASK]11月出生，中共党员，陕西韩城人，出生地甘肃兰州，省委党校大学学历"中[MASK]位置的文本是：	焦伟， 男，汉族，1957年
"《人到四十》是2011[MASK]作者是彭三源"中[MASK]位置的文本是：	年北京航空航天大学出版社出版的图书，
"李娜1963年7月25日生于河南，后凭借《青藏高原》、《好人一生平安》、《苦篱笆》、[MASK]近年来点歌率最高、流行时间最长的一首歌曲，在短短的十年歌唱生涯里，她先后为160多部影视作品配唱了200多首歌曲"中[MASK]位置的文本是：	《嫂子颂》、《女人是老虎》、《走进西藏》等歌曲火遍大江南北，成为家喻户晓的著名歌手，而她《好人一生平安》和《可藏高原》，堪称
"布莱恩·奥恩比，1990-07-16生于美国，足球运动员，所属[MASK]身高：180cm，体重：75kg，场上位置：中场，球衣号码：22"中[MASK]位置的文本是：	球队：休斯顿迪纳摩，
"李京生，男，汉族，1964年6月生，山东东平人，1990年4月[MASK]毕业，市委党校在职研究生（北京市委党校行政法专业）"中[MASK]位置的文本是：	入党，1980年11月参加工作，北京市公安学校政法专业中专
"2总体评价作为中国第六代导演代表人物之一，上世纪90年代引领都市[MASK]《冬日爱情》《呼我》等一系列契合时代节奏的优秀影片"中[MASK]位置的文本是：	电影的标杆式先锋导演，阿年曾经拍出了《感光时代》《中国月亮》
"同时，湖南省纪委已对常德市[MASK]）在刘琼提拔任用过程中是否施加职务影响的有关情况进行调查"中[MASK]位置的文本是：	人大常委会原主任刘本之（刘琼父亲，已退休
"张虎生，男，1960年6月[MASK]平定县人，中共党员"中[MASK]位置的文本是：	出生，汉族，山西省
"北京石油学院附属中学，简称石油附中，是一所含初中、高中的优质公立完全中学，[MASK]的人文地理优势，为办学提供了良好的社区环境和丰富的科学文化资源"中[MASK]位置的文本是：	位于海淀区高校林立的学院路，具有独特
"《无上圣君》是百度[MASK]东方玄幻小说，小说已于2014-10-13正式发布"中[MASK]位置的文本是：	文学旗下纵横中文网签约作家邪灵子创作的一部
"其实之所以蒋经国会提出这个决议案跟大陆的推动也是分不开的，当时中央曾派人去[MASK]也摸不着头脑，不知道究竟要干嘛"中[MASK]位置的文本是：	蒋介石的故居拍摄了一部关于蒋介石的纪录片，当时负责拍摄的人
"紧接着参演了成龙主演的中印[MASK]》，饰演戏中张国立的女儿"中[MASK]位置的文本是：	合拍动作大片《功夫瑜伽
"上海华测品标检测技术有限公司于2009年7月15日[MASK]监督管理局登记成立"中[MASK]位置的文本是：	在自贸区市场
"《网络成瘾的[MASK]》是52012年东南大学出版社出版的图书，作者是鲁龙光、黄爱国、陈建国、邹旭辉"中[MASK]位置的文本是：	心理疏导
"《全面理解现金流》是1999年清华大学出版社[MASK]美)普莱瓦(Plewa,F"中[MASK]位置的文本是：	出版的图书，作者是(
"《幸运数字斯莱文》是由保罗·麦奎根执导，乔什·哈奈特[MASK]年2月24日在英国上映"中[MASK]位置的文本是：	、摩根·弗里曼、本·金斯利主演的犯罪电影，于2006
"《国外当代图书馆建筑设计精品[MASK]建筑工业出版社出版的"中[MASK]位置的文本是：	集》是由中国
"法比奥·雷蒙迪：瑞士人，本名Fabio Raimondi，1983年5月[MASK]体重73KG"中[MASK]位置的文本是：	19日生于瑞士，身高182CM，
"曲：爆炸音乐[MASK]- 苏唯"中[MASK]位置的文本是：	歌词离别才说爱 
"梁朝伟获奖记录：金像奖：《重庆森林》《春光乍泄》《花样年华[MASK]》戛纳影帝：《花样年华》刘德华获奖记录：金像奖：《暗战》《大只佬》《桃姐》金马奖：《无间道3》《桃姐》"中[MASK]位置的文本是：	》《无间道》《2046》金马奖：《重庆森林》《无间道》《色戒
"李泽楷原定2009年7月底接梁洛施母子回港，[MASK]，但因H1N1蔓延取消行程"中[MASK]位置的文本是：	祝贺父亲李嘉诚81岁大寿
"虽然在三年后的中东路事件中，张学良没有打赢苏联人，并被迫在议定书上承认了苏联人在中东铁路上的特权，貌似[MASK]后果，等于是他给张作霖买单了"中[MASK]位置的文本是：	丧权辱国，但是中东铁路是他爹在世的时候与苏联妥协的
"重庆市垫江县五洞镇党委副书记、镇长个人信息胡显发，男，汉族，1963年1月生，垫江高安人，重庆市委党校法律专业本科班毕业，1985年[MASK]五洞镇党委副书记、政府镇长"中[MASK]位置的文本是：	7月加入中国共产党，1984年4月参加工作，现任垫江县
"一、安邦发展掠影[MASK]2004年建立了第一家安邦财险公司，第2年分支机构就扩展到了22家，基本实现了全国范围内铺设"中[MASK]位置的文本是：	安邦保险最早拿到的是财产险牌照，在
"《屈原与楚辞（[MASK]1996年安徽教育出版社出版的图书，作者是姜亮夫，姜昆武"中[MASK]位置的文本是：	中国古代文学知识丛书）》是
"一首[MASK]小爱》推荐给大家"中[MASK]位置的文本是：	经典好歌王力宏的《大城
"艾尔卡提布，黎巴嫩[MASK]1.98米，105公斤，黎巴嫩过去十年中最好的前锋"中[MASK]位置的文本是：	男子篮球国家队的成员，
"马骏，男[MASK]汉族，1959年10月出生"中[MASK]位置的文本是：	，
"北京天域九五电气有限公司于2013-05-24在通州分局[MASK]成立"中[MASK]位置的文本是：	登记
"林友仁（1938 -[MASK]，定居于南京，著名琴家"中[MASK]位置的文本是：	 2013），祖籍台湾，1938年出生于上海
"创作背景《wow》的制作班底堪称强大，金牌制作人[MASK]部分，词的部分由“金曲奖最佳作词人”李焯雄老师完成"中[MASK]位置的文本是：	朱敬然老师亲自操刀制作和旋律
"第一：陈丽华也许说道陈丽华这个名字大家[MASK]重瑞就是86版中《西游记》中唐僧↑↑↑的扮演者"中[MASK]位置的文本是：	不是很不熟，但是她的老公迟重瑞相信大家一定知道，那是多少人童年的回忆，迟
"何小念，女，壮族，1978年12月生，广西德保人，1999年12月参加[MASK]政法学院法学专业毕业，本科学历"中[MASK]位置的文本是：	工作，广西民族大学
"二、基金托管人（一）基金托管人概况公司法定中文名称：交通银行股份有限公司（简称：交通银行）公司法定英文名称：BANK OF COMMUNICATIONS CO.,LTD法定代表人：牛锡明住 所：上海市浦东新区银城中路188号办公地址：上海市浦东新区银城中路188号邮政编码：200120注册时间：1987年3月30日注册资本：742.62亿元基金托管资格批文及文号：中国证监会[MASK]的银行之一，也是近代中国的发钞行之一"中[MASK]位置的文本是：	证监基字[1998]25号联系人：汤嵩彦电 话：95559交通银行始建于1908年，是中国历史最悠久
"《花环夫人之Tongpeirem》是连载于晋江文学城的小说[MASK]玻璃透透"中[MASK]位置的文本是：	，作者是
"绍兴县守整纺织有限公司是一家集纺织品设计开发、生产、销售于一体的[MASK]盛泽"中[MASK]位置的文本是：	纺织企业,公司总部坐落在丝绸之乡-江苏
"歧舌苔属（学名：Schistochila）是[MASK]苔目歧舌苔科之下的一个属"中[MASK]位置的文本是：	苔纲叶
"00后受了于正影响，霍[MASK]是他们的记忆"中[MASK]位置的文本是：	建华版《笑傲江湖》会
"作者简介笔名：三尾  作者简介:讲故事，独乐不如众乐  代表作《逍遥双修》，[MASK]"中[MASK]位置的文本是：	《蛋里蹦出个女朋友》是他的最新作品，首发于17k小说网，连载中
"《笑颜》是[MASK]莎”阿悄谱曲填词并演唱的一首歌曲"中[MASK]位置的文本是：	90后女歌手“励志文艺
"河北欧恩通用设备制造有限公司于2014年5月14日在宣化区工商行政管理局[MASK]"中[MASK]位置的文本是：	登记成立
"《捋爱囚宠》是连载于潇湘书院[MASK]笑笑"中[MASK]位置的文本是：	的网络小说，作者是钟离
"宣统皇帝爱新觉罗·溥仪 保定清西陵清朝末代皇帝 溥仪宣统皇帝爱新觉罗[MASK]3次皇帝，3次退位"中[MASK]位置的文本是：	·溥仪是清朝的末代皇帝，他曾当过
"导演郑克洪与编剧王要联手打造的年度大剧[MASK]、艺术创造的高度上都有新的突破"中[MASK]位置的文本是：	《大汉口》，在思想表达深度
"《华人社会的调查研究》是2001年香港[MASK]出版的图书"中[MASK]位置的文本是：	牛津大学出版社
"李耕隐，清朝维扬（今江苏[MASK]人，自号破屋老人，家白门，与吴伟业、周亮工同时"中[MASK]位置的文本是：	扬州）
"金宇中集一生精力创建了大宇[MASK]辉煌"中[MASK]位置的文本是：	集团的
"《网王迷迭》是晋江[MASK]小说，作者是枫卷婵云"中[MASK]位置的文本是：	文学城连载的
"2013年5月5日，[MASK]现身伦敦机场单人回来香港，一脸憔悴的他被问到与何超云的感情时，还坚持：“我们之间从来没有感情的问题"中[MASK]位置的文本是：	赌王何鸿燊三房千金何超云与陈山聪上月初传感情告急，何超云更远走英国疗情伤，陈山聪随即飞往当地补救，陈山聪于当地时间前晚
"1998年，靳东主演电视剧《母亲》，饰演“张红兵”，那个时候的他还[MASK]还是一个很青涩的大男孩，脸部有些偏瘦，还是喜欢现在的靳东"中[MASK]位置的文本是：	没有考入中央戏剧学院，
"郑州市人才交流服务中心成立于1984年，2008年增挂“郑州市人才市场管理办公室”牌子，属于郑州市人力资源[MASK]设立的人事人才社会化管理和服务的专门机构，规格相当于副县级"中[MASK]位置的文本是：	和社会保障局领导的事业单位，是政府人事部门
"最近作者又在刷张学友的歌，听到一首歌的时候很难再放下，这首歌的名字叫做《离开以后》，1995年推出的音乐[MASK]一首歌曲，作者要推荐给大家"中[MASK]位置的文本是：	专辑《过敏世界》中的
"2015年合作陈坤、李冰冰主演爱情[MASK]也是她和刘欢一起唱的"中[MASK]位置的文本是：	电影《钟馗伏魔：雪妖魔灵》，主题曲《奋不顾身》
"陈宜斗，山东省济宁鱼台县人，中国养蜂学会理事、中国蜂产品协会理事[MASK]副理事长、山东省蜜蜂品种质量鉴定员、济宁市蜂业协会理事长、高级养蜂畜牧师、高级技师"中[MASK]位置的文本是：	、山东省蜂业协会
"[MASK]年龙门书局出版的图书，作者是倪文锦 王书月"中[MASK]位置的文本是：	《最时文》是2004
"《我们无处安放的青春》：经历了青春 拥有过爱情的人 应该都会有所感触《武林外史[MASK]，由梦继、王永执导，黄海冰、王艳、张棪琰、朱宏嘉、卓凡、王建新、戴春荣、岳跃利等联袂主演的一部古装武侠电视剧"中[MASK]位置的文本是：	》是根据古龙原著同名小说改编
"演职员表[MASK]14幕后花絮该剧改编自流潋紫所著小说《如懿传》"中[MASK]位置的文本是：	演员表职员表参考资料
"山梁上的太阳，是由欧阳奋强1992年根据[MASK]的电视剧"中[MASK]位置的文本是：	报告文学改编指导
"林毅夫与陈云英[MASK]是世界银行副行长兼首席经济学家，一个是“中国特殊教育第一人”"中[MASK]位置的文本是：	，一对博士夫妻，两位名人，一个
"[MASK]机电有限公司，注册资金500万元，利税60万元"中[MASK]位置的文本是：	宁夏龙飞
"阿越（笔名），男，本名罗煜，1982年生于湖南，[MASK]检修工作"中[MASK]位置的文本是：	著名网络历史小说《新宋》的作者，从事火车头上的电器
"《土地资本化与农村工业化》是2005年山西经济出版社[MASK]作者是蒋省三、韩俊"中[MASK]位置的文本是：	出版的图书，
"22安度余生蜀汉灭亡后，刘禅移居魏国都城洛阳，[MASK]"中[MASK]位置的文本是：	封为安乐县公
"[MASK] 祖籍山东高密"中[MASK]位置的文本是：	沈愚
"网易娱乐3月1日报道《台湾往事》是江苏亿和影视[MASK]猛犸天下影业联合出品的抗战剧，由崔亮执导，周晨、周道、袁源编剧，左小青、刘以豪、张书豪、候彦西、简嫚书、叶轩彤等主演"中[MASK]位置的文本是：	、九洲音像出版公司、横店影视制作、内蒙古港澳影业、霍尔果斯捷成世纪文化、上海红圈影业、上海金禾影视、光环时代、霍尔果斯
"[MASK]怎么舍得离去》是巫启贤演唱的歌曲，出自专辑因为你"中[MASK]位置的文本是：	《
"Grubeck Valentin,[MASK]奥地利籍足球运动员"中[MASK]位置的文本是：	
"”背景知识：2012年，菲律宾政府[MASK]海域由南中国海改为“西菲律宾海”"中[MASK]位置的文本是：	9月12日发布由时任总统阿基诺签署的行政命令，将菲律宾群岛以西
"基本资料球员:格奥尔基  生日:1992年4[MASK]日期:2009-7  球衣号码:26  国籍:保加利亚  效力球队:布尔加斯  场上位置:后卫球队阵容前锋  博利,V"中[MASK]位置的文本是：	月18日  身高:183сm  体重:76kg  加盟
"《[MASK]》，作者蝎后雨，连载网站3G书城"中[MASK]位置的文本是：	穿越淘气王妃
"《真希望我20几岁就知道的职场哲学》是2011年新世界出版社[MASK]"中[MASK]位置的文本是：	出版的图书，作者是李睿
"《啊依耶 》是歌手[MASK]收录于专辑《恋爱达人秀》中"中[MASK]位置的文本是：	崔子格演唱的歌曲，由方磊作词作曲，
"比如林子祥的《最爱是谁》（曾获第5届香港电影金像奖最佳电影歌曲）、苏芮的《凭着爱》（曾获第9届香港电影[MASK]第29届香港电影金像奖最佳原创歌曲奖）"中[MASK]位置的文本是：	金像奖最佳电影歌曲）、以及《岁月神偷》之中的《岁月轻狂》（曾获得
"《御魂高手》是渺若晨星创作的网络小说，发表于[MASK]"中[MASK]位置的文本是：	17K小说网
"人物生平将门之后蒙恬祖籍山东省蒙阴县，[MASK]西南7"中[MASK]位置的文本是：	故里在蒙阴县城
"蔡崇信，男，台湾人[MASK]阿里巴巴集团董事局执行副主席"中[MASK]位置的文本是：	，毕业于美国耶鲁大学，现任
"《陈查理传奇[MASK]2014年由上海文艺出版社出版发行"中[MASK]位置的文本是：	》一书由黄运特所著，
"虽然《我的男孩》林心如有些镜头确实是有些老态，不过从第一集[MASK]之长歌行》的状态不要好太多，不能同时而语的"中[MASK]位置的文本是：	到现在的第九集，大部分状态下还是很好的，比之前播出《秀丽江山
"《黑暗世界》是由安东·[MASK]执导的俄罗斯首部3D立体奇幻电影"中[MASK]位置的文本是：	梅格迪契夫
"05歌曲简介《喜欢你》这首歌由梁文福[MASK]时候的恋爱情怀，整首歌都表现的甜蜜、温婉而不失细腻"中[MASK]位置的文本是：	作词谱曲，讲述了一个24岁的女孩在热恋期
"1994年6月28日，双方代表在板门店接触，确定朝鲜[MASK]当年7月25日至27日在平壤会晤"中[MASK]位置的文本是：	国家主席金日成和韩国总统金泳三于
"[MASK]，是一种广泛分布于南美洲的一种鸟类"中[MASK]位置的文本是：	黑喉哑霸鹟属于雀形目、霸鹟科
"《西西里的美丽传说》（Malè[MASK]执导，莫尼卡·贝鲁奇（Monica Bellucci）主演"中[MASK]位置的文本是：	na）是2000年发行的一部意大利剧情片，由朱塞佩·托纳多雷
"《火车》是根据推理[MASK]制作发行的特别电视剧"中[MASK]位置的文本是：	小说家宫部美雪同名获奖作品改编，由朝日电视台
"阿隆·迈尔斯（Aaron Miles），11983年4月13日出生于美国俄勒冈州波特兰（Portland, Oregon），前美国职业篮球运动员，司职控球后卫，[MASK]勇士队（NBA金州勇士队下属球队）主教练"中[MASK]位置的文本是：	现为NBA发展联盟球队圣克鲁兹
"[MASK]和妻子安卓罗美达的陪同下前往阿高斯"中[MASK]位置的文本是：	帕修斯在母亲达娜厄
"歌曲《[MASK]和陈瑞演唱的一首歌曲，所属专辑《俗情歌》1"中[MASK]位置的文本是：	情债难还》是由歌手冷漠
"近日，曾执导过《大秦帝国》的著名导演延艺2011最新力作[MASK]东方电影频道播出"中[MASK]位置的文本是：	《母子连心》正在
"蔡少芬自从在《甄嬛传》中饰演皇后打开了内地市场，现在更是不停的录制综艺节目，每一季的[MASK]有两个漂亮的女儿，大女儿张楚儿7岁，二女儿张信儿5岁"中[MASK]位置的文本是：	《王牌对王牌》都有蔡少芬参加，综艺感非常的强，蔡少芬跟张晋结婚10年，如今
"[MASK]主持是范冰冰、李晨、陈学冬、薛之谦、谢依霖"中[MASK]位置的文本是：	2《挑战者联盟第二季》五位固定
"安徽省先越商贸有限责任公司成立于2005年1月，公司坚持：“[MASK]理念"中[MASK]位置的文本是：	百事恒兴、精益求精、至善至美、日月永辉”的企业
"《韩舞大帝》是帅酷[MASK]于起点网"中[MASK]位置的文本是：	创作的网络小说，发表
"[MASK]暴龙---因为2004年曾与朋友一起创办雪域龙城游戏公会，而有雪域暴龙这个称号"中[MASK]位置的文本是：	杨明星（1978年5月2日），雪域
"《华夏[MASK]写的网络小说连载于17k小说网"中[MASK]位置的文本是：	始祖》是党忠义
"原标题：《舌尖3》口碑下跌沦为“吐槽大会”2012年，一部《舌尖上的中国》风靡大江南北，创造收视高峰，此后，关于[MASK]》的一举一动都牵扯着吃货们的心"中[MASK]位置的文本是：	《舌尖上的中国
"福州福日电子[MASK]，佣有员工数300人，2010年营业额电子秤部分超5000万"中[MASK]位置的文本是：	有限公司成立于1999年，自有厂房6000平方米，净资产4000万元
"[MASK]年毕业于芜湖师专"中[MASK]位置的文本是：	季渡平，1997
"[MASK]恋倾城创作的网络小说，发表于17K小说网"中[MASK]位置的文本是：	《修仙大路》是
"《觉：（遥寄林觉民[MASK]歌曲，另一位合作填词者是音乐人许常德，作曲是郭子1"中[MASK]位置的文本是：	）》是台湾歌手齐豫作词并演唱的一首
"纪念2015年2月19日，俄罗斯总统普京与圣彼得堡前市长阿纳托利·亚历山德洛维奇·索布恰克的遗孀Lyudmila Narusova[MASK]，并献花"中[MASK]位置的文本是：	一同出席阿纳托利·亚历山德洛维奇·索布恰克去世15周年的悼念仪式
"黑龙江蓝海大豆食品有限公司于2013年6月25日[MASK]黑龙江省齐齐哈尔市工商行政管理局登记成立"中[MASK]位置的文本是：	在
"厦门百轮服饰有限公司于1995[MASK]厦门市市场监督管理局登记成立"中[MASK]位置的文本是：	年04月20日在
"达尼埃莱·罗马诺1993[MASK]月5日出生于意大利，效力于阿劳球队，场上位置是中场"中[MASK]位置的文本是：	年5
"天津老美华鞋业服饰有限责任公司于2005年01[MASK]和质量监督管理局登记成立"中[MASK]位置的文本是：	月21日在天津市武清区市场
"经营内容常州普嘉贝尔服饰[MASK]主营1-14岁儿童羽绒服"中[MASK]位置的文本是：	有限公司成立于2006年，是中国服装协会会员单位，
"《来自星星的你[MASK]至400年后的现代的神秘男人都敏俊，与身为国民顶级女演员的千颂伊陷入爱情的过程，不同星球的两人消除彼此之间的误解，克服危险追寻真爱的浪漫爱情故事"中[MASK]位置的文本是：	》是由张太侑导演，朴智恩编剧，金秀贤、全智贤、刘仁娜、朴海镇等主演的爱情科幻喜剧，该剧讲述了从外星来到朝鲜时代
"创作背景《爱的旅程》是那英2009年年底北京演唱会[MASK]演唱会的预热单曲，那英想借该曲感谢支持她的听众，表达她对音乐的执着"中[MASK]位置的文本是：	的主题曲，也是那英出道20年的跨年
"《银魂 04》是2012[MASK]出版的图书，作者是空知英秋"中[MASK]位置的文本是：	年连环画出版社
"交通银行始建于1908年，现为中国五大国有银行之一，业务范围涵盖[MASK]、保险、离岸金融服务等诸多领域"中[MASK]位置的文本是：	商业银行、投资银行、证券、信托、金融租赁、基金管理
"[MASK]) ，起点中文网签约作者，作品有：《红色警戒1904》 《靓女幽魂》 《重生之重铸天朝》 《君临末世》 《武侠之华山论剑》等"中[MASK]位置的文本是：	”1作者简介331987(七匹孤狼
"张京泽，男，汉族，1964年5月生，山西芮城人[MASK]学历，法学硕士"中[MASK]位置的文本是：	，1995年9月加入中国共产党，1988年7月参加工作，研究生
"东莞泉声电子有限公司于2002[MASK]工商行政管理局登记成立"中[MASK]位置的文本是：	年11月13日在东莞市
"《我的舞台》是[MASK]歌曲，收录在专辑《心的旅程》中"中[MASK]位置的文本是：	SNH48演唱的
"”【《蔡和森关于中国革命问题给毛泽东的两封信》（1920年8月[MASK]第1册，中央文献出版社2011年版，第449页"中[MASK]位置的文本是：	13日、9月16日），中共中央文献研究室、中央档案馆编：《建党以来重要文献选编（1921－1949）》
"”和其他电视剧相比，《星火》在演员阵容上不算强大，但是在文学创作上，却不啻有一套“全明星阵容”，北京大学中文系系主任温儒敏、清华大学中文系系主任王中忱[MASK]博士论文答辩小组了，更何况这部剧集的底本就是名著"中[MASK]位置的文本是：	担任该剧的文学顾问，北大中文系教授韩毓海和著名作家余华参与编剧，再加上一个作家出身的导演刘毅然，都可以组成一个中国现代文学
"确认过眼神我遇上对的人——《醉赤壁》 林俊杰不如就勇敢打破生命中的裂缝阳光就逐渐洒满了其中——《裂缝中的阳光》 林俊杰传说中你为爱甘心被搁浅我也可以为你潜入[MASK]想对你好你从来不知道——《当你》 林俊杰那些你很冒险的梦我陪你去疯——《那些你很冒险的梦》 林俊杰爱是三万里程的孤单闪着等待的泪光眺望可能的远方——《不流泪的机场》 林俊杰生生不息你和我倒数迂回的伤痕轻轻哼着喜怒哀乐——《生生》 林俊杰喜欢就关注萌萌哒小编哦~笔芯"中[MASK]位置的文本是：	海里面——《美人鱼》 林俊杰今后不再怕天明我只是害怕清醒——《她说》 林俊杰我
"我突然[MASK]了马加爵案，他是云南大学的高材生"中[MASK]位置的文本是：	想起一个
"达士奇鹦鹉[MASK]身长24公分，小型派翁尼斯鹦鹉"中[MASK]位置的文本是：	是一种鹦形目、 鹦鹉科类生物，
"《再次出发》是《曾经》导演约翰·卡尼的最新力作，这部爱情喜剧电影由凯拉·奈特莉、马克·鲁法洛[MASK]联袂主演"中[MASK]位置的文本是：	、亚当·李维
"赵苑华，男，河南辉县人，1967[MASK]出生，1988年10月参加工作，中共党员"中[MASK]位置的文本是：	年2月
"[MASK]赶到，只有吴传玉一人参加了男子游泳的比赛"中[MASK]位置的文本是：	仓促成立的中国代表团于29日才
"谭乔，男，成都市公安局交通管理宣传处民警，《[MASK]"中[MASK]位置的文本是：	谭谈交通》栏目主持人
"基本资料球员:凯赞  生日:1984年1月31日  身高:190CM  体重:72KG [MASK]场上位置:后卫  前度效力球队:幼狮队  曾经效力球队:幼狮队球队阵容前锋  D"中[MASK]位置的文本是：	 加盟日期:2004-01  球衣号码:6  国籍:新加坡  效力球队:芽笼联队  
"《歌德证书B1备考指南》是2012年上海[MASK]是SabineDinsel，MonikaReimann"中[MASK]位置的文本是：	外语教育出版社出版的图书，作者
"斯卡尔鲸属是[MASK]的鲸目动物，该属大部分种类在中新世的欧洲生活，但有少数化石于澳大利亚和新西兰发现"中[MASK]位置的文本是：	一属已灭绝
"刘福荣男，1953年2月生，[MASK]"中[MASK]位置的文本是：	辽宁盘锦人
"《奇妙的朋友》是湖南卫视推出的原创大型真人秀节目，由沈梦辰主持，[MASK]饲养员”"中[MASK]位置的文本是：	李宇春、黄轩、倪妮、胡杏儿、杜天皓、杜海涛六位担任野生动物“实习
"上虞市工业设备安装[MASK]，是一家致力于专业机电安装的企业"中[MASK]位置的文本是：	有限公司成立于一九八五年七月
"《扶起你》[MASK]乔军演唱"中[MASK]位置的文本是：	由歌手
"从1978年9月28日创立以来，从轻纺明星企业，到微波炉“[MASK]中国制造在国际市场上的一张名片"中[MASK]位置的文本是：	黄金品牌”，再到综合性白色家电集团，格兰仕一直是
"孟加拉芋螺[MASK]螺壳尺寸60 - 148 mm"中[MASK]位置的文本是：	是一种新腹足目、芋螺科类生物，
"似蜻水狼脂鲤（Hydrolycus scomberoides）又称皇冠大暴牙[MASK]犬齿脂鲤科，水狼脂鲤属一种淡水鱼类"中[MASK]位置的文本是：	，为脂鲤目，
"制作过《废柴联盟》（Community）与《幸福[MASK]·波特（Moses Port），再次出手制作TBS新喜剧《开荒岛民》"中[MASK]位置的文本是：	结局》（Happy Endings）的制作人莫斯
"[MASK]，黑龙江省哈尔滨市宾县宁远镇曲家屯人"中[MASK]位置的文本是：	简介孙延宇
"贾宝玉的母亲王夫人是一个表面[MASK]轻狂，于是王夫人就将晴雯赶出了贾府，那个时候晴雯正得了重病，好几天都没有吃东西，就让人把晴雯拖出了贾府"中[MASK]位置的文本是：	善良实际上冷漠心狠的人，因为晴雯长得很好看，在丫鬟里面很突出，且觉得晴雯的举止行为有些
"杨波久1952年7月生[MASK]辽宁凤城人，祖籍山东省即墨县，先祖杨万祥为清朝翰林"中[MASK]位置的文本是：	，
"《月下的恩底弥翁》是2010年[MASK]是月褪"中[MASK]位置的文本是：	9月1日新世界出版社出版的图书，作者
"《康熙[MASK]-2华中科技大学出版社出版的图书，作者是王惠敏"中[MASK]位置的文本是：	大帝全传》是2013
"2、霍光辅昭帝汉武帝多年培养的太子因为巫蛊案遇害后，几经选择[MASK]夫人之子刘弗陵，是为汉昭帝，武帝令霍去病的弟弟霍光辅政，霍光辅佐昭宣二帝开创一代盛世，除了霍光死后家族被灭，此次托孤尚算完美"中[MASK]位置的文本是：	，他决定传位于钩弋
"武汉市胜达电力工程安装有限公司于2007年05月30[MASK]管理局登记成立"中[MASK]位置的文本是：	日在武汉市黄陂区市场监督
"苏州发源地科技发展有限公司[MASK]苏州高新区（虎丘区）市场监督管理局登记成立"中[MASK]位置的文本是：	于2003年02月28日在
"”据说，被港澳媒体称作 “千呼万唤终于开幕[MASK]设计人员不断地吸取世界上最超前的设计理念，不断地加以修改，精雕细刻造成的"中[MASK]位置的文本是：	的澳门渔人码头”，只所以迟迟不见完工，主要是
"丝丘苔[MASK]，中文目名是鳞翅目"中[MASK]位置的文本是：	蛾编号是19279
"大家还记得杨幂和刘恺威在2013年4月[MASK]"中[MASK]位置的文本是：	热播的《盛夏晚晴天》中的表现
"简介　长吻鮠（Leiocassis longirostris[MASK]鲶形目，鲿科，鮠属"中[MASK]位置的文本是：	）属
"《傲神刀尊》是于[MASK]，作者是项华"中[MASK]位置的文本是：	纵横中文网连载的网络小说
"《还没往下想》是台湾歌手蔡旻佑演唱的歌曲，由周炜杰作词，蔡旻佑作曲，收录于蔡旻佑2015年12月18[MASK]》中"中[MASK]位置的文本是：	日发行的专辑《我和我的布拉姆斯
"[MASK]鹛是雀形目、画眉科的鸟类动物，分布于太平洋诸岛屿"中[MASK]位置的文本是：	霍氏鸦
"《岁月楼情》是香港电视（HKTV）制作出品的时装伦理电视剧，由黄国强执导，[MASK]夏雨、鲍起静、黄日华、唐宁领衔主演、关宝慧、林利、曾伟权、姜皓文等联袂出演"中[MASK]位置的文本是：	梁敏华总编剧本，
"[MASK]的艺术团中她就经常听说师哥李行亮的故事，他的才气和坚持原创的精神也一直鼓励着熊汗青坚守自己的音乐梦想"中[MASK]位置的文本是：	高考毕业熊汗青考取了华中科技大学，在学校
"阎评，男[MASK]出生，宁夏银川人，中央党校研究生学历1"中[MASK]位置的文本是：	，回族，1961年3月
"流量小花郑爽[MASK]一起来看流星雨》正式出道，这些年也是作品不断，更是热搜的常客"中[MASK]位置的文本是：	2009年出演偶像剧《
"《在木叶的旅行》[MASK]连载于起点中文网的一本小说，作者是伦游"中[MASK]位置的文本是：	是
"《中年时代[MASK]的第二部"中[MASK]位置的文本是：	》是萨孟武先生回忆录
"文育才  男，1940年生，四川[MASK]"中[MASK]位置的文本是：	会理县人
"唐朝乱糟糟的婚恋，李世民开了个“好头[MASK]批判性的继承"中[MASK]位置的文本是：	”，李治再近一步，武则天则是
"年起，李贵辉和他的绿丹兰就开始走上抓住最后一根稻草的努力，不过，他们走在了错误的方向上，并导致[MASK]公司被传企图通过开展非法传销来吸纳资金，以清空积压产品"中[MASK]位置的文本是：	最后的没落－－首先是
"闫海清，[MASK]，86级河北机电学院材料系锻压工艺及设备专业毕业生，1990年，闫海清被分配到保定农机厂工作"中[MASK]位置的文本是：	保定涞水人
"《我的女儿是花儿》是韩国SBS电视台于2011年11月14日起播出的日日连续剧，[MASK]等主演1"中[MASK]位置的文本是：	由朴英洙执导，朴艺京编剧，赵敏秀、陈世妍、崔振赫、朴相元、李智勋
"[MASK]年吉林摄影出版社出版的图书，作者是张弘"中[MASK]位置的文本是：	《优雅女孩的秘密》是2012
"被风吹过的夏天，《[MASK]歌曲，由林俊杰作曲，冯欣慧填词，收录在金莎2005年发行的专辑《空气》中"中[MASK]位置的文本是：	被风吹过的夏天》是林俊杰与金莎合唱的一首
"路遥1973年进入延安大学中文系学习[MASK]"中[MASK]位置的文本是：	，其间开始文学创作
"《盼你回眸》是[MASK]专辑《手足情深》中，由波丽佳音唱片于1996年02月01日发行"中[MASK]位置的文本是：	一首由方维珍作词、王杰作曲，江孝文编曲，歌手王杰演唱的一首流行歌曲，收录在
"杨大全，字浑甫，宋代眉州青神[MASK]眉山市青神县）人"中[MASK]位置的文本是：	（今四川省
"《电子商务企业角度[MASK]月高等教育出版社出版的图书，作者是王健"中[MASK]位置的文本是：	》是2007年01
"《[MASK]你》是女导演权聆的银幕处女作"中[MASK]位置的文本是：	忘了去懂
"[MASK]台州人，毕业于浙江艺术职业学院"中[MASK]位置的文本是：	张卓含威3、浙江
"[MASK]和皇室对佛像的崇奉，这时造的佛像用材料特别好，所以乾隆时期佛像一上手，就有特别沉的感觉，而到晚清的佛像，手感要轻许多"中[MASK]位置的文本是：	如同样是清代，早、中期是不同的，特别是乾隆时期，因为国力强盛
"[MASK]执导，谷原章介等人主演的一部犯罪片"中[MASK]位置的文本是：	《新生代黑社会》是由三池崇史
"直到21世纪，《小美人鱼》依然[MASK]Your World”更是久唱不衰"中[MASK]位置的文本是：	是迪士尼的骄傲，片中的歌曲“Part of 
"《教学模式第八版》[MASK]2014年6月由中国人民大学出版社出版的图书，作者布鲁斯·乔伊斯"中[MASK]位置的文本是：	是
"《飞女正传》是香港无线电视（TVB）制作的时装电视剧，为2009无线节目巡礼剧集之一[MASK]及曹永廉主演，监制为戚其义"中[MASK]位置的文本是：	及2009无线节目精选第二季剧集之一，由蔡少芬、陈豪、黄德斌
"[MASK]演唱的一首歌曲，收录在专辑《离开那个不爱你的人》，1992年2月1日发行"中[MASK]位置的文本是：	《南屏晚钟》是梁雁翎
"金汉斯源于国内首创的“汉斯鲜酿啤酒[MASK]啤酒为核心、南美烤肉和中西合璧自助餐为辅的同业市场领导品牌"中[MASK]位置的文本是：	 Hans Fresh Beer”，成立于2001年，是国内以鲜酿
"《碎天命》是一部连载[MASK]小说，作者是Mars天宇"中[MASK]位置的文本是：	于起点中文网的玄幻类
"祖籍浙江山阴(今)，出生于广东三水(现属佛山市)，汪精卫[MASK]美男子之一"中[MASK]位置的文本是：	年少时期相貌英俊，被誉为民国四大
"东莞市庄正电子科技有限公司于2013[MASK]日在东莞市工商行政管理局登记成立"中[MASK]位置的文本是：	年09月18
"《游爱民族》，是吉克隽逸[MASK]，QUANG、JIMMY FUNG、金贵晟作曲，收录于专辑《Intrepid大无畏》中"中[MASK]位置的文本是：	演唱的歌曲，由HUSH作词
"《2003年度新译西方文论选》是2004年2月1[MASK]"中[MASK]位置的文本是：	日漓江出版社出版的图书，作者是王逢振
"[MASK]何伟、储智博联合执导的历史传记剧《周恩来的四个昼夜》，获得第29届中国电影金鸡奖最佳影片奖，陈力凭借此片获得第15届中国电影华表奖优秀导演奖151617"中[MASK]位置的文本是：	2013年，执导由孙维民、
"《飞上九天》是朋友[MASK]，发表于17K小说网"中[MASK]位置的文本是：	就像人民币有真有假创作的网络小说
"咸鱼，没有梦想的咸鱼，因周星驰的《少林足球》而闻名[MASK]之前是没有咸味的，现在身上的咸味是它对海洋母亲的回忆"中[MASK]位置的文本是：	，被太阳晒伤
"在彝族地区，巴莫尔哈的名字始终与彝族“达体舞[MASK]"中[MASK]位置的文本是：	”联系在一起
"填满你我不完整的感情3歌曲鉴赏《不完整的旋律》虽然旋律不是很完整但整首歌听起来却仍然[MASK]加上钢琴的伴奏和王力宏动情的演绎使得这首歌听上去优雅而又唯美4"中[MASK]位置的文本是：	是优美悦耳的，王力宏在这首歌里是想传达他的体验：“缺憾”也是一种美好，只是看你用什么角度去看它，再
"《主导德育论》是[MASK]图书，作者是郑永廷"中[MASK]位置的文本是：	2008年人民出版社出版的
"广翅目尤其是鱼蛉科昆虫具有重要的药用[MASK]美誉"中[MASK]位置的文本是：	和食用价值，有“动物人参”的
"[MASK]于17k小说网的一本重生逆袭类小说，作者是忆林夕"中[MASK]位置的文本是：	《尾戒绕流年》是连载
"《钟明善书学论集》是2008[MASK]，作者是钟明善"中[MASK]位置的文本是：	年出版的图书
"《神医特种兵在都市》[MASK]的一部青春热血小说，首发于17K小说网"中[MASK]位置的文本是：	是由春天的黑龙江所著
"《中国商标报告（第4卷）》是[MASK]-1出版的书籍"中[MASK]位置的文本是：	一本曹中强 黄晖 编制，由中信出版社在1900-1
"风月花鸟，一笑尘缘了，”刘珂[MASK]《半壶纱》里的一句"中[MASK]位置的文本是：	矣
"《青少年军事博览·新中国大将[MASK]出版社出版的图书，作者是李庆山"中[MASK]位置的文本是：	卷（1-10卷）》是2005年1月由中共党史
"唐培宏，男，汉族，1970年3月出生，中共党员，甘肃民勤人，[MASK]硕士"中[MASK]位置的文本是：	出生地甘肃民勤，大学学历，在职公共管理
"Chichirua Andrew[MASK],瓦努阿图籍足球运动员"中[MASK]位置的文本是：	
"白氏文昌鱼隶属头索纲、文昌鱼目、文昌鱼科，俗称蛞蝓[MASK]、无头鱼、鳄鱼虫"中[MASK]位置的文本是：	鱼、海虫、松担物
"[MASK]网络科技集团，任该集团董事长，专注于我国大中小型企业提供专业的网络服务，带动很多企业网络方向的转型"中[MASK]位置的文本是：	于卫涛，1976年出生于河南省通许县，2013年携手刘洋创办河南欣赏
"中北大学机器人协会筹建于2014年7月[MASK]2014年9月"中[MASK]位置的文本是：	，正式成立于
"任海兵，安徽淮北人，1978年8月出生[MASK]教师，博士，副教授"中[MASK]位置的文本是：	，中国矿业大学矿业工程学院
"[MASK]上海三联书店出版的图书，作者是韩松落"中[MASK]位置的文本是：	《为了报仇看电影》是2010年
"赵丽颖代言游戏女神范足赵丽颖凭借热播剧《花千骨》再次印证其影响力，除了是剧中女主角之外[MASK]》之外，赵丽颖还代言了多款古装游戏如《青云志》、《龙门虎将》、《剑侠情缘》等"中[MASK]位置的文本是：	，赵丽颖还代言了同名手游《花千骨》，在代言游戏时，赵丽颖不再是戏外邻家女孩的可爱形象，一举一动，可冷可热，都充满女神范儿，除了《花千骨
"山川棘花鮨，Plectranthias yamakawai，又称山川氏棘花鲈，俗名为花鲈，为[MASK]较深水域的岩礁区"中[MASK]位置的文本是：	辐鳍鱼纲鲈形目鲈亚目鮨科的其中一个种，主要栖息于
"厦门市竞达电子有限公司是由香港CHANTON在厦门设立的国内销售部，香港CHANTON有专业一家从事电子设备生产及销售的全球公司·在全球具有[MASK]保证，销售机构，本司已通ISO,CEUL等各项认证·"中[MASK]位置的文本是：	自己专业的销售队伍·具有专业的研发，品质
"菲岛毛眼水蝇广泛分布于中国各地，属昆虫纲[MASK]"中[MASK]位置的文本是：	，双翅目，水蝇科
"《南柯一梦》是陈小云的音乐作品，收录在[MASK]专辑中"中[MASK]位置的文本是：	《单身贵族》
"扎西斯郎，男，藏族，1968年生[MASK]"中[MASK]位置的文本是：	，甘孜州得荣人
"最喜欢听[MASK]来看你"中[MASK]位置的文本是：	的还是李宗盛的漂洋过海
"腾讯网剧《重生之名流巨星》的主题曲[MASK]、甘世佳作词、毛方圆作曲"中[MASK]位置的文本是：	，由马可演唱
"《谁说女子不如男》[MASK]歌手牛欣欣演唱的歌曲，作词：常香玉，作曲：常香玉，改编：王义雄"中[MASK]位置的文本是：	是由著名童星
"如果说宋襄公是因为“仁义”而没有拦住楚军的攻势，那么晋文公却用自己的[MASK]奠定了晋国的霸主地位，是春秋历史上具有重大意义的一场战争"中[MASK]位置的文本是：	守信遏制了楚国的北进势头，稳定了中原局势，
"全国分布永乐票务自2003年创立以来，已经在北京、上海、广州、深圳、天津、南京、[MASK]、佛山、武汉、合肥、大连、福建等地设有分支机构"中[MASK]位置的文本是：	成都、重庆、西安
"徐正源，国籍：[MASK]173cm,，体重：67kg，场上位置：前锋"中[MASK]位置的文本是：	韩国，出生年月日：1970年 12月 17日，身高
"北京京昊能源科技[MASK]2003年09月16日在海淀分局登记成立"中[MASK]位置的文本是：	有限公司于
"李伟，男，汉族，1977年6月出生，四川达县人，四川师范大学化学[MASK]年7月参加工作"中[MASK]位置的文本是：	教育毕业，2001年6月加入中国共产党，1999
"《[MASK]是由华东师范大学出版社 2010年4月1日出版的一部图书，作者是佩特森(E"中[MASK]位置的文本是：	面向终末的美德：罗马书讲疏》
"2010年2月[MASK]杨若兮与张国立、吴越合作主演《赶走你的忧郁》，饰演莫小桑"中[MASK]位置的文本是：	3日，
"无为县鹤毛乡[MASK]月经无为县民政局登记成立,并取得法人资格，注册资金0.45万元"中[MASK]位置的文本是：	水产养殖协会1于2006年9
"《创世大神[MASK]小说网的小说，作者是小小彬"中[MASK]位置的文本是：	》是连载于17k
"《年轮网络日记》是2005年出版的图书，作者是罗[MASK]"中[MASK]位置的文本是：	江南
"《甜蜜[MASK]小说网连载的青春校园小说，作者是池清峻"中[MASK]位置的文本是：	的诅咒》是在17k
"分集剧情演员表幕后制作[MASK]电视台特别剧《青年黑杰克》，2011年4月18日在东京都内举行了制作发布会"中[MASK]位置的文本是：	由演员冈田将生主演的日本
"2005年春天，王微在上海租下一套三居室，给做技术的张晓运开[MASK]领500块，开始做土豆网"中[MASK]位置的文本是：	了4000元工资，其他人每月
"《电路理论学习指导书》是2004年华中科技大学出版社出版的图书[MASK]孙敏"中[MASK]位置的文本是：	，作者是
"当初那个在解放军艺术[MASK]饭局的缘分，最后嫁给了贾跃亭"中[MASK]位置的文本是：	学员学员读大二的甘薇因一场
"《恋我癖EGO[MASK]是中国台湾女歌手蔡依林演唱的歌曲，由葛大为填词、陈星翰作曲"中[MASK]位置的文本是：	-HOLIC》
"[MASK]的一首歌曲，由周杰伦作曲，方文山填词，收录在周杰伦2003年发行的专辑《叶惠美》中"中[MASK]位置的文本是：	《双刀》是周杰伦演唱
"《[MASK]是张学友演唱的一首歌曲"中[MASK]位置的文本是：	我不愿意》
"第七名：Haier（海尔）[MASK]到开放的互联网创造企业的转型，海尔以诚信为核心竞争力，致力于为后电商时代创造共赢生态圈"中[MASK]位置的文本是：	海尔集团创立于1984年，是国内大型家电品牌之一，经历了从传统家电产品制造企业
"人物生平孔奇出身于世代传习经学的鲁国孔氏，定居于扶风茂陵，未曾到远方[MASK]求学"中[MASK]位置的文本是：	去拜师
"陈发喜，[MASK]1959年4月生，江苏南京人，1984年10月入党，1979年10月参加工作，江苏省委党校研究生学历"中[MASK]位置的文本是：	男，汉族，
"广东大荣实业发展有限公司于2004[MASK]登记成立"中[MASK]位置的文本是：	年05月20日在清远市清城区工商行政管理局
"剧情简介《龙裔黑帮之老虎》是2014年泰国3台黑帮系列剧中的第一部，电视剧[MASK]（Ananda）和kim kimberley"中[MASK]位置的文本是：	背景是上世纪50年代的泰国唐人街的黑帮，主演阿南达·爱华灵咸
"2013年[MASK]由他出演的《西游·降魔篇》等多部重磅电影轮番上映"中[MASK]位置的文本是：	，黄渤更加“疯狂”，
"[音乐]薛之谦 一首淡淡的情歌《我知道[MASK]》 经典教唱"中[MASK]位置的文本是：	你都知道
"《唐名家诗选赏析（[MASK]分店出版的图书"中[MASK]位置的文本是：	全二册）》是1997年三联书店上海
"《红衣坊》是由中央电视台文艺中心影视部、中视传媒和北京世邦文化公司联合出品，苏舟、金舸执导，董洁[MASK]主演的年代剧"中[MASK]位置的文本是：	、潘粤明、吴军、孙宁、朱虹
"谈到感情，聂远有过两段婚姻，他的前妻名叫王惠[MASK]张纪中版的《西游记》而相识"中[MASK]位置的文本是：	，两人拍摄
"《时空与灵性》是2006年[MASK]作者是金学宽"中[MASK]位置的文本是：	中国宇航出版社出版社的图书，
"简介蒋啸，男，[MASK]浙江大学，获硕士学位，2002年晋升高级工程师"中[MASK]位置的文本是：	生于1970年，1999年毕业于
"《你不是我的菜》这首歌曲是歌手焰烽专辑《葬爱笔记》中一首，专辑包含 《你不是我的菜》《 葬爱[MASK]爱公主》5首作品"中[MASK]位置的文本是：	笔记》《睡美人之恋》《红杏花瓣》《私奔
"《虎嚎龙吟》是勿忘我啊1创作的[MASK]"中[MASK]位置的文本是：	网络小说，发表于17K小说网
"《鸟类博物馆》是[MASK]出版的图书，作者是李湘涛"中[MASK]位置的文本是：	2009年时事出版社
"《冰上恋人》（プライド[MASK]22日期间播放的冰球类爱情电视连续剧"中[MASK]位置的文本是：	）是日本富士电视台于2004年1月12日至3月
"【试剑江湖】-《北风行》MV，发布时间：2012-11-07，主创人员：作曲：少司命、编曲：灰原穷、作词：清水秋香、演唱：少[MASK]：青海草原、视频：尉迟嘉馨"中[MASK]位置的文本是：	司命/A-Lina莉、后期：灰原穷、海报
"[MASK]，1814年12月19日俄亥俄州斯托本维尔 - 1869年12月24日华盛顿）， 男，美国法学家和政治家"中[MASK]位置的文本是：	埃德温·麦克马斯特斯·斯坦顿（Edwin McMasters Stanton
"20120405爱玩客四小时[MASK]道菜的台湾总铺师- 台湾彰化主持：吴凤"中[MASK]位置的文本是：	出千
"《谎言[MASK]电影，导演是邓安宁"中[MASK]位置的文本是：	游戏》是一部爱情类型的中国
"《我们的祖国歌甜花香》是阎维文[MASK]的月亮》专辑中"中[MASK]位置的文本是：	的音乐作品，收录在《东方的太阳东方
"根据记载[MASK]造访天台的明代地理学家徐霞客，还曾经走过令人胆颤心惊的石梁桥"中[MASK]位置的文本是：	，3次
"《[MASK]第二版》高等教育出版社1900-01-01出版"中[MASK]位置的文本是：	应用数学（基础部分一）
"补位歌手腾格尔以[MASK]，华晨宇借个人原创曲《我管你》持续发力、蝉联榜首"中[MASK]位置的文本是：	一首《天堂》空降第二名
"2008年的《暖春》和2009年的《小姨多鹤》让她逐渐被观众熟识，越涨越大的齐如意也变得越来越好看，除了[MASK]她的气质"中[MASK]位置的文本是：	出演影视作品，她还经常参加一些综艺节目和一些现场晚会，这样的经历加速了她的成长，培养了
"水稻赤斑沫蝉（Callitetix[MASK]沫蝉科"中[MASK]位置的文本是：	 versicolor）同翅目，
"2004年，金城武首次与内地导演合作出演张艺谋的电影[MASK]十面埋伏》6"中[MASK]位置的文本是：	《
"孙丽华，毕业于天津中医学院，从事胃肠道疾病的临床和科研工作30余年，常年开展临床实践与医学原理相结合的研究工作，运用中医辩证[MASK]和疑难杂病的治疗上有很深的造诣"中[MASK]位置的文本是：	施治，在消化系统常见病、多发病
"《幽默新童话·动物大逃亡》是2012年[MASK]佩尔茨，编译周红"中[MASK]位置的文本是：	8月湖南少年儿童出版社出版的图书，作者是莫尼卡·
"朱俊威，男，1970年11[MASK]，1994年12月加入中国共产党，本科学历"中[MASK]位置的文本是：	月出生，汉族，广东省和平县人，1993年7月参加工作
"《千万别睡着·爬虫召集令》是2009年[MASK]的图书，作者是斯坦"中[MASK]位置的文本是：	接力出版社出版
"《百炼武尊》[MASK]网络小说，发表于17K小说网"中[MASK]位置的文本是：	是我落凡尘创作的
"《先做朋友后做生意大全集》一书由赵凡禹[MASK]年由企业管理出版社出版发行"中[MASK]位置的文本是：	著，于2010
"穹房贝，属腕足动物门[MASK]贝目"中[MASK]位置的文本是：	，有铰纲，小嘴
"《帝王独宠：朕的皇后要逆天》是[MASK]一部言情类小说，作者是韩星辰"中[MASK]位置的文本是：	在好123小说网连载的
"日前，刘銮雄和女友甘比带着两岁多大的女儿刘秀桦一家三口出门吃饭，刘秀桦被记者拍到[MASK]"中[MASK]位置的文本是：	背着一只价值33700港元的粉蓝色手袋
"雪花山位于山西省永济市[MASK]，是中条山国家森林公园、民族英雄杨振邦抗日革命根据地"中[MASK]位置的文本是：	东2 公里处，三晋最大的内陆湿地伍姓湖以南
"《熟悉的味道第一季》是由浙江卫视联手嘉华传媒[MASK]、孙坚担任节目主持人"中[MASK]位置的文本是：	共同制作的明星美食传情感恩真人秀12，李咏、曾宝仪
"12月31日，林更新主演的传奇武侠电视剧[MASK]播出，剧中主演骠国王子舒难陀2021"中[MASK]位置的文本是：	《舞乐传奇》在中国中央电视台电视剧频道
"[MASK]人民币）领域：文化领域传奇影业在业界有着一定的影响力，代表作有宿醉、蝙蝠侠系列、盗梦空间等，近期在国内所上映的长城、魔兽世界等也是传奇影业的作品"中[MASK]位置的文本是：	笔者将在下文与各位一道来梳理和讨论：传奇影业收购方：万达集团收购时间：2016年收购金额：35亿美元（210亿元
"《锁花劫》是三分之二的高富帅创作的网络小说[MASK]于17K小说网"中[MASK]位置的文本是：	，发表
"歌曲简介《平凡的我》由苏笑填词，捞仔谱曲，在2004年为纪念“五四”运动八十五[MASK]主题的大型晚会中蔡国庆和陈倩倩共同演唱"中[MASK]位置的文本是：	周年，团中央、中央电视台联合举办了以“青春”为
"2015年5月26日中国台湾2014年1月30日中国香港2014年2月20日美国[MASK]26日《屠魔战士》在中国大陆上映首日票房突破一千万人民币"中[MASK]位置的文本是：	2014年1月24日菲律宾2014年1月22日（资料来源：6）票房收益2015年5月
"同时，樊冲认为[MASK]过去或者想要得到些什么，因此，他给该曲命名为《我要你》"中[MASK]位置的文本是：	张一曼会在歌声回忆
"张晓惠，1986年毕业于江苏电视大学党政管理专业，1997年毕业于华东师范大学教育[MASK]"中[MASK]位置的文本是：	管理学院教育管理专业研究生班
"而此次[MASK]这估计是他和陈若仪首次同台，两个宝贝儿子超萌，还在现场背诗，真是可爱极了"中[MASK]位置的文本是：	发布会上最令人惊喜的是林志颖携他的爱妻陈若仪以及双胞胎儿子亮相，
"吴[MASK]汉族，1962年2月出生，江苏南通人"中[MASK]位置的文本是：	海涛1，
"舒建东，男[MASK]镇海人"中[MASK]位置的文本是：	，浙江
"[MASK]属于亚热带季风气候"中[MASK]位置的文本是：	4气候桥头镇
"《异能双子星》是起点中文网[MASK]一部作品，作者是扑街向前冲"中[MASK]位置的文本是：	连载的
"2012年内地上映的电影短片《深度梦境》，是美女导演曾张粤紫[MASK]男孩赵寒生和一个古灵精怪的小女人林雪搞笑且悲伤的爱情故事"中[MASK]位置的文本是：	19岁作品，讲述了专一深情的
"《屎从天降[MASK]一部网络小说，作者是血殇舞"中[MASK]位置的文本是：	》是连载于17k小说网的
"许和娟 女，1941[MASK]6月生，江苏常州人"中[MASK]位置的文本是：	年
"我有我的小爱情5歌曲鉴赏这是一首属于女人的歌曲，梁静茹轻巧的歌声，唱出每个年龄层的女生对爱情的追寻，不管受伤或被否定[MASK]属于自己的幸福"中[MASK]位置的文本是：	，只要心里的小火苗不灭，就一定会找到
"《如果爱忘了》是电视剧《爱情睡醒了》的片尾曲，由林天爱作曲，唐恬、李志清作词，戚薇演唱，歌曲mv[MASK]婚纱，感动唱出了一段“被丘比特遗忘的爱情故事”"中[MASK]位置的文本是：	由台湾著名导演陈映之掌镜，画面清新唯美，戚薇《如果爱忘了》，戚薇身披
"正始二年（407年）冬季，慕容云封慕容归为辽东公，让他[MASK]工作"中[MASK]位置的文本是：	主管后燕帝室宗庙的祭祀
"感谢作者臼井仪人创作了蜡笔小新这一经典的熊[MASK]人怜爱，给我们的生活增添了诸多乐趣"中[MASK]位置的文本是：	孩子形象，虽然他调皮捣蛋，却惹
"《上海店面设计》是2004[MASK]科学技术出版社出版的一本图书"中[MASK]位置的文本是：	年1月辽宁
"《那年秋天相遇的我们》是连载于晋江文学城的[MASK]的狗尾巴草"中[MASK]位置的文本是：	小说，作者是春天
"感觉刘涛太卑微了，和佟丽娅[MASK]老公，但是如果王珂真的背叛刘涛了呢"中[MASK]位置的文本是：	一样始终向着自己的
"与林允儿情况相似的还有李敏[MASK]，在2014年的马年春节联欢晚会中，还与庾澄庆合唱了一首《情非得已》，也是在中国成了万千少女心中的偶像"中[MASK]位置的文本是：	镐，李敏镐之前因为出演了韩剧《继承者们》而大火，在最红的时候，也不忘来中国捞一把金
"王菲具有很多的经典作品，从早期的《红豆》《流年》，到现在比较近的《匆匆那年》，《[MASK]我》都很好听"中[MASK]位置的文本是：	你在终点等
"因此只花了两个小时，周杰伦就把[MASK]是周杰伦在录音室里配唱的即兴创作，灵感是来南拳妈妈的歌曲《牡丹江》"中[MASK]位置的文本是：	这首《发如雪》谱出曲来，而歌曲后段的“啦儿啦”段落，则
"李辉，男，1993年毕业于[MASK]于中日友好医院肛肠科至今"中[MASK]位置的文本是：	北京中医药大学医疗系，同年就职
"《前男友》是由于中中执导，简奇峰[MASK]乔主演的台湾爱情偶像剧"中[MASK]位置的文本是：	、林欣慧编剧，杨佑宁、李千娜、黄志玮、廖苡
"《恋爱令人心痛》是由张美贤[MASK]，钟嘉欣演唱的一首粤语歌曲"中[MASK]位置的文本是：	作词，周杰伦作曲
"宋丹丹的第三次婚姻发生在97年的时候，在宋丹丹36岁[MASK]了28天，就结了婚"中[MASK]位置的文本是：	生日的时候，她再一次闪婚，与赵玉吉只认识
"而[MASK]的孩子，万达集团太子爷"中[MASK]位置的文本是：	王思聪是王健林唯一
"Kang jin young（康金勇）是韩国时装设计师，毕业于韩国外国语大学，曾经获得[MASK]Award”"中[MASK]位置的文本是：	纽约时装周的女装最佳设计师的“Rising Star 
"《异界蛇王[MASK]是连载于起点中文网的网络小说，作者是苯妖"中[MASK]位置的文本是：	》
"《洋派的[MASK]午夜街头 (二)》专辑中"中[MASK]位置的文本是：	中国男孩》是李玲玉演唱的一首歌曲，收录于《
"简介郑贤培，男，汉族，1955年12月出生，1974年12月[MASK]"中[MASK]位置的文本是：	参加工作，1974年10月加入中国共产党，大学学历，安徽省舒城县人
"新几内亚角雕，Harpyopsis novaeguineae （Salvadori, [MASK]，隼形目,鹰科,鵟鹰属的一个物种"中[MASK]位置的文本是：	1875）
"安德烈亚斯·迪博夫斯基  GER - 德国  出生日期:[MASK]英尺): 181cm / 5&#39"中[MASK]位置的文本是：	 1966年3月29日   身高(厘米/
"（原载于《解放军美术书法》）孙会忠，1963年生，山东省五莲县人，1995年毕业于解放军艺术学院，2005[MASK]著名油画家研究生训练班"中[MASK]位置的文本是：	年毕业于俄罗斯
"尹定邦，1940年生于武汉，现为广州美术学院副院长，设计分院院长、教授，中国[MASK]设计协会会长、广东省美术家协会副主席"中[MASK]位置的文本是：	工业设计协会代理事长、广东省工业
"《长虹CN[MASK]原理与维修》是1999年福建科学技术出版社出版的图书"中[MASK]位置的文本是：	-7机芯大屏幕彩电
"而在拍摄《女王[MASK]魏大勋更不“吝啬”他的可爱与淘气，为剧组人员一展他专属的爆笑神功"中[MASK]位置的文本是：	派对》期间，
"《这里》是阎韦伶演唱的歌曲，阿丹[MASK]"中[MASK]位置的文本是：	作词，宋世尧作曲
"2009年1月[MASK]中之黄淬锋大师的双面异绣《望月》，杨应修、周金秀大师的《雄狮》，邵春林、刘爱云大师的《饮虎》。"中[MASK]位置的文本是：	10日到2月10日，中国工艺美术大展在北京中国美术馆展出湘绣代表作
"刘学华，男，汉族[MASK]月出生，湖北郧县安阳人，1981年9月参加工作，1985年3月入党，研究生学历"中[MASK]位置的文本是：	，1963年10
"[MASK]晞、陈钰琪、李东学、周海媚、樊少皇、黑子、王德顺、杨明娜等联袂主演"中[MASK]位置的文本是：	《倚天屠龙记》根据金庸同名武侠小说改编，蒋家骏执导，曾舜
"作品：豪门孽情：冷少的逃妻作者[MASK]级）总字数：617933总点击：54957"中[MASK]位置的文本是：	：洛汐灵类别：言情小说状态：已完成（A
"未上大学依然大红的4大明星：第一、蒋欣，近年来她出演的《欢乐颂》在各大卫视热播，他的人气也越来越[MASK]的才华与实力"中[MASK]位置的文本是：	高，知名度也越来越高，蒋欣是中专毕业，没上过大学，能走到今天，完全是依靠自己
"斯氏角孔[MASK]石珊瑚目，滨珊瑚科"中[MASK]位置的文本是：	珊瑚属于
"《迷路也快乐的地方》是潘辰演唱[MASK]，由沈圣哲作词，朱明华作曲"中[MASK]位置的文本是：	的歌曲
"钱小蕙，女，毕业于香港浸会大学传理学院电影系，电影策划[MASK]监制、编剧"中[MASK]位置的文本是：	、
"《[MASK]武侠小说作家萧逸创造的一部武侠小说"中[MASK]位置的文本是：	甘十九妹》是
"詹本，字道生，是建安[MASK]"中[MASK]位置的文本是：	（今福建建瓯）人
"陈文华，[MASK]生于福建省厦门市，1958年毕业于厦门大学历史系"中[MASK]位置的文本是：	1935年出
"《绝代艳后》[MASK]·舒瓦兹曼玛丽王后穿每一件衣服，在凡尔赛款款徐行的时候，都是一幅画，赏心悦目"中[MASK]位置的文本是：	导演:索菲亚·科波拉主演:克斯汀·邓斯特/詹森
"[MASK]香港歌手及演员邓健泓所唱歌曲"中[MASK]位置的文本是：	《十年后的你》是
"MV的导演EikoIshioka（石冈瑛子）出生于东京，在东京国立[MASK]的生涯"中[MASK]位置的文本是：	艺术和音乐大学（“TokyoNationalUniversityOfFineArtandMusic”）完成学业便开始了职业美术设计师
"[MASK]是一个集科、工贸为一体的综合性高新技术企业"中[MASK]位置的文本是：	重庆君翰科技有限公司成立于2004年，
"2001年，与江珊、李幼斌共同主演励志情感剧《永不放弃》，在剧中饰演外科主任梅云，该剧获得第22届[MASK]"中[MASK]位置的文本是：	中国电视剧飞天奖长篇电视剧二等奖
"创作背景专辑《我[MASK]为陈奕迅写的一首作品《天下无双》"中[MASK]位置的文本是：	的快乐时代》中，收录了一首作词人林振强生前
"《赤焰战场》改编自同名漫画，是[MASK]曼、玛丽·露易斯·帕克、海伦·米伦主演的动作片"中[MASK]位置的文本是：	由罗伯特·斯文克执导，布鲁斯·威利斯、约翰·马尔科维奇、摩根·弗里
"佛山名都大酒店占地面积50多亩，建筑面积约50000平方米，配套近万平方米[MASK]，大型动感喷泉，环境优雅"中[MASK]位置的文本是：	的花园式停车场
"《园冶注释》[MASK]造园学家陈植为明代造园学家计成所著《园冶》 做的注释"中[MASK]位置的文本是：	(张悟静设计，中国建筑工业出版社出版)，是我国著名林学家、
"”4、《不属于我们的世纪》作者:[美] 马修·托马斯出版社:广西科学技术出版社推荐理由 |不知从什么时候[MASK]的东西，相信真实的东西因为不完美而闪耀"中[MASK]位置的文本是：	起，就很排斥那些虚假而浮夸
"太阳鸟科 Nectariniidae是雀形目([MASK]鸣禽科，由大约116种小型、色彩鲜明的鸟类组成，广布于全非洲和亚洲的温暖森林中"中[MASK]位置的文本是：	Passeriformes)燕雀亚目(Passeres)的一个
"山西中涛园林景观工程设计监理有限公司位于太原市并州南路，是山西中条山[MASK]子公司，公司注册资金200万元"中[MASK]位置的文本是：	工程设计研究院的独立法人的
"秦裕辉，男，汉族，湖南武冈人，1962年08月生，研究生学历[MASK]，中共党员，享受国务院政 府特殊津贴专家"中[MASK]位置的文本是：	，医学硕士研究员
"[MASK]，1967年9月出生，黑龙江龙江县人，汉族， 中共党员"中[MASK]位置的文本是：	张玉刚，男
"[MASK]是2007年科学出版社出版的图书，作者是时宝"中[MASK]位置的文本是：	《微分方程基础及其应用》
"安徽同兴环保工程股份[MASK]应用的高新技术产业，总部位于安徽省巢湖市，生产基地位于安徽省马鞍山市含山县"中[MASK]位置的文本是：	有限公司是中国大陆一家致力于节能环保技术的开发与
"是环球影业[MASK]》系列电影的第一部"中[MASK]位置的文本是：	发行的《速度与激情
"基本介绍杨子华，汉族[MASK]大学学历，1981年10月参加工作，1985年9月加入中国共产党"中[MASK]位置的文本是：	，湖北枝江人，1963年1月出生，
"站址[MASK]草河口镇，邮政编码117114"中[MASK]位置的文本是：	在辽宁省本溪满族自治县
"《雍正皇帝[MASK]逝》是1999年2月长江文艺出版社出版的书籍，作者是二月河"中[MASK]位置的文本是：	· 恨水东
"中国中煤能源集团有限公司(简称中煤集团)是国务院国资委管理的国有重点骨干企业[MASK]1982年7月成立的中国煤炭进出口总公司"中[MASK]位置的文本是：	，前身是
"《左右逢源官运亨通：官场奇才》是[MASK]的网络小说连载于新浪读书"中[MASK]位置的文本是：	北岸写
"石猴典故孙悟空是中国明代[MASK]吴承恩的著作《西游记》中的角色之一"中[MASK]位置的文本是：	小说家
"蒋秀 女，河南省博爱县人，1938年加入中国共产党[MASK]我党在博爱县发展的第一个女共产党员"中[MASK]位置的文本是：	，是
"《爱情鸟》是林依轮[MASK]张海宁作曲，收录在《鏋椾緷杞?簿阃夐泦》专辑中"中[MASK]位置的文本是：	的音乐作品，
"《失落之诸神纪》是七天七世纪创作[MASK]"中[MASK]位置的文本是：	的网络小说，发表于17K小说网
"《钢琴客》是[MASK]年初正式更名为陈芊岍）所演唱的一首歌曲，该曲收录于陈倩倩的第二张专辑《倩倩的十个白日梦》中"中[MASK]位置的文本是：	中国内地女歌手陈倩倩（2008
"《改变生活的新[MASK]中国经济出版社出版的简体中译图书，作者是[美]弗朗西斯·摩尔·拉佩和安娜·拉佩"中[MASK]位置的文本是：	饮食方式》是2011年
"《武神赵子龙》是程力栋、国建勇、袁英明执导的古装剧，由林更新、林允儿、金桢勋、贾青、高以翔、郭冬冬、孟子义、古力娜扎、[MASK]"中[MASK]位置的文本是：	严屹宽 、赵韩樱子、范雨林、邹兆龙、孙骁骁领衔主演
"姓名：[MASK]（伊朗）   国籍：伊朗   效力球队：德黑兰独立足球俱乐部 代表国家队：出场36次，进0球   欧洲三大杯：出场0次，进0球   欧洲冠军联赛：出场0次，进0球"中[MASK]位置的文本是：	拉马蒂  英文名： Rahmati  场上位置：门将  惯用脚：右脚   出生地：设拉子
"“祝我生日快乐”原是周杰伦广告主题曲，他特别将歌曲由之前《叶惠美》专辑抽掉，温岚更以内敛唱法诠释，《夏天的风》 温岚[MASK]7月6日《夏天的风》是由天天（梁鸿斌）作词，周杰伦作曲，温岚演唱的歌曲"中[MASK]位置的文本是：	 发行时间：2004年
"郑州绿源山水生态农业开发有限公司于2008年7月成立[MASK]区郑州农业高新技术产业示范区开发建设绿源山水项目"中[MASK]位置的文本是：	，2009年，公司投资约3.6亿元人民币，在郑州市惠济
"周正石1931年3月生，浙江余姚人，航空工业总公司第六一四研究所科技办原副主任，科技委专职[MASK]会员，南京航空航天大学气功科学研究会顾问，江苏省气功科学研究会理事，无锡市气功科学研究会常务理事兼科学技术工作委员会主任，浙江大学无锡校友会理事、咨询部长"中[MASK]位置的文本是：	委员，高级工程师，中国航空学会首届至第六届（1982～1992年）机械动力传输专业委员会委员，中国人体科学学会
"黑嘴鹃鸠，Macropygia nigrirostris （Salvadori, 1875），脊索动物门、鸟纲[MASK]一个物种"中[MASK]位置的文本是：	、鸽形目、鸠鸽科、鹃鸠属的
"秀美金球鲀为辐鳍鱼纲鲀形目四齿鲀亚目四齿鲀科[MASK]淡水水域，体长可达10"中[MASK]位置的文本是：	的其中一种，为热带淡水鱼，分布于亚洲泰国、马来西亚及印尼
"《谁[MASK]是板命君创作的网络小说，发表于晋江文学网"中[MASK]位置的文本是：	与争凤》
"加里·佩顿[MASK]Oakland·CA），前美国职业篮球运动员，司职控球后卫，绰号“手套”（The Glove）1"中[MASK]位置的文本是：	（Gary Payton），1968年7月23日出生于美国加利福尼亚州奥克兰（
"林心如的六部古装巅峰之作：2[MASK]1.在《倾世皇妃》中饰演马馥雅一角，妆容精致，配上一身白衣，甜美又含蓄的笑容，美若天仙"中[MASK]位置的文本是：	.在《还珠格格》中饰演夏紫薇（明珠格格）一角林心如的六部古装巅峰之作：
"《两个傻瓜》是徐良和庄雨洁演唱的歌曲，歌曲由徐良作词作曲，收录[MASK]年12月27日发行"中[MASK]位置的文本是：	在徐良2011专辑《不良少年》中，于2011
"这个公主的名字叫做李仙蕙，他是唐朝皇帝唐中宗李显的第七个女儿[MASK]，在李仙蕙长大只有，李显便把他许配给了魏王武延基"中[MASK]位置的文本是：	，据记载这个公主长得十分漂亮，是一位倾国倾城的大美女，因此李显在世的时候十分喜爱这位公主
"《漫谈新闻采访[MASK]由新华出版社出版的书籍，作者是张征"中[MASK]位置的文本是：	》是1996年
"邹应龙之父邹景阳出生于明孝宗弘治[MASK]（1505）"中[MASK]位置的文本是：	末乙丑年
"莫施是一个于2010年[MASK]由上海威淳实业有限公司创立的品牌"中[MASK]位置的文本是：	8月18日
"《惊心动魄》是[MASK]恐怖电影，由方中信，钟丽缇主演"中[MASK]位置的文本是：	邱礼涛执导的香港
"2011年，参演由温成林执导、王雅捷、高云翔、逮军出演的红色情感大戏《以母亲的名义》饰演两角“女儿付彤与母亲付萧”同年参演由楼健执导、[MASK]情感大戏《北京爱情故事》饰演“歌手”她身上自然的气质，将帅气与柔美结合的恰到好处"中[MASK]位置的文本是：	秦海璐、修宗迪、曹海军出演的年代悬疑侦破大戏《金陵秘事》饰演“郭晓雨”2012年，参演由陈思成执导、张译、李晨出演的青春
"[MASK]类网络小说，连载于云中书城，该小说已完结"中[MASK]位置的文本是：	《压寨王妃》是冬月人的一部穿越架空
"《如影随形》是萨顶顶演唱的歌曲，由萨顶顶作词，萨顶顶[MASK]贝多芬作曲"中[MASK]位置的文本是：	、
"《新编日本语能力考试2级综合训练及解题指导》是2007年东华大学出版社出版的[MASK]作者是张桦"中[MASK]位置的文本是：	图书，
"金牌编剧张华标他曾经也做过监制，比如《人在边缘》(编审[MASK]后来不知为何就不再做监制了"中[MASK]位置的文本是：	也是他)，是由刘青云、黎明、黎美娴、陈法蓉等领衔主演的，
"姓名：吕承垣外文名：Yeo Seung-Won身高：185厘米体重：77公斤运动项目：足球所属运动队：水原三星[MASK]，出场10次，进1球"中[MASK]位置的文本是：	场上位置：前锋国籍：韩国出生地：韩国出生日期：1984-05-01主要成绩：代表国家队
"《蚩邪剑之星龙诀》是一部连载于[MASK]洪荒封神小说"中[MASK]位置的文本是：	起点中文网的仙侠
"[MASK]的爱情故事》作者颜颜小姐，17k小说网连载"中[MASK]位置的文本是：	《豪门小妾
"《异世天歌》是最恋惜风创作[MASK]"中[MASK]位置的文本是：	的网络小说，发表于17K小说网
"《出逃剧》是[MASK]演唱的音乐单曲"中[MASK]位置的文本是：	2014年发行，聂禹
"张德山，男，汉族，1981年7月生，大学文化，中共党员，2007年12月参加工作，现在乐业[MASK]"中[MASK]位置的文本是：	派出所工作
"[MASK]01《永远爱你的我》祁隆祁隆02《别伤害我》祁隆祁隆03《爱的赌注》祁隆祁隆04《是否还记得》绿柳祁隆05《街》祁隆祁隆06《火了爱》祁隆祁隆07《有你就足够》祁隆祁隆08《爱你一生》祁隆祁隆09《最后》祁隆祁隆"中[MASK]位置的文本是：	专辑歌曲曲目歌曲　　作词作曲
"《PowerPoint [MASK]文稿制作经典教程》是2010-7海洋出版的图书，作者是魏勇敢"中[MASK]位置的文本是：	2007演示
"袁崇焕的[MASK]1584年出生在广东东莞,是广州人，明朝末年著名军事家、民族英雄、抗清名将"中[MASK]位置的文本是：	生平简介袁崇焕,字元素,号自如,
"赵彤，女[MASK]5月出生，汉族，辽宁开原人"中[MASK]位置的文本是：	，1971年
"《[MASK]是岩田由纪执导，山田孝之主演的爱情电影，于2011年11月19日上映"中[MASK]位置的文本是：	想戴上戒指》
"另一边，刘昊然不像吴磊那样的童星出身，而是[MASK]北京爱情故事》里的宋歌"中[MASK]位置的文本是：	在17岁那年，被陈思诚相中，饰演《
"《羔羊早期断奶新招》是中国农业科技出版的一本图书[MASK]"中[MASK]位置的文本是：	，作者是本社
"球员:伊巴谦生日:1991年8月15日身高:186cm体重:82kg加盟日期:2008-[MASK]位置:前锋前度效力球队:FC达拉斯曾经效力球队:FC达拉斯"中[MASK]位置的文本是：	6球衣号码:999国籍:美国效力球队:多伦多FC场上
"《麦圈可可寻宝记》是由宁波卡酷动画制作有限公司[MASK]集动画片"中[MASK]位置的文本是：	出品，并由姚林执导的一部36
"《陪着我的时候想着她》是中国台湾流行音乐女歌手演唱的一首歌曲，由黄婷作词，鸦片丹谱曲[MASK] 中，亦是该专辑的首波同名主打"中[MASK]位置的文本是：	，收录在郭静2011发行的第五张个人专辑《陪着我的时候想着她》
"个人资料雷切尔·巴格  生日： 1989年03月07日  性别：女  身高：159 厘米  体重：56 公斤  国家[MASK]获得该项目的第二名，2012年澳大利亚测试赛中第一名"中[MASK]位置的文本是：	及地区：澳大利亚  出生地：澳大利亚详细描述2012年澳大利亚公开冠军赛中
"《夏了茶靡》是[MASK]的一本 小说，作者是长岛夏花"中[MASK]位置的文本是：	连载于17k小说网
"《灵魂币》是连载在纵横中文网的小说，[MASK]"中[MASK]位置的文本是：	作者是八色异常
"嫁入豪门后，简直被霍启刚宠上天[MASK]就跟随左右，像个小跟班一样，连看向郭晶晶的眼神都是崇拜的味道"中[MASK]位置的文本是：	了，郭晶晶想要做什么霍启刚
"大鸨指名亚种（学名：Otis [MASK]大型地栖鸟类"中[MASK]位置的文本是：	tarda tarda）是鹤形目鸨科的
"百科名片姜春英，女，1954年4[MASK]人"中[MASK]位置的文本是：	月生，汉族，山东海阳
"原滴虫是动质虫目([MASK]原生动物的统称"中[MASK]位置的文本是：	Kinetoplastida)
"《シークレット部队》（秘密部队）是大映电视剧公司（以下简称大映TV，原是大映公司下的子部门，1971年年底总公司因经营不善而倒闭后独立）在《ザ·ガードマン》结束后于1972年推出的26集刑侦电视连续剧，以私立侦探社调查保险欺诈案件为中心展开，基本继承了《ザ·[MASK]"中[MASK]位置的文本是：	ガードマン》的演员阵容和大致风格，播出时间也和前作相同
"唐大烈 [MASK]清代医家"中[MASK]位置的文本是：	，
"《他对我很[MASK]，品冠演唱的歌曲，该曲收录于品冠2015年发行的专辑《无法理解的大人》中"中[MASK]位置的文本是：	好》是由陈颖见作词，彭学斌作曲
"《魔女杀手[MASK]冷》是月泠汐写的网络小说连载于小说阅读网"中[MASK]位置的文本是：	有点
"44:03音乐原声参考资料：1415幕后花絮1：自2010年至2013年，上野树里时隔三年时间再次回归银幕，与松本润共同出演三木孝浩导演的电影《向阳处的她》，[MASK]"中[MASK]位置的文本是：	这是两人的首次银幕合作
"唐人街探案2豆瓣评分红海行动豆瓣评分王宝强在屏幕上所展现的是地地道道的一个草根形象，无论是《天下无贼》中的傻根，《盲井》中[MASK]发现一身土气、纯朴无华是王宝强的自带属性，无论走到哪，这个贴身便签总是跟到哪"中[MASK]位置的文本是：	的凤鸣，还是《士兵突击》中的士兵许三多以及《我的兄弟叫顺溜》中的顺溜，你都会
"孟和巴特尔，男，[MASK]年8月毕业于内蒙古乌盟卫生学校"中[MASK]位置的文本是：	1955年2月2日生，内蒙古西苏人，1977
"《混在校园的日子》是[MASK]在17K中文网发布的网络小说"中[MASK]位置的文本是：	由聆听天籁创作并
"人物简介[MASK]，出生于1942年6月，四川省中江县人"中[MASK]位置的文本是：	罗永艾，男，汉族
"《网王之若惜羽》是连载于[MASK]文学城的小说，作者是夕羽蕾"中[MASK]位置的文本是：	晋江
"《最美的字句》是[MASK]演唱的一首歌，收录于专辑《亲爱的你》中"中[MASK]位置的文本是：	由林宇中作词作曲，卓依婷
"[MASK]年上海科学技术出版社出版的图书"中[MASK]位置的文本是：	《荣欣家居设计4》是2005
"《仙四之夙惜》是连载于[MASK]文学城的小说，作者是妖窑"中[MASK]位置的文本是：	晋江
"武汉理工大学博士学位论文,[MASK]  [2] 吴静萍"中[MASK]位置的文本是：	2004
"埃永·埃诺在19863月26日出生在昆巴是一名足球运动员，身高178厘米，体重70公斤，[MASK]聪颖过人，球商极高"中[MASK]位置的文本是：	是星工厂阿贾克斯制作的全能中场，看上去显得很木讷，其实
"相信，在不久的未来，在大街小巷，我们将会听见这两首歌曲《雪寻梅》与《缘份让我们[MASK]的完美归来"中[MASK]位置的文本是：	牵手》，让我们一起期待郭玲新作
"而“乔伊林”的饰演者就是宋妍霏，1995年出生于[MASK]一年级·大学季》而开始获得关注"中[MASK]位置的文本是：	澳大利亚，2015年，宋妍霏凭借电视剧《锦衣夜行》而正式进入娱乐圈，同年，凭借真人秀《
"个人资料生日：1970年3月9日  身高：168cm  体重：70kg  血型：B型  无论黄暨平失业，  [MASK]  依然是我的大平平"中[MASK]位置的文本是：	多么落魄，内心苦闷，不问前程，
"1高洋还看出看出自北魏末年以来政府官员不发工资的弊端（不发工资，这些官吏自然变着法子从平民中[MASK]尚新，吏皆奉法”的气象"中[MASK]位置的文本是：	盘剥），开始执行严格的工资发放制度，混乱的吏治局面因此彻底改观，北齐出现“刑政
"[MASK]年，由著名艺术教育家、原中央戏剧学院表演系主任梁伯龙教授领衔教学，中国老教授协会文化艺术专业委员会教学支持"中[MASK]位置的文本是：	北京星城艺术培训中心成立于2001
"《珍宝珠》是[MASK]》中收录的歌曲，专辑已于2012年08月28日发行"中[MASK]位置的文本是：	李克勤最新粤语专辑《在森林和原野
"《清华历史讲堂初编》[MASK]历史系 / 三联书店编辑部"中[MASK]位置的文本是：	是2007年北京三联书店出版的图书，作者是清华大学
"《道法人间》是杯月蝶创作的网络小说，[MASK]小说网"中[MASK]位置的文本是：	发表于17K
"周迅的ex李亚鹏是窦靖童的后[MASK]亲爸窦唯的堂弟，emmm"中[MASK]位置的文本是：	爸，周迅的ex窦鹏是窦靖童
"《新编绩效考核量化管理全案》是2013年清华大学出版社[MASK]，作者是谭中阳"中[MASK]位置的文本是：	出版的图书
"葡萄牙黄金一代经纪公司旗下拥有众多中国球员，每年，黄金一代都向国内输送大批球员，如[MASK]）、张源（权健）、郑剑锋（大连）、欧阳耀冲（贵州）等"中[MASK]位置的文本是：	韩鹏飞（恒大）、宁伟辰（国安
"该剧生动再现了[MASK]不畏牺牲的革命故事"中[MASK]位置的文本是：	炎陵革命先烈何孟雄与缪伯英夫妻二人艰苦奋斗、
"二、书籍篇1、《看见》柴静著柴静不是一个特别优秀的记者[MASK]式采访”，有时候她感性的一面会让采访带上她个人的感情色彩"中[MASK]位置的文本是：	，她有着自己的人性和底线，这让她一度饱受争议，人们称她是“表演
"茶树茶网蝽，Stephanitis chinensis Drake，属[MASK]蝽科冠网椿属的一种昆虫"中[MASK]位置的文本是：	半翅目网
"”刘备从起家到占据荆、益二州及至称帝建立蜀汉政权，文[MASK]超）、黄（忠）五员大将，也即是后来人们称作的“五虎上将”"中[MASK]位置的文本是：	，主要的依靠诸葛亮，武则依靠了关（羽）、张（飞）、赵（云）、马（
"品牌[MASK]名家了，但很少人知道其创始人罗红却是一个摄影爱好者"中[MASK]位置的文本是：	代言人江一燕蛋糕创始人好利来蛋糕，蛋糕界响当当的大
"2014年12月6[MASK]李响与两位“职业达人”夏骄阳、陈默一同走入广州中山大学，围绕“选手”、“达人”和“粉丝”在这四年中的变化进行了一番探讨21"中[MASK]位置的文本是：	日，职场真人秀节目《职来职往》迎来开播四周年，主持人
"《摄影小史+机械复制时代的艺术作品》作者:  瓦尔特·本雅明 译者:  王才勇版本: 江苏人民出版社 2006年7月瓦尔特·本雅明的《摄影小史》（1931）与《机械复制时代的艺术作品》[MASK]"中[MASK]位置的文本是：	（1936年）被称为摄影、文化理论的经典著作
"谁也没有我伤心[MASK] 波拉演唱"中[MASK]位置的文本是：	，流行音乐，由
"《留我枕边》是[MASK]《新扎师兄》的插曲，由梁朝伟和文佩玲，收录在专辑《谁愿》中，1989年发行上市"中[MASK]位置的文本是：	香港无线TVB电视剧
"长白山火山监测站[MASK]镇，占地面积11000平方米"中[MASK]位置的文本是：	位于吉林省安图县二道白河
"从此暗河宫消失，百姓过上安定生活第七部《台湾往事》主演：左小青，刘以豪，[MASK]打打闹闹的孩子们，已经长为青年"中[MASK]位置的文本是：	张书豪，侯彦西，简嫚书，程予希，黄薇渟时光飞逝，转眼间到了1939年，台湾这个小岛上，这些儿时
"且跟小编一起看看~许廷铿，别名：铿铿、Alfred星座：金牛座代表作品：蚂蚁、面具、时光、重新长大、青春颂、仁至义尽、我的志愿、神奇之旅主要成就[MASK]第36届十大中文金曲颁奖音乐会十大中文金曲《青春颂》许廷铿是一位实力派唱将，也是具有高人气的男歌手，从他出现在《超级巨声》的舞台以后，他那极具个人特质的唱腔就引起了不少观众的注意"中[MASK]位置的文本是：	：2011年度叱咤乐坛流行榜颁奖典礼叱咤乐坛生力军金奖、
"年秋，刘起釪考取中央大学[MASK]今南京大学）历史系"中[MASK]位置的文本是：	（
"作品信息《恶毒老人同盟》，由香港电视所制作的电视剧，由姜大卫、郭锋、元华、[MASK]、林熹瞳、李嘉、冼灏英领衔主演"中[MASK]位置的文本是：	白彪、梁宝琪、李枫、李忠希
"梁权，1984年出生于贵州印江，现任铜仁市质量协会常务委员，副秘书长，印江土家族苗族自治县益缘爱心联社秘书[MASK]文化传媒有限公司、贵州省梵净山益缘饮料有限责任公司总经理"中[MASK]位置的文本是：	，益缘集团国际
"《傻子才悲伤》是朴树所演唱的一首歌曲，由朴树作词、作曲，张亚东编曲，收录于朴树2003[MASK]专辑《生如夏花》中"中[MASK]位置的文本是：	年11月28日发行的
"消息传至家乡绍兴，他做[MASK]，调出当年与儿子徐锡麟脱离关系的档案后方无事获释"中[MASK]位置的文本是：	过县吏的父亲徐凤鸣星夜遣散家人，自行去县衙投案，此后在众富绅联保下
"[MASK]Xu et Liu），双翅目虻科虻属的一种昆虫"中[MASK]位置的文本是：	华丽虻，Tabanus splendens （
"沈月生日快乐，[MASK]单纯的小美好》陈小希一角初露光芒，圈粉无数"中[MASK]位置的文本是：	2017年出演青春校园网剧《致我们
"在改编周杰伦经典之作《双截棍》过程中伴唱大合唱总是不如意，他一次又一次的挑剔，一次又一次[MASK]完美"中[MASK]位置的文本是：	让大家重新再来，追求极致的
"《热血无赖》是林宥嘉演唱的歌曲，由林夕[MASK]的专辑《今日营业中》中"中[MASK]位置的文本是：	填词，JerryC、杨子朴谱曲，收录于林宥嘉2016年6月17日发行
"侯羽,[MASK]（集团）有限公司董事长,四川省阆中人，1963年1月出生"中[MASK]位置的文本是：	重庆诗仙太白酒业
"史景[MASK]，1946年生"中[MASK]位置的文本是：	怀
"宇文泰是魏晋南北朝[MASK]实际掌权者，字黑獭，是代郡武川人，也就是今天内蒙古武川西人"中[MASK]位置的文本是：	时期西魏
"大粒墨，为大咽非鲫属未定种，学名（Otopharynx sp Big Spot[MASK]一种淡水鱼类"中[MASK]位置的文本是：	 Tanzania），为鲈形目，慈鲷科，大咽非鲫属
"2012年李亚东执导的微电影《香水有毒》在各大网站播出后，[MASK]有极高的点击率"中[MASK]位置的文本是：	受到了极大的好评更
"郑玉昕，男，1967年7月生，汉族，河北省黄骅人，1995年12月入党，1989年7[MASK]高级工程师"中[MASK]位置的文本是：	月参加工作，大学文化，硕士学位，
"《鸢尾花园》是连载于[MASK]作者是阿色"中[MASK]位置的文本是：	晋江文学城的言情类小说，
"《花之锁[MASK]凑佳苗创作的推理小说，2011年3月10日由文艺春秋出版单行本"中[MASK]位置的文本是：	》（日语：花の锁），日本小说家
"姜作策，男，1953年12[MASK]学历，中学高级教师，山东省平度市南村中学语文教师"中[MASK]位置的文本是：	月出生，汉族，大专
"[MASK]》是17k小说网连载的小说，作者是曼少"中[MASK]位置的文本是：	《妈妈的故事屋
"灰色头像，《灰色头像》是许嵩演唱的一首抒情R&[MASK]"中[MASK]位置的文本是：	amp
"拉希姆·阿尤（Rahim Ayew，1988年[MASK]目前效力于埃及俱乐部扎马莱克"中[MASK]位置的文本是：	4月16日－），是一名加纳足球运动员，司职前卫，
"深圳市人文照明科技有限公司成立于2008年，注册资金1000万[MASK]精英和技术专家组成的核心团队，团队成员均具有国内著名高校教育背景"中[MASK]位置的文本是：	，由行业
"《又见雨夜花》是由吴颂今作词，韩乘光作曲，[MASK]风含情水含笑》中"中[MASK]位置的文本是：	杨钰莹演唱的一首歌曲，收录在专辑《
"广西中铁投资有限责任[MASK]月26日在广西壮族自治区工商行政管理局登记成立"中[MASK]位置的文本是：	公司于2005年09
"广东国鸿资讯科技股份有限公司[MASK]日在广东省工商行政管理局登记成立"中[MASK]位置的文本是：	于1997年11月07
"DiMORA是一家[MASK]顶级豪华汽车制造商"中[MASK]位置的文本是：	来自美国加州的世界著名
"马达加斯加猎鹰，Polyboroides radiatus （Scopoli, 1786），脊索动物门、鸟纲、隼形目、鹰科、鹞[MASK]，包括马达加斯加群岛及其附近岛屿"中[MASK]位置的文本是：	亚科鹞属的一个物种，分布于印度洋
"《网王之悠然看戏》是楼印[MASK]晋江文学网"中[MASK]位置的文本是：	创作的网络小说，发表于
"4、林凤娇“毙掉”[MASK]坚持己见的电影就包括《新宿事件》"中[MASK]位置的文本是：	而成龙又
"“他的史诗—[MASK]南京艺术学院美术馆（南京）"中[MASK]位置的文本是：	—杨佴旻新水墨画中国巡回展”，
"王晶导演表示：“《[MASK]不仅有美女毒如蛇蝎之心肠，更有毒"中[MASK]位置的文本是：	龙迷凤店》中，
"圣诞夜绵绵所属专辑[MASK]浪漫"中[MASK]位置的文本是：	是冬日
"丁金朝，男[MASK]7月4日出生，福建省晋江市人，中共党员"中[MASK]位置的文本是：	，回族，1948年
"《知否[MASK]侯鸿亮制片，张开宙执导，赵丽颖、冯绍峰、朱一龙、主演的电视剧集"中[MASK]位置的文本是：	知否应是绿肥红瘦》是由东阳正午阳光影视有限公司出品，
"《坚持爱》是2008年江苏文艺出版社出版的[MASK]蓝小汐"中[MASK]位置的文本是：	图书，作者是
"金玟岐善写旋律[MASK]：“阿花初次见阿发，没有面红心跳只是尴尬”"中[MASK]位置的文本是：	简单易唱的小人物叙事歌曲，《新娘阿花》亦属此类
"基本资料球员:丸田桂里奈  生日:1983年3月26日  身高:163cm  体重:55kg  加盟日期:2011[MASK]球队:费城独立女足  曾经效力球队:费城独立女足球队阵容中场  保坂和"中[MASK]位置的文本是：	  球衣号码:999  效力球队:千叶市原女足  前度效力
"苏有朋导演的电影《左耳》、江金霖[MASK]》、钟汉良导演的《沙漏》等等，原著小说都是出自饶雪漫笔下"中[MASK]位置的文本是：	导演的网剧《会痛的十七岁
"《CI教学与设计》是2012年[MASK]出版社出版的书籍，作者是李凯"中[MASK]位置的文本是：	1月在中国水利水电
"原子鏸(Marsha Yuan)，1977年3月7日出[MASK]武打女星郑佩佩的女儿"中[MASK]位置的文本是：	生于美国加洲洛杉矶的ABC，演员、歌手、舞蹈教师，香港电影早期著名
"曾华倩在1985版 《雪山飞狐》中饰演女主角苗若兰，因其清丽脱俗的扮相为观众喜爱，成为20世纪80[MASK]"中[MASK]位置的文本是：	年代中期TVB当家花旦
"金水湾·城市广场项目[MASK]6层为商业，面积约3万平米，规划经营有生活超市、时尚百货、数码影院、餐饮、时尚、休闲娱乐等"中[MASK]位置的文本是：	分二期开发，目前正在开发和销售的是一期，一期总建筑面积约5.8万平米，占地4200平米，1~
"《壹种风流》是由2008年7月[MASK]MAGAZINE PUBLISHING LIMITED出版社出版的图书，作者彭浩翔"中[MASK]位置的文本是：	CUP 
"[MASK]导演，秦剑编剧的一部电影"中[MASK]位置的文本是：	《花落红楼》是由吴回
"《朕养你爱妃[MASK]于潇湘书院的穿越小说，作者是一影然"中[MASK]位置的文本是：	》是2012年7月1日起连载
"[MASK]即将开启之际，由起点中文网白金作家“小刀锋利”亲自操刀的原创小说《渡劫》抢先登陆，今日(12"中[MASK]位置的文本是：	2015年度S级ARPG《渡劫》公测
"汤菊香，女，1963年10月出生，教授，[MASK]，河南省植物生理学会委员"中[MASK]位置的文本是：	河南师范大学硕士研究生导师
"锦龙社区居委会地处陈村镇的中心位置，面积约0.74平方公里，现有常住人口[MASK]多人"中[MASK]位置的文本是：	5268人，流动人口3000
"江苏国创磁能设备有限公司于2014年[MASK]月04日在泗阳县市场监督管理局登记成立"中[MASK]位置的文本是：	11
"[MASK]为亚热带季风气候区"中[MASK]位置的文本是：	气候盐官镇
"芮雪梅，女，汉族，1960年7月生[MASK]"中[MASK]位置的文本是：	，大学学历，云南巍山县人
"《掠金[MASK]励志类小说，连载于17K小说网，现已完结"中[MASK]位置的文本是：	笔记》1是网络小说作家上官林2所著的一部职场
"《还你门匙》是由林夕作词，伍乐城作曲，余文乐演唱的一首歌曲[MASK]2002年09月24日"中[MASK]位置的文本是：	，收录于专辑《Private Room》中，发行于
"河源市友兴建筑[MASK]注册资金为壹仟万元"中[MASK]位置的文本是：	装饰有限公司成立于1999年，
"人物简介潘光栋，男，1966年生，广西人，1990年广西[MASK]"中[MASK]位置的文本是：	医科大学临床医学系本科毕业，2006年华西医科大学外科学博士研究生毕业
"乌双斑雀是雀形目、梅花雀科的[MASK]"中[MASK]位置的文本是：	动物
"苹果公司由史蒂夫·乔布斯、斯蒂夫·沃兹尼亚克和Ron Wayne在1976年4月1日[MASK]而闻名"中[MASK]位置的文本是：	创立，在高科技企业中以创新
"《我国不同区域就业弹性的动态比较》，赖德胜[MASK]"中[MASK]位置的文本是：	、包宁，中国人口科学，2011年第6期
"7,杨采妮杨采妮昔日的香港玉女掌门人，出过三张唱片都取得了不错的销量，因与张国荣、林青霞、张曼玉出演《东邪西毒》和徐克导演的《七剑下天山》把[MASK]巅峰，在演艺事业高峰期毅然急流勇退，同男友一起经商"中[MASK]位置的文本是：	她从一个花瓶式的女星送上了电影事业
"《女家督》是起点中文网[MASK]小说作者是sallyjune001"中[MASK]位置的文本是：	连载的穿越架空类小说，
"《相识过亦[MASK]郑国江作词，竹内玛利亚作曲"中[MASK]位置的文本是：	朋友》是林志美演唱的歌曲，由
"但是由于之后卡导把本系列的版权买了出去，便就无缘[MASK]就算有克里斯蒂安·贝尔、萨姆·沃辛顿的加盟也无法拯救口碑，看来人们心中认可的机器人T-800只有阿诺·施瓦辛格，主创只有卡梅隆啊"中[MASK]位置的文本是：	剩下几部的制作，影片的质量下降了不少，2009年上映的《终结者2018》里
"平时经常划艇出外的黄银花终于有了一试身手的机会，苏伯垣[MASK]让黄银花掌握了基本的划龙舟技术"中[MASK]位置的文本是：	当起了妻子的教练，
"《三字童话[MASK]人口出版社出版的图书，作者是梁子"中[MASK]位置的文本是：	》是2008年中国
"2010年4月6日，复旦大学1通过整合多个优势学科资源、[MASK]-研功能有机结合成立复旦大学流域污染控制研究中心"中[MASK]位置的文本是：	产-学
"个人简介郑其文，男，汉族，福建霞浦人，1966年3月出生，中共党员，大学[MASK])"中[MASK]位置的文本是：	学历，现任宁德市检察院反贪局局长(正科级
"接着，王蓉凭借《完美》、《我不是黄蓉》、《爸爸妈妈》、《哎呀》等歌曲走红，略显青涩、打扮简单的邻家姐姐形象深入人心，特别是俏皮[MASK]大街小巷"中[MASK]位置的文本是：	活泼的《我不是黄蓉》和饱含深情的《爸爸妈妈》唱响
"里斯提克(BorivojeRistic )，塞尔维亚 籍足球运动员，现效力于BASK贝尔格莱德 ，[MASK]"中[MASK]位置的文本是：	场上位置是守门
"《[MASK]Brad Peyton）执导本片，4/13北美提前上映"中[MASK]位置的文本是：	末日崩塌》（San Andreas）导演布拉德·佩顿（
"NO.4王祖贤王祖贤曾凭借（倩女幽魂）里“聂小倩”这个角色风靡全世界，后来成为了无数男人心目中的女神，[MASK]小倩”真的就是天然不用去雕塑"中[MASK]位置的文本是：	大家永远都记得她的“
"余丽芬，女，1963年9月生，浙江余姚人，硕士，浙江省社科院[MASK]所副研究员"中[MASK]位置的文本是：	历史
"董尤林[MASK]年生，河南洛阳人"中[MASK]位置的文本是：	 1955
"没错，他就是[MASK]《朝闻天下》当红主播——严於信"中[MASK]位置的文本是：	央视
"《杀神降临》是慌年碎[MASK]起点网"中[MASK]位置的文本是：	梦创作的网络小说，发表于
"《霸道太子》是一部都市小说都市重生小说，作者是 ，[MASK]17K小说网"中[MASK]位置的文本是：	连载平台是
"陈乔恩主演的《命中注定[MASK]》：命中注定的爱"中[MASK]位置的文本是：	我爱你
"《唐诗二十讲》是[MASK]出版社出版的图书，作者是闻一多"中[MASK]位置的文本是：	2009年华夏
"《风中劲草》是一首1983[MASK]《迟来的春天》中与蔡国权合唱的歌曲"中[MASK]位置的文本是：	年，谭咏麟在专辑
"秦皇岛苏商贸易集团[MASK]日在秦皇岛市工商行政管理局登记成立"中[MASK]位置的文本是：	有限公司于2016年2月2
"《黑色蝴蝶》为汪苏泷2014[MASK]歌曲"中[MASK]位置的文本是：	新专辑《传世乐章》中的
"饰演她的演员名叫尚语[MASK]内地女演员，就读于北京电影学院表演系2012级本科"中[MASK]位置的文本是：	贤，尚语贤1994年7月28日出生于四川，中国
"大家知道梁烈唯，1979年3月26日生于中国香港，祖籍广东东莞，是中国香港影视演员，因为长的颜值较高[MASK]》中的庄卓源，因帅气的样貌以及表现，被观众誉为心思缜密、有情有义、最帅气的狙击手"中[MASK]位置的文本是：	，所以他在戏里扮演的角色大多是帅气的，2008年凭着《尖子攻略》和2012年警匪剧《飞虎》获得TVB万千星辉颁奖典礼“飞跃进步男艺员”奖，他主演《飞虎
"张卫-[MASK]《一万个舍不得》是庄心妍演唱，祁隆与乐晴作词，祁隆谱曲的一首歌曲，收录在庄心妍2013年3月15日发行的专辑《一万个舍不得》中"中[MASK]位置的文本是：	机器铃砍菜刀08:27来自莹盈影映庄心妍
"9月，尔玛依娜主演的非主流电影《尔玛的婚礼》被邀请并[MASK]中国）国际电影节34"中[MASK]位置的文本是：	入围了第四届好莱坞（
"王筝-[MASK]单纯越幸福"中[MASK]位置的文本是：	越
"赵现[MASK]文(1917"中[MASK]位置的文本是：	
"《黄爱华与智慧课堂》是2006年北京师范大学出版社出版的[MASK]是教育部师范教育司"中[MASK]位置的文本是：	图书，作者
"周边环境八卦洲位于北纬30°10、东经118[MASK]，全年降雨量为1000~1100mm，降雨过程多发生6月至9月，全年无霜期为237天，全年平均温度为15"中[MASK]位置的文本是：	°49，属亚热带季风气候区，四季分明，气候温和湿润，雨量集中
"《速写讲堂》是2011年重庆出版社出版的图书，作者[MASK]"中[MASK]位置的文本是：	是孙楠，韩旭|
"歌曲简介《不再停留》是由金放作词[MASK]的一首歌曲，并收录在石头2015年发行的专辑《念》中"中[MASK]位置的文本是：	、刘珂明作曲，并由石头演唱
"雪狼[MASK]食肉目、犬科、犬属的一种哺乳动物，皮毛多为白色，身长近2米，重70公斤，有巨大的头和细而柔美的身体"中[MASK]位置的文本是：	（学名：Canis lupus laniger），属于
"联想集团是1984年中科院计算所投资的多元化发展的大型企业集团，作为全球电脑市场[MASK]最有理由采用龙芯的CPU，如果联想电脑采用国产龙芯的CPU,那么龙芯最少可以占领国内PC市场一半以上的市场"中[MASK]位置的文本是：	的领跑企业，很多人一定以为联想集团所生产的电脑，一定会使用国产CPU，因为联想和龙芯都源自中国科学院，国家单位采购电脑又鼓励采购国产品牌，那么联想是
"李绅，字公垂，亳州谯县（今安徽亳州）人，生于官宦之家，他[MASK]，全靠母亲含辛茹苦将他养育成人"中[MASK]位置的文本是：	的曾祖父担任过武则天时期的中书令，祖父和父亲都是唐朝的地方官，但他六岁时父亲就去世了
"《我的娜塔莎》是由山东[MASK]近代革命军人为题材的电视连续剧"中[MASK]位置的文本是：	电视台和大连天歌传媒公司于2010年联合出品的一部以
"版本二源义家（Minamoto Yoshiie）（1039[MASK]的武将"中[MASK]位置的文本是：	 — 1106）是平安时代后期
"2004年12月，高盛获得中国证监会批准成立[MASK]有限责任公司"中[MASK]位置的文本是：	合资公司－高盛高华证券
"《男女之间》这首歌表达了男女之间永远说不清楚的关系，该歌曲收录于黄舒骏的《[MASK]》专辑"中[MASK]位置的文本是：	我是谁
"《谁动了我的琴弦》是周笔畅[MASK]，收录于周笔畅首张同名个人专辑中"中[MASK]位置的文本是：	演唱的歌曲，由柯肇雷作词作曲
"丹尼斯·安德鲁·尼尔森[MASK]日出生于苏格兰阿伯丁郡（Aberdeenshire），菲拉瑟堡（Fraserburgh）,国籍为英联邦（UK）"中[MASK]位置的文本是：	（Dennis Andrew Nilsen），1945年11月23
"[MASK]夏琳心的一本书，出版"中[MASK]位置的文本是：	花心校草霸上我是
"[MASK]等翅目、鼻白蚁科下一个物种"中[MASK]位置的文本是：	苏州乳白蚁是属
"1940年，李讷生于延安，当时[MASK]岁"中[MASK]位置的文本是：	毛泽东48岁，江青26
"斯文-戈兰·埃里克森（瑞典语：Sven-Göran Eriksson，1948[MASK]足球代表队教练"中[MASK]位置的文本是：	年2月5日－）瑞典籍足球教练，2002年至2006年期间担任英格兰
"9个人生活郭松龄的[MASK]，堪称奉天奇女子"中[MASK]位置的文本是：	夫人韩淑秀（1891－1925）
"刺棘鳞鱼又称[MASK]铁线婆是辐鳍鱼纲金眼鲷目金鳞鱼科的一个种"中[MASK]位置的文本是：	刺金鳞鱼，（学名：Sargocentron spinosissimum）俗名金鳞甲、铁甲兵、
"林帝佑，斗门五山镇人（今珠海市斗门区[MASK]起义军领袖黄萧养反抗朝廷"中[MASK]位置的文本是：	五山镇），明朝正统年间随广东农民
"《战前》是[MASK]的网络小说，发表于17K小说网"中[MASK]位置的文本是：	洛鲟创作
"《我家有个捉妖大人[MASK]发表于晋江文学网"中[MASK]位置的文本是：	》是安止创作的网络小说，
"《甄嬛传》由郑晓龙导演[MASK]等人主演，情节曲折，丝丝入扣，可以说是清代宫廷宫斗剧的一个传奇神话"中[MASK]位置的文本是：	，孙俪、陈建斌、蔡少芬、蒋欣
"张桂平，男，汉族，祖籍安徽，1951年[MASK]出生"中[MASK]位置的文本是：	8月
"[MASK]·斯坦执导，帕特里克·法比安、阿什丽·贝尔、路易斯·赫特哈姆主演的惊悚电影，于2010年8月27日在美国上映"中[MASK]位置的文本是：	《最后一次驱魔》是由丹尼尔
"人物履历马定英，女，[MASK]常委办主任，2012年4月任现职级"中[MASK]位置的文本是：	回族，中共党员，1966年3月生，省委党校在职大学，现任州委
"《奥丽芙·基特里奇》是伊丽莎白·斯特劳特[MASK]，获2009年普利策小说奖"中[MASK]位置的文本是：	的第三部作品，2008年出版
"图片由宣传方提供 千龙网发千龙网讯 [MASK]上看风景》近期在湖南卫视火热播出中,作为湖南卫视青春进行时剧场的开年大剧,从开播至今,一路取得了良好的成绩"中[MASK]位置的文本是：	由芒果影视、深蓝影业出品,姜潮、李溪芮、庞瀚辰、何瑞贤、赵旭东、宋奕星主演的“甜宠2018冰山女孩的蜜恋治愈法”偶像剧《我站在桥
"第七单元【皇城[MASK]大结局杨怀民准备美国度假黄少祺大睡三天终于实现"中[MASK]位置的文本是：	龙虎斗】人物分集剧情幕后花絮“神机妙算刘伯温”精采
"《韩空》是连载在起点中文网的[MASK]种马"中[MASK]位置的文本是：	小说，作者是意大利
"大家近段时间都看过靳东主演的《恋爱先生》，他就是一个新生代的“老干部”的代表，他的演技包括[MASK]表现是那么的沉稳自然"中[MASK]位置的文本是：	神态拿捏的非常到位，虽然年轻但在剧中的
"个人生活曾国祥的父亲是香港艺人曾志伟，[MASK]，姐姐是曾宝仪、曾咏仪，弟弟是曾国犹28"中[MASK]位置的文本是：	在家排行第三，有两个姐姐和一个弟弟
"《热血青春之血刃》是百度文学旗下纵横[MASK]2014-05-20正式发布"中[MASK]位置的文本是：	中文网签约作家暗夜流枫创作的一部江湖情仇小说，小说已于
"led灯电源品牌1、欧普照明有关欧普照明股份有限公司创始于1996年，以生产三基色节能灯起家，集LED及传统光源、灯具、电工电器[MASK]一体的高新技术企业"中[MASK]位置的文本是：	等的研发、生产和销售为
"《暗渡陈仓》是1965年上映的法国/意大利电影，[MASK]·乌里导演"中[MASK]位置的文本是：	由杰拉尔
"马蒂亚·[MASK]生于意大利利古里亚大区的热那亚市，是意大利著名足球运动员阿蒂利奥·隆巴多的儿子，现效力于桑普多利亚足球俱乐部，司职中场"中[MASK]位置的文本是：	隆巴多（意大利语：Mattia Lombardo）于1995年2月14日出
"两首歌前奏、间奏的确一模一样，而且《我相信》部分旋律走向也与《何も言えなくて夏》（无言的夏）一模一样，但是两首歌风格不同，《我相信》激昂向上，[MASK]这可能是陈国华在这首歌曲作曲及编曲栏署上自己大名的原因"中[MASK]位置的文本是：	《何も言えなくて夏》（无言的夏）则带有一丝淡淡的感伤，
"《狼烟》是由孙小光执导，连奕名、杨若兮、王新、王珂等主演的年代抗战剧，该剧讲述了一群鄂西少数民族在红军的引导下，从生死对抗转为互伸援手直至冰释前嫌，最终加入..《狼烟》是由孙小光执导，连奕名、杨若兮、王新、王珂[MASK]援手直至冰释前嫌，最终加入共产党，联手粉碎了敌人侵略的阴谋"中[MASK]位置的文本是：	等主演的年代抗战剧，该剧讲述了一群鄂西少数民族在红军的引导下，从生死对抗转为互伸
"弗里德里希·奥古斯塔·莫里茨·雷茨施（Friedrich August Moritz Retzsch，1779年12月9[MASK]插图作家"中[MASK]位置的文本是：	日-1857年6月11日），德国画家，
"曾学远，男，1967年12[MASK]1989年厦门大学中文系毕业，2005年获新闻学硕士学位"中[MASK]位置的文本是：	月生，江西南丰人，
"我很喜欢音乐作词人姚若龙，他曾经在写给张韶涵《遗失的美好》中有[MASK]好：“有些人说不清哪里好，但就是谁都替代不了"中[MASK]位置的文本是：	一句歌词特别
"《德克萨斯的巴黎》是维姆·文德斯执导的剧情片[MASK]戴恩·斯坦通主演，于1984年5月14日上映"中[MASK]位置的文本是：	，由哈利·
"《看见[MASK]作词，王美莲作曲，张惠妹演唱的歌曲"中[MASK]位置的文本是：	自己》是由廖莹如
"《营业部长吉良奈津子》是日本富士电视台制作的女性题材职场[MASK]菜菜子主演，松田龙平、原田泰造和石丸干二等共同出演，于2016年7月21日首播"中[MASK]位置的文本是：	剧，由河毛俊作、西浦正记、石井祐介执导，井上由美子担任编剧，松岛
"[MASK]1963年毕业于河南技工师专"中[MASK]位置的文本是：	人物简介韩广田 ，
"《[MASK]空调专业考试宝典基础部分》是2008年华中科技大学出版社出版的图书，作者是闫全英"中[MASK]位置的文本是：	2008全国勘察设计注册公用设备工程师暖通
"《木质[MASK]出版社出版的图书，作者是张庆禄"中[MASK]位置的文本是：	年华》是2011年华夏
"《我赢定了[MASK]月21日出版的图书，作者是科林·鲍威尔，译者是张强"中[MASK]位置的文本是：	：鲍威尔生活和领导的艺术》是湖南文艺出版社2013年1
"S是继喜多郎之后日本乐界唯一享誉全球的NEW AGE音乐团体），“摇滚诗人”许巍也被片中的故事所震撼，激发了他的创作热情，为大型纪录片《第三极》创作了同名歌曲《第三极》，导演团队也第一[MASK]画面，剪辑了MV，以飨乐迷"中[MASK]位置的文本是：	时间以《第三极》美轮美奂的
"《[MASK]架空历史类小说，作者是Miss古"中[MASK]位置的文本是：	哼坏小子们》是起点中文网连载的
"南海生，男，汉族，1963年12月出生，1981年10月参加工作，甘肃礼县人，大学学历，[MASK]纪检组长(试用期一年)、检委会委员"中[MASK]位置的文本是：	中共党员，曾任西和县人民检察院检察长，拟任陇南市人民检察院党组成员、
"《QP痞子勇士》是一部[MASK]的日剧，于2011年10月5日上映"中[MASK]位置的文本是：	根据同名漫画改编
"《狗尾草在叹息》是1993年浙江人民出版社出版的[MASK]珊"中[MASK]位置的文本是：	图书，作者是赵鑫
"《她比烟花寂寞》是香港已逝[MASK]翻唱专辑《变奏》中"中[MASK]位置的文本是：	天后梅艳芳的一首歌曲，收录进了她在1998年的
"春苔，[MASK]浙江绍兴人"中[MASK]位置的文本是：	原名孙福熙，
"华南系是[MASK]鳞毛蕨科、复叶耳蕨属类生物"中[MASK]位置的文本是：	一直蕨类植物门、蕨纲、真蕨目、
"开网科技[MASK]）有限公司成立于2013年，是一家集软件研发、网络设备、计算机系统集成"中[MASK]位置的文本是：	（北京
"[音乐]俞灏明 -[MASK] 愚先生"中[MASK]位置的文本是：	
"《BAD BOYS J》是2013年春季日剧[MASK]Zone队长中岛健人主演"中[MASK]位置的文本是：	，由Sexy 
"《[MASK]2011年太白文艺出版社出版的图书，作者是我吃西红柿"中[MASK]位置的文本是：	星辰变续（上中下）》是
"上海恒源祥[MASK]家纺公司，成立于1998年，以恒源祥集团强大的经营品牌能力为依托，发展至今，已成为一个拥有天然纤维制品、改良性纤维制品、自主知识产权三大类产品，以及相关配套延伸产品的综合性家居用品企业"中[MASK]位置的文本是：	家用纺织品有限公司是恒源祥旗下
"《[MASK]内蒙古人民出版社出版的图书，作者是楼雨晴"中[MASK]位置的文本是：	如果我们不曾相遇》是2006年
"俞海明，满族，上海市浦东新区[MASK]金融学院，中共党员"中[MASK]位置的文本是：	人，毕业于上海
"水鹨（学名：Anthus [MASK]小型鸣禽，体长约17厘米，翼展23至28厘米，寿命9年"中[MASK]位置的文本是：	spinoletta）是雀形目鹡鸰科的鸟类，属
"53南宋主和势力诋毁陆游“[MASK]”，范成大迫于压力，将陆游免职"中[MASK]位置的文本是：	不拘礼法”、“燕饮颓放
"[MASK]是2008年新世界出版社出版的图书，作者是星云大师"中[MASK]位置的文本是：	《星云大师金刚经讲话》
"陈安，男，1974年2月生，汉族，江苏射阳人，大学[MASK]，1996年8月参加工作"中[MASK]位置的文本是：	学历，学士学位，1996年5月加入中国共产党
"人物简介纪开红，男，彝族，大学文化，1976年7[MASK]工作，2007年1月加入中国共产党，南华县龙川镇人，现任龙川镇人民政府科员"中[MASK]位置的文本是：	月生，1993年8月参加
"科属分类：鸟纲（Aves）、鹦形目（Psittaciformes）、鹦鹉科[MASK]厘米，雄鸟有蓝色顶冠，喉部有鲜红色羽毛，臀部红色，在项上有的一块橙黄斑"中[MASK]位置的文本是：	(Psittacidae)外形特征蓝冠短尾鹦鹉身高大约12
"今天的主人公是刘明祯18岁留学英国22岁硕士毕业于剑桥大学24岁博士毕业于牛津大学25[MASK]岁被任命为电子科技大学材料与能源学院副院长成为该学院最年轻的副院长刘明侦的故事广为人知我们不去探讨这位优秀青年人有无背景，因为在国际顶尖杂志以第一作者发表文章不是拼背景拼来的，依靠的是实实在在的实力"中[MASK]位置的文本是：	岁回国工作被电子科技大学聘为教授26岁入选国家第十二批青年千人计划28
"《歌烬天下》是在起点中文网连载[MASK]头"中[MASK]位置的文本是：	的小说，作者是七月烬
"雷得拉海蛳螺是中腹足目[MASK]通常白色，有的具褐色螺带"中[MASK]位置的文本是：	、海蛳螺科的一种动物，贝壳
"912月17日[MASK]：五军之战》上映，影片全球票房超过9亿"中[MASK]位置的文本是：	，彼得·杰克逊执导的中土系列终结篇《霍比特人
"《权利背后》是由张轩南执导的都市悬疑剧，胡静[MASK]刘恺威等参加演出"中[MASK]位置的文本是：	、任程伟、潘虹、
"《新编[MASK]1998年警官教育出版社出版的图书"中[MASK]位置的文本是：	中专体育》是
"《电梯使用、保养和维修技术》是2005年中国电力出版社出版的[MASK]是朱德文、张柏成"中[MASK]位置的文本是：	图书，作者
"基本信息歌名：有[MASK]  演唱：郝萌  录编混：孟杨传媒乐曲内容[00:01"中[MASK]位置的文本是：	一种爱叫做不离不弃  词曲：孟杨
"三生三世十里桃花：《三生三世十里桃花》是华策影视集团上海剧酷文化传播有限公司、海宁嘉行天下影视文化有限公司、上海三味火文化传播有限公司联合出品的古装玄幻剧，由林玉芬执导[MASK]、张彬彬、祝绪丹等主演，连奕名特别出演"中[MASK]位置的文本是：	，杨幂、赵又廷领衔主演，张智尧 、迪丽热巴、高伟光、黄梦莹
"[MASK]芬芳誓言》，显示出导演王晓棠的魄力"中[MASK]位置的文本是：	全部由非职业演员参与拍摄的《
"同时，在春晚压轴曲目《难忘今宵》[MASK]与老一辈艺术家李谷一及其他演唱艺术家同台献艺"中[MASK]位置的文本是：	中，扬州歌手汤非
"2013年，高圆圆主演的当代都市情感剧《咱们结婚吧》被观众[MASK]第十八届北京影视春燕奖最佳女主角奖"中[MASK]位置的文本是：	熟知，还取得了同时段电视剧收视冠军 ，获得
"汪泗[MASK]清]字姬水，安徽休宁人，居江苏常熟"中[MASK]位置的文本是：	[
"25年前，也就是1993年由王晶导演[MASK] 饰）一句“张无忌你要救六大门派，就来大都找我吧”，拉下了帷幕"中[MASK]位置的文本是：	的《倚天屠龙记之魔教教主》，随着最后赵敏（张敏
"高蓝，教授，博士，1986年本科毕业于兰州大学生物系，1989年硕士毕业[MASK]生命科学学院"中[MASK]位置的文本是：	于中国科学技术大学生物系,2001年博士毕业于西北农林科技大学
"爱得好[MASK]许冠杰演唱的一首歌曲，所属专辑：《难忘许冠杰Sam Hui 30年》"中[MASK]位置的文本是：	紧要是 
"《新猛鬼街》是由美国新线[MASK]·哈利、鲁妮·玛拉、凯尔·加尔纳、凯蒂·卡西迪联合主演1"中[MASK]位置的文本是：	电影公司出品的《猛鬼街》系列恐怖电影的重起版，由塞缪尔·贝尔执导，杰基·厄尔
"分集剧情以上资料来自6演职员表[MASK]致命追踪》中动作量很大，远远超乎他的想象，但他在戏中几乎没用到替身3"中[MASK]位置的文本是：	演员表职员表参考资料4角色介绍参考资料9幕后花絮从来没拍过这么惊险的戏钱泳辰，在《
"和[MASK]的燕京大学，后在保定育德中学教书"中[MASK]位置的文本是：	培元，河北内丘人，毕业于教会学校
"在记者问道这部戏的片名为什么叫[MASK]三脚猫”了，不仅是因为他那张酷似猫儿的脸，而且还有他就是那种看起来听不着调，有点三脚猫的样"中[MASK]位置的文本是：	《无敌三脚猫》时，编剧俞白眉回答道：“其实开始我们也拟了一些其它的题目，但是最后在看见董博文时，就立马决定叫“无敌
"董文华她从80年代的《十五的月亮》唱到90年代《长城长》《春天的故事[MASK]，但是，总政歌舞团的军人身份，使得她在赖昌星走私大案中扮演了不是特别靠谱的角色"中[MASK]位置的文本是：	》的辉煌，可谓家喻户晓的内地大歌星
"埃莫马利·拉赫蒙（塔吉克语：Эмомал[MASK]Эмомалӣ Шарифович Раҳмонов），1952年10月5日出生于库洛布，塔吉克斯坦政治家，自1992年起担任塔吉克斯坦总统至今"中[MASK]位置的文本是：	ии Раҳмон）旧名埃莫马利·拉赫莫诺夫（
"最初吉雅在韩冰的录音棚里[MASK]而慢工出细活，这首《醉在草原唱情歌》出炉前后耗时长达半年之久"中[MASK]位置的文本是：	听到了这首歌曲的demo小样，立刻被歌曲的旋律吸引，
"运动生涯保罗·恩里克[MASK]13日，身高180cm，体重79kg，职业生涯起步于巴西豪门米内罗竞技青训营"中[MASK]位置的文本是：	出生于1989年03年
"李玉连简介1980年毕业于湖北医科学院[MASK]的临床、教学及科研拥有较深厚的造诣，长期与国内外泌尿外科专家保持技术上的交流与合作"中[MASK]位置的文本是：	，中华医学会开封分会会员，普通外科专业委员会副主任员，多年来致力于男性疾病的诊断与治疗，对泌尿外科
"当时[MASK]登基，实力薄弱，到了立后时却敢鼓起勇气颁发一则诏书，诏令大臣们替他寻找民间遗失的宝剑"中[MASK]位置的文本是：	权臣霍光权力极大，甚至想将势力渗入后宫，想让他的小女儿霍成君当上皇后，刘询刚
"[MASK]遂宁市船山区人，自考大学文化，法学学士，工程师，1999年11月参加工作"中[MASK]位置的文本是：	段元华，男，汉族，生于1980年6月，
"中韩合拍的动作喜剧电影《赏金猎人》（又名：Bounty Hunters）将[MASK]中国首映"中[MASK]位置的文本是：	于2016年7月1日在
"该剧讲述[MASK]被卷入一宗土匪抢玉佛的漩涡，虽涉入土匪洪亦之及富家千金穆影 彤(麦翠娴)的三角恋爱中，但受达摩感化，避开私情，最后更率众僧合力保护皇帝，令少林英雄受到赞扬"中[MASK]位置的文本是：	了杂耍小子杨无名(江华)
"气候[MASK]属北亚热带季风气候"中[MASK]位置的文本是：	龙泉镇
"《意识心理学》[MASK]出版社出版的图书，作者是霍涌泉"中[MASK]位置的文本是：	是2006年上海教育
"1  西南兵器工业公司(以下简称西南公司) 成立于1992年11月，主要[MASK]开发、酒店经营、汽摩零部件生产与销售"中[MASK]位置的文本是：	从事汽车（长安微车、长安轿车、长安福特轿车、长安铃木轿车、东风雪铁龙轿车、比亚迪轿车等品牌）销售与服务、房地产
"《生命的残花[MASK]连载于红袖添香网站上的小说，作者是紫忆千寻"中[MASK]位置的文本是：	-青春天空舞翔的桃花雨》是一部
"梅益春1，男，汉族，1983年10月生[MASK]大学学历，中共党员"中[MASK]位置的文本是：	，甘肃岷县人，出生地岷县禾驮，在职
"乔冠华在北京医院溘然长逝，其骨灰盒仅在八宝山公墓里存放了[MASK]由其夫人章含之取回，安放在她的卧室里一年多"中[MASK]位置的文本是：	三天，便
"[MASK]1日机械工业出版社出版的图书，作者是韩雪涛"中[MASK]位置的文本是：	《9天练会新型智能手机维修》是2013年4月
"刘茂杨，男，汉族，1977年出生，初中文化程度，系浙江省云和县大湾乡大湾村人，从事食用菌专业15年，[MASK]，证书号为：0129"中[MASK]位置的文本是：	技术职称为技师，2008年取得云和师傅资格证书
"眉山市彭山牧马山酒业有限公司成立于2014年[MASK]公司位于四川省眉山市彭山区观音镇"中[MASK]位置的文本是：	9月，从事酒类产品生产销售，
"鲁德涅夫，拉脱维亚人，1988-01-13生于陶格夫匹尔斯（[MASK]178厘米"中[MASK]位置的文本是：	拉脱维亚），体重70公斤，身高
"为了不让老百姓负担加重，李世民在颁布[MASK]的所有赋税标准都比隋朝时轻，对于受灾地区一律免收赋税"中[MASK]位置的文本是：	政策时十分注意体恤民情，唐朝初年
"要说2017年爆红的网剧，当然少不了《双世宠妃》，八王爷[MASK]是让人搞笑又让人揪心，痴痴等着《双世宠妃2》归来"中[MASK]位置的文本是：	邢昭林和梁洁的爱情
"网络剧《极品健身邦[MASK]的网络电视剧，该剧由沈沁源、葛袁亮共同执导，李景涛、阴珉、付一桐、廖语辰（中国澳门）、杨梓艺、郝婷婷、文晓妮（中国香港）主演"中[MASK]位置的文本是：	》1是由出和光同心（北京）影业有限公司出品
"2003年的这部《隋唐英雄传》不知道是 多少[MASK]回忆呢"中[MASK]位置的文本是：	人的童年
"人物经历朱心意，男，汉族，1970[MASK]，大学学历、公共管理硕士，中共党员"中[MASK]位置的文本是：	年11月出生，籍贯安徽萧县
"[MASK]》是2010年3月外语教学与研究出版社出版的图书，作者是张中载"中[MASK]位置的文本是：	《文苑散步
"会声会影9：视频编辑完全实用手册[MASK]一本书"中[MASK]位置的文本是：	 是中国青年出版社出版的
"《野狼》是王伟仁、黄伟明导演，杭州百乘影视有限公司[MASK]电视剧，于2010年上映"中[MASK]位置的文本是：	发行的一部
"梁本国，男，中国农业大学[MASK]"中[MASK]位置的文本是：	博士研究生毕业，农学博士
"快乐圣诞（Happy Ero Christmas/해피 에로 크리스마스)是一部由李健东Geon-dong Lee[MASK]韩国)上映"中[MASK]位置的文本是：	为导演的韩国爱情喜剧片，在2003年12月17日 (
"《北京交通史》是2008年清华大学出版社[MASK]的图书，作者是颜吾佴等"中[MASK]位置的文本是：	有限公司出版
"出演了改编自徐克同名武侠电影的电视剧《龙门[MASK]饰演素慧容，相比电影，电视剧版《龙门飞甲》剧情有重大变化，冯文娟与毛俊杰这对女女恋的非典型情愫穿插在剧中"中[MASK]位置的文本是：	飞甲》，在剧中
"姚维钧对黄炎培前妻的子女十分关照，[MASK]兄弟接回来抚养成人"中[MASK]位置的文本是：	把黄孟复
"《爱在每个人心中传递》是一首2008年5.12[MASK]，为鼓励灾区民民众在天灾面前勇敢坚强，我们万众一心，共同面对"中[MASK]位置的文本是：	汶川大地震后，由庄锦斌作词，陆琦谱曲，多位文艺界人士参与录制
"省略N点,导致国内官民十分反感,播[MASK]才提上日程美版《西游记》唐僧与观音有感情纠葛多么深情的激吻啊,老夫聊发少女心韩国版讲的是在21世纪的新师徒四人组啊"中[MASK]位置的文本是：	了三集就停了,中国86版就是杨洁导演,六小龄童的西游记
"《今日关注》是中央电视台中文国际频道（CCTV-4）[MASK]鲁健、王世林、刚强、徐俐、王洲"中[MASK]位置的文本是：	每晚21:30播出的时事述评栏目，主持人是
"植村喜八郎，日本演员，1960年9月[MASK]主要作品有《名侦探柯南》、《金田一少年之事件簿》等"中[MASK]位置的文本是：	5日出生于日本大分县，
"作者简介李家老店，起点中文网签约作者，作品有《天庭清洁工[MASK]神医》 《都市葫芦仙》等2目录第一章"中[MASK]位置的文本是：	》 《超级召唤空间》 《老爸养成计划》 《超级冒牌
"网易娱乐3月1日报道[MASK]，姜潮、李溪芮、孙婉婷等主演的暖冬成长治愈系偶像剧《我站在桥上看风景》正在湖南卫视“青春进行时”周播剧场热播"中[MASK]位置的文本是：	由芒果影视、深蓝影业出品
"《阳光的味道》是张中一导演，陈逸恒、[MASK]参与演出的电视剧"中[MASK]位置的文本是：	马洲、石佩灵等
"《死亡讯息》是一部电影，上映时间[MASK]年"中[MASK]位置的文本是：	是2012
"小谢的父母谢贤和狄波拉因早年感情不和而离婚，小谢和父亲谢贤过着单亲家庭的生活，16岁[MASK]的形象示人，出道不久便走红"中[MASK]位置的文本是：	投身演艺界的谢霆锋，一直以叛逆
"《凤兮凤兮非梧不栖》是在17k小说网上连载的穿越架空类小说，[MASK]乙"中[MASK]位置的文本是：	作者是天
"金成壹，[MASK]，延世大学医科大学毕业，韩国ZN整形外科院长"中[MASK]位置的文本是：	男
"这个身材高挑、外形靓丽的姑娘，2000年因在赵宝刚执导[MASK]而成名"中[MASK]位置的文本是：	的《像雾像雨又像风》中饰演卖花女安琪
"杨春生，2000年7月四川师范大学毕业后，杨春生被[MASK]南充市顺庆区法院工作"中[MASK]位置的文本是：	分配到
"[MASK]年播出的午间剧，由石坂浩二主演"中[MASK]位置的文本是：	《安乐之乡》是朝日电视台2017
"金正日的第三任妻子高英姬[MASK]为成蕙琳，第三位妻子为高英姬，第四位妻子为金英淑"中[MASK]位置的文本是：	原配妻子洪一茜金正日的第一位妻子为洪一茜，第二位妻子
"《黑礁第三季》[MASK]动画《黑礁》系列的第三部，导演是片渊须直"中[MASK]位置的文本是：	是
"山东万林包装有限公司于2014年05月26日在[MASK]登记成立"中[MASK]位置的文本是：	章丘市市场监督管理局
"《汇率风险管理手册[MASK]2006年中国轻工业出版社出版的图书，作者是赵玲华"中[MASK]位置的文本是：	（上下）》是
"基本信息歌曲名称：想不起  专辑名称：香水有毒  歌手姓名：胡杨林[MASK]：国语专辑介绍歌曲《香水有毒》经过好多歌手的试唱，最终因为胡杨林柔美的声线，对歌曲感情的把握"中[MASK]位置的文本是：	  发行时间：2006-6-26  发行公司：太格印象  专辑语种
"《我愿意》的作曲由黄国伦完成，其称，写这首歌的初衷[MASK]2"中[MASK]位置的文本是：	是送给上帝的礼物
"台湾歌手孟庭苇于2012年10月19日推出了她的新民歌专辑《太阳出来了》，在这张蕴含中国各地传统民歌[MASK]讲述子女情深的《女儿贼》，而一曲《阿郎》更是道尽了天下游子浓浓的思乡情"中[MASK]位置的文本是：	元素的专辑里，不仅有充满大爱的公益歌曲《我淡淡的蓝》，也有
"这首《半兽人》是周杰伦[MASK]与周杰伦一贯天马行空不拘一格的创作风格吻合，深得E时代年轻人欢心"中[MASK]位置的文本是：	为他代言的电脑游戏《魔兽争霸三》所谱写的主题歌，
"影片《剩女也疯狂》是导演艾伦·保尔的大[MASK]·安吉洛的大银幕处女作"中[MASK]位置的文本是：	银幕处女作，也是情景喜剧编剧凯特
"厦门和顺达股权投资[MASK]厦门市市场监督管理局登记成立"中[MASK]位置的文本是：	有限公司于2010年6月22日在
"基本信息治愈系女唱将魏雪漫倾心吟唱 新歌传递正能量  在这个满眼尽是浮华充满欲望的都市,在满耳都是歌颂爱情、青春[MASK]吟唱歌曲鲜而有之,而《时间里的花》正好为最初的自己而作"中[MASK]位置的文本是：	主题的华语乐坛,能够沉淀自己用心
"前一段时间吴秀波主演的《虎啸龙吟》试着稍微洗白一下，结果可想而知[MASK]"中[MASK]位置的文本是：	不怎么有效
"何洁新歌《给[MASK]，5月20日“不服来犟”广州个唱也已全面打响"中[MASK]位置的文本是：	陌生女孩的歌》今日已上线
"此后，特伟又制作了两部自己的动画创作[MASK]"中[MASK]位置的文本是：	：《骄傲的将军》和《牧笛》
"台湾绒木蜂属于膜翅目，蜜蜂科[MASK]木蜂亚科"中[MASK]位置的文本是：	，
"冯两努只接受过九年学校教育，1973年预科毕业后，[MASK]读加拿大约克大学，取得学士学位后，回港在中学任教，翌年结婚，育有一女一子"中[MASK]位置的文本是：	一边替人补习赚钱，一边自修自学，终于在1974年入
"[MASK]遮眼》是娘子休创作的网络小说，发表于17K小说网"中[MASK]位置的文本是：	《从良记之
"[MASK]日子》是吴耀权执导，梁铮 、麦家琪等主演的恐怖片"中[MASK]位置的文本是：	《我在监狱的
"据了解王祖蓝老婆李亚男背景惊人，那么她和王祖蓝究竟[MASK]一起的呢"中[MASK]位置的文本是：	是如何走到
"再加上贾乃亮和李小璐之间还有一个女儿[MASK]为了女儿，让这件事情就此过去"中[MASK]位置的文本是：	，这个女儿年纪还很小，所以贾乃亮可能也会选择
"看到[MASK]，就只有kimi没有来了，可能是要上学了，自己一个人就留在家里了吧"中[MASK]位置的文本是：	陈若仪和双胞胎弟弟都来支持林志颖了，一家五口
"梁家坟村是位于商南县边远乡镇十里坪镇的一个边远山村，这里海拔1100多米，[MASK]户户都有以核桃和劳务输出为主的主导产业，去年底，全村人均纯收入达到1200元"中[MASK]位置的文本是：	冬冷夏凉，很适宜夏季避暑，梁家坟现有240户960人，电视、电话入户率达80%以上，
"兰蒂斯天使，学名大口原黑丽鱼（[MASK]鲈形目，慈鲷科，原黑丽鱼属一种淡水鱼类"中[MASK]位置的文本是：	Protomelas annectens），又称蓝排骨，为
"严爵曾替师姐[MASK]冠军的卖座偶像剧《败犬女王》、《下一站，幸福》剧中所有配乐的制作、演奏及编曲全都出自严爵之手，堪称“偶像剧配乐新人王”"中[MASK]位置的文本是：	梁静茹打造《没有如果》歌词（改词自《留我在身边》），而三立电视台两部收视
"由著名词作家屈塬作词[MASK]演唱的《出征》铿锵大气、情深意长，是新时代又一曲军旅杰作"中[MASK]位置的文本是：	，著名军旅作曲家文子、亢竹青作曲，“新军歌王子”金波
"《最强修仙套路系统1》是连载于起点[MASK]是懵然发呆"中[MASK]位置的文本是：	中文网的仙侠小说，作者
"《看透你》[MASK]于晋江文学城"中[MASK]位置的文本是：	是newstart1234写的网络小说连载
"基本信息胡敏，男，汉族，1959年1月生，[MASK]6月入党，1976年12月参加工作，解放军南京政治学院经济管理专业毕业，在职大学学历"中[MASK]位置的文本是：	浙江永康人，1979年
"黄锦泰，男，汉族，福建省永定县人，[MASK]出生，1985年8月参加工作，1992年11月加入中国共产党，本科学历，现任龙岩市经济贸易委员会党组成员、副主任"中[MASK]位置的文本是：	1965年6月
"回顾之时可以去找找他们描写了在东北一个中等工业城市吉林省长春市大型国企工作的一个普通工人家庭一家[MASK]了他的《东北人都是活雷峰》“老张开车去东北，撞了"中[MASK]位置的文本是：	三代之间发生的令人啼笑皆非的趣事该剧于2001年首播北京英氏影视公司推出的中国第一部大型情景喜剧《我爱我家》《东北一家人》是其姊妹片当然这部剧火了还火了雪村火
"[MASK]由白景瑞执导的剧情片，秦祥林、胡慧中等参加演出，1981年在中国台湾上映"中[MASK]位置的文本是：	《皇天后土》是
"2016年1月3日，赵天宇执导的爱情电影《微微一笑很[MASK]"中[MASK]位置的文本是：	倾城》开机，张一白任监制
"《风雨[MASK]月光创作的网络小说，发表于17K小说网"中[MASK]位置的文本是：	中的爱情》是新
"大犰狳（学名：Priodontes[MASK]属的唯一一种，体型较大，通常体重为27千克，最重可达32"中[MASK]位置的文本是：	 maximus），也叫巨犰狳，是贫齿目犰狳科大犰狳
"盖马氏盔鱼（Coris gaimard）又称红龙，小丑龙，黄尾龙，[MASK]鱼类"中[MASK]位置的文本是：	为鲈形目，隆头鱼科，盔鱼属一种热带地区近岸海域生活的
"《牛村规则》是由上海红地毯文化传播有限公司出品[MASK]路上意外得到了一个婴儿后发生的一系列故事"中[MASK]位置的文本是：	的一部电影，导演为冯自立，讲述了牛耳和丽珍在回村
"后来我发现自己越来越喜欢广东歌了，像陈奕迅的《明年今日》、《爱情转移》[MASK]你》、《人生何处不相逢》等经典的粤语老歌"中[MASK]位置的文本是：	等，还有刘德华的《情感的禁区》、《来生缘》，以及《偏偏喜欢
"《斯太尔重型载货汽车维修[MASK]，作者是陆涛"中[MASK]位置的文本是：	手册》是2009年金盾出版社出版的图书
"扬州恒鑫特种钢管有限公司成立于1997年11月份，地处扬州市北郊[MASK]交通十分便利"中[MASK]位置的文本是：	，西接京沪高速公路，东连新建铁路线，
"《花豹突击队》1是[MASK]类小说，现连载于17K小说网"中[MASK]位置的文本是：	网络小说作家竹香书屋2所著著作的一部谍战特工
"个人简介姓名：哈贝格[MASK]183cm  体重：73kg职业生涯哈贝格汉姆是一名后卫，现在效力于诺域治足球俱乐部"中[MASK]位置的文本是：	汉姆  性别：男  国籍：英格兰  出生日期：1992-02-20  身高：
"2009年刘晓洁与徐洪浩[MASK]结婚"中[MASK]位置的文本是：	登记
"《机床液压传动与控制[MASK]，作者是卢光贤"中[MASK]位置的文本是：	》是2006年西北工业大学出版社出版的图书
"在何群导演的《铁血兄弟》[MASK]，该人物虽是一介书生，却胸怀匡扶天下的抱负"中[MASK]位置的文本是：	中饰演男主角江流
"徐家禾(1914～1970)[MASK]望江县泊湖乡人"中[MASK]位置的文本是：	，安庆市
"朱旻，男，1975年9月出生[MASK]1996年8月参加工作，2000年12月入党，大学学历"中[MASK]位置的文本是：	，义乌佛堂人，
"北京震德嘉庆国际文化发展有限公司2014年注册成立，其前身是成立于2006年的北京市古玉标本研究[MASK]鉴藏家王震先生创办"中[MASK]位置的文本是：	中心，由创建北京市古玉标本研究中心的负责人文物
"《红色康乃馨》由陈心豪编剧，包福明[MASK]刘蓓、李强、张先衡、张恒主演"中[MASK]位置的文本是：	导演的22集电视连续剧，该剧由奚美娟、
"《地球最后修行者》为纵横中文网[MASK]教主"中[MASK]位置的文本是：	网络连载小说，作者为张角
"1994年的尚语贤毕业于北京电影学院，2014年，参演[MASK]中演了一个“小太妹”的角色，凭小太妹一角受到观众关注"中[MASK]位置的文本是：	个人首部电影《老炮儿》而进入演艺圈，尚语贤在《老炮儿》
"《八大胡同里的金枝欲孽》是文汇出版社2011[MASK]是肖素均"中[MASK]位置的文本是：	年出版的图书，作者
"[MASK]03月07日在宁阳县市场监督管理局登记成立"中[MASK]位置的文本是：	泰安市希尔康玻璃制品有限公司于2006年
"早年经历乔巍，出生于1987年[MASK]，司职中后卫、后腰"中[MASK]位置的文本是：	7月20日，身高186cm ,体重74kg
"《奇异[MASK]的起源》是2010年大象出版社出版的图书，作者是孟德卫"中[MASK]位置的文本是：	的国度耶稣会适应政策及汉学
"《海洋经济学教程》海洋经济学教程——海洋与经济管理丛书 [MASK]ISBN: 9787505833753  出版社: 经济科学出版社  定价: 25"中[MASK]位置的文本是：	 作者: 徐质斌等编  
"[MASK]是1999年10月1日山西科学技术出版社出版的图书，作者是索晓霞"中[MASK]位置的文本是：	《科学需要特殊的勇敢：伽利略的启迪》
"1.李敏镐 李敏镐在继承者们中饰演金叹，[MASK]帝国集团之子"中[MASK]位置的文本是：	是财阀之子，更是一路伴随韩国产业化与历史浪涛走来的
"《霸王别姬》1993年上映，这部作品导演陈凯歌[MASK]华语影坛的巅峰"中[MASK]位置的文本是：	，霸王别姬不仅仅是他的巅峰之作，更是
"韦德祥(1918—1949)，广西上林县巷贤镇六三[MASK]壮族"中[MASK]位置的文本是：	村人，
"中国第一代电视[MASK]了长篇电视剧《文成公主》。在给观众献上一部珍贵的历史电视剧的同时，也完成了自己三十几年的心愿"中[MASK]位置的文本是：	女导演蔡晓晴，以58岁高龄两赴西藏，拍出
"基本信息姓 名: 　张慧芝  性 别: 　女  职 称: 　高级工程师  学 历: 　大专  通讯地址: 　乌鲁木齐市北京南路818[MASK]甘肃省酒泉市人，汉族"中[MASK]位置的文本是：	号简历张慧芝，女，1959年12月生，
"囍菜(陈慧琳婚礼[MASK]"中[MASK]位置的文本是：	主题歌曲)-陈慧琳
"陈裘大[MASK]人，祖籍广东东莞人，曾任香港政府房屋署屋宇装备总工程师"中[MASK]位置的文本是：	（1945年－），香港
"《口的形状》是台湾歌手林宥嘉演唱并作词作曲的一首歌曲，收录于林宥嘉2014发行的《口的形状[MASK]会同名歌曲"中[MASK]位置的文本是：	》EP，也是其2014年第三次巡回演唱
"[MASK]属于鹱形目的海燕有亲缘关系，所以也有人称之为海燕或燕鹱"中[MASK]位置的文本是：	剪水鹱属鹱形目，鹱科，与同
"刘继远，男[MASK]，现任中国石油乌鲁木齐石化公司党委书记1"中[MASK]位置的文本是：	，中共党员，西华师范大学毕业
"《[MASK]料理在家做》是2011年吉林出版集团出版的图书，作者是范姝岑"中[MASK]位置的文本是：	人气
"倪本毅，字复山，[MASK]"中[MASK]位置的文本是：	开泰人
"刘晓莉与[MASK]事业，快30岁才生了女儿刘亦菲4"中[MASK]位置的文本是：	安少康因忙于
"整张迷你专辑中的填词由姚若龙、崔恕、黄婷等两岸词人共同完成，《我是你的女朋友》、《两道[MASK]亲自完成"中[MASK]位置的文本是：	彩虹》、《火山》三首歌曲的作曲由刘忻
"盔娇鹟是一种雀形目、[MASK]莫西干头，而雌性一身绿色，看起来非常低调"中[MASK]位置的文本是：	娇鹟科类生物，雌雄两性的外貌差别很大，雄性身体黑色有红色的
"江心坡地区，位于中国云南高黎贡山之西恩梅开江及迈立开江之间[MASK]两千里，阔约五百里"中[MASK]位置的文本是：	地带，面积约为27000平方公里，长约
"《无心法师第二季》是由企鹅影业、搜狐视频和唐人影视联合出品的玄幻网络剧，由游达志担任总导演，李国立担任监制，徐子沅编剧，韩[MASK]高泰宇等联袂出演"中[MASK]位置的文本是：	东君、陈瑶、李兰迪、王彦霖、披拉·尼迪裴善官、王艺诺和
"《小宝宝视觉激发黑白卡2 6-18个月》是2010年4[MASK]"中[MASK]位置的文本是：	月吉林美术出版社出版的图书，作者是禾稼
"《[MASK]技法：从基础到进阶》是2016年1月人民邮电出版社出版的图书，作者：王庆松"中[MASK]位置的文本是：	时装画手绘表现
"刘涛因为和现任王珂都[MASK]"中[MASK]位置的文本是：	是二婚
"《2014考研英语题库系列-英译汉必练101篇（最新版）》是世界图书出版公司出版的图书，作者是[MASK]研究委员会"中[MASK]位置的文本是：	全国硕士研究生入学统一考试
"地理位置雾灵山国家级自然保护区位于河北省北部承德市兴隆县境内,地理坐标东经117°17′～117°35′[MASK]′"中[MASK]位置的文本是：	,北纬40°29′～40°38
"《深梦》是严艺丹演唱的歌曲[MASK]作词，严艺丹作曲"中[MASK]位置的文本是：	，由李聪
"梨实蜂[MASK]折梢虫、切芽虫、花钻子等，属于膜翅目，叶蜂科"中[MASK]位置的文本是：	（学名：Hoplocampa pyricola Rohwer）又称为
"《阴谋》是张玮演唱的一首歌曲，由山子作词作曲，收录在张玮2014年6月6日发行的个人EP《喂》中，是[MASK]单曲"中[MASK]位置的文本是：	该EP的第一主打
"冯伟，男，1959[MASK]，1984年12月加入中国共产党，1985年1月参加工作"中[MASK]位置的文本是：	年12月生，汉族，浙江绍兴人，研究生，工学博士，教授
"粗壮温剑水蚤，学名Thermocyclops dybowskii([MASK]是剑水蚤目剑水蚤科的典型物种"中[MASK]位置的文本是：	Lande,1890)，
"栗田贯一出生于1958年3月[MASK]双鱼座，出生地是日本东京"中[MASK]位置的文本是：	3日，
"白秉治，汉族，1936年5[MASK]，曾任教育科副科长等职务"中[MASK]位置的文本是：	月出生
"官[MASK]镇镇政府驻太矾头，人口55654人，面积336.3平方千米"中[MASK]位置的文本是：	渡河
"《墨家传奇》是[MASK]，作者是阎炎"中[MASK]位置的文本是：	连载于17k小说网的异术异能小说
"中国铁道建筑总公司前身是中国人民解放军铁道兵，组建于1948年7月，1984年1月，[MASK]改工，并入铁道部，变成铁道部工程局"中[MASK]位置的文本是：	根据党中央、国务院、中央军委决定，铁道兵整建制集体
"《还是不能失去你》是内地歌手陈娟儿演唱的[MASK]内地制作人龙奔作词作曲，2013年3月19日发行1"中[MASK]位置的文本是：	歌曲由
"《狼王的祸[MASK]连载于云中书城的网络小说，作者是秋水云情"中[MASK]位置的文本是：	妃》是
"图书信息投资者不可不知的股市信息藏宝图  作　者： 张翰林　编著  出 版 社： 民主与建设出版社[MASK] B N ： 9787801129567  定价：￥32"中[MASK]位置的文本是：	  出版时间： 2010-1-1  字　数： 250000  开　本： 16开  I S
"《复仇幽魂》是愤怒的[MASK]的网络小说连载于17k小说网"中[MASK]位置的文本是：	小德写
"《很[MASK]是2016年9月发行的中文歌曲，由邱国新谱曲，彭清演唱"中[MASK]位置的文本是：	想你》
"《痛失我妻》是喜剧类型[MASK]为2002年"中[MASK]位置的文本是：	的影片，上映时间
"《大老板看好[MASK]人文社科类型的小说，作者是源雨顺"中[MASK]位置的文本是：	这样的接班人》是在塔读文学上连载的
"谢志英，1961年毕业于无锡市艺术学校[MASK]花旦、刀马旦、彩旦、老旦等各种不同行当、不同类型的女性形象"中[MASK]位置的文本是：	，后进本团学馆，具有扎实的基本功，善演
"[MASK]天使的翅膀 - 尚芸菲"中[MASK]位置的文本是：	借一双
"歌曲介绍《[MASK]找你》中，由英皇娱乐集团有限公司2007年11月23日出版并发行"中[MASK]位置的文本是：	真的哭了》收录于林峯首张专辑《爱在记忆中
"《草原放歌》[MASK]演唱的一首单曲，作词：李永明，作曲：贺继成"中[MASK]位置的文本是：	是著名蒙古族歌唱家齐峰
"1974年长影重拍《平原游击队》时，挑选了上百个演员都没有找到扮演松井的合适人选，[MASK]许久，最终还是无人能取代方化，只好让方化再次出演"中[MASK]位置的文本是：	松井这个角色，选了
"文清，中国古代[MASK]此谥号的大臣有明朝薛瑄、清朝刘墉等"中[MASK]位置的文本是：	谥号之一，获得
"《塑料滚塑与搪塑/[MASK]化学工业出版社出版的图书，作者是陈昌杰、李惠康、刘汝范、张立旺"中[MASK]位置的文本是：	塑料成型加工丛书》是1997年
"离中国观众最近的一次，是在2010年9[MASK]雅姿盛典”中，普留申科在收到冰坛爱侣申雪、赵宏博的邀请，热情赴约"中[MASK]位置的文本是：	月4日在北京首都体育馆上演的“2010冰上
"丽格海棠（拉丁学名：Begonia[MASK]、秋海棠属、秋海棠科属草本植物"中[MASK]位置的文本是：	×elatior）为葫芦目
"林心如所有的电视剧里我最喜欢的一部可以说就是《[MASK]的顾曼桢塑造的非常成功"中[MASK]位置的文本是：	半生缘》了，林心如把在命运的捉弄下，前半生纯真甜蜜后半生孤独凄美
"浙江万象花卉有限公司成立于1997年，注册资本5000万元，[MASK]号"中[MASK]位置的文本是：	公司总部位于浙江省金华市义乌街921
"我只想说看过《美人心计》，看过《烽火佳人》，看过《乱世佳人》吗，都是晋江文学瞬间倾城的作品，于正身为编剧，把原文改的质量下降，可不关某城的事，文笔不浮夸，古言不附庸风雅，不[MASK]"中[MASK]位置的文本是：	吹牛脑残的作者还有几个
"罗逵，男，汉族，[MASK]大学学历，中共党员，1992年7月参加工作，红岩镇人"中[MASK]位置的文本是：	1968年12月生，
"随后，蔡少芬又出演了《陀枪师姐》[MASK]《洛神》等一系列普遍叫好的电视剧"中[MASK]位置的文本是：	《珠光宝气》
"《飘若浮萍》是连载于[MASK]小说，作者是雪上烟囱"中[MASK]位置的文本是：	起点中文网的
"「少女心曲」是歌手[MASK]"中[MASK]位置的文本是：	王馨平演唱的一首歌曲
"《爱你我[MASK]专辑《狼爱上羊》里的一首单曲"中[MASK]位置的文本是：	不后悔》是华语歌手汤潮
"《love双重奏》是2014年10月4日由江苏影视频道播出的[MASK]领衔主演"中[MASK]位置的文本是：	一部偶像剧，由张毅导演，刘永隆编剧，隋凯、江峰等
"时光网讯好莱坞影星布莱德利·[MASK]日，布莱德利·库珀在担任男主角的同时还将担任该片的导演，Lady Gaga首次担当电影女主角，并且片中的音乐也将由她一手包办1"中[MASK]位置的文本是：	库珀将的导演处女作《一个明星的诞生》原档期2018年9月28日调档至2018年5月18
"《放学了》是由王矜霖创作词曲并演唱[MASK]专辑《放学了》中，于2015年发行"中[MASK]位置的文本是：	的歌曲，收录于同名
"实力派歌手暴林用歌声暖化这个萧瑟清寂的秋天，唱响金秋[MASK]—《心里梦里都是你》"中[MASK]位置的文本是：	小恋曲—
"周杰伦昆凌萧敬腾[MASK]与叶惠美武元庆两妈妈合影"中[MASK]位置的文本是：	巴黎时装秀合影，杰伦
"个人简介布巴·维尔斯(Bubba Wells)，全名查尔斯-理查德“布巴”维尔斯([MASK]月26日出生于肯塔基州"中[MASK]位置的文本是：	CharlesRichard Bubba Wells)，于1974年7
"温兆伦 - [MASK]     温兆伦 - 为我守候        词:陈大力 曲:陈大力/陈秀男        编曲:RICKYHO"中[MASK]位置的文本是：	为我守候        专辑:   
"黄陵渝， 女，汉族，[MASK]1950年8月生于重庆市，中国致公党党员"中[MASK]位置的文本是：	山东沂水人，
"剧情简介《掌声[MASK]电视剧，由俞小凡、张国柱、吴静娴等人主演，讲述优秀篮球教练周雄被同事陷害，含冤入狱，出狱后带领成绩最差的一支女子篮球队奋发图强，击败仇人所领球队，并最后沉冤得雪的故事"中[MASK]位置的文本是：	响起》是台湾华视1988年播出的一部
"陈赞雄，汉族[MASK]"中[MASK]位置的文本是：	
"王浩，男，汉族，1966年10月生[MASK]年10月加入中国共产党，1990年7月参加工作，在职研究生学历，法学硕士"中[MASK]位置的文本是：	，籍贯陕西省西安市，1995
"CDMA发展组织（CDG），成立于1993年，是一家由共同致力于在全球范围推动3GCDMA无线系统的应用和[MASK]国际协会"中[MASK]位置的文本是：	演进的公司所组成的
"《解密》改编自麦家的同名小说，由华策影视出品，安建执导[MASK]陈学冬、颖儿、经超、张哲瀚、郭京飞、印小天、安以轩等人主演的青春励志谍战剧"中[MASK]位置的文本是：	，冯骥编剧，
"据指出，李婉钰是因为在文化大学念硕士，而认识当时也在同校念书的林承祺，进而交往[MASK]却因财务纠纷闹上法院"中[MASK]位置的文本是：	，不过，两人后来
"1940年[MASK]电影导演郑君里在青海金银滩草原拍摄《民族万岁》时，创作了不朽之作《在那遥远的地方》，这首歌曲让中国人如痴如醉，也让西部民歌走向了世界"中[MASK]位置的文本是：	春天，王洛宾随
"王红一，1989年毕业于中南政法学院 ，中山大学[MASK]"中[MASK]位置的文本是：	教授，硕士生导师
"基本简介鹰科(Accipitridae)在生物分类学上是鸟纲中的[MASK]一个科"中[MASK]位置的文本是：	隼形目中的
"毛晓彤，曾在《神雕侠侣》里饰演过[MASK]锦绣未央》中大火了一把"中[MASK]位置的文本是：	郭芙，如今又在《
"陈伟钧，毕业[MASK]大学机械系"中[MASK]位置的文本是：	于上海工业
"其实本来巩俐的戏份会比现在播出的多，但是那时候因为巩俐是内地人，听不懂粤语，所以周星驰在拍《唐伯虎点秋香》的时候是[MASK]的"中[MASK]位置的文本是：	让郑佩佩在旁边当翻译
"《赤脚情缘》是2005年上映[MASK]由蒂尔·斯威格导演"中[MASK]位置的文本是：	的德国喜剧导演，
"《家有儿女系列之借我一个家》是2009年华中科技大学出版社[MASK]笙"中[MASK]位置的文本是：	出版的图书，作者是水墨
"《渐渐爱上你》[MASK]，发表于17K小说网"中[MASK]位置的文本是：	是嫫陌创作的网络小说
"【音乐随身听[MASK]】假如爱有天意-李健"中[MASK]位置的文本是：	
"个人画展1987年，中国美术家协会[MASK]在成都举办《于成松画展》"中[MASK]位置的文本是：	四川分会
"海口善之缘书画艺术有限公司于2013年11月04日在[MASK]"中[MASK]位置的文本是：	海口市工商行政管理局登记成立
"《魔女戏狼君》是一本穿越类型的小说[MASK]由潇湘书院连载"中[MASK]位置的文本是：	，作者紫雨漪漪，
"《不存在的情人》是林俊杰演唱的一首歌曲，由林俊杰作曲、吴青峰填词，收录在林俊杰2011[MASK]Found》中1"中[MASK]位置的文本是：	年发行的专辑《学不会 Lost N 
"《归途如虹》是由广州军区政治部电视艺术中心、中共广东省委宣传部、中央电视台影视部于2003年联合摄制的电视剧，由刘岩执导，[MASK]等主演1"中[MASK]位置的文本是：	王斑、王学圻、李若彤领衔主演，苏岩、富大龙、曾黎
"高满堂编写[MASK]启动拍摄，从曝光大纲看，高满堂笔下将催生又一部“三高剧”"中[MASK]位置的文本是：	的《我的娜塔莎》将在中俄
"王岚，女，1957年出生于武汉，[MASK]湖北武汉人"中[MASK]位置的文本是：	中共党员，
"贝索斯4200万美元造“万年钟”【中关村在线新闻资讯】2月22日消息，美国亚马逊公司创始人杰夫·贝索斯，由他投资的“万年[MASK]目前已进入安装阶段"中[MASK]位置的文本是：	钟”项目进展顺利，
"《情非得已》是儿童歌曲的音乐作品，[MASK]我力荐-超可爱童声翻唱特辑》专辑中"中[MASK]位置的文本是：	张国祥作曲，收录在《酷
"3导演心得鲁坚此前曾编剧、导演《红樱桃之谜》、《玫瑰余香》[MASK]》、《将军的选择》等电影作品"中[MASK]位置的文本是：	、《连环扣》、《不要和他约会》、《天使之吻
"《失窃之物》的迷你专辑第二主打单曲1《墨绿指甲》，源自于微电影中“薇若妮[MASK]，这个喜欢涂抹墨绿色甲油的女子，她隐秘而炙热的爱情"中[MASK]位置的文本是：	卡”的爱情故事
"深圳市天域文化传播有限公司于[MASK]在深圳市市场监督管理局南山局登记成立"中[MASK]位置的文本是：	2012年07月25日
"个人经历1970年5月生，1987年，冯丹以高分考入原[MASK]（现华中科技大学）计算机系"中[MASK]位置的文本是：	华中理工大学
"《反恐24小时第四季》[MASK]公司出品，Robert Cochran、Joel Surnow编剧，强·卡萨和斯蒂芬·霍普金斯执导，基弗·萨瑟兰、丹尼斯·海斯伯特等主演的电视剧"中[MASK]位置的文本是：	是由福克斯广播
"经历了咳血失声、闭关禁声这惊心动魄的一百天之后，林俊杰对生活有了新感悟，加上恢复状况良好，原本中断的新专辑创作又有了火花，他把自己这一百天来的心灵转变告诉了作词家姚若龙，然后[MASK]天》"中[MASK]位置的文本是：	自己作曲，写成了新歌《第几个100
"[MASK]年12月1日云南人民出版社出版的一本图书，作者是刘文典"中[MASK]位置的文本是：	《杜甫年谱》是2012
"《超跑女郎》是由韩轩和陈佳欣导演的[MASK]人参加演出"中[MASK]位置的文本是：	喜剧，瑶瑶、David G（法国）等
"范创建，主治医师，毕业于长治医学院临床专业，从事骨科[MASK]医院脊柱专业"中[MASK]位置的文本是：	近30年，曾进修于北京307
"《赢爱[MASK]方式的10集系列新媒体短剧，于2009年8月24日首映"中[MASK]位置的文本是：	物语》是一部表现新生代年轻人生活观念与
"范方志，贵州财经大学经济学院，院长，[MASK]独家分析人，曾获湖南省第五届青年社会科学优秀学术论文二等奖和复旦大学“光华”奖学金等，贵州省第一任马克思主义学院院长（先后成功地承办了一系列重大学术会议：&quot"中[MASK]位置的文本是：	男，汉族，湖南隆回人，中共党员，教授，硕士生导师，复旦大学经济学博士，中国社会科学院金融研究所博士后，2008年网易“100名经济学家会诊中国”成员之一，“宁波银行全员造富神话”
"菊花桃（学名：Prunus persica Chrysanthemoides）[MASK]菊花而得名，是观赏桃花中的珍贵品种"中[MASK]位置的文本是：	，属蔷薇目，蔷薇科落叶灌木或小乔木，菊花桃因花形酷似
"《社员都是向阳花》是一首创作于二十世纪60年代，在全国广泛传唱的优秀群众歌曲，张士燮作词[MASK]作曲"中[MASK]位置的文本是：	，王玉西
"红鸟翼凤蝶指名亚种（学名：Ornithoptera [MASK]鳞翅目凤蝶科鸟翼蝶属，是一种大型蝴蝶，也是红鸟翼凤蝶的一个亚种"中[MASK]位置的文本是：	croesus croesus）属
"《最后[MASK]那首歌》/在17k小说网与连载的一部青春校园（类型）作品，作者是孤独的根号2"中[MASK]位置的文本是：	一次为你唱
"第十名：[MASK]他仍是看他演的《无心法师》系列剧，本年他主演的《无心法师》第二部也是适当精彩"中[MASK]位置的文本是：	韩东君，知道
"《视频编码与低速率传输[MASK]电子工业出版社出版的图书，作者是沈兰荪"中[MASK]位置的文本是：	》是2002年
"郜进海，男，出生年月，1964年9[MASK]年9月～1985年7月于焦作矿业学院采矿系矿井建设专业学习，获学士学位，1999,6硕士毕业于太原理工大学采矿工程专业，2005,6月博士毕业于太原理工大学采矿工程专业"中[MASK]位置的文本是：	月22日，籍贯：河南安阳，1981
"广汽[MASK]2008年7月"中[MASK]位置的文本是：	乘用车成立于
"《苏维埃国家[MASK]2012-04-01中国少年儿童新闻出版总社出版的图书，作者是段启增"中[MASK]位置的文本是：	的创建者：列宁（成长必读）》是
"刘查[MASK]，毕业于株洲职业技术学院经济贸易系电子商务专业"中[MASK]位置的文本是：	湘，女，出生于湖南省衡阳市
"[MASK]黑土三男执导的古装爱情片"中[MASK]位置的文本是：	《蝉时雨》是由
"海南通用三洋药业有限公司的[MASK]㎡，建筑物占地面积8000㎡"中[MASK]位置的文本是：	生产基地位于海口市秀英永桂工业开发区内，占地面积47357
"出道以来一直[MASK]，与杜淳和张俪饰演的苦难情侣，共同构成了这部电视剧全新的铁三角主演关系"中[MASK]位置的文本是：	以温柔、善良形象出现在荧屏上的姚芊羽，在《美丽背后》将首次挑战腹黑的反面角色
"53潜居颍滨崇宁三年（1104年）正月，苏辙在颍川定居，因感元祐时人所剩无几，于是筑室曰“[MASK]时事，将所感皆寄托于诗中"中[MASK]位置的文本是：	遗老斋”，自号“颍滨遗老”54，终日读书著述、默坐参禅，谢绝宾客，决口不谈
"《文圣剑神》是[MASK]创作的网络小说，发表于起点网"中[MASK]位置的文本是：	一品红茶
"《丢丢铜儿》是朱安禹[MASK]《世界真奇妙》专辑中"中[MASK]位置的文本是：	演唱的歌曲，收录于
"【七月的和弦】是[MASK]歌曲"中[MASK]位置的文本是：	陈星宇中文作词的一首校园
"黑客的五件套：1《[MASK]讲Web安全》是2012年电子工业出版社出版的图书，作者是吴翰清"中[MASK]位置的文本是：	白帽子讲 Web 安全》《白帽子
"后续发展成立于1945年，塔塔汽车公司的存在，确实[MASK]"中[MASK]位置的文本是：	跨越的长度和印度的广度
"歌词如果这是情　　[MASK]词：向雪怀　　曲：K"中[MASK]位置的文本是：	- 胡琳 　　
"黄小琥翻唱的一首歌曲《夜夜夜夜》，此歌曲[MASK]专辑《丝路》。"中[MASK]位置的文本是：	的原唱作者为齐秦早年间的
"美国FOX电视台的08新剧 《危机[MASK]讲述边缘科学的一部电视剧"中[MASK]位置的文本是：	边缘（Fringe）》就是
"个人简介刘方平（生卒年不详），字、号[MASK]今河南洛阳）人，生平事迹不详"中[MASK]位置的文本是：	均不详，唐玄宗天宝年间诗人，洛阳（
"费奥多尔·亚历山德罗维奇·阿勃拉莫夫(俄语：Фёдор Ал[MASK]日－1983年5月)，苏联作家"中[MASK]位置的文本是：	ександрович Абрамов, 1920年2月29
"上海纽京工业设备有限公司于2009年[MASK]日在金山区市场监管局登记成立"中[MASK]位置的文本是：	10月21
"《曾荫权家族》[MASK]，作者是窦应泰"中[MASK]位置的文本是：	是2007年团结出版社出版的图书
"中国海军首位女副舰长——“学霸战士”[MASK]就职深圳华为，2007年考入中山大学地球科学系，博士研究生，中共党员"中[MASK]位置的文本是：	韦慧晓韦慧晓，1977年12月出生，2000年毕业于南京大学，毕业后
"[MASK]音乐作品，收录在《听说你离开他》专辑中"中[MASK]位置的文本是：	《喜欢就这样静静看着你》是周子寒的
"不过，当时[MASK]的却是台湾大学外文系"中[MASK]位置的文本是：	许倬云报考
"《竞技参赛理论研究[MASK]是2010年人民体育出版社出版的图书，作者是田麦久"中[MASK]位置的文本是：	文集》
"吴悼王（或哀王）朱允[MASK]，朱标嫡三子，朱允炆异母弟，太子妃常氏所生，建文元年被封为吴王，未及就藩，建文四年被成祖降封为广泽王，同年又和其弟朱允熞一起被召进京城，以不能匡正建文帝和心怀怨怼为由被废为庶人，囚禁凤阳，暴卒"中[MASK]位置的文本是：	熥（1378－1417或1415）
"《大陆边缘地质构造演化[MASK]的图书，作者是劳秋元等"中[MASK]位置的文本是：	》是1997年同济大学出版社出版
"粗糙澳虎 Diplodactylus[MASK]主要为褐色或红褐色，有不规则灰白色斑，腹面为白色"中[MASK]位置的文本是：	 squarrosus  蜥蜴目，体长为5厘米，身体背面
"《2012年司法考试辅导用书[MASK]八册）》是2012年法律出版的图书，作者是法律考试中心"中[MASK]位置的文本是：	配套测试题解（全
"[MASK]、雨量充沛，具冬暖、夏热、秋长的气候特点"中[MASK]位置的文本是：	7气候特征渝中区属亚热带季风气候，气候温和、四季分明
"《最新三年小学生分类作文范文库》是2009[MASK]中国对外翻译出版公司出版的图书，作者是方洲"中[MASK]位置的文本是：	年5月中国出版集团，
"香奈儿（Chanel）由Coco Chanel于1910年在法国巴黎创立，传言香奈儿一生[MASK]"中[MASK]位置的文本是：	未婚，致力于创造伟大的时尚帝国，同时追求自己想要的自由生活
"第二部：《飞虎极战》《飞虎之潜行极战[MASK]、吴卓羲、张兆辉、王敏德、何佩瑜、吴岱融、梁烈唯等人出演的警匪片"中[MASK]位置的文本是：	》是由优酷与邵氏兄弟国际影业联合出品，李惠民担任监制及总导演，苗侨伟、黄宗泽
"《混乱商朝》是连载于起点[MASK]类小说，作者是夜狼胚"中[MASK]位置的文本是：	中文网的架空历史
"荣子按：《为了爱的缘故：萧红书简辑存注释录》由金城出版社2011年8月1日出版，[MASK]萧红的四十三封书信"中[MASK]位置的文本是：	萧军辑录并注释了
"04  上海市金刚杯、区优质结构、区文明工地  工业建筑上海域邦建设工程有限公司是由[MASK]、大型纺织工业等不同类型的多个专业项目部"中[MASK]位置的文本是：	多种类型的项目部组建而成，其中不仅有侧重民用建筑领域的项目部，还有水泥工业、热电工业、水处理工业
"起源1996年，曾经是微软员工的加布·[MASK]Valve软件公司"中[MASK]位置的文本是：	纽维尔和麦克·哈灵顿一同创建了
"博鲁特·帕霍尔（Borut Pahor）[MASK]月2日生于波斯托伊纳市，1987年毕业于卢布尔雅那大学"中[MASK]位置的文本是：	，1963年11
"那年的情书作词：姚谦[MASK]剩多少思念还有"中[MASK]位置的文本是：	演唱:李烁歌词LRC:绛色手上青春还
"《小城大爱》是由北京[MASK]李妮执导，班嘉佳、冯绍峰主演的都市情感励志轻喜剧1"中[MASK]位置的文本是：	嘉春秋文化传播有限公司出品，由
"《我[MASK]世界》是君独手毁天下创作的网络小说，发表于17K小说网"中[MASK]位置的文本是：	的末日
"克伦威尔生于亨廷登[MASK]学院，信奉清教思想"中[MASK]位置的文本是：	，曾就读剑桥大学的雪梨苏塞克斯
"2014年11月[MASK]，出演赵宝刚的新剧《青年医生》，饰演程俊（2014年11月18日播出）"中[MASK]位置的文本是：	，任重主演的《和平的全盛时代》及继《北京青年》之后又一次携手张俪
"去掉有色眼镜，不得不说《花游记》的故事是让[MASK]新奇又觉得合情合理的存在，洪氏姐妹的编剧功力可见一斑"中[MASK]位置的文本是：	人倍感
"[MASK]的雪》，当时高中生的我也仅限于喜欢薛之谦的歌，对他本人并不是特别了解"中[MASK]位置的文本是：	10年前就听薛之谦的《认真
"为了能够改变妻子王小凤的状况，许立信带着她去了美国生活，从此淡出了[MASK]娱乐圈"中[MASK]位置的文本是：	香港的
"《法泽天下》是斗胆[MASK]发表于17K小说网"中[MASK]位置的文本是：	创作的网络小说，
"2013张皓然全新单曲《蜜蜜宣言》，由知名作词人唐恬操刀作词，朱鸽[MASK]皓然量身打造专属于他的闺蜜宣言"中[MASK]位置的文本是：	作曲，为资深男闺蜜张
"1989年，郑永刚创立杉杉品牌，并率先在中国[MASK]”战略，以创新理念和变革精神推动了中国服装行业的转型升级"中[MASK]位置的文本是：	服装界提出并实施品牌战略，1996年带领企业成功上市并组建杉杉集团，1998年推进“多品牌，国际化
"[MASK]，2017年1-6月集团销售金额排名中国房企第一位，荣登龙头"中[MASK]位置的文本是：	碧桂园集团成立于1992年，2013年步入千亿房企行列
"周冬雨从出道开始就担任了张艺谋导演的《山楂树之恋[MASK]，可谓是星途坦荡，顺利的很"中[MASK]位置的文本是：	》中的女一号
"《离开军营[MASK]执导的连续剧，深圳市鼎山文化发展有限公司发行"中[MASK]位置的文本是：	的日子》是于庚庚
"《重生归途》是新泽天涯[MASK]网络小说，发表于起点网"中[MASK]位置的文本是：	01创作的
"《往日时光》是由歌手谭维维演唱的歌曲，由克明作词，乌兰托嘎作曲，李爱编曲，因在《我是歌手第三季》[MASK]中"中[MASK]位置的文本是：	上翻唱而被人熟知，收录在2010年3月30日发行的谭维维第四张音乐专辑《谭某某》
"白令白鲑[MASK]纲鲑形目鲑科白鲑属的一种鲑鱼，属于冷水性鱼类"中[MASK]位置的文本是：	，Coregonus laurettae （Bean, 1881），为辐鳍鱼
"曹志敏，女，1971年7月生，河北滦县人，北京师范大学历史学院历史学博士，首都师范大学历史学院[MASK]师从龚书铎先生、魏光奇教授，现为天津师范大学历史文化学院副教授"中[MASK]位置的文本是：	历史学博士后，先后
"《[MASK]2008年法律出版社出版的图书"中[MASK]位置的文本是：	我在美国坐牢》是
"布尔兹加洛夫，[MASK]运动员"中[MASK]位置的文本是：	俄罗斯，足球
"《影视人类学原理》是2007[MASK]云南大学出版社出版的图书"中[MASK]位置的文本是：	年
"《灵蛋记》是刹琪马创作的网络小说，[MASK]"中[MASK]位置的文本是：	发表于17K小说网
"《歌手》第七期华晨宇将再[MASK]花花太闪亮了，这首歌互动性非常强，在连续两天的紧张录制中选择唱自己的这首歌是非常明智的选择"中[MASK]位置的文本是：	一次演唱自己的一首代表作品《我管你》，舞台上的
"《重生之崛起》是疯虫子[MASK]纵横中文网"中[MASK]位置的文本是：	创作的网络小说，发表于
"戴荃于2016年3月28[MASK]版"中[MASK]位置的文本是：	号推出了《上海三月》先行
"歌迷甚至[MASK]画皮2网页版》的宣传视频剪接在了一起，称其是可以媲美电影《画皮》插曲《画心》的歌曲，更确定了《陪我去流浪》与电影《画皮2》同名网页游戏合作并非偶然"中[MASK]位置的文本是：	把阿悄的《陪我去流浪》与《
"洪仁杰，男，安徽[MASK]安徽大学艺术学院副院长1"中[MASK]位置的文本是：	潜山人，1963年生，现任
"翁雪珍 [MASK]1942年1月生，福建福州人，中专文化，中共党员，福建丰泉集团董事，会计师，丰泉集团公司财务部经理，福建省电子会计学会福州分会常务理事"中[MASK]位置的文本是：	 女，
"灰沙黄蝶尺蛾，Thinopteryx delectans (Butler)，鳞翅目[MASK]的一个物种"中[MASK]位置的文本是：	尺蛾科
"广州南方高科有限公司[MASK]第七研究所，广州金鹏集团有限公司，北京华虹集成电路设计有限公司和广州市电信实业总公司"中[MASK]位置的文本是：	成立于1999年5月31日，公司股东包括广州电子集团，中国信息产业部电子
"幕后制作1997年6月[MASK]》，琼瑶钦点北京电影学院94级班花蒋勤勤出演萧雨凤一角，时年22岁，琼瑶为之取艺名“水灵”，所以在字幕上的演员名为“水灵”"中[MASK]位置的文本是：	筹拍《苍天有泪
"[音乐]张宇 婚礼祝福[MASK]》经典教唱"中[MASK]位置的文本是：	必唱歌曲《给你们
"新希望六和股份有限公司（股票代码000876）创立于1998年并于[MASK]发行上市"中[MASK]位置的文本是：	1998年3月11日在深圳证券交易所
"中山市麦登灯饰照明有限公司于2011年05月[MASK]工商行政管理局登记成立"中[MASK]位置的文本是：	16日在中山市
"《最美的青春》是北京完美建信影视、承德广播电视台、内蒙古天宝吉祥天影视、承德完美建信影视、完美世界影视联合出品，由巨兴茂执导，郭靖宇监制兼总编剧，杨勇、徐锦川、陈幼军等联合编剧，刘智扬、何雨虹[MASK]鲁佳妮、马赫、贾宏伟等联袂主演的绿色传奇剧"中[MASK]位置的文本是：	、赵恒煊、高明、黑子、
"”洪钟灿PD确定担任李栋旭-曹承佑新剧[MASK]的洪忠灿PD确定将担任由李栋旭-曹承佑出演的JTBC新剧《Life》(暂译)的导演"中[MASK]位置的文本是：	《Life》导演据悉通过《世上最美丽的离别》-《名不虚传》-《Dear My Friends》等剧表现出卓越导演力
"邓正龙，男，汉族，[MASK]广告摄影"中[MASK]位置的文本是：	职业摄影师，从事
"《把[MASK]专辑为《一切为明天》"中[MASK]位置的文本是：	今天还给昨天》是苏芮演唱，所属
"母亲：甄锡1周岁宴会2015年7月4日晚，黄海冰与妻子甄锡在北京某私人会所为黄祺谙办周岁生日[MASK]到不是周末节假日所以将生日宴挪到了4号"中[MASK]位置的文本是：	宴，黄祺谙真正的生日是6月30日，当时考虑
"《针灸学表解》是2007年北京科学技术[MASK]图书，作者是李瑞"中[MASK]位置的文本是：	出版社出版的
"[MASK]音乐作品，收录在《奇异恩典》专辑中"中[MASK]位置的文本是：	《平安夜歌》是李思琳的
"《[MASK]：科学家卷》作者周水涛，武汉出版社出版"中[MASK]位置的文本是：	名人庭训故事
"日本陆军大学的祖师爷梅克尔少校在评价他的学生的时候，就说最能干的不是考试的[MASK]时山炮和野炮孰优孰劣的问题上小川和梅克尔争了起来，山炮派的小川对着梅克尔就嚷上了：“您是先生，我是学生，但我不能接受野炮比山炮强的观点，不相信您回德国去带一个全部野炮的联队，我带一个山炮联队咱们比划比划怎么样"中[MASK]位置的文本是：	第一的东条英教（东条英机他爹），而是儿玉源太郎和小川又次，因为这两位成天和梅克尔争论，一次在运动战
"马利克·比斯[MASK]11月26日出生于美国佐治亚州亚特兰大（Atlanta, Georgia），美国职业篮球运动员，司职得分后卫，效力于NBA丹佛掘金队"中[MASK]位置的文本是：	利（Malik Beasley），1996年
"《从来麻烦自找》是由潘源良填词，Ichirou、[MASK]月23日发行的专辑《思前想后》中"中[MASK]位置的文本是：	Kaneda作曲，谭咏麟演唱的歌曲，收录于谭咏麟1996年8
"薛姨妈，古典小说《红楼梦》中的人物，薛蟠[MASK]"中[MASK]位置的文本是：	和薛宝钗之母，王夫人之妹
"年4月12日晚，嘉健被[MASK]"中[MASK]位置的文本是：	评为2006感动湘潭十大新闻人物之一
"《泡沫之夏》（Summer Desire），是2010年由[MASK]的偶像剧，何润东兼任制作人"中[MASK]位置的文本是：	江丰宏、张博昱执导，徐熙媛、何润东、黄晓明主演
"内蒙古坤德物流[MASK]包头市食品药品监督和工商行政管理局登记成立"中[MASK]位置的文本是：	股份有限公司于2010年06月01日在
"前朝周勃、周亚夫父子一个灭吕安刘，一个平定七王之乱，功高盖世，一个[MASK]逼得饿死"中[MASK]位置的文本是：	被武帝爷爷文帝整得半死，一个被武帝爸爸景帝
"据悉，18年前的经典版《流星花园》中就有庾澄庆弹着吉他在路旁演唱《情非得已[MASK]引起观众共鸣"中[MASK]位置的文本是：	》的经典片段，这次正是为了再现经典，
"张岩，男，[MASK]1980年出生，黑龙江省大庆人，讲师，现就职于东北石油大学电气信息工程学院"中[MASK]位置的文本是：	汉族，
"《缝补灵魂的天使》是2013年春天出版国际文化有限公司出版的图书，作者是法兰辛[MASK]，FrancineRivers"中[MASK]位置的文本是：	．瑞维斯
"康根大夫祖籍陕西汉中镇巴县，酷爱[MASK]中医"中[MASK]位置的文本是：	祖国医学，传统师承
"07年以后我们没有了朴树的消息，偶尔有他要出新专辑的消息传出，但都是空欢喜一场，我们还期待朴树，那个抱着[MASK]》的朴树，时而忧郁时而悲伤"中[MASK]位置的文本是：	吉他唱《白桦林》和《那些花儿
"《东皋子集寒山诗集》是1992年12月1日[MASK]图书，作者是王绩、释寒山"中[MASK]位置的文本是：	出版的
"《异界之王者召唤》是[MASK]落泪写的网络小说连载于17k小说网"中[MASK]位置的文本是：	秋风
"寺岛忍   てらじま しのぶ (TELAJIMA Shinobu)[MASK]其母是女演员富司纯子"中[MASK]位置的文本是：	  生长在演艺世家，其父是歌舞伎演员第七代尾上菊五郎、
"祖鲁别致芋螺是一种新腹足目、芋螺科贝类动物，外形为锥形，[MASK]，占据壳长一半以上"中[MASK]位置的文本是：	螺塔低，体螺层大
"谭震林[MASK]，男，汉族，是中国共产党的优秀党员，久经考验的忠诚的共产主义战士，杰出的无产阶级革命家"中[MASK]位置的文本是：	（1902年4月24日—1983年9月30日）
"英特尔半导体（大连）有限公司于2006年06月06日在大连市[MASK]登记成立"中[MASK]位置的文本是：	工商行政管理局
"主体民族萨摩亚人约20万，[MASK]总人口的90%，属波利尼西亚人种"中[MASK]位置的文本是：	占全国
"2002[MASK]，并在剧中饰演了四大美女之一的貂蝉"中[MASK]位置的文本是：	年，与吕良伟搭档主演了古装剧《貂蝉》
"《弗洛伊德传（上下）[MASK]，作者是彼得·盖伊，龚卓军，高志仁，梁永安"中[MASK]位置的文本是：	》是由鹭江出版社出版于2006-06-01的一部图书
"参加《真正男子汉》的佟丽娅，那时候她刚出月子不久，并且几乎是素颜，能[MASK]不错了"中[MASK]位置的文本是：	有这样的状态
"在2012年时，濮存昕的女儿濮方在北京举行盛大的婚礼，[MASK]岳父的身份送上别致的礼物——灭火器"中[MASK]位置的文本是：	当时现场来了很多明星好友，濮存昕以
"《总是[MASK]晨间连续剧，由《好运罗曼史》金庆熙、《金子轻松出来吧》李亨善导演与《10月美好的一天》金美京编剧共同打造的作品，由金昭惠、权贤尚、金敏京、姜星等主演"中[MASK]位置的文本是：	春天的日子》为韩国MBC电视台于2016年10月31日起播出的
"《健商[MASK]出版的图书，作者是谢华真"中[MASK]位置的文本是：	HQ》是2002年中国社会出版社
"雅虎是[MASK]服务的网站，总部设在美国加州圣克拉克市，在欧洲、亚太区、拉丁美洲、加拿大及美国均设有办事处"中[MASK]位置的文本是：	全球第一家提供因特网导航
"《环球广告公司》是东京电视台2017年10月20日起[MASK]，泽村一树主演"中[MASK]位置的文本是：	播出的电视剧，由川村泰祐执导，冈田惠和担任编剧
"值得一提的是，由徐佳莹包揽[MASK]你唱》栏目里，就由徐佳莹和粉丝共同演绎过收获满满感动，错过了上一次的合唱，这一次，你可别再错过唱吧这次提供的同框演唱机会"中[MASK]位置的文本是：	词曲创作的《失落沙洲》曾在《我想和
"《小天师》是一本[MASK]起点中文网的小说，作者是蠕动的奶牛"中[MASK]位置的文本是：	连载于
"中文名：粗鳍魮英文名[MASK] 目：鲤形目  纲：辐鳍鱼纲(条鳍鱼)形态特征口常能伸缩，无齿"中[MASK]位置的文本是：	：Barbustrachypterus  科：鲤科 
"维客集团股份有限公司[MASK]业的大型商业企业，涉足零售连锁、金融投资等经营领域，是中国服务业500强和山东省重点连锁发展企业"中[MASK]位置的文本是：	是一家以零售连锁为主
"《战前37天》是一个英国纪录片戏剧电视连续剧，[MASK]日至2014年3月8日首次播出"中[MASK]位置的文本是：	这是在BBC2从2014年3月6
"宝塔芋螺[MASK]是新腹足目芋螺科芋螺属的一种"中[MASK]位置的文本是：	（学名：Conus pagodus），
"《水墨丹青凤凰城》是一首风格唯美的新世纪音乐作品，出自[MASK]"中[MASK]位置的文本是：	李志辉《我们远去的家园》音乐专辑
"周宏兴，[MASK]，我国著名作家，书法家，鉴赏家，教育家，诗评家"中[MASK]位置的文本是：	1936年生于吉林省大安市
"冯光浩，男，汉族，1977年[MASK]参加工作，2000年3月加入中国共产党"中[MASK]位置的文本是：	8月出生，籍贯广西博白，大学本科文化，1998年7月
"”关于歌曲[MASK]用另一种方式号召大家利用自己的力量关注那些深陷困难的人们，让他们感受到生活中来自他人的温暖"中[MASK]位置的文本是：	《美之见》，有人说：“蔡妍是
"中孝介-旅立ちの日に作词：[MASK]嶋登作曲：坂本浩美"中[MASK]位置的文本是：	小
"泸州博朗办公设备有限公司[MASK]泸州市江阳区工商行政管理局登记成立"中[MASK]位置的文本是：	于2015年03月02日在
"剧情简介《拜托了妈妈》讲述柳真饰演的[MASK]充满矛盾又真实贴近生活的故事"中[MASK]位置的文本是：	女儿与妈妈与婆婆之间的
"《冰冻星球》英国BBC[MASK]《冰冻地球》于近期推出"中[MASK]位置的文本是：	电视台耗时5年制作的纪录片
"龚剑，女，北京舞蹈学院舞蹈编导[MASK]毕业生，完美世界公司动作捕捉室负责人"中[MASK]位置的文本是：	专业2007届
"《烛光夜》是由林振强作词，C.Y.[MASK]，杨千嬅演唱的一首歌曲，收录在专辑《狼来了》中"中[MASK]位置的文本是：	Kong作曲
"河北赛克普泰计算机咨询服务[MASK]日在桥西区市场监督管理局登记成立"中[MASK]位置的文本是：	有限公司于2010年6月9
"（盗用了一下微博上[MASK]觉得是对不起动漫党的，改编自晓佳奈的同名小说，由石立太一担任导演，京都动画担任制作"中[MASK]位置的文本是：	的图）首先，《紫罗兰永恒花园》不上榜我
"《北洋水师》是一部历史电视剧，由[MASK]、葛优、滕汝骏主演"中[MASK]位置的文本是：	冯小宁执导，陈宝国、陈道明
"《洪水求生[MASK]晨光出版社出版的图书，作者是贝尔"中[MASK]位置的文本是：	》是2000年
"《了断》，是杨培安演唱的歌曲，由杨培安、陈天佑作词，许仁杰作曲，收录于杨培安2015年[MASK]"中[MASK]位置的文本是：	发行的专辑《不属于我的世界》中
"《浮生恋》是冷心[MASK]写的网络小说连载于17k小说网"中[MASK]位置的文本是：	空虚
"卡迪琳娜毕业于中央戏剧学院表演系[MASK]、驾车、游泳等"中[MASK]位置的文本是：	，特长表演、唱歌、跳舞
"温江星元素足球队成立于[MASK]谢菲联拥趸创立，于2013年9月起正式开始了在成都市温江区业余足球界中的闯荡生涯"中[MASK]位置的文本是：	2013年6月，前身为温江蜀川足球队，由一群身处温江的成都
"《业外杂谭录》[MASK]出版的图书，作者是陈存仁"中[MASK]位置的文本是：	是2008年广西师范大学出版社
"[MASK]，收录于专辑《龙飘飘金曲荟萃》中"中[MASK]位置的文本是：	《不想你》是龙飘飘演唱的歌曲
"于连·福贝尔，1983年8月1日出生在法国的勒阿弗尔，福贝尔命中注定[MASK]足球明星"中[MASK]位置的文本是：	要成为一名
"《酒醉酒醒》是王杰在1989年演唱的一首歌曲，收录在1989[MASK]的角色》专辑，由台湾著名音乐人王文清作曲，香港著名填词人潘伟源作词"中[MASK]位置的文本是：	年《故事
"野菠萝蜜[MASK]桑科、波罗蜜属乔木"中[MASK]位置的文本是：	，属于荨麻目、
"当代新闻理论，ISBN：9787501163977[MASK]作者：郑保卫著"中[MASK]位置的文本是：	，
"五、诸葛亮诸葛亮(181年-234年10月8日)，字孔明，号卧龙，汉族，三国时期蜀汉丞相，[MASK]文学家"中[MASK]位置的文本是：	杰出的政治家、军事家、外交家、散文家、书法家、发明家、
"新剧[MASK]坦诚相对》，由日本擅长纯爱剧的著名编剧、小说家北川悦吏子执笔"中[MASK]位置的文本是：	名为《无法
"伊萨刺蝶鱼，[MASK]刺蝶鱼属的其中一个种"中[MASK]位置的文本是：	为辐鳍鱼纲鲈形目鲈亚目盖刺鱼科
"在《引爆点》中，马尔科姆·格拉德韦尔为我们揭示了认知世界的过程，现在，他[MASK]的内心世界"中[MASK]位置的文本是：	的另一力作《决断2秒间》，革命性地为我们展示了如何明了我们自身
"南京大学常熟生态研究院成立于2012年10月，[MASK]南京大学和常熟市合作共建"中[MASK]位置的文本是：	由
"吕雯（1429年－1494年），[MASK]保定东）人"中[MASK]位置的文本是：	字天章，直隶安州（今河北
"2000年，董洁在中央电视台的春节晚会上，与谢霆锋牵手出演歌曲《今生共相伴》[MASK]不少电视台纷纷邀请她做表演嘉宾"中[MASK]位置的文本是：	，担任女主角新娘的她逐渐受到多方关注，
"由唐人影视出品的宫廷玄幻剧《柜中美人》被曝光，群芳主题剧照，本次剧照聚焦剧中女性[MASK]全臻颖、芳草美人、太皇太后，七位美人或天真烂漫，或婉约静雅，或端庄大方，颜值与“眼”戏双双在线，宫斗与姐妹情跃然于屏幕之上，着实令人期待"中[MASK]位置的文本是：	角色：胡飞鸾、黄轻风、秋妃、翠凰、
"[MASK]-9电子工业出版社出版图书，作者是(荷)约翰﹒C﹒奥瑞克等"中[MASK]位置的文本是：	《企业基因重组》是2003
"南京千度金融信息服务有限公司于2015年04月27[MASK]成立"中[MASK]位置的文本是：	日在南京市建邺区市场监督管理局登记
"林业技术专业：招收高中毕业生、“三校生”[MASK]人员，学制三年"中[MASK]位置的文本是：	或具有同等学力的其他社会
"原纵横中文网著名作者，现签约创世中文网，连载玄幻类新作《龙印[MASK]战神》）"中[MASK]位置的文本是：	战神》（原名《盖世
"梨头土白蚁属于动物界等翅目[MASK]科，土白蚁属"中[MASK]位置的文本是：	，白蚁
"《暮光小姐》是百度文学旗下纵横中文网签约作家大月氏[MASK]30正式发布"中[MASK]位置的文本是：	创作的一部游戏同人小说，小说已于2014-03-
"只要提到林惠嘉，李安的叙述都很温柔，他们的[MASK]信任尊重"中[MASK]位置的文本是：	关系，是绝对
"《三国[MASK]孙苗苗、吴佟执导，宋雷涛等主演的电视剧"中[MASK]位置的文本是：	恋》是
"石狮市好田服饰实业有限公司[MASK]日在福建省石狮市市场监督管理局登记成立"中[MASK]位置的文本是：	于2004年8月3
"[MASK]年），姬姓，管氏，名夷吾，字仲，谥敬，春秋时期法家代表人物[1]  ，颍上人（今安徽颍上），周穆王的后代"中[MASK]位置的文本是：	”管仲（约公元前723年－公元前645
"简介短角高体金眼鲷短角高体金眼鲷属金眼鲷目(Beryciformes)金眼[MASK]海水鱼类的统称"中[MASK]位置的文本是：	鲷科(Berycidae)10种纯
"《夺爱》是韩国 [MASK]至 7 月期间播放的晨间连续剧，由林正恩、河珠熙、崔令、黄仁成、金正旭等人领衔演出"中[MASK]位置的文本是：	SBS 电视台于 2008 年 3 月
"皮宗敏（1909-1952）湖南长沙人，1926年[MASK]月南京中央军校第六期"中[MASK]位置的文本是：	10
"《今日说法》是由中央电视台综合频道推出[MASK]经蓓、撒贝宁、路一鸣、元元主持"中[MASK]位置的文本是：	的日播法制栏目，由
"歌曲《[MASK]东达唱片歌曲相关介绍：《鸽子与海》实验性和大胆的曲风或者用勇于突破来形容更贴切，首首都是上等之作"中[MASK]位置的文本是：	把我的手握紧》歌手：郭子所属专辑：鸽子与海 发行年代：1995年唱片公司：
"《女人不再沉默》是中国大陆电视剧，由导演刘二威执导，演员涓子、李幼斌、侯天来1主演，该剧为反映“性骚扰”题材的电视剧1，[MASK]武器保护自己的心路历程"中[MASK]位置的文本是：	写了从女性一开始受到性骚扰的忍气吞声到最后毅然决然拿起法律
"猛架村隶属于贵州省普定县猴场乡，地处普定东北部，坐落于美丽的引子渡湖畔，距猴场乡政府驻地13.5公里，普定县城43公里，安顺市区29公里，全村面积5.8平方公里，有水田1050亩，旱地650亩，全村总人口358户1580人[MASK]占总人口的55%、是猴场乡唯一的仡佬族聚居村"中[MASK]位置的文本是：	，其中仡佬族人口850人，
"《为你自己读书》是2007年中国[MASK]肖卫"中[MASK]位置的文本是：	华侨出版社出版的图书，作者是
"《迢遥千里》是张露演唱的[MASK]在专辑《给我一个吻》里"中[MASK]位置的文本是：	一首单曲，该曲收录
"3、《新情深深雨濛濛》从2016年开始，网络上就一直有传将翻拍经典琼瑶剧《情深深雨濛濛》[MASK]会有伤害，当初主演的赵薇、苏有朋、林心如都已经成一线明星了"中[MASK]位置的文本是：	，而女主剧依萍的扮演者就是当红小花赵丽颖，这一传言早已被证实，这次翻拍经典很多人为颖宝捏了一把汗，毕竟经典很难被超越，有对比就
"人物生平即位宋徽宗大观二年（1108年），段正严的父亲文安帝段正淳[MASK]禅让给儿子段正严3，段正严于是即位4，成为大理国第十六位皇帝"中[MASK]位置的文本是：	出家为僧，将皇位
"《[MASK]书画出版社出版的图书，作者是张宇"中[MASK]位置的文本是：	张宇临褚遂良雁塔圣教序》是2006年上海
"邱荣先邱荣先 (19l0[MASK])湖南江华县人"中[MASK]位置的文本是：	—1989
"《新套马杆》是[MASK]乌兰托娅演唱的一首歌曲"中[MASK]位置的文本是：	乌兰托娅作词、作曲，蒙古族歌手
"《[MASK]于纵横中文网的网络小说，作者是破尘极光"中[MASK]位置的文本是：	永恒圣迹》是连载
"我提[MASK]的，应该是射雕-神雕-倚天,碧血剑-鹿鼎记，书剑恩仇录-飞狐外传-雪山飞狐，而张纪中并不是心血来潮捞完就撤，他对每个系列，都基本是按顺序来的(作品时间:射雕2003年-神雕2006年-倚天2009年，碧血剑2007年-鹿鼎记2008年，书剑2015年-雪山飞狐待定)"中[MASK]位置的文本是：	两点，金庸的作品有剧情连贯性
"平野俊弘（ひらの[MASK]，现改名：平野俊贵 HIRANO TOSHIKI）1956年出生于日本东京都，是80年代冒险动画家之一"中[MASK]位置的文本是：	 としひろ HIRANO TOSHIHIRO
"3月1日，扬州多个专业艺术团体[MASK]时代》元宵特辑在央视演播厅的排练，该节目将于今晚（3月2日晚）7:30播出"中[MASK]位置的文本是：	的近50名演员，参加了中央电视台音乐频道《唱响新
"20世纪80年代末期，林超贤[MASK]副导演，制作了《逃学威龙》《霹雳火》、《飞虎》等一系列电影作品"中[MASK]位置的文本是：	开始担任陈嘉上的
"《[MASK]他与孙俪合作"中[MASK]位置的文本是：	辣妈正传》，
"《中国[MASK]2000年1月由四川人民出版社出版的图书，作者是林存阳"中[MASK]位置的文本是：	之伦理精神》是
"如[MASK]一篇涉及艾青的夫人高瑛大姐"中[MASK]位置的文本是：	她的真情之文非止
"《民本思想[MASK]年出版的图书，作者是诸凤娟"中[MASK]位置的文本是：	的发展逻辑及其当代价值》是2012
"真人动画片就时常有新片被引进，比如2010年上映的《[MASK]好看的，甚至有时比纯动画片还能赢得影迷好评"中[MASK]位置的文本是：	爱丽丝梦游仙境》，最近三年内相继上映的两部《帕丁顿熊》，感觉都还蛮
"《当代文学的概念》[MASK]，作者是洪子诚"中[MASK]位置的文本是：	是2010年北京大学出版社出版的图书
"如此说来，《终点之城》已经是安东尼·霍普金斯出演的由詹姆斯·伊沃里执导的第4部[MASK]合作次数，霍普金斯承认道：“虽然我很喜欢年轻有冲劲的导演，和他们一起，我感觉自己也年轻了很多"中[MASK]位置的文本是：	电影作品了，仅次于他与另外一位电影人理查德·阿滕伯勒（RichardAttenborough）的
"《隐婚日记》是由广东强视传媒出品青春浪漫爱情偶像励志大剧，由王小康执导，李晨、贾青[MASK]潘虹领衔主演"中[MASK]位置的文本是：	、全泰秀、韩雨芹、
"安第斯冠伞鸟委内瑞拉亚种属于动物界、[MASK]属"中[MASK]位置的文本是：	脊索动物门、鸟纲、雀形目、动冠伞鸟
"[MASK]时间》是雷蒙德卡弗写的网络小说连载于17k小说网"中[MASK]位置的文本是：	《晚餐
"我爱上了寂寞12作词：[MASK]编曲：冯丹演唱：波拉"中[MASK]位置的文本是：	翁新荣作曲：波拉
"忻小平，男，汉族，浙江鄞州人，1982年9月参加工作，中共党员，现任[MASK]纪检组长"中[MASK]位置的文本是：	宁波市江北区国家税务局党组成员、
"《超给力特工》是在2011年由加拿大CBC电台发行的一部[MASK]"中[MASK]位置的文本是：	刑侦类的影片，由Natalie Lisinska 、William deVry领衔主演
"导演黄力加[MASK]朱豪有个性、有缺点，打破英雄人物‘零缺点’的定式，给观众带来不同以往的视觉和心理冲击"中[MASK]位置的文本是：	坦言：“《雾都》展现了一个英雄最人性化的一面，但与传统英雄人物不同的是，
"1蓝色贝壳词：陈静楠曲：方文良编：安栋[MASK]邰正宵/朱敬然1"中[MASK]位置的文本是：	制作人:
"《樊梨花征西》是一部小说[MASK]连载网站是纵横女生网"中[MASK]位置的文本是：	，作者是孤帆远影001，
"《创世十三姐妹系列之灵动神州》是一部连载于小说阅读网的[MASK]神之剑xue"中[MASK]位置的文本是：	小说，作者是
"《你画的[MASK]专辑《将要遇见阳光》中的第一主打歌，也是电视剧《夏家三千金》的主题曲"中[MASK]位置的文本是：	彩虹》是华语流行乐男歌手姜洋，首张
"蓝脊凸顶跳甲是属鞘翅目、叶甲科、跳甲亚科[MASK]下一个物种"中[MASK]位置的文本是：	、
"3[MASK]20日友情出演文章指导电视剧《剃刀边缘》 中扮演黄建"中[MASK]位置的文本是：	月
"《千年守墓人》，作者江南雨辰，是[MASK]小说网连载小说"中[MASK]位置的文本是：	17k
"作词：林夕 　　作曲：黄国伦　　主唱：黎明  黎明这首是电影《半生缘》的主题曲，歌和[MASK]沉重"中[MASK]位置的文本是：	电影一样压抑，一样的
"《权少蜜[MASK]        作者：贺允"中[MASK]位置的文本是：	宠小娇妻》是一本都市网络小说     
"《财神[MASK]所属专辑：《福泰源》，填词和谱曲同为林龙"中[MASK]位置的文本是：	来到我家门》
"明星王祖蓝和妻子李亚[MASK]两个的身高，李亚男比王祖蓝高12cm"中[MASK]位置的文本是：	男，先不说他们两个工作学历方面的事情，单是看他们
"《暗号》是盛大网络游戏公司年度游戏《梦幻国度》主题曲，[MASK]、安栋作曲，收录在梦洁2005年发行的专辑《梦幻国度》中"中[MASK]位置的文本是：	由齐放作词，齐放
"《七级公务员》是韩国MBC电视台于2013年01月23[MASK]是由金相侠导演，千成日编剧，崔江姬，周元，黄灿盛（2PM），金敏瑞主演的爱情喜剧"中[MASK]位置的文本是：	日首播1的水木剧，
"《极乐空间》是一部美国动作科幻片，由《第九区》导演[MASK]领衔主演"中[MASK]位置的文本是：	尼尔·布洛姆坎普执导，好莱坞影星马特·达蒙与朱迪·福斯特
"[MASK]中国汉族人，1986年3月13日出生于云南昆明，歌手、演员"中[MASK]位置的文本是：	魏星，男，
"《庭院深深深几许》是台湾华视剧集《庭院深深》的主题曲，该曲由江淑娜演唱，收藏在江淑娜的[MASK]"中[MASK]位置的文本是：	个人音乐精选集里1
"红胸侏秧鸡是一种鸟纲、鹤形目、秧鸡科、侏秧鸡属类[MASK]）以南的整个非洲大陆）"中[MASK]位置的文本是：	生物，分布于非洲中南部地区（包括阿拉伯半岛的南部、撒哈拉沙漠（北回归线
"山椒[MASK]动物的总称，虽名鱼，实非鱼类"中[MASK]位置的文本是：	鱼是两栖纲，有尾目，隐鳃鲵亚目
"蔡斌，男，汉族，[MASK]大学学历，1994年12月加入中国共产党"中[MASK]位置的文本是：	1968年2月出生，山西省河津市人，
"2015年2月19日，由王淑志 、杨健武执导，简远信担任编剧的古装魔幻神话剧《封神英雄》登陆安徽卫视和[MASK]张倬闻在剧中饰演哪吒249"中[MASK]位置的文本是：	深圳卫视全国首播，
"《吉祥》是2004年由中国唱片总公司[MASK]歌曲，由春雷主唱，收录于专辑《吉祥》。"中[MASK]位置的文本是：	发行的
"《重生过去当大佬》是羊杂烩面创作的网络小说[MASK]小说网"中[MASK]位置的文本是：	，发表于17K
"罗朱恋2008年，48岁的“最美丽港姐”朱玲玲与60岁的瑞安集团主席罗瑞康[MASK]当中包括好友林子祥、叶倩文，而朱玲玲前夫霍震霆及3名儿子霍启刚、霍启山及霍启人为免尴尬，未有出席"中[MASK]位置的文本是：	于新加坡举行“闭门婚礼”，一对新人只邀请少数至爱亲友出席分享喜悦，
"《恋恋不忘》根据蓝白色的小说《无爱承欢》改编，[MASK]、王丽文执导，言承旭、佟丽娅、冯婧、吕行、游游、黄柏钧、吴玉芳领衔主演"中[MASK]位置的文本是：	该剧由曾丽珍
"《新跳槽时代》是2009年[MASK]一本图书，作者是文泉杰"中[MASK]位置的文本是：	09月九州出版社出版的
"《刘备志》是连载于17k小说网的网络小说，[MASK]柠檬"中[MASK]位置的文本是：	作者是清香
"张果虎，男，[MASK]学士，中国人民大学工商管理硕士，教授级高级工程师"中[MASK]位置的文本是：	出生于1967年12月，中南工业大学工学
"经历雍梅1，女，汉族，1969年[MASK]"中[MASK]位置的文本是：	5月出生，江苏盱眙人
"、闵柔对石中玉好生失望，似毕竟是[MASK]孩子，你过来"中[MASK]位置的文本是：	自己亲生的孩子，向他招招手，柔声道：“
"陈清洲[MASK]年12月出生于福建厦门，大学本科学历，中共党员"中[MASK]位置的文本是：	，男，汉族，1970
"）2. 小乔+周瑜皮肤上架时间：2016[MASK]的情侣皮肤，又转眼又过了一年"中[MASK]位置的文本是：	年2.14 情人节这对去年各种秀恩爱
"邹明轩的妈妈冉莹颖也是一个[MASK]人服气的人"中[MASK]位置的文本是：	教育小孩子很让
"而反观阿里阵营，先撇开苏宁、高鑫[MASK]还包括浙江最大的连锁超市之一的三江购物，福建的新华都，以及以上海为中心辐射全国的联华超市，大多位于临近浙江大本营的沿海发达地区，未触及中西部，自然把机会留给了腾讯"中[MASK]位置的文本是：	零售（大润发和欧尚）等全国性零售企业，
"第三部《远大前程[MASK]，袁弘，郭采洁，赵立新，倪大红，刘奕君在剧作故事里，洪三元与沈达结拜为兄"中[MASK]位置的文本是：	》主演：陈思诚，佟丽娅
"绍兴中正教育咨询有限公司专业从事专本科学历教育、硕士研究生教育、论文发表、建筑证书挂靠、中高级职称代理[MASK]、等教育咨询服务，公司位于浙江美丽的江南水乡绍兴"中[MASK]位置的文本是：	申报、执业资格培训
"《这个世界的真相》是2010年04月南方[MASK]的图书，作者是阿姜查"中[MASK]位置的文本是：	出版社出版
"《夏日尽末味盘旋迟未去》是玥浅浅创作的网络小说[MASK]小说网"中[MASK]位置的文本是：	，发表于17K
"张耳的儿子张敖接续他父亲做了赵王[MASK]王后"中[MASK]位置的文本是：	，汉高祖刘邦的大女儿鲁元公主嫁给赵王敖做
"蔡依珊，蔡绿峰的小女儿，未出嫁前媒体对她的称呼是“红豆小公主”，现在媒体对她和称呼是[MASK]称呼是“小甜心”"中[MASK]位置的文本是：	“小连夫人”， 而夫家对她的
"闵台镐（朝鲜语：민태호，1834年[MASK]权臣"中[MASK]位置的文本是：	—1884年），朝鲜王朝后期的外戚
"中国[MASK]有限公司成立于2002年，是中国平安保险（集团）股份有限公司旗下的重要成员"中[MASK]位置的文本是：	人寿保险公司第二名：平安人寿中国平安人寿保险股份
"《三个女孩》是由BBC出品，菲丽帕·洛索普执导的电视剧，于[MASK]16日在英国播出12"中[MASK]位置的文本是：	2017年5月
"等扇脊姬蜂是属  [MASK]"中[MASK]位置的文本是：	膜翅目、姬蜂科下一个物种
"年，陈亮从北京航空航天大学飞行学院毕业，成为南航汕头公司的一位飞行员，从此开始了[MASK]”中穿梭的日子"中[MASK]位置的文本是：	每天在茫茫“天路
"蓝头圃鹀是一种脊索动物门、鸟纲、雀形目、鹀科、鹀属类生物，分布于阿尔巴尼亚，乍得[MASK]，阿拉伯叙利亚共和国，土耳其"中[MASK]位置的文本是：	，塞浦路斯，埃及，厄立特里亚，希腊，以色列，约旦，黎巴嫩，马其顿，摩洛哥，巴勒斯坦，沙特阿拉伯，苏丹
"10、谁伴我闯荡\\BEYOND 黄家驹的歌曲能够经久不衰，正是因为它的旋律虽然[MASK]也包含了一种坚韧不屈的奋进精神，给人一种看清困难不断前进的奋斗激情"中[MASK]位置的文本是：	总有点对世事艰难无可奈何的沧桑感，但
"河南国控租赁有限公司（简称“国控租赁”）是河南省国有资产控股运营集团有限公司（简称“河南国控”）的控股子公司，注册资本2亿元[MASK]企业"中[MASK]位置的文本是：	人民币，是经国家商务部和国家税务总局批准的河南省首家内资融资租赁试点
"破晓时分这张唱片的重点宣传歌曲是《后会有期》和《破晓时分[MASK]中充满内敛"中[MASK]位置的文本是：	》。《破晓时分》由中岛美雪作曲，伤感
"《伦虐》是连载在17k小说网的[MASK]明天"中[MASK]位置的文本是：	异术异能小说，作者是速水
"岛艾蛛，Cyclosa insulana[MASK]为蜘蛛目圆蛛科艾蛛属的一种蜘蛛"中[MASK]位置的文本是：	 (Costa, 1834)，
"”（《一代名士张伯驹》，任凤霞著）这让张伯驹和潘素甚[MASK]怎么会有老朋友在这儿呢"中[MASK]位置的文本是：	是惊讶，听声音好像是熟悉之人，可是他们刚刚才来长春，人生地不熟，
"何庆华，男，汉族，中共党员，[MASK]2012年10月起任县政府办副主任"中[MASK]位置的文本是：	1977年9月出生，2001年8月参加工作，
"浙江新光药业股份有限公司于1998年11月[MASK]"中[MASK]位置的文本是：	18日在浙江省工商行政管理局登记成立
"上海沪宁房地产估价有限公司成立于2004年，是一家专业致力于房地产评估的企业，是[MASK]学会”会员单位"中[MASK]位置的文本是：	“上海房地产估价师
"托马索·埃基齐[MASK]效力于帕尔马足球俱乐部"中[MASK]位置的文本是：	，出生于意大利，足球运动员，
"威利·考利-斯坦（Willie Cauley-Stein），1993[MASK]斯皮尔维尔（Spearville, KS），美国职业篮球运动员，司职中锋，效力于NBA萨克拉门托国王队"中[MASK]位置的文本是：	年8月18日出生于美国堪萨斯州
"随后，与郭京飞、甘露、李倩[MASK]2》，在剧中饰演风流作家陆琪好"中[MASK]位置的文本是：	、李岷城出演周琳皓执导的悬疑网剧《暗黑者
"张洋，男，1956年2[MASK]"中[MASK]位置的文本是：	月出生，祖籍江苏无锡
"夏尔·图内米尔（法语：Charles Tournemire，1870年1月22[MASK]管风琴家"中[MASK]位置的文本是：	日－1939年11月4日），法国作曲家，
"《海豚[MASK]，收录在《洗脸》专辑中"中[MASK]位置的文本是：	饭店》是梁咏琪的音乐作品，施立作曲
"《投资学[MASK]机械工业出版社出版的图书，作者是滋维·博迪"中[MASK]位置的文本是：	（原书第5版）》是2002年10月
"《话说长江》这部25集的关于长江沿岸地理[MASK]反响空前热烈，全国观众的反应以及它被赋予的意义已经远远超过了纪录片本身传达出的信息，因为中国观众第一次全面直观地看到了国家的人文地理"中[MASK]位置的文本是：	及人文的纪录片，1983年8月7日在中央电视台首播，播出后
"长濑智也2001年主演的连续剧《女婿大人》红遍全日本甚至全亚洲，剧中主角[MASK]也的代名词"中[MASK]位置的文本是：	樱庭裕一郎的名字很快成了长濑智
"2013年6月[MASK]争议的影片是导演赵半狄历时三年筹备，拍摄的首部大荧幕作品"中[MASK]位置的文本是：	1日《让熊猫飞》上映的这部历经各类
"《厨子当官》是张绍林执导的[MASK]李大强，王璐瑶，田海蓉，李明启，舒畅等主演"中[MASK]位置的文本是：	古装喜剧，由演员李保田，
"《侦探故事365-4[MASK]二十一世纪出版社出版的图书，作者是徐建华"中[MASK]位置的文本是：	》是2010年
"2013年执导电影《一代宗师》，获第33届香港电影金像奖最佳导演奖及[MASK]奖、并在2013年作为第63届柏林电影节开幕影片"中[MASK]位置的文本是：	最佳电影奖、第15届中国电影华表奖优秀对外合拍片奖、第13届精神文明建设“五个一工程”
"王淞，男[MASK]出生，汉族，海南定安人，本科学历，1999年8月参加工作，中共党员，中学高级职称"中[MASK]位置的文本是：	，1975年10月
"商科[MASK]研发和计算机硬件及周边设备、生产及销售的国家高新技术企业"中[MASK]位置的文本是：	集团11994年成立于广州，是一家从事消费数码电子产品
"旧项链是1996年郑秀文演唱的歌曲，[MASK]专辑是《值得》"中[MASK]位置的文本是：	所属
"章睿，[MASK]汉族，1963年12月出生，大学本科（张家口通信学院），曾任中共肃宁县委常委、县纪委书记"中[MASK]位置的文本是：	男，
"山西襄子老粗布有限公司于2010[MASK]在襄垣县工商行政管理局登记成立"中[MASK]位置的文本是：	年3月29日
"《神医大道公前传》是由厦门广播电视集团出品的一部古装喜剧，[MASK]张铎，张芯瑜等主演"中[MASK]位置的文本是：	张弛执导，陈文贵编剧，韩栋、孙耀琦、杜海涛、
"《大唐开国[MASK]是2007年中华书局出版的一本历史类图书，作者是刘后滨"中[MASK]位置的文本是：	》，
"从《今夜天使降临》拍摄完成之后便开始筹划本剧的杨阳导演，对于此部《天使的城》，有着更多的特殊情怀：[MASK]感受到在荧屏上‘雷剧当道’的时代，广大观众对反映现实生活、充满正能量的内容还是有很大需求的"中[MASK]位置的文本是：	《天使》第一部中我想通过怀孕这件事来表现当代青年的生活状态，而它的热播以及观众的热烈反馈让我
"《漂亮[MASK]韩志君执导，白珊、赵岩松等主演的爱情片"中[MASK]位置的文本是：	的女邻居》是
"赵廷仁教授，1956年毕业于华中师范大学化学系，同年[MASK]化学系任教"中[MASK]位置的文本是：	留校于
"歌曲简介范玮琪为电影量身创作同名主题曲《那个静默的阳光午后》温暖歌声 余韵犹存历经几年的拍摄，《那个静默[MASK]将在3月24日院在线映，与更多的观众见面"中[MASK]位置的文本是：	的阳光午后》今年终于搬上大银幕，
"江疏影和杜江[MASK]陈赫、郑恺是上海戏剧学院同学"中[MASK]位置的文本是：	、
"《千年之爱》是韩国SBS电视台于2003年3月22日播出的穿越剧，由李冠熙执导，金基浩，李善美编剧，[MASK]、金南镇主演"中[MASK]位置的文本是：	成宥利、苏志燮
"简介别克帖儿（Bekhter），又作别克铁儿，元太祖成吉思汗铁木真[MASK]母兄"中[MASK]位置的文本是：	的异母兄弟，也速该与速赤吉勒所生，别勒古台的同
"林梅，女，1967年8月出生，广东海丰人，[MASK]项目管理专家”资质（IPMP之C级）获得者"中[MASK]位置的文本是：	管理学博士，深圳大学管理学院副教授，硕士生导师，国际项目管理“
"骂战之后，他的作品不多，在2014年和黄晓明、范冰冰一起出演过电影《白发魔女传之明月天国》，和刘烨一起主演了电影《全城通缉》，并出演了一部抗战电视剧《铁血红安》之后，在2017年，又上映了一部动作电影《[MASK]口碑和票房都是惨败"中[MASK]位置的文本是：	荡寇风云》，他在里面出演主角戚继光，这部戏虽然被寄予厚望，但结果并不理想，
"在北大2年里优异的学生干部工作表现，使麻宁[MASK]”"中[MASK]位置的文本是：	先后被评为“北京大学优秀学生干部”、“北京市优秀学生干部
"《最新实用[MASK]2003年成都地图出版社出版的图书"中[MASK]位置的文本是：	中国地图册》是
"[MASK]》是首乌创作的网络小说，发表于晋江文学网"中[MASK]位置的文本是：	《金手指：女主养成计划
"《琉璃雨未央天》是连载于17k小说网[MASK]作者是妖孽也倾城"中[MASK]位置的文本是：	的一部架空历史类小说，
"中文名：福建新白蚁原始文献Wuyi Science Journal, 3:110-119国内分布福建(南靖)资料来源中国动物[MASK]等翅目:256-257"中[MASK]位置的文本是：	志 昆虫纲 第十七卷 
"《零衣[MASK]连载的小说，作者是清燃"中[MASK]位置的文本是：	》是起点中文网
"《古代社会上下[MASK]是2008年出版的图书，作者是摩尔根"中[MASK]位置的文本是：	珍藏本》
"《世界著名战役与著名商战的思维对接》是[MASK]广东经济出版社出版的图书，作者是卢孟来"中[MASK]位置的文本是：	2005年
"《在[MASK]作词，张亚东作曲，香港流行男歌手陈奕迅演唱"中[MASK]位置的文本是：	你身边》是2010年上海世博会志愿者之歌，由陈少琪
"《喜洋洋和灰太郎》是[MASK]的热血青春类小说，作者是秋雨涵"中[MASK]位置的文本是：	一部连载于17k小说网
"《巴黎[MASK]魏如萱专辑《还是要相信爱情啊混蛋们》中的一首单曲"中[MASK]位置的文本是：	的忧郁》是
"青岛道一氧吧设备有限公司成立于2010年，主要从事商用、家用、医用氧吧设备的研发、生产、销售，是为大型行政、商务办公场所、高端休闲场所、高档[MASK]企业"中[MASK]位置的文本是：	KTV、健身俱乐部、各类养生会所、私人休闲会所、高端家庭打造健康室内空气环境的专业化
"陈林，男，1971年5月生，汉族，广西容县人，1995年8月参加工作，2002年6月加入中国共产党，大学学历，现任[MASK]副镇长"中[MASK]位置的文本是：	中共石寨镇
"《漫话西游记》是2000年河北人民出版社出版的图书，作者是冯[MASK]"中[MASK]位置的文本是：	雅静
"保剑锋曾在《十八岁的天空》这部[MASK]大众所熟悉"中[MASK]位置的文本是：	电视剧里出演班主任一角，而被
"《中国通[MASK]提姆・克里索德所著，2005年由上海三联书店出版发行"中[MASK]位置的文本是：	》一书由
"《守候幸福》是陈燕民导演的[MASK]陈谨、宋晓英、沙景昌等主演"中[MASK]位置的文本是：	26集婚恋伦理剧，该剧由肖驰、杨立新、
"明光宗遂平女公主朱徽婧遂平公主，名朱徽婧1（1611年－1633年[MASK]母亲是傅懿妃"中[MASK]位置的文本是：	2月8日），明朝公主，明光宗朱常洛第七女，
"郭松龄[MASK]1925)，堪称奉天奇女子"中[MASK]位置的文本是：	的夫人韩淑秀(1891-
"江阴优利科机械有限公司，地处我国美丽富饶的江南鱼米之乡[MASK]"中[MASK]位置的文本是：	——江苏省江阴市
"气候类型  铁山镇属[MASK]升温快，秋季降温迟"中[MASK]位置的文本是：	亚热带季风气候，干湿变化明显，早春
"[MASK]，张艺谋曾在选角时感叹清纯女演员难觅，彼时还是个学生的周冬雨凭借可爱长相和纯真气质脱颖而出，也演出了观众心中文静秀气的静秋，演出青春的羞涩模样"中[MASK]位置的文本是：	周冬雨用一部《山楂树之恋》吸引了观众的眼光
"郑州市宝融养殖有限公司[MASK]登封市工商行政管理局登记成立"中[MASK]位置的文本是：	于2010年02月03日在
"《勇者少女与大魔王》[MASK]作者是司马爱郭嘉"中[MASK]位置的文本是：	是连载于创世中文网的小说，
"黄妍，女，复旦大学[MASK]主任医师，2002年毕业于同济大学医学院，2009年毕业于复旦大学附属妇产科医院，硕博连读，妇产科学博士"中[MASK]位置的文本是：	附属肿瘤医院肿瘤妇科副
"《三国演义[MASK]版）》是蔡晓晴导演的一部剧情电影"中[MASK]位置的文本是：	（精编
"《现代化与后现代化》是2013[MASK]·英格尔哈特"中[MASK]位置的文本是：	年社会科学文献出版社出版的图书，作者是美罗纳德
"10月[MASK]真人秀《奔跑吧兄弟》的常驻嘉宾3940，而她也因此获得了更高的关注度与人气"中[MASK]位置的文本是：	，Angelababy开始担任明星竞技
"[MASK]取号观堂，并把自己的心血结集称为《观堂集林》，看来并非偶然"中[MASK]位置的文本是：	四、王国维的“观”王国维
"《背影[MASK]，曹芙嘉演唱的歌曲"中[MASK]位置的文本是：	》是由陈道斌填词
"阎昌居 (1902—[MASK]生产者"中[MASK]位置的文本是：	1985) 全国先进
"一1952年9月，由冯雪峰主持、聂绀弩领导编注，人民文学出版社出版了经过整理校订后的《水浒传》，其后陆续出版了《红楼梦》《三国演义》《西游记》[MASK]丛书的框架已经初具"中[MASK]位置的文本是：	，1953年后又出版了《乐府诗选》《诗经选》等一批古典诗歌散文的选本，这时一套
"难道真如郭美美母亲郭登峰[MASK]年代初炒股积累起来"中[MASK]位置的文本是：	所言是自己90
"K·奥孔纳--生于1982年2月[MASK]运动员，效力于布伦特福德队，场上位置为中场"中[MASK]位置的文本是：	24日，爱尔兰人，身高180cm，足球
"2.五月天《Do You Ever Shine[MASK]主演：佐藤健、渡部笃郎首播时间：2014年4月15日播出平台：日本富士电视台《Do You Ever Shine?》由日本乐坛教父小林武史作词，五月天阿信作曲，并由五月天演唱"中[MASK]位置的文本是：	?》发行时间：2014年6月4日电视剧：《父子刑警》（《Bitter Blood》）
"W·[MASK]足球运动员，场上位置是中场"中[MASK]位置的文本是：	阿拉奥祖是一名厄瓜多尔籍职业
"《三八佳人》是香港[MASK]，主要演员有吴镇宇、叶子楣、林漪娸、陶大宇等"中[MASK]位置的文本是：	无线电视1991年拍摄的电视连续剧，全剧共10集，监制李茜
"我读过最绝望最悲凉的诗句是辛弃疾的《水龙吟·登建康赏心亭》，[MASK]辛弃疾词风属豪放派，但我却在这首词中读到了稼轩的绝望和悲凉"中[MASK]位置的文本是：	作为南宋著名的爱国词人，虽然
"南昌新时食品有限公司于[MASK]13日在南昌市市场和质量监督管理局登记成立"中[MASK]位置的文本是：	2007年09月
"人物生平[MASK]扶苏，秦始皇长子"中[MASK]位置的文本是：	
"《你是我的谁》是和汇慧的音乐作品，收录[MASK]"中[MASK]位置的文本是：	在《影像如歌》专辑中
"董培勤（1948—），汉族，山西省平遥县人，[MASK]学士学位"中[MASK]位置的文本是：	1982年毕业于兰州西北师范大学中文系，获文学
"小人物是由现代出版社于[MASK]所出版的由作家一草所写的一本书籍"中[MASK]位置的文本是：	2015年8月1日
"个人履历简介马姆[MASK]16日出生，塞内加尔足球运动员"中[MASK]位置的文本是：	,1987年12月
"名门望族[MASK]，只能娶穷人家的姑娘，正好羽太信子对他十分关爱，所以他就娶羽太信子了"中[MASK]位置的文本是：	的小姐自然不愿嫁周作人，周作人要娶妻
"盛[MASK]，汉族"中[MASK]位置的文本是：	华美，女
"张养浩是元代散曲的代表作家之一，散曲创作奠定[MASK]的不朽地位"中[MASK]位置的文本是：	了他在中国文学史上
"福建中旅集团公司[MASK]号中旅大厦五楼，是福建省国有资产监督管理委员会直属的国有企业，其前身是1949年11月19日在福建省厦门市成立的闻名海内外的新中国第一家“华侨服务社”"中[MASK]位置的文本是：	位于福建省福州市鼓楼区湖东路171
"刘朝忠，1969年[MASK]先进个人，渤海大学硕士生导师，沈阳师范大学硕士研究生指导教师，2011年5月21日在沈阳师范大学建校60周年庆典大会上，刘朝忠等22位校友被母校沈师大评为建校60年杰出校友"中[MASK]位置的文本是：	4月生，中共党员，博士研究生在读，语文特级教师，辽宁省首批中小学教师拔尖人才，辽宁省优秀教师，辽宁省教育扶贫先进工作者、全国学校对口支援工作
"深缝海蛳螺，（拉丁学名Epitonium eximium，Asperiscala eximium），别称深缝梯螺，是中腹足目[MASK]，全世界均有分布"中[MASK]位置的文本是：	、海蛳螺科的一种生物
"2003年，范秀明又在横店影视城拍摄《大汉天子3》、[MASK]傻王闯天下》等电视连续剧"中[MASK]位置的文本是：	《名扬花鼓》、《红罂粟》及《
"幼年时期罗伯特[MASK]赛德，是富甲一方的金匠尼古拉斯·赫里克的第 7 个孩子"中[MASK]位置的文本是：	·赫里克 1591 年出生于伦敦切普
"日本重盘吸虫是复殖目重盘科的昆虫，国内分布[MASK]在日本"中[MASK]位置的文本是：	在福建, 吉林, 广东，国外分布
"基本资料球员:艾克普  生日:1984年[MASK]:999  国籍:尼日利亚  场上位置:后卫"中[MASK]位置的文本是：	1月25日  身高:173 cm  体重:66 kg  球衣号码
"改编自高羽荣漫画《侠盗一枝梅》，由李勇锡导演，崔兰编剧[MASK]领衔主演"中[MASK]位置的文本是：	，李准基、韩孝周、朴施厚、李英雅等
"杜陀：1953年[MASK]毕业于哈工大自动控制专业"中[MASK]位置的文本是：	9月考入哈尔滨工业大学，1959年8月
"《穿越之军阀阔太》是百度文学旗下纵横中文网签约作家酒阑歌罢创作的一部[MASK]18正式发布"中[MASK]位置的文本是：	穿越时空小说，小说已于2013-09-
"中海互动成立于2008年，[MASK]营销服务解决方案的独立子公司"中[MASK]位置的文本是：	是中海营销机构旗下专注于提供综合互联网
"[MASK]朝鲜首任领导人金日成的长子，其母为金正淑"中[MASK]位置的文本是：	金正日是
"《我[MASK]写的都市言情小说，17k小说网连载"中[MASK]位置的文本是：	的偶像大人》是言朽所
"《妇女与性别（上下）》是2009年中华书局出版的图书[MASK]】玛丽·克劳福德罗达·昂格尔"中[MASK]位置的文本是：	，作者是【美
"杨幂今年携父母一起前往香港看小糯米，一大家子前往，住房就成了问题，虽然杨幂和刘恺威在香港有住房，但是刘恺威那套房子是他妹妹在住，之前杨幂[MASK]朋友的一套空置房屋里"中[MASK]位置的文本是：	父母去香港都只能住酒店，今年过年去香港时，杨幂父母提前和朋友联系好，借住在
"1996年凭借《宰相刘罗锅》的“刘夫人[MASK]2》《康熙微服私访记3》宜妃一角， 获得首届中国电视艺术双十佳最受欢迎演员奖2011年再次凭借《红楼梦》、《康熙微服私访记》中饰演的两个角色，获得中国电视剧产业二十年群英盛典突出贡献人物奖"中[MASK]位置的文本是：	”一角获第十四届大众电视金鹰奖最佳女配角奖1996年-2000年凭借《康熙微服私访记1》《康熙微服私访记
"3月21日，在《中国好歌曲》年度盛典上，霍尊凭借《卷珠帘》夺得[MASK]"中[MASK]位置的文本是：	了第一季冠军，《卷珠帘》获封“年度好歌曲”1
"虽然我也想知道拍摄进程，但还是以不打扰为前提哈，让他们好好创作我们好好观赏，范冰冰黄轩这波突然来袭的吻戏，让大黑牛好尴尬，不过想想大黑牛都把媳妇儿领回家了，就只想期待她杀这部剧了范冰冰黄轩《蜉蝣》这首歌曲，舒缓而深情，配合清脆的吉他声，黄轩用低沉的嗓音，娓娓道来，口气中满是见惯世间沧桑的淡然与不舍，百转千回之后，情感终于爆发，唱出“于是踏遍万里山河，千沟万壑，[MASK]她的经典之作，确实没几部"中[MASK]位置的文本是：	于是寻遍波澜壮阔，鸿鹄云鹤”的铿锵誓言，再渐渐回归，反复的吟唱“是谁太懦弱，为什么沉默，我在想你呢，半生蹉跎”范冰冰黄轩 范爷虽然是大IP，但是如果你仔细回忆下
"2018《育儿大[MASK]不禁自爆惨境 曹颖险些被“收买”"中[MASK]位置的文本是：	作战》刘仪伟
"《极限挑战》中王迅被黄渤塑造成了一个敦朴老大哥的抽象，耿直仁慈的王迅在黄渤不余遗力的协助下，也圈了很多粉，同时他在节目中也曾感谢过黄[MASK]时，王迅却自毁长城，让黄渤的勤奋全数付诸东流"中[MASK]位置的文本是：	渤，但是就在黄渤预备持续给王迅铺路
"向清堂，男，土家族，1964年2月出生，湖北来凤人，1982年8月[MASK]人大常委会副主任"中[MASK]位置的文本是：	参加工作，大学学历，现任来凤县
"今日由孙怡、韩东君、徐正溪领衔主演[MASK]更新两集，VIP用户提前看下周"中[MASK]位置的文本是：	的民国剧《人生若如初相见》登录腾讯视频，每周三至周五
"《报应》是高慧君演唱的一首歌曲，由易齐作词[MASK]女人最美丽》"中[MASK]位置的文本是：	作曲，收录于专辑《认真的
"《水粉静物范本》是2003年浙江人民美术出版社出版的[MASK]是周刚"中[MASK]位置的文本是：	图书，作者
"《康斯太勃尔西洋美术家画廊23》是于2001年6月由吉林美术出版社出版的图书[MASK]"中[MASK]位置的文本是：	，作者是De Agostini出版公司
"闫长文，男，1952年12月出生，中共党员，汉族，[MASK]人，本科学历，高级工程师，吉林省运输管理局局长"中[MASK]位置的文本是：	吉林德惠
"9月15日， 南派三叔的新剧《 [MASK]]"中[MASK]位置的文本是：	沙海》在无锡开机，吴磊饰演男主黎簇[6
"温州市旭呈电子商务有限公司于2016年04月28日在温州市工商行政管理局瓯海分局[MASK]"中[MASK]位置的文本是：	登记成立
"《流氓皇帝》（Rogue Emperor）[MASK]潘嘉德监制，马国明、周丽淇、黄智雯、袁伟豪等主演1"中[MASK]位置的文本是：	是2016年TVB出品的民国喜剧电视剧，由
"《歌剧魅影》是由乔·舒马赫执导，[MASK]罗森、帕特里克·威尔森主演的一部爱情电影"中[MASK]位置的文本是：	杰拉德·巴特勒、埃米·
"《[MASK]的推理悬疑小说，连载于17k小说网"中[MASK]位置的文本是：	报复1》由契柯夫9编写
"张玉蛟 教授张玉蛟教授毕业于上海医科大学，获医学博士学位，之后在美国德克萨斯大学安德森休斯敦癌症中心[MASK]肿瘤科胸部肿瘤放射治疗临床主任和终身教授"中[MASK]位置的文本是：	获博士学位，现任该中心放射
"《基础[MASK]是2006年人民卫生出版社出版的图书，作者是李晓松"中[MASK]位置的文本是：	护理技术学习指导》
"参与出演的中国美术学院中国画系韩璐教授、浙派古琴传承人徐君跃老师、竹笛大师吴樟华老师、中国印学博物馆篆刻师林立老师、中国茶叶博物馆茶艺师许泽梅老师、胡庆余堂[MASK]歌舞剧演员万穗"中[MASK]位置的文本是：	手工泛丸传统技艺传承人丁光明师傅、都锦生织锦技艺传统手工织造传人沈继军师傅、
"[MASK]（朝鲜语：최영림，英语：Choe Yong-rim，1930- ），曾任朝鲜内阁总理"中[MASK]位置的文本是：	人物简介崔永林，又译崔英林，
"文山市　[MASK]3064平方千米，人口46万"中[MASK]位置的文本是：	面积
"陕西国金投资管理发展有限公司[MASK]年5月16日在西安市工商行政管理局高新分局登记成立"中[MASK]位置的文本是：	于2014
"《很坏很嚣张》[MASK]多弗朗明哥创作的网络小说，发表于起点网"中[MASK]位置的文本是：	是
"瓢虫为鞘翅目瓢虫科（学名[MASK]的小型昆虫，常具红、黑或黄色斑点"中[MASK]位置的文本是：	：Coccinellidae）圆形突起的甲虫的通称，是体色鲜艳
"2010年，执导由布鲁斯·威利斯、崔西·摩根共同主演的动作电影《拍档侦探》，该片讲述了两个从未与大案子打过交道的纽约警察，因追捕一张遭偷窃的棒球卡而卷入了黑社会内幕交易的[MASK]本人撰写剧本的电影8"中[MASK]位置的文本是：	故事，是凯文·史密斯执导的第一部并非由他
"《纵横之怒崩天下》[MASK]于起点中文网"中[MASK]位置的文本是：	是雨季独白写的网络小说连载
"豆瓣评分：8.3《父女七日变》改编自五十岚贵久所创作的同名小说，由[MASK]，荒井修子，渡边千穂编剧，馆博、新垣结衣、加藤成亮等领衔主演"中[MASK]位置的文本是：	高成麻亩子、吉田健执导
"铁锈芋螺是一种新腹足目、芋螺科贝类动物[MASK] 33 mm"中[MASK]位置的文本是：	，螺壳尺寸23 -
"而在皇宫当中，太子[MASK]得不耐烦，见文帝爱妃陈夫人、蔡夫人美貌，心猿意马"中[MASK]位置的文本是：	杨广一见隋文帝杨坚离去，埋怨父亲还不让位，闷得他装正经装
"《错误的恋曲[MASK]专辑《一个小微笑》"中[MASK]位置的文本是：	》是韩宝仪演唱的歌曲，收录在
"幼翅横鼓蝗，Transtympanacris neipopennis (Xia [MASK])，直翅目网翅蝗科横鼓蝗属的一种昆虫"中[MASK]位置的文本是：	et Jin
"个人简介姓名：米歇尔·罗克 Michael Rock  性别：男  国家：英国  出生日期：1987年[MASK]"中[MASK]位置的文本是：	3月13日  身高：180厘米  体重：77kg  项目：游泳人物介绍英国游泳运动员1
"李日鸿（党组成员、副局长）  男，汉族，1959年10[MASK]参加工作，1985月12日加入中国共产党，武汉市委党校社会学专业毕业，党校研究生"中[MASK]位置的文本是：	月出生，江西萍乡人，1981年9月
"大凹子村属于半山区，距离村委会[MASK]13℃，年降水量810毫米，适宜种植包谷等农作物"中[MASK]位置的文本是：	5公里，距离镇25公里，国土面积0.16平方公里，海拔1940米，年平均气温
"1998年经典电视剧水浒传[MASK]饰演的武松剧照"中[MASK]位置的文本是：	丁海峰
"1、《霸王别姬》：1993导演：陈凯歌主演：张国荣、[MASK]蝶衣何处"中[MASK]位置的文本是：	巩俐、张丰毅国荣不在，
"人物履历李鸿远 1934年7[MASK]技术美学应用公司经理"中[MASK]位置的文本是：	月生，北京人，大学文化，四川华西
"苍白[MASK]杜鹃花科、杜鹃花亚科、杜鹃属 下一个物种"中[MASK]位置的文本是：	杜鹃亚组是属杜鹃花目、
"庄溪水[MASK]年9月14日生，中医师"中[MASK]位置的文本是：	，男，65岁，汉族，1936
"罗晋出演了于正的《美人心计》和[MASK]，皆因好演技被观众记住"中[MASK]位置的文本是：	《美人制造》
"《傲世星耀》是我[MASK]17K小说网"中[MASK]位置的文本是：	是诚少创作的网络小说，发表于
"《一位[MASK]》是2012年轻工出版社出版的图书，作者是王君"中[MASK]位置的文本是：	青年教师的专业成长之路-王君专业求索笔记
"涂英建，男，汉族，1975年3月[MASK]1997年8月参加工作，大学学历，现任武义县纪委办公室主任"中[MASK]位置的文本是：	出生，浙江武义人，中共党员，
"武汉沃华工程有限公司于2013年6月24日在武汉市武昌区[MASK]质量技术监督局登记成立"中[MASK]位置的文本是：	工商行政管理和
"《反语》是2011年中国人民大学出版社出版的图书，作者[MASK]"中[MASK]位置的文本是：	是林沛理
"《ATM网互通技术--英文》是1998[MASK]图书，作者是布莱克(美)"中[MASK]位置的文本是：	年清华大学出版社出版的
"明朝自洪武十三年（1380年）就罢除了丞相的职位，由朱元璋[MASK]处理国政"中[MASK]位置的文本是：	皇帝直接
"《初生之犊》[MASK]年上映的喜剧剧情片，由邱礼涛执导，陈伟伦 、李修贤 等主演"中[MASK]位置的文本是：	是1999
"而流行歌曲中最常见的就是”叙事+抒情”，即使[MASK]李春波的《小芳》和《一封家书》）"中[MASK]位置的文本是：	是纯叙事的歌曲也需浓厚的感情做基础（如
"《腹黑邪少，骗子老婆往哪逃》是[MASK]的网络小说连载于潇湘书院"中[MASK]位置的文本是：	心唯写
"陈春地，男，汉族，1976年2月生，四川青白江人，1998年6月加入中国共产党，1999年7月参加工作，四川[MASK]毕业，大学学历"中[MASK]位置的文本是：	工业学院土木工程系建筑工程专业
"《监督法[MASK]2006年出版的图书，作者是杨景宇"中[MASK]位置的文本是：	辅导讲座》是中国民主法制出版社
"《[MASK]一部玄幻小说，作者是蓝彦落殇"中[MASK]位置的文本是：	弱尊》是
"陈胤捷[MASK]的儿子，参加《爸爸去哪儿》第五季，人称“小甜椒”"中[MASK]位置的文本是：	(Jasper)陈小春和应采儿
"这期间，朱丽倩每日接送女儿上下学后，便坐旧款7人车由养和秘道到医院陪华仔，女儿刘向蕙放学后也会去医院陪爸爸朱丽倩素面朝天，脸上油光也是毫不遮掩，尽显憔悴朱丽倩[MASK]做成功男人背后的那个女人，直到2010年才被狗仔拍到了与刘德华的合照天王夫妇已不再年轻华仔住院1个多月了，朱丽倩每日接送女儿上下学后，便赶到医院陪护华仔"中[MASK]位置的文本是：	和刘德华年轻时候年轻时候的朱丽倩朱丽倩非常低调，默默地
"上海尚陌投资管理中心（有限合伙）[MASK]10月19日在崇明县市场监管局登记成立"中[MASK]位置的文本是：	于2015年
"王程熙，男，汉族，1956年8月[MASK]中国共产党，中央党校研究生院经济管理专业毕业，研究生学历"中[MASK]位置的文本是：	出生，陕西府谷人，1980年12月参加工作，1979年8月加入
"[MASK]连载已完结的都市言情小说，作者是吃草的老羊"中[MASK]位置的文本是：	《特工重生在校园》是
"《ATmega16单片机项目驱动教程：基于C语言+Proteus仿真》[MASK]，作者是杨永"中[MASK]位置的文本是：	是电子工业出版社出版的图书
"第二十三届全军电视剧“金星奖”长篇电视剧一等奖《第五空间》全军电视剧“金星奖”“优秀导演”，导演张蠡荣获全军电视剧“金星奖”[MASK]“金星奖”“优秀录音”"中[MASK]位置的文本是：	“优秀制片人”刘跃进全军电视剧“金星奖”“优秀剪辑”，王伟全军电视剧
"（选自杨伯俊《论语译注》（典藏版[MASK]）"中[MASK]位置的文本是：	），中华书局，2015
"《初音未来之心语心愿》[MASK]中文网的小说，作者是梦终魇"中[MASK]位置的文本是：	是一部连载于起点
"10[MASK]批准的辽宁省民法学会1成立大会在普兰店市举行"中[MASK]位置的文本是：	月19日，经辽宁省民政厅
"《我的传奇老婆》[MASK]题材电视剧，由王挺、崔波、董彦麟、刘佩琦、李立群联袂主演"中[MASK]位置的文本是：	是游达志执导、刘奎序编剧的抗战
"殷青，邵郁，周立军·强化地域特色的建筑设计基础课体验教学·2011中国建筑教育学术[MASK]2011"中[MASK]位置的文本是：	研讨会论文集·中国建筑工业出版社·
"曾经为林志炫写出[MASK]的就是你》、《唯一》的台湾词作者楼南蔚现场就开始对学员新生开起课来，她说，“断气与换字的位置不协调是填词新手最常见的问题"中[MASK]位置的文本是：	《没离开过》、王力宏《爱
"《你一半我一半》是邰正宵最新[MASK]年08月31日发行"中[MASK]位置的文本是：	专辑《起初》中收录的歌曲，专辑已于2012
"吴炜，男，汉族，1978年出生[MASK]三台县"中[MASK]位置的文本是：	，祖籍四川省
"《[MASK]是韩国MBC电视台于2005年7月27日首播的都市情感剧，由李载东执导，闽孝珍、金谢贤编剧，崔江姬、沈志浩、金旼钟、金亚中主演"中[MASK]位置的文本是：	我们应对离别的姿态》
"谢定中，1938年8月出生，湖南冷水江人，大专文化，中共党员[MASK]有限公司董事长，我国知名化工专家，中国民营功勋企业家"中[MASK]位置的文本是：	，2001年和2003年为中国工程院院士候选人，教授级高级工程师，湖南安淳高新技术
"曾制作过《铁齿铜牙纪晓岚》等多部影视作品的著名制片人边晓军和有资深影视经验的张慧玲共同担任该片的总制片人，并邀周润发和杜琪峰的同班同学、曾执导《倚天屠龙记》等众多热播剧的资深香港导演赖水清，及台湾女星陈莎莉、大陆演员黄海波、潘粤明、舒砚等，共同打造新版《情义无价》边晓军表示，选择翻拍《情义无价》的时间有着特殊意义[MASK]道德观"中[MASK]位置的文本是：	，“在四川汶川特大地震后，我们能更加感受到‘情义重于一切’是中国人不可缺失的传统
"山小橘属（Glycosmis）[MASK]芸香目、芸香科的一属"中[MASK]位置的文本是：	 是被子植物门、双子叶植物纲、
"乳名李四（一作“李示”），南安石井溪东村人武式太极拳第二代传人[MASK],名承纶，字启轩，李亦畲之长弟"中[MASK]位置的文本是：	---李启轩(1835-1899)
"凯万芋螺是[MASK]软体动物门、腹足纲、新腹足目、芋螺科的动物"中[MASK]位置的文本是：	一种
"牡丹江凯轩木业有限公司（绥芬河世新木业公司）于1994年在[MASK]基地——绥芬河市"中[MASK]位置的文本是：	哈尔滨成立，后搬迁至中俄贸易的纽带、俄罗斯木材
"原标题：刘烨雷佳音组“巨头老男孩”联盟 今晚全网首播今晚（3月4日），由刘烨、[MASK]首播"中[MASK]位置的文本是：	林依晨、雷佳音、胡先煦、郭姝彤、李建义等主演的电视剧《老男孩》将在爱奇艺全网
"阿尔·穆罕默德，卡塔尔著名棋手，拥有卡塔尔[MASK]诸宸的丈夫，而这对国际象棋夫妇的中国情缘，也将随着其加盟江苏棋队延续下去"中[MASK]位置的文本是：	皇室血统的他同时也是卡塔尔奥组委委员，是我国前著名美女棋手
"《灰色地域》是百度[MASK]缺一点创作的一部都市生活小说，小说已于2014-05-04正式发布"中[MASK]位置的文本是：	文学旗下纵横中文网签约作家
"[MASK]吉大自习哥”就不挂科，后来网友爆料称此人是吉林大学2010级考古系的学习委员，姓李名正旺"中[MASK]位置的文本是：	网友回复称，这个“自习哥”太牛了，甚至有网友炒作转发“
"歌曲介绍[MASK]帝都》系列电影第一季推广曲）专辑是由星路重金打造的中式萌系大型偶像团体“萌萌哒天团”推出的专辑"中[MASK]位置的文本是：	《禁之恋》（《
"5、白百何1984年3月1日出生于[MASK]电影百花奖最佳女主角奖 ，同时她还提名第49届台湾电影金马奖最佳女主角和第15届中国电影华表奖优秀女演员"中[MASK]位置的文本是：	山东省青岛市市北区，2011年，凭借治愈系爱情电影《失恋33天》被观众熟知，并获得第31届大众
"黄色[MASK]、长蝽科的动物"中[MASK]位置的文本是：	小长蝽是半翅目
"让我能纯净[MASK]张芸京回到最纯真单纯的小女孩，纯粹干净的民谣摇滚，重新回归到小女孩对爱的单纯渴求4"中[MASK]位置的文本是：	到仔细3歌曲鉴赏《喘息》是张芸京第一首亲手打造的创作曲，从词曲中感受
"发展历史铁三角总公司在1962 年于日本成立，公司[MASK]制造、行销及发行上"中[MASK]位置的文本是：	的全球开发小组一直致力于音响器材的设计、
"林俊贤曾经一度爆红，他和王祖贤一度被称为是俊男美女的最佳组合，跟刘德华、周星驰多次合作[MASK]TVB最经典收视冠军之作"中[MASK]位置的文本是：	，其中《巨人》是
"内容主题戴佩妮2011[MASK]》最新主打《爱在被爱之前》"中[MASK]位置的文本是：	全新专辑《回家路上
"伍佰最新专辑中找来了范晓萱一起合唱《海上的岛》，由于歌迷反应热烈，伍佰[MASK]，更开着货车坐着豹皮沙发，看见甜美的范晓萱卖力演出，也激发了伍佰拍摄MV多年以来第一次展露最灿烂开怀的笑容，据悉，本周末两人还将携手为两人各自发行的新专辑举办联合签名会，让喜欢两人的乐迷可以同时与他们相见"中[MASK]位置的文本是：	决定力邀范晓萱一起合拍MV，结果两人日前一路从沙滩唱到海上
"刘和平，1953年出生于[MASK]邵东"中[MASK]位置的文本是：	湖南衡阳，祖籍湖南
"李清照的父亲李格非，曾经写过《洛阳名园记》，全文如下：[MASK]崤渑之阻，当秦陇之襟喉，而赵魏之走集，盖四方必争之地也"中[MASK]位置的文本是：	洛阳处天下之中，挟
"对于大家之前的《微微一笑很倾城》里面的杨洋的先大神形象[MASK]也让人很期待"中[MASK]位置的文本是：	，这个泰国小生
"听说最近女文青很火，那点子菌今天就变身文青男，和各位仙女们来谈谈王家卫的《重庆森林》~在《[MASK]他的家，经常打扫一整天，想想都替她累惹"中[MASK]位置的文本是：	重庆森林》里大家对王菲的印象最深呢，阿菲因为喜欢梁朝伟而偷偷去打扫
"公司简介济南国诺机械有限公司（济阳液压设备制造厂）是坐落于山东省济南市，是一家自主[MASK]设计高级工程师4人，设计员6人"中[MASK]位置的文本是：	研发，生产，制造，销售，安装，维护，保养为一体的现代化升降平台企业，拥有
"广州广隆大厦位于广州东风路与[MASK]，建筑面积5万平方米，其中地上31层，由2层裙楼，2栋住宅，1栋公寓组成，地下3层为车库"中[MASK]位置的文本是：	解放路交汇处，占地8000多平方米
"[MASK]10月12日出生，辽宁省锦州市人1984年毕业于辽宁医学院临床医学专业"中[MASK]位置的文本是：	人物生平周文兴：男，1962年
"石家庄市光普楼宇设备服务有限公司成立于1998年[MASK]主营电梯销售、安装、改造、维护，代理销售LG—SIGMA电梯"中[MASK]位置的文本是：	8月，公司
"逝世中国共产党的优秀党员、久经考验[MASK]），因病于2009年3月7日10时30分在大连逝世，享年89岁"中[MASK]位置的文本是：	的忠诚的共产主义战士、我军优秀的军事指挥员和政治工作者，军区原旅大警备区政治委员彭仲韬同志（正兵团职
"梅子（别称青梅），属蔷薇[MASK]一般观赏的梅花是另外几种梅"中[MASK]位置的文本是：	目，是果梅树结的果，但是
"”这是[MASK]新周刊》2006年度中国电视节目榜“最具民间智慧电视脱口秀”奖"中[MASK]位置的文本是：	汪涵的一段获奖感言,《越策越开心》荣获《
"《青春之门》是1975[MASK]上映的日本电影，由浦山桐郎执导，吉永小百合、田中健、仲代达矢主演"中[MASK]位置的文本是：	年2月15日
"【丁连山何许人也[MASK]，而王家卫导演的《一代宗师》里对此人物戏份保留有限，才让人有点不明所以，其实这个人物和张震饰演的一线天一样，都可以独立成篇"中[MASK]位置的文本是：	】台湾作家张大春最近对丁连山这个人物有个详细交代
"1东海航空[MASK]杨建红2"中[MASK]位置的文本是：	董事长黄楚标，代理总裁
"清科集团成立于1999年[MASK]的创业投资与私募股权投资领域综合服务及投资机构，主要业务涉及：领域内的信息资讯、研究咨询、会议论坛、投资银行服务、直接投资、母基金及财富管理"中[MASK]位置的文本是：	，是中国领先
"《花的懒人料理》是由日本[MASK]加藤成亮、菊池亚希子、児岛一哉等主演"中[MASK]位置的文本是：	TBS电视台放送的一部深夜日剧，由仓科加奈、
"《我是歌手第四季》是湖南卫视从韩国MBC电视台引进推出的歌唱[MASK]，李克勤等担任主持人"中[MASK]位置的文本是：	真人秀节目，由湖南卫视节目中心制作
"《变色龙》是香港流行男歌手陈奕迅的一首粤语歌曲，由周耀辉作词，王双骏[MASK]演唱"中[MASK]位置的文本是：	作曲，陈奕迅
"黄合和，电影演员、制片人，代表电影有：《孤儿救祖》、《审死官》、《[MASK]等"中[MASK]位置的文本是：	天涯慈父》
"夏平，男，1963[MASK]研究生学历，硕士学位，高级经济师，现任江苏银行股份有限公司董事长、党委书记"中[MASK]位置的文本是：	年8月生，中共党员，在职
"《重生之机械[MASK]，作者是湛蓝色的美"中[MASK]位置的文本是：	战神》是连载于云中书城的小说
"程巍，男，1969年3月出生，汉族，籍贯上海，全日制大学，医学学士[MASK]1992年6月加入中国共产党"中[MASK]位置的文本是：	，在职研究生，管理学硕士，1993年7月参加工作，
"《[MASK]是梁咏琪演唱的歌曲，由陈镇川作词、EricKwok作曲"中[MASK]位置的文本是：	中意他》
"《吴承恩与西游记》是由阚卫平执导，[MASK]主演的神话3D立体电视剧"中[MASK]位置的文本是：	王树强、丁爱敏编剧，六小龄童、迟重瑞、马德华、刘大刚
"在2010年“潍坊杯”国际青年足球邀请赛中，凭借毕津浩的一传[MASK]1大胜澳洲帕斯光荣，取得本次赛事的开门红"中[MASK]位置的文本是：	一射，中国国青以4-
"科库雷克(RadovanKocurek),出生于1986年2月12日[MASK]，体重72公斤，场上位置前锋，现在效力于贾洛内足球俱乐部"中[MASK]位置的文本是：	，捷克国籍，身高179厘米
"上海百奥泉国际冷链物流有限公司于2013年[MASK]在奉贤区市场监管局登记成立"中[MASK]位置的文本是：	3月1日
"广州市蓓蒙化妆品有限公司总部位于广州市[MASK]经营范围为化妆品"中[MASK]位置的文本是：	，
"短消息-徐誉滕，内心深处爱得表达[MASK]"中[MASK]位置的文本是：	，对遗失的缅怀
"3、刘德华、关之琳刘德华和关之琳合作13次:《傲气雄鹰》《至尊无上》《最佳损友闯关情》《整蛊专家》《九二神雕侠侣》《真假威龙》《大冒险家》《群龙夺宝》《侠圣》《二分之一次同床》《蓝血人》《龙神太子》4、刘德华、邱淑贞邱淑贞有传曾是王晶的女朋友，因此跟刘德华拍了大量的王晶[MASK]》《五亿探长雷洛传2之父子情仇》等"中[MASK]位置的文本是：	电影，如《最佳损友》、《最佳损友闯情关》、《五亿探长雷洛传之雷老虎
"甘鲜，女，汉族，1974年5月[MASK]，大学学历，湖北省兴山县人"中[MASK]位置的文本是：	2日出生
"李健侯(1894～1950)原名宝忠，字健侯[MASK]读私塾，"中[MASK]位置的文本是：	，祖籍陕西米脂，生于四川，七岁
"甘肃博尚钢塑[MASK]月27日在兰州市工商行政管理局登记成立"中[MASK]位置的文本是：	复合管有限公司于2014年5
"4月，推出加入飞碟唱片公司后[MASK]的错》由刘德华作词"中[MASK]位置的文本是：	的首张专辑《真情难收》，其中的主打歌曲《一辈子
"2014[MASK]的大家闺秀苏妲己和妖娆魅惑的九尾狐胡仙儿，凭借该剧获得第17届华鼎奖古装剧最佳女主角奖提名5"中[MASK]位置的文本是：	年1月，张馨予主演古装神话剧《封神英雄榜》，在剧中一人分饰两角，分别扮演温婉善良
"《窑地》是1997[MASK]是张涛"中[MASK]位置的文本是：	年作家出版社出版的图书，作者
"简介[MASK]，男，汉族，1986年12月出生，广西东兰人，本科学历"中[MASK]位置的文本是：	罗顺利
"《碎星空》是连载于17k小说网的网络小说，[MASK]"中[MASK]位置的文本是：	作者是没有才
"疏花繁缕[MASK]属于蕨类植物，蕨纲，真蕨目"中[MASK]位置的文本是：	
"钱学森（1911-2009），中国导弹之父[MASK]西方文学的比较郑姓郑成功（1624－1662），祖籍河南固始，明末清初军事家，抗清名将，民族英雄"中[MASK]位置的文本是：	、享誉海内外的杰出科学家和中国航天事业的奠基人钱钟书（1910-1998），著名作家、文学史家、学者，长期致力于中国和
"[MASK]，与吴健雄结为“东方的居里夫妇”"中[MASK]位置的文本是：	后次子儿子袁家骝成为物理学家
"3MV疑侵权近日，内地创作才女阿悄推出了全新[MASK]歌曲《沙话》的音乐录影带"中[MASK]位置的文本是：	创作专辑《莎话》中的主打
"‧张曾泽以《路客与刀客[MASK]赢得1970年金马奖最佳影片、最佳导演"中[MASK]位置的文本是：	》
"《北海银行纸币券》是[MASK]月浙江大学出版社出版的图书"中[MASK]位置的文本是：	2000年9
"周良勇，男，汉族，1985年3[MASK]工作"中[MASK]位置的文本是：	月参加
"《爱我久久》是阿牛（陈庆祥） 演唱的歌曲[MASK]久久》中"中[MASK]位置的文本是：	，收录在同名专辑《爱我
"宋汶霏之前一是演一些龙配套角，直到2008年被海岩赏识，获得主演电视剧《舞者》的机会，由此她开始走红，而这个机会还要[MASK]由此成名"中[MASK]位置的文本是：	感谢孙俪的辞演，孙俪因为档期问题未能主演，这样海岩才让本是配角的她顶上，
"孔子(前551_前479)，名丘[MASK]鲁国陬邑"中[MASK]位置的文本是：	，字仲尼，祖籍宋国栗邑，出生地
"[MASK]十四岁嫁给大将军杨忠之嫡长子杨坚"中[MASK]位置的文本是：	根据历史记载，她在
"[MASK]男，毕业于苏州大学，主要著作有《血管切片的三维重建》"中[MASK]位置的文本是：	柳海东，
"《医龙2》是一部于[MASK]月11日播出的日本医疗剧，由水田成英、叶山浩树执导，由坂坂口宪二、内田有纪、小池彻平等人主演"中[MASK]位置的文本是：	2007年10
"《刺猬[MASK]是赵予熙演唱的一首歌曲，由江林峰作词，林俊杰作曲"中[MASK]位置的文本是：	效应》
"《盗墓之王[MASK] 、赵纯阳等主演的内地悬疑电视剧"中[MASK]位置的文本是：	》是由高景文执导，辛柏青 、徐筠 、曹培昌
"《走出蓝水河》是由北京泓鑫文化传播有限公司、南京电影制片厂等单位于2002年联合摄制出品的电视剧，改编自作家赵本夫[MASK]主演1"中[MASK]位置的文本是：	的长篇小说《刀客与女人》，由平江锁金导演，斯琴高娃、李建群、马千珊等
"创作背景《胡闹》是[MASK]表现自己感情生活的心境而创作的2"中[MASK]位置的文本是：	吴克群为了
"通过这《基于开源工具的[MASK]的深入讲解，那些对数据分析感兴趣的中等或者富有经验的程序员将可以学习到在商业环境中与数据打交道的技术"中[MASK]位置的文本是：	数据分析(影印版)》(作者Philipp K．Janert)
"五莲山[MASK]平方公里，由五莲山、九仙山两景区组成，主峰海拔515.7米"中[MASK]位置的文本是：	风景名胜区，总面积68
"近日，[MASK]鹿晗与女友关晓彤开始在奥地利维也纳进行最新一季《奔跑吧兄弟》的录制，陈赫、王祖蓝未现身"中[MASK]位置的文本是：	邓超、李晨、angelababy、郑恺、
"上海翰思家具有限公司于[MASK]31日在闵行区市场监督管理局登记成立"中[MASK]位置的文本是：	2011年3月
"《武十郎[MASK]王子鸣执导，杨千嬅、霍建华、胡宇崴等主演的喜剧爱情电视剧"中[MASK]位置的文本是：	》是由崔宝珠、
"2演艺[MASK]的元旦晚会，在小品《夜归》中扮演一名叫“许大山”的中国青年"中[MASK]位置的文本是：	经历1989年，一次偶然的机会大山参加了1989年中央电视台
"着白衣的是哥哥曹仁，[MASK]而且擅使弓箭，能在万马奔腾中，射取指挥官"中[MASK]位置的文本是：	字子孝，他不但精通枪刀，
"11、《男人一生三朵[MASK]孟杨"中[MASK]位置的文本是：	花》 词曲：
"皮氏花[MASK]小，壳薄，螺塔高而尖，体层大，前水管沟长度中等"中[MASK]位置的文本是：	仙螺是一种新腹足目、珊瑚螺科类生物，贝壳个体
"王牌至尊主要有一本电影和漫画，电影导演是谢尔登·莱提奇 Sheldon Lettich，发行于[MASK]朝基胜士，发行于2001年"中[MASK]位置的文本是：	1993年，漫画的作者是安童夕马×
"郭晶晶和霍启刚的婚姻让很多人都十分羡慕，但是也有很多[MASK]最终选择的是霍启刚而不是田亮"中[MASK]位置的文本是：	人纳闷郭晶晶为什么
"《红太阳照[MASK]作者金凤浩都是和龙市人，1966年，两人在和龙市生活和工作期间完成了该作品的创作"中[MASK]位置的文本是：	边疆》的词作者韩允浩，歌曲
"如果十八岁[MASK]爱朵女孩）-彭钧"中[MASK]位置的文本是：	遇见你（feat.
"《无底线》是由被誉为90后原创女生[MASK]本兮所创作的一张迷你专辑"中[MASK]位置的文本是：	第一人的
"你的品位总是美1歌曲鉴赏《眼泪[MASK]悦耳，制作精细"中[MASK]位置的文本是：	成诗》是知名作词人林夕与孙燕姿的首度合作，旋律
"金牌导演王晶、国际知名武指程小东双剑合璧[MASK]电视剧《八大豪侠》，启用全明星豪华演员阵容，成为2005年度十大最具影响力电视剧之一"中[MASK]位置的文本是：	制作的古装武侠
"《教育与心理统计学》[MASK]人民教育出版社出版的图书，作者是张敏强"中[MASK]位置的文本是：	是2010年
"《入戏[MASK]是晋江文学城连载的小说，作者是小柳子"中[MASK]位置的文本是：	Ⅱ》
"暖暖内含光《美丽心灵的永恒阳光》是由米歇尔·冈瑞执导[MASK]担任编剧，金·凯瑞、凯特·温丝莱特和克尔斯滕·邓斯特等联袂出演的爱情片"中[MASK]位置的文本是：	，米歇尔·冈瑞、查理·考夫曼共同
"年夏，潘福莹作为中国代表团的一个成员参加了在瑞典举行的国际电工会议[MASK]席位"中[MASK]位置的文本是：	，这是中华人民共和国首次在国际性电工标准化组织论坛上占有
"余晓红  女，汉族[MASK]重庆涪陵人，1972年2月参加工作，中共党员，重庆师范大学中文系汉语言文学专业毕业，大专学历"中[MASK]位置的文本是：	，1955年5月生，
"[MASK]要让刘邦下定决心废黜吕后之子刘盈的太子之位，改立自己的儿子刘如意为太子"中[MASK]位置的文本是：	戚夫人常对邦日夜涕泣，
"三人在海上遇难，辗转流落到冰火[MASK]十年，其间张翠山与殷素素成亲，并生下一子张无忌"中[MASK]位置的文本是：	岛，在岛上一住便是
"2、[MASK]书法家蔡邕之女，自幼博学能文"中[MASK]位置的文本是：	蔡文姬：大文学家、大
"《我和她和她的生存之道》是日本关西电视台于2004年1月6日播出的亲情电视剧，由桥[MASK]、小雪、美山加恋、凉等主演"中[MASK]位置的文本是：	部敦子担任编剧，平野真、髙桥伸之、三宅喜重执导，草剪刚
"连[MASK]王菲打call，刷爆了整个朋友圈"中[MASK]位置的文本是：	女儿窦靖童都在微博上为母亲
"《寂寞起舞》是一首由蓝雨演唱的歌曲，填词者是佐佴[MASK]是子夜的钟声"中[MASK]位置的文本是：	，谱曲者
"褐缘散白蚁，属等翅目，鼻白蚁科，[MASK]"中[MASK]位置的文本是：	散白蚁属
"山东普洛得邦医药有限公司于2005年12月[MASK]监督管理局登记成立"中[MASK]位置的文本是：	30日在潍坊滨海经济技术开发区市场
"被杨幂嫌弃自拍技术的赵又廷No.2 胡一天代表作：《致我们单纯的小美好》2017年年末，凭借一部《致我们单纯的小美好》的网剧成了今年最火小鲜肉的胡一天，不仅收割了不少少女粉[MASK]笑"中[MASK]位置的文本是：	，就连阿姨大妈都对他露出各种姨母
"《雷克雅未克》是由周国贤作曲，黄伟文作词，麦浚龙[MASK]《Addendum》"中[MASK]位置的文本是：	 和周国贤演唱的歌曲，所属专辑为
"[MASK]笔下小说《全职高手》中的游戏名称"中[MASK]位置的文本是：	《荣耀》，是蝴蝶蓝
"张程同志1915年8月18日生于江西省万安县[MASK]1933年6月加入中国共产党，1934年10月至1935年10月，参加了举世闻名的二万五千里长征，经历了土地革命、抗日战争、解放战争"中[MASK]位置的文本是：	，1930年6月参加革命工作，
"阿尔巴斯，美国摄影家[MASK]德尔(Lisette Model)学习"中[MASK]位置的文本是：	，从1955到1957年随纪录片摄影家摩
"《一本书学会正面思维》是 [MASK]作者是赵晓宇"中[MASK]位置的文本是：	2012年 出版的图书，
"上海海尔集成电路[MASK]合资公司，成立于2000年11月"中[MASK]位置的文本是：	有限公司是海尔集团和海外著名IC设计公司的
"《[MASK]演唱的歌曲"中[MASK]位置的文本是：	母系社会》是张惠妹
"《情人博客》[MASK]一首歌曲，收录于专辑《罪过》"中[MASK]位置的文本是：	是歌手谢华演唱的
"伊朗选手萨迪克·古达尔齐在1/8淘汰赛中[MASK]0战胜吉尔吉斯斯坦选手伊尔吉兹·贾克普别科夫，在半决赛中3-1战胜韩国选手李润石，两人会师决赛"中[MASK]位置的文本是：	3-0战胜印度尼西亚选手法里安沙赫，在1/4决赛中3-
"《[MASK]执导，曹承佑、杨东根主演的励志电影"中[MASK]位置的文本是：	完美对垒》是由朴熙坤
"《如若[MASK]的弦》、《锦衣夜行》、《华丽上班族》、《夏梦狂诗曲》、《猎隼》都已拍摄完成，《海洋之城》正在热拍，看着架势，张翰有霸屏的资本啊"中[MASK]位置的文本是：	巴黎不快乐》、《温暖
"《企业特殊业务会计》是2001年[MASK]的图书，作者是高璐"中[MASK]位置的文本是：	中华工商联合出版社出版
"庶女妖后主要是由作者灼眼夏娜发表在[MASK]"中[MASK]位置的文本是：	潇湘书院的连载穿越架空小说
"《十三辙新韵书》[MASK]，作者是马志伟"中[MASK]位置的文本是：	是商务印书馆出版的图书
"两人在娱乐圈中可以说是少有的年轻夫妻了[MASK]《青春派》而被观众熟知， 孙怡则是通过电视剧《因为遇见你》而大火"中[MASK]位置的文本是：	，董子健通过电影
"金叶子度假酒店首期占地近30万平方米，建筑面积5万平方米，建筑[MASK]绿化面积达88%"中[MASK]位置的文本是：	于山体的半山腰处，
"《99只小白鸽》是河南濮阳[MASK]、马树超等领衔主演"中[MASK]位置的文本是：	中原电视台出品的电视剧，由陈力执导，钮言
"深情不露是由周慧敏演唱的一首歌曲，[MASK]专辑中"中[MASK]位置的文本是：	属于处处留情
"《超值[MASK]出版的图书，作者是施耐庵"中[MASK]位置的文本是：	金版-水浒传》是2011年新世界出版社
"[MASK]的一首歌曲，收录在专辑《阳光湘》当中"中[MASK]位置的文本是：	《不用说爱你》是李湘演唱
"网络小说《西游神魔秘史传》起点中文网写手永远的牛头的第三部小说，讲述[MASK]在西游背景下的故事"中[MASK]位置的文本是：	了炎狐王，白殇王两只狐妖
"《穿越之娘亲谁是我爹地》[MASK]于17K小说网"中[MASK]位置的文本是：	是水轩创作的网络小说，发表
"《大奥第一章》是富士电视台于2004年10月7日播出的古装电视剧，是《大奥》的续作，由林彻、[MASK]主演"中[MASK]位置的文本是：	山下智彦、武内英树、长冈钲司执导，浅野妙子编剧，松下由树、高岛礼子
"《当混子[MASK]的网络小说，发表于17K小说网"中[MASK]位置的文本是：	的那些年》是做梦的香肠创作
"《思念飞花》是网络剧《愉此一生》的[MASK]作曲，晏紫东演唱"中[MASK]位置的文本是：	片尾曲，由陈鹏作词，周星羽
"蒋安平，男，汉族，[MASK]加入中国共产党，1981年10月参加工作，广东省社会科学院政治经济学专业在职研究生毕业，省社科院研究生学历，现任广东省阳江市地方税务局局长、党组书记"中[MASK]位置的文本是：	1962年7月生，湖南永州人，1985年5月
"《十架单车》收录于专辑[MASK]一首歌曲"中[MASK]位置的文本是：	《武侠帝女花》中的
"导演：[MASK]音乐原声主题曲《心跳》"中[MASK]位置的文本是：	汪涛3分集剧情
"《潮说》是一首由林晓培[MASK]的歌曲"中[MASK]位置的文本是：	演唱
"《一天的爱有几多》是钟舒漫的音乐作品，陈咏谦作曲，收录在[MASK]"中[MASK]位置的文本是：	《OneMission》专辑中
"所以[MASK]惨的，没有被葬入皇陵的皇帝"中[MASK]位置的文本是：	，明代宗朱祁钰就成了那个比较
"[音乐]歌手杨鸣轩[MASK]《风再起时》是K歌时必点的歌曲"中[MASK]位置的文本是：	 陈少琪填词的
"海信是海信集团有限公司旗下品牌，该公司创办于1969年，至今差不多有着半个世纪的历史，是整个中国电子行业里一家百强企业，其一直所秉承的发展战略方针即是“技术立企，稳健经营”，至今为止，该公司一直处于稳中有升的发展势头，其平板电视机的销售量曾连续[MASK]"中[MASK]位置的文本是：	多年获得了魁首之位，且还多次得到了“中国全国质量奖”的奖杯
"1996年，曹骏出演新加坡电视剧《真命[MASK]亚洲电视大奖最佳新人奖”"中[MASK]位置的文本是：	小和尚》，并获得“1997年
"侯应遴，[MASK]出生，字佐熙，号夷庚"中[MASK]位置的文本是：	万历二十七年(1599年)拔贡
"NO.6嘉禾（嘉禾娱乐事业有限公司）嘉禾公司于1970年由邹文怀先生、何冠昌先生[MASK]是目前于华人市场具有影响力的电影娱乐公司"中[MASK]位置的文本是：	和梁风先生共同创建而成，并于1994 年成为香港的上市公司，
"铜陵华鹏姜制品有限责任公司于2001[MASK]铜陵县市场监督管理局登记成立"中[MASK]位置的文本是：	年06月01日在
"《ID-0》是由谷口悟朗担任导演，黑田洋介负责剧本[MASK]制作的机器人题材原创电视动画"中[MASK]位置的文本是：	，三次元公司
"而郑爽在韩国人气倍增的一年是在2016年，因为饰演了[MASK]的贝微微，这部剧在韩国也非常的热播，致使郑爽在韩国的人气一路上涨"中[MASK]位置的文本是：	《微微一笑很倾城》中
"杭州[MASK]于2013年12月，公司位于浙江省杭州市下城区东新路698号，注册资金1000万元"中[MASK]位置的文本是：	圣猫电子商务有限公司成立
"[MASK]台湾之鹿港葫芦问》是王耀导演的一部剧情电影"中[MASK]位置的文本是：	《戏说
"《[MASK]，张惠妹演唱的歌曲，收录于张惠妹2004年发行的专辑《也许明天》中"中[MASK]位置的文本是：	火》是由张惠妹和王力宏填词，王力宏作曲
"《[MASK]由中国政法大学出版社出版编著的实体书"中[MASK]位置的文本是：	论反抗》是
"肾斑褐蛱蛾是鳞翅目，国内分布[MASK]"中[MASK]位置的文本是：	于广西（金秀金忠公路）
"《龙[MASK]创作的网络小说，发表于17K小说网"中[MASK]位置的文本是：	翱九天》是飘然邂逅
"形态特征长白山松蘑属真菌类担子菌纲伞菌目伞菌科，是名贵食用菌之一[MASK]”"中[MASK]位置的文本是：	，享有盛名，被视为“食用菌之王
"历史评价李氏朝鲜的创立并非太祖大王李成桂一人[MASK]﹐其五子李芳远功不可没"中[MASK]位置的文本是：	之功
"[摘要]近日，由刘俊杰执导，刘烨、林依晨、雷[MASK]日（3月4日）爱奇艺全网首播"中[MASK]位置的文本是：	佳音、胡先煦、郭姝彤、李建义等主演的电视剧《老男孩》正式宣布定档本周
"因此，劳伦斯·奥利弗[MASK]费雯·丽同样也享有正式的头衔：“奥利弗爵士夫人”（Vivien Leigh, Lady Olivier）"中[MASK]位置的文本是：	当时的妻子
"《兄弟[MASK]记得我吗》是春浪创作的网络小说，发表于17K小说网"中[MASK]位置的文本是：	还
"基本信息歌名：让梦[MASK]-I&#39"中[MASK]位置的文本是：	沉浮  作曲：Rad
"173同年香港电台太阳计划和香港反吸烟与健康委员会合作拍摄公益电影《烟飞烟灭》[MASK]兼任导演和编剧"中[MASK]位置的文本是：	，本来只想找张国荣做主角，但张国荣主动提出不收分文，
"昆明艾斯易环保设备制造股份有限公司于[MASK]10月11日在昆明市工商行政管理局登记成立"中[MASK]位置的文本是：	2012年
"《我的远古漂流记》是一本[MASK]是星期八娶你"中[MASK]位置的文本是：	连载于起点中文网的网络小说，作者
"《新笑傲江湖》从编剧的角度出发，出过《美人心计》、《宫锁心玉》这样热播剧的于正至少从角色塑造[MASK]满足主流观众需求的"中[MASK]位置的文本是：	上是能
"张贤，男，汉族，[MASK]"中[MASK]位置的文本是：	1990年秋生，现任民族中学校长
"[MASK]2010年4月22日正式上线"中[MASK]位置的文本是：	爱奇艺，原名奇艺，于
"内容简介  [MASK]教育学史遗稿》是著名教育学专家陈元晖遗著"中[MASK]位置的文本是：	《中国
"金振林笔　名： 艾苦，[MASK]09/18  年毕业于南通市一中，1957年毕业于地质部南京地质学校"中[MASK]位置的文本是：	宁静某  出生年月： 1938/
"詹姆斯·唐纳德森（James Donaldson），1全名詹姆斯-李-唐纳德森三世（James Lee Donaldson III），11957年8月16日出生于英国赫彻姆[MASK]长大，1前美国/英国职业篮球运动员，司职中锋"中[MASK]位置的文本是：	1，在美国加利福尼亚州
"运动生涯球员生涯保罗·索萨是[MASK]"中[MASK]位置的文本是：	葡萄牙黄金一代的代表球星9
"《天才卦师》，刀锋所著都市异能小说，创世中文网首发，2014年6月7日[MASK]封面推荐"中[MASK]位置的文本是：	登上创世首页
"与爱情有关新版背景《与[MASK]》中的一首歌曲"中[MASK]位置的文本是：	爱情有关》是金海心专辑《独立日
"袁姗姗是在于正导演的《宫锁连城》里而[MASK]汤”"中[MASK]位置的文本是：	走红，但里面的沐浴戏曾被嘲笑是“番茄鸡蛋
"基本信息片名：天下武林  编剧：陈穗生  制作单位： 广州嘉和影视制作有限公司  年份：2011年演员表剧情梗概在中国南方[MASK]进行的是禅山精武体育会创立100周年庆典仪式"中[MASK]位置的文本是：	禅城中山公园内，禅山精武体育会门口，彩旗招展、人头攒动，此时正在
"个人生平易[MASK]绍兴二十六年丙子（公元1156年）正月生（据宁乡谱，三月初四生）"中[MASK]位置的文本是：	祓，字彦章，后改彦祥，行五九，号山斋，南宋
"李清照大家很熟悉，著名的女诗人，但是因为生在晚宋，战争时代[MASK]中宣扬的是女子无才便是德，但是在历史上还是有很多才貌双全的女子的，分别是三国时期的蔡文姬，西汉时的卓文君，宋朝时的李清照，近代的林徽因"中[MASK]位置的文本是：	，所以命运多舛，一生坎坷，曾两次嫁人，除了赵明诚，再嫁是遇人不淑啊中国是一个神奇的国度，虽然在传统儒家文化
"《时装画手绘表现技法：从基础到进阶》是2016年1月人民邮电出版社出版[MASK]：王庆松"中[MASK]位置的文本是：	的图书，作者
"演义形象关彝，[MASK]关兴之庶子，继嗣为汉寿亭侯"中[MASK]位置的文本是：	乃关羽之孙，
"小窗凹缘虫戚（学名：Emarginula[MASK]原始腹足目裂螺科边罅螺属的一种"中[MASK]位置的文本是：	 genestrella），是
"陈曼萍1，女，1968[MASK]皖南医学院，本科学历，学士学位，肿瘤科副主任医师"中[MASK]位置的文本是：	年12月出生，1992年7月毕业于
"深圳市伟力箱包有限公司成立于2005[MASK]、袋加工为主的生产企业"中[MASK]位置的文本是：	年10月，本公司主要是以绳
"《鬼红颜[MASK]艾月魂创作的网络小说，发表于晋江文学网"中[MASK]位置的文本是：	》是
"如今近5年过去，郭晶晶不但和霍启刚恩爱万分，时不时[MASK]恩爱，虐死单身狗了"中[MASK]位置的文本是：	在公众面前秀个
"《[MASK]是尖端出版社2013年出版的图书，作者是砂义出云"中[MASK]位置的文本是：	寄生彼女砂奈 02》
"第二位古天乐，《神雕侠侣》里面杨过的乞丐装扮[MASK]爱，演绎除了别的版本没有的深情与智慧"中[MASK]位置的文本是：	，痴傻呆萌，这个版本的杨过是我个人的最
"重光葵（英文名：Shigemitsu Mamoru）（1887年7月[MASK]），日本大正、昭和时期外交官，甲级战犯之一"中[MASK]位置的文本是：	29日-1957年1月26日
"《暗战危城》是黄家[MASK]杨思琦、戚玉武、向沛林等主演1"中[MASK]位置的文本是：	辉、寇占文执导的抗战剧，由于震、戴娇倩、
"《网络应用工程教程SNA[MASK]2001年5月北京希望电子出版社出版的图书，作者马丁"中[MASK]位置的文本是：	 迁移到TCP/ IP》是
"新搬的地方挨着集市，孟子玩耍时就玩[MASK]也不是孩子该住的地方，再一次搬家"中[MASK]位置的文本是：	一些商人买卖的游戏，孟母觉得这
"吴玉章（1878年12月30日[MASK]抗日战争、解放战争、新中国建设而成为跨世纪的革命老人，与董必武、徐特立、谢觉哉、林伯渠一起被尊称为“延安五老”"中[MASK]位置的文本是：	－1966年12月12日），原名永珊，字树人，四川荣县人，吴玉章历经戊戌变法、辛亥革命、讨袁战争、北伐战争、
"从脸看，马思纯五官大气，立体精致，可塑性又很强，能驾驭很多造型，可萝莉可清纯可御姐可暗黑，在电视剧和电影[MASK]蜕变的越来越美"中[MASK]位置的文本是：	里都有不俗的表现，最近播出的《将军在上》，更是让人眼前一亮，她正在
"夏钦根 [MASK] 1937年生"中[MASK]位置的文本是：	 
"”  除了张智峰的篮球员背景，身高171公分的严立婷也曾是台北商专篮球校队，两人志趣相同，她当初就是看球认识，也算[MASK]主题布置"中[MASK]位置的文本是：	张智峰的头号粉丝，昨婚礼现场以篮球运动风为
"《宫心计·媚倾天下》，[MASK]公司2009年出版的图书，作者是莫语绢"中[MASK]位置的文本是：	是花山文艺出版社有限责任
"《不可思议的[MASK]湖南科学技术出版社出版的图书，作者是乔舒亚·库珀·雷默"中[MASK]位置的文本是：	年代1》是2010年
"[MASK]而她凭借自己出色的演技一次次斩获得第43届戛纳国际电影节布努埃尔特别奖、第46届戛纳国际电影节金棕榈奖、47届戛纳国际电影节评委会大奖等奖项，她是首位在欧洲三大国际电影节上担任评委会主席的华人，是我们的骄傲"中[MASK]位置的文本是：	巩俐，曾经她是和张艺谋合作次数最多的演员，《红高粱》、《菊豆》、《大红灯笼高高挂》等等，
"《破灭之后》是17k小说网连载[MASK]帝王ai神"中[MASK]位置的文本是：	的小说，作者是
"《大梦未醒》是连载[MASK]的小说，作者是绿川须见"中[MASK]位置的文本是：	在晋江文学城
"石川雅博，英文名Masahiro Ishikawa[MASK]生于1990-05-23，日本足球运动员，是一名后卫"中[MASK]位置的文本是：	，出
"个人生活2012年6月2日，廖怀南与拍拖三年的台湾女星吴辰君在北京近郊的和[MASK]"中[MASK]位置的文本是：	园景逸大酒店举行浪漫婚礼
"《方孝标文集》是2007年11月1[MASK]作者是(清)方孝标"中[MASK]位置的文本是：	日黄山书社出版的图书，
"《青木屋的夏天》，歌曲名，演唱者是陈龙，所属[MASK]冲刺》"中[MASK]位置的文本是：	专辑是《
"《大旗[MASK]是古龙一部跨时代的作品，也是使古龙名声大震的作品，此书写于1965年，《大旗英雄传》与《武林外史》、《绝代双骄》、《浣花洗剑录》堪称古龙中期“四大名著”，这四部名著不仅在古龙小说系列，在整个武侠文学中，都是重量级的作品"中[MASK]位置的文本是：	英雄传》又名《铁血大旗》
"香港魔术家协会成立于1989年，1991年正式注册[MASK]及美国魔术家协会属会、国际魔术联盟会员、亚洲魔术联盟常任理事，是香港唯一非牟利国际性魔术演绎组织"中[MASK]位置的文本是：	为非牟利社团，现为国际魔术家协会
"张廷新 男，汉族，1954年9月生，陕西省耀县人，1973年5月加入中国共产党[MASK]"中[MASK]位置的文本是：	，1985年4月参加工作，硕士研究生学历，研究员，研究生导师
"《中国法院2012年度案例10-道路交通[MASK]年中国法制出版社出版的图书，作者是国家法官学院案例开发研究中心"中[MASK]位置的文本是：	纠纷》是2012
"自然资源[MASK]有耕地8万亩，人均占有耕地1"中[MASK]位置的文本是：	宿羊山镇总面积96平方公里，
"《伍佰吉他弹唱专集》是2004年蓝天出版社出版的图书，作者[MASK]"中[MASK]位置的文本是：	是孙海波
"《我为何让你走》是郭富城的音乐作品，潘源良作曲，[MASK]专辑中"中[MASK]位置的文本是：	收录在《第四晚心情》
"憨豆先生真名是罗温·艾金森，号称智商只有“007”的憨豆先生，现实中却曾是主攻电机工程学的牛津大学硕士，[MASK]智障”的搞笑形象，实在不是他的本色演出"中[MASK]位置的文本是：	所以屏幕上那个“轻度
"和平村气候温和，风景优美，四季分明[MASK]民风淳朴，勤劳善良，热情好客"中[MASK]位置的文本是：	，乡域
"《狼牙军种》是天下联盟创作的[MASK]"中[MASK]位置的文本是：	网络小说，发表于17K小说网
"何丽水（1917－1951），又名何立水，福建省[MASK]村人"中[MASK]位置的文本是：	惠安县洛阳镇陈坝
"薛欣，女[MASK]月出生于辽宁省沈阳市"中[MASK]位置的文本是：	，1973年2
"《轮舞曲》是[MASK]大辅两位导演执导，竹野内丰、崔智友、李贞贤、申贤俊等主演"中[MASK]位置的文本是：	日本TBS电视台50周年作品，由生野慈朗、山室
"《[MASK]》是一本连载在晋江文学城的小说，作者是凝玉"中[MASK]位置的文本是：	小满2
"金港上品位于金堂新城区迎宾大道旁，项目总占地173[MASK]"中[MASK]位置的文本是：	亩，分两期开发，总建筑面积约22万方
"原谅是香港歌手胡鸿钧主唱的[MASK]14日专辑《双飞》，为国语歌曲《原谅我》的粤语版本"中[MASK]位置的文本是：	一首粤语歌，收录于2012年9月
"《谜林中的窥探》[MASK]小启明星创作的网络小说，发表于17K小说网"中[MASK]位置的文本是：	是
"赵黑（410-482年[MASK]酒泉安弥（今甘肃临水县）"中[MASK]位置的文本是：	），初名赵海，字文静，祖籍河内温县，生于
"路边才能路边草由哥哥德创作，[MASK]"中[MASK]位置的文本是：	连载17k小说网的谍战特工小说
"阿提克木·艾则孜，女，维吾尔族，1974年12月出生，新疆和静人，1994[MASK]6月加入中国共产党，大专学历（2002年7月新疆广播电视大学汉语专业毕业）"中[MASK]位置的文本是：	年4月参加工作，2011年
"在中国电视剧的行业发展过程中，有很多资深的艺术家做出了不可磨灭的贡献，可以说，没有他们孜孜不倦的努力和不计成本的付出，中国的影视行业就没有今天的成就，说到这里，就不能不[MASK]的光和热，也因为《西游记》的存在，促进了中国神话电视剧的快速发展"中[MASK]位置的文本是：	提杨洁这位电视剧第一代导演中的代表人物，身兼制片人和导演的双重身份，将86版《西游记》这部经典的电视作品呈现给了无数的观众，也为难忘的童年回忆增添了绚丽的色彩，从这个角度来说，杨洁为中国电视剧的茁壮成长贡献出了自己
"[MASK]举行，刘贺就作玺书派使者拿着符节，用三副太牢祭祀其父昌邑哀王刘髆的陵园宗庙，自称为嗣子皇帝"中[MASK]位置的文本是：	列祖列宗的祭庙还没有
"个人介绍在西藏人民广播电台著名节目主持[MASK]藏族著名女作家白玛娜珍家做客"中[MASK]位置的文本是：	人文心的引荐下，我们去
"小沈阳，原名沈鹤，1981年生于辽宁省铁岭市，2006年拜师赵本山，2009年因登上央视与师父赵本山[MASK]为《大笑江湖》演唱主题曲，仅仅用了三年的时间，小沈阳就被赵本山捧为当年最红的弟子，让无数人羡慕"中[MASK]位置的文本是：	、毕福剑、毛毛，搭档演出小品《不差钱》一举成名，同年出演电视剧《关东大先生》，2010年再次登上央视春晚，参演小品《捐助》，同年主演电视剧《乡村爱情故事》、电影《大笑江湖》，并
"”另外，制片人俞胜利和演员王庆祥还将第三次牵手，在合作过《[MASK]》"中[MASK]位置的文本是：	天下粮仓》和《家风》之后拍摄《大宋提刑官2
"孙怡好棒，《因为[MASK]棒，我很喜欢，喜欢张果果，喜欢金依蓓"中[MASK]位置的文本是：	遇见你》这部剧拍的也好
"3吉列Gillette吉列(Gillette)是国际[MASK]“吉列之父”金·吉列(KingC.Gillette)于1901年创办"中[MASK]位置的文本是：	有名的剃须护理品牌，是由
"其母[MASK]后，李素节被贬任申州刺史"中[MASK]位置的文本是：	萧淑妃遭武则天杀害
"翟锦胜，男，[MASK]大树村，1944年10月加入中国共产党"中[MASK]位置的文本是：	汉族，出生于宝应县望直港
"笔者在李小龙胞姐李秋圆女士在美国的家中做客时，特地向李女士说了这件事，李女士听后哑然失笑：“我[MASK]"中[MASK]位置的文本是：	母亲的名字是‘何爱瑜’，我的外祖父名字是‘何甘棠’，也并不是什么‘何金棠’
"1播出信息播出频道[MASK]从之前的都市女性代言人到魅惑女间谍，她所成功塑造的各类形象无不受到好评，《迷情天使》这股热风无疑把让她那“悬疑高手”的形象刻观众心中"中[MASK]位置的文本是：	播出时间大连电视台法制频道2006年6月13日剧集评价原华的精彩演技让人折服，
"其次，baby也做过许多公益活动和慈善等等，这点也可以看出她的内心是善良的，美丽的迪丽热巴，胖迪演的克拉恋人里面演的高雯拿得起放得下，虽然没有跟，男主在一起，但我觉得热巴跟谁在一起[MASK]"中[MASK]位置的文本是：	都是绝配的杨颖和迪丽热巴两个明星我都喜欢
"人物介绍基本信息姓名：刘钦甫  性别：男  出生日期：1964年7月  民族：汉  职称：教授、博士生导师[MASK]、中国矿业大学（北京）矿产资源与利用研究所所长、中国矿业大学（北京）能源地质系主任"中[MASK]位置的文本是：	  职务：中国非金属矿工业协会粘土矿物专业委员会副理事长
"大家来看一下《轩辕剑之天之痕》是上海唐人电影制作有限公司出品的古装玄幻仙侠[MASK]、梁胜权、黄俊文执导，胡歌、蒋劲夫、刘诗诗、唐嫣、古力娜扎、林更新等主演"中[MASK]位置的文本是：	剧，该剧由李国立
"陈秀坤（1903－[MASK]龙岩县（今龙岩市新罗区）城关中城西街人"中[MASK]位置的文本是：	1931），福建省
"《极品毛笔[MASK]草根少爷创作的网络小说，发表于起点网"中[MASK]位置的文本是：	》是
"关于他们和日本[MASK]子女问题：周作人和羽太信子共育有一子二女"中[MASK]位置的文本是：	妻子的
"李国豪在日本拍摄被人用真弹杀死，这是斩草除根，当时李小龙是中国最有名气的民族英雄，[MASK]命都是最危险的"中[MASK]位置的文本是：	日本是中国最大的敌国，所以李小龙和李国的
"[MASK]，汉族，生于1959年3月，籍贯河北，毕业于黑龙江省八一农大财会专业"中[MASK]位置的文本是：	张凤仙，男
"[MASK]工业设备科技有限公司总部位于东莞市，经营范围为工业设备"中[MASK]位置的文本是：	东莞市雷德
"胡歌2005年因[MASK]奇侠传》中成功塑造了豪爽深情的“李逍遥”一角而成名，并演唱插曲《六月的雨》《逍遥叹》而蜚声歌坛"中[MASK]位置的文本是：	在电视剧《仙剑
"白玫小卷蛾是卷蛾科，鳞翅目的一种昆虫，分布于北京，[MASK]辽宁，江西"中[MASK]位置的文本是：	黑龙江，
"《千古风流[MASK]执导，郑少秋、恬妞、汪芫、史可等人出演的古装喜剧"中[MASK]位置的文本是：	一坛醋》是由佟东
"《从博物馆到长青湾》，是中国社会出版社2008[MASK]作者是朱艳"中[MASK]位置的文本是：	年11月1日出版的图书，
"上海锦丽斯投资（集团）有限公司于2006年12月1[MASK]登记成立"中[MASK]位置的文本是：	日在上海市工商局
"董泽平，男，汉族，1954年3月出生于江苏省溧阳市，1974年4月加入[MASK]毕业，在职研究生学历"中[MASK]位置的文本是：	中国共产党，1972年12月参加工作，国防大学基本系大学专科毕业，国防大学联合战役学专业
"当年林夕为[MASK]台词：I am what I am,让林夕写一首关于“我”的词"中[MASK]位置的文本是：	张国荣写《我》，就是因为张国荣打了一个电话给他，说了电影里的一句
"汤菊香，女，1963年10[MASK]河南师范大学硕士研究生导师，河南省植物生理学会委员"中[MASK]位置的文本是：	月出生，教授，
"《[MASK]》是乔纳森·诺兰导演的一部科幻美剧"中[MASK]位置的文本是：	西部世界第一季
"简介黄炳春，男，壮族，[MASK]广西龙州人，1969年2月参加工作，同年211月加入中国共产党"中[MASK]位置的文本是：	1952年5月出生，
"[MASK] R2007基础教程》是2008年清华大学出版的图书，作者是刘慧颖"中[MASK]位置的文本是：	《MATLAB
"《只愿为你等》是一首由歌手[MASK]在1995年专辑《忠于爱情》中"中[MASK]位置的文本是：	林隆璇演唱的歌曲，收录
"本次母校行活动，实践队的队员们真正[MASK]的实力让更多家长与学子感受到大工的优良学风及大工学子的精神面貌"中[MASK]位置的文本是：	地宣传了大连理工大学
"《漫无目的》是罗志祥演唱的歌曲，由阿弟仔作词，郭建良/毕国勇作曲，收录于专辑《[MASK]》中"中[MASK]位置的文本是：	SHOW TIME
"成都通信电缆厂，地处成都市南三环路五段25号，工厂[MASK]大规模从事通信电缆生产的专业化工厂"中[MASK]位置的文本是：	始建于一九八六年，是
"江鳕（Lota lota）属鳕形目，鳕科，[MASK]"中[MASK]位置的文本是：	江鳕属
"《今日先锋7》[MASK]由天津社会科学院出版社于2001-03出版"中[MASK]位置的文本是：	是
"郑钧 《赤裸裸[MASK]中国摇滚史上抹不去的记忆"中[MASK]位置的文本是：	》郑钧的音乐绝对可以算是
"江西广播电视大学（简称江西电大）创建于1979年1月，是经江西省人民政府批准创办的直属高校，主要运用广播、电视、文字教材、[MASK]中国广播电视教育系统的一个重要组成部分"中[MASK]位置的文本是：	音像教材和计算机课件及网络等多种媒体进行现代远程开放教育的新型高等学校，也是
"顾昱，男[MASK]11月出生，浙江湖州人，汉族，中共党员，大学本科学历，硕士学位，主任医师"中[MASK]位置的文本是：	，1963年
"《黄金鬼捕[MASK]是17k小说网连载的小说，作者是夜凉皮"中[MASK]位置的文本是：	》
"广东领域集团成立于1998年,是集软硬件研发、生产、服务于[MASK]是国内首家专注于老人智能产品、健康器械的专业企业"中[MASK]位置的文本是：	一体的高新科技企业,广东领域守康科技有限公司隶属广东领域集团，
"人物简介张光胜，[MASK]渝北区，1989年会计专业毕业"中[MASK]位置的文本是：	男，1967年11月12日出生于重庆市
"《发个微信去天庭》根据台灯下的[MASK]类同名小说改编"中[MASK]位置的文本是：	节奏连载于起点中文网的异术超能
"2月下旬，中央电视台大型节目中心向湛江市委宣传部发来《邀请函》，邀请南狮表演团队到北京[MASK]年元宵晚会”演出"中[MASK]位置的文本是：	参加央视“2018
"《双城之恋》是金牌编剧王丽萍继《媳妇的美好时代[MASK]我的美丽人生》之后又一部力作"中[MASK]位置的文本是：	》《
"蒋征蒲(1813～1881)，明晋长子，字汉卿，号剑池，由副贡入仕，出任湖南军需局[MASK]等地按察使司"中[MASK]位置的文本是：	提调，北荆宜施兵备道，督办防剿军输总局，两湖捐输总局，四川
"《哈利和爱唱歌的邻居》是2012年[MASK]蔡恩"中[MASK]位置的文本是：	出版的图书，作者是吉恩·
"三子许光许世友长子、[MASK]是许世友将军与结发妻子朱锡明三个儿子中唯一存活的长子"中[MASK]位置的文本是：	次子早夭折，第三子许光出生于1929年，
"[MASK]苏更森 男 1960年生，江苏人"中[MASK]位置的文本是：	简介苏 甦，笔名 
"公益活动  年底，张永珍被增选为中国光彩事业促进会副会长[MASK]年至2001年先后捐款亿馀元用于内地的教育、扶贫、救灾等光彩事业和社会事业的义举"中[MASK]位置的文本是：	，中央统战部副部长胡德平在推荐词中赞扬了张永珍自1994
"[MASK]疼》是由歌手谭咏麟的一首歌曲，收录于专辑《自选角度-2000》中"中[MASK]位置的文本是：	《亲爱是
"同年，[MASK]周润发饰演一个摇头摆尾的娘娘腔形象，与《大丈夫日记》《吉星拱照》成为影迷喜欢的周润发的经典喜剧"中[MASK]位置的文本是：	与杜琪峰合作的《八星报喜》拿下全年票房冠军，
"和郭秀云有一个儿子叫钱景峰[MASK]也是一名演员"中[MASK]位置的文本是：	，
"[MASK],麝凤蝶属的一种蝴蝶"中[MASK]位置的文本是：	窄长麝凤蝶，鳞翅目凤蝶科
"山西黑马炭黑有限公司[MASK]2008年3月14日在山西省河津市工商行政管理局登记成立"中[MASK]位置的文本是：	于
"内蒙古鼎盛华房地产开发有限公司于2006年[MASK]"中[MASK]位置的文本是：	01月17日在呼和浩特市工商行政管理局登记成立
"《[MASK]，方大同作曲，收录于2009年01月19日发行的专辑《Redefine》中"中[MASK]位置的文本是：	轻飘飘》是一首周丽淇演唱的粤语歌曲，由夏至作词
"《瞬》是由谢春花作词、[MASK]，发行于2016年06月21日1"中[MASK]位置的文本是：	作曲并演唱的歌曲，收录在专辑《算云烟》中
"3气候红花岗区属中亚[MASK]区，受季风影响特别显著"中[MASK]位置的文本是：	带湿润季风气候
"《仙修邪君[MASK]的小说，作者是书中自有馒头"中[MASK]位置的文本是：	》是一部连载于17k小说网
"[MASK]》中饰演小龙女的师姐李莫愁，被网友封为最美李莫愁"中[MASK]位置的文本是：	并在陈晓版《神雕侠侣
"朱云来，1957年[MASK]国务院总理朱镕基之子"中[MASK]位置的文本是：	出生，是原
"爱不轻易退让 我就是这样歌手介绍范玮琪从小在美国长大，于六岁时返回台湾念书，曾在台中晓明女中就读国[MASK]大二转学到哈佛经济系"中[MASK]位置的文本是：	中，至高中又返回美国继续学业，开始在洛杉矶波莫纳大学（Pomona College）主修税法，之后至
"[MASK]年7月中国文联出版社出版的图书，作者是丁晓宇"中[MASK]位置的文本是：	《中国崛起方略》是2007
"郭博（1920—）， 郭沫若之子，他的母亲就是郭沫若[MASK]夫人郭安娜"中[MASK]位置的文本是：	先生的日籍
"1991年播出的《编辑部的故事》留下了这样一句台词:金钱[MASK]没有钱是万万不能的"中[MASK]位置的文本是：	不是万能的，但
"江西晶科[MASK]于2014年10月08日，公司地址江西省上饶经济技术开发区工业四路"中[MASK]位置的文本是：	家庭光伏科技有限公司成立
"史文娟，[MASK]河北宁晋人，大学本科，1992年7月参加工作，现任靖远县政府副县长"中[MASK]位置的文本是：	女，汉族，1970年7月出生，
"著名歌手徐千雅的最新单曲《最美的[MASK]热潮"中[MASK]位置的文本是：	山》再度掀起旅游
"唐僧要[MASK]了一个父亲陈光蕊、母亲殷温娇"中[MASK]位置的文本是：	转世到东土，也是找
"”歌神张学友与爱妻罗美薇结婚近二十年，育有两名[MASK]12岁的千金张瑶华及二女张瑶萱"中[MASK]位置的文本是：	分别17岁和
"周亚鸣1，1957年生[MASK]江苏镇江人"中[MASK]位置的文本是：	，
"王洪川（1918——1979[MASK]长清县人"中[MASK]位置的文本是：	），山东省
"江述凡，（1930年7月7日~2003年[MASK]）笔名愚公，别号树卢，河南开封人，生于北平，因抗日战争而成为流亡学生，故未受过正式的学校教育"中[MASK]位置的文本是：	12月23日
"公司[MASK]、始创于1993年，注册资本6000万元"中[MASK]位置的文本是：	介绍：  唐山海港华贸物资经销有限公司
"出演周星驰的《喜剧之王》，让张柏芝迅速走红，即便剧中张柏芝出演的柳[MASK]但这丝毫不能掩盖她清纯的气质，反而是恰到好处，让观众心生怜悯"中[MASK]位置的文本是：	飘飘是一名舞女，
"”国家企业信用信息公示系统显示，[MASK]年5月5日，法定代表人为叶彦廷，注册资本为9613.2653万美元"中[MASK]位置的文本是：	华南蓝天航空油料有限公司成立于1997
"1995年，为拍摄《[MASK]武术指导袁和平到北京体校挑演员"中[MASK]位置的文本是：	功夫小子闯情关》，导演张鑫炎和
"歌曲《给我一点温度》演唱：梁博歌曲《男孩》演唱：梁博歌曲《日落大道》[MASK]：唐敏监制：刘金红 刘飞"中[MASK]位置的文本是：	演唱：梁博来源：吉林卫视编辑：李檬审核
"《火一样的情歌》是歌手[MASK]"中[MASK]位置的文本是：	苏小花演唱的一首歌曲
"《重生之貂蝉》是连载于17k小说网[MASK]"中[MASK]位置的文本是：	的小说，作者是一切都好
"丁书江，男，汉族，1978年生于[MASK]入选2013年度陕西省青年科技新星和2013年度教育部新世纪优秀人才"中[MASK]位置的文本是：	黑龙江省哈尔滨市，西安交通大学 理学院教授1，
"[MASK]刚好也是《其实你不懂我的心》。但最终还是童安格自己将这首歌唱红"中[MASK]位置的文本是：	出现在裘海正1987年第一张专辑，专辑的名字
"[MASK]起点中文网的网络小说，作者是云流雨"中[MASK]位置的文本是：	《通天神医》是连载于
"《中西医结合男科治疗学》是2003年人民[MASK]出版的图书，作者是郭军、常德贵"中[MASK]位置的文本是：	军医出版社
"《[MASK]由邱嘉雄执导的古装武侠剧，关礼杰、蔡少芬等参加演出"中[MASK]位置的文本是：	如来神掌再战江湖》是
"2、郭靖——黄日华3、黄蓉——翁美玲4、乔峰——黄日华5、林黛玉——陈晓旭6、和珅——王刚7、许文强——周润发[MASK]14、小龙女——李若彤剩下的大家来补充，说说你心目中的经典"中[MASK]位置的文本是：	8、楚留香——郑少秋9、白素贞——赵雅芝10、黄飞鸿——李连杰11、包青天——金超群12、展昭——何家劲13、李寻欢——焦恩俊
"永乐票务成立于2003[MASK]以商业演出活动及体育比赛项目运营和相关票务营销为主体业务的文化公司"中[MASK]位置的文本是：	年，隶属于北京春秋永乐文化传播有限公司，是
"《踢出一片天》是韩国与泰国合拍的喜剧动作电影，由[MASK]3日在韩国上映"中[MASK]位置的文本是：	普拉奇亚·平克尧、李钟锡执导，曹在显、艺智苑主演，于2011年11月
"珠海市蓝天海电子有限公司成立于2007年3[MASK]注册的民营企业"中[MASK]位置的文本是：	月，是经珠海市工商管理局批准
"《公元前1000[MASK]吉林文史出版社出版的图书，作者是美国时代生活编辑部"中[MASK]位置的文本是：	-1100-东方之光-全球通史-9》是2010年1月
"作为电影《永生猎杀》的主题曲，陶辰宇演唱的《停在你的时间》完美[MASK]"中[MASK]位置的文本是：	诠释了剧中男主李凡“携手挚爱，一生足矣”的内心告白
"刘丽仙，女，汉族，1971年[MASK]年8月参加工作"中[MASK]位置的文本是：	7月生，云南嵩明人，大学学历，中共党员，1995
"刘慈欣在《三体》系列中，预设了一个残酷的宇宙规模的黑暗前提，这也是他的“宇宙社会学”的核心[MASK]：生存是文明的第一需要，很有些哲学意味，这里面价值判断被取消了"中[MASK]位置的文本是：	所在，其第一条公理
"丘毅，男，汉族，福建武夷山市人，1973年4月出生，1990年8月参加工作，1994年[MASK]研究生学历"中[MASK]位置的文本是：	年8月加入中国共产党，中央党校大学
"《领导管人流程管事2》是2010[MASK]经济出版社出版的图书，作者是曾伟"中[MASK]位置的文本是：	年中国
"相传章泽天曾因学业拒绝出演[MASK]一说法是她还曾拒绝出演张艺谋电影《山楂树之恋》，这才让静秋的角色旁落给了他人"中[MASK]位置的文本是：	张艺谋电影《金陵十三钗》，又
"《全能空间》是在17k小说网连载的[MASK]"中[MASK]位置的文本是：	异术异能图书，作者是生活苦海
"《神奇宝贝之阿浩[MASK]，作者是圣光浩"中[MASK]位置的文本是：	传奇》是在起点中文网连载的小说
"东北大学的师生不甘心作亡国奴，刘锡瑛也以同样的心情随同流亡[MASK]，后受聘于母校北洋大学"中[MASK]位置的文本是：	人群进关，回到天津
"开播日期播出平台播出时段接档被接档全网独播2014年6月15日湖南卫视每周日晚22:00《唱·战记》《不一样的美男子》芒果TV2016年6月24日[MASK]青春大本营》待定优酷收视情况以下是《懂小姐》在湖南卫视《青春星期天》首播收视率"中[MASK]位置的文本是：	优酷每周五晚更新一集《
"《左耳》是2015年由陈慧翎执导的青春电视剧，改编自饶雪漫同名小说《左耳》，并由饶雪漫亲自担任该剧总[MASK]月等联袂主演"中[MASK]位置的文本是：	编剧，且由米咪、马吟吟、郑凯、黄仁德、周游、许龄
"周春雁，男，汉族，一九六四年二月[MASK]中国共产党，大学文化，高级政工师，毕业于中央党校函授学院法律专业"中[MASK]位置的文本是：	生，江苏阜宁人，一九八二年八月参加工作，一九八六年七月加入
"《今生今世》[MASK]演唱的歌曲，收录于专辑《张国荣跨越97演唱会_A》中"中[MASK]位置的文本是：	是张国荣
"云南助百行投资管理有限公司于2014年9月17[MASK]"中[MASK]位置的文本是：	日在盘龙区市场监督管理局登记成立
"《搞笑魔婴》是根据漫画家富泽千夏的漫画《搞笑[MASK]的电视剧，由滑稽组合“品川庄司”中的品川佑担任主演，伊藤寿浩执导"中[MASK]位置的文本是：	魔婴（也译《看谁在说话》）》改编
"《[MASK]》是马浚伟演唱的一首歌曲，收录在专辑《这刻向你冲》中"中[MASK]位置的文本是：	不再悲观
"《心机少女第二季》是由美国制片的一部惊悚悬疑剧，于2011年6月在美国首播，[MASK]"中[MASK]位置的文本是：	共25集
"郭迎霞，女，哈师大地理学理学学士，哈工大经济学硕士，任教于哈尔滨市第三中学，1999年至今任哈三中地理[MASK]兼职教研员"中[MASK]位置的文本是：	教研室主任，中国科协“科技人才项目”课题组哈三中执行组长，省市
"怀来中[MASK]于2005年5月31日在怀来县工商行政管理局登记成立"中[MASK]位置的文本是：	法庄园葡萄酒有限公司
"汤友铭，男、汉族、1963年5月出生[MASK]现为中国当代书画名家协会理事"中[MASK]位置的文本是：	、山东省临沂市人、本科文化、一级书法家，
"唐成良，男，汉族，1951年12月生，湖南邵阳人，1974年12月加入中国共产党，1969年2月参加工作[MASK]政治经济学专业毕业，广西区党校研究生学历，高级经济师"中[MASK]位置的文本是：	，广西壮族自治区党委党校在职研究生班
"[MASK]也有泪水、充满个性的他，而李荣浩从小就爱看港片、古惑仔系列，所以在和香港大师级作词人黄伟文讨论歌词内容后，便决定以周星驰的电影《喜剧之王》为题，歌词内容几乎就在呈现电影主角尹天仇的人生"中[MASK]位置的文本是：	创作，李荣浩想让粉丝了解一个有笑
"歌名：我会努力演唱：廖语晴词曲：深[MASK]"中[MASK]位置的文本是：	白色 Arys Chien专辑：《爱
"李弘（652年—675[MASK]第五子，武则天长子，系高宗时期所立的第二位太子，薨逝于太子位，是唐朝第一位被追封为皇帝的太子"中[MASK]位置的文本是：	年）12，唐高宗李治
"在今晚的最新播出的节目中，张韶涵也为大家带来了经典的歌曲《追梦人》，这首歌曲是罗大佑为了几年三毛而创作的，而这首歌曲的[MASK]将这首歌曲唱出了一种温婉深情的感觉，歌声唱入人心，让人回味无穷"中[MASK]位置的文本是：	原唱者是袁凤英，但是大家似乎都比较熟悉凤飞飞的版本吧，凤飞飞
"《化学是你，化学是我》1是由北京大学校长、著名的[MASK]的歌曲"中[MASK]位置的文本是：	高分子化学家周其凤作词，由北京大学中乐学社演出
"企业简介石家庄市公共交通总公司是石家庄市属[MASK]领导张玉锁"中[MASK]位置的文本是：	国有企业，
"《蒙娜丽莎的哭泣》[MASK]，作者是飘荡的白云"中[MASK]位置的文本是：	是连载于17k小说网的小说
"驼铃故事片《戴手铐的旅客》主题曲词曲：王立平演唱：廖昌永送战友踏征程默默无语两眼泪耳边响起驼铃声路漫漫雾茫茫革命生涯常分手一样分别两样情战友啊战友亲爱的弟兄当心夜半北风寒一路多保重送战友踏征程任重道远多艰辛洒下一路驼铃声山叠嶂水纵横顶风逆水雄心在不负人民养育情战友啊战友亲爱的[MASK]1"中[MASK]位置的文本是：	弟兄待到春风传佳讯我们再相逢再相逢
"剧名：荆途[MASK]编审：冯志强主演：吕良伟、任达华、郑裕玲、苏杏璇、曾江、王爱明、白茵、廖启智集数：60"中[MASK]位置的文本是：	时代类型：时装恩仇播放时间：1982年6月7日监制：李添胜
"而阚清子只有165cm，两个[MASK]在一起还是很萌的"中[MASK]位置的文本是：	人走
"[MASK]北京：商务印书馆，2005年，第202页"中[MASK]位置的文本是：	[22]齐良迟：《齐白石文集》，
"主要人物简介叶茂中，1969年5月31日出生，江苏泰州人，[MASK]机构董事长"中[MASK]位置的文本是：	现任叶茂中营销策划
"《你的魅力来自幽默(图文版)[MASK]绝妙的点评为串联，全面展现了人们在面对职场、家庭以及自我时潜在的幽默因子，《你的魅力来自幽默(图文版)》在博得您会心一笑的同时，释放幽默的超凡魅力"中[MASK]位置的文本是：	》(编者歌斐木)以精彩的幽默故事为主体，以
"7、刘晓庆1970年毕业于[MASK]走上银幕"中[MASK]位置的文本是：	四川音乐学院附中，1975年
"《恋恋书中人》是由福克斯探照灯公司[MASK]、佐伊·卡赞、安妮特·贝宁等人主演1"中[MASK]位置的文本是：	于2012年推出的爱情电影，由乔纳森·戴顿执导，保罗·达诺
"网络自制剧我倒是看过好多部，比如爱奇艺出品的《灵魂摆渡》，今天刚看了一部搜狐自制的《无法拥抱的你》，其实[MASK]剧情紧凑，情节跌宕起伏，不像一般的电视剧拖拖拉拉，给你来个四五十集的，有的时候前面看了一部分，看着看着就会觉得前面讲的是什么都忘了"中[MASK]位置的文本是：	我喜欢看《灵魂摆渡》主要是这部电视剧
"郑州君诚管业有限公司成立于2005年，地处中部中心省会城市，享有“[MASK]"中[MASK]位置的文本是：	绿城”美誉的郑州
"半圆棕毒蛾，Ilema[MASK]亚科棕毒蛾属的一种昆虫，分布在四川（康定），云南（丽江，下关）"中[MASK]位置的文本是：	 semicirculosa (Gaede，1932)，属于鳞翅目，毒蛾科古毒蛾
"《蔚蓝深海》是一部由特伦斯·戴维斯执导，蕾切尔·薇姿、汤姆·希德勒斯顿和西蒙·拉塞尔·比尔等联袂[MASK]"中[MASK]位置的文本是：	出演的爱情电影
"平额尖腹金小蜂[MASK]膜翅目，金小蜂科，尖腹金小蜂属"中[MASK]位置的文本是：	是一种生物，属于动物界，
"《如何继续[MASK]都市言情类小说，作者是小虾米"中[MASK]位置的文本是：	》是一部连载于17k小说网的
"姜育恒（Johnny），1958年11月15日出生于韩国首尔，[MASK]荣成，中国籍1职业歌手"中[MASK]位置的文本是：	原籍山东
"其形象源于[MASK]奥林波斯神话，阿瑞斯是宙斯和赫拉的儿子"中[MASK]位置的文本是：	色雷斯人，据
"南非菊头蝠是哺乳纲、翼手目、菊头蝠科[MASK]一种属种"中[MASK]位置的文本是：	、菊头蝠属的
"《无限恐怖之个人补全计划》[MASK]创作的网络小说，发表于起点网"中[MASK]位置的文本是：	是阍媸噔嗣
"陈益鸿，男，汉族，临高县人，1956[MASK]，1974年5月加入中国共产党"中[MASK]位置的文本是：	年11月出生，大专学历，1973年8月参加工作
"《绝代艳后》导演:索菲亚·科波拉主演:克斯汀·邓斯特/詹森·舒瓦兹曼玛丽王后穿每一件[MASK]，都是一幅画，赏心悦目"中[MASK]位置的文本是：	衣服，在凡尔赛款款徐行的时候
"bagworm moths[MASK]形态特征鳞翅目蓑蛾科的通称"中[MASK]位置的文本是：	  图片为大蓑蛾各期图
"歌曲《如果你嫁给我[MASK]歌手庞龙演唱的一首歌曲"中[MASK]位置的文本是：	》是由
"《芸娘》是由江苏明日影视文化传播有限公司、江苏广播电视总台、深圳市金凌投资有限公司于2008年[MASK]沈怡执导，安以轩、冯绍峰、刘雪华、岳跃利、张勋杰等领衔主演"中[MASK]位置的文本是：	联合出品的一部民国剧，由
"斑足乌毛盲蝽是动物界，[MASK]"中[MASK]位置的文本是：	半翅目，异翅亚目
"仙荒天帝是起点中文网作家老驴东来作品，首发起点[MASK]"中[MASK]位置的文本是：	中文网
"成都德仁堂药业有限公司于[MASK]日在成都市工商行政管理局登记成立"中[MASK]位置的文本是：	1980年8月20
"东北[MASK]8月7日成立，当时称为东北各省市行政联合办事处"中[MASK]位置的文本是：	行政委员会于1946年
"中文名：[MASK]传媒导 演：梁胜权、李伟基编 剧：墨宝非宝主 演：周渝民，迪丽热巴，张彬彬，刘芮麟集 数：52集类 型：古装，言情在线播放平台：优酷剧情简介上古时代，暗河宫危害天下苍生"中[MASK]位置的文本是：	烈火如歌出品公司：嘉行传媒、SMG尚世影业、完美世界影视、曼荼罗影视
"李长润，男，汉族，1933年8月出生于河北唐山开平郊区一个[MASK]"中[MASK]位置的文本是：	普通的农民家庭
"2013[MASK]蓝，在17k小说网连载"中[MASK]位置的文本是：	我们携手的作者是吉普
"我们可以看到还有李兰迪，因为《你好[MASK]也是可以的哦，希望再接再厉啦"中[MASK]位置的文本是：	，旧时光》中余周周一角走红，演技
"《乱世情尊》是流年终究败给了时间创作[MASK]"中[MASK]位置的文本是：	的网络小说，发表于17K小说网
"小青[MASK]青鳉科下的鱼类"中[MASK]位置的文本是：	鳉是一种鳉形目下
"此时的李圣杰没有放弃，终于[MASK]唱片公司又倒闭了，真的是太不幸了"中[MASK]位置的文本是：	在三年之后除了《痴心绝对》这首大火的歌，但是他所在的
"袁传仓[MASK]，大学学历，中学高级教师，中共党员"中[MASK]位置的文本是：	，男，1970年12月出生
"1科属分类苦恶[MASK]，秧鸡属鹤形目秧鸡科"中[MASK]位置的文本是：	鸟它是秧鸡的一种
"基本资料球员:艾斯马尔  生日:1983年1月3日  身高:182cm  加盟日期:2006  球衣号码:25  国籍:[MASK]位置:中场球队阵容前锋  哈姆维,阿尔"中[MASK]位置的文本是：	叙利亚  效力球队:阿尔卡拉马  场上
"《国门英雄》由湖北奥山影视公司出品，傅东育执导，李幼斌、史兰芽、张志坚[MASK]等主演"中[MASK]位置的文本是：	、田子田
"《少女怪谈》是吴仁天[MASK]恐怖片，于2014年7月2日在韩国上映12"中[MASK]位置的文本是：	执导，姜河那、金素恩主演的一部
"倾我至诚是[MASK]书城发行的一本图书，作者是渭城雨"中[MASK]位置的文本是：	由云中
"《潜腾》是起点[MASK]猪耳"中[MASK]位置的文本是：	中文网连载的军事小说，作者是
"范宪鸣男，汉族，1957年7[MASK]人，中专文化，中共党员，1970年12月参加工作，阳谷顺达纺织有限公司董事长、总经理、支部书记"中[MASK]位置的文本是：	月出生，阳谷县七级镇西沈村
"片名：小猪歪歪  题材：教育  集数：52  每集长度：15分钟  导演[MASK]出品时间：2012"中[MASK]位置的文本是：	：郑方晓  编剧：袁胜群、龚佳城  
"仔细的算算时间，娘娘蔡少芬已出道27年，近年从香港影坛转战大陆演艺圈，同时身兼两个女儿的妈以及一线影星，外表仍维持得相当好，日前她在脸书分享旧照片，透露是自己1993年在[MASK]该角色是港剧史上相当经典的反派角色之一"中[MASK]位置的文本是：	港剧《天伦》中，饰演恶女齐雪儿的剧照，
"李淑贤（约1925年--1997[MASK]溥仪的第五任、也就是最后一任妻子"中[MASK]位置的文本是：	年6月9日），是清逊帝爱新觉罗·
"东汉建安十三年，也就是公元208年，已晋位汉相的曹操得知蔡文姬流落[MASK]"中[MASK]位置的文本是：	南匈奴的消息之后，心中非常焦急
"[MASK]，不论是TVB电视台西游记中的悟空，还是饰演其它角色，总让人一目了然，虽然演员出场自带自己风格会湮灭角色的血肉，但同时他也获得了大量喜爱自己的粉丝"中[MASK]位置的文本是：	TOP2:张卫健张卫健是娱乐圈中少有演出自己风格的演员，也就是张卫健风格
"薛晖，河东[MASK]人也"中[MASK]位置的文本是：	
"王老七[MASK]生于江西省赣州市，祖籍广东省揭西县棉湖镇贡山乡贡东村，香港永久居民，父亲是泰国归侨"中[MASK]位置的文本是：	，原名王长利，1956年6月20日出
"奥斯卡影后要[MASK]导演和制作的故事片《骑士》获美国电影独立精神奖四项提名，并被授予表彰当年杰出女导演的邦妮奖"中[MASK]位置的文本是：	与中国女导演合作　　宋丹丹继女赵婷美国影坛崭露头角　　“我们的宝贝女儿赵婷编剧
"《陪孩子走过青春期》是由菅原裕子编写[MASK]"中[MASK]位置的文本是：	的图书，于2012-10年出版发行
"《第三个[MASK]严艺丹的音乐作品，收录在《第三个人的爱(单曲)》专辑中"中[MASK]位置的文本是：	人的爱》是
"贾跃亭妻子甘薇刚刚对外声明，超过[MASK]债务已经形成解决方案，乐视网随即发布澄清公告予以否认"中[MASK]位置的文本是：	30亿元的关联
"《穿越网王之我[MASK]创作的网络小说，发表于晋江文学网"中[MASK]位置的文本是：	叫贞子》是舒盗雅
"《假如我不曾来过》[MASK]热血青春类小说，作者是季小夏"中[MASK]位置的文本是：	是连载于17k小说网的一部
"人物经历1939年7[MASK]，费维扬出生于上海市，原籍浙江平湖"中[MASK]位置的文本是：	月
"大卫·吉斯[MASK]足球俱乐部 球场：约瑟夫·波锡克球场 所属国家：匈牙利 联赛级别：匈牙利足球甲级联赛"中[MASK]位置的文本是：	 名字：布达佩斯捍卫者足球俱乐部 英文名：Kispest Budapest Honved FC 国语译名：布达佩斯捍卫者
"丁智慧 女 汉族 辽宁金州人 1970[MASK]入党 1988年8月参加工作 学历 硕士研究生 职称 教授级高级政工师"中[MASK]位置的文本是：	年6月出生 1998年4月
"杨轩，男，汉族，1967年3月出生，山西[MASK]"中[MASK]位置的文本是：	永济市人，大学学历，无党派人士
"2011年，李易峰参演的电视剧《幸福[MASK]》播出，李易峰饰演项允超一角"中[MASK]位置的文本是：	一定强》的续集《幸福最晴天
"《培养[MASK]：浙江人民出版社难度指数：★★情绪管理，其实是可以和孩子一起来学的，这便是戈特曼理论体系中很重要的实操部分"中[MASK]位置的文本是：	高情商的孩子》作者：约翰·戈特曼、 琼·德克莱尔出版社
"[MASK]一首歌曲，收录于《忘记你我做不到》专辑中"中[MASK]位置的文本是：	《真心的朋友》是著名歌手张学友的
"3、丹佛掘金队以122-119战胜了圣安东尼奥马刺队，掘金队的约基奇全场得到了28分，11个篮板和11次[MASK]助攻"中[MASK]位置的文本是：	助攻，连续3场取得3双（2.14日对阵马刺：32分，13个篮板，11次
"肖[MASK]、总裁，同济大学材料学学士及管理硕士"中[MASK]位置的文本是：	水龙，深圳市创东方投资有限公司董事长
"《远期的合约》由黄建中、钟少雄执导，贾一平[MASK]、王媛可主演"中[MASK]位置的文本是：	、张光北
"孙露发行的第[MASK]专辑《无情的情人》，策划制作：魔音唱片，发行公司：广东东昇影视文化传播有限公司，出版公司：深圳音像公司"中[MASK]位置的文本是：	11张音乐
"中国民生银行股份公司（上交所：600016港交所：01988）是中国大陆第一家由民间资本[MASK]1996年1月12日"中[MASK]位置的文本是：	设立的全国性商业银行，成立于
"《东北往事之破马张飞》是由郭大雷执导，贾乃亮、马丽领衔主演，王迅、梁超、于洋、屈菁菁等主演[MASK]客串的喜剧片"中[MASK]位置的文本是：	，李小璐亲情
"山西欧德宝电子工程有限公司于[MASK]山西省阳泉市工商行政管理局登记成立"中[MASK]位置的文本是：	2011年9月23日在
"基本资料球员:史卡特  生日:1981年9月11日  身高:175cm  加盟日期[MASK]场上位置:前锋  前度效力球队:伊普斯维奇  曾经效力球队:伊普斯维奇球队阵容前锋  迈克尔"中[MASK]位置的文本是：	:2006-1-6  球衣号码:9  国籍:挪威  效力球队:禾特  
"《[MASK]，光良演唱的一首歌曲，收录在专辑《约定》中，2005年11月发行"中[MASK]位置的文本是：	勇气》是瑞业作词，光良作曲
"《商业英语第一册[MASK]出版的图书，作者是本书编写组"中[MASK]位置的文本是：	》是1996年对外经济贸易大学出版社
"月光如春风拂面4歌曲鉴赏《假如爱有天意》的歌词由李健本人亲自撰写，一字一句都体现了[MASK]爱情细腻的理解"中[MASK]位置的文本是：	这位音乐诗人对于
"《风影[MASK]最近比较烦创作的网络小说，发表于17K小说网"中[MASK]位置的文本是：	帝国》是
"邱斌，又名奕语，[MASK]"中[MASK]位置的文本是：	字思肃，汉族
"《傅立叶选集(第1卷)》是1979年商务印书馆出版的图书，该书[MASK]charlesfourier，1772-1837)的思想学说选集"中[MASK]位置的文本是：	是法国大思想家和空想社会主义者夏尔·傅立叶(
"桂纶镁这个演员，[MASK]》吧，后来是FIR 的MV《我们的爱》、光良的MV《都是你》、以及后来跟电影一起出品的MV《不能说的秘密》，跟着周杰伦一起演出的《不能说的秘密》，才成为了我所熟知的演员"中[MASK]位置的文本是：	其实一开始认识她的时候，是从MV开始的，好像是蔡健雅的MV《陌生人
"冯丽委，男，号伊东人，37岁[MASK]美术系，本科学历"中[MASK]位置的文本是：	，河南洛阳嵩县人，毕业于洛阳师范学院
"出道15年的梁咏琪，曾透露自己和老公Sergio都很爱[MASK]一样，生一对龙凤胎，省时又省钱"中[MASK]位置的文本是：	小孩，如果体力允许目标是生4个，也希望能像妈妈
"王天一，男，1989年4月23日出生于北京，[MASK]大师1"中[MASK]位置的文本是：	中国象棋特级
"事实上，林青霞与邢嘉倩的生母张天爱[MASK]也是很融合的"中[MASK]位置的文本是：	的关系
"《堕落死神》是17k[MASK]连载的小说，作者是嬉笑"中[MASK]位置的文本是：	小说网
"刘红梅，女，1996年[MASK]国际贸易专业"中[MASK]位置的文本是：	毕业于中国海洋大学英语语言文化及
"唐晓明，男，1955年11月生于四川雅安[MASK]，中国石油大学教授、博士生导师"中[MASK]位置的文本是：	，汉族
"《初相见》为2014年刘艳作词，张渠作曲[MASK]郑棋元演唱歌曲"中[MASK]位置的文本是：	，
"《梦境之瞳》是连载于17k小说网的网络小说，[MASK]独孤隐奕"中[MASK]位置的文本是：	作者是
"洱海堪称云南省著名的高原湖泊，海拔1972米.自古以来一直被称[MASK]群山间的无瑕美玉"中[MASK]位置的文本是：	作为“
"秦世滚，男，汉族，1977[MASK]9月参加工作，广西邕江大学工业电气自动化技术专业毕业，大专学历"中[MASK]位置的文本是：	年1月出生，广西灵山人，2000年12月加入中国共产党，1999年
"权威的理由出 版 社：新星出版社出版时间：2008-12-1  字　数：273000  印刷时间：2008-12-1  纸　张：胶版纸  印　次：1内容简介支配与服从是任何[MASK]"中[MASK]位置的文本是：	一种政治秩序的基本问题，而“权威”这一概念构成了支配与服从关系的核心
"《落叶纷纷》是一首由罗大佑创作、张艾嘉演唱的歌曲，收录在[MASK]"中[MASK]位置的文本是：	专辑《童年》中
"《东归英雄传》是由塞夫及麦丽丝共同执导的民族[MASK]、宁静、斯琴高娃等参加演出"中[MASK]位置的文本是：	历史剧，马景涛
"今天的西门社区居委会居民常住人口达8000多人,由传统农业发展成为工贸业发达社区,以广东奥飞动漫文化股份[MASK])有限公司、广东实丰玩具实业有限公司等知名企业为龙头的工商业户近2000家,09年工商业总产值达16.5亿元"中[MASK]位置的文本是：	有限公司、广东骅威玩具工艺(集团
"不过从钱谦益与柳如是的[MASK]，似乎并不如此"中[MASK]位置的文本是：	婚姻来看
"“霍式古风”总是带来一股仙气，空灵宁静，余音袅袅，而霍尊本次并没有选择其成名作《卷珠帘》却挑战甄嬛传中经典之作[MASK]视为最大看点"中[MASK]位置的文本是：	《红颜劫》，能否靠此踢馆成功
"但若直接在“中国书法网”通过姓名链接，则会进入新的介绍版本：[MASK]甘肃省天水市人，毕业于西北大学，本科学历，工程师职称"中[MASK]位置的文本是：	  张贵荣(1958年—)，
"5月14日，与陈小春合作主演的年代传奇剧《精武陈真》播出[MASK]方志欣29"中[MASK]位置的文本是：	，董洁在剧中饰演文武双全、不卑不亢的馆馆主的女儿
"段正严（1083年―1176年），又名段和誉，[MASK]是大理国皇帝中在位时间最长的一位"中[MASK]位置的文本是：	文安帝段正淳之子，大理国第十六位皇帝，1108年—1147年在位，在位长达39年，
"《天地无门》是连载于17k小说网的网络小说，[MASK]是后幻"中[MASK]位置的文本是：	作者
"第三[MASK]，大理开国皇帝"中[MASK]位置的文本是：	：段思平
"史兆强字瀚卿，室名“金石轩”、“雪泥轩”、“海右居”等，中国国际书画研究院[MASK]、济南市书法家协会会员、 博宝拍卖签约书画家"中[MASK]位置的文本是：	副院长、中国艺术工作者协会特邀篆刻家、中国书法艺术家协会会员、山东省书法家协会会员、山东楹联艺术家协会会员
"[10]《贺龙传》，当代中国出版社[MASK]年版，第365页"中[MASK]位置的文本是：	1993
"阎膏珍，是贵霜王朝人物，[MASK]"中[MASK]位置的文本是：	公元95年~127年在位
"蔡依林是台湾著名歌手，发行[MASK]，如《日不落》、《倒带》等，她长得很漂亮，在颜值上有很大优势的她也有着很高的音乐天赋，曾经风靡一时，就连现在也有很多人喜欢她的歌声"中[MASK]位置的文本是：	过很多张专辑，有很多音乐作品
"李兰迪在主演[MASK]》受到了很多的关注，并且也得到了大众好评"中[MASK]位置的文本是：	的《无心法师》和《你好，旧时光
"涂磊主持节目天津卫视《爱情保卫战》、浙江钱江《九点半》、贵州卫视《安全密码》、[MASK]版《士兵突击》的旁白配音等"中[MASK]位置的文本是：	江西卫视《深度观察》、北京《民声说法》，云南卫视及CCTV2财经频道青春纪实
"罗红江，男，傣族，1962年5月生，云南省景洪市人，1982年8月参加工作，1988年8[MASK]，大学学历"中[MASK]位置的文本是：	月加入中国共产党，云南民族学院汉语言文学专业毕业
"杜江和霍思燕这对夫妻，可以说刚开始谈的时候，就是女强男弱的状态，杜江2007年出道，而那时的霍思燕[MASK]风一样离去》等多部电视剧"中[MASK]位置的文本是：	已经小有名气，主演《少年天子》、《欢天喜地七仙女》、《像
"[MASK]：《庄子发微·序》，上海古籍出版社，1988年"中[MASK]位置的文本是：	⑥钟泰
"《台湾往事》热播 左小青饰母亲[MASK]女性之美"中[MASK]位置的文本是：	展中国
"《烽火儿女情》是2011年拉风娱乐出品的一部[MASK]戴娇倩、朱紫汶等主演"中[MASK]位置的文本是：	民国情感剧，由刘逢生、徐惠康共同执导，刘恺威、
"北京天地在线广告有限公司[MASK]一直致力于为中国广大企事业单位提供一站式互联网营销服务"中[MASK]位置的文本是：	成立于2002年，
"基本信息简介马茵，男，河南泌阳人士，毕业于河北[MASK]书法院系1"中[MASK]位置的文本是：	美术学院
"《龙恋神话》在17k小说网连载[MASK]类作品，作者是爱穷公子"中[MASK]位置的文本是：	的一部架空历史
"[MASK]（TheOriginalsseason2）是《吸血鬼日记》的衍生剧，是由哥伦比亚及华纳兄弟联合电视网出品的青春、魔幻类电视剧"中[MASK]位置的文本是：	《初代吸血鬼第二季》
"《[MASK]兰州大学出版社出版的图书，作者是乙力"中[MASK]位置的文本是：	中国古代座右铭》是2004年
"如屈原名平，字原[MASK]为原"中[MASK]位置的文本是：	，广平
"《英文名篇鉴赏金库（戏剧[MASK]》是2005年天津人民出版社出版的图书，作者是刘昊，刘昊"中[MASK]位置的文本是：	卷）
"徐才[MASK]曾用过:才连政治面貌：参加革命： 1942单位职务： 华野十一纵队三十三旅九十八团班长牺牲情况： 1948年东台战斗中牺牲"中[MASK]位置的文本是：	田1  出生年月： 1918性　别： 男籍　贯： 东进乡军属村别　名： 
"弗兰克·普伦普顿·拉姆齐（Frank Plumpton Ramsey，1903年2月22日－1930年1月19日，英语发音[fɹ[MASK]plʌmtən ˈɹæmzi]），英国数学家、哲学家兼经济学家"中[MASK]位置的文本是：	æŋk ˈ
"(22)《毛泽东选集》第1[MASK]第111页"中[MASK]位置的文本是：	卷，北京：人民出版社，1991年，
"《游戏王：THE DARK SIDE OF DIMENSIONS》是为了纪念《[MASK]制作的新剧场版动画，于2016年4月23日在日本公映"中[MASK]位置的文本是：	游戏王》原作诞生20周年而
"企业简介福州元氏一木投资有限公司成立于2014年6月30日，是一家集设计、生产、销售、服务为一体的[MASK]大庄园左侧"中[MASK]位置的文本是：	新型民营企业，坐落于福建省福州市闽侯上街闽都
"[MASK]11日，以中国科学院副院长吴有训为团长的中国科学院代表团，访问了东欧七国科学院和若干高校及产业部门的研究组织"中[MASK]位置的文本是：	1959年2月14日至5月
"那是我梦的摇篮歌手简介阿幼朵，又名雷阿幼朵，苗族人，1977年04月29日出生于贵州省[MASK]国家一级演员，中央民族歌舞团演员，第十一届全国人大代表，贵州省平安餐桌工程形象大使"中[MASK]位置的文本是：	黄平县，毕业于北京师范大学， 歌手，
"周正保,男，1940，中共党员，1962年毕业[MASK]中医学院，从事临床精神疾病治疗工作近40年"中[MASK]位置的文本是：	于天津
"林依晨在2013年拍完《[MASK]到大银幕，同时完成了人生大事——结婚"中[MASK]位置的文本是：	兰陵王》之后，她便把工作重心转移
"《有限责任合伙法律制度专题研究》是2011年6月[MASK]出版社出版的图书，作者是刘新民"中[MASK]位置的文本是：	1日知识产权
"总导演由负责过《太空牛仔》、《混沌武士》的渡边信一郎担任，[MASK]や担任，动画制作由BONES负责"中[MASK]位置的文本是：	剧本由渡辺あ
"铁翼惊情由戚其义监及[MASK]、郭羡妮、林保怡、陈曼娜、黄佩霞及任港秀等"中[MASK]位置的文本是：	执导的电视剧，大部分主要演员有邵美琪
"许世勋是广东本土人，是船王许爱周的[MASK]"中[MASK]位置的文本是：	第三个儿子
"林材（生卒年月不详），字谨任[MASK]人"中[MASK]位置的文本是：	，号楚石，明代福建长乐唐屿
"动物简介长颈龟是龟鳖目蛇[MASK]长颈龟属的1种"中[MASK]位置的文本是：	颈龟科
"《机动车驾驶人学习指南（科目一）》是2013年辽宁大学出版社有限责任公司出版的图书[MASK]"中[MASK]位置的文本是：	，作者是李士通
"[MASK]冬眠所写的一部东方玄幻类的长篇小说"中[MASK]位置的文本是：	战魂永生是由塔读文学签约作家夜
"韩方河毕业于[MASK]、上海国际信托投资公司证券总部副总经理以及证券投资信托部总经理，同时还是上海市经济系列高级职称评审委员会金融证券学科专家委员"中[MASK]位置的文本是：	上海财经大学会计系，并获得复旦大学经济学硕士学位，后来历任上海市物价研究所所长、上海市物价局政策研究处处长
"代表国家队：出场0次，进0球运动经历朱子森，出生于1989[MASK]17日，身高185cm，司职守门员"中[MASK]位置的文本是：	年5月
"陈奫([MASK]，诸暨枫桥陈家村人，幼敏慧，喜《春秋》、《史记》、《汉书》，平日与同辈昆仲以学行相砥砺，以道自卫"中[MASK]位置的文本是：	1372--1423)，字叔坚，一字太和，又字养源，祖陈策，父陈玭
"《东京大空袭》日本电视台于2008年3月17日-[MASK]会在剧中展开壹段悲恋"中[MASK]位置的文本是：	18日间播出的电视剧，由堀北真希及藤原龙也主演，两人将
"2005年，主演胡玫执导的央视开年大戏《汉武大帝》，饰演雄才伟略、风流千古的一代霸主汉武帝，该剧展现了刘彻的一生，作为《汉武大帝》的主演，陈宝国演绎了一个性格复杂的汉武帝，3435凭借该剧获得第25届中国电视剧飞天奖优秀男演员奖，5第[MASK]届中国电视金鹰奖最佳男演员奖提名"中[MASK]位置的文本是：	11届中国电影表演艺术学会金凤凰奖表演学会奖，36第23
"D·确特尼英文名DuaneCourtney，1985年1月[MASK]效力球队:约克城,塔姆沃思,京达米士特,新圣徒,伯恩利"中[MASK]位置的文本是：	7日出生于英格兰，是一名职业的足球运动员，身高180厘米，在场位置为后卫，曾经
"《王》2017年网剧《假[MASK]：刘 扬演唱：王程程"中[MASK]位置的文本是：	凤虚凰》主题1曲作词：张一一作曲
"脑海都瓦解 都甩开1歌曲鉴赏陈没填词巧妙翻转丁当音乐风格突破声线的《[MASK]的态度"中[MASK]位置的文本是：	甩开》，一句一句都深刻描绘出白羊座的丁当对爱情
"从《爆裂鼓手》中音乐的运用[MASK]到《爱乐之城》中复古的情调和色彩的搭配，达米恩·查泽雷全面地展示出他对于各种电影元素的掌控力29"中[MASK]位置的文本是：	和对于情感的渲染，
"孟珙再次担起重任，统领南宋两大战场（南宋四大战区：川蜀、荆襄（又称京湖）、淮西、淮东），率领宋军浴血奋战，全力抵抗横扫欧亚的蒙古铁骑[MASK]"中[MASK]位置的文本是：	，确保南宋挺过了宋蒙战争的前十余年
"1984年《高山下的花环[MASK]》作者李存葆，1946年生，山东省五莲县人"中[MASK]位置的文本是：	》第二届大众电视金鹰奖优秀女配角：王玉梅原著介绍高山下的花环
"塔塔汽车是印度塔塔集团下属的子公司[MASK]之内，年营业额高达20亿美元"中[MASK]位置的文本是：	，成立于1945年，全球商用汽车制造商中排名十甲
"科隆基维茨是一名德国[MASK]场上位置是后卫"中[MASK]位置的文本是：	足球运动员，
"梁启超一共有九个子女，其中有梁思成、梁思永[MASK]是各行各业的精英，被誉“一门三院士，满庭皆才俊"中[MASK]位置的文本是：	、梁思礼三个院士，其他的子女也几乎都
"专辑[MASK]的《I'm Still in Love》被选为好莱坞文艺片《美国情缘》中文主题曲"中[MASK]位置的文本是：	收录了由周杰伦为李玟量身制作的中西合璧式的歌曲《刀马旦》，由李玟亲自填词
"杨国胜，男，[MASK]昌乐人，中共党员"中[MASK]位置的文本是：	汉族，山东
"山西佰汇万达[MASK]年7月1日在太原市工商行政管理局登记成立"中[MASK]位置的文本是：	汽车租赁有限公司于2015
"《我是你的咩咩phone》是V脸社长[MASK]的一部科幻爱情电视"中[MASK]位置的文本是：	工作室、OPPO、腾讯视频联合出品
"《百分百感觉》[MASK]梁咏琪等主演的爱情喜剧"中[MASK]位置的文本是：	为马伟豪执导，郑伊健、郑秀文、
"人物经历Jean-Marc Chery 1960年生于[MASK]1984年毕业于法国国立高等技术学院工程系"中[MASK]位置的文本是：	法国奥尔良，
"[MASK]这个经典角色，相信大家的第一反应就是《还珠格格》，而说起《还珠格格》，大家都会想到赵薇"中[MASK]位置的文本是：	说起小燕子
"生平轶事1947年秋，[MASK]平是清华大学物理系大四学生"中[MASK]位置的文本是：	李德
"《[MASK]是2006年上海文化出版社出版的图书，作者是范宇鸣"中[MASK]位置的文本是：	远离过敏体质的自然疗法》
"《希腊神话星座起源奥运传说》是2004年[MASK]，作者是陈适先"中[MASK]位置的文本是：	东方出版社出版的图书
"而现在该男也被媒体起底，发现正是林心如的[MASK]个夏天》导演许富翔"中[MASK]位置的文本是：	好友、《16
"《双世宠妃》，由邢昭林，梁洁主演，主要讲述了尚书[MASK]奖项"中[MASK]位置的文本是：	千金曲檀儿和八王爷的爱情故事，该剧获得2017年度最具价值网络剧
"麦昆（McQueen）是一名英国著名的服装设计师，1969年3[MASK]被认为是英国的时尚教父"中[MASK]位置的文本是：	月17日出生，毕业于圣·马丁艺术设计学院，有坏孩子麦昆之称，
"《莱茵河的囚徒》是2009[MASK](日本)田中芳树"中[MASK]位置的文本是：	年09月阳光出版社出版的一本图书，作者是
"1920年，9岁的池育华[MASK]的李才莲当童养媳"中[MASK]位置的文本是：	就嫁给6岁
"《舞蹈形体教程》是西南师范大学出版社出版的[MASK]姜兰(作者)"中[MASK]位置的文本是：	图书，作者是
"《七个老鼠兄弟》收录[MASK]诗歌的优美，是作者第一部童话诗集"中[MASK]位置的文本是：	了著名诗人徐鲁创作的童话诗，有童话的浪漫和
"不过除了这点之外，邓超主演的《美人鱼》、《乘风破浪》、《从你的全世界路过》等都是收获了很高票房的，而且邓超的演技也是非常[MASK]也是认可的"中[MASK]位置的文本是：	好，所以很多网友
"陈冠蒲随即发行[MASK]，以《穿越时空的爱恋》主题曲《太多》和片尾曲《就让你走》为主打曲"中[MASK]位置的文本是：	个人第一部专辑《就让你走》
"佘国强1，男，汉族，1955年10月[MASK]入党，大学本科学历，双学士学位，副教授职称，现任高职院、成教院、继续教育学院院长，党总支副书记"中[MASK]位置的文本是：	出生，1976年11月参加工作，1975年10月
"”（《陈康：论希腊哲学》，商务印书馆二○一一年[MASK]609页"中[MASK]位置的文本是：	版，
"《西域威龙[MASK]执导，成龙、欧文·威尔逊、刘玉玲等人主演的一部动作片"中[MASK]位置的文本是：	》是由汤姆·戴伊
"四季沐歌集团成立于2000年，2012[MASK]日于沪市A股主板上市（股票代码：603366），是中国航天事业战略合作伙伴"中[MASK]位置的文本是：	年5月21
"顾文彬（1811 ～1889），字蔚如[MASK]艮庵"中[MASK]位置的文本是：	，号子山，晚号艮盦，一为
"中文名：梅田直哉 外文名：NaoyaUmeda 国籍：日本 出生地：广岛 出生日期：1978年4[MASK]：足球 所属运动队：鸟取飞翔足球俱乐部 场上位置：前锋"中[MASK]位置的文本是：	月27日 身高：185厘米 体重：85公斤 运动项目
"歌词大冢爱 - ラーメン3分クッキング作词：[MASK]もしもし　今何してんの"中[MASK]位置的文本是：	爱作曲：爱编曲：爱/Ikoman VAN制作「
"再看中国近代，写出《北方门前》《面朝大海，春暖花开》的伟大[MASK]女人之间周旋，最后也和陆小凤产生巨大隔阂，没有了爱情"中[MASK]位置的文本是：	诗人海子，因为抑郁症倍感煎熬最后卧轨而死，而以《再别康桥》名动天下的“情圣”徐志摩虽然八面玲珑在几个
"《飞机师的风衣》是张学友演唱的一首歌曲，[MASK]专辑《相爱》中"中[MASK]位置的文本是：	收录在1986年发行的
"Wade虽然只有1.93米，可从来没人[MASK]上的防守漏洞"中[MASK]位置的文本是：	认为他是得分后卫这个位置
"基本资料球员:克拉泽  生日:[MASK]:175cm  体重:75kg  球衣号码:2  国籍:斯洛伐克  效力球队:MFK科希策  场上位置:后卫球队阵容前锋  K"中[MASK]位置的文本是：	1991年9月28日  身高
"7天连锁酒店集团（7 Days Group Holdings Limited），自2005[MASK]覆盖全国300座城市，成为中国经济型酒店行业的第一品牌"中[MASK]位置的文本是：	年成立以来，经过快速发展，分店总数已经超过2000家，
"斯琴，女，1959年12月出生，1982[MASK]“金杯”特奖，担任全国高等院校蒙医药学专业本科教材《蒙医养生康复学》主编"中[MASK]位置的文本是：	年毕业于内蒙古医学院蒙医专业，曾获第二届世界传统医学大会国际
"于是，这一年的秋天，[MASK]，风尘仆仆，前去与赵明诚相聚"中[MASK]位置的文本是：	李清照离开居住了十几年之久的青州
"《缝补灵魂的天使》是2013年春天出版国际文化有限公司出版[MASK]FrancineRivers"中[MASK]位置的文本是：	的图书，作者是法兰辛．瑞维斯，
"《蓝兰岛漂流记》改编自藤代健创作的漫画，是[MASK]作品，于2007年4月4日播出，共26集"中[MASK]位置的文本是：	东京电视台制作放送的一部日本动画
"《笑猫日记》（明天出版社）、《窗边[MASK]沈石溪品藏书系——狼王梦》（浙江少年儿童出版社）、“米小圈上学记”系列（四川少年儿童出版社）等少儿书均有不错的销售成绩"中[MASK]位置的文本是：	的小豆豆》（南海出版公司）、《五毛的故事（精）》（华南理工大学出版社）、《动物小说大王
"布莉·威廉姆森（Bree Williamson）1979年12月28日出生于加拿大安大略省多伦多，她是一位演员，因出演《One Life to Live》（只此一生），[MASK]和 《Haven》（港湾）为人所知"中[MASK]位置的文本是：	《Adam   Eve》
"个人简介姓名：加斯顿·席尔瓦  英文名:Gaston Silva  生日：1994-03-05  场上位置:后卫  身高：183厘米  体重：公斤[MASK]"中[MASK]位置的文本是：	  惯用脚：左脚  出生地：萨尔托(乌拉圭)  国籍：乌拉圭职业生涯1
"《希区考克 作品152》是蔡旻佑演唱[MASK]蔡旻佑》中"中[MASK]位置的文本是：	的一首歌曲，该曲目收录在专辑《搜寻
"幕后花絮[MASK]，导演陈正道直言整个拍摄过程很幸福：“我们一起做了一场很美的梦"中[MASK]位置的文本是：	《重返二十岁》1顺利杀青
"北京昊建混凝土有限公司于2003-04-16在[MASK]"中[MASK]位置的文本是：	大兴分局登记成立
"《换我离去》，[MASK]姑娘》中，于2014年3月15日发行"中[MASK]位置的文本是：	歌曲，收录于歌手范朋飞的音乐专辑《李家
"Greenberg最佳影片《法国贩毒网》提名12[MASK]Newman幕后制作创作背景"中[MASK]位置的文本是：	最佳导演威廉·弗莱德金最佳原声Christopher 
"学校简介清远市田家炳实验中学简称市实中，创办于1996年9月，是清远建市后按省一级学校标准创办的第一所公办市直属中学(从2003年1月起，市委市政府决定在[MASK]一中和该校)"中[MASK]位置的文本是：	普教线市只管两所学校———市
"《松井玲奈写真集「[MASK]是2012年光文社出版的图书，作者是丸谷嘉长"中[MASK]位置的文本是：	きんぎょ」》
"臭椿皮蛾，Eligma narcissus[MASK]鳞翅目夜蛾科旋夜蛾属的一个物种"中[MASK]位置的文本是：	 （Cramer，1775），属
"《稍安勿躁[MASK]一部粉红色喜剧片，于2012年9月7日全国上映"中[MASK]位置的文本是：	》是由宋金笑执导，宋金笑、范逸臣、陈冲、王宏伟等主演的
"一次真正有效的胎心监护[MASK]中对这一点有着明确的说明"中[MASK]位置的文本是：	，至少需要20分钟以上，在人民卫生出版社的《妇产科学》
"《真爱诺言》由林添[MASK]、王满娇、张亮等主演都市爱情剧"中[MASK]位置的文本是：	一执导，王美雪、李进荣
"J·奥拉克来自斯洛文尼亚[MASK]月7日，身高为185厘米，他的职业是足球运动员，球衣号码:999，效力球队:雷利亚，场上位置:守门"中[MASK]位置的文本是：	，他的英文名字是JanOblak，出生于1993年1
"《酒店财务部精细化管理[MASK]是2011年人民邮电出版社出版的图书，作者是蔡升桂"中[MASK]位置的文本是：	与服务规范（第2版）》
"锯胸脂鲤，为[MASK]目脂鲤亚目脂鲤科的其中一个种"中[MASK]位置的文本是：	辐鳍鱼纲脂鲤
"1、郭鹤年年龄：95岁人物简介：祖籍福建，马来西亚首富，有“酒店大王”和[MASK]年基业长青，被称为永不会破产的巨人"中[MASK]位置的文本是：	“亚洲糖王”之称，嘉里集团董事长，70
"《关中[MASK]陕西新星影视制作有限公司出品，陈权执导，王茜华、苏廷石、舒耀瑄、李进荣主演的年代情感剧"中[MASK]位置的文本是：	女人》是由陕西恒泰集团、
"《无影绝杀手》是一部小说[MASK]"中[MASK]位置的文本是：	，作者是常青阁
"安志民 中级人民法院政策法律研究室主任，1942年[MASK]，1962年加入中国共产党"中[MASK]位置的文本是：	7月出生，重庆市南川区人，大专文化，1960年入伍
"编剧邹静之介绍说，《铁齿铜牙纪晓岚》第四部共40集[MASK]8集"中[MASK]位置的文本是：	，分为5个单元，每单元
"天涯社区网络科技股份有限公司于1999年[MASK]在海南省工商行政管理局登记成立"中[MASK]位置的文本是：	4月27日
