"陈晓曦（1974—）男，[MASK]学院思想政治理论课教学研究部讲师，复旦大学哲学博士，主要从事中西伦理学理论与应用研究"中[MASK]位置的文本是：	安徽六安人，滁州
"宣传方供图 千龙网发千龙网讯[MASK]郭品超、毛林林、杨菲洋、赵文瑄、连凯、祝绪丹、赖艺、赵楚纶、李婷婷、史文翔等主演的电视剧《谈判官》正在湖南卫视金鹰独播剧场热播中"中[MASK]位置的文本是：	 由华策克顿旗下剧芯文化、嘉行传媒、乐视视频、天浩盛世联合出品，刘一志导演，费慧君、李晓亮担任编剧，杨幂、黄子韬领衔主演，
"[MASK]的上海市浦东新区航头路，厂区环境怡人"中[MASK]位置的文本是：	上海衡世光电科技有限公司位于风景秀丽
"四个月后孙策[MASK]，大乔自此孤苦伶仃的独自走完了一生"中[MASK]位置的文本是：	就去世
"鸭嘴鱼，学名是美国匙吻鲟（又名鸭嘴鲟）英文名：Polyodonspathala 匙吻鲟，学名“美国匙吻鲟”原产美国密西西比河流域，[MASK]，属鲟形目匙吻白鲟科"中[MASK]位置的文本是：	是一种大型淡水经济鱼类
"成都德仁堂药业有限公司于[MASK]日在成都市工商行政管理局登记成立"中[MASK]位置的文本是：	1980年8月20
"冯丽委，男，号伊东人，37岁[MASK]美术系，本科学历"中[MASK]位置的文本是：	，河南洛阳嵩县人，毕业于洛阳师范学院
"《龙之忍者》是由元奎执导，千叶真一[MASK]武打片，于1982年上映"中[MASK]位置的文本是：	、李元霸等人主演的一部
"「忘了所有」，创作[MASK]国语专辑，由超凡有限公司统筹，波丽佳音于1996年8月发行"中[MASK]位置的文本是：	歌手王杰的第二十六张个人专辑，也是第十八张
"出道以来一直[MASK]，与杜淳和张俪饰演的苦难情侣，共同构成了这部电视剧全新的铁三角主演关系"中[MASK]位置的文本是：	以温柔、善良形象出现在荧屏上的姚芊羽，在《美丽背后》将首次挑战腹黑的反面角色
"《逆戒》是17k小说网连载的小说[MASK]阿川"中[MASK]位置的文本是：	，作者是我叫
"《跨越者》是连载于17k小说网的网络小说，作者[MASK]"中[MASK]位置的文本是：	是安酒碎语
"《烽火儿女情》是2011年拉风娱乐出品的一部[MASK]戴娇倩、朱紫汶等主演"中[MASK]位置的文本是：	民国情感剧，由刘逢生、徐惠康共同执导，刘恺威、
"[MASK]第四届主词条：2017快乐男声赛事安排《2017快乐男声》是湖南卫视经典歌唱类节目，继2013年节目播出后，新一季再次回归"中[MASK]位置的文本是：	49王启草原上升起不落的太阳总票数47846饶威爱的鼓励总票数4892017年
"马志贤，毕业于华北煤炭医学院，四十三年来一直从事神经内科、心血管内科疑难病的[MASK]工作"中[MASK]位置的文本是：	理论研究
"王位继承排名哈里王子原为英国王位第四继承人，因其哥哥威廉王子第二个孩子[MASK]年5月2日出生，故现排名下降至第五位"中[MASK]位置的文本是：	夏洛特·伊丽莎白·戴安娜公主于2015
"科隆基维茨是一名德国[MASK]场上位置是后卫"中[MASK]位置的文本是：	足球运动员，
"棕尾蝇霸鹟是一种雀形目 、霸鹟科类生物，分布于北美地区[MASK]圣皮埃尔和密克隆群岛及墨西哥境内北美与中美洲之间的过渡地带"中[MASK]位置的文本是：	，包括美国、加拿大、格陵兰、百慕大群岛、
"公开信息显示，刘天池和祖峰都是一家东阳青雨传媒股份有限公司的股东，提起这个名字可能某些看客不太[MASK]和陌生人说话》《潜伏》《猎场》等都是东阳青雨出品的"中[MASK]位置的文本是：	了解，但是这个公司曾出品过的影视剧一定是我们熟知的，如《不要
"《[MASK]年12月1日由文化艺术出版社出版的图书，作者是叶倾城"中[MASK]位置的文本是：	爱或不爱都是事儿》是2009
"梁本国，男，中国农业大学[MASK]"中[MASK]位置的文本是：	博士研究生毕业，农学博士
"该剧生动再现了[MASK]不畏牺牲的革命故事"中[MASK]位置的文本是：	炎陵革命先烈何孟雄与缪伯英夫妻二人艰苦奋斗、
"乐喜，子姓，乐氏，字子罕[MASK]（今河南商丘）人，宋国贤臣"中[MASK]位置的文本是：	，是春秋时期宋国
"人物[MASK]舒城县人，中共党员，1967年11月出生，省委党校研究生学历"中[MASK]位置的文本是：	简介韦生群，男，汉族，
"【第十：东方出版社】近年来该社出版了[MASK]曾纪泽》都是上好的著作"中[MASK]位置的文本是：	不少好书，除了翻译之外，还有像台湾历史学家李恩涵的《外交家
"范宪鸣男，汉族，1957年7[MASK]人，中专文化，中共党员，1970年12月参加工作，阳谷顺达纺织有限公司董事长、总经理、支部书记"中[MASK]位置的文本是：	月出生，阳谷县七级镇西沈村
"《爱情悠悠药草[MASK]操刀执导，娄艺潇、韩栋、宣萱、钱泳辰、倪虹洁、金铭等领衔主演，讲述了民国药草世家中的女人纷争和家恨国仇"中[MASK]位置的文本是：	香》是由上海辛迪加影视公司出品，知名导演蒋家骏
"郭麒麟系他[MASK]出生于1996年"中[MASK]位置的文本是：	与前妻胡中惠所生，
"钟文泽，1948年11月出生，男，汉族，山东高唐人，大专学历，中共党员，[MASK]副主席、党组成员"中[MASK]位置的文本是：	现任聊城市政协
"说到歌手陈红，这个[MASK]常回家看看》肯定还记忆犹新吧"中[MASK]位置的文本是：	名字大家估计有点陌生，但若提到一首歌《
"基本资料球员:格奥尔基  生日:1992年4[MASK]日期:2009-7  球衣号码:26  国籍:保加利亚  效力球队:布尔加斯  场上位置:后卫球队阵容前锋  博利,V"中[MASK]位置的文本是：	月18日  身高:183сm  体重:76kg  加盟
"基本信息歌曲名称：想不起  专辑名称：香水有毒  歌手姓名：胡杨林[MASK]：国语专辑介绍歌曲《香水有毒》经过好多歌手的试唱，最终因为胡杨林柔美的声线，对歌曲感情的把握"中[MASK]位置的文本是：	  发行时间：2006-6-26  发行公司：太格印象  专辑语种
"《只想要你一份牵挂》是由[MASK]收录在《女人心绪》专辑里"中[MASK]位置的文本是：	李玲玉演唱的一首歌曲，
"谢强，男，南开大学动物学[MASK]毕业，现任南开大学教授"中[MASK]位置的文本是：	专业
"施宇峰 ，清华大学美术学院 [MASK]艺术设计（景观方向） 本科"中[MASK]位置的文本是：	环境
"盘点豆瓣[MASK]英国广播电视中心公司制作的电视剧纪录片，由大卫·艾登堡执导并解说"中[MASK]位置的文本是：	评分最高的电视剧：《地球脉动第二季》在英国首播，是由
"2014年，陈卫国、繁华联合执导电视剧[MASK]饰演老子"中[MASK]位置的文本是：	《老子传奇》，并在剧中
"百世经纶一直渴望着自我的突破，2008年推出的最新[MASK]再度掀起了网络阅读的强劲风潮"中[MASK]位置的文本是：	力作《犬神传2》，终于如他所愿，
"2008年的《暖春》和2009年的《小姨多鹤》让她逐渐被观众熟识，越涨越大的齐如意也变得越来越好看，除了[MASK]她的气质"中[MASK]位置的文本是：	出演影视作品，她还经常参加一些综艺节目和一些现场晚会，这样的经历加速了她的成长，培养了
"第一：陈丽华也许说道陈丽华这个名字大家[MASK]重瑞就是86版中《西游记》中唐僧↑↑↑的扮演者"中[MASK]位置的文本是：	不是很不熟，但是她的老公迟重瑞相信大家一定知道，那是多少人童年的回忆，迟
"”赵姨娘[MASK]也未求通此事，彩霞竟只好配给旺儿之子"中[MASK]位置的文本是：	直至“打发贾政安歇”，
"景山合唱节为[MASK]景山公园举办的合唱节"中[MASK]位置的文本是：	北京市西城区政府在
"康根大夫祖籍陕西汉中镇巴县，酷爱[MASK]中医"中[MASK]位置的文本是：	祖国医学，传统师承
"1994年ABB将中国[MASK]正式注册了投资性控股公司 —— ABB（中国）有限公司"中[MASK]位置的文本是：	总部迁至北京，并于1995年
"1971年，三名咖啡爱好者在西雅图创立了星巴克出售优质的咖啡豆[MASK]全世界也有将近24000家星巴克"中[MASK]位置的文本是：	，1987年霍华德·舒尔茨筹资买断了公司的所有股份，并按连锁店思路进行改造，如今
"[MASK]和李亚鹏的女儿李嫣都与乐队合作了人生中的第一首单曲"中[MASK]位置的文本是：	这时，窦靖童已经成了年轻一代的标志性偶像，王菲
"《浮世十二钗》[MASK]贵族类小说，作者是南浦烟云"中[MASK]位置的文本是：	是在17k小说网上连载的宫廷
"简介中文学名：红翎菜科  拉丁学名：Solieriaceae  门：红藻门 Rhodophyta  目：杉藻[MASK]内容Solieriaceae  藻类植物，属红藻门"中[MASK]位置的文本是：	目 Gigartinales  科：红翎菜科基本
"《名妻归来：豪门童养媳》是绯樱爱[MASK]网络小说，发表于晋江文学网"中[MASK]位置的文本是：	创作的
"胡建军，男，汉族，湖南邵东[MASK]毕业，测绘工程师、房地产经济师职称"中[MASK]位置的文本是：	人，1971年10月出生，广西大学在职研究生
"《哎呦老师》是方克汉姆创作的网络小说，发表[MASK]"中[MASK]位置的文本是：	于起点网
"唐汉坤，男，汉族，1971年8月出生[MASK]，2002年6月加入中国共产党，南昌水利水电高等专科学校水利水电工程建筑专业"中[MASK]位置的文本是：	，广西合浦人，1994年10月参加工作
"周星驰的电影，特别是以前的看电影，逃学威龙系列，鹿鼎记系列，功夫，九品芝麻官，唐伯虎点秋香这几部电影每年我都会重温一篇，每次看都会笑，特别是唐伯虎点秋香我[MASK]百年周星驰，只能说周星驰的地位是无可厚非的不需要争辩"中[MASK]位置的文本是：	都不知道看了多少次，小时候放暑假一天看三到四篇，我感觉超过一百次了，谢谢你给了我一个欢乐的童年
"《丢丢铜儿》是朱安禹[MASK]《世界真奇妙》专辑中"中[MASK]位置的文本是：	演唱的歌曲，收录于
"在告发和被告发的轮回[MASK]朝鲜半岛的悲怆历史为背景的恢弘大作，导演林权泽凭着一颗对民族的热爱和对人性的关怀成就了这一部令人难忘的历史剧"中[MASK]位置的文本是：	中，每个人的性命都岌岌可危……幕后花絮《太白山脉》是以1948－1950年
"【丁连山何许人也[MASK]，而王家卫导演的《一代宗师》里对此人物戏份保留有限，才让人有点不明所以，其实这个人物和张震饰演的一线天一样，都可以独立成篇"中[MASK]位置的文本是：	】台湾作家张大春最近对丁连山这个人物有个详细交代
"中文名:语文720题作者:徐婷资源格式:[MASK]:湖北少年儿童出版社书号:9787535381705发行时间:2013年03月地区:大陆语言:简体中文简介:内容简介："中[MASK]位置的文本是：	PDF版本:全彩版出版社
"徐凤明，男，汉族，湖北潜江人，1976年7月参加[MASK]人民检察院党组成员、办公室主任、检委会委员、四级高级检察官"中[MASK]位置的文本是：	工作，1982年8月加入中国共产党，江苏工业学院法学专业毕业，本科学历，潜江市
"刘朝忠，1969年[MASK]先进个人，渤海大学硕士生导师，沈阳师范大学硕士研究生指导教师，2011年5月21日在沈阳师范大学建校60周年庆典大会上，刘朝忠等22位校友被母校沈师大评为建校60年杰出校友"中[MASK]位置的文本是：	4月生，中共党员，博士研究生在读，语文特级教师，辽宁省首批中小学教师拔尖人才，辽宁省优秀教师，辽宁省教育扶贫先进工作者、全国学校对口支援工作
"李胜刚，男[MASK]人，中共党员，研究生文化程度，曾任中共烟台市芝罘区委常委、烟台市芝罘区人民政府常务副区长"中[MASK]位置的文本是：	，1968年9月出生，汉族，山东蓬莱
"黄华启，男，土家族，1957年1月出生，湖北建始[MASK]1975年6月加入中国共产党，本科学历"中[MASK]位置的文本是：	人，1980年1月参加工作，
"[MASK]11日，以中国科学院副院长吴有训为团长的中国科学院代表团，访问了东欧七国科学院和若干高校及产业部门的研究组织"中[MASK]位置的文本是：	1959年2月14日至5月
"平额尖腹金小蜂[MASK]膜翅目，金小蜂科，尖腹金小蜂属"中[MASK]位置的文本是：	是一种生物，属于动物界，
"《家有儿女系列之借我一个家》是2009年华中科技大学出版社[MASK]笙"中[MASK]位置的文本是：	出版的图书，作者是水墨
"《红太阳照[MASK]作者金凤浩都是和龙市人，1966年，两人在和龙市生活和工作期间完成了该作品的创作"中[MASK]位置的文本是：	边疆》的词作者韩允浩，歌曲
"收录于王野2011年3月15日发行的首张个人EP《温暖如野》。[MASK]歌曲"中[MASK]位置的文本是：	《野雁高飞》被选为新疆广汇队CBA季后赛的加油
"个人介绍杨成毕业于湖南中医药大学，从事泌尿外科、[MASK]"中[MASK]位置的文本是：	男科临床工作近二十年
"她也曾有[MASK]儿子“马东”说成了已经去世的“马季”，她站在风口浪尖被吐槽炮轰"中[MASK]位置的文本是：	过失误，在报幕时将马季先生的
"《奇人奇案[MASK]执导，郑则仕、李若彤、严屹宽、耿乐、斯琴高娃、朱晏等人联袂主演的奇幻悬疑电视剧"中[MASK]位置的文本是：	》是由戈日泰
"《环球广告公司》是东京电视台2017年10月20日起[MASK]，泽村一树主演"中[MASK]位置的文本是：	播出的电视剧，由川村泰祐执导，冈田惠和担任编剧
"时光网讯好莱坞影星布莱德利·库珀将的导演处女作《一个明星的诞生》原档期2018年9月28日调档至2018年5月18日，布莱德利·库珀在担任男主角的同时还将担任该片的导演，Lady Gaga[MASK]将由她一手包办1"中[MASK]位置的文本是：	首次担当电影女主角，并且片中的音乐也
"《离婚官司》是2007年[MASK]电视剧，由张元龙执导，李晨、孙淳、丁梦雨、陈莉娜主演"中[MASK]位置的文本是：	出品的
"《海昌[MASK]》是2012年华东师范大学出版社出版的图书，作者是吴骞"中[MASK]位置的文本是：	丽则
"《[MASK]魔女恩恩写的网络小说连载于小说阅读网"中[MASK]位置的文本是：	彼岸花开到荼蘼》是
"创作背景《嘻哈空姐》由周杰伦作曲，方文山[MASK]"中[MASK]位置的文本是：	作词
"《倚天屠龙记》根据金庸同名武侠小说改编、华夏视听环球传媒股份有限公司出品的古装武侠剧，蒋家骏执导，曾舜晞、陈钰琪[MASK]黑子、王德顺、杨明娜等联袂主演"中[MASK]位置的文本是：	、祝绪丹、李东学、周海媚、樊少皇、
"《走出蓝水河》是由北京泓鑫文化传播有限公司、南京电影制片厂等单位于2002年联合摄制出品的电视剧，改编自作家赵本夫[MASK]主演1"中[MASK]位置的文本是：	的长篇小说《刀客与女人》，由平江锁金导演，斯琴高娃、李建群、马千珊等
"温俞官司2001年6月10日，俞扬和对前联勤总司令温哈熊提出诉讼，理由是中央研究院近史所出版的口述历史“温哈熊先生访问纪录”，内容对俞扬和与[MASK]的民事诉讼"中[MASK]位置的文本是：	蒋孝章夫妇的描述，被俞、蒋两人认为不符实情，引发蒋孝章对温哈熊提出诽谤罪
"福州福日电子[MASK]，佣有员工数300人，2010年营业额电子秤部分超5000万"中[MASK]位置的文本是：	有限公司成立于1999年，自有厂房6000平方米，净资产4000万元
"邱小林[MASK]汉族，江西兴国人，中共党员"中[MASK]位置的文本是：	，男，1972年6月生，
"宁波广博数码科技[MASK]日在宁波市鄞州区市场监督管理局登记成立"中[MASK]位置的文本是：	有限公司于2003年03月13
"唐晓明，男，1955年11月生于四川雅安[MASK]，中国石油大学教授、博士生导师"中[MASK]位置的文本是：	，汉族
"[MASK]夏琳心的一本书，出版"中[MASK]位置的文本是：	花心校草霸上我是
"山东万林包装有限公司于2014年05月26日在[MASK]登记成立"中[MASK]位置的文本是：	章丘市市场监督管理局
"《穿越之军阀阔太》是百度文学旗下纵横中文网签约作家酒阑歌罢创作的一部[MASK]18正式发布"中[MASK]位置的文本是：	穿越时空小说，小说已于2013-09-
"赵军同志对党忠诚，不怕牺牲[MASK]成立做出了积极的贡献"中[MASK]位置的文本是：	，为民族解放和新中国的
"《出关》是广东南方领航影视传播有限公司出品的电视剧，由宋业明执导[MASK]张博、冯国强、汪裴、肖雄等主演"中[MASK]位置的文本是：	，范胜震编剧，
"《赢爱[MASK]方式的10集系列新媒体短剧，于2009年8月24日首映"中[MASK]位置的文本是：	物语》是一部表现新生代年轻人生活观念与
"《TEM4新编高校英语专业四级考试指南及模拟[MASK]是上外音像出版社出版的图书，作者是英美专家朗读"中[MASK]位置的文本是：	试题（磁带6盘）》
"《金枝欲孽2》（英语：Beauty at War），香港电视广播有限公司[MASK]、陈豪、伍咏薇、黄德斌及关礼杰领衔主演，监制戚其义"中[MASK]位置的文本是：	清装宫廷电视剧，由邓萃雯、蔡少芬
"《[MASK]是南海出版公司出版的图书，作者是莫言"中[MASK]位置的文本是：	什么气味最美好》
"《重生美国[MASK]》连载于起点中文网的小说，作者是半仙算命"中[MASK]位置的文本是：	兄弟连
"[MASK]连载已完结的都市言情小说，作者是吃草的老羊"中[MASK]位置的文本是：	《特工重生在校园》是
"两首歌前奏、间奏的确一模一样，而且《我相信》部分旋律走向也与《何も言えなくて夏》（无言的夏）一模一样，但是两首歌风格不同，《我相信》激昂向上，[MASK]这可能是陈国华在这首歌曲作曲及编曲栏署上自己大名的原因"中[MASK]位置的文本是：	《何も言えなくて夏》（无言的夏）则带有一丝淡淡的感伤，
"《自恋刑警》是日本TBS电视台于2010年7月9日播出的喜剧、刑事类电视剧，[MASK]中岛美嘉等主演"中[MASK]位置的文本是：	由宫藤官九郎执导，长濑智也、生田斗真、
"环天竺鲷，属于鲈形目、天竺鲷[MASK]的其中一种，国内分布在台湾"中[MASK]位置的文本是：	属
"他是[MASK]》中的唐不苦《淘气包马小跳》中的马小跳《琅琊榜》中的飞流吴磊在张艺谋导演最新作品《影》中饰演少年将军杨平，首曝光的剧照中，吴磊身穿盔甲在雨中打斗，浓重的水墨画风下初长成的少年硬汉气质尽显"中[MASK]位置的文本是：	《封神榜之凤鸣岐山》的小哪吒《家有外星人
"《很坏很嚣张》[MASK]多弗朗明哥创作的网络小说，发表于起点网"中[MASK]位置的文本是：	是
"赵培智，1971年10月出[MASK]"中[MASK]位置的文本是：	生于新疆
"分集剧情2幕后制作《人间风雨情》登陆河北台 石琳演勇敢正直女子　[MASK]情》在河北影视频道播出"中[MASK]位置的文本是：	　由石琳、唐国强、何政军、吴京安、何赛飞、王姬众多明星联袂演绎的电视连续剧《人间风雨
"20120405爱玩客四小时[MASK]道菜的台湾总铺师- 台湾彰化主持：吴凤"中[MASK]位置的文本是：	出千
"[MASK]，搜寻世界各地美食，为观众送上一份“饕餮大餐”，并穿插谢霆锋与好友的往事，一一给观众分享，如与赵薇的十年约定"中[MASK]位置的文本是：	节目形式节目定位《十二道锋味》的最大看点和名字有关，谢霆锋做“主厨”
"《重生之崛起》是疯虫子[MASK]纵横中文网"中[MASK]位置的文本是：	创作的网络小说，发表于
"歌曲《给我一点温度》演唱：梁博歌曲《男孩》演唱：梁博歌曲《日落大道》[MASK]：唐敏监制：刘金红 刘飞"中[MASK]位置的文本是：	演唱：梁博来源：吉林卫视编辑：李檬审核
"《如影随形》是萨顶顶演唱的歌曲，由萨顶顶作词，萨顶顶[MASK]贝多芬作曲"中[MASK]位置的文本是：	、
"《海豚[MASK]，收录在《洗脸》专辑中"中[MASK]位置的文本是：	饭店》是梁咏琪的音乐作品，施立作曲
"康熙六十一年（1722年），丙吉与历代功臣四十[MASK]历代帝王庙，西汉诸臣入祀的还有刘章、魏相"中[MASK]位置的文本是：	人从祀
"庄绍徐，男[MASK]1948年出生"中[MASK]位置的文本是：	，汉族，
"在海飞的民国谍战电视剧[MASK]，合作演员：李易峰、周冬雨、张鲁一、张若昀"中[MASK]位置的文本是：	《麻雀》中饰演苏三省
"[MASK]米，长达3公里"中[MASK]位置的文本是：	云龙山海拔142
"DiMORA是一家[MASK]顶级豪华汽车制造商"中[MASK]位置的文本是：	来自美国加州的世界著名
"两人在娱乐圈中可以说是少有的年轻夫妻了[MASK]《青春派》而被观众熟知， 孙怡则是通过电视剧《因为遇见你》而大火"中[MASK]位置的文本是：	，董子健通过电影
"李守芹 [MASK]处级），山东大学法学院兼职教授，《海事审判》特约撰稿人，中国海商法协会、山东省法学会会员，山东省民法、经济法研究会理事"中[MASK]位置的文本是：	 1958年9月生，山东招远人，中共党员，青岛海事法院海事审判庭副庭长（幅
"代表团还参观了南昆士兰[MASK]就工程专业实习、员工交换项目、英语课程及颁发毕业证书等问题进行了商讨"中[MASK]位置的文本是：	大学（USQ）Toowoomba校区，双方
"歌曲《人一旦[MASK]的一首歌曲，所属专辑《狼2》"中[MASK]位置的文本是：	变了心》是由歌手汤潮演唱
"曾经的雅虎，别说马化腾，马云都得叫声“[MASK]，斯坦福大学的两个毕业生，“华裔”杨致远和大卫·费罗联手创立的雅虎正式上线"中[MASK]位置的文本是：	爸爸”1995年
"《医龙2》是一部于[MASK]月11日播出的日本医疗剧，由水田成英、叶山浩树执导，由坂坂口宪二、内田有纪、小池彻平等人主演"中[MASK]位置的文本是：	2007年10
"艺术简介徐辉，1991年生，[MASK]山东临沂人"中[MASK]位置的文本是：	
"正如《三体》作者刘慈欣所说:[MASK]地融合与统一"中[MASK]位置的文本是：	《蒲公英王朝》将文学诗意和科幻诗意完美
"保定市荣联房地产开发有限公司于2004年[MASK]保定市工商行政管理局登记成立"中[MASK]位置的文本是：	10月20日在
"《[MASK]，张惠妹演唱的歌曲，收录于张惠妹2004年发行的专辑《也许明天》中"中[MASK]位置的文本是：	火》是由张惠妹和王力宏填词，王力宏作曲
"[MASK]（TheOriginalsseason2）是《吸血鬼日记》的衍生剧，是由哥伦比亚及华纳兄弟联合电视网出品的青春、魔幻类电视剧"中[MASK]位置的文本是：	《初代吸血鬼第二季》
"费奥多尔·亚历山德罗维奇·阿勃拉莫夫(俄语：Фёдор Ал[MASK]日－1983年5月)，苏联作家"中[MASK]位置的文本是：	ександрович Абрамов, 1920年2月29
"《高跟鞋》是徐良演唱的一首[MASK]《请在哔声后留言》"中[MASK]位置的文本是：	歌曲，收录于专辑
"周冬雨从出道开始就担任了张艺谋导演的《山楂树之恋[MASK]，可谓是星途坦荡，顺利的很"中[MASK]位置的文本是：	》中的女一号
"被子植物门单子叶[MASK]粗齿风毛菊"中[MASK]位置的文本是：	植物纲霉草目
"《新笑傲江湖》从编剧的角度出发，出过《美人心计》、《宫锁心玉》这样热播剧的于正至少从角色塑造[MASK]满足主流观众需求的"中[MASK]位置的文本是：	上是能
"《暖暖的感觉》[MASK]于专辑《去吧，我的爱》"中[MASK]位置的文本是：	是郑怡演唱的歌曲，收藏
"《英语写作教程-[MASK]批判思维》是2010年出版的图书，作者是张在新"中[MASK]位置的文本是：	从创新思维到
"2012年6月8日，主演的悬疑惊悚[MASK]片中饰演阴暗恐怖的女学生凌菲"中[MASK]位置的文本是：	电影《笔仙惊魂》上映，柴碧云在
"没有人像你[MASK]收录于专辑《爱久见人心》。"中[MASK]位置的文本是：	是梁静茹主唱的一首歌，
"分集剧情演员表幕后制作[MASK]电视台特别剧《青年黑杰克》，2011年4月18日在东京都内举行了制作发布会"中[MASK]位置的文本是：	由演员冈田将生主演的日本
"王程熙，男，汉族，1956年8月[MASK]中国共产党，中央党校研究生院经济管理专业毕业，研究生学历"中[MASK]位置的文本是：	出生，陕西府谷人，1980年12月参加工作，1979年8月加入
"《歌手》第七期排名出炉，粉丝打call热情不减《歌手》第七期所有曲目——华晨宇《我管你》、张韶涵《追梦人》、腾格尔《天堂》、Jessie J《Never Too Much》、KZ谭定安《Say Something》、汪峰《的青春》、李泉《一生所爱》、[MASK]QQ音乐、酷狗音乐、酷我音乐三大平台，并且平台还开启了投票通道，歌迷可以通过平台继续为喜欢的歌曲打call，助力爱豆登上“人气歌曲榜”排行榜"中[MASK]位置的文本是：	苏诗丁《身后》已经全盘收录在腾讯音乐娱乐集团旗下的
"丁璿（越南语：Đinh[MASK]年），越南丁朝第二代皇帝，又作丁穗"中[MASK]位置的文本是：	 Toàn，974年－1001
"杨广一心想当皇帝，在奸臣宇文化及的诱惑下，竟然杀死了自己[MASK]杨坚，然后顺利成为新皇，即隋炀帝"中[MASK]位置的文本是：	的父皇
"杭州盛宏进出口有限公司于2000年02月[MASK]）工商行政管理局登记成立"中[MASK]位置的文本是：	23日在杭州市高新区（滨江
"池国华[MASK]中国致公党成员，博士研究生学位，现任东北财经大学会计学院财务系教授，博士研究生导师"中[MASK]位置的文本是：	，男，汉族，1974年6月6日出生于福建省长汀县宣成乡，
"广州建软软件技术有限公司成立于2004[MASK]最具规格的工程行业信息化系统供应商之一"中[MASK]位置的文本是：	年，信守“专注、创新、服务”的企业精神，是国内
"5气候龙游县地处亚热带季风气候区，具有明显的盆地特征，光照、气温[MASK]其特点是：温度适中、光照充足、雨量充沛、旱涝明显"中[MASK]位置的文本是：	、降雨、温度湿度等气象因子都有明显的变化，
"1演员表相关2011年3月，《爱情的发现》剧组[MASK]修改，原定出演男主角的李胜基或将被车胜元取代"中[MASK]位置的文本是：	对剧本进行大幅
"1997年2月1日，李连杰与关之琳、陈国邦、吴耀汉等主演的[MASK]，他在片中饰演力图发扬中华武术的广东省民团总教练黄飞鸿"中[MASK]位置的文本是：	动作片《黄飞鸿之西域雄狮》在中国香港上映
"《未来的文化空间》是[MASK]出版的图书，作者是孙绍振、南帆"中[MASK]位置的文本是：	1997福建人民出版社
"萧玚（573—611），字[MASK]）人"中[MASK]位置的文本是：	同文，南兰陵（今江苏常州
"[MASK]执笔为亚细亚影戏公司编写了一个抨击社会现实的电影剧本，即《难夫难妻》（又名《洞房花烛》），并与张石川联合导演了这部影片"中[MASK]位置的文本是：	而中国人自己摄制的故事片却姗姗来迟，直到1913年秋，才由张石川、郑正秋等人组成的新民公司，由郑正秋
"《冰冻星球》英国BBC[MASK]《冰冻地球》于近期推出"中[MASK]位置的文本是：	电视台耗时5年制作的纪录片
"包含曲目1、《美好时光》  、《就喜欢》  、《就要爱》  、《和未来的自己聊天》  、《那道光》  、《小星星》  、《最美的画面》  、《等你一句抱歉》 [MASK]雨季》歌手简介林依婷，女，歌手，1997年7月出生于浙江杭州"中[MASK]位置的文本是：	 、《青春舞台》  、《
"水龙兽属（学名：Lystrosaurus）意为“铲子蜥蜴”，是兽孔目二齿兽下目的一属，存活在二叠纪晚期到三叠纪早期，约2亿5000[MASK]南极洲、印度、南非"中[MASK]位置的文本是：	万年前，化石分布于
"张占录，男， 1963年4[MASK]教授、博士研究生导师"中[MASK]位置的文本是：	月出生， 中国人民大学公共管理学院
"出身学霸家庭的4大明星：第二、莫文蔚：“全能天后”莫文蔚美貌与实力兼备，莫文蔚出生在书香门第，家人个个都“大有来头”，其祖父是英国人，曾[MASK]电视人"中[MASK]位置的文本是：	是香港英皇书院的创校校长和知名慈善家，爸爸莫天赐是香港饮食文化作家，妈妈何敏仪是香港第一代
"8节目特色《极限挑战》中既没有萌娃也没有恋人，六个嘉宾的年龄属于“老大不小”，[MASK]快递，因为延误遭退货"中[MASK]位置的文本是：	要面对的不仅是任务，还必须面对现实问题，比如黄渤给人送
"岩寨村地处湖南省怀化市会同县蒲稳侗族苗族乡东北方向，坐落在海拔744米[MASK]乡政府所在地12公里"中[MASK]位置的文本是：	的八仙山脚，村部距
"如果苗苗能够与王刚和张国立合作，[MASK]康熙微服私访记》，这可是个大IP"中[MASK]位置的文本是：	那也是演技上的提高，毕竟大家还在等着张国立继续拍《
"《我家有个捉妖大人[MASK]发表于晋江文学网"中[MASK]位置的文本是：	》是安止创作的网络小说，
"《你好吗》是周杰伦演唱的一首歌曲，由周杰伦作曲，李汪哲、罗宇轩填词，收录[MASK]，2011年11月4日这首歌曲在移动首发"中[MASK]位置的文本是：	在周杰伦2011年发行的专辑《惊叹号》中
"9.《猎场》是由东阳青雨传媒股份有限公司、浙江[MASK]，胡兵等主演的高端职场电视剧"中[MASK]位置的文本是：	影视集团出品，著名导演姜伟执导，胡歌，陈龙，孙红雷，张嘉译，祖峰，李强
"[MASK]albinulla （Wu，1994），是鳞翅目祝蛾科白斑祝蛾属的一种昆虫"中[MASK]位置的文本是：	无白祝蛾，Thubana 
"简介  朱发奎，[MASK]，江苏扬州人"中[MASK]位置的文本是：	男，1966年2月出生
"《[MASK]的一部部队生活电视剧，由金莉莉、宫筱轩等主演"中[MASK]位置的文本是：	兵哥兵妹》是宁海强、张仁川执导
"李福初，湖南湘潭人，中共党员，生于1952年5月23日，是我国著名的硒微量元素研究专家，2009年其博士团队自主研发[MASK]：ZL200610136924"中[MASK]位置的文本是：	出不同于传统富硒技术--磷酸硒钾，获得专利，专利号
"宁锐，1936年农历3月15[MASK]，中共党员"中[MASK]位置的文本是：	日出生，陕西省咸阳市秦都区人
"但是，侯勇和第二任妻子潘雨辰[MASK]婚姻也没有维持多久"中[MASK]位置的文本是：	的
"寺本明日香，[MASK]，2012年伦敦奥运会女子体操个人全能决赛第11名"中[MASK]位置的文本是：	女，1995年11月19日出生
"上海锦丽斯投资（集团）有限公司于2006年12月1[MASK]登记成立"中[MASK]位置的文本是：	日在上海市工商局
"《倾听[MASK]中国广播电视出版社出版的图书"中[MASK]位置的文本是：	朱自清：荷塘月色》是2006年
"《斯太尔重型载货汽车维修[MASK]，作者是陆涛"中[MASK]位置的文本是：	手册》是2009年金盾出版社出版的图书
"3月21日，在《中国好歌曲》年度盛典上，霍尊凭借《卷珠帘》夺得[MASK]"中[MASK]位置的文本是：	了第一季冠军，《卷珠帘》获封“年度好歌曲”1
"《吞落[MASK]所演唱的歌曲，收入专辑《歹仔哭仔调》"中[MASK]位置的文本是：	去》是阿吉仔
"镇原县人民法院成立[MASK]4号，全院在编人员83人"中[MASK]位置的文本是：	于1949年，现位于镇原县城南环路
"说起两人相识还是有小故事的，[MASK]》而相识"中[MASK]位置的文本是：	刘青云与郭蔼明是在1992年拍摄《大时代
"”4、《不属于我们的世纪》作者:[美] 马修·托马斯出版社:广西科学技术出版社推荐理由 |不知从什么时候[MASK]的东西，相信真实的东西因为不完美而闪耀"中[MASK]位置的文本是：	起，就很排斥那些虚假而浮夸
"李次华（1901年7[MASK]日1），又名光亮、光浪，出生于四川省梁山县（今重庆市梁平县）太平乡"中[MASK]位置的文本是：	月28日—1930年10月4
"铅色顶小霸鹟[MASK]雀形目 、霸鹟科类生物"中[MASK]位置的文本是：	是一种
"秦皇岛苏商贸易集团[MASK]日在秦皇岛市工商行政管理局登记成立"中[MASK]位置的文本是：	有限公司于2016年2月2
"二、基金托管人（一）基金托管人概况公司法定中文名称：交通银行股份有限公司（简称：交通银行）公司法定英文名称：BANK OF COMMUNICATIONS CO.,LTD法定代表人：牛锡明住 所：上海市浦东新区银城中路188号办公地址：上海市浦东新区银城中路188号邮政编码：200120注册时间：1987年3月30日注册资本：742.62亿元基金托管资格批文及文号：中国证监会[MASK]的银行之一，也是近代中国的发钞行之一"中[MASK]位置的文本是：	证监基字[1998]25号联系人：汤嵩彦电 话：95559交通银行始建于1908年，是中国历史最悠久
"肾斑褐蛱蛾是鳞翅目，国内分布[MASK]"中[MASK]位置的文本是：	于广西（金秀金忠公路）
"《再见.天堂》由新生代[MASK]平铺直述的用最单纯的声音唱出自己的内心世界"中[MASK]位置的文本是：	音乐人夏炎独自诠释自己的创作，运用木吉他跟手铃的搭配，
"《只愿为你等》是一首由歌手[MASK]在1995年专辑《忠于爱情》中"中[MASK]位置的文本是：	林隆璇演唱的歌曲，收录
"《不负我心》是一本书籍，作者是刘墉，由中华书局出版社[MASK]"中[MASK]位置的文本是：	出版
"李谷一和王泓翔合唱《前门情思[MASK]对谈，温暖动人，戏歌的韵味便在那歌声中缓缓流淌"中[MASK]位置的文本是：	大碗茶》，如同一场祖孙的
"导演迈克尔·贝已经宣布告别《变形金刚》电影，不会再担任第六部的导演，不过杜哈明表示自己[MASK]《变形金刚》系列“没我不行”"中[MASK]位置的文本是：	目前还没有收到制片方的邀约，不过他对自己倒是很有信心，
"沈阳科学宫，占地面积36000平方米，建筑面积达40000[MASK]、高科技娱乐于一身"中[MASK]位置的文本是：	平方米，集科普展示、交流培训、会议展览
"在1978堺正章版之后，1993年日本台再度翻拍西游记，玄奘[MASK]分钟，共一回，于1993年3月28日20:02～22:54在日本电视台播放，剧情是途中的一段经历，并未讲到到达天竺，在日本获得26.9%的高收视率"中[MASK]位置的文本是：	依然由女演员饰演，本剧时长140
"《庭院深深深几许》是台湾华视剧集《庭院深深》的主题曲，该曲由江淑娜演唱，收藏在江淑娜的[MASK]"中[MASK]位置的文本是：	个人音乐精选集里1
"其实易烊千玺可爱的小习惯就是，易烊千玺喜欢用手指戳自己的脸颊，而且他的这个小习惯从到大一直[MASK]《我们的少年时代》，以及如今每周六晚和大家见面的《这就是街舞》，每一部作品都见证着易烊千玺的这个小习惯，是不是非常可爱呢"中[MASK]位置的文本是：	都有，从最开始拍摄的网剧《超少年密码》，到后来的
"《love双重奏》是2014年10月4日由江苏影视频道播出的[MASK]领衔主演"中[MASK]位置的文本是：	一部偶像剧，由张毅导演，刘永隆编剧，隋凯、江峰等
"陈伟良，中山大学[MASK]，毕业于中山医科大学口腔医学系"中[MASK]位置的文本是：	教授
"《拯救地球和人类未来》是1993年中国社会科学出版社出版的图书，作者是宋祖良，本书探讨了海德格尔面临技术时代的大灾难,在艺术、诗、语言、古希腊哲学和中国古代哲学方面所作的独特研究,介绍了他的[MASK]接收的艰难跋涉过程"中[MASK]位置的文本是：	思想从极端寂寞状态到被世人普遍
"《[MASK]》是马浚伟演唱的一首歌曲，收录在专辑《这刻向你冲》中"中[MASK]位置的文本是：	不再悲观
"不应该爱你[MASK] 蔡小虎发行的专 辑《爱情炉丹》中的一首歌"中[MASK]位置的文本是：	是由歌手
"《迷路也快乐的地方》是潘辰演唱[MASK]，由沈圣哲作词，朱明华作曲"中[MASK]位置的文本是：	的歌曲
"安徽同兴环保工程股份[MASK]应用的高新技术产业，总部位于安徽省巢湖市，生产基地位于安徽省马鞍山市含山县"中[MASK]位置的文本是：	有限公司是中国大陆一家致力于节能环保技术的开发与
"《[MASK]日记第四季》是由Bob Koherr执导，Disney播出的家庭成长喜剧"中[MASK]位置的文本是：	查莉成长
"平野俊弘（ひらの[MASK]，现改名：平野俊贵 HIRANO TOSHIKI）1956年出生于日本东京都，是80年代冒险动画家之一"中[MASK]位置的文本是：	 としひろ HIRANO TOSHIHIRO
"《大陆边缘地质构造演化[MASK]的图书，作者是劳秋元等"中[MASK]位置的文本是：	》是1997年同济大学出版社出版
"给你们的一封信歌曲是由刘德华亲自作词并演唱的一首歌曲，作曲是钮大可[MASK]一首歌曲"中[MASK]位置的文本是：	，该歌曲是刘德华写给粉丝的
"人物经历朱心意，男，汉族，1970[MASK]，大学学历、公共管理硕士，中共党员"中[MASK]位置的文本是：	年11月出生，籍贯安徽萧县
"奇丽[MASK]，直翅目，痂蝗亚科，痂蝗属"中[MASK]位置的文本是：	痂蝗，属于动物界
"《家族之苦》是松竹映画出品、山田洋次执导的日本喜剧电影，桥爪功、吉行和子、妻夫木聪[MASK]日在日本全国公映"中[MASK]位置的文本是：	、苍井优等出演，于2016年3月12
"毛晓彤，曾在《神雕侠侣》里饰演过[MASK]锦绣未央》中大火了一把"中[MASK]位置的文本是：	郭芙，如今又在《
"《圣诞快乐》是由新艺城影业有限公司出品的剧情片，由高志森执导，麦嘉、陈百强、[MASK]主演，该片于1984年12月12日在中国香港上映1"中[MASK]位置的文本是：	徐小凤、李丽珍、张国荣、王嘉明联合
"莱恩·肯达尔 ，[MASK]队员"中[MASK]位置的文本是：	加拿大国家男子篮球队
"福建力财卫生用品科技有限公司于2013年5月[MASK]在福建省南安市市场监督管理局登记成立"中[MASK]位置的文本是：	27日
"Amrane,[MASK]阿尔及利亚籍运动员"中[MASK]位置的文本是：	
"《风卷[MASK]豆花创作的网络小说，发表于起点网"中[MASK]位置的文本是：	残月》是青葱
"《风之国》是韩国KBS创社80周年特别企划剧，该剧被广大观众视为MBC电视剧《朱蒙》的续集[MASK]不予以承认"中[MASK]位置的文本是：	，但KBS
"歌曲《惦记1》是歌手祁隆演唱的歌曲[MASK]祁隆作词作曲，李凯稠编曲"中[MASK]位置的文本是：	，
"原子鏸(Marsha Yuan)，1977年3月7日出[MASK]武打女星郑佩佩的女儿"中[MASK]位置的文本是：	生于美国加洲洛杉矶的ABC，演员、歌手、舞蹈教师，香港电影早期著名
"龙凤合鸣是连载于[MASK]小说，作者是浑水一片"中[MASK]位置的文本是：	3G书城的一部
"银潭[MASK]村寨，银潭村位于从江北部，距县城20公里，海拔650米，全村共397户，1834人"中[MASK]位置的文本是：	是一个神奇而富有诗意的纯侗族
"第4：《青花瓷》又是一首周杰伦演唱的中国风，但它这种离愁别绪被描写[MASK]口，可以慢慢回味"中[MASK]位置的文本是：	得更加婉转细腻，隐藏得愈加含蓄而韵味别生，仿佛青橄榄在
"上海滩是香港无线电视台出品的民国剧，由招振强、[MASK]，周润发、赵雅芝、吕良伟等主演"中[MASK]位置的文本是：	谭锐铭等执导
"外界的环境也会影响孩子的心智，被人们[MASK]的搬迁孟子的思想和行为都发生了相应的变化"中[MASK]位置的文本是：	说传送的孟母三迁的故事，一次一次
"德州友信空调设备有限公司始建于2004年，地处素有“九达天衢，京津门户”美称的山东省[MASK]，交通便利"中[MASK]位置的文本是：	德州市，地理位置优越
"《我最想要的感恩故事全集》 是2011[MASK]，作者是赵永红"中[MASK]位置的文本是：	年地震出版社出版的图书
"2002年，林小明出金投资了电影《少林足球[MASK]周星驰坐上了影帝的宝座，但是让人想不到的是两人却在其后对簿公堂"中[MASK]位置的文本是：	》，最终这部影片在香港的电影金像奖中赢得了6大奖项，而且还令
"[MASK]2005年外语教学与研究出版社出版的图书，作者是（英国）Chorion公司"中[MASK]位置的文本是：	《NODDY学英语：魔法篇》是
"《最后的风之子》是由派拉蒙影业公司出品，由M·奈特·沙马兰执导，诺亚·林格、戴夫·帕特尔、妮可拉·佩尔茨、杰克逊·拉斯波恩[MASK]"中[MASK]位置的文本是：	领衔主演的奇幻片
"《琴键上的教养课》[MASK]日文化艺术出版社出版的图书，作者是狮子老师"中[MASK]位置的文本是：	是2009年11有1
"张一山，在《柒个我》中，张一山的女装实在是有些让人不忍[MASK]略显怪异，但是不得不说张一山还是一个很敢于挑战的演员"中[MASK]位置的文本是：	直视，可能由于剧情的需要，这样的扮相
"洪仁杰，男，安徽[MASK]安徽大学艺术学院副院长1"中[MASK]位置的文本是：	潜山人，1963年生，现任
"《[MASK]的神女俏妃》是简约夏创作的网络小说，发表于17K小说网"中[MASK]位置的文本是：	九尾仙狐：王爷
"堡子[MASK]，遗址南北长约1300米，东西宽约1000米，面积约130万平方米"中[MASK]位置的文本是：	山遗址位于定西市安定区香泉镇云山村岔口社堡子山
"苏州市湖南商会于2007年9月17日正式成立，其[MASK]湖南企业协会"中[MASK]位置的文本是：	原名为苏州市
"《SMOKING GUN~决定的证据~》（SMOKING GUN〜决定的证拠〜），是由村上正典、佐藤源太执导，酒井雅秋编剧，香取慎吾、西内玛利亚[MASK]月9日起在日本富士电视台首播"中[MASK]位置的文本是：	等人主演的推理电视连续剧，于2014年4
"《小提琴的名琴[MASK]华天祯编写，上海音乐学院出版社出版的一本书籍"中[MASK]位置的文本是：	》是由弗朗兹・法伽、华天、
"《幽灵女友》[MASK]日本校园爱情喜剧"中[MASK]位置的文本是：	是2013年富士电视台播出的
"中山新云邦企业管理服务有限公司，2015年在广东省中山市[MASK]、支付宝为主的互联网支付公司"中[MASK]位置的文本是：	成立，是一家以微信
"《轮舞曲》是[MASK]大辅两位导演执导，竹野内丰、崔智友、李贞贤、申贤俊等主演"中[MASK]位置的文本是：	日本TBS电视台50周年作品，由生野慈朗、山室
"扁身短吻狮子鱼，为辐鳍鱼纲鲉形目杜父鱼亚目狮子鱼科的其中一种，分布于[MASK]海域，栖息深度2869-3038米，为深海底栖性鱼类，体长可达10"中[MASK]位置的文本是：	东北太平洋的阿留申群岛东部
"《七个母音》是英格玛的音乐作品，收录[MASK]"中[MASK]位置的文本是：	在《乌兰巴托的爸爸》专辑中
"《红衣坊》是由中央电视台文艺中心影视部、中视传媒和北京世邦文化公司联合出品，苏舟、金舸执导，董洁[MASK]主演的年代剧"中[MASK]位置的文本是：	、潘粤明、吴军、孙宁、朱虹
"二人都要感谢[MASK]王子的母亲戴安娜王妃"中[MASK]位置的文本是：	威廉
"片名：小猪歪歪  题材：教育  集数：52  每集长度：15分钟  导演[MASK]出品时间：2012"中[MASK]位置的文本是：	：郑方晓  编剧：袁胜群、龚佳城  
"李湘，著名的节目主持人，和著名导演王岳伦结婚之后，生下了女儿王诗龄，王岳伦的家庭背景雄厚，加入豪门的李湘越发富态，[MASK]，深受观众喜爱"中[MASK]位置的文本是：	女儿王诗龄和妈妈一样，是个可爱的“小胖妞”，参加《爸爸去哪儿》被大家熟知，因为听话懂事的性格
"《为何仍然未醉》是一首由林夕作词、王杰作[MASK]在专辑《人在风雨中》"中[MASK]位置的文本是：	曲并演唱的粤语歌曲，收录
"马汉选，男，汉族，1964年9月生，四川平昌人，1987年[MASK]8月参加工作，2003年6月四川省委党校行管专业研究生班毕业，研究生学历"中[MASK]位置的文本是：	11月加入中国共产党，1982年
"中共三都水族自治县委常委、人武部政委  周光元，[MASK]，1982年10月参加工作，中央党校经济管理专业毕业，中央党校大学学历"中[MASK]位置的文本是：	男，苗族，1965年3月生，贵州都匀人，1985年6月加入中国共产党
"[MASK]是歌手童安格演唱，黄庆元填词，收录在专辑《谢谢最深爱的你》里面的一首单曲"中[MASK]位置的文本是：	《留声机恋曲》
"1996年，曹骏出演新加坡电视剧《真命[MASK]亚洲电视大奖最佳新人奖”"中[MASK]位置的文本是：	小和尚》，并获得“1997年
"《树上的时光》作者: 韩奈德出版社: 猫头鹰文化·北京联合出版公司本书是[MASK]朋友的真实生活创作的"中[MASK]位置的文本是：	作者根据和泛自闭症儿童的交往经验，以及家人、
"郑益龙的遗孀庞洪雨，强忍着失去丈夫的巨大悲痛，[MASK]烈士遗孤"中[MASK]位置的文本是：	表示一定要尽心尽力赡养好烈士父母，抚育好
"香奈儿（Chanel）由Coco Chanel于1910年在法国巴黎创立，传言香奈儿一生[MASK]"中[MASK]位置的文本是：	未婚，致力于创造伟大的时尚帝国，同时追求自己想要的自由生活
"卡地亚钻戒 始于1847年，法国卡地亚公司，十大钻戒[MASK]Fran"中[MASK]位置的文本是：	结婚戒指品牌，于1847年由Louis-
"《隐婚日记》是由广东强视传媒出品青春浪漫爱情偶像励志大剧，由王小康执导，李晨、贾青[MASK]潘虹领衔主演"中[MASK]位置的文本是：	、全泰秀、韩雨芹、
"从脸看，马思纯五官大气，立体精致，可塑性又很强，能驾驭很多造型，可萝莉可清纯可御姐可暗黑，在电视剧和电影[MASK]蜕变的越来越美"中[MASK]位置的文本是：	里都有不俗的表现，最近播出的《将军在上》，更是让人眼前一亮，她正在
"1934[MASK]月任职于国民政府军事委员会南昌行营，开启了俞国华在蒋中正身边服务的日子"中[MASK]位置的文本是：	年夏毕业于清华大学政治学系，7
"《一个AV男优的幸福生活》是2005[MASK]无香"中[MASK]位置的文本是：	年荷鸣文化出版的一本图书，作者
"石勒（274年―333年[MASK]字世龙，初名石勹背，小字匐勒，羯族，上党武乡（今山西榆社）人"中[MASK]位置的文本是：	8月17日），
"胡兴升，男，汉族，合水县人，1957年5[MASK]中共党员"中[MASK]位置的文本是：	月生，毕业于中央电大，
"《公路桥梁技术状况评定标准》是[MASK]公路科学研究院"中[MASK]位置的文本是：	人民交通出版社出版的图书，作者是交通运输部
"网络剧《极品健身邦[MASK]的网络电视剧，该剧由沈沁源、葛袁亮共同执导，李景涛、阴珉、付一桐、廖语辰（中国澳门）、杨梓艺、郝婷婷、文晓妮（中国香港）主演"中[MASK]位置的文本是：	》1是由出和光同心（北京）影业有限公司出品
"《儿童看图读古谣[MASK]金盾出版社出版的书籍，作者是崔亮海"中[MASK]位置的文本是：	》是2005年
"《围渊》是小舟[MASK]连载于17k小说网"中[MASK]位置的文本是：	写的网络小说
"肖福英，教授，毕业于同济医科大学，医学硕士，长期从事《遗传学》、《细胞生物学》等课程的教学与科研，[MASK]咨询医师，中国细胞生物学会会员"中[MASK]位置的文本是：	中国遗传咨询网遗传
"南京韵财网络科技有限公司成立于2012年，原先坐落南京市栖霞区燕子矶[MASK]白下区新大都广场"中[MASK]位置的文本是：	街道和燕路，目前位于南京市
"大鳍美须鲿（Calophysus macropterus）又称东沙鸭嘴[MASK]一种淡水鱼类"中[MASK]位置的文本是：	，为鲇型目，油鲇科，美须鲿属
"《异能双子星》是起点中文网[MASK]一部作品，作者是扑街向前冲"中[MASK]位置的文本是：	连载的
"中国文联副主席、中国电视艺术家协会主席赵化勇，中国视协分党组成员、副秘书长张彦民，中宣部文艺局影视处副处长马佳，中央电视台电视剧管理中心项目部副主任[MASK]》导演王滨，中国音乐家协会分党组书记、驻会副主席徐沛东以及著名文艺评论家李准和曾庆瑞等领导嘉宾出席了此次研讨会"中[MASK]位置的文本是：	张洁，大连广播电视台副台长李盛之，国家一级编剧、中国电视剧编剧工作委员会主任高满堂，《闯关东前传
"[MASK]，是一种广泛分布于南美洲的一种鸟类"中[MASK]位置的文本是：	黑喉哑霸鹟属于雀形目、霸鹟科
"《谜之转校生》是长泽雅彦执导的日本青春科幻电视剧，由中村苍[MASK]，于2014年1月11日在东京电视台开播1"中[MASK]位置的文本是：	、本乡奏多、樱井美南主演
"幕后花絮[MASK]，导演陈正道直言整个拍摄过程很幸福：“我们一起做了一场很美的梦"中[MASK]位置的文本是：	《重返二十岁》1顺利杀青
"这个公主的名字叫做李仙蕙，他是唐朝皇帝唐中宗李显的第七个女儿[MASK]，在李仙蕙长大只有，李显便把他许配给了魏王武延基"中[MASK]位置的文本是：	，据记载这个公主长得十分漂亮，是一位倾国倾城的大美女，因此李显在世的时候十分喜爱这位公主
"《岛屿和远航[MASK]当代爱尔兰四位诗人的作品集，北方文艺出版社出版发行"中[MASK]位置的文本是：	》是一部
"侯佩岑 别名：侯主播，岑岑 国籍：中华人民共和国 民族：汉族 星座：射手座 出生地：中国台北 出生日期：1978年12月20日 职业：主播、主持人、演员 毕业院校：南加利福尼亚大学 [MASK]"中[MASK]位置的文本是：	身高：165cm 体重：48kg 三围：32B、25、34 血型：O型侯佩岑（Patty Hou），1978年12月20日出生于台北，
"王菲后来也用一首歌《[MASK]我们没有流血，却都已经牺牲，掩埋殉难的心跳，葬送一世的英明”"中[MASK]位置的文本是：	将爱》中唱出了自己当时的感受：“风风火火，轰轰烈烈，我们的爱情像一场战争，
"秦皇岛金程自动车工业有限公司，创建[MASK]2001年"中[MASK]位置的文本是：	于2000年5月，
"《大唐开国[MASK]是2007年中华书局出版的一本历史类图书，作者是刘后滨"中[MASK]位置的文本是：	》，
"张启莲，女，1957年11月出生，威海市荣成崖头人，1982年毕业于曲阜师范大学中文系，获[MASK]"中[MASK]位置的文本是：	文学学士学位
"《有你很快乐》是歌手蔡诗芸的[MASK]》专辑中"中[MASK]位置的文本是：	一首歌曲，收录于《紫外线
"《忠实听众》，是由易家扬作词，曾[MASK]一首歌曲"中[MASK]位置的文本是：	一鸣作曲，卓义峰演唱的
"歌曲简介《平凡的我》由苏笑填词，捞仔谱曲，在2004年为纪念“五四”运动八十五[MASK]主题的大型晚会中蔡国庆和陈倩倩共同演唱"中[MASK]位置的文本是：	周年，团中央、中央电视台联合举办了以“青春”为
"中海互动成立于2008年，[MASK]营销服务解决方案的独立子公司"中[MASK]位置的文本是：	是中海营销机构旗下专注于提供综合互联网
"李欣聪，中国内地女演员、[MASK]， 毕业于北京舞蹈学院音乐剧系"中[MASK]位置的文本是：	模特
"伊戈尔·儒利奥，男，是一名巴西[MASK]"中[MASK]位置的文本是：	籍足球运动员，场上位置是后卫
"[MASK]遮眼》是娘子休创作的网络小说，发表于17K小说网"中[MASK]位置的文本是：	《从良记之
"《小学生数学[MASK]的一本图书，由哈尔滨出版社于2003-01-01出版"中[MASK]位置的文本是：	应用题大全》是刘 英 刘所著
"《新套马杆》是[MASK]乌兰托娅演唱的一首歌曲"中[MASK]位置的文本是：	乌兰托娅作词、作曲，蒙古族歌手
"南车投资租赁有限公司（中文简称“中国南车租赁[MASK]，是经商务部、国家税务总局批准的内资融资租赁业务试点企业"中[MASK]位置的文本是：	公司”）是中国南车股份有限公司全资子公司，注册资本金3亿元
"内斯托罗维奇(外文名Nestorovic)黑山人，身高185cm[MASK]一名足球后卫运动员，现效力于普列夫利亚矿工俱乐部"中[MASK]位置的文本是：	，体重85KG的他是
"李伟峰，男，汉族，1978年12[MASK]1997年8月参加工作，2001年10月入党，研究生学历"中[MASK]位置的文本是：	月出生， 
"《国门英雄》由湖北奥山影视公司出品，傅东育执导，李幼斌、史兰芽、张志坚[MASK]等主演"中[MASK]位置的文本是：	、田子田
"《最强修仙套路系统1》是连载于起点[MASK]是懵然发呆"中[MASK]位置的文本是：	中文网的仙侠小说，作者
"苏州发源地科技发展有限公司[MASK]苏州高新区（虎丘区）市场监督管理局登记成立"中[MASK]位置的文本是：	于2003年02月28日在
"《悍妻[MASK]幽铉子1所著的一部总裁豪门小说，现连载于17K小说网2"中[MASK]位置的文本是：	携宝出逃记》是网络作家九
"《九十九筹》卷一[MASK]发展史初编》，天津：天津古籍出版社，1990年，第162页"中[MASK]位置的文本是：	，转引自滕绍箴著《满族
"[MASK]陈慧琳演唱的一首歌曲，被收录在陈慧琳《花花宇宙》专辑里"中[MASK]位置的文本是：	《过份》是一首由甄健强作词，雷颂德作曲，并由
"乳名李四（一作“李示”），南安石井溪东村人武式太极拳第二代传人[MASK],名承纶，字启轩，李亦畲之长弟"中[MASK]位置的文本是：	---李启轩(1835-1899)
"顾文彬（1811 ～1889），字蔚如[MASK]艮庵"中[MASK]位置的文本是：	，号子山，晚号艮盦，一为
"2、[MASK]书法家蔡邕之女，自幼博学能文"中[MASK]位置的文本是：	蔡文姬：大文学家、大
"《当[MASK]的歌曲，收录在专辑《燃点》中，由林唯作词，卫斯理作曲"中[MASK]位置的文本是：	你听我说》是胡夏演唱
"甘辉波，男[MASK]月出生，湖北公安人，省委党校研究生文化程度，1988年9月参加工作，1991年5月加入中国共产党"中[MASK]位置的文本是：	，汉族，1969年7
"电视剧《援疆兄弟》由著名演员杨童舒，郭东文领衔，顾峰[MASK]大背景，描绘壮丽时代，叙述百姓生活，塑造平民英雄，讴歌民族团结"中[MASK]位置的文本是：	、沈丹萍等主演，导演刘建华、罗浩共同执导，通过小人物反映
"斯琴，女，1959年12月出生，1982[MASK]“金杯”特奖，担任全国高等院校蒙医药学专业本科教材《蒙医养生康复学》主编"中[MASK]位置的文本是：	年毕业于内蒙古医学院蒙医专业，曾获第二届世界传统医学大会国际
"《[MASK]内蒙古人民出版社出版的图书，作者是楼雨晴"中[MASK]位置的文本是：	如果我们不曾相遇》是2006年
"简介八角寨又名云台山，主峰海拔814米，因主峰有八个翘角而[MASK]发育丰富程度及品位世界罕见，被有关专家誉为“丹霞之魂”、“品位一流”"中[MASK]位置的文本是：	得名，丹霞地貌分布范围40多平方公里，其
"海生音文化签约艺人马响首张单曲《金钱魔鬼》完成录制，MV也在10月25号杀青，公司在10月底推出单曲试听版，也许就是在自己一无所有的时候才会知道自己真正想要的是什么，他拿着歌词找到音乐人海生向他拜师学唱，并想把自己的这些经历写成歌曲唱出来，让[MASK]诠释"中[MASK]位置的文本是：	那些有着好赌恶习的朋友引以为戒、吸取教训，他的首张单曲就选择了一个敏感的字眼"钱"整首歌讲述了有钱与没钱时候的鲜明对比，也讲述了一个过来人对钱的重新
"《收入分配[MASK]2001年天津社会科学院出版社出版的图书，作者是陈宗胜"中[MASK]位置的文本是：	及发展经济学的其他主题》是
"小带鳚科  Microdesmidae  分类：鲈形目  种类：台湾地区计有鱼种10种  生态：大多[MASK]以底栖无脊椎动物或浮游动物为食"中[MASK]位置的文本是：	栖息于砂地或泥地之洞穴中，也有栖居在珊瑚礁中者，
"《火星[MASK]检验全民新奇发现的网络涵综，由汪涵担任主持人"中[MASK]位置的文本是：	情报局第二季》是首档用综艺手法
"张清海，男，1943[MASK]月生，河南浚县人"中[MASK]位置的文本是：	年12
"2018年的春晚大获好评，不少网友留言称赞：这是近年最[MASK]魔术师蔡威泽合作表演，并献唱经典歌曲《告白气球》林更新的反应代表了不少观众吧"中[MASK]位置的文本是：	好看的一场春节联欢晚会周杰伦与
"1[MASK] 刘斌，电力载波通信的低码率语音压缩编码的方法及分析，河北大学学报2002"中[MASK]位置的文本是：	　　王文理
"但是在比赛结束的一年后，马[MASK]单曲《只欠秋天》、《依然在一起》、唱片《宇光十色》、《飞》等唱片，让他多次获奖无数，其中《该死的温柔》彩铃下载量至今无人打破，他在歌坛的影响力不容忽视"中[MASK]位置的文本是：	天宇一首《该死的温柔》红遍大江南北，入选《岁月留声·中国唱片60年见证》，
"《茶事精品系列:茶味的初相+茶21席》是[MASK]古武南"中[MASK]位置的文本是：	2013年5月1日安徽人民出版社出版的图书，作者是
"《来自星星的你[MASK]至400年后的现代的神秘男人都敏俊，与身为国民顶级女演员的千颂伊陷入爱情的过程，不同星球的两人消除彼此之间的误解，克服危险追寻真爱的浪漫爱情故事"中[MASK]位置的文本是：	》是由张太侑导演，朴智恩编剧，金秀贤、全智贤、刘仁娜、朴海镇等主演的爱情科幻喜剧，该剧讲述了从外星来到朝鲜时代
"郑克塽（1670年8月13日—1707年9月22日1[MASK]秦，人称秦舍，字实弘，号晦堂，郑经次子，郑成功之孙"中[MASK]位置的文本是：	），幼名
"解蕴山（1905—1943），又名解缙，男，汉族，1905[MASK]河北大名"中[MASK]位置的文本是：	年出生
"母亲：甄锡1周岁宴会2015年7月4日晚，黄海冰与妻子甄锡在北京某私人会所为黄祺谙办周岁生日[MASK]到不是周末节假日所以将生日宴挪到了4号"中[MASK]位置的文本是：	宴，黄祺谙真正的生日是6月30日，当时考虑
"踏入歌坛至今，陈雅森终于在2013年的春天，交付了一张充满诚意与感动的全新唱片《幸福的两个人》。其中收录的《该怎么过》《难道你真的不曾爱过我》《亲爱的爸爸妈妈我想你了》《我只能爱你到一百岁》《想你的歌》《谁说男人不会在女人面前流泪》《走后》《甜甜的小妹》《幸福的两个人》《问天问地问自己[MASK]的最能感动与影响他的歌曲"中[MASK]位置的文本是：	》《高粱红》《没啥伤不起》等12首歌曲全部是经纪公司为陈雅森精心挑选
"张同波，男，1963年12[MASK]1985年7月毕业于山东冶金工业学院（青岛理工大学前身）工业与民用建筑专业，1995年7月加入中国共产党"中[MASK]位置的文本是：	月出生于山东胶州，
"参考书目：1. 吴功华著,《桐城地域文化研究》,安徽师范大学出版社,2014.022. 钱念孙主编,《安徽散文小说》,安徽文艺出版社,[MASK]桐城文化八讲》,安徽大学出版社,2015.10编辑：桂强欢迎订阅季我努学社"中[MASK]位置的文本是：	2011.073. 《安徽优秀传统文化丛书》编写组编,《
"南宋绍兴初年，赵构和皇后吴氏给太学书写了课本，包括《周易》《尚书》《春秋》《论语》《孟子》和《毛诗》七部[MASK]"中[MASK]位置的文本是：	，赵构在书写这些经书时，非常认真，每天都要写到手腕发酸、感到“翰墨稍倦”时，就让吴皇后接着“续书”
"《定制幸福》是谢律、曹振宇执导的都市时尚[MASK]"中[MASK]位置的文本是：	情感剧，由童瑶、乔任梁领衔主演12
"黑沟胸花[MASK]纲 ，半翅目，花蝽科"中[MASK]位置的文本是：	蝽，动物界，昆虫
"关于他们和日本[MASK]子女问题：周作人和羽太信子共育有一子二女"中[MASK]位置的文本是：	妻子的
"伦敦大学学院 (University College London），简称UCL，建校于[MASK]顶级声誉的综合研究型大学"中[MASK]位置的文本是：	1826年，位于英国伦敦，是一所世界著名顶尖高等学府，为享有
"母鸡带小鸭简介:十几年前华视的《母鸡带小鸭》,《母鸡带小鸭[MASK]19:30~20:00制作人:王小棣导演:陈玉勋、江丰宏编剧:民心编剧"中[MASK]位置的文本是：	》剧照母鸡带小鸭 共104集 91年2月23日~92年2月21日 周六日 
"随后两人被王语嫣生母王夫人所擒，而段誉也发现了王语嫣的身世秘密，[MASK]就是王夫人所生，段誉震惊不已"中[MASK]位置的文本是：	原来王语嫣是段正淳和李青萝也
"基本介绍杨子华，汉族[MASK]大学学历，1981年10月参加工作，1985年9月加入中国共产党"中[MASK]位置的文本是：	，湖北枝江人，1963年1月出生，
"唐人街探案2豆瓣评分红海行动豆瓣评分王宝强在屏幕上所展现的是地地道道的一个草根形象，无论是《天下无贼》中的傻根，《盲井》中[MASK]发现一身土气、纯朴无华是王宝强的自带属性，无论走到哪，这个贴身便签总是跟到哪"中[MASK]位置的文本是：	的凤鸣，还是《士兵突击》中的士兵许三多以及《我的兄弟叫顺溜》中的顺溜，你都会
"太原兰天伟业环保[MASK]月24日在太原高新技术开发区工商行政管理局登记成立"中[MASK]位置的文本是：	科技有限公司于2012年2
"《花开相惜花落相依》是[MASK]17k小说网的网络小说，作者是悉惟"中[MASK]位置的文本是：	连载于
"庄耿文号弘真[MASK]祖籍海南省文昌县，出生于新加坡"中[MASK]位置的文本是：	，
"李小璐，1981年9[MASK]安庆（一说北京），毕业于北京美国英语语言学院，中国影视演员，是天秤座"中[MASK]位置的文本是：	月30日出生于安徽
"《爱在每个人心中传递》是一首2008年5.12[MASK]，为鼓励灾区民民众在天灾面前勇敢坚强，我们万众一心，共同面对"中[MASK]位置的文本是：	汶川大地震后，由庄锦斌作词，陆琦谱曲，多位文艺界人士参与录制
"很多人[MASK]，而戏里戏外不分的程蝶衣对比段小楼来说更像是一位真真正正的人，在那个年代活的如此清晰的程蝶衣是可悲的"中[MASK]位置的文本是：	愿意原谅陈凯歌之后所有的烂片只因为他拍了这部《霸王别姬》
"年，穷人出身的田文富“拉壮丁[MASK]，田文富光荣地加入了中国人民解放军"中[MASK]位置的文本是：	”被迫加入了国民党部队，后来部队起义
"说起王杰，相信大家都应该很熟悉，当年《[MASK]，而在年轻的时候却被弄坏了嗓子，那他现状到底如何呢"中[MASK]位置的文本是：	安妮》、《一场游戏一场梦》、《是否我真的一无所有》等等，基本上每一首歌都是经典
"李清照 （宋代女词人）[MASK]，号易安居士，汉族，齐州（今山东济南章丘）人"中[MASK]位置的文本是：	 李清照（1084年3月13日—1155年5月12日）
"当时的万历皇帝十分宠爱郑贵妃[MASK]的儿子朱常洵"中[MASK]位置的文本是：	，和她
"1933年，方俊奎考入清华大学物理系，[MASK]学习，发愤读书"中[MASK]位置的文本是：	刻苦
"他的优良学风、高尚品德，受到学术界的普遍赞扬，为了推进祖国语言研究的发展，鼓励对[MASK]历史进行调查研究有成绩的中国青年学者，吕叔湘先生于1983年5月捐献多年积蓄的六万元，作为中国社会科学院青年语言学奖金的基金"中[MASK]位置的文本是：	中国境内的语言文字的现状和
"《中国[MASK]2000年1月由四川人民出版社出版的图书，作者是林存阳"中[MASK]位置的文本是：	之伦理精神》是
"魏雅丽是现任四川农业大学[MASK]职称讲师，性别女，主要教学课程，区域规划学"中[MASK]位置的文本是：	教师，毕业于华中师范大学，
"林彪和妻子[MASK]，女儿林豆豆合影"中[MASK]位置的文本是：	叶群及儿子林立果
"刘懋德（1885—1912[MASK]（现属太祉庄乡）人"中[MASK]位置的文本是：	），字勉斋，即墨县太祉庄
"抚顺市恒兴食品有限公司于2006年06月14[MASK]成立"中[MASK]位置的文本是：	日在新宾满族自治县工商行政管理局登记
"邓正龙，男，汉族，[MASK]广告摄影"中[MASK]位置的文本是：	职业摄影师，从事
"李泽楷原定2009年7月底接梁洛施母子回港，[MASK]，但因H1N1蔓延取消行程"中[MASK]位置的文本是：	祝贺父亲李嘉诚81岁大寿
"《鬼七谷[MASK]连载于17k小说网的网络小说，作者是粉翼公爵"中[MASK]位置的文本是：	》是
"心灵集团是王辉的一个事业，今生[MASK]慢慢奋进"中[MASK]位置的文本是：	一定要做，一直在
"由导演黄文利执导朱泳腾、王新军主演的战争大剧《第一声枪响》即将登陆徐视1套《百姓剧场》该剧以“九一八”事变后，东北抗联展开局部[MASK]线，抒写了一曲气壮山河的抗日战歌"中[MASK]位置的文本是：	反抗日本侵略为时代背景，以民族英雄杨保中联合其他爱国人士，为父报仇展开的“夺首行动”为主
"第一位【拯救大兵[MASK]执导，1998年上映"中[MASK]位置的文本是：	瑞恩】由史蒂文·斯皮尔伯格
"陈奫([MASK]，诸暨枫桥陈家村人，幼敏慧，喜《春秋》、《史记》、《汉书》，平日与同辈昆仲以学行相砥砺，以道自卫"中[MASK]位置的文本是：	1372--1423)，字叔坚，一字太和，又字养源，祖陈策，父陈玭
"宫丽英，女，威海乳山人，25周岁，打记事儿[MASK]只相当于三四岁的孩子"中[MASK]位置的文本是：	开始，她的身高就没再变过———97厘米，个头
"赵善括，历史人物，字无咎，号应斋居士，[MASK]今江西南昌）人"中[MASK]位置的文本是：	江西隆兴（
"2013年，王立君担任电影《山子的一家》制片人，该片先后入围第12届中国国际儿童电影节、第10届圣地亚哥国际儿童电影节、第[MASK]首届丝绸之路国际电影节"中[MASK]位置的文本是：	12届中国长春国际电影节、第23届中国金鸡百花电影节、
"龙梅子自2005年出道以来，发行过很多传唱度极高的作品：《你把爱情给了[MASK]多次邀请参加大型晚会演出，更是做过不少选秀节目的评委"中[MASK]位置的文本是：	谁》《漂亮的姑娘就要嫁人啦》《泪满天》等，并被
"《爱的传说》是邰正宵演唱的[MASK]，国语版为《一千零一夜》"中[MASK]位置的文本是：	一首歌曲
"基本信息（拉丁名：Neorina [MASK]凤眼蝶属节肢动物"中[MASK]位置的文本是：	patria）为鳞翅目、眼蝶科、
"猩猩，又名黄猩猩,红猩猩[MASK]主要居于树上，很少在地上移动，只是从一棵树到另一棵树时，可能从地上经过"中[MASK]位置的文本是：	，属灵长目，猩猩科，产于苏门答腊和婆罗洲，猩猩生活于海拔1500米的原始森林、次森林和山地森林中，
"袖珍骨螺是一种新腹足目、骨螺科[MASK]"中[MASK]位置的文本是：	类动物
"《追鱼传奇》是由中央电视台[MASK]，由吴锦源监制，黄锦田、陈国华执导，关智斌、赵丽颖、丁子峻、曹馨月、戴娇倩、白珊等联袂主演"中[MASK]位置的文本是：	、浙江广厦文化传媒集团有限公司、东阳福添影视有限公司联合出品的一部古装3D人鱼神话魔幻剧
"2气候特征龙山镇属典型的亚热带季风湿润气候，为黔中丘陵气候区地带，气候温和[MASK]，秋后少"中[MASK]位置的文本是：	，雨量充沛，年均降雨量1300毫米左右，春夏多
"大粒墨，为大咽非鲫属未定种，学名（Otopharynx sp Big Spot[MASK]一种淡水鱼类"中[MASK]位置的文本是：	 Tanzania），为鲈形目，慈鲷科，大咽非鲫属
"《冷箭》是[MASK]执导，王传珍编剧，黄志忠、王力可、房子斌、刘琳等主演"中[MASK]位置的文本是：	由中国国际电视总公司出品的电视剧，宫晓东
"关于这场论战的内容及余波，孙周兴等编辑的《德法之争[MASK]同济大学出版社，2003年）中有详尽的记录"中[MASK]位置的文本是：	》（
"基本资料球员:凯赞  生日:1984年1月31日  身高:190CM  体重:72KG [MASK]场上位置:后卫  前度效力球队:幼狮队  曾经效力球队:幼狮队球队阵容前锋  D"中[MASK]位置的文本是：	 加盟日期:2004-01  球衣号码:6  国籍:新加坡  效力球队:芽笼联队  
"林心如的六部古装巅峰之作：2[MASK]1.在《倾世皇妃》中饰演马馥雅一角，妆容精致，配上一身白衣，甜美又含蓄的笑容，美若天仙"中[MASK]位置的文本是：	.在《还珠格格》中饰演夏紫薇（明珠格格）一角林心如的六部古装巅峰之作：
"王庆节，[MASK]，北京大学硕士，1994年获美国杜兰大学哲学博士"中[MASK]位置的文本是：	男，南京大学学士
"《人到四十》是2011[MASK]作者是彭三源"中[MASK]位置的文本是：	年北京航空航天大学出版社出版的图书，
"靳东与儿子相似[MASK]，小眼睛单眼皮特征明显"中[MASK]位置的文本是：	度80%天王周杰伦与母亲叶惠美相似度99%
"固然仍是有着“甜女孩”的气质，但是全体的扮演作风已开端呈现转变了，到了《智取威虎山》，作为徐克导演亲自订的“克女郎[MASK]她的性格特别适合白茹这个角色，简直就是为她量身订做一样"中[MASK]位置的文本是：	”，佟丽娅的气质确实没有几个人能和她比拟
"除了2012年12月7日即将上线的勇敢爱系列微电影《爱情规划局》，陈翔最新[MASK]操刀的写真书《梦翔家》也将本月底陆续与大家见面"中[MASK]位置的文本是：	单曲《问妈妈好吗》现已全面上线，Vee Live个人演唱会也将于本周六（12月8日）登陆北京五棵松M空间，由他亲自
"《我心已碎》是一首温馨演唱的歌曲[MASK]"中[MASK]位置的文本是：	，谱曲是张伟，作词是石顺义
"武汉汇特尔新网络科技有限公司于2012年11月[MASK]登记成立"中[MASK]位置的文本是：	06日在武汉市江岸区工商行政管理局
"电视连续剧《夫妻住对门》由河北[MASK]影视中心联合摄制"中[MASK]位置的文本是：	电影电视剧制作中心、中联
"《逃亡神偷》是2012年[MASK]作者是成硕济"中[MASK]位置的文本是：	上海文艺出版社出版的图书，
"香屈曲花（Iberisamara），又称屈曲[MASK]凉爽气候，不耐暑热"中[MASK]位置的文本是：	花，为白花菜目十字花科屈曲花属植物，原产西欧，喜夏季
"罗兴国，第八届“芙蓉学子”[MASK]林业科技大学"中[MASK]位置的文本是：	获得者，1毕业于中南
"我只想说看过《美人心计》，看过《烽火佳人》，看过《乱世佳人》吗，都是晋江文学瞬间倾城的作品，于正身为编剧，把原文改的质量下降，可不关某城的事，文笔不浮夸，古言不附庸风雅，不[MASK]"中[MASK]位置的文本是：	吹牛脑残的作者还有几个
"《不要让我太疯狂》是由[MASK]，黄美珍演唱的一首歌曲"中[MASK]位置的文本是：	吴易纬作词，雅祢而作曲
"《出逃剧》是[MASK]演唱的音乐单曲"中[MASK]位置的文本是：	2014年发行，聂禹
"洛伦佐[MASK](Lorenzo Galassi) ，男，1991年5月31日出生，意大利足球运动员"中[MASK]位置的文本是：	·加拉西
"日本电视剧《爱的界限》共11集， 讲述身为刑警的主人公公子（安田成美饰）在丈夫贵久意外身亡后，独力扶养儿子贵[MASK]的故事"中[MASK]位置的文本是：	之，并坚持与犯罪分子作斗争
"[MASK]是2007年科学出版社出版的图书，作者是时宝"中[MASK]位置的文本是：	《微分方程基础及其应用》
"萧森安，1948年7月生，湖北鄂州人，中共党员，大专文化，湖北省鄂州市[MASK]委员会副主任，政工师，通信技师，鄂州市第四届人民代表大会代表"中[MASK]位置的文本是：	人大常委会城乡建设工作
"方辰[MASK]月出生于江西南昌，1998年毕业于江西师范大学美术系，2010年进修于中国国家画院"中[MASK]位置的文本是：	，男，1977年6
"南非菊头蝠是哺乳纲、翼手目、菊头蝠科[MASK]一种属种"中[MASK]位置的文本是：	、菊头蝠属的
"成龙大哥从前在汶川地震的那年说过，在我身后我会把我悉数的财富悉数捐献给慈善事业[MASK]他的身上有一个东西简直不曾脱离，那就是器官捐献证，同样是怕自个突然脱离，这么证书就是他最好的证实，可以完结他的心愿"中[MASK]位置的文本是：	，不论是房产仍是古玩，成龙大哥作为一个响当当的世界巨星，真是值得咱们国人自豪张卫健，他扮演的《西游记》和《少年张三丰》让80后90后留下了深入的回忆，他和伊能静相同，在
"苏州工业园区艾麦普[MASK]于2013年07月11日在苏州工业园区市场监督管理局登记成立"中[MASK]位置的文本是：	精密模具有限公司
"《神域天下》1，玄幻异界类小说，首发于塔读文学网，作者君子双鱼，本书至2014年[MASK]"中[MASK]位置的文本是：	12月8日，依然在塔读文学网连载中
"克伦威尔生于亨廷登[MASK]学院，信奉清教思想"中[MASK]位置的文本是：	，曾就读剑桥大学的雪梨苏塞克斯
"《[MASK]是尖端出版社2013年出版的图书，作者是砂义出云"中[MASK]位置的文本是：	寄生彼女砂奈 02》
"《业外杂谭录》[MASK]出版的图书，作者是陈存仁"中[MASK]位置的文本是：	是2008年广西师范大学出版社
"新浪娱乐讯 2014年11月，由邢佳栋、矢野浩二、管乐、杨紫嫣等实力演员加盟[MASK]完成全部拍摄任务转而进入到后期制作阶段，预计明年将与观众见面"中[MASK]位置的文本是：	主演的《金戈铁马》已顺利杀青，在历经100多个日日夜夜后，该剧
"2010年1[MASK]对杀害国父谢赫·穆吉布·拉赫曼的5名凶手执行绞刑"中[MASK]位置的文本是：	月28日凌晨，位于孟加拉国首都达卡的中央监狱
"《洋派的[MASK]午夜街头 (二)》专辑中"中[MASK]位置的文本是：	中国男孩》是李玲玉演唱的一首歌曲，收录于《
"没错，他就是[MASK]《朝闻天下》当红主播——严於信"中[MASK]位置的文本是：	央视
"《网王同人之忘忧》是[MASK]晋江文学城的现代小说，作者是宓纯"中[MASK]位置的文本是：	一部连载于
"天涯社区网络科技股份有限公司于1999年[MASK]在海南省工商行政管理局登记成立"中[MASK]位置的文本是：	4月27日
"杨国胜，男，[MASK]昌乐人，中共党员"中[MASK]位置的文本是：	汉族，山东
"比如林子祥的《最爱是谁》（曾获第5届香港电影金像奖最佳电影歌曲）、苏芮的《凭着爱》（曾获第9届香港电影[MASK]第29届香港电影金像奖最佳原创歌曲奖）"中[MASK]位置的文本是：	金像奖最佳电影歌曲）、以及《岁月神偷》之中的《岁月轻狂》（曾获得
"[MASK]》是小曲儿演唱的一首歌曲，为网络剧《天局》同名主题曲"中[MASK]位置的文本是：	《天局
"乌兰察布市浩博尔农牧业发展[MASK]2015年06月09日在乌兰察布市工商行政管理局登记成立"中[MASK]位置的文本是：	有限公司于
"人物介绍陈孚恩（1802-1866）[MASK]别号紫藿"中[MASK]位置的文本是：	字子鹤，号少默，
"《噬魂师同人之初夏微凉》是杏红你的[MASK]的网络小说，发表于晋江文学网"中[MASK]位置的文本是：	怪兽掉了创作
"人物简介徐涛[MASK]汉族，1977年5月出生，副教授，硕士研究生导师"中[MASK]位置的文本是：	，男，
"[MASK] Thierry,刚果民主共和国籍足球运动员"中[MASK]位置的文本是：	Kasereka
"《世相物语》是2008年[MASK]是林语堂"中[MASK]位置的文本是：	陕西师范大学出版社出版的图书，作者
"我们可以看到已经播出完结将近一年半的、由杨洋[MASK]10的位置"中[MASK]位置的文本是：	等主演的电视剧《微微一笑很倾城》强势登上TOP 
"中华两栖甲(Amphizoidae sinica),两栖甲科[MASK]带寒冷激流中，成虫、幼虫均半水生，捕食水中其他昆虫的幼虫"中[MASK]位置的文本是：	,属于鞘翅目,生存于高山针、阔混交林
"[MASK]网络科技集团，任该集团董事长，专注于我国大中小型企业提供专业的网络服务，带动很多企业网络方向的转型"中[MASK]位置的文本是：	于卫涛，1976年出生于河南省通许县，2013年携手刘洋创办河南欣赏
"《请继续，任性》是陶喆演唱的[MASK]发行的专辑《69乐章》"中[MASK]位置的文本是：	歌曲，收录在2009年
"《音响技术与音乐欣赏手册》是2002年江苏科学技术[MASK]的图书，作者是唐道济"中[MASK]位置的文本是：	出版社出版
"峰盾盲蝽，半翅目，盲蝽[MASK]峰盾盲蝽属"中[MASK]位置的文本是：	科，
"兰蒂斯天使，学名大口原黑丽鱼（[MASK]鲈形目，慈鲷科，原黑丽鱼属一种淡水鱼类"中[MASK]位置的文本是：	Protomelas annectens），又称蓝排骨，为
"1992年3月8日，李敖与王小屯[MASK]终于结婚"中[MASK]位置的文本是：	认识八年后，
"7天连锁酒店集团（7 Days Group Holdings Limited），自2005[MASK]覆盖全国300座城市，成为中国经济型酒店行业的第一品牌"中[MASK]位置的文本是：	年成立以来，经过快速发展，分店总数已经超过2000家，
"所以从师承说，真[MASK]，再怎么说，可惜啊，是侯宝林的儿子，“门”没有错"中[MASK]位置的文本是：	有此一说，侯耀华
"《假如爱有天意》是为韩剧《假如爱有天意》主题曲，由香港著名填词人林夕作词，韩国作曲家Yoo Young Seok（刘[MASK]"中[MASK]位置的文本是：	英石）作曲，由香港著名歌手谷祖琳演唱，于2003年在中国香港发行
"在2013年6月底完成业务剥离后，分拆后的新闻集团[MASK]现金，且没有负债"中[MASK]位置的文本是：	（出版业务）将有26亿美元的
"吴[MASK]汉族，1962年2月出生，江苏南通人"中[MASK]位置的文本是：	海涛1，
"北京中联智运科技有限公司于2015[MASK]登记成立"中[MASK]位置的文本是：	年12月24日在西城分局
"《掠金[MASK]励志类小说，连载于17K小说网，现已完结"中[MASK]位置的文本是：	笔记》1是网络小说作家上官林2所著的一部职场
"《初为记者》是2002[MASK]清华大学出版社出版的图书，作者是孙静惟"中[MASK]位置的文本是：	年11月
"如果十八岁[MASK]爱朵女孩）-彭钧"中[MASK]位置的文本是：	遇见你（feat.
"1传说典故根据《三国遗事》和[MASK]，桓因的儿子桓雄想下凡与人类一起生活"中[MASK]位置的文本是：	《帝王韵纪》的记载
"圭山细头鳅[MASK]淡水鱼，分布于亚洲中国云南省淡水流域，体长可达9"中[MASK]位置的文本是：	为辐鳍鱼纲鲤形目鳅科的其中一种，为热带
"后来我发现自己越来越喜欢广东歌了，像陈奕迅的《明年今日》、《爱情转移》[MASK]你》、《人生何处不相逢》等经典的粤语老歌"中[MASK]位置的文本是：	等，还有刘德华的《情感的禁区》、《来生缘》，以及《偏偏喜欢
"《乱翻书》是2010年11月[MASK]出版的图书，作者是五岳散人"中[MASK]位置的文本是：	1日中国民主法制出版社
"《曾荫权家族》[MASK]，作者是窦应泰"中[MASK]位置的文本是：	是2007年团结出版社出版的图书
"《是谁在我耳边唱[MASK]《创作我的歌32首》专辑中"中[MASK]位置的文本是：	》是蔡国权原创、演唱的一首歌，收录在
"《武则天卷-唐朝那些[MASK]中国工人出版社2012年5月1日出版的书籍，作者是冬雪心境"中[MASK]位置的文本是：	事儿-叁》是
"科库雷克(RadovanKocurek),出生于1986年2月12日[MASK]，体重72公斤，场上位置前锋，现在效力于贾洛内足球俱乐部"中[MASK]位置的文本是：	，捷克国籍，身高179厘米
"人物生平将门之后蒙恬祖籍山东省蒙阴县，[MASK]西南7"中[MASK]位置的文本是：	故里在蒙阴县城
"《年轮网络日记》是2005年出版的图书，作者是罗[MASK]"中[MASK]位置的文本是：	江南
"《我想爱》是郑晓飞的音乐作品，收录[MASK]拥抱关系》专辑中"中[MASK]位置的文本是：	在《
"谁也没有我伤心[MASK] 波拉演唱"中[MASK]位置的文本是：	，流行音乐，由
"”另外，制片人俞胜利和演员王庆祥还将第三次牵手，在合作过《[MASK]》"中[MASK]位置的文本是：	天下粮仓》和《家风》之后拍摄《大宋提刑官2
"鹤岗市亿鑫建筑装饰有限公司于[MASK]在鹤岗市工商行政管理局登记成立"中[MASK]位置的文本是：	2014年09月12日
"《炼子》是17k小说网连载[MASK]作者是六言酱"中[MASK]位置的文本是：	的小说，
"在《[MASK]》何冰成功地塑造了一个正义清廉、冷峻智慧的古代神探47"中[MASK]位置的文本是：	大宋提刑官
"《清华历史讲堂初编》[MASK]历史系 / 三联书店编辑部"中[MASK]位置的文本是：	是2007年北京三联书店出版的图书，作者是清华大学
"[MASK]音乐的执着，就在四合院倒马桶的事也被媒体拍到了，说她不光给窦唯生孩子还劈柴烧饭，窦唯有苦说不出，时隔多年终于离婚了"中[MASK]位置的文本是：	她的第一段婚姻是和窦唯，婚内期间生下来一个女儿叫窦靖童，嫁给窦唯是对
"纯真年代，郭柯宇演唱歌曲，填词[MASK]"中[MASK]位置的文本是：	追星族
"明光宗遂平女公主朱徽婧遂平公主，名朱徽婧1（1611年－1633年[MASK]母亲是傅懿妃"中[MASK]位置的文本是：	2月8日），明朝公主，明光宗朱常洛第七女，
"《最美的青春》是北京完美建信影视、承德广播电视台、内蒙古天宝吉祥天影视、承德完美建信影视、完美世界影视联合出品，由巨兴茂执导，郭靖宇监制兼总编剧，杨勇、徐锦川、陈幼军等联合编剧，刘智扬、何雨虹[MASK]鲁佳妮、马赫、贾宏伟等联袂主演的绿色传奇剧"中[MASK]位置的文本是：	、赵恒煊、高明、黑子、
"在《引爆点》中，马尔科姆·格拉德韦尔为我们揭示了认知世界的过程，现在，他[MASK]的内心世界"中[MASK]位置的文本是：	的另一力作《决断2秒间》，革命性地为我们展示了如何明了我们自身
"（原载于《解放军美术书法》）孙会忠，1963年生，山东省五莲县人，1995年毕业于解放军艺术学院，2005[MASK]著名油画家研究生训练班"中[MASK]位置的文本是：	年毕业于俄罗斯
"姚维钧对黄炎培前妻的子女十分关照，[MASK]兄弟接回来抚养成人"中[MASK]位置的文本是：	把黄孟复
"杜甫，在唐朝的[MASK]站成了一段诗史"中[MASK]位置的文本是：	夔州站了一会儿，就
"周正石1931年3月生，浙江余姚人，航空工业总公司第六一四研究所科技办原副主任，科技委专职[MASK]会员，南京航空航天大学气功科学研究会顾问，江苏省气功科学研究会理事，无锡市气功科学研究会常务理事兼科学技术工作委员会主任，浙江大学无锡校友会理事、咨询部长"中[MASK]位置的文本是：	委员，高级工程师，中国航空学会首届至第六届（1982～1992年）机械动力传输专业委员会委员，中国人体科学学会
"姜作策，男，1953年12[MASK]学历，中学高级教师，山东省平度市南村中学语文教师"中[MASK]位置的文本是：	月出生，汉族，大专
"《暗渡陈仓》是1965年上映的法国/意大利电影，[MASK]·乌里导演"中[MASK]位置的文本是：	由杰拉尔
"”[MASK]到黑龙江的高校当了老师，主讲中国史，这一干就是20余年"中[MASK]位置的文本是：	  年从东北师范大学毕业后，隋丽娟直接
"黄仲义 1936年生[MASK]毕业于复旦大学药学院（原上海医科大学药学院）"中[MASK]位置的文本是：	，1957年
"《暗号》是盛大网络游戏公司年度游戏《梦幻国度》主题曲，[MASK]、安栋作曲，收录在梦洁2005年发行的专辑《梦幻国度》中"中[MASK]位置的文本是：	由齐放作词，齐放
"[MASK]》中饰演小龙女的师姐李莫愁，被网友封为最美李莫愁"中[MASK]位置的文本是：	并在陈晓版《神雕侠侣
"《最新实用[MASK]2003年成都地图出版社出版的图书"中[MASK]位置的文本是：	中国地图册》是
"毫无疑问华晨宇更红，可以在很多节目看到他，天籁之战第一季的[MASK]明日之子》里，亲自调音两小时《异类》《我管你》等音乐及显个人性格，个人态度，他的音乐并不迎合市场，所以就有很多人不愿意接受了"中[MASK]位置的文本是：	时候，改编我的滑板鞋，瞬间把神曲改成高大上的音乐，超级惊艳从2013～2017四年的时间从选手逐渐成为一名导师，可以看到他的成长，做出了很多音乐，认真对待音乐，从来不马马虎虎，专注音乐，在《
"《女人不再沉默》是中国大陆电视剧，由导演刘二威执导，演员涓子、李幼斌、侯天来1主演，该剧为反映“性骚扰”题材的电视剧1，[MASK]武器保护自己的心路历程"中[MASK]位置的文本是：	写了从女性一开始受到性骚扰的忍气吞声到最后毅然决然拿起法律
"[MASK]》是17k小说网连载的小说，作者是曼少"中[MASK]位置的文本是：	《妈妈的故事屋
"《逆流女孩》是一部[MASK]123小说已完结"中[MASK]位置的文本是：	小说，作者文刀守辰，在好
"《暗黑大判官》[MASK]发表于17K小说网"中[MASK]位置的文本是：	是胡萝卜炒蛋创作的网络小说，
"《康熙[MASK]-2华中科技大学出版社出版的图书，作者是王惠敏"中[MASK]位置的文本是：	大帝全传》是2013
"陈发喜，[MASK]1959年4月生，江苏南京人，1984年10月入党，1979年10月参加工作，江苏省委党校研究生学历"中[MASK]位置的文本是：	男，汉族，
"泸州博朗办公设备有限公司[MASK]泸州市江阳区工商行政管理局登记成立"中[MASK]位置的文本是：	于2015年03月02日在
"《天气凉了》是[MASK]，收录在EP《寂寞开始》中，发行于2012年11月8日1"中[MASK]位置的文本是：	由李荣浩作词、作曲，陆瑶演唱的歌曲
"原标题:Rain李东健联手出演新剧《Sketch》 新晋奶爸互飙演技看点多(图[MASK]继2003年出演KBS2电视剧《尚道上学去》后，时隔15年的再度合作"中[MASK]位置的文本是：	)原标题：Rain李东健出演新剧《Sketch》 新晋奶爸互飙演技JTBC电视台6日称，Rain和李东健将出演该台新剧《Sketch》，这是二人
"在何群导演的《铁血兄弟》[MASK]，该人物虽是一介书生，却胸怀匡扶天下的抱负"中[MASK]位置的文本是：	中饰演男主角江流
"东北[MASK]8月7日成立，当时称为东北各省市行政联合办事处"中[MASK]位置的文本是：	行政委员会于1946年
"[MASK]毕业于清华大学电力系统及其自动化专业，后获中欧国际工商学院工商管理硕士学位，高级工程师"中[MASK]位置的文本是：	张廷克同志，1956年8月出生于河南南召，中共党员，
"补位歌手腾格尔以[MASK]，华晨宇借个人原创曲《我管你》持续发力、蝉联榜首"中[MASK]位置的文本是：	一首《天堂》空降第二名
"《交换人生俱乐部》是帝鲲所著 的一部都市小说，[MASK]月29日正式上传，目前正在起点中文网火热连载中……“人生不如意十之八九"中[MASK]位置的文本是：	于2016年12
"《犹太人与犹太教-牛津通识读本》是2014年译林[MASK]所罗门"中[MASK]位置的文本是：	出版社出版的图书，作者是诺曼·
"青岛银凯贵金属有限公司济南分公司于[MASK]济南市槐荫区市场监督管理局登记成立"中[MASK]位置的文本是：	2015年07月21日在
"2014[MASK]二婶》饰演梁东子正式进入影视圈 ，此剧2015年5月25日登陆山东卫视、辽宁卫视同步上星播出"中[MASK]位置的文本是：	年，12月参演情感剧《
"周宏兴，1936年生于吉林省大安市，我国著名作家，[MASK]评家"中[MASK]位置的文本是：	书法家，鉴赏家，教育家，诗
"53潜居颍滨崇宁三年（1104年）正月，苏辙在颍川定居，因感元祐时人所剩无几，于是筑室曰“[MASK]时事，将所感皆寄托于诗中"中[MASK]位置的文本是：	遗老斋”，自号“颍滨遗老”54，终日读书著述、默坐参禅，谢绝宾客，决口不谈
"2017年8月8日9，酒仙网八周年[MASK]北京举行，中国酒业协会副理事长刘秀华、酒仙网董事长郝鸿峰以及来自五粮液、贵州茅台集团"中[MASK]位置的文本是：	启动发布会在
"《哈利和爱唱歌的邻居》是2012年[MASK]蔡恩"中[MASK]位置的文本是：	出版的图书，作者是吉恩·
"武汉市水务集团有限公司前身为[MASK]商办汉镇既济水电股份有限公司”，创办于1906年"中[MASK]位置的文本是：	“
"1歌曲歌词土耳其冰淇淋[MASK] 周杰伦"中[MASK]位置的文本是：	 -
"1演员阵容《大城小故事》[MASK]》的搞笑能手和制作班底外，还邀请到息影多年的影视红星柳影虹复出参与拍摄"中[MASK]位置的文本是：	是香港亚洲电视继《喜有此理》后制作的又一部处境喜剧，该剧阵容强盛，除了沿用多位《喜有此理
"新剧[MASK]坦诚相对》，由日本擅长纯爱剧的著名编剧、小说家北川悦吏子执笔"中[MASK]位置的文本是：	名为《无法
"《男人就是累1》是歌手陈玉建演唱的歌曲，陈玉建作词作曲，[MASK]《生意兴隆》中"中[MASK]位置的文本是：	该歌曲收录在专辑
"蓝八色鸫（学名：Pitta[MASK]，体长约24厘米，体重109克左右"中[MASK]位置的文本是：	 cyanea）是雀形目八色鸫科的鸟类
"农财宝典-新牧网记者 王之娴勃林格殷格翰于1885[MASK]于德国殷格翰，至今仍是一家家族企业"中[MASK]位置的文本是：	年成立
"三子许光许世友长子、[MASK]是许世友将军与结发妻子朱锡明三个儿子中唯一存活的长子"中[MASK]位置的文本是：	次子早夭折，第三子许光出生于1929年，
"其形象源于[MASK]奥林波斯神话，阿瑞斯是宙斯和赫拉的儿子"中[MASK]位置的文本是：	色雷斯人，据
"王天一，男，1989年4月23日出生于北京，[MASK]大师1"中[MASK]位置的文本是：	中国象棋特级
"控创（[MASK]01月25日在北京市工商行政管理局（登记业务及档案查询在所在地工商分局办理"中[MASK]位置的文本是：	北京）科技有限公司于2000年
"由乔治·顾柯执导的《茶花女》是米高梅公司出品的古典爱情片中极负[MASK]著名作家小仲马的同名小说改编而成"中[MASK]位置的文本是：	盛名的一部，根据法国
"由刘俊杰执导，刘烨、林依晨、雷佳音、魏巍、胡先煦、郭姝彤等主演的电视剧《老男孩》在上海召开发布会[MASK]全网首播"中[MASK]位置的文本是：	，宣布本周日（3月4日）登陆湖南卫视金鹰独播剧场，并于爱奇艺
"本次母校行活动，实践队的队员们真正[MASK]的实力让更多家长与学子感受到大工的优良学风及大工学子的精神面貌"中[MASK]位置的文本是：	地宣传了大连理工大学
"[MASK]，始建于1987年，原名北辰区少年宫，占地面积2402平方米"中[MASK]位置的文本是：	北辰区青少年宫，位于天津市北辰区中学西路
"[MASK]时光沙漏创作的网络小说，发表于17K小说网"中[MASK]位置的文本是：	《网王穿越之冰帝王者》是
"《[MASK]出版社出版的图书，作者是辛绍杰、周先志"中[MASK]位置的文本是：	现代急症传染病学》是2007年人民军医
"因此，劳伦斯·奥利弗[MASK]费雯·丽同样也享有正式的头衔：“奥利弗爵士夫人”（Vivien Leigh, Lady Olivier）"中[MASK]位置的文本是：	当时的妻子
"《感应》，1996年由黎明演唱[MASK]"中[MASK]位置的文本是：	，宝丽金唱片发行的专辑
"《新编[MASK]1998年警官教育出版社出版的图书"中[MASK]位置的文本是：	中专体育》是
"4、醒醒汪峰和章子怡作为世界影后[MASK]，女儿醒醒百日宴一出手也是十分阔绰"中[MASK]位置的文本是：	和乐坛半壁河山
"时隔一年半，由杜军执导，张一山主演的抗战剧《我的父亲我的兵》正式登陆央视8套黄金档主演张一山以爽朗的性情、帅气的外表深受大众喜爱，也[MASK]的八路军连长付子龙，他是妇女队长柳红妹心中的英雄，而他却只对秀外慧中的营教导员刘燕飞倾心爱慕"中[MASK]位置的文本是：	成功塑造了很多脍炙人口的角色在《我的父亲我的兵》中，他扮演机灵狡黠，骁勇善战
"[音乐]《年兽大作战》曝片头曲[MASK]民谣风演绎《姥姥说》"中[MASK]位置的文本是：	郝云
"最近作者又在刷张学友的歌，听到一首歌的时候很难再放下，这首歌的名字叫做《离开以后》，1995年推出的音乐[MASK]一首歌曲，作者要推荐给大家"中[MASK]位置的文本是：	专辑《过敏世界》中的
"郭子良， 1964年出生[MASK]于广州美术学院中国画系"中[MASK]位置的文本是：	，籍贯广东顺德，1992年毕业
"《无所不在》是潘玮柏演唱的歌曲，由姚若龙作词，潘玮柏作曲，收录于潘玮柏2006年发行的专辑[MASK]地球》中"中[MASK]位置的文本是：	《反转
"据指出，李婉钰是因为在文化大学念硕士，而认识当时也在同校念书的林承祺，进而交往[MASK]却因财务纠纷闹上法院"中[MASK]位置的文本是：	，不过，两人后来
"3月1日，扬州多个专业艺术团体[MASK]时代》元宵特辑在央视演播厅的排练，该节目将于今晚（3月2日晚）7:30播出"中[MASK]位置的文本是：	的近50名演员，参加了中央电视台音乐频道《唱响新
"何丽芳，女，汉族，甘肃通渭人，1975年10月[MASK]第十二届甘肃省人民代表大会定西团代表1"中[MASK]位置的文本是：	出生，在职大学学历，
"《残酷总裁》是一部连载于[MASK]雪凤天舞"中[MASK]位置的文本是：	3G书城的小说，作者是
"短距香茶菜[MASK]唇形科植物，生于山地疏林肥土上，海拔600米"中[MASK]位置的文本是：	，唇形目
"《[MASK]无声》是一部连载于17k小说网的小说，作者是月沉星汐"中[MASK]位置的文本是：	幻城雪落
"[MASK]江恒源作为教育界代表，应邀赴京出席中国人民政治协商会议第一届全体会议"中[MASK]位置的文本是：	1949年9月，
"出品方博纳影业集团已与IMAX公司正式[MASK]华语电影史上第一部获得官方认证的IMAX 3D电影"中[MASK]位置的文本是：	签约，《龙门飞甲》也成为了继粤语后
"石狮市好田服饰实业有限公司[MASK]日在福建省石狮市市场监督管理局登记成立"中[MASK]位置的文本是：	于2004年8月3
"王振环，[MASK]毕业院校：中科院心理咨询与治疗专业、黑龙江延寿卫校、齐齐哈尔医学院1"中[MASK]位置的文本是：	国家二级心理咨询师、主治医师，
"发家史郑元豹从一贫如洗的家庭中成长起来，经过持续不懈的[MASK]"中[MASK]位置的文本是：	努力，终于打造出中国·人民电器集团这个著名的电器企业
"波氏帕皿蛛是蜘蛛目[MASK]目的动物"中[MASK]位置的文本是：	、新蛛亚
"[MASK]股份有限公司于1995年05月12日在江苏省扬州工商行政管理局登记成立"中[MASK]位置的文本是：	扬州晨化新材料
"刘洪波，男，1970年生，汉族，籍贯福建，[MASK]柳州城市职业学院建筑工程与艺术设计系主任，副教授，高级工艺美术师"中[MASK]位置的文本是：	生于广西柳州，
"衢州市明昊化工有限公司成立于2011年7月,公司坐落于中国浙西生态市、国家历史文化名城、中国优秀旅游城市、2012年中国十佳宜居城市、国家化学工业基地浙江衢州，是一家pvc树脂、二氯甲烷、液氨、碳化钙（电石）、氯化石腊、环已酮、二辛脂、已内酰胺、甲醇、盐酸、甲酸、乌路[MASK]经销批发的有限责任公司"中[MASK]位置的文本是：	托品、氢氟酸、141b、甲醛、尿素等产品的
"《我[MASK]写的都市言情小说，17k小说网连载"中[MASK]位置的文本是：	的偶像大人》是言朽所
"收录于陈奕迅发行的专辑《Stranger Under My [MASK]歌曲，由刘畅作词，谭旋作曲，收录于发行的专辑《三生三世十里桃花 电视剧原声带》中，是电视剧《三生三世十里桃花》的片尾曲"中[MASK]位置的文本是：	Skin》中《凉凉》是张碧晨和杨宗纬演唱的
"大同机械有限公司（原名：华大机械设备有限公司）成立于1982年[MASK]附属公司"中[MASK]位置的文本是：	，为香港上市公司大同机械企业有限公司之全资
"《再见，我们的1948》是北京电影制片厂1999出品的电影[MASK]、朱媛媛等主演"中[MASK]位置的文本是：	，由管虎执导，迟佳
"《法国文学的理性批判精神[MASK]，作者是艾珉"中[MASK]位置的文本是：	》是由北京大学出版社出版的一部教育作品
"这个人物的矛盾、隐忍与伪装，深入形象地刻画了一个内心欲望强大，为了自己的利益不择手段的[MASK]宋洋执导的当代行业电视剧"中[MASK]位置的文本是：	女设计师形象龙政璇的笑容清新灵动，她的气质甜美可爱《一粒红尘》是由上海剧芯文化创意有限公司、乐视视频联合出品，
"谢纳·沃德的迅速窜红要归功于英国ITV电视台的一挡热播[MASK]了第一届，斯蒂夫获得冠军后一炮走红，紧接着推出的个人专辑也大受欢迎"中[MASK]位置的文本是：	的娱乐节目《The X Factor》，这是一档歌唱比赛的真人秀，去年推出
"”和其他电视剧相比，《星火》在演员阵容上不算强大，但是在文学创作上，却不啻有一套“全明星阵容”，北京大学中文系系主任温儒敏、清华大学中文系系主任王中忱[MASK]博士论文答辩小组了，更何况这部剧集的底本就是名著"中[MASK]位置的文本是：	担任该剧的文学顾问，北大中文系教授韩毓海和著名作家余华参与编剧，再加上一个作家出身的导演刘毅然，都可以组成一个中国现代文学
"个人简介姓名：哈贝格[MASK]183cm  体重：73kg职业生涯哈贝格汉姆是一名后卫，现在效力于诺域治足球俱乐部"中[MASK]位置的文本是：	汉姆  性别：男  国籍：英格兰  出生日期：1992-02-20  身高：
"第二名《柜中美人》改编自水合小说《[MASK]出品，李公乐、黄肖英与徐惠康联合执导，周渝民、胡冰卿、陈瑶、韩栋、陈若轩、左小青、李彧、宋楠惜和梁婧娴等联袂主演的古装宫廷玄幻剧"中[MASK]位置的文本是：	胭脂醉》，由唐人影视
"《[MASK]2009年武汉出版社出版的图书，作者是文玲"中[MASK]位置的文本是：	心香生活系列慢生活》是
"该剧改编自张恨水所著的同名[MASK]"中[MASK]位置的文本是：	小说《纸醉金迷》
"随后，陈德容接拍了她职业生涯第一部电影[MASK]国中女生》，饰演一个文静寡言，却为朋友两肋插刀的女孩秀秀"中[MASK]位置的文本是：	，由陈国富执导的《
"张景全，1932[MASK]10月生，河北人，抚顺矿务局环保处处长"中[MASK]位置的文本是：	年
"[MASK]男，汉族，1956年5月生，陕西合阳人"中[MASK]位置的文本是：	王君龙，
"《正义无限》是段程执导[MASK]由刘威、李强、原雨领衔主演"中[MASK]位置的文本是：	的一部当代涉案题材的警匪片，
"朱信萍，男，1956年11月出生，汉族，籍贯江西高安，[MASK]11月加入中国共产党，1975年11月参加工作，江西大学（现南昌大学）学历"中[MASK]位置的文本是：	出生地江西萍乡，1979年
"张晏学，男，汉族，湖北应城人[MASK]月出生，大学专科文化程度，高级政工师"中[MASK]位置的文本是：	，1949年8
"[MASK]当代中国八种社会思潮》，北京：社会科学文献出版社，2011年"中[MASK]位置的文本是：	②马立诚：《
"上海海尔集成电路[MASK]合资公司，成立于2000年11月"中[MASK]位置的文本是：	有限公司是海尔集团和海外著名IC设计公司的
"《缘过其时之宁不[MASK]文学城的近现代小说，作者是不若不见"中[MASK]位置的文本是：	相识》是连载于晋江
"梅益春1，男，汉族，1983年10月生[MASK]大学学历，中共党员"中[MASK]位置的文本是：	，甘肃岷县人，出生地岷县禾驮，在职
"孟加拉芋螺[MASK]螺壳尺寸60 - 148 mm"中[MASK]位置的文本是：	是一种新腹足目、芋螺科类生物，
"《武道兽缘》是逐浪连载的[MASK]作者是开窗听风雨"中[MASK]位置的文本是：	小说，
"个人简介朱尔玉[MASK]月出生于山东莱芜"中[MASK]位置的文本是：	，1963年3
"江苏天才新能源科技股份有限公司于2014年10月[MASK]成立"中[MASK]位置的文本是：	16日在江苏省扬州工商行政管理局登记
"1987年，43岁的任正非在深圳南油集团一个简陋的居民楼里创立华为技术有限公司，[MASK]起初以倒卖交换机设备为营生"中[MASK]位置的文本是：	初始资本金2.1万元人民币，3个员工，
"歌曲介绍由大飞作词，深白色作曲，吕绍淳编曲的歌曲《直线》，属于专辑[MASK]爆发力的一首歌曲"中[MASK]位置的文本是：	中深具
"参考2012年《[MASK]联盟2：奥创纪元》是片长141分钟"中[MASK]位置的文本是：	复仇者联盟》片长是143分钟，2015年《复仇者
"鲁豫有约大咖一日行是《鲁豫有约[MASK]名人大咖们的身边，展示他们不为人知的生活背面"中[MASK]位置的文本是：	》全面升级，鲁豫将继续走出演播厅带观众来到
"虽然说霍启刚是豪门公子哥，但价值观却和郭晶晶一样[MASK]后也过着普通人的生活"中[MASK]位置的文本是：	，都比较喜欢过着平淡的生活，所以两人在一起
"《假如我不曾来过》[MASK]热血青春类小说，作者是季小夏"中[MASK]位置的文本是：	是连载于17k小说网的一部
"林心如所有的电视剧里我最喜欢的一部可以说就是《[MASK]的顾曼桢塑造的非常成功"中[MASK]位置的文本是：	半生缘》了，林心如把在命运的捉弄下，前半生纯真甜蜜后半生孤独凄美
"《守望三峡》  中国青年出版社郑云峰/摄 郑云峰 张荣惠 /文　　又是关于三峡的书，此前已经有一部分了，喜欢买主要是因为我曾经有一次和两名同事43天徒步三峡的经历，看到那一张张图片，[MASK]足迹和梦"中[MASK]位置的文本是：	仿佛寻找的是我曾经的
"这个吕布和刘亦菲扮演的貂蝉CP，虽然在形象上[MASK]三、何润东扮演的吕布在2010年，由陈建斌、于和伟、张博、陆毅、何润东、林心如等主演的电视剧《三国》中，何润东扮演吕布，与林心如扮演的貂蝉CP"中[MASK]位置的文本是：	和高以翔没法比，但是保剑锋的吕布和刘亦菲看着还是很般配的
"《准爸爸完全手册[MASK]人口出版社出版的图书"中[MASK]位置的文本是：	》是由韩林编写，在中国
"《[MASK]于纵横中文网的网络小说，作者是破尘极光"中[MASK]位置的文本是：	永恒圣迹》是连载
"《第一次不是你》是中国香港2013年上映的爱情电影，[MASK]，马志威、蒋家旻等主演"中[MASK]位置的文本是：	由叶念琛执导
"[MASK]香港歌手及演员邓健泓所唱歌曲"中[MASK]位置的文本是：	《十年后的你》是
"新海诚在2004推出的动画作品《云之彼端[MASK]多项奖项，成为粉丝中的动画经典"中[MASK]位置的文本是：	，约定的地方》，曾获得
"2010[MASK]电影《山楂树之恋》中出演女主角静秋而一举成名，并凭借该片获第十四届中国电影华表奖最佳新人女演员奖"中[MASK]位置的文本是：	年成为新一代“谋女郎”，在张艺谋导演的
"3[MASK]季风气候天气，年平均气温5"中[MASK]位置的文本是：	气候乾安县属于温带大陆性
"永乐票务成立于2003[MASK]以商业演出活动及体育比赛项目运营和相关票务营销为主体业务的文化公司"中[MASK]位置的文本是：	年，隶属于北京春秋永乐文化传播有限公司，是
"海南[MASK]2月2日在海口市工商行政管理局登记成立"中[MASK]位置的文本是：	中大贝莱特中央空调制造有限公司于2015年
"望远镜笔螺是一种新腹足目、笔螺科类[MASK]或呈格子状"中[MASK]位置的文本是：	生物，贝壳呈圆锥形，壳表平滑
"戴錞隆教授[MASK]汉族，江西省南康县人，中国民主同盟成员"中[MASK]位置的文本是：	（1919-2001），男，
"据香港媒体报道，美女林青霞，婚后为香港富商邢李原生下邢爱林、邢言爱，转眼17年，她难得带着两个女儿在香港尖沙嘴逛街，17岁的邢爱林把头发盘起[MASK]，两人萌样曝光，她们走到化妆品专柜，大美人细心打造爱女当接班人"中[MASK]位置的文本是：	，瓜子脸模样清秀，12岁的邢言爱也越长越可爱，比较像爸爸
"《天气预报》是关诗敏首张个人音乐专辑《关在家》中收录[MASK]》的片尾曲"中[MASK]位置的文本是：	的歌曲，这首歌也是台湾综艺节目《祯甄高兴见到你
"《信仰在空中飘扬》是作为精神产物的本质，是人类对[MASK]汪峰静夜独处的诗性"中[MASK]位置的文本是：	光明与希望从未停止的追逐，是因纯粹而暴烈的摇滚乐动能，是阅尽繁华的
"这一点天后王菲的家庭就做得不错，即使[MASK]去上舞蹈课，李嫣过生日，更是一大家子人都参加了，即使不在同一个家庭里生活，也能感受到“爸爸妈妈依然爱你”，真的是很棒的爱的教育"中[MASK]位置的文本是：	分开了，她和李亚鹏之间也保持着和谐友好的关系，母女关系也没有因为离婚而受影响，王菲会陪李嫣
"《全球化制造与二次创新》是2006[MASK]工业出版社出版的图书，作者是吴晓波"中[MASK]位置的文本是：	年机械
"《伦敦口语百日腾飞》是2004年江西[MASK]是《疯狂英语》编辑部"中[MASK]位置的文本是：	文化音像出版社出版的图书，作者
"《[MASK]是林忆莲演唱的一首歌曲，收录在专辑《看吧"中[MASK]位置的文本是：	宠爱》
"袁林，女，民革党员，四川仪陇人，法学博士，西南政法大学法学院教授、博士生导师，西南政法大学特殊群体权利保护与犯罪预防[MASK]中央财政支持地方高校建设项目“特殊群体权利保护与犯罪预防研究创新团队”负责人"中[MASK]位置的文本是：	研究中心主任，
"LeCroy(力科)成立于1964年[MASK]专业生产示波器厂家"中[MASK]位置的文本是：	，是一家
"《牛津英语6B（上海版）（音带）[MASK]的一本图书"中[MASK]位置的文本是：	 （平装）》是2009年上海教育音像出版社出版
"《西门无恨之[MASK]执导，杨钧钧主演的电视剧"中[MASK]位置的文本是：	桃花传奇》是由蒋庆隆
"《穿越之娘亲谁是我爹地》[MASK]于17K小说网"中[MASK]位置的文本是：	是水轩创作的网络小说，发表
"红胸侏秧鸡是一种鸟纲、鹤形目、秧鸡科、侏秧鸡属类[MASK]）以南的整个非洲大陆）"中[MASK]位置的文本是：	生物，分布于非洲中南部地区（包括阿拉伯半岛的南部、撒哈拉沙漠（北回归线
"浙江万象花卉有限公司成立于1997年，注册资本5000万元，[MASK]号"中[MASK]位置的文本是：	公司总部位于浙江省金华市义乌街921
"偶像剧[MASK]联合出品的大型神话剧《嫦娥》云集了姚笛、明道、黄觉、王子文四位青春偶像，将4000年前的美丽经典传说再现荧屏"中[MASK]位置的文本是：	集由上影集团和北京紫风影视公司
"三人在海上遇难，辗转流落到冰火[MASK]十年，其间张翠山与殷素素成亲，并生下一子张无忌"中[MASK]位置的文本是：	岛，在岛上一住便是
"灰层岩鹀，[MASK]一种， 属小型鸣禽"中[MASK]位置的文本是：	 为雀形目、 雀科的
"[MASK]一部穿越架空类作品，作者是墨浅忻"中[MASK]位置的文本是：	《唯爱，梦清颜》是在潇湘书院连载的
"运动生涯保罗·恩里克[MASK]13日，身高180cm，体重79kg，职业生涯起步于巴西豪门米内罗竞技青训营"中[MASK]位置的文本是：	出生于1989年03年
"今天就来说说这位“七料”的香港小姐--郭羡妮，[MASK]你们不怎么熟悉，但是她成名之作《寻秦记》，剧中饰演秦青和琴清"中[MASK]位置的文本是：	虽然提到名字也许
"主要参考资料：林崇德，[MASK]人民教育出版社，2009"中[MASK]位置的文本是：	《发展心理学》，
"《天亮·分手》是由李凯导演的一部绚烂[MASK]主演"中[MASK]位置的文本是：	的阴谋与爱情电影，由尹航、陈晓东、安钧璨等
"中亚[MASK]而且特别相似，但中亚鸽背部白色"中[MASK]位置的文本是：	鸽与欧鸽同属鸽形目，鸠鸽科，鸽属
"《手机留言》是光良演唱的歌曲，该曲由孔胜民填词，光良作曲[MASK]》"中[MASK]位置的文本是：	，吴庆隆编曲，收录在专辑《童话
"《[MASK]一首原唱歌曲，由姚谦作词、闻震作曲、黄毅编曲，首次收录在孟庭苇2006年9月发行的《幸福感》专辑中"中[MASK]位置的文本是：	天使之歌》是台湾歌手孟庭苇的
"[MASK]、饶俊作词、麦振鸿、吴清华编曲，霍建华、赵丽颖演唱的歌曲"中[MASK]位置的文本是：	《不可说》是由麦振鸿作曲，钱丽婧、fresh果果
"金头蓝孔雀，学名石趴大咽非鲫（Otopharynx lithobates），又称粉红蓝天使，皇冠阿里，为[MASK]，大咽非鲫属一种淡水鱼类"中[MASK]位置的文本是：	鲈形目，慈鲷科
"《目眩神晕》是歌手[MASK]，作曲：范晓萱"中[MASK]位置的文本是：	范晓萱演唱的歌曲，作词：范晓萱
"穹房贝，属腕足动物门[MASK]贝目"中[MASK]位置的文本是：	，有铰纲，小嘴
"▪编审：王晶音乐[MASK]女将》"中[MASK]位置的文本是：	原声主题曲：《杨门
"[MASK]2009年，是广西桂林一家专业从事家具销售，木雕艺术品加工销售的公司"中[MASK]位置的文本是：	桂林市典尚家具有限责任公司成立于
"孔子(前551_前479)，名丘[MASK]鲁国陬邑"中[MASK]位置的文本是：	，字仲尼，祖籍宋国栗邑，出生地
"刘震云妻子郭建梅，著名公益律师，中国法学会会员，[MASK]主任、专职律师"中[MASK]位置的文本是：	中国婚姻家庭法学会理事，北京大学法学院兼职副教授，妇女法律研究与服务中心
"只要提到林惠嘉，李安的叙述都很温柔，他们的[MASK]信任尊重"中[MASK]位置的文本是：	关系，是绝对
"基本信息孝穆成皇后（1781—[MASK]），钮祜禄氏，户部尚书、一等子布颜达赉女"中[MASK]位置的文本是：	1808年
"布仁[MASK]男，蒙古族，大学学历，1977年8月参加工作，1985年3月加入中国共产党"中[MASK]位置的文本是：	1，
"而现在该男也被媒体起底，发现正是林心如的[MASK]个夏天》导演许富翔"中[MASK]位置的文本是：	好友、《16
"李清照的父亲李格非，曾经写过《洛阳名园记》，全文如下：[MASK]崤渑之阻，当秦陇之襟喉，而赵魏之走集，盖四方必争之地也"中[MASK]位置的文本是：	洛阳处天下之中，挟
"厦门市竞达电子有限公司是由香港CHANTON在厦门设立的国内销售部，香港CHANTON有专业一家从事电子设备生产及销售的全球公司·在全球具有[MASK]保证，销售机构，本司已通ISO,CEUL等各项认证·"中[MASK]位置的文本是：	自己专业的销售队伍·具有专业的研发，品质
"《网王之悠然看戏》是楼印[MASK]晋江文学网"中[MASK]位置的文本是：	创作的网络小说，发表于
"张韶涵走红初期，与母亲姜柔伊[MASK]，酬劳也全由母亲保管"中[MASK]位置的文本是：	形影不离
"无锡联盛合众新能源有限公司于2013-06-[MASK]工商行政管理局新区分局登记成立"中[MASK]位置的文本是：	26在无锡
"李翊君演唱歌曲《最爱你的人》是李翊君最新专辑《爱上寂寞[MASK]，专辑已于2012年09月04日发行"中[MASK]位置的文本是：	》中收录的歌曲
"诸葛瞻长子诸葛尚听说兵败后，叹息说：“我们父子受了国家[MASK]黄皓，以致惨败，还有什么面目活下去呢"中[MASK]位置的文本是：	那么多的恩惠，而没有提早斩除
"郭会镇1  基本信息　　性别： 男籍贯：山东省惠民　　政治面貌： 党员出生日期：[MASK]　牺牲时间：1948牺牲战役：淮海战役　　牺牲地点：安葬地：惠民县革命烈士陵园"中[MASK]位置的文本是：	1929　　生前情况　　生前部队：华野八纵生前职位：战士　　立功情况：　　牺牲情况　
"小人物是由现代出版社于[MASK]所出版的由作家一草所写的一本书籍"中[MASK]位置的文本是：	2015年8月1日
"三生三世十里桃花：《三生三世十里桃花》是华策影视集团上海剧酷文化传播有限公司、海宁嘉行天下影视文化有限公司、上海三味火文化传播有限公司联合出品的古装玄幻剧，由林玉芬执导[MASK]、张彬彬、祝绪丹等主演，连奕名特别出演"中[MASK]位置的文本是：	，杨幂、赵又廷领衔主演，张智尧 、迪丽热巴、高伟光、黄梦莹
"企业简介[MASK]，是国家质量技术监督局，国家安全生产监督管理总局许可的特种劳动防护用品定点生产企业"中[MASK]位置的文本是：	北京飞人科贸有限公司，成立于1990年
"相传章泽天曾因学业拒绝出演[MASK]一说法是她还曾拒绝出演张艺谋电影《山楂树之恋》，这才让静秋的角色旁落给了他人"中[MASK]位置的文本是：	张艺谋电影《金陵十三钗》，又
"在[MASK]沙溢前，胡可的名气远大于沙溢"中[MASK]位置的文本是：	嫁给
"雅虎是[MASK]服务的网站，总部设在美国加州圣克拉克市，在欧洲、亚太区、拉丁美洲、加拿大及美国均设有办事处"中[MASK]位置的文本是：	全球第一家提供因特网导航
"《绝不后悔》是杜德伟演唱的[MASK]郭子谱曲，收录在杜德伟1994年发行的专辑《绝对》中1"中[MASK]位置的文本是：	歌曲，由许常德作词，
"断条天牛属于鞘翅目、天牛科、楔天牛属[MASK]"中[MASK]位置的文本是：	，拉丁种名是interrupta
"其实小沈阳能走红全因为自己的妻子沈春阳，开始赵本山并[MASK]对沈春阳的忠诚，才带他走上春晚的舞台"中[MASK]位置的文本是：	不喜欢小沈阳，最终感动于他
"新几内亚角雕，Harpyopsis novaeguineae （Salvadori, [MASK]，隼形目,鹰科,鵟鹰属的一个物种"中[MASK]位置的文本是：	1875）
"在《变色龙》播毕后，丽的电视旋即在同一个时段演出[MASK]长剧《奇女子》"中[MASK]位置的文本是：	下一套电视
"我突然[MASK]了马加爵案，他是云南大学的高材生"中[MASK]位置的文本是：	想起一个
"剧情简介加拿大Showcase频道播出的灵异剧《妖女迷行[MASK]讲述女淫妖Bo（由获得双子星奖提名的Anna Silk扮演）的故事"中[MASK]位置的文本是：	第四季》（Lost Girl）
"《新直销员必读全书》是2003-10-[MASK]"中[MASK]位置的文本是：	1中国纺织出版社出版的图书
"《植物化学保护》是2009年8月化学工业出版社出版的图书，作者[MASK]卢颖"中[MASK]位置的文本是：	是
"2000年，董洁在中央电视台的春节晚会上，与谢霆锋牵手出演歌曲《今生共相伴》[MASK]不少电视台纷纷邀请她做表演嘉宾"中[MASK]位置的文本是：	，担任女主角新娘的她逐渐受到多方关注，
"《[MASK]50选》是2008年中国农业大学出版社出版的图书，作者是王茂良，李晓良"中[MASK]位置的文本是：	活氧排毒居家花草
"绍兴县守整纺织有限公司是一家集纺织品设计开发、生产、销售于一体的[MASK]盛泽"中[MASK]位置的文本是：	纺织企业,公司总部坐落在丝绸之乡-江苏
"广东大荣实业发展有限公司于2004[MASK]登记成立"中[MASK]位置的文本是：	年05月20日在清远市清城区工商行政管理局
"《永生之[MASK]》是九五之尊在纵横中文网上连载的一本小说"中[MASK]位置的文本是：	诸天武道
"《西西里的美丽传说》（Malè[MASK]执导，莫尼卡·贝鲁奇（Monica Bellucci）主演"中[MASK]位置的文本是：	na）是2000年发行的一部意大利剧情片，由朱塞佩·托纳多雷
"《深空迷失[MASK]少尉写的网络小说连载于起点中文网"中[MASK]位置的文本是：	》是海军
"《小公主》是孟庭苇的音乐作品，赵一文作曲，收录在《幸福感[MASK]"中[MASK]位置的文本是：	》专辑中
"《傻子才悲伤》是朴树所演唱的一首歌曲，由朴树作词、作曲，张亚东编曲，收录于朴树2003[MASK]专辑《生如夏花》中"中[MASK]位置的文本是：	年11月28日发行的
"朱太妃即钦成皇后朱氏[MASK]宋神宗赵顼的妃子，宋哲宗赵煦的生母"中[MASK]位置的文本是：	（1052年-1102年），开封人，
"百科名片姜春英，女，1954年4[MASK]人"中[MASK]位置的文本是：	月生，汉族，山东海阳
"张贤，男，汉族，[MASK]"中[MASK]位置的文本是：	1990年秋生，现任民族中学校长
"人物简介屠乔孙，[MASK]（嘉兴市）人"中[MASK]位置的文本是：	字迁之，明嘉兴府秀水县
"金牌编剧张华标他曾经也做过监制，比如《人在边缘》(编审[MASK]后来不知为何就不再做监制了"中[MASK]位置的文本是：	也是他)，是由刘青云、黎明、黎美娴、陈法蓉等领衔主演的，
"赵丽颖代言游戏女神范足赵丽颖凭借热播剧《花千骨》再次印证其影响力，除了是剧中女主角之外[MASK]》之外，赵丽颖还代言了多款古装游戏如《青云志》、《龙门虎将》、《剑侠情缘》等"中[MASK]位置的文本是：	，赵丽颖还代言了同名手游《花千骨》，在代言游戏时，赵丽颖不再是戏外邻家女孩的可爱形象，一举一动，可冷可热，都充满女神范儿，除了《花千骨
"《古代社会上下[MASK]是2008年出版的图书，作者是摩尔根"中[MASK]位置的文本是：	珍藏本》
"《刘备志》是连载于17k小说网的网络小说，[MASK]柠檬"中[MASK]位置的文本是：	作者是清香
"后来，[MASK]深造"中[MASK]位置的文本是：	李昭在延安大学
"皮尔博格汽车零部件（昆山）有限公司[MASK]管理局登记成立"中[MASK]位置的文本是：	于2009年04月28日在昆山市市场监督
"《其实你不懂[MASK]，收录在《忘不了精选》专辑中"中[MASK]位置的文本是：	我的心》是童安格的音乐作品，陈桂珠作曲
"《[MASK]典范》是一本书籍，中国广播电视出版社出版，出版第1版 (2003年1月1日)"中[MASK]位置的文本是：	成功主持
"《情迷黑森林》是2005年由香港电视广播有限公司（TVB）制作出品的时装爱情剧，由林志华监制，马德钟、胡杏儿[MASK]陈文媛等主演"中[MASK]位置的文本是：	、胡诺言、文颂娴、
"张秀民：“中国古代妇女之地位（列女[MASK]，1、2期，59-61"中[MASK]位置的文本是：	传英译本），”（瞻）《图书季刊》，新8卷
"詹姆斯·唐纳德森（James Donaldson），1全名詹姆斯-李-唐纳德森三世（James Lee Donaldson III），11957年8月16日出生于英国赫彻姆[MASK]长大，1前美国/英国职业篮球运动员，司职中锋"中[MASK]位置的文本是：	1，在美国加利福尼亚州
"三星第一代创始人李秉喆[MASK]富农身份，从食品批发开始，做成了如今年利润百亿美元规模的跨国集团"中[MASK]位置的文本是：	白手起家，1938年以
"迪米特罗·基格里恩斯基（Metro Chigrynskyy），出生于1986年11月27，乌克兰国籍，[MASK]于顿涅茨克矿工俱乐部，担任后卫"中[MASK]位置的文本是：	身高190厘米，体重81公斤，乌克兰足球运动员，效力
"《异世天歌》是最恋惜风创作[MASK]"中[MASK]位置的文本是：	的网络小说，发表于17K小说网
"郑家慈[MASK] 所属运动队：香港榄球总会，球队位置前锋，2010年广州亚运会中国香港代表团成员"中[MASK]位置的文本是：	，女，1985年11月26日出生于中国香港，女子橄榄球运动员，
"提起郑智化，不知道现在的90后和00后认不认识，但他确确实实的影响了80后一代的歌手，可能很多人一看到郑智化这个名字就会是想到《水手》这首歌，毕竟太[MASK]星星点灯》《年轻时代》等作品家喻户晓，在华语歌坛广为传唱"中[MASK]位置的文本是：	经典了，郑智化的名字，就是一个时代的缩影，他凭借《水手》《
"《花的懒人料理》是由日本[MASK]加藤成亮、菊池亚希子、児岛一哉等主演"中[MASK]位置的文本是：	TBS电视台放送的一部深夜日剧，由仓科加奈、
"运动生涯丹尼斯·劳出生于苏格兰阿伯丁一个贫穷的[MASK]斜视的毛病"中[MASK]位置的文本是：	渔民家庭，是七名孩子中的小弟弟，有
"张洋，男，1956年2[MASK]"中[MASK]位置的文本是：	月出生，祖籍江苏无锡
"《一个女人的史诗》是严歌苓所著[MASK]小说"中[MASK]位置的文本是：	的一本
"陈宜斗，山东省济宁鱼台县人，中国养蜂学会理事、中国蜂产品协会理事[MASK]副理事长、山东省蜜蜂品种质量鉴定员、济宁市蜂业协会理事长、高级养蜂畜牧师、高级技师"中[MASK]位置的文本是：	、山东省蜂业协会
"”A:[MASK]的老婆叫李白"中[MASK]位置的文本是：	听说撒贝宁
"《神龙诀之琴箫剑》是谢紫梦创作的网络小说[MASK]于17K小说网"中[MASK]位置的文本是：	，发表
"《瞬》是由谢春花作词、[MASK]，发行于2016年06月21日1"中[MASK]位置的文本是：	作曲并演唱的歌曲，收录在专辑《算云烟》中
"三首新歌具有相当高的可听性，尤其以李宗盛作词作曲的《爱的进行式》，成为了陈淑桦全新的标志性曲目，用一种相对从容的[MASK]与无奈表达了出来"中[MASK]位置的文本是：	方式，在淡淡的忧伤里面将那份失落
"第七单元【皇城[MASK]大结局杨怀民准备美国度假黄少祺大睡三天终于实现"中[MASK]位置的文本是：	龙虎斗】人物分集剧情幕后花絮“神机妙算刘伯温”精采
"陈为民，男，1957年10月生，汉族,江苏南京人[MASK]月参加工作"中[MASK]位置的文本是：	，中央党校大学学历，1983年4月加入中国共产党，1976年10
"作曲：杨振华1歌曲歌词已经[MASK]能够回头"中[MASK]位置的文本是：	到了时候　再也不
"这个身材高挑、外形靓丽的姑娘，2000年因在赵宝刚执导[MASK]而成名"中[MASK]位置的文本是：	的《像雾像雨又像风》中饰演卖花女安琪
"除了小品之外[MASK]妮妮》 那对夫妻《空空如也》 胡66《说散就散》 JC《无法说爱》 韩东君《童话镇》 陈一发《暧昧》 薛之谦《再也没有》 耿斯汉《告白气球》 周杰伦《爱的就是你》 刘佳《全部都是你》Cloud Wang大牌云集，跨界演绎，魔术精彩，歌曲动听，小品爆笑，甚至有人说，昨晚的元宵喜乐会已经可以超越央视春晚，对此你怎么看呢"中[MASK]位置的文本是：	，今年元宵喜乐会也有很多歌曲串烧，给人耳目一新的感觉，其中《2018情歌王》串烧中，就将下面这些歌曲融为一体，无缝衔接：《追光者》 汪苏泷《
"还有等等等等好多好多的好作者，[MASK]可以去看看的墨香铜臭的《魔道祖师》强推"中[MASK]位置的文本是：	原谅我记不清了QAQ都
"《当我想起你》是由林敏骢作词、作曲，王双骏编曲，杨千嬅、余文乐[MASK]，发行于2017年04月24日"中[MASK]位置的文本是：	演唱的一首歌曲
"长白山火山监测站[MASK]镇，占地面积11000平方米"中[MASK]位置的文本是：	位于吉林省安图县二道白河
"歌词林忆莲[MASK]- 只要珍惜"中[MASK]位置的文本是：	 
"[摘要]近日，由刘俊杰执导，刘烨、林依晨、雷[MASK]日（3月4日）爱奇艺全网首播"中[MASK]位置的文本是：	佳音、胡先煦、郭姝彤、李建义等主演的电视剧《老男孩》正式宣布定档本周
"周边环境八卦洲位于北纬30°10、东经118[MASK]，全年降雨量为1000~1100mm，降雨过程多发生6月至9月，全年无霜期为237天，全年平均温度为15"中[MASK]位置的文本是：	°49，属亚热带季风气候区，四季分明，气候温和湿润，雨量集中
"铁翼惊情由戚其义监及[MASK]、郭羡妮、林保怡、陈曼娜、黄佩霞及任港秀等"中[MASK]位置的文本是：	执导的电视剧，大部分主要演员有邵美琪
"斑楔透翅盲蝽属于动物界[MASK]半翅目异翅亚目"中[MASK]位置的文本是：	，
"对能贴上才华横溢这个极具赞美意味的标签的黄磊来说这点儿的小成就肯定不会满足，就在他决定任教北影的同年黄磊又开始玩起了音乐[MASK]同名专辑《似水年华》，成绩斐然，但是黄磊老师也是一位重情重义的人，因为自己音乐的领路人陈志远去世了所以封麦"中[MASK]位置的文本是：	，发行了自己的第一张音乐专辑《边走边唱》，随后又发行了电视剧
"《[MASK]《如果蜗牛有爱情》的推广曲，由丁墨作词，于子将作曲及演唱1"中[MASK]位置的文本是：	蜗牛行》是电视剧
"在2015年3月8[MASK]婚礼"中[MASK]位置的文本是：	日，喻恩泰与史林子在京举行
"北京师范大学是中国最好的师范大学[MASK]的母校"中[MASK]位置的文本是：	，是诺贝尔文学奖得主莫言
"《还是不能失去你》是内地歌手陈娟儿演唱的[MASK]内地制作人龙奔作词作曲，2013年3月19日发行1"中[MASK]位置的文本是：	歌曲由
"艾克·[MASK]演员，主要作品有《中央情报局》、《自杀小队》等"中[MASK]位置的文本是：	拜瑞豪兹，编剧、
"[MASK]一路繁花相送》将在东方卫视、江苏卫视首轮播出，芒果TV、腾讯视频、爱奇艺、优酷视频、PPTV等网络平台播出"中[MASK]位置的文本是：	2018年2月7日，钟汉良的新作《
"生世资料[MASK]汉族，1930年生于山东省东营市广饶县大码头村"中[MASK]位置的文本是：	许俊三（1930--），男，
"年起，李贵辉和他的绿丹兰就开始走上抓住最后一根稻草的努力，不过，他们走在了错误的方向上，并导致[MASK]公司被传企图通过开展非法传销来吸纳资金，以清空积压产品"中[MASK]位置的文本是：	最后的没落－－首先是
"[MASK]隆回人，1972年生，汉族"中[MASK]位置的文本是：	欧阳恩钱，湖南
"维客集团股份有限公司[MASK]业的大型商业企业，涉足零售连锁、金融投资等经营领域，是中国服务业500强和山东省重点连锁发展企业"中[MASK]位置的文本是：	是一家以零售连锁为主
"《貂蝉》由[MASK]张敏和吕良伟等主演的古装剧情片"中[MASK]位置的文本是：	陈家林导演，由香港著名演员
"鸥科（学名：Laridae）[MASK] 鸥形目中的一个科"中[MASK]位置的文本是：	，在动物分类学上是鸟纲
"卡迪琳娜毕业于中央戏剧学院表演系[MASK]、驾车、游泳等"中[MASK]位置的文本是：	，特长表演、唱歌、跳舞
"6幕后花絮《我家有喜[MASK]"中[MASK]位置的文本是：	》万茜李佳航上演神雕侠侣
"《影视人类学原理》是2007[MASK]云南大学出版社出版的图书"中[MASK]位置的文本是：	年
"《Adobe [MASK]1日人民邮电出版社出版的图书，作者是Adobe公司"中[MASK]位置的文本是：	InDesign CS5中文版经典教程》是2011年1月
"《东京大空袭》日本电视台于2008年3月17日-[MASK]会在剧中展开壹段悲恋"中[MASK]位置的文本是：	18日间播出的电视剧，由堀北真希及藤原龙也主演，两人将
"《帝王独宠：朕的皇后要逆天》是[MASK]一部言情类小说，作者是韩星辰"中[MASK]位置的文本是：	在好123小说网连载的
"感觉刘涛太卑微了，和佟丽娅[MASK]老公，但是如果王珂真的背叛刘涛了呢"中[MASK]位置的文本是：	一样始终向着自己的
"倪本毅，字复山，[MASK]"中[MASK]位置的文本是：	开泰人
"斑刺莺是雀形目、剌嘴莺科的一种动物，分布于澳大利亚和新西兰，包括澳大利亚、新西兰、[MASK]"中[MASK]位置的文本是：	塔斯马尼亚及其附近的岛屿
"歌曲介绍春寒料峭的三月，歌坛新秀郭欢录制完成了2012年的最新歌曲[MASK]"中[MASK]位置的文本是：	《雪花飘落的时候》
"第二位古天乐，《神雕侠侣》里面杨过的乞丐装扮[MASK]爱，演绎除了别的版本没有的深情与智慧"中[MASK]位置的文本是：	，痴傻呆萌，这个版本的杨过是我个人的最
"1986年，与平鑫涛成立怡人传播公司，进军电视业界，推出30集[MASK]台湾首播之后引起巨大反响13"中[MASK]位置的文本是：	电视连续剧《几度夕阳红》12，这是首部由琼瑶小说改编的电视剧，1986年初在
"《思念飞花》是网络剧《愉此一生》的[MASK]作曲，晏紫东演唱"中[MASK]位置的文本是：	片尾曲，由陈鹏作词，周星羽
"《蓝兰岛漂流记》改编自藤代健创作的漫画，是[MASK]作品，于2007年4月4日播出，共26集"中[MASK]位置的文本是：	东京电视台制作放送的一部日本动画
"作者介绍菁卿，女，潇湘书院原创小说写手，写有很多优秀作品，她所[MASK]爱偷欢》搞怪，轻松，文笔大方"中[MASK]位置的文本是：	著的《丫鬟
"陈乔恩主演的《命中注定[MASK]》：命中注定的爱"中[MASK]位置的文本是：	我爱你
"2011-2020年[MASK]运营服务提供商，自2001年成立以来，公司披荆斩棘，不断发展，其发展历程可以总结入下：海康威视十七年发展历程纵观海康威视十年发展历程，公司经历了三次转型过程，逐步成为今天的安防巨头"中[MASK]位置的文本是：	全球安防行业市场规模（亿美元）2011-2016年国内安防行业市场规模（亿元）公司主营业务分析海康威视的发展历程海康威视是以视频为核心的物联网解决方案和数据
"人物妮可·[MASK]）于1944年出生在法国巴黎，是巴黎第六大学和巴黎综合理工学院的教授"中[MASK]位置的文本是：	厄尔·卡露伊（法文：Nicole El Karoui
"《周游》是陈粒[MASK]"中[MASK]位置的文本是：	演唱的一首歌曲1
"《马克思恩格斯文集（第九卷）[MASK]人民出版社出版的图书，作者是卡尔·马克思、弗里德里希·恩格斯"中[MASK]位置的文本是：	》是2009年
"《联盒圀》是由土豆网和大象传媒、张小盒盒成动漫、东娱传媒等公司[MASK]既呆萌又暗黑的超能英雄微剧"中[MASK]位置的文本是：	联合出品的国内第一部真人+动画结合的魔幻现实主义题材黑色喜剧，也是互联网史上第一部
"《猎世[MASK]一部异界大陆类小说，作者是赖小帅"中[MASK]位置的文本是：	计划》是在纵横中文网连载的
"苹果公司由史蒂夫·乔布斯、斯蒂夫·沃兹尼亚克和Ron Wayne在1976年4月1日[MASK]而闻名"中[MASK]位置的文本是：	创立，在高科技企业中以创新
"薛欣，女[MASK]月出生于辽宁省沈阳市"中[MASK]位置的文本是：	，1973年2
"我会爱你一辈子1，是歌手刘转亮专辑《结婚纪念日》2[MASK]月27日发行"中[MASK]位置的文本是：	的所属曲目，此专辑由欧乐文化与2013年11
"常州市迈特电器有限公司于2003年01月16日在常州市武进区[MASK]监督管理局登记成立"中[MASK]位置的文本是：	市场
"《[MASK]的一部仙侠小说，作者是樟树佬"中[MASK]位置的文本是：	鸿运滔天 1》是连载于起点中文网
"、闵柔对石中玉好生失望，似毕竟是[MASK]孩子，你过来"中[MASK]位置的文本是：	自己亲生的孩子，向他招招手，柔声道：“
"《战前》是[MASK]的网络小说，发表于17K小说网"中[MASK]位置的文本是：	洛鲟创作
"由腾讯视频、欢瑞世纪影视传媒股份有限公司联合出品，当红花旦杨幂首次[MASK]电视节期间举行了定档发布会"中[MASK]位置的文本是：	担任制片人兼主演的互联网独播大剧《微时代》，6月13日在上海
"《都市异能之鬼针侠医》[MASK]起点中文网连载的一部都市小说（类型）作品"中[MASK]位置的文本是：	在
"上次作曲[MASK]曲人:林润明始终想不起"中[MASK]位置的文本是：	人:林润明填词人:林夕编
"《史林遗痕》是2010年由兰州大学出版社出版[MASK]作者是孙玉良"中[MASK]位置的文本是：	，
"《商业英语第一册[MASK]出版的图书，作者是本书编写组"中[MASK]位置的文本是：	》是1996年对外经济贸易大学出版社
"2、霍光辅昭帝汉武帝多年培养的太子因为巫蛊案遇害后，几经选择[MASK]夫人之子刘弗陵，是为汉昭帝，武帝令霍去病的弟弟霍光辅政，霍光辅佐昭宣二帝开创一代盛世，除了霍光死后家族被灭，此次托孤尚算完美"中[MASK]位置的文本是：	，他决定传位于钩弋
"豆腹凹腹鳕，[MASK]鳕形目"中[MASK]位置的文本是：	长尾鳕亚目，
"北京京昊能源科技[MASK]2003年09月16日在海淀分局登记成立"中[MASK]位置的文本是：	有限公司于
"07年以后我们没有了朴树的消息，偶尔有他要出新专辑的消息传出，但都是空欢喜一场，我们还期待朴树，那个抱着[MASK]》的朴树，时而忧郁时而悲伤"中[MASK]位置的文本是：	吉他唱《白桦林》和《那些花儿
"马聚贤，生于[MASK]河南美术出版社编审，洛阳书画院理事，台北艺术家协会会员"中[MASK]位置的文本是：	1970年，庄周故里人，中国美术家协会会员，
"《穿越到[MASK]网络小说，发表于17K小说网"中[MASK]位置的文本是：	古代当王妃》是暗夜公主创作的
"《深梦》是严艺丹演唱的歌曲[MASK]作词，严艺丹作曲"中[MASK]位置的文本是：	，由李聪
"北京均友欣业科技有限公司于2001[MASK]在朝阳分局登记成立"中[MASK]位置的文本是：	年03月14日
"韩国导演李俊益[MASK]喜欢的作品就是《霸王别姬》，张国荣在电影里的精湛的演技让我感动54"中[MASK]位置的文本是：	：陈凯歌导演虽然有很多作品，但是我最
"斑翅鹦鹉是一种鹦形目、鹦鹉科类生物，外表相当可爱，体形[MASK]、易乖驯、聪明"中[MASK]位置的文本是：	在20cm左右，个性大胆不怕人
"创作背景在《我是歌手4》[MASK]的关注，感谢粉丝之余，更是发行单曲《中国姑娘》献唱母亲"中[MASK]位置的文本是：	的舞台上，金志文收获了很多
"曾制作过《铁齿铜牙纪晓岚》等多部影视作品的著名制片人边晓军和有资深影视经验的张慧玲共同担任该片的总制片人，并邀周润发和杜琪峰的同班同学、曾执导《倚天屠龙记》等众多热播剧的资深香港导演赖水清，及台湾女星陈莎莉、大陆演员黄海波、潘粤明、舒砚等，共同打造新版《情义无价》边晓军表示，选择翻拍《情义无价》的时间有着特殊意义[MASK]道德观"中[MASK]位置的文本是：	，“在四川汶川特大地震后，我们能更加感受到‘情义重于一切’是中国人不可缺失的传统
"4气候[MASK]镇属亚热带湿润季风气候，年均气温17"中[MASK]位置的文本是：	云龙
"夏尔·[MASK]18日－1922年5月18日）是一位法国医师"中[MASK]位置的文本是：	路易·阿方斯·拉韦朗（法语：CharlesLouisAlphonseLaveran，1845年6月
"沈阳方业环保科技有限公司[MASK]为主，集科工贸为一体的集团公司"中[MASK]位置的文本是：	成立于1992年，是一个以环保业
"[MASK]而她凭借自己出色的演技一次次斩获得第43届戛纳国际电影节布努埃尔特别奖、第46届戛纳国际电影节金棕榈奖、47届戛纳国际电影节评委会大奖等奖项，她是首位在欧洲三大国际电影节上担任评委会主席的华人，是我们的骄傲"中[MASK]位置的文本是：	巩俐，曾经她是和张艺谋合作次数最多的演员，《红高粱》、《菊豆》、《大红灯笼高高挂》等等，
"由钱雁秋执导的大型武侠[MASK]剧《秋官课院之狄仁杰浮世传奇》正在热拍中"中[MASK]位置的文本是：	悬疑推理
"《今生今世》[MASK]演唱的歌曲，收录于专辑《张国荣跨越97演唱会_A》中"中[MASK]位置的文本是：	是张国荣
"绣毛风[MASK]菊目菊科植物"中[MASK]位置的文本是：	毛菊，
"谢家驹[MASK] 月，副教授，硕士生导师"中[MASK]位置的文本是：	，出生于 1948 年 3
"《枫的季节》是焦渊2013年[MASK]新部落》中的歌曲1，歌词富有古风诗意，意境悠远"中[MASK]位置的文本是：	10月发行《
"[MASK]的一首歌曲，由周杰伦作曲，方文山填词，收录在周杰伦2003年发行的专辑《叶惠美》中"中[MASK]位置的文本是：	《双刀》是周杰伦演唱
"《爱的霸道》是内地女歌手吴婷最新专辑[MASK]专辑其中的一首新歌"中[MASK]位置的文本是：	《开始爱上你》
"中文名：粗鳍魮英文名[MASK] 目：鲤形目  纲：辐鳍鱼纲(条鳍鱼)形态特征口常能伸缩，无齿"中[MASK]位置的文本是：	：Barbustrachypterus  科：鲤科 
"宋慧乔丰富的人生很是美丽，从2000年的《蓝色生死恋》到和宋仲基爱情的见证《太阳的后裔》，这些韩剧也一定程度上见证了乔妹的人生[MASK]的新光彩"中[MASK]位置的文本是：	变迁，宋仲基在宋慧乔年逾30的时候让她再次释放出了人生
"黄山鲁也是个登山休闲的好去处，园内道路总长13公里，其中进山道路11公里，登山步行径2公里，[MASK]主峰，俯瞰南沙全景和狮子洋出海口壮美的画卷"中[MASK]位置的文本是：	市民可徒步走上黄山鲁森林公园的最高峰，也可在白水湖环湖绿道上骑行单车，登上海拔295米的
"2016年1月29日，黄景瑜主演[MASK]饰演了忠诚强势的顾海，从而步入演艺圈"中[MASK]位置的文本是：	的网络剧《上瘾》播出，他在剧中
"《旋风少女第二季》是根据明晓溪同名小说改编，由芒果[MASK]安悦溪、谭松韵、吴磊、郭俊辰等联袂主演的青春励志剧"中[MASK]位置的文本是：	影视文化有限公司、上海观达影视文化有限公司联合出品，成志超执导，明晓溪、李雷编剧，池昌旭、陈翔、
"《梦三国之异界逍遥[MASK]的网络小说，发表于17K小说网"中[MASK]位置的文本是：	》是悲催的骷髅创作
"[MASK]何伟、储智博联合执导的历史传记剧《周恩来的四个昼夜》，获得第29届中国电影金鸡奖最佳影片奖，陈力凭借此片获得第15届中国电影华表奖优秀导演奖151617"中[MASK]位置的文本是：	2013年，执导由孙维民、
"”低调的“小邓书记”公开资料显示，2007年，22岁的邓卓棣从北大毕业[MASK]过一段时间"中[MASK]位置的文本是：	后，到美国杜克大学学习一年，获得法学硕士学位，此后在美国伟凯律师事务所工作
"第三[MASK]，大理开国皇帝"中[MASK]位置的文本是：	：段思平
"《中西医结合男科治疗学》是2003年人民[MASK]出版的图书，作者是郭军、常德贵"中[MASK]位置的文本是：	军医出版社
"吴炜，男，汉族，1978年出生[MASK]三台县"中[MASK]位置的文本是：	，祖籍四川省
"吉尔伯特·泰勒（1914年4月12日-2013年8月23日），这位伟大摄影师一生为多部影片掌镜效力，而其中最著名的要数与乔治·卢卡斯合作的《星球大战》、以及[MASK]，他与罗曼·波兰斯基也合作甚密，由波兰斯基执导，凯瑟琳·德纳芙主演的《冷血惊魂》，以及《荒岛惊魂》、《麦克白》、波兰斯基编剧的《海滩一日》都由泰勒担纲摄影指导"中[MASK]位置的文本是：	斯坦利·库布里克的《奇爱博士》。除此之外
"在1990年[MASK]》中龚慈恩一人分饰程灵素和冰雪儿两个角色，成为她演艺生涯上的代表的角色"中[MASK]位置的文本是：	版本的《雪山飞狐
"刘和平，1953年出生于[MASK]邵东"中[MASK]位置的文本是：	湖南衡阳，祖籍湖南
"（盗用了一下微博上[MASK]觉得是对不起动漫党的，改编自晓佳奈的同名小说，由石立太一担任导演，京都动画担任制作"中[MASK]位置的文本是：	的图）首先，《紫罗兰永恒花园》不上榜我
"据TNS韩国[MASK]月14日播出的《蓝鱼》第三集达到全国7"中[MASK]位置的文本是：	媒介调查，2007年4
"人物生平[MASK]鲁班是孙权和步练师的长女"中[MASK]位置的文本是：	初嫁周循孙
"《千年之爱》是韩国SBS电视台于2003年3月22日播出的穿越剧，由李冠熙执导，金基浩，李善美编剧，[MASK]、金南镇主演"中[MASK]位置的文本是：	成宥利、苏志燮
"日剧《初恋》由TBS出品，导演生野慈朗、今井夏木、松原浩联合执导，由擅长演出内心[MASK]和新生代人气偶像深田恭子、池内博之主演"中[MASK]位置的文本是：	戏的渡部笃郎
"爱情不是唯一话题浓浓闺蜜情也会永恒和唯一从《闺蜜》到《闺蜜2》，无法绕过的是迄今香港票房最高的女性导演黄真真[MASK]创作，在她的电影里，观众总能看到形形色色又宛若邻友的女人们，特别却不特例，亲切细腻的人物刻画也总能悄然声息的走入每一个人的内心"中[MASK]位置的文本是：	，从《女人那话儿》、《六楼后座》、《分手说爱你》、《女人本色》、《倾城之泪》、《被偷走的那五年》到《闺蜜》系列，黄真真一直擅长女性题材的
"2012年9月17日，在法国杂志刊登英国凯特王妃半裸照之后，威廉王子表示，[MASK]王妃"中[MASK]位置的文本是：	这件事让他想起15年前去世的母亲戴安娜
"内容[MASK]教授的一本论文与随笔集，分为学术专论、杂评、彼岸随想三个部分"中[MASK]位置的文本是：	介绍《在法学与文学之间的30年》是我国著名法学家徐国栋
"《牛头怪物[MASK]执导的一部恐怖片"中[MASK]位置的文本是：	》是乔纳森·英格利西
"亚红斑芋螺是一种新腹足目、芋螺科类生物，贝壳坚固，通常呈倒圆锥形，螺旋部低平[MASK]"中[MASK]位置的文本是：	，体螺层高大
"[MASK]年11月15日在福州市市场监督管理局登记成立"中[MASK]位置的文本是：	福建腾龙鞋业有限公司于2004
"薛姨妈，古典小说《红楼梦》中的人物，薛蟠[MASK]"中[MASK]位置的文本是：	和薛宝钗之母，王夫人之妹
"中华松干蚧（Matsucoccus sinensis）是动物界、节肢动物门、[MASK]、松干蚧属的一种"中[MASK]位置的文本是：	有颚亚门、六足总纲、昆虫纲、有翅亚纲、同翅目、蚧总科、硕蚧科
"《网王之吾纯慕景》是由作者[MASK]文学城"中[MASK]位置的文本是：	寂月星编写的连载小说，连载网站：晋江
"由著名导演[MASK]、傅淼、许瑶璇等联合主演的电视剧《我的父亲我的兵》正在央视八套热播"中[MASK]位置的文本是：	杜军执导，实力派演员张一山、刘威
"丁金朝，男[MASK]7月4日出生，福建省晋江市人，中共党员"中[MASK]位置的文本是：	，回族，1948年
"王晓刚，毕业于华东师范大学，于[MASK]管理师（城轨车站）》专业的职业等级开发，培训方案策划，培训计划制定，考核方案等"中[MASK]位置的文本是：	上海轨道交通培训中心任职，多年轨道交通行业设备工作经验，主要负责国内唯一劳动和社会保障局《智能楼宇
"少小成名的李小璐向妈妈提出[MASK]的表演事业没有很好的发展，就回美国念书”，这样的话很像是偶像剧里孩子和父母说的，不过李小璐说得掷地有声"中[MASK]位置的文本是：	回国发展，张伟欣起初不同意，但李小璐甩下一句话“如果25岁以前在中国
"石猴典故孙悟空是中国明代[MASK]吴承恩的著作《西游记》中的角色之一"中[MASK]位置的文本是：	小说家
"《2007年[MASK]》是2007年中国检察出版社出版的书籍"中[MASK]位置的文本是：	国家司法考试考点精讲6：民法
"理化测试及质检技术专业是一门技术，专业代码为580208，培养目标为[MASK]产品进行理化测试、工业分析技术、产品质量检测与企业质量管理工作的高级技术应用性专门人才"中[MASK]位置的文本是：	培养具有各类测试设备的使用操作能力，从事对
"不过近日杨幂身着白色连衣裙、戴黑帽、[MASK]女儿“小糯米”"中[MASK]位置的文本是：	面架黑超紧跟老公刘恺威身后据悉两人返港去看
"山西省银行业协会是于2006年12月5日经山西省民政厅登记注册的非营利性社会团体法人，是山西省内银行机构自愿[MASK]活动的行业自律组织"中[MASK]位置的文本是：	组成、为实现共同意愿、按照其章程开展
"让家溪乡学校位于溆浦县的北部，与安化、沅陵两县交界，座落在怀化市最高峰的圣人山脚下[MASK]"中[MASK]位置的文本是：	，占地面积5600m，建筑面积3500m,距县城40余公里，乡级水泥公路直通学校大门，交通便利
"陈文华，[MASK]生于福建省厦门市，1958年毕业于厦门大学历史系"中[MASK]位置的文本是：	1935年出
"《今日说法》是由中央电视台综合频道推出[MASK]经蓓、撒贝宁、路一鸣、元元主持"中[MASK]位置的文本是：	的日播法制栏目，由
"孟珙再次担起重任，统领南宋两大战场（南宋四大战区：川蜀、荆襄（又称京湖）、淮西、淮东），率领宋军浴血奋战，全力抵抗横扫欧亚的蒙古铁骑[MASK]"中[MASK]位置的文本是：	，确保南宋挺过了宋蒙战争的前十余年
"高俊红，女，汉族，1964年11月出生，[MASK]，原闻喜县委常委、宣传部长"中[MASK]位置的文本是：	闻喜石门人
"3MV疑侵权近日，内地创作才女阿悄推出了全新[MASK]歌曲《沙话》的音乐录影带"中[MASK]位置的文本是：	创作专辑《莎话》中的主打
"杨若威，男，汉族[MASK]规划局调研员"中[MASK]位置的文本是：	，现任石家庄市城乡
"[MASK]导演，秦剑编剧的一部电影"中[MASK]位置的文本是：	《花落红楼》是由吴回
"蔡依林是台湾著名歌手，发行[MASK]，如《日不落》、《倒带》等，她长得很漂亮，在颜值上有很大优势的她也有着很高的音乐天赋，曾经风靡一时，就连现在也有很多人喜欢她的歌声"中[MASK]位置的文本是：	过很多张专辑，有很多音乐作品
"弗兰克·普伦普顿·拉姆齐（Frank Plumpton Ramsey，1903年2月22日－1930年1月19日，英语发音[fɹ[MASK]plʌmtən ˈɹæmzi]），英国数学家、哲学家兼经济学家"中[MASK]位置的文本是：	æŋk ˈ
"网络自制剧我倒是看过好多部，比如爱奇艺出品的《灵魂摆渡》，今天刚看了一部搜狐自制的《无法拥抱的你》，其实[MASK]剧情紧凑，情节跌宕起伏，不像一般的电视剧拖拖拉拉，给你来个四五十集的，有的时候前面看了一部分，看着看着就会觉得前面讲的是什么都忘了"中[MASK]位置的文本是：	我喜欢看《灵魂摆渡》主要是这部电视剧
"董培勤（1948—），汉族，山西省平遥县人，[MASK]学士学位"中[MASK]位置的文本是：	1982年毕业于兰州西北师范大学中文系，获文学
"1肖智慧，男，汉族，1983年7月生，籍贯湖南省新邵县，2006年7月参加工作，2011年7月加入[MASK]国土资源局规划股科员，拟提拔担任副科长级领导职务"中[MASK]位置的文本是：	中国共产党，湖南农业大学资源与环境学院土地资源管理专业毕业，大学学历，管理学学士，现任武鸣县
"此举看似“迫不及待”，实则证明了《侏罗纪世界》这个IP的吸金能力以及环球自己对其的信心[MASK]，全球总票房超过16.7亿美元，表现非常优秀，早早地规划续集也在情理之中"中[MASK]位置的文本是：	：作为“侏罗纪公园”三部曲的重启版，《侏罗纪世界》第一部2015年上映时北美票房高达6.52亿美元
"《警花与警犬之再上征程》是国爱传媒、强视传媒、海星传媒、世纪[MASK]侯明杰执导，于和伟、侯梦莎领衔主演1"中[MASK]位置的文本是：	天中、中艺博悦联合出品的公安青春励志剧，由
"《晴天》—— 周杰伦《有何不可》——许嵩《红色高跟鞋》—— 蔡健雅《柳树下》—— 徐佳莹 /谢和铉《园游会》—— 周杰伦《豆浆油条》—— 林俊杰《春风十里》[MASK]陈一发儿《告白气球》—— 周杰伦"中[MASK]位置的文本是：	—— 鹿先森乐队《咖喱咖喱》—— 牛奶咖啡《童话镇》—— 
"王中，男，汉族，[MASK]年7月参加工作，1984年5月加入中国共产党"中[MASK]位置的文本是：	1962年7月出生，山东文登人，山东省委党校研究生，工学学士，1985
"说到谢贤，[MASK]，前妻是狄波拉，儿子是谢霆锋，前儿媳是张柏芝，现在准儿媳是王菲，都是圈中一线明星"中[MASK]位置的文本是：	大家都不陌生，其一家人在娱乐圈的声望都比较高
"《单簧管教学典选》[MASK]出版的图书"中[MASK]位置的文本是：	是1997年6月由中央民族大学出版社
"广州康朝药业有限公司是一家集[MASK]的新型医药企业，已通过GSP认证，成立于2002年10月"中[MASK]位置的文本是：	药品研发、生产及销售为一体
"《母亲是一种岁月》是[MASK]图书，作者是张建星"中[MASK]位置的文本是：	1999年作家出版社出版的
"6.岳飞岳飞（1103年3月24日－1142年1月27日），字鹏举，汉族民族英雄，今河南相州汤阴（今河南安阳市汤阴县）永和乡孝悌里人[MASK]、南宋时期的抗金名将"中[MASK]位置的文本是：	，中国历史上著名战略家、军事家、民族英雄
"凭借《媳妇的[MASK]女婿”，黄海波并没有帅气的外表，在电视剧中所凭借的只是自己实力，憨厚真实的外表，实力派实至名归"中[MASK]位置的文本是：	美好时代》《咱们结婚吧》的家庭剧，更被大家所熟知并称为“国民
"姓名：罗伯托·卡洛斯·索萨英文名：Roberto Sosa生日：1975-[MASK]阿根廷"中[MASK]位置的文本是：	2-24场上位置：前锋所属球队：格纳斯亚足球俱乐部国籍：
"《抗日烽火铸英魂--盘山烈士陵园》是由1998[MASK]"中[MASK]位置的文本是：	年11月在中国大百科全书出版社出版社出版的图书
"《大路传说》是[MASK]作者是岚澜"中[MASK]位置的文本是：	在起点中文网连载的小说，
"余男1976年9月5[MASK]辽宁大连，中国电影女演员，北京电影学院表演系毕业"中[MASK]位置的文本是：	日出生于
"”  除了张智峰的篮球员背景，身高171公分的严立婷也曾[MASK]当初就是看球认识，也算张智峰的头号粉丝，昨婚礼现场以篮球运动风为主题布置"中[MASK]位置的文本是：	是台北商专篮球校队，两人志趣相同，她
"[MASK]，黑龙江省哈尔滨市宾县宁远镇曲家屯人"中[MASK]位置的文本是：	简介孙延宇
"《不如跳舞》是由林夕作词，雷颂德作曲，陈慧琳演唱的一首歌曲，该曲收录于陈慧琳2000年发行的第13张个人音乐专辑《花花宇宙》，后又收录在[MASK]国语专辑《飞吧》中"中[MASK]位置的文本是：	陈慧琳2001年发行的
"全球半导体市场经历了从日本到美国的[MASK]、日立、富士通、三菱、松下等均位列全球营收前十"中[MASK]位置的文本是：	产业转移：1980s，日本半导体市场占全球份额超40%， NEC、东芝
"林帝佑，斗门五山镇人（今珠海市斗门区[MASK]起义军领袖黄萧养反抗朝廷"中[MASK]位置的文本是：	五山镇），明朝正统年间随广东农民
"英种天竺鼠（Britain Guinea Pig）在动物学的分类是哺乳纲啮齿目豚鼠科豚鼠属[MASK]多样"中[MASK]位置的文本是：	，又名豚鼠、葵鼠、荷兰猪、几内亚猪，不同毛色的英种天竺鼠杂交后被毛颜色
"《南柯一梦》是陈小云的音乐作品，收录在[MASK]专辑中"中[MASK]位置的文本是：	《单身贵族》
"安吉被郭德纲调侃“[MASK]沙溢与胡可的儿子安吉，和另一位萌娃阿拉蕾获得了“年度超萌宝贝”奖，而郭德纲作为颁奖嘉宾，居然调侃安吉是他和胡可的儿子"中[MASK]位置的文本是：	我是你爸爸”　　举个典型的例子，在一次颁奖盛典上，
"何军，男，壮族，1957年7月生，广西大新人，1986年11月加入中国共产党，1974年7月参加工作，[MASK]"中[MASK]位置的文本是：	广西师范大学政治系政治专业毕业，大学学历，法学学士，助理研究员（社会科学）
"边桥谜案[MASK]，由黛安·克鲁格，德米安·比齐尔主演"中[MASK]位置的文本是：	第二季是由Gerardo Naranjo执导的悬疑类电视剧
"[MASK]属于亚热带季风气候"中[MASK]位置的文本是：	4气候桥头镇
"冯进军[MASK]女，1958 年出生，大学本科"中[MASK]位置的文本是：	，
"《罪青春之青春无悔》是绝世[MASK]的网络小说，发表于17K小说网"中[MASK]位置的文本是：	涛少创作
"虽然在那时蒋劲夫的明星还不是很大[MASK]”，所以在蒋劲夫签约唐人之后就出演了电视剧《轩辕剑之天之痕》的男主"中[MASK]位置的文本是：	，但是却被唐人看中了，唐人当时可能是认为蒋劲夫会成为第二个“胡歌
"《青春尾羽》是清纯冰的一部网络小说，[MASK]于17k小说网"中[MASK]位置的文本是：	连载
"猛架村隶属于贵州省普定县猴场乡，地处普定东北部，坐落于美丽的引子渡湖畔，距猴场乡政府驻地13.5公里，普定县城43公里，安顺市区29公里，全村面积5.8平方公里，有水田1050亩，旱地650亩，全村总人口358户1580人[MASK]占总人口的55%、是猴场乡唯一的仡佬族聚居村"中[MASK]位置的文本是：	，其中仡佬族人口850人，
"谈到感情，聂远有过两段婚姻，他的前妻名叫王惠[MASK]张纪中版的《西游记》而相识"中[MASK]位置的文本是：	，两人拍摄
"个人简介赵荣莱，1954年毕业于浙江大学医学院，1964年参加北京市第二期西医学习中医班，自[MASK]北京中医医院工作，任副主任、主任医师"中[MASK]位置的文本是：	1966年至今在
"《很[MASK]是2016年9月发行的中文歌曲，由邱国新谱曲，彭清演唱"中[MASK]位置的文本是：	想你》
"云南助百行投资管理有限公司于2014年9月17[MASK]"中[MASK]位置的文本是：	日在盘龙区市场监督管理局登记成立
"艺术简介张雪刚，笔生居主人，1960年生于四川成都，自幼酷爱中国传统书画艺术，早年师从著名山水画家施云翔先生学习山水画，[MASK]画师，四川青年美术协会会员"中[MASK]位置的文本是：	88年毕业于首届中国书画函授大学，现为中国书画联谊会会员，四川西部画院理事，四川峨眉画院高级
"作品：《异世盗皇》《大道争锋》2人物形象主角张衍：原本在末日世界里苦苦挣扎了[MASK]营地撤退而意外死亡的张衍，却得以借体重生到了这个同名同姓的年轻人身上"中[MASK]位置的文本是：	七年之久，因为掩护
"湖南卫视热播都市情感剧《因为爱情有晴天》收视一直居高不下，[MASK]宝座"中[MASK]位置的文本是：	稳坐全国第一
"影片《剩女也疯狂》是导演艾伦·保尔的大[MASK]·安吉洛的大银幕处女作"中[MASK]位置的文本是：	银幕处女作，也是情景喜剧编剧凯特
"高圆圆曾带着老公赵又廷回河北唐山老家祭祖，两人毫无明星架子[MASK]高圆圆更是举起酒杯，频频向村民敬酒，宛若对待自己地家人"中[MASK]位置的文本是：	，同乡亲们亲切合影，说话，两人热情招待亲友，赵又廷举止绅士，还上台感谢相亲，
"第四位：邱礼涛，他被誉为是香港cult片宗师级人物，一部《八仙饭店之人肉叉烧包》不但[MASK]杀人犯电影类型，在其之后香港这种重口味类型影片如雨后春笋般涌出"中[MASK]位置的文本是：	把黄秋生送上了香港金像奖影帝，更是开创了香港变态
"梁昭贤说，一开始[MASK]无兴趣，但梁庆德却开始了对他的刻意培养"中[MASK]位置的文本是：	他对父亲的企业并
"《[MASK]是由华东师范大学出版社 2010年4月1日出版的一部图书，作者是佩特森(E"中[MASK]位置的文本是：	面向终末的美德：罗马书讲疏》
"《谁说女子不如男》[MASK]歌手牛欣欣演唱的歌曲，作词：常香玉，作曲：常香玉，改编：王义雄"中[MASK]位置的文本是：	是由著名童星
"李根泽（朝鲜语：이근택[MASK]），朝鲜王朝后期大臣，远支宗室，朝鲜日治时期的贵族，“乙巳五贼”之一"中[MASK]位置的文本是：	，1865年—1919年
"刘键，1969年8月出生，中共党员，现任山东艺术学院[MASK]俄罗斯艺术理论家联盟会员（圣彼得堡）"中[MASK]位置的文本是：	设计学院副教授，山东省美术家协会会员、欧美同学会留俄分会美术院校校友会（留俄美术家学会）会员、
"《你和我的倾城时光》该片改编自丁墨原创小说《你和我的倾城时光》，在[MASK]林浅，帮助了一个初出茅庐的富二代，两人相识、相知、相爱的故事"中[MASK]位置的文本是：	剧中赵丽颖饰演一个刚出校门、创业碰壁的都市白领——
"同年，维姆[MASK]德国，拍摄爱情奇幻片《欲望之翼》1"中[MASK]位置的文本是：	·文德斯回到
"《碧海深沉》是2006年上映的当代都市题材的电视剧，由何燕江执导，彭丹、[MASK]主演"中[MASK]位置的文本是：	马伊琍等
"侯应遴，[MASK]出生，字佐熙，号夷庚"中[MASK]位置的文本是：	万历二十七年(1599年)拔贡
"张志友，男，汉族，[MASK]2月出生，市委党校大专学历，1984年4月入党，1981年1月参加工作"中[MASK]位置的文本是：	天津宝坻人，1958年
"厦门和顺达股权投资[MASK]厦门市市场监督管理局登记成立"中[MASK]位置的文本是：	有限公司于2010年6月22日在
"《莱特兄弟》是张芸京演唱的一首歌曲，收录在2012年9月23日发行的专辑《小女孩》当中，由[MASK]"中[MASK]位置的文本是：	韦礼安作词作曲
"这部影片来自美国B级片大咖“昆汀·塔伦蒂诺”，是《杀死比尔》之后第二部以女性为主角的邪典电影， 而且[MASK]合拍的《刑房》中的上半部，两人用同样一个故事分别拍出一段故事"中[MASK]位置的文本是：	本片的女性化特征更为明显，甚至有影迷将其称为妇女之友电影：金刚不坏（死亡证据）这部影片原本是昆丁和好友罗伯特
"3导演心得鲁坚此前曾编剧、导演《红樱桃之谜》、《玫瑰余香》[MASK]》、《将军的选择》等电影作品"中[MASK]位置的文本是：	、《连环扣》、《不要和他约会》、《天使之吻
"[MASK]”，毅然与王蒙在1957年1月结婚，29岁时，随王蒙到新疆伊犁劳动改造"中[MASK]位置的文本是：	崔瑞芳坚信“王蒙是好人
"2005年，纳丽德设立“[MASK]资助家乡教育事业"中[MASK]位置的文本是：	育桂花”奖教奖学基金，
"《[MASK]》是陈秋霞的音乐作品，收录在《环球真经典系列之陈秋霞》专辑中"中[MASK]位置的文本是：	第二道彩虹
"柳州市普金丝绸有限公司于2002年03月28日在[MASK]"中[MASK]位置的文本是：	柳州市柳江区工商行政管理和质量技术监督局登记成立
"PHILIPS飞利浦(始于[MASK]，专注医疗保健/优质生活和照明领域的大型电子公司，荷兰皇家飞利浦公司)"中[MASK]位置的文本是：	1891年荷兰，享誉全球的跨国电子品牌
"《这个世界不看脸》[MASK]都市情感剧，由张鲁一、吴倩领衔主演的都市情感剧1"中[MASK]位置的文本是：	是曾丽珍执导的
"《穿越之妖媚[MASK]类小说，作者是葬礼梦"中[MASK]位置的文本是：	天下》是连载于17k小说网的穿越架空
"蔡依珊，蔡绿峰的小女儿，未出嫁前媒体对她的称呼是“红豆小公主”，现在媒体对她和称呼是[MASK]称呼是“小甜心”"中[MASK]位置的文本是：	“小连夫人”， 而夫家对她的
"《偶像》是由[MASK]的一首粤语歌曲，收录在1986年的专辑《当我想起你》中"中[MASK]位置的文本是：	潘源良作词、徐日勤作曲，陈百强演唱
"植村喜八郎，日本演员，1960年9月[MASK]主要作品有《名侦探柯南》、《金田一少年之事件簿》等"中[MASK]位置的文本是：	5日出生于日本大分县，
"《请你试着了解[MASK]流行情歌"中[MASK]位置的文本是：	我》是歌手潘美辰原唱的
"杨东涛，毕业于南京大学[MASK]全国MBA人力资源管理师资培训班讲师"中[MASK]位置的文本是：	，南京大学商学院教授，
"《看透你》[MASK]于晋江文学城"中[MASK]位置的文本是：	是newstart1234写的网络小说连载
"国药控股开封有限公司[MASK]国药控股股份有限公司的直属企业"中[MASK]位置的文本是：	成立于2003年10月28日，是
"北京天域九五电气有限公司于2013-05-24在通州分局[MASK]成立"中[MASK]位置的文本是：	登记
"《红色海狼》是湘中[MASK]小说网"中[MASK]位置的文本是：	剑客写的网络小说连载于17k
"刘恺威微博截图港媒报道大年初二当天，刘恺威与女儿“小糯米”以及刘丹夫妇，三代同堂吃开[MASK]笑笑说：“新年快乐，多谢"中[MASK]位置的文本是：	年饭，未见杨幂同行，下车时刘恺威见媒体在场一脸愕然，问到太太是否返港过年时他没有回答，只
"《[MASK]是梁咏琪演唱的歌曲，由陈镇川作词、EricKwok作曲"中[MASK]位置的文本是：	中意他》
"因此只花了两个小时，周杰伦就把[MASK]是周杰伦在录音室里配唱的即兴创作，灵感是来南拳妈妈的歌曲《牡丹江》"中[MASK]位置的文本是：	这首《发如雪》谱出曲来，而歌曲后段的“啦儿啦”段落，则
"《狱中家书：陀思妥耶夫斯基[MASK]年由辽宁教育出版社出版，作者是陀思妥耶夫斯基"中[MASK]位置的文本是：	散文集》是1998
"吕澎在《中国现代艺术史》中认为：“如果我们一定要为柏格森的[MASK]的"中[MASK]位置的文本是：	生命哲学在中国寻找一个形象陈述人，选择毛旭辉的艺术是不会过分牵强
"《中国传统结艺·典雅服饰结》是由岭南[MASK]是方永萍"中[MASK]位置的文本是：	美术出版社于2002年7月出版的图书，作者
"《伍佰吉他弹唱专集》是2004年蓝天出版社出版的图书，作者[MASK]"中[MASK]位置的文本是：	是孙海波
"[MASK]2009年6月8日成立，基地设在天津滨海国际机场"中[MASK]位置的文本是：	天津航空于
"[MASK]是一个集科、工贸为一体的综合性高新技术企业"中[MASK]位置的文本是：	重庆君翰科技有限公司成立于2004年，
"[MASK]晞、陈钰琪、李东学、周海媚、樊少皇、黑子、王德顺、杨明娜等联袂主演"中[MASK]位置的文本是：	《倚天屠龙记》根据金庸同名武侠小说改编，蒋家骏执导，曾舜
"二、书籍篇1、《看见》柴静著柴静不是一个特别优秀的记者[MASK]式采访”，有时候她感性的一面会让采访带上她个人的感情色彩"中[MASK]位置的文本是：	，她有着自己的人性和底线，这让她一度饱受争议，人们称她是“表演
"五莲山[MASK]平方公里，由五莲山、九仙山两景区组成，主峰海拔515.7米"中[MASK]位置的文本是：	风景名胜区，总面积68
"经营内容常州普嘉贝尔服饰[MASK]主营1-14岁儿童羽绒服"中[MASK]位置的文本是：	有限公司成立于2006年，是中国服装协会会员单位，
"NO.52001年李亚鹏版的《笑傲江湖》是由张纪中执导，小编本人并不怎么[MASK]李亚鹏的令狐冲还是可以的"中[MASK]位置的文本是：	喜欢这个版本，剧情和角色表现都很一般，还是港版的好看，但是
"大卫·吉斯[MASK]足球俱乐部 球场：约瑟夫·波锡克球场 所属国家：匈牙利 联赛级别：匈牙利足球甲级联赛"中[MASK]位置的文本是：	 名字：布达佩斯捍卫者足球俱乐部 英文名：Kispest Budapest Honved FC 国语译名：布达佩斯捍卫者
"陈[MASK]月出生，江西兴国人，1986年8月参加工作，1988年1月加入中国共产党，大学学历"中[MASK]位置的文本是：	金发，男，汉族，1965年8
"《梦银河》是由仁井谷俊[MASK]）演唱的歌曲"中[MASK]位置的文本是：	也填词，氷川きよし（冰川清志
"夏平，男，1963[MASK]研究生学历，硕士学位，高级经济师，现任江苏银行股份有限公司董事长、党委书记"中[MASK]位置的文本是：	年8月生，中共党员，在职
"《[MASK]，由季忠平作词作曲，收录在苏永康发行的同名专辑《爱一个人好难》中"中[MASK]位置的文本是：	爱一个人好难》是苏永康演唱的一首歌曲
"《音乐的颜色》是崔子格演唱的歌曲，收录在专辑《好男人都[MASK]》"中[MASK]位置的文本是：	死哪儿去了
"[MASK]粉蚧中文目名是同翅目，中文科名是粉蚧科"中[MASK]位置的文本是：	小蛇
"杜江和霍思燕这对夫妻，可以说刚开始谈的时候，就是女强男弱的状态，杜江2007年出道，而那时的霍思燕[MASK]风一样离去》等多部电视剧"中[MASK]位置的文本是：	已经小有名气，主演《少年天子》、《欢天喜地七仙女》、《像
"《达伊的大冒险37》是2008年青文出版社[MASK]稻田浩司"中[MASK]位置的文本是：	出版的图书，原作是三条陆，漫画创作是
"张卫-[MASK]《一万个舍不得》是庄心妍演唱，祁隆与乐晴作词，祁隆谱曲的一首歌曲，收录在庄心妍2013年3月15日发行的专辑《一万个舍不得》中"中[MASK]位置的文本是：	机器铃砍菜刀08:27来自莹盈影映庄心妍
"《网络应用工程教程SNA[MASK]2001年5月北京希望电子出版社出版的图书，作者马丁"中[MASK]位置的文本是：	 迁移到TCP/ IP》是
"如今也算是逆袭成功了吧都说张馨予走红是因为曝光与吴姓的床照，木木不[MASK]奖等，多部影片中也都有着很巨大的点评，演技也是我们认可的提起范冰冰，第一个想到的是“金锁”，提起李晨第一个想到的《北京爱情故事》，说起“人生大事”他们俩的人生大事应该是无穷无尽的话题吧，从两人的恋爱经历就可以看出"中[MASK]位置的文本是：	这么以为，80后的她也拍过不少电视剧呢，从标志出道的《大旗英雄传》到后来的《龙门飞甲》《河东狮吼Ⅱ》《精忠岳飞》《封神英雄榜》等，其间主演的《封神英雄榜》还入围第17届华鼎奖古装剧最佳女主角奖2011年SOHO盛典年度最佳新人奖，2013年取得新浪2012微博之夜年度最受重视情侣
"林冬生，男，汉族，1963年11月出生[MASK]参加工作，大学学历"中[MASK]位置的文本是：	，安徽含山人，1994年6月入党，1984年1月
"《基础[MASK]是2006年人民卫生出版社出版的图书，作者是李晓松"中[MASK]位置的文本是：	护理技术学习指导》
"丹尼斯·安德鲁·尼尔森[MASK]日出生于苏格兰阿伯丁郡（Aberdeenshire），菲拉瑟堡（Fraserburgh）,国籍为英联邦（UK）"中[MASK]位置的文本是：	（Dennis Andrew Nilsen），1945年11月23
"据《妈妈是超人》当中的一些情节，可以看出[MASK]实力宠妻，一手包揽家里所有的琐事"中[MASK]位置的文本是：	梅婷在家什么都不用干，曾剑于
"《丘逢甲交往录》是2004华中师范大学[MASK]是丘铸昌"中[MASK]位置的文本是：	出版社出版的图书，作者
"《千灵》是百度文学旗下纵横中文网签约作家夕良创作的一部[MASK]2014-08-02正式发布"中[MASK]位置的文本是：	异术超能小说，小说已于
"李健侯(1894～1950)原名宝忠，字健侯[MASK]读私塾，"中[MASK]位置的文本是：	，祖籍陕西米脂，生于四川，七岁
"此时距文成公主远嫁松赞干布，过去了140年，或许文成公主永远想不到，[MASK]如此短暂"中[MASK]位置的文本是：	和亲换来的和谐共处是
"有消息指出,心急[MASK]日前还一起到山上去拜四面佛,疑似就是为了求姻缘顺利"中[MASK]位置的文本是：	的谢霆锋为此找上妈妈狄波拉求助,
"Naspers 1915 年成立于[MASK]渔业、印刷媒体的传媒公司，目前在全球 130 多个国家拥有业务"中[MASK]位置的文本是：	南非开普敦，后来发展成了一个拥有电商、互联网金融、影视
"《盼你回眸》是[MASK]专辑《手足情深》中，由波丽佳音唱片于1996年02月01日发行"中[MASK]位置的文本是：	一首由方维珍作词、王杰作曲，江孝文编曲，歌手王杰演唱的一首流行歌曲，收录在
"黄锦泰，男，汉族，福建省永定县人，[MASK]出生，1985年8月参加工作，1992年11月加入中国共产党，本科学历，现任龙岩市经济贸易委员会党组成员、副主任"中[MASK]位置的文本是：	1965年6月
"#歌手华晨宇# 对于#华晨宇#的歌迷来说，这首《我管你》早已经烂熟于心，但这[MASK]面临的赞赏和争议往往也越繁重，但他不以为然——我管你的感受，我就是要追逐我的梦想"中[MASK]位置的文本是：	一次在我是歌手舞台上的演绎，却是独一无二的，独特的并不是编曲或歌词的改变，而是多年前当花花站在同样一个巅峰的位置时，他
"金叶子度假酒店首期占地近30万平方米，建筑面积5万平方米，建筑[MASK]绿化面积达88%"中[MASK]位置的文本是：	于山体的半山腰处，
"简介山东众冠钢板有限公司位于素有“江北水城”之称的“全国优秀旅游城市[MASK]京九铁路和聊馆高速公路境内穿过，交通条件十分便利"中[MASK]位置的文本是：	”山东省聊城市，
"个人资料曹雪丽，[MASK]毕业于中科院固体物理研究所，方向为凝聚态物理学"中[MASK]位置的文本是：	女，理学博士，于2008年
"就像那英那首[MASK]，有个不管你混的好不好，是否给她荣耀，都愿意为你操劳，陪你到老的她，真好"中[MASK]位置的文本是：	《有个爱你的人不容易》的歌词
"我提[MASK]的，应该是射雕-神雕-倚天,碧血剑-鹿鼎记，书剑恩仇录-飞狐外传-雪山飞狐，而张纪中并不是心血来潮捞完就撤，他对每个系列，都基本是按顺序来的(作品时间:射雕2003年-神雕2006年-倚天2009年，碧血剑2007年-鹿鼎记2008年，书剑2015年-雪山飞狐待定)"中[MASK]位置的文本是：	两点，金庸的作品有剧情连贯性
"项家堰村位于青林乡西北端，与浯溪乡接壤，属丘林山区，全村共有村民小组12个，[MASK]劳力362人，女劳力349人）"中[MASK]位置的文本是：	340户，人口1180人，劳动力711人（其中男
"《后知后觉》收录于张惠妹1998[MASK]牵手》中，张雨生作词、作曲，原唱为张雨生"中[MASK]位置的文本是：	年发行的个人第四张专辑《
"《暮光小姐》是百度文学旗下纵横中文网签约作家大月氏[MASK]30正式发布"中[MASK]位置的文本是：	创作的一部游戏同人小说，小说已于2014-03-
"韩方河毕业于[MASK]、上海国际信托投资公司证券总部副总经理以及证券投资信托部总经理，同时还是上海市经济系列高级职称评审委员会金融证券学科专家委员"中[MASK]位置的文本是：	上海财经大学会计系，并获得复旦大学经济学硕士学位，后来历任上海市物价研究所所长、上海市物价局政策研究处处长
"《20世纪[MASK]东方出版中心出版的图书，作者是丹尼尔·R"中[MASK]位置的文本是：	世界史》是2013年
"荣子按：《为了爱的缘故：萧红书简辑存注释录》由金城出版社2011年8月1日出版，[MASK]萧红的四十三封书信"中[MASK]位置的文本是：	萧军辑录并注释了
"曹县元鑫木业有限公司创建[MASK]年,公司成立于2005年"中[MASK]位置的文本是：	于1996
"《草原放歌》[MASK]演唱的一首单曲，作词：李永明，作曲：贺继成"中[MASK]位置的文本是：	是著名蒙古族歌唱家齐峰
"赵彤，女[MASK]5月出生，汉族，辽宁开原人"中[MASK]位置的文本是：	，1971年
"庞庆华，河北滦县人，为中国汽车经销界领军人物，他领导的[MASK]年，庞大集团实现销车36万辆，实现销售收入355亿元"中[MASK]位置的文本是：	庞大汽贸集团股份有限公司连续多年位居汽车销售行业第一，2009
"无锡泰豪[MASK]日在无锡市惠山区市场监督管理局登记成立"中[MASK]位置的文本是：	装饰装潢有限公司于2009年08月19
"刘丽仙，女，汉族，1971年[MASK]年8月参加工作"中[MASK]位置的文本是：	7月生，云南嵩明人，大学学历，中共党员，1995
"犬夜叉：犬夜叉是犬大将[MASK]夜的孩子，半人半妖的他极其容易暴走"中[MASK]位置的文本是：	和人类公主十六
"《听见西藏》作者[MASK]月法鼓文化"中[MASK]位置的文本是：	邱常梵，2006年10
"[MASK]何美钿出演了《天龙八部》里的钟灵"中[MASK]位置的文本是：	1997年，
"首先就是许仙将由于朦胧来出演，对于这位演员大家应该都非常熟悉了吧，去年在杨幂的《三生三世十里桃花[MASK]”的张智尧"中[MASK]位置的文本是：	》中，凭借着剧中第一美男“白真”得到大家的熟知，一点也不逊剧中另一位当年号称“古装第一美男
"王学再，[MASK]四川天一科技股份有限公司总经理"中[MASK]位置的文本是：	毕业于华东理工大学，现任
"一定可以[MASK]由姚若龙作词，许华强作曲，由张信哲演唱"中[MASK]位置的文本是：	是歌手张信哲信仰专辑中的歌曲，
"公司简介民生人寿保险股份有限公司（以下简称“民生保险[MASK]年正式开业，注册资本60亿元"中[MASK]位置的文本是：	”） 2003
"《珍珠传奇》是由俞珍珠、章君毅执导的古装剧，施思[MASK]等参加演出"中[MASK]位置的文本是：	、寇世勋
"《一本书学会正面思维》是 [MASK]作者是赵晓宇"中[MASK]位置的文本是：	2012年 出版的图书，
"长吻[MASK]的其中一种，分布于非洲加蓬北部及喀麦隆西南部淡水流域，体长可达10"中[MASK]位置的文本是：	副南丽鱼，为辐鳍鱼纲鲈形目隆头鱼亚目慈鲷科
"D·确特尼英文名DuaneCourtney，1985年1月[MASK]效力球队:约克城,塔姆沃思,京达米士特,新圣徒,伯恩利"中[MASK]位置的文本是：	7日出生于英格兰，是一名职业的足球运动员，身高180厘米，在场位置为后卫，曾经
"庶女妖后主要是由作者灼眼夏娜发表在[MASK]"中[MASK]位置的文本是：	潇湘书院的连载穿越架空小说
"新学堂歌华语群星 - 经典咏流传 第4期作为[MASK]滚滚长江东逝水》《妈妈的吻》《思念》《烛光里的妈妈》《年轻的朋友来相会》等也都成为几代中国人的记忆"中[MASK]位置的文本是：	中国知名音乐家、作曲家，谷建芬创作的近千首脍炙人口的作品已经成为当代中国经典歌曲的一部分，《
"《中国西部地区水资源开发利用》是2002年中国[MASK]作者是张宗祜，卢耀如"中[MASK]位置的文本是：	水利水电出版社出版的图书，
"德州乐瀚焊材有限公司于2010年05[MASK]登记成立"中[MASK]位置的文本是：	月07日在德州市工商行政管理局
"《一千年以前》是专辑《[MASK]《一千年以后》一般知名，但却以陶笛、吉他这两种乐器为歌迷谱出了一个动人的爱情故事"中[MASK]位置的文本是：	编号89757》里的第一首歌曲，它在该专辑中作为序曲，与歌曲《一千年以后》首尾相呼应，虽然这首歌曲没有如
"董路锋，汉族，保定市体育局[MASK]主持全面工作，分管办公室、竞体处"中[MASK]位置的文本是：	局长、党组书记，
"山水画家杨则[MASK]一种新的概念把中国的水墨效果与创作油画的技法相糅合，创作出属于自己的山水画样式"中[MASK]位置的文本是：	袁是一个特立独行的新派画家，他用
"于连·福贝尔，1983年8月1日出生在法国的勒阿弗尔，福贝尔命中注定[MASK]足球明星"中[MASK]位置的文本是：	要成为一名
"《梦袂醒》是唐俪的音乐作品，收录在《一生为[MASK]"中[MASK]位置的文本是：	你》专辑中
"《苏东坡》是由王文杰执导的爱情电视剧，欧阳震华、万绮雯、王浩信、黄心颖等[MASK]10月26日在无线首播"中[MASK]位置的文本是：	主演,于2015年
"《零衣[MASK]连载的小说，作者是清燃"中[MASK]位置的文本是：	》是起点中文网
"《古战场传奇第二季》是由Richard [MASK]、山姆·修汉领衔主演的奇幻爱情美剧"中[MASK]位置的文本是：	Clark执导，凯特瑞纳·巴尔夫
"《驯龙高手2》（How to Train Your Dragon 2）是2014年迪恩·德布洛斯编剧[MASK]动画制作，20世纪福克斯发行，杰伊·巴鲁切尔、杰拉德·巴特勒、乔纳·希尔、T.J. Miller配音"中[MASK]位置的文本是：	并执导的3D奇幻喜剧动画电影，由梦工厂
"棘腹蛙为无尾目、蛙科、蛙属的[MASK]"中[MASK]位置的文本是：	两栖动物
"《碎星空》是连载于17k小说网的网络小说，[MASK]"中[MASK]位置的文本是：	作者是没有才
"公司简介济南国诺机械有限公司（济阳液压设备制造厂）是坐落于山东省济南市，是一家自主[MASK]设计高级工程师4人，设计员6人"中[MASK]位置的文本是：	研发，生产，制造，销售，安装，维护，保养为一体的现代化升降平台企业，拥有
"第七名：Haier（海尔）[MASK]到开放的互联网创造企业的转型，海尔以诚信为核心竞争力，致力于为后电商时代创造共赢生态圈"中[MASK]位置的文本是：	海尔集团创立于1984年，是国内大型家电品牌之一，经历了从传统家电产品制造企业
"[MASK]笔下小说《全职高手》中的游戏名称"中[MASK]位置的文本是：	《荣耀》，是蝴蝶蓝
"《电子商务企业角度[MASK]月高等教育出版社出版的图书，作者是王健"中[MASK]位置的文本是：	》是2007年01
"[MASK]的爱情故事》作者颜颜小姐，17k小说网连载"中[MASK]位置的文本是：	《豪门小妾
"延吉虹桥广告有限公司[MASK]《虹桥美术社》，位于延吉市长白路东北亚东处"中[MASK]位置的文本是：	，成立于2008年9月，前身是1997年成立于汪清的
"《黎明时刻的魔女传说》是清风梦叶创作的网络小说，[MASK]17K小说网"中[MASK]位置的文本是：	发表于
"12月31日，林更新主演的传奇武侠电视剧[MASK]播出，剧中主演骠国王子舒难陀2021"中[MASK]位置的文本是：	《舞乐传奇》在中国中央电视台电视剧频道
"《史莱克[MASK]之子成神之路》是网站17k小说网连载的一部小说，作者是芬达"中[MASK]位置的文本是：	七怪
"Wade虽然只有1.93米，可从来没人[MASK]上的防守漏洞"中[MASK]位置的文本是：	认为他是得分后卫这个位置
"2013年7月14日《中国梦之声》逆袭战在东方卫视全球直播，曾在20进12中被[MASK]林采欣、李立宇、张捷站上舞台"中[MASK]位置的文本是：	淘汰的邓小坤、郭帅、陆敏雪、
"未上大学依然大红的4大明星：第一、蒋欣，近年来她出演的《欢乐颂》在各大卫视热播，他的人气也越来越[MASK]的才华与实力"中[MASK]位置的文本是：	高，知名度也越来越高，蒋欣是中专毕业，没上过大学，能走到今天，完全是依靠自己
"只要在我身边 你就是[MASK]首歌是李行亮唱给甜蜜恋人的专属情歌"中[MASK]位置的文本是：	永远3歌曲鉴赏《不忘初心》这
"”国家企业信用信息公示系统显示，[MASK]年5月5日，法定代表人为叶彦廷，注册资本为9613.2653万美元"中[MASK]位置的文本是：	华南蓝天航空油料有限公司成立于1997
"邹应龙之父邹景阳出生于明孝宗弘治[MASK]（1505）"中[MASK]位置的文本是：	末乙丑年
"年，陈亮从北京航空航天大学飞行学院毕业，成为南航汕头公司的一位飞行员，从此开始了[MASK]”中穿梭的日子"中[MASK]位置的文本是：	每天在茫茫“天路
"张德山，男，汉族，1981年7月生，大学文化，中共党员，2007年12月参加工作，现在乐业[MASK]"中[MASK]位置的文本是：	派出所工作
"歌曲背景是易茗，雷蕾，夫妻二人为渴望电视剧创作的主题曲，歌曲深刻揭示[MASK]，而这首歌正是毛阿敏当时的生活写照，所以唱起来共鸣更多，情绪情感都很到位，成就了这首经典中的经典"中[MASK]位置的文本是：	了，人生路漫漫的生活渴望，对真情的眷恋，对现实的执着，对未来的期盼
"基本信息姓 名: 　张慧芝  性 别: 　女  职 称: 　高级工程师  学 历: 　大专  通讯地址: 　乌鲁木齐市北京南路818[MASK]甘肃省酒泉市人，汉族"中[MASK]位置的文本是：	号简历张慧芝，女，1959年12月生，
"菲岛毛眼水蝇广泛分布于中国各地，属昆虫纲[MASK]"中[MASK]位置的文本是：	，双翅目，水蝇科
"八带蛇鳅为辐鳍鱼纲鲤形目鳅科的[MASK]流域，体长可达5"中[MASK]位置的文本是：	其中一种，为热带淡水鱼，分布于亚洲老挝湄公河
"borellii　　二名法　　Trichomycterusborellii　　Boulenger[MASK]鼻鲶，为辐鳍鱼纲鲶形目毛鼻鲶科的其中一种"中[MASK]位置的文本是：	,1897　　异名　　Pygidiumschmidti,Berg博雷尔毛鼻鲶博雷尔毛
"鸿海集团又称鸿海[MASK]评价最高的国际集团，其前身是1974年成立的台湾鸿海塑胶企业有限公司"中[MASK]位置的文本是：	精密集团，是全球3C（电脑、通讯、消费性电子）代工领域规模最大、成长最快、
"李京生，男，汉族，1964年6月生，山东东平人，1990年4月[MASK]毕业，市委党校在职研究生（北京市委党校行政法专业）"中[MASK]位置的文本是：	入党，1980年11月参加工作，北京市公安学校政法专业中专
"《这里》是阎韦伶演唱的歌曲，阿丹[MASK]"中[MASK]位置的文本是：	作词，宋世尧作曲
"石家庄市光普楼宇设备服务有限公司成立于1998年[MASK]主营电梯销售、安装、改造、维护，代理销售LG—SIGMA电梯"中[MASK]位置的文本是：	8月，公司
"歌手名：潘协庆专辑名：你有没有一个叫做寂寞的朋友潘协庆：[MASK]"中[MASK]位置的文本是：	 为爱再一次受伤
"观澜湖集团主席朱鼎健[MASK]，2007年10月荣获母校颁发的名誉法学博士学位"中[MASK]位置的文本是：	朱鼎健，毕业于加拿大西安大略大学，获工商管理学士学位
"[MASK]男，毕业于苏州大学，主要著作有《血管切片的三维重建》"中[MASK]位置的文本是：	柳海东，
"《今生欠你一个拥抱》[MASK]领衔主演，唐以诺、张喜前、柏寒、李依晓等主演1"中[MASK]位置的文本是：	是由八一电影制片厂于2008年出品的电视剧，由李三林执导，富大龙、吴晓敏
"此次邀请陈果导演执导，胡军、李小冉、郭晓冬主演《A+B=C》，中博传媒是希望通过大导演和明星的完美组合，制作出更为精良的电影短片作品，奉献给广大的电影爱好者，同时也为网络电影能否进行[MASK]"中[MASK]位置的文本是：	大投资大制作，探索出一条适合的道路
"Lambey Felix[MASK]运动员"中[MASK]位置的文本是：	,法国籍
"《小城大爱》是由北京[MASK]李妮执导，班嘉佳、冯绍峰主演的都市情感励志轻喜剧1"中[MASK]位置的文本是：	嘉春秋文化传播有限公司出品，由
"或许这就像刘青云自己讲的：“我把所有想说的话都对她[MASK]的老婆郭蔼明”"中[MASK]位置的文本是：	一个人说完了”“我没有异性朋友，我只有我
"《神眼鉴定师》，兮疯所著都市异能小说[MASK]首发，2014年6月19日登上创世首页封面推荐"中[MASK]位置的文本是：	，创世中文网签约
"水鹨（学名：Anthus [MASK]小型鸣禽，体长约17厘米，翼展23至28厘米，寿命9年"中[MASK]位置的文本是：	spinoletta）是雀形目鹡鸰科的鸟类，属
"《神医大道公前传》是由厦门广播电视集团出品的一部古装喜剧，[MASK]张铎，张芯瑜等主演"中[MASK]位置的文本是：	张弛执导，陈文贵编剧，韩栋、孙耀琦、杜海涛、
"”这是[MASK]新周刊》2006年度中国电视节目榜“最具民间智慧电视脱口秀”奖"中[MASK]位置的文本是：	汪涵的一段获奖感言,《越策越开心》荣获《
"《剑羽飘雪》是连载于起点中文网的一部[MASK]，作者是绯色苍瞳"中[MASK]位置的文本是：	仙侠异侠类小说
"于正抄袭不是一次两次，加起来出个书单是没问题的，还抄到了琼瑶阿姨的头上，《宫锁连城》抄袭《梅花烙》，[MASK]“没文化才说我抄袭”，气的琼瑶直接病倒"中[MASK]位置的文本是：	于正还振振有词，
"《俄罗斯芭蕾秘史》由费多[MASK]描述了俄罗斯芭蕾舞团的神秘，作品荣获法国“法语作家奖”，受到多位名人好评"中[MASK]位置的文本是：	洛夫斯基著作，
"《总裁的全能秘书》是连载于红袖添香网的一本[MASK]是洛玛"中[MASK]位置的文本是：	言情类小说，作者
"皮宗敏（1909-1952）湖南长沙人，1926年[MASK]月南京中央军校第六期"中[MASK]位置的文本是：	10
"《我是桔梗》[MASK]于晋江文学城"中[MASK]位置的文本是：	是潇灏舞写的网络小说连载
"《帝国的早晨》是由吴胜明执导，金相中[MASK]第四代国王高丽光宗王昭的一生"中[MASK]位置的文本是：	、全惠真、洪莉娜主演的韩国KBS大河连续剧，本剧主要讲述了高丽王朝
"◆制作：金色传媒◆原著：猫腻代表作：《将夜》《择天记》《间客》《庆余年》等《将夜》荣获“中国网络文学双年奖”金奖、“腾讯文学书院奖”金奖等奖项[MASK]工程奖代表作：《心术》《新亮剑》《诺尔曼白求恩》《天地民心》《记忆的证明》《牵手》等"中[MASK]位置的文本是：	，在中国作协网络文学委员会“十年网文评选”中位列第一，“最受期待改编作品”中位列第一◆导演：杨阳，国家一级导演数次荣获“飞天奖”、“金鹰奖”最佳导演/最佳编剧、“五个一”
"《隔山有眼》是由亚历山大·阿嘉[MASK]汤姆·鲍尔、凯瑟琳·奎南、凡妮莎·肖、艾米莉·德瑞文等参加演出，该片于2006年3月10日在美国上映"中[MASK]位置的文本是：	执导的恐怖片，
"乔丹·威廉姆斯（[MASK]场上司职中前卫，现效力于英超的利物浦足球俱乐部"中[MASK]位置的文本是：	JordanWilliams），1995年11月6日出生于威尔士班戈，威尔士足球运动员，
"《藏地密码》是由优酷、阿里数娱出品的探险悬疑动作网络剧，由曹东吾[MASK]錡领衔主演，沈建宏、马东延、谭凯等主演1"中[MASK]位置的文本是：	执导，何润东、李纯、牟星、范世
"武汉沃华工程有限公司于2013年6月24日在武汉市武昌区[MASK]质量技术监督局登记成立"中[MASK]位置的文本是：	工商行政管理和
"《少林小子方世玉》是由冯兴华执导，史可和释小松[MASK]一部关于成长的励志电视剧"中[MASK]位置的文本是：	担任主演的
"《婴儿》[MASK]陈涛作词，郭亮谱曲"中[MASK]位置的文本是：	是陈倩倩演唱的歌曲，由
"《壹种风流》是由2008年7月[MASK]MAGAZINE PUBLISHING LIMITED出版社出版的图书，作者彭浩翔"中[MASK]位置的文本是：	CUP 
"歌曲：[MASK] 歌手：巫奇 所属专辑：不顾一切 唱片公司：滚石唱片公司"中[MASK]位置的文本是：	《没有你怎么过》
"导演黄力加[MASK]朱豪有个性、有缺点，打破英雄人物‘零缺点’的定式，给观众带来不同以往的视觉和心理冲击"中[MASK]位置的文本是：	坦言：“《雾都》展现了一个英雄最人性化的一面，但与传统英雄人物不同的是，
"《情定爱琴海》是由台湾导演陆江导演的，由苏有朋、蔡琳、何润东主演[MASK]是关晓彤（蔡琳饰）是个上海音乐学院的高材生，一次去希腊爱琴海旅行让她结识两个男人，一个是网络上找来素不相识的浪子旅伴黎耀翔（何润东饰），一个是商业巨子陆恩祈（苏有朋），三人发展出纠结三年苦涩与甜蜜交融的恋曲"中[MASK]位置的文本是：	的40集青春偶像剧，又名《缘分天空》，该剧讲述的
"《北海银行纸币券》是[MASK]月浙江大学出版社出版的图书"中[MASK]位置的文本是：	2000年9
"10[MASK]批准的辽宁省民法学会1成立大会在普兰店市举行"中[MASK]位置的文本是：	月19日，经辽宁省民政厅
"[MASK]》是灰色北极熊创作的网络小说，发表于17K小说网"中[MASK]位置的文本是：	《追爱之太傅哪里跑
"个人生活2012年6月2日，廖怀南与拍拖三年的台湾女星吴辰君在北京近郊的和[MASK]"中[MASK]位置的文本是：	园景逸大酒店举行浪漫婚礼
"《疾速追杀》（John Wick）是大卫·雷奇、查德·斯塔尔斯基[MASK]、威廉·达福、迈克尔·恩奎斯特主演，于2014年10月24日在美国上映"中[MASK]位置的文本是：	联袂执导的动作惊悚片，由基努·里维斯
"又一部以新农村为题材的20集爆笑喜剧《村里那点事儿》于2011年7月17日在[MASK]出演"中[MASK]位置的文本是：	万州开机，该剧从主创到主演均由重庆人本色
"王淞，男[MASK]出生，汉族，海南定安人，本科学历，1999年8月参加工作，中共党员，中学高级职称"中[MASK]位置的文本是：	，1975年10月
"关于周杰伦，08年出国[MASK]中国人的歌，很好听，听着很 high，他给我耳机说你听听认不认识，结果耳机那边传来了无双，之后还有首本草纲目，只想说周杰伦真的很火"中[MASK]位置的文本是：	读书，上美术课在画室画画，旁边美国人说最近他在听一个
"金振林笔　名： 艾苦，[MASK]09/18  年毕业于南通市一中，1957年毕业于地质部南京地质学校"中[MASK]位置的文本是：	宁静某  出生年月： 1938/
"身为台湾[MASK]《流星花园》之前，“那个时候台湾没有偶像剧”"中[MASK]位置的文本是：	偶像剧教母的柴智屏曾经这样说过，在
"何庆华，男，汉族，中共党员，[MASK]2012年10月起任县政府办副主任"中[MASK]位置的文本是：	1977年9月出生，2001年8月参加工作，
"在中国音乐学院本科毕业生中，[MASK]音乐会的学生，她的成功源于四年中孜孜不倦的努力"中[MASK]位置的文本是：	郗晓静是为数不多的能够举办个人独唱
"传闻期间，李小璐与贾乃亮还一起参加了跨年[MASK]投入"中[MASK]位置的文本是：	合唱，贾乃亮全程显得毫不
"人物介绍基本信息姓名：刘钦甫  性别：男  出生日期：1964年7月  民族：汉  职称：教授、博士生导师[MASK]、中国矿业大学（北京）矿产资源与利用研究所所长、中国矿业大学（北京）能源地质系主任"中[MASK]位置的文本是：	  职务：中国非金属矿工业协会粘土矿物专业委员会副理事长
"陶喆的一首《就是爱[MASK]》超级好听，赶快来听吧"中[MASK]位置的文本是：	你
"《平等与[MASK]出版社出版的图书，作者是奥肯"中[MASK]位置的文本是：	效率》是2010年华夏
"永宁村隶属新旺乡，地处大同市西环路中段，是典型的城中村，全村现有人口：[MASK]，租赁企业1个，个体企业10个"中[MASK]位置的文本是：	1152人，有村办企业，租赁及个体个企业，其中村办企业2个
"在2018年中阚清子和张翰出演《如若[MASK]人气更上一层楼"中[MASK]位置的文本是：	巴黎不快乐》会让
"邓涛，女，汉族，广西灌阳人，广西民族[MASK]青年教师导师"中[MASK]位置的文本是：	大学外国语学院大学英语教学部教授，
"[MASK] 祖籍山东高密"中[MASK]位置的文本是：	沈愚
"《[MASK]是张学友演唱的一首歌曲"中[MASK]位置的文本是：	我不愿意》
"固伦和敬公主排行老三（因有姊早夭，也属排行最大），是孝贤纯皇后生女[MASK]其母风骨"中[MASK]位置的文本是：	，不喜妆饰，素雅高贵，满腹经纶，尚佛尊儒，生性聪慧，胸怀大度，颇有
"陈晓维，男，1962年1月生，汉族，[MASK]中国共产党，研究生学历"中[MASK]位置的文本是：	黑龙江依安人，1982年11月加入
"歌曲《不要对我说无所谓1》是歌手祁隆[MASK]唱着情歌留着泪》里"中[MASK]位置的文本是：	演唱的歌曲，乐风作词，祁隆作曲，该歌曲收录在专辑《
"《陪孩子走过青春期》是由菅原裕子编写[MASK]"中[MASK]位置的文本是：	的图书，于2012-10年出版发行
"中国中煤能源集团有限公司(简称中煤集团)是国务院国资委管理的国有重点骨干企业[MASK]1982年7月成立的中国煤炭进出口总公司"中[MASK]位置的文本是：	，前身是
"是没风没雨空中的花园歌手介绍孟庭苇本名陈秀玫[MASK]高雄市"中[MASK]位置的文本是：	，台湾女歌手，出生于台湾
"《社员都是向阳花》是一首创作于二十世纪60年代，在全国广泛传唱的优秀群众歌曲，张士燮作词[MASK]作曲"中[MASK]位置的文本是：	，王玉西
"奉节县平安乡是全市18个深度贫困乡镇之一，这里[MASK]的江姐丈夫彭松涛的原型彭咏梧战斗牺牲的地方"中[MASK]位置的文本是：	也是川剧《江姐》里
"河南[MASK]中国IDC运营商和空间域名注册商"中[MASK]位置的文本是：	亿恩科技有限公司成立于2000年，是
"关于兰陵公主的出生年月，历史上并无记载，有关于她的资料也是少之又少，《新唐书.诸帝公主传》关于兰陵公主李淑的相关[MASK]女"中[MASK]位置的文本是：	记载如下：“兰陵公主讳淑，字丽贞，唐太宗第12
"深圳市宏阳天成科技有限公司于2012年[MASK]市场监督管理局龙华局登记成立"中[MASK]位置的文本是：	08月13日在深圳市
"《女人的[MASK]编写，作家出版社出版的图书"中[MASK]位置的文本是：	穴位》是由申力雯
"《落叶飘雨》是龙飘飘的音乐作品，收录[MASK]那里爱》专辑中"中[MASK]位置的文本是：	在《爱在
"何丽水（1917－1951），又名何立水，福建省[MASK]村人"中[MASK]位置的文本是：	惠安县洛阳镇陈坝
"尚恩·[MASK]有《万物一体》等"中[MASK]位置的文本是：	莫森是一名演员，代表作品
"《江山美人》是马玉辉执导的古装传奇剧，由孙耀威、韩雪、刘晓庆[MASK]主演1"中[MASK]位置的文本是：	、李研修等
"[MASK]（Jose Bonaparte）一度将南美洲的皮萨诺龙归类于畸齿龙科，但皮萨诺龙现在被认为是更基础的鸟臀目恐龙"中[MASK]位置的文本是：	约瑟·波拿巴
"歌曲《明天的记忆》[MASK]的歌曲，歌曲由李焯雄作词，李偲菘作曲"中[MASK]位置的文本是：	是孙燕姿第十一张音乐专辑《是时候》中
"[MASK]谱曲，MARTIN TANG编曲，杨千嬅演唱的一首歌曲"中[MASK]位置的文本是：	《女人三十》是由黄婷填词，林一峰
"人物简介田选明，男，汉族，1954年[MASK]人，大学，内蒙古大学计划统计专业毕业，1972年2月参加工作，1983年6月加入中国共产党"中[MASK]位置的文本是：	12月17日生，呼和浩特市
"《仙侠世界的道德败坏者》是纵横中文网[MASK]小说，作者是饭饭funshine"中[MASK]位置的文本是：	连载的
"一部是刘江执导的《媳妇的美好时代》[MASK]扮演女主角毛豆豆"中[MASK]位置的文本是：	，
"灵山县公安局[MASK]现设有22个科室，19个基层派出所"中[MASK]位置的文本是：	成立于1950年，
"《初生之犊》[MASK]年上映的喜剧剧情片，由邱礼涛执导，陈伟伦 、李修贤 等主演"中[MASK]位置的文本是：	是1999
"《四季》是一首陈珊妮[MASK]专辑《四季末的唱游》"中[MASK]位置的文本是：	演唱的歌曲，所属
"《日本工程造价管理》是2002年南开大学出版社出版的[MASK]是王振强"中[MASK]位置的文本是：	图书，作者
"主要人物简介叶茂中，1969年5月31日出生，江苏泰州人，[MASK]机构董事长"中[MASK]位置的文本是：	现任叶茂中营销策划
"《死神之风月魅绝[MASK]香创作的网络小说，发表于晋江文学网"中[MASK]位置的文本是：	》是涟漪漾出茉莉
"《以为不会变》[MASK]《逼的太紧》中"中[MASK]位置的文本是：	是一首由陈洁仪演唱的歌曲，收录在专辑
"《中国古代名言[MASK]1997年商务印书馆出版的图书"中[MASK]位置的文本是：	隽语大词典》是
"[MASK]，太子高恒跟着高纬仓皇东遁"中[MASK]位置的文本是：	北周大军如洪水猛兽长驱直入北齐腹地
"莫文蔚《他不爱我》MV，40首失恋疗伤情歌之莫文蔚《他不爱我》莫文蔚恰恰就是在自己的个人演唱会上，用这首歌作为九年恋情的终结[MASK]回望却让人动容"中[MASK]位置的文本是：	，边哭边唱的模样，至今
"毛岸青4岁那年秋天，在参加完中共中央在汉口召开的紧急会议后，毛泽东秘密把妻子杨开慧、保姆陈玉英和毛岸英、毛岸青、毛岸龙三兄弟送到岳父家—[MASK]发动秋收起义"中[MASK]位置的文本是：	—长沙板仓杨宅，奉命去
"《世纪人生[MASK]的一部剧情电影"中[MASK]位置的文本是：	：董竹君传奇》是葛晓英导演
"此后，特伟又制作了两部自己的动画创作[MASK]"中[MASK]位置的文本是：	：《骄傲的将军》和《牧笛》
"[MASK]倪天荣(1881～1929)，江浦人"中[MASK]位置的文本是：	
"《敦煌壁画山水研究》是2000年[MASK]浙江人民美术出版社出版的图书，作者是王伯敏"中[MASK]位置的文本是：	12月
"中船海装（[MASK]新能源投资有限公司于2012-10-08在海淀分局登记成立"中[MASK]位置的文本是：	北京）
"张永明毕业于首都师范大学书法艺术本科，他的书法以全能著称，他[MASK]，尤以大、小篆更佳"中[MASK]位置的文本是：	对小楷、行、草、隶、篆及篆刻均有较深的造诣
"2演艺[MASK]的元旦晚会，在小品《夜归》中扮演一名叫“许大山”的中国青年"中[MASK]位置的文本是：	经历1989年，一次偶然的机会大山参加了1989年中央电视台
"憨豆先生真名是罗温·艾金森，号称智商只有“007”的憨豆先生，现实中却曾是主攻电机工程学的牛津大学硕士，[MASK]智障”的搞笑形象，实在不是他的本色演出"中[MASK]位置的文本是：	所以屏幕上那个“轻度
"《幸而》是[MASK]作曲邓智伟，填词陈诗慧，《乱世佳人》的主题曲"中[MASK]位置的文本是：	胡杏儿演唱的一首歌曲，
"林志颖老婆陈若仪[MASK]分享双胞胎儿子将娃娃塞在外套里溜滑梯的照片"中[MASK]位置的文本是：	（右图）今年1月
"牵妈妈的手 听肖洋《妈妈包[MASK]回归"中[MASK]位置的文本是：	的饺子》亲情
"李大为与[MASK]蒋勤勤出演了电视剧《香粉世家》，只是这部电视剧并没有像《金粉世家》一样红火,反响平平"中[MASK]位置的文本是：	蒋勤勤分手后,还在2006邀请
"南京川恩投资管理有限公司于2014年11月10日在南京市浦口区市场[MASK]"中[MASK]位置的文本是：	监督管理局登记成立
"[MASK]它是江西新华发行集团所属的一家具备专业资格的物业管理公司，是江西物业管理界的一颗新星"中[MASK]位置的文本是：	江西新华物业管理有限公司成立于2006年8月17日，
"《鸢尾花园》是连载于[MASK]作者是阿色"中[MASK]位置的文本是：	晋江文学城的言情类小说，
"《思考机器探案集之水晶球占卜师》是2009[MASK]福翠尔，由游健治、张文广译著"中[MASK]位置的文本是：	年新星出版社出版的图书，作者是（美）杰克·
"1生物分类真海豚在分类学上隶属于[MASK]科、海豚属"中[MASK]位置的文本是：	鲸目、海豚
"旧项链是1996年郑秀文演唱的歌曲，[MASK]专辑是《值得》"中[MASK]位置的文本是：	所属
"《天地轮回诀》是风云舞[MASK]"中[MASK]位置的文本是：	创作的网络小说，发表于17K小说网
"[MASK]这样的概念与合作人选-陈绮贞，阿信填上词完成新作《私奔到月球》2"中[MASK]位置的文本是：	有了
"这根源几乎来源于她的少年学霸经历，时间回到1988年，年少的方以涵以优异的成绩考上[MASK]，并获得了全额奖学金"中[MASK]位置的文本是：	中国科技技术大学少年班，4年后，方以涵顺利被美国哥伦比亚大学录取
"《三字童话[MASK]人口出版社出版的图书，作者是梁子"中[MASK]位置的文本是：	》是2008年中国
"重光葵（英文名：Shigemitsu Mamoru）（1887年7月[MASK]），日本大正、昭和时期外交官，甲级战犯之一"中[MASK]位置的文本是：	29日-1957年1月26日
"《由他去》是由林若宁作词，Allan Lau作曲，官恩娜演唱的一首歌曲，收录于专辑《TAKE A SHINE[MASK]"中[MASK]位置的文本是：	 TO
"《世事何曾是绝对》是香港著名环保人士、歌手卢冠廷演唱的[MASK]的主题曲"中[MASK]位置的文本是：	歌曲，是电影《一路有你》
"[10]《贺龙传》，当代中国出版社[MASK]年版，第365页"中[MASK]位置的文本是：	1993
"《觉：（遥寄林觉民[MASK]歌曲，另一位合作填词者是音乐人许常德，作曲是郭子1"中[MASK]位置的文本是：	）》是台湾歌手齐豫作词并演唱的一首
"个人简介[MASK]男，汉族，1952年5月生"中[MASK]位置的文本是：	卞允斗
"福建省南安市帝赞卫浴有限公司，自2001年建立伊始都以“用心-[MASK]造就了深受广大新老客户的认可和信赖"中[MASK]位置的文本是：	缔造健康生活”为目标，秉承“款式创新时尚、品质经久可靠”的追求，
"如今在电视机剧《和平饭店》中，李光洁出演男二号，在《九州缥缈录》里，李光洁[MASK]，有点走下坡的感觉"中[MASK]位置的文本是：	又给刘昊然、宋祖儿作配
"一分钟医学速记——协和医学博士的漫画笔记作者舒畅，本书以漫画[MASK]的趣味性和实用性，对于医学学习方法有一定启发性"中[MASK]位置的文本是：	为主导，辅助医学入门者对临床医学中重要而又困难的知识点进行记忆，具有较高
"2、[MASK]在水一方》由琼瑶作词，林家庆谱曲"中[MASK]位置的文本是：	歌曲《
"《悲心天使》是在潇湘书院上连载[MASK]是渺沙"中[MASK]位置的文本是：	的一部小说，作者
"张晓惠，1986年毕业于江苏电视大学党政管理专业，1997年毕业于华东师范大学教育[MASK]"中[MASK]位置的文本是：	管理学院教育管理专业研究生班
"《再吻我一次》是由加布里尔·穆奇诺执导，斯蒂芬努[MASK]1月29日在意大利上映1"中[MASK]位置的文本是：	·阿科西、维多里娅·普契尼、克劳迪奥·桑塔玛利亚主演的剧情片，于2010年
"《感应少年2》（サイコメトラーEIJI 2）是[MASK]快彦、工藤静香等主演"中[MASK]位置的文本是：	日本电视台1999年制作出品的电视剧，改编自安童夕马的同名漫画，由松冈昌宏、井之原
"生平简介卢携[唐][MASK]今河北涿县）人"中[MASK]位置的文本是：	（824年～880年）字子升，范阳（
"形态特征长白山松蘑属真菌类担子菌纲伞菌目伞菌科，是名贵食用菌之一[MASK]”"中[MASK]位置的文本是：	，享有盛名，被视为“食用菌之王
"中文名：福建新白蚁原始文献Wuyi Science Journal, 3:110-119国内分布福建(南靖)资料来源中国动物[MASK]等翅目:256-257"中[MASK]位置的文本是：	志 昆虫纲 第十七卷 
"安德烈亚斯·迪博夫斯基  GER - 德国  出生日期:[MASK]英尺): 181cm / 5&#39"中[MASK]位置的文本是：	 1966年3月29日   身高(厘米/
"由著名词作家屈塬作词[MASK]演唱的《出征》铿锵大气、情深意长，是新时代又一曲军旅杰作"中[MASK]位置的文本是：	，著名军旅作曲家文子、亢竹青作曲，“新军歌王子”金波
"人物经历Jean-Marc Chery 1960年生于[MASK]1984年毕业于法国国立高等技术学院工程系"中[MASK]位置的文本是：	法国奥尔良，
"石川雅博，英文名Masahiro Ishikawa[MASK]生于1990-05-23，日本足球运动员，是一名后卫"中[MASK]位置的文本是：	，出
"《死亡的秘密》[MASK]的小说，作者是残花易雪"中[MASK]位置的文本是：	是在17k小说网连载
"二.2008年《青花瓷》这一年的周杰伦正红的一塌糊涂，是他创作生涯最巅峰的时期[MASK]是影响力十足"中[MASK]位置的文本是：	，他的《青花瓷》风靡大江南北，还成为了那年高考的考题，可以说
"亚太银邦资产管理有限公司于2015[MASK]17日在金山区市场监管局登记成立"中[MASK]位置的文本是：	年9月
"《27位中国[MASK]的赚钱智慧》是2006年中华工商联合出版社出版的图书，作者是张亿"中[MASK]位置的文本是：	名女人
"2012年李亚东执导的微电影《香水有毒》在各大网站播出后，[MASK]有极高的点击率"中[MASK]位置的文本是：	受到了极大的好评更
"王海燕，毕业于四川大学，美国[MASK] Western Reserve University，博士后"中[MASK]位置的文本是：	Case
"《蜡炬》歌手白冰冰所演唱的歌曲[MASK]《阮不愿留》"中[MASK]位置的文本是：	，收录于专辑
"《巴菲特的传奇人生》是2009年[MASK]的图书，作者是白阿丽"中[MASK]位置的文本是：	中国经济出版社出版
"林毅夫与陈云英[MASK]是世界银行副行长兼首席经济学家，一个是“中国特殊教育第一人”"中[MASK]位置的文本是：	，一对博士夫妻，两位名人，一个
"《布朗运动和随机计算[MASK]年世界图书出版公司(此信息作废)出版的图书，作者是爱卡拉察斯"中[MASK]位置的文本是：	》是2006
"《远期的合约》由黄建中、钟少雄执导，贾一平[MASK]、王媛可主演"中[MASK]位置的文本是：	、张光北
"蒋金清 男，1954年9月生，1982年毕业于江苏省职工医科大学医疗系，曾赴上海参加上医大全国放射诊断培训班及上海卫生局胃肠道双对比造影培训班等专业训练多次，长期从事[MASK]中心诊断组组长"中[MASK]位置的文本是：	影像诊断工作代表江苏省医疗队参加农村巡回医闻为农民服务，现任无锡院影像
"这部网剧已经准备了一年多，早在2015年中旬，导演邓文健就决定拍一部关于广州故事的网剧，之后，整个团队开始通宵达旦地写剧本，做分镜，疯了一样[MASK]跑道》"中[MASK]位置的文本是：	在广州寻找合适的场景……2  经历一个月的拍摄，试映会在11月28日召开，还曝光了《24摄》第一季第一集《
"《向草和昆虫学科学》是2010年九州出版社出版[MASK]是权秀珍、金成花"中[MASK]位置的文本是：	的图书，作者
"大家知道梁烈唯，1979年3月26日生于中国香港，祖籍广东东莞，是中国香港影视演员，因为长的颜值较高[MASK]》中的庄卓源，因帅气的样貌以及表现，被观众誉为心思缜密、有情有义、最帅气的狙击手"中[MASK]位置的文本是：	，所以他在戏里扮演的角色大多是帅气的，2008年凭着《尖子攻略》和2012年警匪剧《飞虎》获得TVB万千星辉颁奖典礼“飞跃进步男艺员”奖，他主演《飞虎
"1播出信息播出频道[MASK]从之前的都市女性代言人到魅惑女间谍，她所成功塑造的各类形象无不受到好评，《迷情天使》这股热风无疑把让她那“悬疑高手”的形象刻观众心中"中[MASK]位置的文本是：	播出时间大连电视台法制频道2006年6月13日剧集评价原华的精彩演技让人折服，
"北京歌舞剧院国家一级演员杨菲和易莉，此次两人联手创作微电影《中国style》，希望与时俱进中[MASK]出一番微薄力量之余，也想传达给社会一股正能量"中[MASK]位置的文本是：	的曲艺文化能得到越来越多的观众的关注和热爱，在为中国传统曲艺事业贡献
"唐星，陕西商县人[MASK]获药学博士学位"中[MASK]位置的文本是：	，毕业于沈阳药科大学，
"《图解[MASK]》是中国建筑工业出版社 出版的图书，作者：(英) 麦克唐纳"中[MASK]位置的文本是：	建筑专业词汇 
"冯小刚对自己拍《夜宴》的解释非常[MASK]》，是满足了我自己的一个私欲"中[MASK]位置的文本是：	直白：“《夜宴
"《时空与灵性》是2006年[MASK]作者是金学宽"中[MASK]位置的文本是：	中国宇航出版社出版社的图书，
"狐猴类Lemuroidea[MASK]目狐猴科的通称"中[MASK]位置的文本是：	，灵长目原猴亚
"《鬼环舞》是[MASK]草草写的网络小说连载于起点中文网"中[MASK]位置的文本是：	红花下的
"陈正人与彭儒婚后育有子女6人，其[MASK]”，“要同工农子弟交朋友，多向他们学习”，不能搞特殊化"中[MASK]位置的文本是：	对子女的教育非常严格，要求子女“要保持艰苦奋斗的作风
"宇文贵（560-[MASK]字乾福，代郡武川人"中[MASK]位置的文本是：	576年）
"河南国控租赁有限公司（简称“国控租赁”）是河南省国有资产控股运营集团有限公司（简称“河南国控”）的控股子公司，注册资本2亿元[MASK]企业"中[MASK]位置的文本是：	人民币，是经国家商务部和国家税务总局批准的河南省首家内资融资租赁试点
"《为爱牺牲》是一本连载于[MASK]作者是天舞降落"中[MASK]位置的文本是：	17k小说网的网络小说，
"《穿越网王之我[MASK]创作的网络小说，发表于晋江文学网"中[MASK]位置的文本是：	叫贞子》是舒盗雅
"《 睁眼看刘备》是2007年2[MASK]华侨出版社出版的图书，作者是李傲"中[MASK]位置的文本是：	月1日中国
"山东普洛得邦医药有限公司于2005年12月[MASK]监督管理局登记成立"中[MASK]位置的文本是：	30日在潍坊滨海经济技术开发区市场
"《吉祥天宝》是天娱传媒[MASK]执导，金起范、朱梓骁、赵丽颖、陈昱霖领衔主演"中[MASK]位置的文本是：	、海润影视出品的古装轻喜剧，由元德
"白令白鲑[MASK]纲鲑形目鲑科白鲑属的一种鲑鱼，属于冷水性鱼类"中[MASK]位置的文本是：	，Coregonus laurettae （Bean, 1881），为辐鳍鱼
"[MASK]妖娆》是17k小说网连载的小说，作者是般诺"中[MASK]位置的文本是：	《百媚
"广州高瞻餐饮管理有限公司于2010年[MASK]在广州市工商行政管理局越秀分局登记成立"中[MASK]位置的文本是：	01月28日
"敬继舜，别名寄生，四川南部（建兴场）人，1937年12月成都中央军校第十四期，曾任国民革命军陆军第一[MASK]军第一师少将副师长"中[MASK]位置的文本是：	师第一团团长，后任第一
"看北宋王安石变法[MASK]地势，施行不同的新政，还是历史地理"中[MASK]位置的文本是：	，怎样依据不同地区的地理
"1988年，龙志雄毕业于湖北中医学院，毕业后即从事大家都不看好的肿瘤放疗[MASK]设备”，很难体现医生的水平"中[MASK]位置的文本是：	工作，在常人眼里，放疗工作“功在
"作曲家[MASK]有《马上拜年》的童声版"中[MASK]位置的文本是：	陆琦之女，陆知非，演唱
"2013[MASK]蓝，在17k小说网连载"中[MASK]位置的文本是：	我们携手的作者是吉普
"《[MASK]年天津科技翻译出版公司出版的图书，作者是埃泰赖"中[MASK]位置的文本是：	胃肠道外科手术图谱》是2002
"吴玉章（1878年12月30日[MASK]抗日战争、解放战争、新中国建设而成为跨世纪的革命老人，与董必武、徐特立、谢觉哉、林伯渠一起被尊称为“延安五老”"中[MASK]位置的文本是：	－1966年12月12日），原名永珊，字树人，四川荣县人，吴玉章历经戊戌变法、辛亥革命、讨袁战争、北伐战争、
"个人简介姓名：加斯顿·席尔瓦  英文名:Gaston Silva  生日：1994-03-05  场上位置:后卫  身高：183厘米  体重：公斤[MASK]"中[MASK]位置的文本是：	  惯用脚：左脚  出生地：萨尔托(乌拉圭)  国籍：乌拉圭职业生涯1
"及至2003年与福布斯合作终止，胡润早有准备，分手之际他马上[MASK]"中[MASK]位置的文本是：	自己成立公司，独立发布胡润百富榜
"湖沟村位于安徽省淮北市濉溪县临涣镇，全村土地面积10266亩[MASK]"中[MASK]位置的文本是：	，人口5232人
"张成礼，男，汉族，1958年4月出生，1978[MASK]管理专业大学毕业"中[MASK]位置的文本是：	年3月参加工作，1986年6月入党，哈尔滨师范大学教育
"《网王之白石要不咱俩结婚吧》是晋江文学城[MASK]安幽菡"中[MASK]位置的文本是：	连载的小说，作者是
"王南，男，汉族，山东济南人，1966年4月生，[MASK]8月参加工作，1986年6月加入中国共产党"中[MASK]位置的文本是：	中央党校研究生，高级管理人员工商管理硕士，1986年
"49[MASK]校际赛，21岁的东洋大学四年级学生桐生祥秀，在顺风1"中[MASK]位置的文本是：	月9日，在日本学生
"《幽明灵山》是连载于起点中文网的[MASK]是喜欢乌龟漫"中[MASK]位置的文本是：	一部小说，作者
"另一边，刘昊然不像吴磊那样的童星出身，而是[MASK]北京爱情故事》里的宋歌"中[MASK]位置的文本是：	在17岁那年，被陈思诚相中，饰演《
"丁仕凯，男[MASK]出生地云南沾益，1962年9月生，1983年10月参加工作，1990年8月加入中国共产党，在职研究生学历"中[MASK]位置的文本是：	，汉族，
"大张伟大张伟在某年春晚上歌曲《倍儿[MASK]感谢导演组给机会，也诚实的回答记者的问题，没有一丝逃避"中[MASK]位置的文本是：	爽》被指出假唱，氮素大张伟大方承认，还
"哈尔滨文化[MASK]设立，集团性质为国有投资公司，注册资本5亿元人民币"中[MASK]位置的文本是：	旅游集团1(全称：哈尔滨文化旅游集团有限公司）由市政府
"日前，刘銮雄和女友甘比带着两岁多大的女儿刘秀桦一家三口出门吃饭，刘秀桦被记者拍到[MASK]"中[MASK]位置的文本是：	背着一只价值33700港元的粉蓝色手袋
"《[MASK]是2010年新世界出版社出版的图书"中[MASK]位置的文本是：	诱惑心理学》
"我有我的小爱情5歌曲鉴赏这是一首属于女人的歌曲，梁静茹轻巧的歌声，唱出每个年龄层的女生对爱情的追寻，不管受伤或被否定[MASK]属于自己的幸福"中[MASK]位置的文本是：	，只要心里的小火苗不灭，就一定会找到
"《中国式[MASK]的全新代际相亲交友节目，由金星主持"中[MASK]位置的文本是：	相亲》是东方卫视制作的国内首档模式创新
"2006年，导演细田守首次将《穿越时空的少女》[MASK]这部作品使得《穿越时空的少女》拥有了世界范围的观众群，《穿越时空的少女》获得了空前成功"中[MASK]位置的文本是：	动画电影化，剧中的主角绀野真琴由仲里依纱担任配音，
"[MASK]爱情喜剧，由张乾文监制，万绮雯、李思捷、梁烈唯及朱晨丽领衔主演"中[MASK]位置的文本是：	《八卦神探》是2014年香港电视广播有限公司的出品一部时装
"唐大烈 [MASK]清代医家"中[MASK]位置的文本是：	，
"2010年6月30日，国家旅游局与北京第二外国语学院合作[MASK]成立揭牌仪式在北京第二外国语学院举行"中[MASK]位置的文本是：	共建签约仪式暨中国旅游人才发展研究院
"中粮集团有限公司成立于1949年，经过多年的努力，从最初的粮油食品贸易公司发展成为中国最大的农产品、食品领域多元化产品和服务供应商，主要经营粮油食品[MASK]"中[MASK]位置的文本是：	贸易加工和贸易、种植养殖、物流储运、生物能源、品牌食品生产销售、地产酒店、金融服务等业务
"少林正果 东魏传法[MASK]俗姓孙，祖籍昌黎（今河北），后迁居钜鹿瘿陶（今河北宁晋）"中[MASK]位置的文本是：	僧稠，
"48.[MASK]野餐》，被许多影评人认定为是当年最好的国产电影之一"中[MASK]位置的文本是：	《地球最后的夜晚》2016 年，青年导演毕赣的《路边
"《[MASK]》是鳞伪龙创作的网络小说，发表于17K小说网"中[MASK]位置的文本是：	花之幻星辰
"樊泽达，字昆来，宜宾人， 是康熙乙丑进士，改庶吉士，授编修，[MASK]广东学政，工诗"中[MASK]位置的文本是：	官至翰林侍读， 提督
"《名人名言（珍藏版） （平装[MASK]言实出版社出版的图书，作者是延边人民社"中[MASK]位置的文本是：	）》是2003年中国
"梁权，1984年出生于贵州印江，现任铜仁市质量协会常务委员，副秘书长，印江土家族苗族自治县益缘爱心联社秘书[MASK]文化传媒有限公司、贵州省梵净山益缘饮料有限责任公司总经理"中[MASK]位置的文本是：	，益缘集团国际
"而阚清子只有165cm，两个[MASK]在一起还是很萌的"中[MASK]位置的文本是：	人走
"《海洋的末日》[MASK]上海译文出版社出版的图书，作者是（美）伍达德"中[MASK]位置的文本是：	是2002年
"基本资料[MASK] 身高:184cm  体重:78kg  球衣号码:51  国籍:葡萄牙  效力球队:卡图科比亚斯  场上位置:守门  前度效力球队:里奥阿维  曾经效力球队:里奥阿维,费伦斯,吉马良斯,玛亚球队阵容中场  G"中[MASK]位置的文本是：	球员:派华  生日:1980年7月31日 
"新搬的地方挨着集市，孟子玩耍时就玩[MASK]也不是孩子该住的地方，再一次搬家"中[MASK]位置的文本是：	一些商人买卖的游戏，孟母觉得这
"在今晚的最新播出的节目中，张韶涵也为大家带来了经典的歌曲《追梦人》，这首歌曲是罗大佑为了几年三毛而创作的，而这首歌曲的[MASK]将这首歌曲唱出了一种温婉深情的感觉，歌声唱入人心，让人回味无穷"中[MASK]位置的文本是：	原唱者是袁凤英，但是大家似乎都比较熟悉凤飞飞的版本吧，凤飞飞
"《[MASK]藏画》是1998年山东美术出版社出版的图书，作者是全山石"中[MASK]位置的文本是：	俄罗斯油画精品俄罗斯博物馆
"2011年2月26日，亚历克斯·帕蒂弗和迪安娜·阿格隆一同[MASK]4号》在中国大陆上映3"中[MASK]位置的文本是：	主演的，根据同名小说改编的，由梦工厂制作，迪士尼发行的好莱坞科幻动作电影《关键第
"但若直接在“中国书法网”通过姓名链接，则会进入新的介绍版本：[MASK]甘肃省天水市人，毕业于西北大学，本科学历，工程师职称"中[MASK]位置的文本是：	  张贵荣(1958年—)，
"《无限攻略》是六月[MASK]发表于起点网"中[MASK]位置的文本是：	之夜创作的网络小说，
"宋丹丹的第三次婚姻发生在97年的时候，在宋丹丹36岁[MASK]了28天，就结了婚"中[MASK]位置的文本是：	生日的时候，她再一次闪婚，与赵玉吉只认识
"杨逸塘，男，1938年生于江苏常州市[MASK]、陈之佛、亚明等教授"中[MASK]位置的文本是：	，1960年毕业于南京师范大学美术系，受业于著名画家傅抱石
"创作背景/五环之歌《五环之歌》最早见于2011年04[MASK]济南等专场有唱，后来成为岳云鹏代表作之一，几乎每场演出必唱的曲目之一"中[MASK]位置的文本是：	月09日民族宫岳云鹏专场史爱东与岳云鹏合作的相声《学歌曲》，之后在2011年德云社商业演出时在大连、
"《PowerPCB电路设计实用教程》是2007年国防工业出版社出版[MASK]，作者是周平，高伟，律淑珍"中[MASK]位置的文本是：	的图书
"[MASK]十四岁嫁给大将军杨忠之嫡长子杨坚"中[MASK]位置的文本是：	根据历史记载，她在
"人物履历马定英，女，[MASK]常委办主任，2012年4月任现职级"中[MASK]位置的文本是：	回族，中共党员，1966年3月生，省委党校在职大学，现任州委
"《异域逆天录》是起点中文网连载[MASK]，作者是恋风柳"中[MASK]位置的文本是：	的小说
"由乐视网出品、张国立监制、叶静和黄小蕾导演的《蕾女心经》劲爽来袭，将于2014[MASK]自制剧场”"中[MASK]位置的文本是：	年3月25日在“乐视视频客户端”提前播一集，26日上线PC端“乐视午间
"刘红梅，女，1996年[MASK]国际贸易专业"中[MASK]位置的文本是：	毕业于中国海洋大学英语语言文化及
"因为萨镇冰的[MASK]十分刻苦的学习，再加上天资聪慧，仅在11岁时，萨镇冰就考进马尾船政学堂，后以第一名的优异成绩毕业"中[MASK]位置的文本是：	家境贫寒，从小他就
"作为导演的她获奖无数，拿过5次[MASK]，她属于香港少有的把文学和电影结合的非常好的导演"中[MASK]位置的文本是：	香港电影金像奖最佳导演奖和台湾3次电影金马奖最佳导演奖，2014年和汤唯合作了一部电影《黄金时代》
"简介湖北省[MASK]襄阳三中”始建于1956年"中[MASK]位置的文本是：	襄阳市第三中学，简称“
"《血染道锋》是神奇[MASK]所著17k小说网连载的黑道商界小说"中[MASK]位置的文本是：	的萝卜
"《法泽天下》是斗胆[MASK]发表于17K小说网"中[MASK]位置的文本是：	创作的网络小说，
"《迷失洛杉矶》是由导演沈好放执导的家庭剧，由梁冠华、王伯昭、[MASK]"中[MASK]位置的文本是：	安雅、王骁等人主演
"里斯提克(BorivojeRistic )，塞尔维亚 籍足球运动员，现效力于BASK贝尔格莱德 ，[MASK]"中[MASK]位置的文本是：	场上位置是守门
"苏有朋导演的电影《左耳》、江金霖[MASK]》、钟汉良导演的《沙漏》等等，原著小说都是出自饶雪漫笔下"中[MASK]位置的文本是：	导演的网剧《会痛的十七岁
"马特·史密斯（Matt[MASK],England,GBR），英格兰职业足球运动员，司职前锋，效力于富勒姆足球俱乐部"中[MASK]位置的文本是：	 Smith），1989年6月7日出生于英国英格兰伯明翰（Birmingham
"1蓝色贝壳词：陈静楠曲：方文良编：安栋[MASK]邰正宵/朱敬然1"中[MASK]位置的文本是：	制作人:
"《红色之恋》由[MASK]出版"中[MASK]位置的文本是：	中国文史出版社在2006年
"广东领域集团成立于1998年,是集软硬件研发、生产、服务于[MASK]是国内首家专注于老人智能产品、健康器械的专业企业"中[MASK]位置的文本是：	一体的高新科技企业,广东领域守康科技有限公司隶属广东领域集团，
"地区气候东海市气候[MASK]海洋性气候，由于受到燥热风现象的影响，年平均气温比在同一纬度的西海岸高约1"中[MASK]位置的文本是：	多变，属
"看来身为小糯米的妈妈杨幂，要收起少女心，适当安心做一下刘恺威身后[MASK]"中[MASK]位置的文本是：	的小女人了
"《东归英雄传》是由塞夫及麦丽丝共同执导的民族[MASK]、宁静、斯琴高娃等参加演出"中[MASK]位置的文本是：	历史剧，马景涛
"个人简介刘方平（生卒年不详），字、号[MASK]今河南洛阳）人，生平事迹不详"中[MASK]位置的文本是：	均不详，唐玄宗天宝年间诗人，洛阳（
"还有2010年，由大S和何润东主演的《泡沫之夏》也是一部非常好看台湾偶像剧，该剧讲述了几个年青人之间一段充满[MASK]爱情故事"中[MASK]位置的文本是：	纠葛且刻骨铭心刻骨的
"《美神—人体Model的[MASK]新浪读书的小说，作者是青鸟"中[MASK]位置的文本是：	故事》是连载在
"随后，与郭京飞、甘露、李倩[MASK]2》，在剧中饰演风流作家陆琪好"中[MASK]位置的文本是：	、李岷城出演周琳皓执导的悬疑网剧《暗黑者
"《铁道游击队》是由上海电影制片厂于1956年摄制，由[MASK]、秦怡等主演的剧情片"中[MASK]位置的文本是：	赵明执导，曹会渠
"[MASK]基础》是2013年上海人民美术出版社出版的图书，作者是美凯文·海德培斯，美斯蒂芬·米萨"中[MASK]位置的文本是：	《美国动画素描
"还有一个更直接，更能使人信服的说法，就是秦始皇[MASK]吕不韦重温旧情，后来她又与别人私通，生下别的孩子，这让秦始皇很反感，有人推测，他从这个时候就开始厌恶女人，所以才不立后"中[MASK]位置的文本是：	的母亲赵姬行为不检点，刚开始做吕不韦都小妾，后来怀孕后，又被吕不韦送给秦国的王孙子楚，子楚死后，她虽为太后，却常常于
"袁崇焕（1584年—[MASK]石碣，通籍广西梧州（籍贯争议1）"中[MASK]位置的文本是：	1630年），字元素，籍贯广东东莞
"《夜隼》[MASK]谍战戏，由宋业明导演，谭力，彭启羽编剧，黄觉等主演"中[MASK]位置的文本是：	是八一电影制片厂播出的
"《熟悉的味道第一季》是由浙江卫视联手嘉华传媒[MASK]、孙坚担任节目主持人"中[MASK]位置的文本是：	共同制作的明星美食传情感恩真人秀12，李咏、曾宝仪
"家庭背景丘玉芳祖籍梅州市梅县[MASK]在印度尼西亚雅加达"中[MASK]位置的文本是：	区城东镇谢田村，1949年出生
"黄色[MASK]、长蝽科的动物"中[MASK]位置的文本是：	小长蝽是半翅目
"《教育与心理统计学》[MASK]人民教育出版社出版的图书，作者是张敏强"中[MASK]位置的文本是：	是2010年
"《网王之若惜羽》是连载于[MASK]文学城的小说，作者是夕羽蕾"中[MASK]位置的文本是：	晋江
"2014年11月[MASK]，出演赵宝刚的新剧《青年医生》，饰演程俊（2014年11月18日播出）"中[MASK]位置的文本是：	，任重主演的《和平的全盛时代》及继《北京青年》之后又一次携手张俪
"2014年7月，出演郭靖宇、柏杉联合执导的红色年代传奇剧《大秧歌》中饰[MASK]，该剧讲诉了：1936年，山东海阳"中[MASK]位置的文本是：	娇艳心机的姨太太春草儿
"《伤心证明书》是陈奕迅的[MASK]《婚礼的祝福》专辑中"中[MASK]位置的文本是：	音乐作品，收录在
"郜进海，男，出生年月，1964年9[MASK]年9月～1985年7月于焦作矿业学院采矿系矿井建设专业学习，获学士学位，1999,6硕士毕业于太原理工大学采矿工程专业，2005,6月博士毕业于太原理工大学采矿工程专业"中[MASK]位置的文本是：	月22日，籍贯：河南安阳，1981
"9月，尔玛依娜主演的非主流电影《尔玛的婚礼》被邀请并[MASK]中国）国际电影节34"中[MASK]位置的文本是：	入围了第四届好莱坞（
"《中国通[MASK]提姆・克里索德所著，2005年由上海三联书店出版发行"中[MASK]位置的文本是：	》一书由
"霍立昀，男，汉族，山西黎城人（福建屏南出生）[MASK]，大学学历"中[MASK]位置的文本是：	，1981年2月出生，中共党员
"《希区考克 作品152》是蔡旻佑演唱[MASK]蔡旻佑》中"中[MASK]位置的文本是：	的一首歌曲，该曲目收录在专辑《搜寻
"1月26日 应北京市未成年犯管教所的邀请，郭沫若纪念馆等7家名人纪念馆将“传承先进文化，追寻中华名人”[MASK]以“传承民族文化，感悟时代责任”为主题的文化活动"中[MASK]位置的文本是：	展览送进未管所，共同举办了
"《媒体奇观》是道格拉斯·[MASK]图书作品"中[MASK]位置的文本是：	凯尔纳的
"博鲁特·帕霍尔（Borut Pahor）[MASK]月2日生于波斯托伊纳市，1987年毕业于卢布尔雅那大学"中[MASK]位置的文本是：	，1963年11
"团扇[MASK]是属无患子目、秋海棠科下一个物种"中[MASK]位置的文本是：	叶秋海棠
"高满堂编写[MASK]启动拍摄，从曝光大纲看，高满堂笔下将催生又一部“三高剧”"中[MASK]位置的文本是：	的《我的娜塔莎》将在中俄
"王君，男，汉族，1976年11月生，陕西勉县人，1996年9月参加工作[MASK]大学学历（中央党校法律专业），现任昌吉市委常委"中[MASK]位置的文本是：	，2000年1月入党，中央党校
"《牛津英语搭配词典[MASK]外语教学与研究出版社出版的书籍，作者是克劳瑟"中[MASK]位置的文本是：	》是2003年
"《今日关注》是中央电视台中文国际频道（CCTV-4）[MASK]鲁健、王世林、刚强、徐俐、王洲"中[MASK]位置的文本是：	每晚21:30播出的时事述评栏目，主持人是
"江苏金盈赢[MASK]在江阴市市场监督管理局登记成立"中[MASK]位置的文本是：	贵金属有限公司于2014年04月18日
"河源市友兴建筑[MASK]注册资金为壹仟万元"中[MASK]位置的文本是：	装饰有限公司成立于1999年，
"《版本控制之道》是2010年电子[MASK]出版的图书，作者是(美)斯威司古德"中[MASK]位置的文本是：	工业出版社
"（父子相差54岁）2.刘德华刘德华和朱丽倩隐婚多年，2012年5月，朱丽倩产下女儿刘向蕙，[MASK]，刘德华可谓对妻子、女儿都呵护有加"中[MASK]位置的文本是：	51岁刘德华正式升级为爸爸
"[MASK]赶到，只有吴传玉一人参加了男子游泳的比赛"中[MASK]位置的文本是：	仓促成立的中国代表团于29日才
"《龙门飞甲》是徐克导演[MASK]"中[MASK]位置的文本是：	的败笔之作吗
"莫施是一个于2010年[MASK]由上海威淳实业有限公司创立的品牌"中[MASK]位置的文本是：	8月18日
"而神宗也因为宠爱郑贵妃[MASK]和郑贵妃所生的皇三子朱常洵为太子，即便他从小骄妒任性，荒废学业"中[MASK]位置的文本是：	，一直不立自幼聪明好学的皇长子朱常洛为太子，因为他想立
"《重生过去当大佬》是羊杂烩面创作的网络小说[MASK]小说网"中[MASK]位置的文本是：	，发表于17K
"水稻赤斑沫蝉（Callitetix[MASK]沫蝉科"中[MASK]位置的文本是：	 versicolor）同翅目，
"《北方果树病虫害防治手册》是2012年[MASK]，作者是秦维亮"中[MASK]位置的文本是：	中国林业出版社出版的图书
"《 贝德士文献研究》是[MASK]广西师范大学出版社出版的图书，作者是章开沅"中[MASK]位置的文本是：	2011年
"宁首波，1963年出生，毕业于[MASK]、上海分公司总经理、中美大都会人寿保险公司资深副总经理"中[MASK]位置的文本是：	北京大学，是一位资深副总经理，历任平安人寿保险公司河北分公司副总经理、平安人寿天津分公司
"《很爱》是由胡如虹作词，江任盟作曲，王心凌演唱的歌曲，该歌曲收录于王心凌[MASK]心》中"中[MASK]位置的文本是：	2009年发行的专辑《心电
"九夜茴在《匆匆那年》中的文字，也已经成为对当代“[MASK]”的最好描述"中[MASK]位置的文本是：	80后
"《速度与激情》系列，《[MASK]是出自大名鼎鼎的——环球影片公司( 英语:Universal Picture)，又称环球影业"中[MASK]位置的文本是：	谍影重重》系列，《神偷奶爸》系列电影，这些大家喜欢的电影，都
"分类学动物界 脊索动物门 鸟纲 鴴形目 瓣蹼鹬科 瓣蹼鹬属外形特征灰瓣蹼[MASK]"中[MASK]位置的文本是：	鹬冬羽头和下体白色
"时光网讯好莱坞影星布莱德利·[MASK]日，布莱德利·库珀在担任男主角的同时还将担任该片的导演，Lady Gaga首次担当电影女主角，并且片中的音乐也将由她一手包办1"中[MASK]位置的文本是：	库珀将的导演处女作《一个明星的诞生》原档期2018年9月28日调档至2018年5月18
"[MASK]为亚热带季风气候区"中[MASK]位置的文本是：	气候盐官镇
"”三月国产片大盘点《闺蜜2》：陈意涵张钧甯“真闺蜜”合体上映日期：3月2日导演：黄真真主演：陈意涵、薛凯琪、[MASK]迎来新成员"中[MASK]位置的文本是：	张钧甯适合人群：《闺蜜》粉丝、三女主粉丝、有闺蜜的小女生在第一部经历了恋爱、失恋、撕X之后，《闺蜜2》
"出演安建执导的电视剧《[MASK]吹》，饰演赵春丽"中[MASK]位置的文本是：	北风那个
"山西黑马炭黑有限公司[MASK]2008年3月14日在山西省河津市工商行政管理局登记成立"中[MASK]位置的文本是：	于
"董泽平，男，汉族，1954年3月出生于江苏省溧阳市，1974年4月加入[MASK]毕业，在职研究生学历"中[MASK]位置的文本是：	中国共产党，1972年12月参加工作，国防大学基本系大学专科毕业，国防大学联合战役学专业
"胡晓文，中国共产党党员，四川省彭州市政府副[MASK]、政府办副主任"中[MASK]位置的文本是：	秘书长
"《展示设计手绘表现技法》是2010年江西美术出版社出版的[MASK]刘晓东、张建超、许晶"中[MASK]位置的文本是：	图书，作者是
"网易娱乐3月7日报道由导演崔亮执导，左小青、刘以豪、张书豪等主演的52集青春爱国剧《[MASK]，演员钱磊参演了其中一段惊心动魄，却又不乏诙谐的戏"中[MASK]位置的文本是：	台湾往事》，已于2月22日起在浙江卫视中国蓝剧场开始播出
"专家简介谢君平主任医师1毕业于同济医科大学，从事耳鼻喉科的临床与[MASK]全国各地慕名而来求医的患者络绎不绝"中[MASK]位置的文本是：	科研工作二十余年，不断消化吸收国内外先进的医疗技术，在耳鼻喉专业领域享有较高的声誉，
"王小波就读的[MASK]，不见得就有造就"中[MASK]位置的文本是：	美国匹兹堡大学61.一味的勇猛精进
"郭松龄[MASK]1925)，堪称奉天奇女子"中[MASK]位置的文本是：	的夫人韩淑秀(1891-
"亚美尼亚高原[MASK]熔岩覆盖的高原组成，平均海拔1，500-2，000米，面积40万平方千米"中[MASK]位置的文本是：	由一系列
"20世纪末，北京市政府决定恢复宛平城[MASK]为青石地面等"中[MASK]位置的文本是：	明、清时期原貌，包括将柏油街道恢复
"省略N点,导致国内官民十分反感,播[MASK]才提上日程美版《西游记》唐僧与观音有感情纠葛多么深情的激吻啊,老夫聊发少女心韩国版讲的是在21世纪的新师徒四人组啊"中[MASK]位置的文本是：	了三集就停了,中国86版就是杨洁导演,六小龄童的西游记
"2013年5月5日，[MASK]现身伦敦机场单人回来香港，一脸憔悴的他被问到与何超云的感情时，还坚持：“我们之间从来没有感情的问题"中[MASK]位置的文本是：	赌王何鸿燊三房千金何超云与陈山聪上月初传感情告急，何超云更远走英国疗情伤，陈山聪随即飞往当地补救，陈山聪于当地时间前晚
"《残酷[MASK]书城的小说，作者是雪凤天舞"中[MASK]位置的文本是：	总裁》是一部连载于3G
"《妖月白狐》是妖月白狐创作的[MASK]，发表于起点网"中[MASK]位置的文本是：	网络小说
"[MASK]历险记》是2007年湖北少儿出版的图书，作者是奥斯本"中[MASK]位置的文本是：	《神奇树屋1-恐龙谷
"蓝头圃鹀是一种脊索动物门、鸟纲、雀形目、鹀科、鹀属类生物，分布于阿尔巴尼亚，乍得[MASK]，阿拉伯叙利亚共和国，土耳其"中[MASK]位置的文本是：	，塞浦路斯，埃及，厄立特里亚，希腊，以色列，约旦，黎巴嫩，马其顿，摩洛哥，巴勒斯坦，沙特阿拉伯，苏丹
"[MASK]中山路（AmoiYatSenRoad）位于厦门岛西南部，是厦门市思明区中华街道的一条东西走向的道路"中[MASK]位置的文本是：	步行街简介厦门
"气候特征我国华北地区[MASK]季风气候"中[MASK]位置的文本是：	主要为温带
"站址[MASK]草河口镇，邮政编码117114"中[MASK]位置的文本是：	在辽宁省本溪满族自治县
"赵圆瑗，1991年5月9日出生于山东，中国内地女演员，毕业于上海戏剧学院2007级古典舞[MASK]本科班1"中[MASK]位置的文本是：	表演专业
"《闽商发展报告》是2012年出版的图书[MASK]林琛"中[MASK]位置的文本是：	，作者是李闽榕，王日根，
"廖丁龙（1913－1930），福建省[MASK]今龙岩市新罗区）龙门镇湖坑村人"中[MASK]位置的文本是：	龙岩县（
"《我的传奇老婆》[MASK]题材电视剧，由王挺、崔波、董彦麟、刘佩琦、李立群联袂主演"中[MASK]位置的文本是：	是游达志执导、刘奎序编剧的抗战
"[MASK]于2006年06月29日在呼和浩特市工商行政管理局登记成立"中[MASK]位置的文本是：	内蒙古凯蒙五鑫房地产开发有限公司
"高力国际总部位于美国华盛顿州西雅图市，在全球63个国家[MASK]优质的服务"中[MASK]位置的文本是：	拥有485家分公司，致力为客户提供最
"《为爱出走》是杭天琪演唱的一首[MASK]编曲"中[MASK]位置的文本是：	歌曲，魏锦胜作词，黄健忠作曲，颜小健、余威
"米仁尼沙·亚力坤，女，维吾尔族，1978年11月出生，现任喀什市第十八[MASK]"中[MASK]位置的文本是：	小学教师
"《大梦未醒》是连载[MASK]的小说，作者是绿川须见"中[MASK]位置的文本是：	在晋江文学城
"张虎生，男，1960年6月[MASK]平定县人，中共党员"中[MASK]位置的文本是：	出生，汉族，山西省
"覃南翔，[MASK]镇人，1973年12月出生，大学文化，1997年9月参加工作，2000年8月加入中国共产党，现任柳江县流山镇党委书记"中[MASK]位置的文本是：	男，壮族，柳江县成团
"马来长尾阔嘴鸟（学名：Psarisomus dalhousiae[MASK]是雀形目阔嘴鸟科的鸟类，体长约25厘米，是绿色阔嘴鸟"中[MASK]位置的文本是：	 psittacinus ）
"南京市溧水区人民法院成立于1951年2[MASK]在编干警89人，审判绩效在全市基层法院排名第3"中[MASK]位置的文本是：	月，现设有16个内设机构和1个基层人民派出法庭，全院
"动画公式集《彩梦芭蕾》曾出版两本动画公式集，分别详细介绍~卵之章~与~雏之章~的集数故事[MASK]昇悟）及七位声优（加藤奈奈绘、水树奈奈、矢薙直树、樱井孝宏、松本幸、白鸟由里、松本保典）访谈和使用乐曲简介"中[MASK]位置的文本是：	纲要、原案与二位监督（伊藤郁子、佐藤顺一、河本
"《怒火羔羊》是1992年香港电视广播有限公司拍摄的20集[MASK]陈秀雯主演"中[MASK]位置的文本是：	警匪片，由郑浩南、
"《自然卡片DIY》是2001年2月1日吉林[MASK]"中[MASK]位置的文本是：	美术出版社出版的图书
"《当我想起你》是陈百强[MASK]林敏骢作曲，收录在《我的心底话(珍藏集)》专辑中"中[MASK]位置的文本是：	的音乐作品，
"2018年是松下的100周岁生日，AWE 2018上松下将会有一系列的庆祝活动，并开设纪念100周年的特别展区，从1918[MASK]年历史精彩呈现"中[MASK]位置的文本是：	年日本经营之神松下幸之助创业起，至2018年的100
"NO.6《唐伯虎点秋香》1993年 豆瓣评分8.4唐伯虎（周星驰 饰[MASK]首，却有道不尽的心酸"中[MASK]位置的文本是：	）身为江南四大才子之
"据史学者研究，朱见深有鉴于其父朱祁镇（英宗）制造了兵部尚书于谦等人冤狱的教训，[MASK]作此诙谐图画的原因之一"中[MASK]位置的文本是：	继位之后下令平反昭雪，并在朝廷上下提倡团结，大概就是这位威严的皇帝之所以
"深圳市深蓝光电有限公司源起于1999年总部设于广东深圳的嘉保电子（[MASK]LED照明产品的子公司"中[MASK]位置的文本是：	集团）有限公司，为旗下专业研发/生产/销售
"罗红江，男，傣族，1962年5月生，云南省景洪市人，1982年8月参加工作，1988年8[MASK]，大学学历"中[MASK]位置的文本是：	月加入中国共产党，云南民族学院汉语言文学专业毕业
"《办理继承收养案件法律依据》是中国法制出版社出版的[MASK]是中国法制出版社"中[MASK]位置的文本是：	图书，作者
"《花甲[MASK]康康、柯叔元、王彩桦、严正岚等主演的电视剧，2017年5月26日于台湾播出"中[MASK]位置的文本是：	男孩转大人》是一部由瞿友宁、李青蓉执导，卢广仲、龙劭华、
"《中国赋学历史与批评》是2001年[MASK]作者是许结"中[MASK]位置的文本是：	江苏教育出版社出版的图书，
"个人履历简介马姆[MASK]16日出生，塞内加尔足球运动员"中[MASK]位置的文本是：	,1987年12月
"《鉴证实录》《洛神》《凤凰四重奏》在近几年的TVB剧中我们[MASK]的身影了，因为在2011年后，汪琳为了照顾家庭和女儿选择了淡出演艺圈"中[MASK]位置的文本是：	已经很少看到汪琳
"《不要说话》是一首由小柯填词、谱曲[MASK]歌曲（代表作）"中[MASK]位置的文本是：	，Mac Chew编曲，陈奕迅演唱的
"江疏影和杜江[MASK]陈赫、郑恺是上海戏剧学院同学"中[MASK]位置的文本是：	、
"《报应》是高慧君演唱的一首歌曲，由易齐作词[MASK]女人最美丽》"中[MASK]位置的文本是：	作曲，收录于专辑《认真的
"创作背景《新娘不是我》是程响将情感经历写进歌曲，且程响进入乐坛不久，主打歌曲《分手了还是朋友》推出不久[MASK]试听，为获得更多歌迷，再推出作品"中[MASK]位置的文本是：	后便获得了空前的反响，刷新网络
"阿拉伯[MASK]为鲀形目，四齿鲀科，鲀属一种淡水鱼类"中[MASK]位置的文本是：	鲀（Tetraodon lineatus）又称斑马狗头，
"《踢出一片天》是韩国与泰国合拍的喜剧动作电影，由[MASK]3日在韩国上映"中[MASK]位置的文本是：	普拉奇亚·平克尧、李钟锡执导，曹在显、艺智苑主演，于2011年11月
"2015-07-09「爱情保卫战」: 女友要分手因是单身父亲[MASK]直言不要祸害别人"中[MASK]位置的文本是：	 涂磊
"《绝密兵王》是澜月传说写[MASK]连载于17k小说网"中[MASK]位置的文本是：	的网络小说
"《恋我癖EGO[MASK]是中国台湾女歌手蔡依林演唱的歌曲，由葛大为填词、陈星翰作曲"中[MASK]位置的文本是：	-HOLIC》
"《王》2017年网剧《假[MASK]：刘 扬演唱：王程程"中[MASK]位置的文本是：	凤虚凰》主题1曲作词：张一一作曲
"[MASK]年毕业于芜湖师专"中[MASK]位置的文本是：	季渡平，1997
"2003年10月杨振宁的夫人[MASK]因病去世"中[MASK]位置的文本是：	杜致礼
"[MASK]和足立慎吾合作创作的原创电视动画，于2013年7月5日发表动画制作决定"中[MASK]位置的文本是：	《伽利略少女》是由梅津泰臣
"有蒲巴甲和安以轩主演的《乌龙山剿匪记》登陆[MASK]首播"中[MASK]位置的文本是：	湖南卫视
"《动漫世界》是中央电视台少儿频道于[MASK]开播之日起推出的一档少儿栏目，由鞠萍、顽皮主持"中[MASK]位置的文本是：	2003年12月28日
"《黑色蝴蝶》为汪苏泷2014[MASK]歌曲"中[MASK]位置的文本是：	新专辑《传世乐章》中的
"桂纶镁这个演员，[MASK]》吧，后来是FIR 的MV《我们的爱》、光良的MV《都是你》、以及后来跟电影一起出品的MV《不能说的秘密》，跟着周杰伦一起演出的《不能说的秘密》，才成为了我所熟知的演员"中[MASK]位置的文本是：	其实一开始认识她的时候，是从MV开始的，好像是蔡健雅的MV《陌生人
"《ID-0》是由谷口悟朗担任导演，黑田洋介负责剧本[MASK]制作的机器人题材原创电视动画"中[MASK]位置的文本是：	，三次元公司
"黄陵渝， 女，汉族，[MASK]1950年8月生于重庆市，中国致公党党员"中[MASK]位置的文本是：	山东沂水人，
"戴英培，1962年1月出[MASK]，汉族"中[MASK]位置的文本是：	生于上海市
"贾宝玉的母亲王夫人是一个表面[MASK]轻狂，于是王夫人就将晴雯赶出了贾府，那个时候晴雯正得了重病，好几天都没有吃东西，就让人把晴雯拖出了贾府"中[MASK]位置的文本是：	善良实际上冷漠心狠的人，因为晴雯长得很好看，在丫鬟里面很突出，且觉得晴雯的举止行为有些
"徐易容，1975年出生山西太原人 [MASK]于美国斯坦福大学，美丽说创始人兼CEO"中[MASK]位置的文本是：	毕业
"爱得好[MASK]许冠杰演唱的一首歌曲，所属专辑：《难忘许冠杰Sam Hui 30年》"中[MASK]位置的文本是：	紧要是 
"《2012年司法考试辅导用书[MASK]八册）》是2012年法律出版的图书，作者是法律考试中心"中[MASK]位置的文本是：	配套测试题解（全
"《颈背酸痛-不再烦恼》[MASK]作者是户菲菲"中[MASK]位置的文本是：	是2005年湖北科学技术出版社出版的图书，
"浙江新光药业股份有限公司于1998年11月[MASK]"中[MASK]位置的文本是：	18日在浙江省工商行政管理局登记成立
"华伟是勤奋、多产作家，2000年初出版个人诗集《艺魂》，2003年初创作出版35万字长篇小说《掠风》，2007年初[MASK]。论文《再论中国画的意境美》，获优秀论文奖并发表在《中国美术论文集》中"中[MASK]位置的文本是：	编著出版美术评论集《天籁无声》，2011年初出版诗集《诗野艺境》
"人物简介张光胜，[MASK]渝北区，1989年会计专业毕业"中[MASK]位置的文本是：	男，1967年11月12日出生于重庆市
"2014[MASK]的大家闺秀苏妲己和妖娆魅惑的九尾狐胡仙儿，凭借该剧获得第17届华鼎奖古装剧最佳女主角奖提名5"中[MASK]位置的文本是：	年1月，张馨予主演古装神话剧《封神英雄榜》，在剧中一人分饰两角，分别扮演温婉善良
"《生命火花》是1995年[MASK]等主演的爱情电视剧，共39集，每集45分钟"中[MASK]位置的文本是：	新加坡的一部电视剧由萧乙铭指导，范文芳、关礼杰、王玉清、薛素珊、廖依敏主演
"据说，大约十年前，泽尻绘理香已经更名为泽尻英龙华之后，在参加主演电影《尘封[MASK]这在当时引起很大轰动，节目主持人明石家秋刀鱼称赞说：“当时太帅了"中[MASK]位置的文本是：	笔记本》宣传活动时，对记者的提问回答“没什么好说”，
"《无底线》是由被誉为90后原创女生[MASK]本兮所创作的一张迷你专辑"中[MASK]位置的文本是：	第一人的
"[MASK]应该接拍这样的剧集，不过看看《新笑傲江湖》的导演也许可以明白，导演金琛曾执导过《麻雀》，王劲松老师在里面饰演李默群一角"中[MASK]位置的文本是：	网友纷纷表示心疼王劲松老师，他这样的水准不
"《极品员外》是连载于17k小说网的一部架空历史小说，作者[MASK]"中[MASK]位置的文本是：	是一朵菊花分外红
"”李清照李清照（1084年3月13日—约[MASK]，汉族，齐州济南（今山东省济南市章丘区）人"中[MASK]位置的文本是：	1155年），号易安居士
"一转眼，成立于1998年2月25日的搜狐已经[MASK]"中[MASK]位置的文本是：	整20岁
"《来自地狱的请柬》[MASK]是回忆的苦涩"中[MASK]位置的文本是：	是连载于17k小说网的奇幻魔法小说，作者
"《企业[MASK]劳动社会保障出版社出版的图书，作者是人力资源和社会保障部职业技能鉴定中心企业人力资源管理师项目办公室组织"中[MASK]位置的文本是：	人力资源管理师国家职业资格考试指南》是2011年中国
"[MASK]由中国知名网络作家南派三叔于2014年初在杭州创立"中[MASK]位置的文本是：	企业简介杭州南派投资管理有限公司
"《地球最后修行者》为纵横中文网[MASK]教主"中[MASK]位置的文本是：	网络连载小说，作者为张角
"球员:乌根生日:1978年7月1日身高:[MASK]体重:77kg"中[MASK]位置的文本是：	180cm
"《游戏王：THE DARK SIDE OF DIMENSIONS》是为了纪念《[MASK]制作的新剧场版动画，于2016年4月23日在日本公映"中[MASK]位置的文本是：	游戏王》原作诞生20周年而
"《女博士的[MASK]生活》是阿半的一部网络小说，连载于晋江文学城"中[MASK]位置的文本是：	第三类
"[MASK]音乐作品，收录在《奇异恩典》专辑中"中[MASK]位置的文本是：	《平安夜歌》是李思琳的
"上海锦江都城酒店管理有限公司于2013年4月27日在浦东新区市场[MASK]"中[MASK]位置的文本是：	监管局登记成立
"洪流，男，汉族，1961年8[MASK]1998年10月加入中国共产党，1984年8月参加工作"中[MASK]位置的文本是：	月生，江苏句容人，大学学历，学士学位，编辑，
"朱俊威，男，1970年11[MASK]，1994年12月加入中国共产党，本科学历"中[MASK]位置的文本是：	月出生，汉族，广东省和平县人，1993年7月参加工作
"2013年[MASK]由他出演的《西游·降魔篇》等多部重磅电影轮番上映"中[MASK]位置的文本是：	，黄渤更加“疯狂”，
"漫画主要取材于郭德纲[MASK]我这一辈子”“我是黑社会”等"中[MASK]位置的文本是：	的相声段子，如“我要幸福”“
"何超琼是何鸿燊与二太太蓝琼缨所生[MASK]沉稳，做事低调"中[MASK]位置的文本是：	5个子女中的老大，性情
"很多人评价郭敬明的电影就像是极尽华丽能事的[MASK]南柯一梦，奢华明艳，童话梦幻"中[MASK]位置的文本是：	PPT，确实，《小时代》中的许多场景就像少女的
"其实本来巩俐的戏份会比现在播出的多，但是那时候因为巩俐是内地人，听不懂粤语，所以周星驰在拍《唐伯虎点秋香》的时候是[MASK]的"中[MASK]位置的文本是：	让郑佩佩在旁边当翻译
"《郭秀明》是由人民日报社、中共陕西省委宣传部、[MASK]了陕西省铜川市惠家沟村党支部书记郭秀明的真实事迹"中[MASK]位置的文本是：	中国飞天集团、西安电影制片厂联合摄制的18集电视连续剧讲述
"《龙神都市录》[MASK]的网络小说，发表于17K小说网"中[MASK]位置的文本是：	是流雨有痕创作
"《笑猫日记》（明天出版社）、《窗边[MASK]沈石溪品藏书系——狼王梦》（浙江少年儿童出版社）、“米小圈上学记”系列（四川少年儿童出版社）等少儿书均有不错的销售成绩"中[MASK]位置的文本是：	的小豆豆》（南海出版公司）、《五毛的故事（精）》（华南理工大学出版社）、《动物小说大王
"丁嘉植  [清][MASK]人"中[MASK]位置的文本是：	号琴涵，江苏武进
"[MASK]上海古籍出版社出版的图书，作者是高旻来果"中[MASK]位置的文本是：	《来果禅师广录》是2006年
"《三国志魂下》是2012年光栄出版社出版[MASK]是荒川弘，杜康润"中[MASK]位置的文本是：	的图书，作者
"董静，女，汉族，[MASK]中共党员"中[MASK]位置的文本是：	
"《[MASK]是岩田由纪执导，山田孝之主演的爱情电影，于2011年11月19日上映"中[MASK]位置的文本是：	想戴上戒指》
"《人鱼公主》是2002年[MASK]剧，由李健俊执导，朴容夏、柳真、李俞利、李东旭等主演"中[MASK]位置的文本是：	韩国KBS出品的一部爱情
"饰演者尚语贤，1994年7月28日出[MASK]女演员，毕业于北京电影学院"中[MASK]位置的文本是：	生于四川省，中国内地
"潘宇海1，汉族，1973年出生于东莞，全球华人餐饮连锁——真功夫餐饮管理[MASK]，现任真功夫董事长兼总裁"中[MASK]位置的文本是：	有限公司创始人
"《请多听几次》是歌手郑伊健[MASK]》"中[MASK]位置的文本是：	的一首粤语歌曲，所属专辑《撒哈拉
"《微[MASK]歌手孙子涵和李潇潇的一首歌曲，收录于《微青春的附件》专辑中"中[MASK]位置的文本是：	情歌》是
"《烛光夜》是由林振强作词，C.Y.[MASK]，杨千嬅演唱的一首歌曲，收录在专辑《狼来了》中"中[MASK]位置的文本是：	Kong作曲
"《现代语言学流派》[MASK]4"中[MASK]位置的文本是：	，陕西人民出版社，1987年版
"[MASK]起点中文网的一本东方玄幻类小说，作者是书友080609150723863"中[MASK]位置的文本是：	《奇侠阿木传》是连载于
"如今近5年过去，郭晶晶不但和霍启刚恩爱万分，时不时[MASK]恩爱，虐死单身狗了"中[MASK]位置的文本是：	在公众面前秀个
"塔塔汽车是印度塔塔集团下属的子公司[MASK]之内，年营业额高达20亿美元"中[MASK]位置的文本是：	，成立于1945年，全球商用汽车制造商中排名十甲
"原滴虫是动质虫目([MASK]原生动物的统称"中[MASK]位置的文本是：	Kinetoplastida)
"孙丽华，毕业于天津中医学院，从事胃肠道疾病的临床和科研工作30余年，常年开展临床实践与医学原理相结合的研究工作，运用中医辩证[MASK]和疑难杂病的治疗上有很深的造诣"中[MASK]位置的文本是：	施治，在消化系统常见病、多发病
"斑环猛猎蝽，属动物界   节肢动物门  昆虫[MASK] 猎蝽科  猛猎蝽属，体长16"中[MASK]位置的文本是：	纲  半翅目  
"《背影[MASK]，曹芙嘉演唱的歌曲"中[MASK]位置的文本是：	》是由陈道斌填词
"原谅是香港歌手胡鸿钧主唱的[MASK]14日专辑《双飞》，为国语歌曲《原谅我》的粤语版本"中[MASK]位置的文本是：	一首粤语歌，收录于2012年9月
"克雷格·孔维，[MASK]，身高178cm"中[MASK]位置的文本是：	是一名足球运动员
"1.第三类接触(1977) 导演：史蒂文·斯皮尔伯格主演： 理查德·德莱福斯 弗朗索瓦·特吕弗2.2001太空漫游 (1968) 导演：斯坦利·库[MASK]"中[MASK]位置的文本是：	布里克主演： 凯尔·杜拉 加里·洛克伍德为了调查神秘的石柱，一艘太空船前往木星
"《[MASK]料理在家做》是2011年吉林出版集团出版的图书，作者是范姝岑"中[MASK]位置的文本是：	人气
"国产喜剧TOP2——《大话西游之月光宝盒》：周星驰[MASK]，出彩，但是刘镇伟的编剧和导演功力让它成为永远的经典"中[MASK]位置的文本是：	的表演让这部电影变得耐看
"安丘市青云湖位于[MASK]湖面600公顷是山东省最大的人工湖），按国家AAAA级旅游区标准规划建设"中[MASK]位置的文本是：	山东省安丘市市北区，总面积800公顷（其中
"朱茵与黄贯中女儿的中文名字，朱茵亲口透露已[MASK]响声，原本想过叫黄晶，但名字被王晶用了，英文名由父亲起，叫Debbie，取其发音像daddy baby"中[MASK]位置的文本是：	为女儿取名为黄莺，因她本身好喜欢这种鸟，很多诗人都对黄莺赞美，加上她喜欢
"1984年《高山下的花环[MASK]》作者李存葆，1946年生，山东省五莲县人"中[MASK]位置的文本是：	》第二届大众电视金鹰奖优秀女配角：王玉梅原著介绍高山下的花环
"李长润，男，汉族，1933年8月出生于河北唐山开平郊区一个[MASK]"中[MASK]位置的文本是：	普通的农民家庭
"奇隆青步甲是一种昆虫纲、鞘翅目、步甲科类生物，分布于湖北[MASK]、山西、山东"中[MASK]位置的文本是：	、四川、江苏、安徽、河南
"《三国演义》中最有气势的话就是关羽对[MASK]那句：吾弟张翼德于百万军中取上将之头，如探囊取物耳"中[MASK]位置的文本是：	曹操说的
"唐永泰，1942年生[MASK]四川新津人．新都师范学校高级讲师"中[MASK]位置的文本是：	，字廷泰，
"《爱情鸟》是林依轮[MASK]张海宁作曲，收录在《鏋椾緷杞?簿阃夐泦》专辑中"中[MASK]位置的文本是：	的音乐作品，
"《绝代艳后》导演:索菲亚·科波拉主演:克斯汀·邓斯特/詹森·舒瓦兹曼玛丽王后穿每一件[MASK]，都是一幅画，赏心悦目"中[MASK]位置的文本是：	衣服，在凡尔赛款款徐行的时候
"主持人《[MASK]她有着深厚的文学底蕴和丰富的教育经历——复旦大学文学学士，英国剑桥大学经济学硕士，中国美院美术史博士"中[MASK]位置的文本是：	微讲堂》特邀南京大学教师李娜作为主讲人，
"金龟子类属无脊椎动物，昆虫纲，鞘翅目是[MASK]"中[MASK]位置的文本是：	一种杂食性害虫
"《天才》是腾讯网[MASK]名流巨星》的插曲，由毛方圆演唱及作曲"中[MASK]位置的文本是：	剧《重生之
"毛维伦（1950—2006），男，湖北中医学院教授，全国首届名老中医专家知名炮制教授[MASK]师学术经验继承人指导老师，中药炮制专家，湖北省有突出贡献的中青年专家"中[MASK]位置的文本是：	陈绪纶先生学术继承人，全国第三批
"《莱茵河的囚徒》是2009[MASK](日本)田中芳树"中[MASK]位置的文本是：	年09月阳光出版社出版的一本图书，作者是
"刘正康，男，壮族，1971年11月出生[MASK]学历，1997年10月参加工作，2001年2月加入中国共产党"中[MASK]位置的文本是：	，广西南宁人，1997年6月广西民族学院中文系语言文学专业毕业，大学
"人物简介侯应遴[MASK] )，字佐熙，号夷庚"中[MASK]位置的文本是：	(158 0 ─1647
"《微博达人》是由北京世纪博英影视传媒有限公司打造的国内首部微博[MASK]由陈键锋，陈司翰，章龄之，吕良伟等领衔主演，由香港导演蓝志伟执导1"中[MASK]位置的文本是：	商战剧，
"张巧利，女[MASK]毕业于华西医科大学，医学硕士"中[MASK]位置的文本是：	，
"任浩波，男，1964年2月出生，大学本科学历[MASK]专业"中[MASK]位置的文本是：	，中国国民党革命委员会党员，毕业于湖南中医学院中医
"《[MASK]罗马神话一百篇》是1989年中国对外翻译出版公司出版的图书"中[MASK]位置的文本是：	希腊
"《只为[MASK]歌曲原唱为曲佑良"中[MASK]位置的文本是：	我爱你》词曲：王杰，
"”作者自评琼瑶在《寒烟翠》的后记中这样写道：1965年秋天，我刚结束了[MASK]准备好好的休息一阵，同时，在台湾各地跑跑，疏散一下久因于书桌前的身心"中[MASK]位置的文本是：	我的小说《船》，
"3、丹佛掘金队以122-119战胜了圣安东尼奥马刺队，掘金队的约基奇全场得到了28分，11个篮板和11次[MASK]助攻"中[MASK]位置的文本是：	助攻，连续3场取得3双（2.14日对阵马刺：32分，13个篮板，11次
"《纯与爱》（纯と爱）是日本放送协会（NHK）大阪放送局于2012年10月1日至2013[MASK]"中[MASK]位置的文本是：	年3月30日期间播放的爱情类电视剧
"《复仇幽魂》是愤怒的[MASK]的网络小说连载于17k小说网"中[MASK]位置的文本是：	小德写
"《常见蜘蛛野外识别手册》是张志升所著的一本书，由重庆大学出版社出版，以图文并茂的形式介绍在森林、农田、[MASK]和相关蛛形动物的基础知识"中[MASK]位置的文本是：	居室等各种环境中常见的蜘蛛200多种，普及有关蜘蛛
"《[MASK]Brad Peyton）执导本片，4/13北美提前上映"中[MASK]位置的文本是：	末日崩塌》（San Andreas）导演布拉德·佩顿（
"孙悟空是中国明代小说家吴承恩的著作《西游记》中的[MASK]徒弟，猪悟能、沙悟净的大师兄"中[MASK]位置的文本是：	角色之一，诨名行者，是唐僧的大
"《梦想与现实》系列是国内首部以“闪片”为概念的[MASK]”联合主演"中[MASK]位置的文本是：	精品迷你剧，由“小夕”“熊琛”“刘宇珽
"《凤兮凤兮非梧不栖》是在17k小说网上连载的穿越架空类小说，[MASK]乙"中[MASK]位置的文本是：	作者是天
"《培养[MASK]：浙江人民出版社难度指数：★★情绪管理，其实是可以和孩子一起来学的，这便是戈特曼理论体系中很重要的实操部分"中[MASK]位置的文本是：	高情商的孩子》作者：约翰·戈特曼、 琼·德克莱尔出版社
"《小三续集1》是歌手冷漠2011年发行的歌曲，词曲[MASK]牛侠"中[MASK]位置的文本是：	陈伟，编曲
"CD迪奥创始人[MASK]时装、珠宝首饰、服装鞋帽、内衣品牌故事：“如果迪奥还活着，如今的时尚当是另外一个模样"中[MASK]位置的文本是：	：Christian Dior设计师：加里亚诺发源地：法国成立年份:1946年产品线:化妆品、成衣、香水、皮具、
"《精灵魔法学校·飞吧[MASK]辽宁少年儿童出版社2011年出版的图书，作者是蒂达娜·伍兹"中[MASK]位置的文本是：	，小精灵》是
"温州市旭呈电子商务有限公司于2016年04月28日在温州市工商行政管理局瓯海分局[MASK]"中[MASK]位置的文本是：	登记成立
"东莞泉声电子有限公司于2002[MASK]工商行政管理局登记成立"中[MASK]位置的文本是：	年11月13日在东莞市
"中国第一代电视[MASK]了长篇电视剧《文成公主》。在给观众献上一部珍贵的历史电视剧的同时，也完成了自己三十几年的心愿"中[MASK]位置的文本是：	女导演蔡晓晴，以58岁高龄两赴西藏，拍出
"《对不起》是范玮琪[MASK]专辑《FOne》当中"中[MASK]位置的文本是：	演唱的一首歌曲，收录在
"《极乐空间》是一部美国动作科幻片，由《第九区》导演[MASK]领衔主演"中[MASK]位置的文本是：	尼尔·布洛姆坎普执导，好莱坞影星马特·达蒙与朱迪·福斯特
"早年经历乔巍，出生于1987年[MASK]，司职中后卫、后腰"中[MASK]位置的文本是：	7月20日，身高186cm ,体重74kg
"《塔里木盆地深部[MASK]地质出版社出版的图书，作者是石彦"中[MASK]位置的文本是：	地质结构和盖层构造分析》是1999年
"画眉鸟[MASK]：Garrulax canorus）是雀形目画眉科的鸟类"中[MASK]位置的文本是：	（学名
"《看见[MASK]作词，王美莲作曲，张惠妹演唱的歌曲"中[MASK]位置的文本是：	自己》是由廖莹如
"《奇异[MASK]的起源》是2010年大象出版社出版的图书，作者是孟德卫"中[MASK]位置的文本是：	的国度耶稣会适应政策及汉学
"[MASK]tvN有线电视台于2010年11月5日起播出的金曜剧，由金英基、赵灿朱导演，李永哲编剧，河锡辰、李英恩、金东允、南葆拉主演1"中[MASK]位置的文本是：	《生初里往事》为韩国
"个人简历：  宁忠，男，汉族，1962年12月出生，广西浦北县人，1995年12月加入中国共产党，1985年7月参加工作，广西师范学院政治[MASK]本科学历，法学学士，副研究馆员"中[MASK]位置的文本是：	教育专业毕业，
"深圳市天域文化传播有限公司于[MASK]在深圳市市场监督管理局南山局登记成立"中[MASK]位置的文本是：	2012年07月25日
"《秋》是孟杨演唱的流行歌曲，收录在5D文化于2010年5[MASK]》专辑中"中[MASK]位置的文本是：	月19日发行的《男人一生三朵花
"歌曲简介范玮琪为电影量身创作同名主题曲《那个静默的阳光午后》温暖歌声 余韵犹存历经几年的拍摄，《那个静默[MASK]将在3月24日院在线映，与更多的观众见面"中[MASK]位置的文本是：	的阳光午后》今年终于搬上大银幕，
"节目介绍《直播全球》是广东卫视重金打造的一档由李琳、孟语[MASK]，集资讯和深度评论为一体，涵盖重大国际事件的日播国际新闻栏目"中[MASK]位置的文本是：	凡主持的没有时差、直达现场
"江门市亚泰机电科技有限公司创办于[MASK]江门市高新区，占地35亩，厂房建筑面积3万多平方，是一家集科研、生产为一体的高科技民营企业，2011年升级为国家高新技术企业，属全自动抛光细分行业龙头企业"中[MASK]位置的文本是：	2005年，以专业开发自动抛光机及相配套的环保吸尘设备为主，坐落于广东省
"《大人物李德林》是根据河北作家何申的6部中篇小说改编而成的，是一部具有扎实生活基础的24集电视连续剧，它通过[MASK]纠葛，结构成一环扣一环的故事，塑造出一批具有时代精神，又奋进向上的、真正为老百姓谋幸福的好干部形象"中[MASK]位置的文本是：	县、乡、村三级干部在工作和生活中产生的矛盾、
"[MASK]》的故事告诉我们，在任何时代搞创作，都是最难能可贵的事情"中[MASK]位置的文本是：	杨洁导演拍摄《西游记
"简介孙元林，男，武进人，1947年[MASK]"中[MASK]位置的文本是：	2月生，高级经济师
"这首莉莉安是[MASK]的慢歌说实话都挺耐听的，别有一股韵味在里头"中[MASK]位置的文本是：	专辑《安和桥北》的主打歌，作为民谣歌手的代表歌手之一，宋冬野
"简介蒋啸，男，[MASK]浙江大学，获硕士学位，2002年晋升高级工程师"中[MASK]位置的文本是：	生于1970年，1999年毕业于
"基本资料球员:丸田桂里奈  生日:1983年3月26日  身高:163cm  体重:55kg  加盟日期:2011[MASK]球队:费城独立女足  曾经效力球队:费城独立女足球队阵容中场  保坂和"中[MASK]位置的文本是：	  球衣号码:999  效力球队:千叶市原女足  前度效力
"江西晶科[MASK]于2014年10月08日，公司地址江西省上饶经济技术开发区工业四路"中[MASK]位置的文本是：	家庭光伏科技有限公司成立
"人物评价刘效祖是明代中后期较为重要的一位散曲家，由于种种原因，[MASK]，更不必说研究了"中[MASK]位置的文本是：	人们对其所知甚少
"[MASK]是网络小说作家谓何求2所著的一部异界大陆小说，现连载于17K小说网"中[MASK]位置的文本是：	《巨人的黎明》1
"韭菜迟眼蕈蚊[MASK] Zhang，属双翅目，眼蕈蚊科"中[MASK]位置的文本是：	，Bradysia odoriphaga Yang et
"《四世同堂》是华夏视听、履实文化及浙江天瑞国际联合出品的家庭情感剧，由汪俊执导，黄磊、蒋勤勤、[MASK]"中[MASK]位置的文本是：	陈昊及元秋领衔主演
"[MASK]年出生，研究生学历，博士学位，助理研究员，任西南交通大学党委组织部部长、党校副校长"中[MASK]位置的文本是：	韩旭东，男，1978
"刘植作为云台二十八将排名最末位的一位，刘植是汉朝巨鹿[MASK]刘秀建立了东汉，是中兴名将，等到刘秀当了皇帝，刘植成为了昌城候"中[MASK]位置的文本是：	昌城人，最开始据昌城守卫，后来归顺了刘秀，追随
"《[MASK]武侠小说作家萧逸创造的一部武侠小说"中[MASK]位置的文本是：	甘十九妹》是
"原标题：《舌尖3》口碑下跌沦为“吐槽大会”2012年，一部《舌尖上的中国》风靡大江南北，创造收视高峰，此后，关于[MASK]》的一举一动都牵扯着吃货们的心"中[MASK]位置的文本是：	《舌尖上的中国
"怀来中[MASK]于2005年5月31日在怀来县工商行政管理局登记成立"中[MASK]位置的文本是：	法庄园葡萄酒有限公司
"李国豪在日本拍摄被人用真弹杀死，这是斩草除根，当时李小龙是中国最有名气的民族英雄，[MASK]命都是最危险的"中[MASK]位置的文本是：	日本是中国最大的敌国，所以李小龙和李国的
"[MASK]1日机械工业出版社出版的图书，作者是韩雪涛"中[MASK]位置的文本是：	《9天练会新型智能手机维修》是2013年4月
"《史上最牛公务员》是[MASK]图书，作者是刘东伟"中[MASK]位置的文本是：	现代出版社出版的
"涂美娇涂美娇，广州现代信息工程职业技术学院[MASK]毕业于南京大学"中[MASK]位置的文本是：	副教授，
"NO.4王祖贤王祖贤曾凭借（倩女幽魂）里“聂小倩”这个角色风靡全世界，后来成为了无数男人心目中的女神，[MASK]小倩”真的就是天然不用去雕塑"中[MASK]位置的文本是：	大家永远都记得她的“
"董泽平，男，汉族，1954年3月出生于江苏省溧阳市，1974年4月加入中国共产党，1972年12月[MASK]基本系大学专科毕业，国防大学联合战役学专业毕业，在职研究生学历"中[MASK]位置的文本是：	参加工作，国防大学
"鼹属  (Talpa)  鼹属(地中海鼹)是哺乳纲、食虫目、[MASK]尚有日本鼩鼹属(日本"中[MASK]位置的文本是：	鼹科的一属,而与鼹属(地中海鼹)同科的动物
"《你让世界从此不同》是第十六届亚残会闭幕式[MASK]，年仅25岁，初中期间因意外事故丧失大部分听力"中[MASK]位置的文本是：	主题歌，由歌手雯靖主唱，该曲作曲为军艺教授栾凯，作词者王生宁
"马斯喀特是阿曼的首都及经济发展[MASK]和Ruwi三个区所组成，人口约40万人以上"中[MASK]位置的文本是：	的中心，由Muscat,Mutra
"2012年，陈冲饰演《隋唐英雄》文献皇后独孤伽罗，[MASK]大司马独孤信之七女"中[MASK]位置的文本是：	隋朝云中人，北周
"《视频编码与低速率传输[MASK]电子工业出版社出版的图书，作者是沈兰荪"中[MASK]位置的文本是：	》是2002年
"据《全宋词》其名下简介推知[MASK]前宋金对峙之际"中[MASK]位置的文本是：	，岳甫主要活动在孝宗、光宗年间，南宋覆亡
"《 我是朱七七》是[MASK]是东方祈羽"中[MASK]位置的文本是：	一部在 17k小说网连载的小说，作者
"曲：爆炸音乐[MASK]- 苏唯"中[MASK]位置的文本是：	歌词离别才说爱 
"华南系是[MASK]鳞毛蕨科、复叶耳蕨属类生物"中[MASK]位置的文本是：	一直蕨类植物门、蕨纲、真蕨目、
"冯两努只接受过九年学校教育，1973年预科毕业后，[MASK]读加拿大约克大学，取得学士学位后，回港在中学任教，翌年结婚，育有一女一子"中[MASK]位置的文本是：	一边替人补习赚钱，一边自修自学，终于在1974年入
"任贤齐在《春天[MASK]一种属于自己的毫无压力感，还带点无厘头的自嘲式民谣唱法，这对他来说无异于开创了音乐生涯的又一个广阔的可能性12"中[MASK]位置的文本是：	花会开》独创了
"[MASK]是2010年9月1日由山西人民出版社发行部出版的图书，作者是乔叶"中[MASK]位置的文本是：	《我的左手扶住你的右手》
"《情缘剑侠》是擎天猪[MASK]小说网"中[MASK]位置的文本是：	创作的网络小说，发表于17K
"此后他们就再也没有分离过，无论是在战后的北平，还是[MASK]，他们都相伴相随，相濡以沫，程季淑总是像大姐姐一样呵护着梁实秋"中[MASK]位置的文本是：	漂泊于离岛台湾，抑或是定居美国
"第二位人气奥特曼，肯定要数欧布[MASK]周年而开发的新奥特曼，人间体也非常帅气，石黑英雄，日本出名的演员"中[MASK]位置的文本是：	奥特曼了，欧布奥特曼是2016年圆谷全新设计的剧集，是为了迎接奥特曼50
"好像爱情[MASK]《初》里的一首歌"中[MASK]位置的文本是：	，是歌手张信哲的专辑
"巴里·富勒（Barry Fuller[MASK]身高178厘米，现效力于英格兰国家队"中[MASK]位置的文本是：	），1984年08月25日出身于阿什福德（英格兰），
"豆瓣评分：8.3《父女七日变》改编自五十岚贵久所创作的同名小说，由[MASK]，荒井修子，渡边千穂编剧，馆博、新垣结衣、加藤成亮等领衔主演"中[MASK]位置的文本是：	高成麻亩子、吉田健执导
"10月[MASK]真人秀《奔跑吧兄弟》的常驻嘉宾3940，而她也因此获得了更高的关注度与人气"中[MASK]位置的文本是：	，Angelababy开始担任明星竞技
"基本信息胡敏，男，汉族，1959年1月生，[MASK]6月入党，1976年12月参加工作，解放军南京政治学院经济管理专业毕业，在职大学学历"中[MASK]位置的文本是：	浙江永康人，1979年
"贵州云中海信息技术有限公司成立于2011年，隶属于贵州省贵阳市高新区[MASK]的金阳新区，注册资本100万人民币"中[MASK]位置的文本是：	创业服务中心孵化企业之一，坐落在园林式
"岛艾蛛，Cyclosa insulana[MASK]为蜘蛛目圆蛛科艾蛛属的一种蜘蛛"中[MASK]位置的文本是：	 (Costa, 1834)，
"《风筝1》是歌手任妙音的音乐专辑，于2016年5月[MASK]人祁隆，由祁隆、潘信燃等担任词曲创作，共收录了10首歌曲"中[MASK]位置的文本是：	27日由隆娱文化正式发行，该专辑的制作人是音乐
"章惇是北宋历史上具有划时代意义的人物，其一生的所作所为对北宋[MASK]强硬态度导致辽军南下，几乎引发宋辽战争"中[MASK]位置的文本是：	造成深远影响，
"《蝶》 是田辰明作词，霍尊作曲并演唱的一首歌曲，收录于霍尊2015年发行的[MASK]天韵·霍尊》中"中[MASK]位置的文本是：	专辑《
"《贝类养殖高产技术》是1999年中国[MASK]是尤仲杰等"中[MASK]位置的文本是：	农业出版社出版的图书，作者
"剧名：荆途[MASK]编审：冯志强主演：吕良伟、任达华、郑裕玲、苏杏璇、曾江、王爱明、白茵、廖启智集数：60"中[MASK]位置的文本是：	时代类型：时装恩仇播放时间：1982年6月7日监制：李添胜
"有来有趣成立于2011年1月，是专业的女性[MASK]的团购产品，保证正品、假一赔三、七天未拆封无条件退货"中[MASK]位置的文本是：	团购网站，也是专业团购网站，有来有趣
"其实，王晶不仅仅[MASK]电视剧，2005年播出的武侠剧《天下第一》便是代表"中[MASK]位置的文本是：	是一个电影导演，他还导演了多部经典
"后黄黑边天蛾属鳞翅目[MASK]科"中[MASK]位置的文本是：	，天蛾
"童培建，男，1961年4月[MASK]研究生毕业"中[MASK]位置的文本是：	出生，复旦大学博士
"后来也有一些好听歌曲，例如张艺谋的“山楂树之恋”主题曲就是找他来主唱的，[MASK]"中[MASK]位置的文本是：	能让谋子看上的人不是有点才华如何说得过去呢
"《避免“中等收入陷阱”：探寻中国未来的增长源泉》是2012年[MASK]蔡昉"中[MASK]位置的文本是：	社会科学文献出版社出版的图书，作者是
"黄晓明VS赵薇黄晓明1996年就[MASK]黄晓明不得不将所有的情话放在心底，《致青春》主创做客《鲁豫有约时》，黄晓明虽然脚受伤，但是他却坚持柱着拐杖现身，两人在节目现场捏脸、玩抱抱，亲密无间，而黄晓明随后出席电影《中国合伙人》时更称初见赵薇时便被她打动：“看到喜欢的女人，我为她死都可以”"中[MASK]位置的文本是：	认识赵薇，而且黄晓明一直暗恋赵薇，但是苦于两人太熟悉，实在不好下手，转眼间四年过去了，黄晓明终于鼓足勇气想向赵薇表白，然后他却意外的发现赵薇和好朋友陈坤走得很近，已经超越了好朋友的界线，
"《知否[MASK]侯鸿亮制片，张开宙执导，赵丽颖、冯绍峰、朱一龙、主演的电视剧集"中[MASK]位置的文本是：	知否应是绿肥红瘦》是由东阳正午阳光影视有限公司出品，
"公司介绍瑞萨科技在2003年4月[MASK]的梦想"中[MASK]位置的文本是：	1日正式成立，以领先的科技实现人类
"[MASK]1963年毕业于河南技工师专"中[MASK]位置的文本是：	人物简介韩广田 ，
"》—（《电影[MASK]香港媒体报道，曾执导过1967版《英雄本色》的香港著名导演龙刚，今晨于纽约史坦顿岛的家中病逝，享年79岁"中[MASK]位置的文本是：	双周刊》）逝世2014年9月2日，据
"云南松洄纹尺蛾属于鳞翅目花尺蛾亚科，主要分布于北京,甘肃,浙江,湖北[MASK],云南，朝鲜"中[MASK]位置的文本是：	,湖南,广西,贵州,四川
"十大翻唱歌曲第四名《梦醒时分》这首歌也是不少歌手喜欢翻唱的歌曲之一，叶倩文[MASK]迪克牛仔，李宗盛都有翻唱版本推出"中[MASK]位置的文本是：	，梁静茹，
"2010年，执导由布鲁斯·威利斯、崔西·摩根共同主演的动作电影《拍档侦探》，该片讲述了两个从未与大案子打过交道的纽约警察，因追捕一张遭偷窃的棒球卡而卷入了黑社会内幕交易的[MASK]本人撰写剧本的电影8"中[MASK]位置的文本是：	故事，是凯文·史密斯执导的第一部并非由他
"《4夜奇谭之指甲刀人魔》是2010年上映[MASK]由曾国祥、尹志文等编剧，周迅  、周俊伟等主演"中[MASK]位置的文本是：	的惊悚片，
"狼蛛科，Lycosidae，蜘蛛目的1科，常见的有狼蛛、[MASK]"中[MASK]位置的文本是：	水狼蛛、豹蛛和獾蛛
"名门望族[MASK]，只能娶穷人家的姑娘，正好羽太信子对他十分关爱，所以他就娶羽太信子了"中[MASK]位置的文本是：	的小姐自然不愿嫁周作人，周作人要娶妻
"马伊琍是全国人民比较熟悉的演员[MASK]我的前半生》中的罗子君都让大家对马伊琍的表演赞不绝口"中[MASK]位置的文本是：	了，她出演过许多经典的电视剧，比如说《奋斗》中的夏琳，《
"刘云，女，[MASK]年出生，北京农学院园林学院副教授"中[MASK]位置的文本是：	1971
"《[MASK]的推理悬疑小说，连载于17k小说网"中[MASK]位置的文本是：	报复1》由契柯夫9编写
"2010年4月6日，复旦大学1通过整合多个优势学科资源、[MASK]-研功能有机结合成立复旦大学流域污染控制研究中心"中[MASK]位置的文本是：	产-学
"《猎同——爱上蜘蛛的地狱蝶》是[MASK]短腿蜘蛛"中[MASK]位置的文本是：	连载于晋江文学城的言情小说，作者是
"太阳鸟科 Nectariniidae是雀形目([MASK]鸣禽科，由大约116种小型、色彩鲜明的鸟类组成，广布于全非洲和亚洲的温暖森林中"中[MASK]位置的文本是：	Passeriformes)燕雀亚目(Passeres)的一个
"2015年合作陈坤、李冰冰主演爱情[MASK]也是她和刘欢一起唱的"中[MASK]位置的文本是：	电影《钟馗伏魔：雪妖魔灵》，主题曲《奋不顾身》
"53南宋主和势力诋毁陆游“[MASK]”，范成大迫于压力，将陆游免职"中[MASK]位置的文本是：	不拘礼法”、“燕饮颓放
"《她比烟花寂寞》是香港已逝[MASK]翻唱专辑《变奏》中"中[MASK]位置的文本是：	天后梅艳芳的一首歌曲，收录进了她在1998年的
"《扑朔迷离》是谭咏麟演唱的一首歌曲，[MASK]《爱自己》当中"中[MASK]位置的文本是：	收录在专辑
"陈奕迅父母、太太[MASK]、经理人陈家瑛、好友郭伟亮夫妇、梁汉文夫妇、赵学而夫妇、苏永康、房祖名、王双骏等均有到场支持"中[MASK]位置的文本是：	徐濠萦、女儿陈康堤
"官[MASK]镇镇政府驻太矾头，人口55654人，面积336.3平方千米"中[MASK]位置的文本是：	渡河
"马旗彬简介：马旗彬[MASK]：河南省南阳市方城县，现住河南省郑州市登封"中[MASK]位置的文本是：	、男、生于1983年、祖籍
"《九涅不死》是[MASK]，发表于起点网"中[MASK]位置的文本是：	深蓝永世冰封创作的网络小说
"《[MASK]技法：从基础到进阶》是2016年1月人民邮电出版社出版的图书，作者：王庆松"中[MASK]位置的文本是：	时装画手绘表现
"韦德祥(1918—1949)，广西上林县巷贤镇六三[MASK]壮族"中[MASK]位置的文本是：	村人，
"林俊贤曾经一度爆红，他和王祖贤一度被称为是俊男美女的最佳组合，跟刘德华、周星驰多次合作[MASK]TVB最经典收视冠军之作"中[MASK]位置的文本是：	，其中《巨人》是
"《龙[MASK]创作的网络小说，发表于17K小说网"中[MASK]位置的文本是：	翱九天》是飘然邂逅
"聚焦在抗战历史[MASK]历程，不拘泥于个人英雄主义表现，更贴切《烽火英雄传》的剧名"中[MASK]位置的文本是：	上，陶秋普导演融入了不少人物成长
"贝索斯4200万美元造“万年钟”【中关村在线新闻资讯】2月22日消息，美国亚马逊公司创始人杰夫·贝索斯，由他投资的“万年[MASK]目前已进入安装阶段"中[MASK]位置的文本是：	钟”项目进展顺利，
"《[MASK]出版社出版的图书，作者是邱正伦"中[MASK]位置的文本是：	以诗作证》是2009年12月重庆大学
"剧情简介《掌声[MASK]电视剧，由俞小凡、张国柱、吴静娴等人主演，讲述优秀篮球教练周雄被同事陷害，含冤入狱，出狱后带领成绩最差的一支女子篮球队奋发图强，击败仇人所领球队，并最后沉冤得雪的故事"中[MASK]位置的文本是：	响起》是台湾华视1988年播出的一部
"《啊依耶 》是歌手[MASK]收录于专辑《恋爱达人秀》中"中[MASK]位置的文本是：	崔子格演唱的歌曲，由方磊作词作曲，
"《小人难养》是连载[MASK]的一部小说，作者是宗昊"中[MASK]位置的文本是：	于起点中文网
"介绍彩铃天王刘嘉亮发行了自己出道十周年[MASK]，这首《此刻你听好了》被歌迷朋友们誉为超越《你到底爱谁》的经典佳作"中[MASK]位置的文本是：	的最新力作
"暖暖内含光《美丽心灵的永恒阳光》是由米歇尔·冈瑞执导[MASK]担任编剧，金·凯瑞、凯特·温丝莱特和克尔斯滕·邓斯特等联袂出演的爱情片"中[MASK]位置的文本是：	，米歇尔·冈瑞、查理·考夫曼共同
"相信，在不久的未来，在大街小巷，我们将会听见这两首歌曲《雪寻梅》与《缘份让我们[MASK]的完美归来"中[MASK]位置的文本是：	牵手》，让我们一起期待郭玲新作
"”背景知识：2012年，菲律宾政府[MASK]海域由南中国海改为“西菲律宾海”"中[MASK]位置的文本是：	9月12日发布由时任总统阿基诺签署的行政命令，将菲律宾群岛以西
"[MASK]台湾之鹿港葫芦问》是王耀导演的一部剧情电影"中[MASK]位置的文本是：	《戏说
"毛泽东曾说过[MASK]江淹一人，庾信就是一位"中[MASK]位置的文本是：	，南北朝作家，妙笔生花者，远不止
"中国民生银行股份公司（上交所：600016港交所：01988）是中国大陆第一家由民间资本[MASK]1996年1月12日"中[MASK]位置的文本是：	设立的全国性商业银行，成立于
"《离骚草木疏（一函[MASK]图书馆出版社出版的图书，佐证宋吴仁杰"中[MASK]位置的文本是：	一册）》是2004年北京
"威利·考利-斯坦（Willie Cauley-Stein），1993[MASK]斯皮尔维尔（Spearville, KS），美国职业篮球运动员，司职中锋，效力于NBA萨克拉门托国王队"中[MASK]位置的文本是：	年8月18日出生于美国堪萨斯州
"史文娟，[MASK]河北宁晋人，大学本科，1992年7月参加工作，现任靖远县政府副县长"中[MASK]位置的文本是：	女，汉族，1970年7月出生，
"《玉见之美》是 2016年作家出版社出版的图书[MASK]作者是李玉刚"中[MASK]位置的文本是：	，
"杨义涛，男，汉族，1964年9月24日出生，甘肃庆城县人，1983年2月3日参加工作，中共党员，1990[MASK]日入党，大学本科工商管理专业学历"中[MASK]位置的文本是：	年10月18
"阿蒂拉·菲尔科[MASK]日生于匈牙利布达佩斯，身高181cm，体重76kg"中[MASK]位置的文本是：	 1988年7月21
"《网球王子》是一部改编自许斐刚创作的同名日本动漫，由傅东育执导[MASK]、柏栩栩等领衔主演的22集电视剧"中[MASK]位置的文本是：	，秦俊杰
"《在研究生院里：关于[MASK]科学出版社出版的图书，作者是Guy Alexander"中[MASK]位置的文本是：	色谱的故事》是1981年北京-
"《钢结构工程施工[MASK]出版社出版的图书，作者是王来等"中[MASK]位置的文本是：	验收质量问题与防治措施》是2006年中国建材工业
"[MASK]遂宁市船山区人，自考大学文化，法学学士，工程师，1999年11月参加工作"中[MASK]位置的文本是：	段元华，男，汉族，生于1980年6月，
"《奈何》[MASK]演唱的歌曲，由李达涛作词、作曲"中[MASK]位置的文本是：	是邓丽君
"王老七[MASK]生于江西省赣州市，祖籍广东省揭西县棉湖镇贡山乡贡东村，香港永久居民，父亲是泰国归侨"中[MASK]位置的文本是：	，原名王长利，1956年6月20日出
"《看了又看》是韩国MBC电视台于1998年3月2日首播的家庭情感剧，由[MASK]郑宝石、尹海英、许俊浩等主演"中[MASK]位置的文本是：	张斗益执导，金智秀、
"深圳市人文照明科技有限公司成立于2008年，注册资金1000万[MASK]精英和技术专家组成的核心团队，团队成员均具有国内著名高校教育背景"中[MASK]位置的文本是：	，由行业
"《暴君》是由大卫·叶茨执导[MASK]詹妮佛·芬尼甘、莫兰·阿提艾斯、诺亚·西尔弗、萨米·谢伊克等主演的政治题材电视剧"中[MASK]位置的文本是：	，亚当·雷纳、阿什拉夫·巴姆、
"[MASK]台州人，毕业于浙江艺术职业学院"中[MASK]位置的文本是：	张卓含威3、浙江
"由本山传媒有限公司、北京星乐映[MASK]的现代农村情感大戏《爹妈满院》现已进入后期制作"中[MASK]位置的文本是：	画影视文化传媒有限公司联合出品
"《我的女儿是花儿》是韩国SBS电视台于2011年11月14日起播出的日日连续剧，[MASK]等主演1"中[MASK]位置的文本是：	由朴英洙执导，朴艺京编剧，赵敏秀、陈世妍、崔振赫、朴相元、李智勋
"据了解王祖蓝老婆李亚男背景惊人，那么她和王祖蓝究竟[MASK]一起的呢"中[MASK]位置的文本是：	是如何走到
"《想和你[MASK]东往的音乐作品，康梓峰作曲，收录在《海角七号EP》专辑中"中[MASK]位置的文本是：	一起》是东来
"[MASK]中国汉族人，1986年3月13日出生于云南昆明，歌手、演员"中[MASK]位置的文本是：	魏星，男，
"佟华民，字云居山人，1931年生于北京[MASK]年毕业于北京宣武红旗艺大"中[MASK]位置的文本是：	，1995
"[MASK]，她对音乐的理解和驾驭相当纯熟，她在演唱歌曲《泸沽情思》时，凭借其满通透的声线和千回百转的唱腔，将这首歌曲中摩梭少女陷入爱情的甜蜜和相思表达得淋漓尽致（网易评）"中[MASK]位置的文本是：	姚贝娜具有细腻温婉的声线
"《新精武门1991》是左颂升，罗维执导的一部喜剧动作电影[MASK]主演"中[MASK]位置的文本是：	，由周星驰、钟镇涛、张敏等
"《钟明善书学论集》是2008[MASK]，作者是钟明善"中[MASK]位置的文本是：	年出版的图书
"《电路理论学习指导书》是2004年华中科技大学出版社出版的图书[MASK]孙敏"中[MASK]位置的文本是：	，作者是
"《枪与魔法的[MASK]发表于17K小说网"中[MASK]位置的文本是：	校园》是御萝魂创作的网络小说，
"因此，目前，闪电购[MASK]联华华商、江苏的华润苏果、广东的美宜佳，也有区域性零售龙头，像诸暨100等"中[MASK]位置的文本是：	的合作对象主要是连锁商超、便利店、大卖场等实体零售业态，比如浙江的
"《恋爱[MASK]为爱做的傻事》专辑中"中[MASK]位置的文本是：	狂》是戴爱玲的音乐作品，收录在《
"《浮生恋》是冷心[MASK]写的网络小说连载于17k小说网"中[MASK]位置的文本是：	空虚
"林徽因去世之后，梁思成的心灵和身体受到了极大的打击，他的学术和生活需要有人来照顾，于是在一九六零的时候，系里副主任吴良镛先生希望林洙能去帮助梁思成整理资料，这离林徽因去世已经五年了，林洙的到来，给了梁思成极大的慰藉[MASK]沉默"中[MASK]位置的文本是：	，就连梁思成的儿子梁从诫也说：“ 我母亲去世后，我父亲变得十分
"《未来简史》作者: [以色列] 尤瓦尔·赫拉利出版社: 中信出版社原作名: Homo[MASK]会被人工智能彻底代替吗"中[MASK]位置的文本是：	 Deus：A Brief History of Tomorrow豆瓣评分：8.5人类最后
"《左耳》是2015年由陈慧翎执导的青春电视剧，改编自饶雪漫同名小说《左耳》，并由饶雪漫亲自担任该剧总[MASK]月等联袂主演"中[MASK]位置的文本是：	编剧，且由米咪、马吟吟、郑凯、黄仁德、周游、许龄
"苻坚的[MASK]长兄创业有功，被封为东海王"中[MASK]位置的文本是：	父亲苻雄因辅佐
"《漫无目的》是罗志祥演唱的歌曲，由阿弟仔作词，郭建良/毕国勇作曲，收录于专辑《[MASK]》中"中[MASK]位置的文本是：	SHOW TIME
"根据本书改编[MASK]等单位联合出品，周梅森担纲编剧，国家一级导演李路执导，陆毅、张丰毅、吴刚、许亚军、柯蓝、胡静、张志坚、张凯丽、赵子琪、冯雷、丁海峰、李建义、李光复等四十余位实力派演员联袂出演，由湖南卫视于2017年2月重磅推出"中[MASK]位置的文本是：	的同名电视剧《人民的名义》，由最高人民检察院影视中心、中央军委后勤保障部金盾影视中心
"《黑暗世界》是由安东·[MASK]执导的俄罗斯首部3D立体奇幻电影"中[MASK]位置的文本是：	梅格迪契夫
"我[MASK]以前看过张国立主演的《康熙微服私访记》，老戏骨的表演确实是可圈可点"中[MASK]位置的文本是：	在
"《同事三分亲》，香港电视广播有限公司制作的时装处境喜剧，于2007年3月12日起在翡翠台首播，集数最初[MASK]集，每集半小时，曾励珍、罗镇岳监制，关咏荷、金燕玲及江欣燕领衔主演"中[MASK]位置的文本是：	定为120集，后来先后决定增加至220集、328集及364
"《21天听懂VOA社会新闻英语》是2011年9[MASK]出版社出版的图书"中[MASK]位置的文本是：	月2日石油工业
"K·奥孔纳--生于1982年2月[MASK]运动员，效力于布伦特福德队，场上位置为中场"中[MASK]位置的文本是：	24日，爱尔兰人，身高180cm，足球
"沈志云（中国科学院院士、中国工程院院士、西南交通大学教授，机车车辆[MASK]动力学、运动稳定性、曲线通过理论和随机响应等研究方面成绩卓著"中[MASK]位置的文本是：	专家），83岁，湖南人，在机车车辆动力学尤其是轮轨
"《恐龙周游世界[MASK]的图书，作者是马克斯・克鲁塞"中[MASK]位置的文本是：	》是华夏出版社出版
"《幻想即现实》一书是希望出版社出版的丛书[MASK]曾奇峰"中[MASK]位置的文本是：	《大师的门》中的一部，作者是
"蒋先云红透了黄埔军校的一期[MASK]，几乎所有人都知道他"中[MASK]位置的文本是：	高材生
"2013[MASK]中国首部反恐实战军旅剧《G12特别行动组—未来战士》1，备受业界关注"中[MASK]位置的文本是：	年成立李铁良导演工作室并携团队与解放军总政治部合作，开创性制作
"梅艳芳入室弟子何韵诗在[MASK]歌曲《似是故人来》邀得著名导演关锦鹏和美术指导张叔平等顶级班底为其制作MV"中[MASK]位置的文本是：	2013年为纪念师傅梅姐逝世十周年翻唱了多首梅姐的经典歌曲录成专辑，更为
"《大惊小怪》是信乐团演唱的一首[MASK]信乐团2003年4月11日发行的专辑《天高地厚》当中"中[MASK]位置的文本是：	歌曲，由林祉君作词，傅超华、李汉青作曲，收录在
"吴[MASK] 1933年生，浙江省浦江县人"中[MASK]位置的文本是：	宪章
"个人简介张志明，男，汉族，1958年7月生，山东荣成人，1990年[MASK]专业研究生毕业"中[MASK]位置的文本是：	12月加入中国共产党，1981年7月参加工作，省委党校经济管理
"江苏金雪集团[MASK]07月22日在海门市市场监督管理局登记成立"中[MASK]位置的文本是：	有限公司于1997年
"《亲爱的中国我爱你》是[MASK]中国》专辑中"中[MASK]位置的文本是：	叶凡的音乐作品，收录在《最爱你
"齐达拉图1927年1月3日生，内蒙古赤峰市阿鲁科沁旗[MASK]苏木人，蒙古族"中[MASK]位置的文本是：	白音他拉
"《新理念科学教学论（第二[MASK]图书，作者是崔鸿、张海珠"中[MASK]位置的文本是：	版）》是2013年出版的
"陈伟钧，毕业[MASK]大学机械系"中[MASK]位置的文本是：	于上海工业
"《如何写好150[MASK]工业出版社 出版的图书，作者是杨凡"中[MASK]位置的文本是：	词左右的文章》是 2007年机械
"简介王洁修，字[MASK]"中[MASK]位置的文本是：	季莲，纳西族
"[MASK]时间》是雷蒙德卡弗写的网络小说连载于17k小说网"中[MASK]位置的文本是：	《晚餐
"《李洁非[MASK]是1999年华夏出版社出版的图书，作者是李洁非"中[MASK]位置的文本是：	散文》
"《孙中山[MASK]年东方出版社出版的图书，作者是孙中山"中[MASK]位置的文本是：	在说》是2004
"2014年3月6日，亚伦[MASK]《极品飞车》首映会"中[MASK]位置的文本是：	与妻子一同出席
"《信息分析的核心[MASK]，作者是陈功"中[MASK]位置的文本是：	》是2010年新星出版社出版的图书
"江苏舜天国际集团有限公司是[MASK]外经贸部和江苏省人民政府批准的由原江苏省服装、机械两个进出口公司联合组建的省级外贸企业集团"中[MASK]位置的文本是：	1996年12月经国家
"[MASK]·斯坦执导，帕特里克·法比安、阿什丽·贝尔、路易斯·赫特哈姆主演的惊悚电影，于2010年8月27日在美国上映"中[MASK]位置的文本是：	《最后一次驱魔》是由丹尼尔
"暖暖重生记是由半月成残创作的，连载[MASK]"中[MASK]位置的文本是：	在起点中文网
"詹本，字道生，是建安[MASK]"中[MASK]位置的文本是：	（今福建建瓯）人
"《头条[MASK]本书于2014年11月由江苏文艺出版社出版"中[MASK]位置的文本是：	天后》作者：雅畈，
"梁启超一共有九个子女，其中有梁思成、梁思永[MASK]是各行各业的精英，被誉“一门三院士，满庭皆才俊"中[MASK]位置的文本是：	、梁思礼三个院士，其他的子女也几乎都
"[MASK]刘剑英，女 ，汉族 ，中共党员 ，教授"中[MASK]位置的文本是：	个人简历
"保剑锋是陆毅的师哥，陆毅是上海戏剧学院95[MASK]帅哥排行榜中，保剑锋是排行第一，陆毅则是排行第二，可见保剑锋是何等的受欢迎"中[MASK]位置的文本是：	届，而保剑锋是上海戏剧学院94届，而在事先上戏的
"《歌烬天下》是在起点中文网连载[MASK]头"中[MASK]位置的文本是：	的小说，作者是七月烬
"唐朝名将薛仁贵是[MASK]"中[MASK]位置的文本是：	怎样的人
"肖正明  [MASK]汉族，1930年12月出生，山东肥城人"中[MASK]位置的文本是：	男，
"吉林大学珠海学院被学生们简称[MASK]"中[MASK]位置的文本是：	为“吉珠”
"2总体评价作为中国第六代导演代表人物之一，上世纪90年代引领都市[MASK]《冬日爱情》《呼我》等一系列契合时代节奏的优秀影片"中[MASK]位置的文本是：	电影的标杆式先锋导演，阿年曾经拍出了《感光时代》《中国月亮》
"姓名：金井大树英文名：Daiki [MASK]：1987-12-08场上位置：门将身高：185厘米"中[MASK]位置的文本是：	Kanei生日
"一首[MASK]小爱》推荐给大家"中[MASK]位置的文本是：	经典好歌王力宏的《大城
"达尼埃莱·罗马诺1993[MASK]月5日出生于意大利，效力于阿劳球队，场上位置是中场"中[MASK]位置的文本是：	年5
"《五星大饭店》于2007年登陆央视热播[MASK]"中[MASK]位置的文本是：	，主演张峻宁凭此剧迅速走红
"在彝族地区，巴莫尔哈的名字始终与彝族“达体舞[MASK]"中[MASK]位置的文本是：	”联系在一起
"《霸王别姬》1993年上映，这部作品导演陈凯歌[MASK]华语影坛的巅峰"中[MASK]位置的文本是：	，霸王别姬不仅仅是他的巅峰之作，更是
"7、菩萨蛮——唐朝：温庭筠杨柳又如丝[MASK]春雨时"中[MASK]位置的文本是：	，驿桥
"丁智慧 女 汉族 辽宁金州人 1970[MASK]入党 1988年8月参加工作 学历 硕士研究生 职称 教授级高级政工师"中[MASK]位置的文本是：	年6月出生 1998年4月
"[MASK]年上海科学技术出版社出版的图书"中[MASK]位置的文本是：	《荣欣家居设计4》是2005
"2009年，主演了《三国》，这应该是那个时候，陆毅寻求演技突破，同时还能拿得出手的作品之后，又是[MASK]闹上了法庭"中[MASK]位置的文本是：	一大堆的影视剧其中有两部特别的电视剧，就是和于正合作的《宫锁连城》和《云中歌》《宫锁连城》还和琼瑶阿姨
"王均（1964[MASK]宁波市宁海县人，北京大学地理系博士"中[MASK]位置的文本是：	—），男，浙江省
"《惹[MASK]你后果很严重》是17k小说网连载的小说，作者是木初夏"中[MASK]位置的文本是：	女生
"1994年6月28日，双方代表在板门店接触，确定朝鲜[MASK]当年7月25日至27日在平壤会晤"中[MASK]位置的文本是：	国家主席金日成和韩国总统金泳三于
"陈露文，汉族，原名陈惠敏，其父陈玉生，[MASK]"中[MASK]位置的文本是：	江苏泰兴人
"《男人谈性，女人谈爱》[MASK]湖南人民出版社出版的图书，作者是裴贞媛"中[MASK]位置的文本是：	是2012年
"谢世贤，男，[MASK]媒体专业毕业，现任开封文化艺术职业学院工艺美术系教师"中[MASK]位置的文本是：	1986年6月19日生，河南开封人，河南大学附属中学，中国戏曲学院05级新
"上海品兴科技[MASK]宝山区市场监督管理局登记成立"中[MASK]位置的文本是：	有限公司于1996年7月2日在
"从《今夜天使降临》拍摄完成之后便开始筹划本剧的杨阳导演，对于此部《天使的城》，有着更多的特殊情怀：[MASK]感受到在荧屏上‘雷剧当道’的时代，广大观众对反映现实生活、充满正能量的内容还是有很大需求的"中[MASK]位置的文本是：	《天使》第一部中我想通过怀孕这件事来表现当代青年的生活状态，而它的热播以及观众的热烈反馈让我
"年秋，刘起釪考取中央大学[MASK]今南京大学）历史系"中[MASK]位置的文本是：	（
"《学习的[MASK]实践》是一本科学技术文献出版社在1999年出版的图书，作者是顾瑞荣 / 王建伟 / 许 静"中[MASK]位置的文本是：	革命导读与
"马场雄太，繁体[MASK]Baba，日本人，1984年1月22日出生于日本东京，身高175厘米，体重70公斤"中[MASK]位置的文本是：	名：马场犹太，英文名：Yuta 
"1歌手简介崔健（1961年8月2日-），中国摇滚乐歌手、词曲家、导演、演员[MASK]被誉为“中国摇滚之父”"中[MASK]位置的文本是：	、编剧，代表作《一无所有》《新长征路上的摇滚》《一块红布》
"《雨若梦》是杨斯[MASK]的一首歌曲"中[MASK]位置的文本是：	壬演唱
"离中国观众最近的一次，是在2010年9[MASK]雅姿盛典”中，普留申科在收到冰坛爱侣申雪、赵宏博的邀请，热情赴约"中[MASK]位置的文本是：	月4日在北京首都体育馆上演的“2010冰上
"歌名：我会努力演唱：廖语晴词曲：深[MASK]"中[MASK]位置的文本是：	白色 Arys Chien专辑：《爱
"2009年在电视剧《爱情公寓》中饰演野蛮泼辣的御姐“胡一菲”而获得观众的喜爱，随后因在《爱情公寓》系列电视剧中的表演受到关注，娄艺潇，因为出演爱情公寓而走红，靓丽的外表，爽朗的性格，动听的歌声，她[MASK]单独旅游了，你放心么娄艺潇直言，不放心"中[MASK]位置的文本是：	是一个为镜头而生的人，却又随意洒脱，不那么做作一档综艺节目，和闺蜜一起旅游，闺蜜说这也算我们两第一次
"笔者在李小龙胞姐李秋圆女士在美国的家中做客时，特地向李女士说了这件事，李女士听后哑然失笑：“我[MASK]"中[MASK]位置的文本是：	母亲的名字是‘何爱瑜’，我的外祖父名字是‘何甘棠’，也并不是什么‘何金棠’
"黑翅圆尾鹱（拉丁学名：Pterodroma nigripennis，英文名：Black-winged Petrel）是鹱形目鹱科1圆尾[MASK]"中[MASK]位置的文本是：	鹱属的一种海洋性鸟类
"《洗个不停的妈妈》是2013年河北教育出版社出版的图书[MASK]贵子 文/图"中[MASK]位置的文本是：	，作者是(日)佐藤和
"《斗破苍穹》是一本连载于起点中文网的古装玄幻[MASK]），已完结"中[MASK]位置的文本是：	小说，作者是起点白金作家天蚕土豆（李虎
"收录在张晓星2014年单曲专辑[MASK]中"中[MASK]位置的文本是：	《写给未来》
"《凡心雷魔》是红雁所著[MASK]连载"中[MASK]位置的文本是：	的一本小说，在起点中文网
"《彩绘名著·[MASK]2004年民族出版社出版的图书，作者是莫言"中[MASK]位置的文本是：	莫言精品》是
"《仙四之夙惜》是连载于[MASK]文学城的小说，作者是妖窑"中[MASK]位置的文本是：	晋江
"[MASK]》是作者柳小尘在17k小说网发表的一部小说"中[MASK]位置的文本是：	《战甲侠
"《医生》（许嵩）“你说[MASK]浪漫，我的本分给你安全感"中[MASK]位置的文本是：	懂了爱不是
"《速写讲堂》是2011年重庆出版社出版的图书，作者[MASK]"中[MASK]位置的文本是：	是孙楠，韩旭|
"第五部《[MASK]、乐四部短篇影片集，分别由白景瑞、胡金铨、李行、李翰祥四位导演执导，拍摄起因是为身在台湾国联影业的李翰祥因财务问题而告急，经过台湾电影制片厂杨樵厂长、好友谢家孝的热心奔走，促成白景瑞、胡金铨、李行、李翰祥合作拍摄一部集锦式四段故事，所有导演乃至演职人员甚至不收一分酬劳，只为帮助李翰祥摆脱窘境"中[MASK]位置的文本是：	喜怒哀乐》本片本片为喜、怒、哀
"1997年，由民营[MASK]是“广东康美药业有限公司”"中[MASK]位置的文本是：	企业家马兴田先生创立位于广东省普宁市，当时
"年夏，潘福莹作为中国代表团的一个成员参加了在瑞典举行的国际电工会议[MASK]席位"中[MASK]位置的文本是：	，这是中华人民共和国首次在国际性电工标准化组织论坛上占有
"《为自己》是由艾利丝[MASK]作曲、秦海璐演唱的歌曲，收录在2005年05月01日发行的专辑《幸福回味》中1"中[MASK]位置的文本是：	作词、黄莹莹
"基本信息歌名：有[MASK]  演唱：郝萌  录编混：孟杨传媒乐曲内容[00:01"中[MASK]位置的文本是：	一种爱叫做不离不弃  词曲：孟杨
"《[MASK]演唱的歌曲"中[MASK]位置的文本是：	母系社会》是张惠妹
"菊花桃（学名：Prunus persica Chrysanthemoides）[MASK]菊花而得名，是观赏桃花中的珍贵品种"中[MASK]位置的文本是：	，属蔷薇目，蔷薇科落叶灌木或小乔木，菊花桃因花形酷似
"一次真正有效的胎心监护[MASK]中对这一点有着明确的说明"中[MASK]位置的文本是：	，至少需要20分钟以上，在人民卫生出版社的《妇产科学》
"《生有可恋》是明道[MASK]董冬冬作曲1"中[MASK]位置的文本是：	演唱的一首歌曲，由陈曦作词，
"杨洪波，男，汉族，1960年8月生，四川邻水人，1982年7月参加工作，1988年8[MASK]英国威尔士大学城市规划专业毕业，硕士研究生"中[MASK]位置的文本是：	月加入中国共产党，同济大学建筑系城市规划专业、
"这首由唱作俱佳的“超嫩[MASK]友情、情窦初开的懵懂情愫以及青春年华里的甜蜜酸涩都在少年温润清透的嗓音中娓娓道来"中[MASK]位置的文本是：	鲜肉”朱元冰演唱的《青春年华》中，少男少女的纯真
"《你不乖》[MASK]歌手邰正宵的专辑《相思如麻》里的一首单曲"中[MASK]位置的文本是：	是华语
"山西襄子老粗布有限公司于2010[MASK]在襄垣县工商行政管理局登记成立"中[MASK]位置的文本是：	年3月29日
"《微笑向阳安之若素[MASK]，作者是微笑向阳"中[MASK]位置的文本是：	》是连载于17k小说网的一部小说
"基本介绍《狗不理传奇》先由王寿山、步俊有[MASK]小说发表"中[MASK]位置的文本是：	创作出
"东莞市庄正电子科技有限公司于2013[MASK]日在东莞市工商行政管理局登记成立"中[MASK]位置的文本是：	年09月18
"归懋仪[MASK]清代女诗人"中[MASK]位置的文本是：	，
"[MASK]吉大自习哥”就不挂科，后来网友爆料称此人是吉林大学2010级考古系的学习委员，姓李名正旺"中[MASK]位置的文本是：	网友回复称，这个“自习哥”太牛了，甚至有网友炒作转发“
"尖齿紫晶报春[MASK]为报春花目报春花科的植物"中[MASK]位置的文本是：	（亚种），
"912月17日[MASK]：五军之战》上映，影片全球票房超过9亿"中[MASK]位置的文本是：	，彼得·杰克逊执导的中土系列终结篇《霍比特人
"《武十郎[MASK]王子鸣执导，杨千嬅、霍建华、胡宇崴等主演的喜剧爱情电视剧"中[MASK]位置的文本是：	》是由崔宝珠、
"[MASK]黑土三男执导的古装爱情片"中[MASK]位置的文本是：	《蝉时雨》是由
"《恋爱教主》是威视电影发行、熊泽尚人编剧执导的一部日本喜剧[MASK]、松山爱里、宫田早苗、高桥和也、全秀景等"中[MASK]位置的文本是：	爱情电影，主要演员有朴孝敏、山崎贤人、清水胡桃、落合扶树
"《查某人的心》是一首由高向鹏[MASK]黄万龙作曲"中[MASK]位置的文本是：	演唱的歌曲，巴布作词，
"[MASK]杨炳莲带着孩子回娘家或张家坨"中[MASK]位置的文本是：	逃跑数月后，张平让
"加里·佩顿[MASK]Oakland·CA），前美国职业篮球运动员，司职控球后卫，绰号“手套”（The Glove）1"中[MASK]位置的文本是：	（Gary Payton），1968年7月23日出生于美国加利福尼亚州奥克兰（
"电影《她[MASK]导演的一部描述中年罗曼史的电影"中[MASK]位置的文本是：	的名字是玫瑰》是由曹锡贤
"基本[MASK]:1990年4月19日  身高:186cm  体重:86kg  加盟日期:2009-7  球衣号码:33  国籍:德国  效力球队:雷根斯堡  场上位置:守门球队阵容前锋  S"中[MASK]位置的文本是：	资料球员:派翠克  生日
"[MASK] 河北献县人"中[MASK]位置的文本是：	唐汝奎
"季氏金线鲃，Sinocyclocheilus jii （Zhang et Dai, 1992[MASK]属的一种鱼类"中[MASK]位置的文本是：	），是鲤形目鲤科鲃亚科金线鲃
"对一个事物、一项工作，要往纵深处思考，就像徐志摩《[MASK]一支长蒿，向青草更青处蔓溯”"中[MASK]位置的文本是：	再别康桥》中说的那样，要“撑
"【音乐随身听[MASK]】假如爱有天意-李健"中[MASK]位置的文本是：	
"电视连续剧《我们复婚吧》由[MASK]北京东方凯华影视文化有限公司联合摄制"中[MASK]位置的文本是：	中国电影家协会影视创作中心、
"《鲜切花培育[MASK]是2001年12月上海科学技术出版社出版的图书，作者是夏宜平"中[MASK]位置的文本是：	技术》
"陈天寿1，男，汉族，甘肃金塔人[MASK]年3月加入中国共产党，中央党校函授学院党政管理专业毕业，大专学历"中[MASK]位置的文本是：	，1954年7月出生，1971年2月参加工作，1981
"斯堪尼亚（SCANIA）是瑞典的货车及巴士制造厂商[MASK]年在瑞典南部的马尔默成立"中[MASK]位置的文本是：	之一，于1891
"《今夜[MASK]杨嘉松作曲，收录在《水姻缘》专辑中"中[MASK]位置的文本是：	你是不是陪我回家》是田震的音乐作品，
"近日，[MASK]鹿晗与女友关晓彤开始在奥地利维也纳进行最新一季《奔跑吧兄弟》的录制，陈赫、王祖蓝未现身"中[MASK]位置的文本是：	邓超、李晨、angelababy、郑恺、
"闫长文，男，1952年12月出生，中共党员，汉族，[MASK]人，本科学历，高级工程师，吉林省运输管理局局长"中[MASK]位置的文本是：	吉林德惠
"《屎从天降[MASK]一部网络小说，作者是血殇舞"中[MASK]位置的文本是：	》是连载于17k小说网的
"《剑子》是玄之子创作的网络小说，[MASK]小说网"中[MASK]位置的文本是：	发表于17K
"《酒醉酒醒》是王杰在1989年演唱的一首歌曲，收录在1989[MASK]的角色》专辑，由台湾著名音乐人王文清作曲，香港著名填词人潘伟源作词"中[MASK]位置的文本是：	年《故事
"《伦虐》是连载在17k小说网的[MASK]明天"中[MASK]位置的文本是：	异术异能小说，作者是速水
"郑州市人才交流服务中心成立于1984年，2008年增挂“郑州市人才市场管理办公室”牌子，属于郑州市人力资源[MASK]设立的人事人才社会化管理和服务的专门机构，规格相当于副县级"中[MASK]位置的文本是：	和社会保障局领导的事业单位，是政府人事部门
"《关中匪事[MASK]华人影视有限公司出品，张汉杰执导，田海蓉、凌潇肃、刘立伟、赵纯阳、许还山主演的年代爱情剧"中[MASK]位置的文本是：	》是由西安
"1.李敏镐 李敏镐在继承者们中饰演金叹，[MASK]帝国集团之子"中[MASK]位置的文本是：	是财阀之子，更是一路伴随韩国产业化与历史浪涛走来的
"《少儿健康成长百问》是1999年农村读物出版社出版的图书，[MASK]永华"中[MASK]位置的文本是：	作者是藤
"据悉，由潇庸导演执导的原创网剧《狼乾劫》将于3月6日[MASK]捉妖记，与众不同的是，此剧融玄幻、喜剧、悬疑、惊悚等多种元素为一体，在主题创新与剧情构思上另辟蹊径，足以引爆年后追剧狂欢"中[MASK]位置的文本是：	在爱奇艺全新上线，如期掀起一场狼族与人族之间的夺命浩劫，打造别具一格的真人版
"郭[MASK]男，汉族，1975年10月出生，中共党员，大学专科学历，南昌铁路局向塘机务段机车司机，高级技师"中[MASK]位置的文本是：	学飞，
"《[MASK]备考优化方案》是2007年法律出版社出版的图书，作者是李仕春"中[MASK]位置的文本是：	2008年国家司法考试
"山小橘属（Glycosmis）[MASK]芸香目、芸香科的一属"中[MASK]位置的文本是：	 是被子植物门、双子叶植物纲、
"《物理光学学习指导与题解》是2011年3月1[MASK]作者是刘翠红"中[MASK]位置的文本是：	日电子工业出版社出版的图书，
"全国分布永乐票务自2003年创立以来，已经在北京、上海、广州、深圳、天津、南京、[MASK]、佛山、武汉、合肥、大连、福建等地设有分支机构"中[MASK]位置的文本是：	成都、重庆、西安
"《我和她和她的生存之道》是日本关西电视台于2004年1月6日播出的亲情电视剧，由桥[MASK]、小雪、美山加恋、凉等主演"中[MASK]位置的文本是：	部敦子担任编剧，平野真、髙桥伸之、三宅喜重执导，草剪刚
"历史评价李氏朝鲜的创立并非太祖大王李成桂一人[MASK]﹐其五子李芳远功不可没"中[MASK]位置的文本是：	之功
"《异界之王者召唤》是[MASK]落泪写的网络小说连载于17k小说网"中[MASK]位置的文本是：	秋风
"个人简历黄郁成[MASK]），男，江西金溪人，民进会员"中[MASK]位置的文本是：	（1963年－
"刘慈欣在《三体》系列中，预设了一个残酷的宇宙规模的黑暗前提，这也是他的“宇宙社会学”的核心[MASK]：生存是文明的第一需要，很有些哲学意味，这里面价值判断被取消了"中[MASK]位置的文本是：	所在，其第一条公理
"《生产力[MASK]科学发展研究》是2011年世界图书出版公司出版的图书，作者是宋保仁"中[MASK]位置的文本是：	的
"《漕运[MASK]颇丰的著名作家王梓夫的又一部长篇力作，是《漕运码头》的姊妹篇"中[MASK]位置的文本是：	古镇》是多年潜心漕运文化研究且成就
"维多利亚港地处香港岛与[MASK]之间，港阔水深，自然条件得天独厚，可以停泊远洋巨轮"中[MASK]位置的文本是：	九龙半岛
"代表国家队：出场0次，进0球运动经历朱子森，出生于1989[MASK]17日，身高185cm，司职守门员"中[MASK]位置的文本是：	年5月
"《把爱留给爱[MASK]于2000年10月2日出版发行，被收录于《冷酷到底》专辑中"中[MASK]位置的文本是：	你的人》是男声音乐组合羽泉的一首歌曲，
"成都通信电缆厂，地处成都市南三环路五段25号，工厂[MASK]大规模从事通信电缆生产的专业化工厂"中[MASK]位置的文本是：	始建于一九八六年，是
"公司[MASK]、始创于1993年，注册资本6000万元"中[MASK]位置的文本是：	介绍：  唐山海港华贸物资经销有限公司
"梁中光[MASK]人，1937年7月毕业于广东省测绘学校"中[MASK]位置的文本是：	（1918～1969），广西灵山县灵城镇
"系现代著名书画篆刻家马[MASK]，马万里中国画艺术研究会理事长"中[MASK]位置的文本是：	万里外孙，马慧先与吕牧石之子
"《我就是这样的》[MASK]创作，黄贯中于《我是歌手》第一季第十一期，第二轮演唱这首歌曲，遗憾落败"中[MASK]位置的文本是：	是黄贯中演唱的歌曲，词、曲由黄贯中本人
"橙乃真希（日语：橙乃 ままれ、1973年8[MASK]梅津大辅"中[MASK]位置的文本是：	月25日－）是日本男性轻小说作家，东京都出身，本名
"《极品毛笔[MASK]草根少爷创作的网络小说，发表于起点网"中[MASK]位置的文本是：	》是
"3、《三生三世十里桃花》《三生三世[MASK]上海剧酷文化传播有限公司出品"中[MASK]位置的文本是：	十里桃花》是根据唐七公子同名小说改编，由
"黄向阳，男[MASK]汉族，1966年11月出生，湖南湘潭人"中[MASK]位置的文本是：	，
"严山山,上海人，生于1976[MASK]先生）嫡系后裔，世代居于上海"中[MASK]位置的文本是：	年11月,记者、编辑，明代著名散文家归有光（震川
"《我为何让你走》是郭富城的音乐作品，潘源良作曲，[MASK]专辑中"中[MASK]位置的文本是：	收录在《第四晚心情》
"《雷克雅未克》是由周国贤作曲，黄伟文作词，麦浚龙[MASK]《Addendum》"中[MASK]位置的文本是：	 和周国贤演唱的歌曲，所属专辑为
"朱旻，男，1975年9月出生[MASK]1996年8月参加工作，2000年12月入党，大学学历"中[MASK]位置的文本是：	，义乌佛堂人，
"[MASK]的一首歌曲，收录在专辑《阳光湘》当中"中[MASK]位置的文本是：	《不用说爱你》是李湘演唱
"高中时候特别喜欢一首范玮琪的《黑白配》，第一次听到的时候，我[MASK]的就是我跟他的故事，在我心中这首歌完全符合我的心境"中[MASK]位置的文本是：	真的不敢相信，我觉得那首歌的歌词写
"基本信息歌名：让梦[MASK]-I&#39"中[MASK]位置的文本是：	沉浮  作曲：Rad
"李常宏，影视演员[MASK]于中央戏剧学院表演系99级本科班"中[MASK]位置的文本是：	，毕业
"《喜洋洋和灰太郎》是[MASK]的热血青春类小说，作者是秋雨涵"中[MASK]位置的文本是：	一部连载于17k小说网
"《领导管人流程管事2》是2010[MASK]经济出版社出版的图书，作者是曾伟"中[MASK]位置的文本是：	年中国
"《任之堂中药讲记[MASK]军医出版社出版的图书，作者是曾培杰、陈创涛"中[MASK]位置的文本是：	》是2013年人民
"感谢作者臼井仪人创作了蜡笔小新这一经典的熊[MASK]人怜爱，给我们的生活增添了诸多乐趣"中[MASK]位置的文本是：	孩子形象，虽然他调皮捣蛋，却惹
"[MASK]年7月中国文联出版社出版的图书，作者是丁晓宇"中[MASK]位置的文本是：	《中国崛起方略》是2007
"乔洋12015年全新单曲《狼道[MASK]不一样的乔氏摇滚"中[MASK]位置的文本是：	》，打造
"黄成松，祖籍湖北江夏，[MASK]"中[MASK]位置的文本是：	出生于贵州水城
"唐朝乱糟糟的婚恋，李世民开了个“好头[MASK]批判性的继承"中[MASK]位置的文本是：	”，李治再近一步，武则天则是
"李日鸿（党组成员、副局长）  男，汉族，1959年10[MASK]参加工作，1985月12日加入中国共产党，武汉市委党校社会学专业毕业，党校研究生"中[MASK]位置的文本是：	月出生，江西萍乡人，1981年9月
"《开盖儿》是连载[MASK]，作者是玄琪"中[MASK]位置的文本是：	于起点中文网网的一本小说
"《匈奴最后一个风水师》是[MASK]于17k小说网"中[MASK]位置的文本是：	陈嘉嵘写的网络小说连载
"[MASK]是小菜豆腐汤创作的网络小说，发表于17K小说网"中[MASK]位置的文本是：	《都市邪公子》
"《白日焰火》是由刁亦男执导和编剧的一部悬疑爱情影片，廖凡、桂纶[MASK]日在中国公映"中[MASK]位置的文本是：	镁、王学兵领衔主演，于2014年3月21
"[MASK]取号观堂，并把自己的心血结集称为《观堂集林》，看来并非偶然"中[MASK]位置的文本是：	四、王国维的“观”王国维
"陈曼萍1，女，1968[MASK]皖南医学院，本科学历，学士学位，肿瘤科副主任医师"中[MASK]位置的文本是：	年12月出生，1992年7月毕业于
"2014年与王志文、李小冉等主演的《[MASK]并在国剧盛典获得观众喜爱的新人女演员奖，那时候的关晓彤扎着马尾长辫，看起来很青涩，加上总是演大咖的女儿，所以被称为“国民闺女”"中[MASK]位置的文本是：	大丈夫》，同年与张嘉译、闫妮主演的《一仆二主》，
"歌词大冢爱 - ラーメン3分クッキング作词：[MASK]もしもし　今何してんの"中[MASK]位置的文本是：	爱作曲：爱编曲：爱/Ikoman VAN制作「
"2013年5月28日[MASK]Lady》开机49"中[MASK]位置的文本是：	，徐子珊接拍电视剧《My盛
"《不可思议的[MASK]湖南科学技术出版社出版的图书，作者是乔舒亚·库珀·雷默"中[MASK]位置的文本是：	年代1》是2010年
"《伦敦间谍》主要讲述本·韦肖饰演的[MASK]间谍“亚历克斯”(爱德华·霍尔克罗夫特饰)，在其突然失踪后，“丹尼”深入谍战漩涡，试图找寻真相的故事"中[MASK]位置的文本是：	“丹尼”飞蛾扑火般爱上另一位
"佛山名都大酒店占地面积50多亩，建筑面积约50000平方米，配套近万平方米[MASK]，大型动感喷泉，环境优雅"中[MASK]位置的文本是：	的花园式停车场
"《犯罪心理捜査》是一部由村上正典导演的电视剧集，这部作品结合“刑警故事”和“犯罪心理学”两大主题，通过演绎与无形的敌人争分夺秒的解谜之战，[MASK]的刑侦剧"中[MASK]位置的文本是：	来为观众展现出本剧的乐趣，可谓一部崭新
"[MASK]年12月1日云南人民出版社出版的一本图书，作者是刘文典"中[MASK]位置的文本是：	《杜甫年谱》是2012
"丽江市位于云南省西北部云贵高原与青藏高原[MASK]万平方公里，北连迪庆藏族自治州，南接大理白族自治州，西邻怒江傈僳族自治州，东与四川凉山彝族自治州和攀枝花市接壤，距昆明市527公里"中[MASK]位置的文本是：	的衔接地段，市区中心位于东经100°25'北纬26°86'，总面积2.06
"《美好年代》是由[MASK]的青春偶像剧，于2016年7月12日在台视首播"中[MASK]位置的文本是：	明金成、蔡东文执导，刘奕儿、布鲁斯、安俊朋、黄仁德、杨铭威主演
"《杭州运河文献（全两册）[MASK]作者是陈述"中[MASK]位置的文本是：	》是2006年杭州出版社出版的图书，
"北京美尚居建筑装饰工程有限公司成立[MASK]一家集装饰设计、工程施工、材料配送为一体的装饰企业，主要从事高尚住宅小区、别墅、写字楼、商务空间、酒店、学校、医院等场所的装修设计和施工"中[MASK]位置的文本是：	于2010年12月1日，是
"《最高通缉令之红心帝王[MASK]九星瓢虫创作的网络小说，发表于17K小说网"中[MASK]位置的文本是：	》是
"《民营经济与政府管理》是2006年浙江大学[MASK]出版的图书"中[MASK]位置的文本是：	出版社
"中山市麦登灯饰照明有限公司于2011年05月[MASK]工商行政管理局登记成立"中[MASK]位置的文本是：	16日在中山市
"《孤独的人是可耻的》是由毕夏演唱[MASK]》中"中[MASK]位置的文本是：	的歌曲，彭飞老师再次编曲，收录在专辑《序
"《[MASK]表达》是2001年外文出版社出版的图书，作者是(加拿大)马歇尔"中[MASK]位置的文本是：	外事英语流利
"孟和巴特尔，男，[MASK]年8月毕业于内蒙古乌盟卫生学校"中[MASK]位置的文本是：	1955年2月2日生，内蒙古西苏人，1977
"1科属分类苦恶[MASK]，秧鸡属鹤形目秧鸡科"中[MASK]位置的文本是：	鸟它是秧鸡的一种
"经过研究，唐静决定[MASK]与自己合作过热播剧《火蓝刀锋》的青年编剧冯骥创作影片的第一稿剧本"中[MASK]位置的文本是：	让曾
"1[MASK]大陆的业务主体据悉，富士康股份为鸿海精密集团在大陆的业务主体，鸿海精密是郭台铭创立于1974年的世界电子产业科技制造服务商"中[MASK]位置的文本是：	富士康为鸿海精密集团在
"[MASK]1977年，江苏盐城人，毕业于中国人民大学"中[MASK]位置的文本是：	纪立俊，男，生于
"胶鼬鳚科属于动物界、脊索动物门[MASK]鳚目"中[MASK]位置的文本是：	、胎鼬
"《入戏[MASK]是晋江文学城连载的小说，作者是小柳子"中[MASK]位置的文本是：	Ⅱ》
"黑龙江蓝海大豆食品有限公司于2013年6月25日[MASK]黑龙江省齐齐哈尔市工商行政管理局登记成立"中[MASK]位置的文本是：	在
"弗里德里希·奥古斯塔·莫里茨·雷茨施（Friedrich August Moritz Retzsch，1779年12月9[MASK]插图作家"中[MASK]位置的文本是：	日-1857年6月11日），德国画家，
"《菜鸟阎王》是北京[MASK]、王一鹏编剧、周凯文、于芷晴、魏雨萱、王欣如、陈雅森等领衔主演"中[MASK]位置的文本是：	东远政和影视有限责任公司出品的喜剧片，由陈虎监制、子文导演
"人物生平孔奇出身于世代传习经学的鲁国孔氏，定居于扶风茂陵，未曾到远方[MASK]求学"中[MASK]位置的文本是：	去拜师
"今日由孙怡、韩东君、徐正溪领衔主演[MASK]更新两集，VIP用户提前看下周"中[MASK]位置的文本是：	的民国剧《人生若如初相见》登录腾讯视频，每周三至周五
"如此说来，《终点之城》已经是安东尼·霍普金斯出演的由詹姆斯·伊沃里执导的第4部[MASK]合作次数，霍普金斯承认道：“虽然我很喜欢年轻有冲劲的导演，和他们一起，我感觉自己也年轻了很多"中[MASK]位置的文本是：	电影作品了，仅次于他与另外一位电影人理查德·阿滕伯勒（RichardAttenborough）的
"梨实蜂[MASK]折梢虫、切芽虫、花钻子等，属于膜翅目，叶蜂科"中[MASK]位置的文本是：	（学名：Hoplocampa pyricola Rohwer）又称为
"“跳水皇后”郭晶晶与[MASK]霍中曦不经不觉已经15个月大"中[MASK]位置的文本是：	霍启刚儿子
"尽管他俩的[MASK]蛛丝马迹显示，贾乃亮应该已经原谅李小璐了"中[MASK]位置的文本是：	关系目前为止还是雾里看花，但就之前的
"文跃萍 ，[MASK]祖籍江西萍乡，1986年12月毕业于江西省广播电视大学经济类企业管理专业，任职于江西省航务管理局港航工程处"中[MASK]位置的文本是：	 1958年5月出生，
"清代康熙以来，遍布嘉兴城乡[MASK]"中[MASK]位置的文本是：	之陆氏大抵为窦巷支后裔
"倍耐力创立于[MASK]年的品牌价值达到了16.37亿美元"中[MASK]位置的文本是：	1872年，倍耐力轮胎享誉全世界，在2016
"阎连科在《日光流年》的序中阐释了自己[MASK]来到人世匆忙一程，原本不是为了争夺，不是为了金钱、权力和欲望，甚至也不是为了爱情"中[MASK]位置的文本是：	的写作目的：“我们
"创作背景《胡闹》是[MASK]表现自己感情生活的心境而创作的2"中[MASK]位置的文本是：	吴克群为了
"概述《我的老豆是大佬》原名为《[MASK]》），该剧为上海SMG拍摄的一部海派情景喜剧"中[MASK]位置的文本是：	噱占上海滩》（原名《啼笑往事
"led灯电源品牌1、欧普照明有关欧普照明股份有限公司创始于1996年，以生产三基色节能灯起家，集LED及传统光源、灯具、电工电器[MASK]一体的高新技术企业"中[MASK]位置的文本是：	等的研发、生产和销售为
"《琉璃雨未央天》是连载于17k小说网[MASK]作者是妖孽也倾城"中[MASK]位置的文本是：	的一部架空历史类小说，
"”     聚集的编剧方面有王一民（原江西省文联主席）、毕必成（江西九江人，轰动一时的《庐山恋》为其代表作）、李栋（福建台编剧）、盛曼姝（长影厂编剧，作品有[MASK]葛存壮、许晴等主演，轰动一时）、苏叔阳（北影厂著名编剧，有《丹心谱》《夕照街》等作品，他改编的《聊斋》拍出来的是《佟客》《莲香》，另有《凤仙》《聂小倩》后面未能开拍）"中[MASK]位置的文本是：	《走出迷魂谷》，后与雷献禾合作有《秃探与俏妞》）、周毅如（南昌市文联创作室主任）、赵大年（北京人，编写有电视剧《公主的女儿》《皇城根儿》，该剧由赵宝刚导演，王志文、孙淳、
"《晶体[MASK]2010年科学出版社出版的图书，作者是刘培生"中[MASK]位置的文本是：	点缺陷基础》是
"红鸟翼凤蝶指名亚种（学名：Ornithoptera [MASK]鳞翅目凤蝶科鸟翼蝶属，是一种大型蝴蝶，也是红鸟翼凤蝶的一个亚种"中[MASK]位置的文本是：	croesus croesus）属
"湖南[MASK]株洲磁流体有限公司）成立于1998年3月，是第一家专业从事磁流体以及相关产品的研发、生产和销售的中国企业，位于中国湖南株洲（国家级）高新技术产业开发区"中[MASK]位置的文本是：	维格磁流体股份有限公司1（原
"173同年香港电台太阳计划和香港反吸烟与健康委员会合作拍摄公益电影《烟飞烟灭》[MASK]兼任导演和编剧"中[MASK]位置的文本是：	，本来只想找张国荣做主角，但张国荣主动提出不收分文，
"邱斌，又名奕语，[MASK]"中[MASK]位置的文本是：	字思肃，汉族
"个人简介郑其文，男，汉族，福建霞浦人，1966年3月出生，中共党员，大学[MASK])"中[MASK]位置的文本是：	学历，现任宁德市检察院反贪局局长(正科级
"广东省中国青年旅行社成立于1979年，是一家以经营入境旅游为主，招徕和接待来华观光的[MASK]出境旅游、国际机票 等全套服务的大型综合性国有企业"中[MASK]位置的文本是：	旅游者，并为国内公民的提供国内旅游、
"《歌剧魅影》是由乔·舒马赫执导，[MASK]罗森、帕特里克·威尔森主演的一部爱情电影"中[MASK]位置的文本是：	杰拉德·巴特勒、埃米·
"2016年1月3日，赵天宇执导的爱情电影《微微一笑很[MASK]"中[MASK]位置的文本是：	倾城》开机，张一白任监制
"内蒙古鼎盛华房地产开发有限公司于2006年[MASK]"中[MASK]位置的文本是：	01月17日在呼和浩特市工商行政管理局登记成立
"广州中信搬家公司成立于1992年6[MASK]至信 的企业理念，一路走来，不断成长壮大"中[MASK]位置的文本是：	月，十几年来中信搬家始终坚持 至诚
"《魔女戏狼君》是一本穿越类型的小说[MASK]由潇湘书院连载"中[MASK]位置的文本是：	，作者紫雨漪漪，
"北京石油学院附属中学，简称石油附中，是一所含初中、高中的优质公立完全中学，[MASK]的人文地理优势，为办学提供了良好的社区环境和丰富的科学文化资源"中[MASK]位置的文本是：	位于海淀区高校林立的学院路，具有独特
"为了能够改变妻子王小凤的状况，许立信带着她去了美国生活，从此淡出了[MASK]娱乐圈"中[MASK]位置的文本是：	香港的
"[MASK]11529—1605)，字笃周，号梦兰，广东南海人"中[MASK]位置的文本是：	郭棐(
"《聚灵诀》是连载于[MASK]，作者是沉睡天使"中[MASK]位置的文本是：	起点中文网的网络小说
"一直看见天使是[MASK]新城容祖儿我的女皇音乐会》"中[MASK]位置的文本是：	 容祖儿的一首歌曲，所属专辑：《
"小窗凹缘虫戚（学名：Emarginula[MASK]原始腹足目裂螺科边罅螺属的一种"中[MASK]位置的文本是：	 genestrella），是
"《恋恋不忘》根据蓝白色的小说《无爱承欢》改编，[MASK]、王丽文执导，言承旭、佟丽娅、冯婧、吕行、游游、黄柏钧、吴玉芳领衔主演"中[MASK]位置的文本是：	该剧由曾丽珍
"[音乐]歌手杨鸣轩[MASK]《风再起时》是K歌时必点的歌曲"中[MASK]位置的文本是：	 陈少琪填词的
"在那年的初一，聂荣臻让自己的女儿[MASK]拜年，送去新年ainian的问候"中[MASK]位置的文本是：	聂力代表自己的全家人给邓小平
"《保镖老公》是鳗鱼饭饭[MASK]的网络小说，发表于17K小说网"中[MASK]位置的文本是：	创作
"《土地资本化与农村工业化》是2005年山西经济出版社[MASK]作者是蒋省三、韩俊"中[MASK]位置的文本是：	出版的图书，
"今天小编给大家介绍几款从1939年漫威成立到现在[MASK]的游戏吧"中[MASK]位置的文本是：	出现过的超级英雄，并且相关
"五、诸葛亮诸葛亮(181年-234年10月8日)，字孔明，号卧龙，汉族，三国时期蜀汉丞相，[MASK]文学家"中[MASK]位置的文本是：	杰出的政治家、军事家、外交家、散文家、书法家、发明家、
"《（家藏天下）歇后语·谚语大全（家藏[MASK]年出版"中[MASK]位置的文本是：	天下）》作者是崔钟雷，由哈尔滨出版社在2010
"《夺爱》是韩国 [MASK]至 7 月期间播放的晨间连续剧，由林正恩、河珠熙、崔令、黄仁成、金正旭等人领衔演出"中[MASK]位置的文本是：	SBS 电视台于 2008 年 3 月
"《中国媳妇》是[MASK] ，该剧共分五部"中[MASK]位置的文本是：	由导演罗福执导的家庭伦理系列剧
"《唐名家诗选赏析（[MASK]分店出版的图书"中[MASK]位置的文本是：	全二册）》是1997年三联书店上海
"《从断桥到钱塘江》是钟立风2009年发行的[MASK]中的一首单曲"中[MASK]位置的文本是：	专辑《她为我编织毛衣》
"《蜥蜴女孩》[MASK]久、新城毅彦执导的作品，菅野美穗参加演出"中[MASK]位置的文本是：	是由今井和
"歌曲《[MASK]东达唱片歌曲相关介绍：《鸽子与海》实验性和大胆的曲风或者用勇于突破来形容更贴切，首首都是上等之作"中[MASK]位置的文本是：	把我的手握紧》歌手：郭子所属专辑：鸽子与海 发行年代：1995年唱片公司：
"《人贱人爱》是[MASK]《这位同学叫肖飞》中"中[MASK]位置的文本是：	肖飞演唱的歌曲，收录在专辑
"《话说长江》这部25集的关于长江沿岸地理[MASK]反响空前热烈，全国观众的反应以及它被赋予的意义已经远远超过了纪录片本身传达出的信息，因为中国观众第一次全面直观地看到了国家的人文地理"中[MASK]位置的文本是：	及人文的纪录片，1983年8月7日在中央电视台首播，播出后
"《[MASK]》是2009年江苏人民出版社出版的图书，作者是叶兆言"中[MASK]位置的文本是：	江苏读本
"在昨晚的节目中华晨宇终于唱了一首自己的代表作《我管你》，穿了一身blingbling的华丽舞台装，真是妖娆十足，华晨宇现在[MASK]”了吗"中[MASK]位置的文本是：	的台风很稳，越更加的放松享受舞台，这些年的历练和蜕变让他更具“巨星”范，连脸都成锥子脸了，难道是“整容
"1、2013新偶像剧《花样跳水少年》1：由凤凰传奇影业、海润[MASK]青年导演陈畅执导，两岸人气偶像沈建宏、洪紫琳、李茂、崔宝月、等主演，独特取材跳水竞技体育项目，主推“青春、运动、偶像、时尚、励志”五大核心元素，大走“花样美男”路线，打造国产偶像剧新坐标，必将掀起新一轮偶像剧旋风"中[MASK]位置的文本是：	影视、海宁北辰文化影视联合出品，力邀台湾新生代导演于中中、内地
"被风吹过的夏天，《[MASK]歌曲，由林俊杰作曲，冯欣慧填词，收录在金莎2005年发行的专辑《空气》中"中[MASK]位置的文本是：	被风吹过的夏天》是林俊杰与金莎合唱的一首
"詹巍，男，汉族，1974年10月出生，浙江[MASK]于华东政法学院经济法专业并获法学学士学位"中[MASK]位置的文本是：	乐清人，1994年1月加入中国共产党，1996年7月毕业
"1996年[MASK]美国男篮“梦三队”参加了奥运会赛事"中[MASK]位置的文本是：	亚特兰大奥运会，卡尔·马龙代表
"《超实用健康美腿操》是2006年上海文化出版社出版的图书[MASK]王翡"中[MASK]位置的文本是：	，作者是葛苓，周睿，
"郑州君诚管业有限公司成立于2005年，地处中部中心省会城市，享有“[MASK]"中[MASK]位置的文本是：	绿城”美誉的郑州
"[MASK]执导，谷原章介等人主演的一部犯罪片"中[MASK]位置的文本是：	《新生代黑社会》是由三池崇史
"临淄王李隆基（后来的唐玄宗）[MASK]禁军攻入宫城，杀韦后、安乐公主、上官婉儿及诸韦子弟，迫少帝让位，立相王李旦（李隆基父）为帝，即唐睿宗"中[MASK]位置的文本是：	与太平公主（武则天女）发动
"濋曼莉，女，汉族，中师文化，益阳市优秀教师，[MASK]南郊中心完全小学，小学一级教师"中[MASK]位置的文本是：	沅江市市大镇
"刘继远，男[MASK]，现任中国石油乌鲁木齐石化公司党委书记1"中[MASK]位置的文本是：	，中共党员，西华师范大学毕业
"[MASK]口述历史杂谈》，陈墨著"中[MASK]位置的文本是：	《
"中国华电集团公司(以 下简 称“中国华电”)是2002年底国家电力体制改革组建的全国性五家国有[MASK]"中[MASK]位置的文本是：	独资发电企业集团之一
"《你不一样》，是马来西亚女歌手[MASK]的专辑《原谅我就是这样的女生》之中1"中[MASK]位置的文本是：	戴佩妮演唱的一首流行歌曲，收录在其2009年发行
"阿基诺三世承父辈余威，几乎等于以宋教仁之子的身份发起改革，试图借中国为靶美国为[MASK]"中[MASK]位置的文本是：	箭完成力量统合，一任而终
"(17)布迪厄、[MASK]，中央编译出版社1998年版，第171页"中[MASK]位置的文本是：	华康德：《实践与反思》，李猛、李康译
"《世界著名家族教子羊皮卷》是2012[MASK]的图书"中[MASK]位置的文本是：	年国家行政学院出版社出版
"[MASK]竹桑  作词 商连  作曲 徒有琴  编曲 徒有琴  混音 徒有琴 Mr"中[MASK]位置的文本是：	主创人员霜刀听雪  ____《竹梦令》之酣梦  演唱 Tacke
"【七月的和弦】是[MASK]歌曲"中[MASK]位置的文本是：	陈星宇中文作词的一首校园
"冯伟，男，1959[MASK]，1984年12月加入中国共产党，1985年1月参加工作"中[MASK]位置的文本是：	年12月生，汉族，浙江绍兴人，研究生，工学博士，教授
"分类地位：单孔科（Haploporidae[MASK]吸虫纲、复殖吸虫目的一科"中[MASK]位置的文本是：	）是扁形动物门、
"《牙刷与女友》是日本[MASK]由内田有纪主演播出的8集深夜电视剧"中[MASK]位置的文本是：	NHK电视台于2016年1月5日
"《黑礁第三季》[MASK]动画《黑礁》系列的第三部，导演是片渊须直"中[MASK]位置的文本是：	是
"武汉智马科技有限公司于2010年[MASK]武汉东湖新技术开发区登记成立"中[MASK]位置的文本是：	08月12日在
"歧舌苔属（学名：Schistochila）是[MASK]苔目歧舌苔科之下的一个属"中[MASK]位置的文本是：	苔纲叶
"盛[MASK]，汉族"中[MASK]位置的文本是：	华美，女
"缪晓东，1992年11月25日出生，四川泸州[MASK]职业中专学校计算机大专系，现任广州圣博企业管理咨询有限公司讲师"中[MASK]位置的文本是：	人，2010年毕业于四川泸州江南
"《极限挑战》中王迅被黄渤塑造成了一个敦朴老大哥的抽象，耿直仁慈的王迅在黄渤不余遗力的协助下，也圈了很多粉，同时他在节目中也曾感谢过黄[MASK]时，王迅却自毁长城，让黄渤的勤奋全数付诸东流"中[MASK]位置的文本是：	渤，但是就在黄渤预备持续给王迅铺路
"东汉建安十三年，也就是公元208年，已晋位汉相的曹操得知蔡文姬流落[MASK]"中[MASK]位置的文本是：	南匈奴的消息之后，心中非常焦急
"《明天也胜利》是韩国MBC电视台于2015年11月2日起[MASK]编剧，全昭旻、宋元根、崔弼立、刘浩琳等主演"中[MASK]位置的文本是：	播出的晨间日日连续剧，由郑知仁、吴承烈导演，洪胜熙
"肖[MASK]、总裁，同济大学材料学学士及管理硕士"中[MASK]位置的文本是：	水龙，深圳市创东方投资有限公司董事长
"《最后我们都一样》是由陈楚生作词，陈楚生[MASK]陶华作曲，陈楚生 SPY"中[MASK]位置的文本是：	、王栋、
"《守候幸福》是陈燕民导演的[MASK]陈谨、宋晓英、沙景昌等主演"中[MASK]位置的文本是：	26集婚恋伦理剧，该剧由肖驰、杨立新、
"海华财富投资管理（北京）有限公司于2013-06-18[MASK]朝阳分局登记成立"中[MASK]位置的文本是：	在
"北京君阳投资有限公司[MASK]29在北京市工商行政管理局（登记业务及档案查询在所在地工商分局办理"中[MASK]位置的文本是：	于2010-06-
"克里斯蒂娜·涅斯特林格是奥地利当代最著名[MASK]维也纳，主要创作童话、诗歌、小说、剧本"中[MASK]位置的文本是：	的儿童文学作家，1936年生于
"《韩空》是连载在起点中文网的[MASK]种马"中[MASK]位置的文本是：	小说，作者是意大利
"《天才宝贝》是由PrimeEntertainment公司于2008年8月发行的一部喜剧电影，由金镇英执导，张根硕、文梅森、[MASK]"中[MASK]位置的文本是：	吴光禄等主演
"1942年，许绍棣偕夫人孙多慈、女儿、岳父来到大漈避暑于[MASK]漈”"中[MASK]位置的文本是：	时思寺，对大漈风光赞叹不已，题书“时思阁”和“雪花
"《超值[MASK]出版的图书，作者是施耐庵"中[MASK]位置的文本是：	金版-水浒传》是2011年新世界出版社
"悲剧开始赵姨娘的丈夫[MASK]贾政的妻子是王夫人"中[MASK]位置的文本是：	是贾政，而
"李静，1986年[MASK]商水人，中共党员，硕士，周口师范学院数学与信息科学系教师"中[MASK]位置的文本是：	4月出生，河南
"脑海都瓦解 都甩开1歌曲鉴赏陈没填词巧妙翻转丁当音乐风格突破声线的《[MASK]的态度"中[MASK]位置的文本是：	甩开》，一句一句都深刻描绘出白羊座的丁当对爱情
"《如果[MASK]凤飞飞，1977-01-01发行，歌曲时长为03:39"中[MASK]位置的文本是：	你是一片云》原唱
"《白夜追凶》导演: 王伟编剧: 指纹 / 顾小白主演: 潘粤明 / 王泷正 [MASK]白夜追凶》在去年曾一度爆红，其话题热度一直居高不下，很多看过的观众都在自己的微博、朋友圈向朋友推荐这部国产悬疑剧"中[MASK]位置的文本是：	/ 梁缘 / 吕晓霖 / 尹姝贻 等豆瓣评分：9.0优酷出品的网剧《
"《居家男人》是方刚亮执导的[MASK]、张涵予等主演1"中[MASK]位置的文本是：	都市情感剧，由傅彪、伍宇娟、方子春、刘园媛
"基本资料球员:萨肯  [MASK]球衣号码:999  效力球队:阿兰亚士邦  前度效力球队:马丁斯堡  曾经效力球队:马丁斯堡球队阵容后卫  N"中[MASK]位置的文本是：	生日:1977年6月10日  身高:174cm  
"《蒲公英之恋》由湖南卫视[MASK]迪丽热巴、杨幂、陈翔等主演"中[MASK]位置的文本是：	制作的青春校园电视剧，由张翰、郑爽、
"《冤魂[MASK]是孽灵子创作的网络小说，发表于起点网"中[MASK]位置的文本是：	记》
"马雄辉，党组成员、[MASK]（副局长），男，汉族，出生于1972年2月，籍贯湖北沙洋"中[MASK]位置的文本是：	副主任
"天津商都科技有限公司于[MASK]天津市滨海新区市场和质量监督管理局登记成立"中[MASK]位置的文本是：	2012年08月31日在
"《[MASK]是陈一郎在他的歌曲专辑《台语纪念专辑》中发布的一首闽南语版的歌曲"中[MASK]位置的文本是：	红灯码头》
"《你画的[MASK]专辑《将要遇见阳光》中的第一主打歌，也是电视剧《夏家三千金》的主题曲"中[MASK]位置的文本是：	彩虹》是华语流行乐男歌手姜洋，首张
"2003年的这部《隋唐英雄传》不知道是 多少[MASK]回忆呢"中[MASK]位置的文本是：	人的童年
"CARTIER卡地亚CARTIER 卡地亚大名鼎鼎的卡地亚有着「珠宝皇帝」的美称，它是在1847年于法国[MASK]世纪开始闻名"中[MASK]位置的文本是：	创立的钟表与银饰品牌，从19
"河北省安平县诚成五金[MASK]1986年，是一家生产，销售各种金属丝网和丝网制品的专业厂家，是集生产、销售为一体的大型企业"中[MASK]位置的文本是：	丝网制造厂（原宗庄电焊网总厂）创建于
"原本再婚双方都带着孩子结合的家庭，通常会[MASK]，同时还与赵玉吉的前妻黄涛成为了好朋友"中[MASK]位置的文本是：	有很多难题，但是宋丹丹不仅与新婚老公赵玉吉前妻的女儿相处融洽
"气候兴国[MASK]年均气温16"中[MASK]位置的文本是：	镇属北亚热带气候区，
"威廉·阿劳霍英文名：Willian[MASK]-12-11场上位置：前锋身高：182厘米体重：公斤出生地：蒙蒂斯克拉鲁斯（巴西）国籍：巴西"中[MASK]位置的文本是：	 Araujo生日：1993
"《地球的故事-彩图版》是2012年天津科学技术[MASK]是张轩"中[MASK]位置的文本是：	出版社出版的图书，作者
"大凹子村属于半山区，距离村委会[MASK]13℃，年降水量810毫米，适宜种植包谷等农作物"中[MASK]位置的文本是：	5公里，距离镇25公里，国土面积0.16平方公里，海拔1940米，年平均气温
"《贴身校花》改编自带玉小说《我的贴身校花》。该剧由搜狐视频、上海丝芭影视联合[MASK]、杨韫玉，赵顺然，经超等"中[MASK]位置的文本是：	出品，于2016年3月正式开始，主要演员为SNH48张语格、李艺彤、吴哲晗
"[MASK]网络歌手花粥的作品"中[MASK]位置的文本是：	《流氓》是
"个人生活曾国祥的父亲是香港艺人曾志伟，[MASK]，姐姐是曾宝仪、曾咏仪，弟弟是曾国犹28"中[MASK]位置的文本是：	在家排行第三，有两个姐姐和一个弟弟
"刘裕死后，其长子刘义符即位[MASK]，不久之后更是被杀"中[MASK]位置的文本是：	，然而仅仅两年之后，刘义符就被权臣废掉
"曹操是中国历史上一个充满传奇性的人物，三国演义中[MASK]臣，乱世之奸雄，当然像他这样的人，更容易被人所忌恨"中[MASK]位置的文本是：	更是评价其为治世之能
"密花拉拉藤（变种）是被子植物[MASK]茜草族拉拉藤属的植物，分布于内蒙古、河北、山西、陕西、宁夏、甘肃、青海、江西、河南、四川、贵州、云南、西藏等地"中[MASK]位置的文本是：	门双子叶植物纲合瓣花亚纲茜草目茜草科
"杭州[MASK]于2013年12月，公司位于浙江省杭州市下城区东新路698号，注册资金1000万元"中[MASK]位置的文本是：	圣猫电子商务有限公司成立
"广州嘉憬家用电器有限公司创立于2001年[MASK]是一家集研发、制造、销售为一体的婴幼儿用品生产企业"中[MASK]位置的文本是：	，总部位于中国的经济、金融中心——广州，
"NO.1《武林外传》《武林外传》是一部2006年的中国大陆章回体古装情景喜剧[MASK]，闫妮、沙溢、姚晨、喻恩泰、姜超、王莎莎等演员主演"中[MASK]位置的文本是：	，由尚敬导演执导
"《西游记》这部剧从1986年开始播出，霸占电视荧屏长达30年，并且获得1988年的全国电视剧飞天奖以及《大众电视》金鹰奖特别奖[MASK]，并名列十佳电视导演之首"中[MASK]位置的文本是：	，杨洁也因此入选新时期（1978-1987）全国影视十佳导演
"《被驯服的象[MASK]但是大家一点不会想到这首歌是台湾知名主持人小S作词的"中[MASK]位置的文本是：	》大家都知道是蔡健雅唱的歌，
"李家禄，男，汉族，1960年出生，中共党员，[MASK]解放军南京政治学院经济与行政管理专业在职本科"中[MASK]位置的文本是：	1979年参加工作，
"歌曲《天空之城》的演唱歌手是马旭东，语言种类：[MASK]29秒，发行时间：2014年8月8日"中[MASK]位置的文本是：	国语，所属专辑：天空之城，歌曲时长：4分
"深缝海蛳螺，（拉丁学名Epitonium eximium，Asperiscala eximium），别称深缝梯螺，是中腹足目[MASK]，全世界均有分布"中[MASK]位置的文本是：	、海蛳螺科的一种生物
"《那年秋天相遇的我们》是连载于晋江文学城的[MASK]的狗尾巴草"中[MASK]位置的文本是：	小说，作者是春天
"[MASK]1802—1866），字少默，号子鹤，别号紫藿"中[MASK]位置的文本是：	陈孚恩（
"《黑骑士》由韩相佑执导，编剧为金仁英，由金来沅、申世景和徐[MASK]"中[MASK]位置的文本是：	智慧共同主演，将于2017年12月在韩国KBS电视台播出
"《革命人永远是年轻》是于文华、魏金栋演唱的歌曲，该[MASK]—中国歌剧金曲》"中[MASK]位置的文本是：	首歌曲出自于1995年01月01日发行的专辑《红梅赞
"[MASK]招振强执导的武侠动作片，由米雪、何家劲等主演"中[MASK]位置的文本是：	《金剑神传》是由
"《hp美女与野兽》是叶二[MASK]晋江文学网"中[MASK]位置的文本是：	小姐创作的网络小说，发表于
"后来贾充发觉韩寿身上有武帝赏赐他的西域奇香之味，[MASK]偷去送给韩寿的，才知他们早有私情，遂将贾午嫁给韩寿为妻"中[MASK]位置的文本是：	又见女儿近来神色与平日不同，心生怀疑，拷问婢女后得知是贾午将奇香
"何镜聪是[MASK]的台湾省宜兰县著名书画家"中[MASK]位置的文本是：	出生于1947
"《教学模式第八版》[MASK]2014年6月由中国人民大学出版社出版的图书，作者布鲁斯·乔伊斯"中[MASK]位置的文本是：	是
"《创意涂鸦·提高篇》是2013年海豚出版社出版的图书，[MASK]蓝天"中[MASK]位置的文本是：	作者是赵
"2002[MASK]，并在剧中饰演了四大美女之一的貂蝉"中[MASK]位置的文本是：	年，与吕良伟搭档主演了古装剧《貂蝉》
"参与出演的中国美术学院中国画系韩璐教授、浙派古琴传承人徐君跃老师、竹笛大师吴樟华老师、中国印学博物馆篆刻师林立老师、中国茶叶博物馆茶艺师许泽梅老师、胡庆余堂[MASK]歌舞剧演员万穗"中[MASK]位置的文本是：	手工泛丸传统技艺传承人丁光明师傅、都锦生织锦技艺传统手工织造传人沈继军师傅、
"吴凤鸣（1869——1920 ）[MASK]竹君"中[MASK]位置的文本是：	字歧山，号
"然而最让我喜欢的还是黄日华版的天龙八部，首先黄日华这个演员就非常出色，他[MASK]我心目中的形象"中[MASK]位置的文本是：	所饰演的乔峰正是
"祖鲁别致芋螺是一种新腹足目、芋螺科贝类动物，外形为锥形，[MASK]，占据壳长一半以上"中[MASK]位置的文本是：	螺塔低，体螺层大
"北京首钢基金有限公司于2014-12[MASK]在北京市工商行政管理局登记成立"中[MASK]位置的文本是：	-22
"门德志，男，1950年[MASK]河北省香河县渠口镇石虎辛庄村人"中[MASK]位置的文本是：	2月18日出生，汉族，中共党员，
"邓巧君，女，汉族,1980年8[MASK]年8月参加工作,2003年5月入党"中[MASK]位置的文本是：	月出生，江西石城人，中共党员，大学本科文化，1997
"《BAD BOYS J》是2013年春季日剧[MASK]Zone队长中岛健人主演"中[MASK]位置的文本是：	，由Sexy 
"马自达瓶塞厂马自达创建于1920年，当时的名字叫做东洋软木工业公司，光看名字就[MASK]的产品是软木制品，也就是酒瓶塞一类的东西"中[MASK]位置的文本是：	知道，它
"长脚[MASK]又名肖蛸科，是蜘蛛目的一科"中[MASK]位置的文本是：	蛛科（Tetragnathidae），
"TOP 85《秘密森林》评分：9.2分类型：电视剧制片地区：韩国导演: 安吉镐主演: 曹承佑 / 裴斗娜 / 李俊赫讲述了儿时[MASK]他卷入了一场恐怖的连环杀人事件"中[MASK]位置的文本是：	经历脑部手术失去情感神经的天才检察官黄时木（曹承佑 饰）8年来在腐败的检查厅内一直孤军奋战，直到某天一具诡异的尸体让
"《侣行[MASK]》是渺小鱼导演的一部电影"中[MASK]位置的文本是：	Ⅱ
"北京数讯达通信技术有限公司成立于2003年，总部设于北京，建立了以华北、华东、华南、华中、西南、东北共[MASK]运营管理机制"中[MASK]位置的文本是：	六大区域为依托的
"《十三灾神》[MASK]是夜寂之灭，连载网站17k小说网"中[MASK]位置的文本是：	是一部小说，作者
"《千古风流[MASK]执导，郑少秋、恬妞、汪芫、史可等人出演的古装喜剧"中[MASK]位置的文本是：	一坛醋》是由佟东
"陈世清 ：《经济领域的哥白尼[MASK]05、1"中[MASK]位置的文本是：	革命》中国时代经济出版社
"[MASK]字不器，京兆蓝田人"中[MASK]位置的文本是：	云烨，
"经历了咳血失声、闭关禁声这惊心动魄的一百天之后，林俊杰对生活有了新感悟，加上恢复状况良好，原本中断的新专辑创作又有了火花，他把自己这一百天来的心灵转变告诉了作词家姚若龙，然后[MASK]天》"中[MASK]位置的文本是：	自己作曲，写成了新歌《第几个100
"越橘黑痣小卷蛾，中国[MASK] 昆虫纲 第二十七卷 鳞翅目 卷蛾科：313"中[MASK]位置的文本是：	动物志
"马步銮（1905[MASK]，回族，甘肃临夏人"中[MASK]位置的文本是：	—1969），字殿臣
"刘晓莉与[MASK]事业，快30岁才生了女儿刘亦菲4"中[MASK]位置的文本是：	安少康因忙于
"伊萨刺蝶鱼，[MASK]刺蝶鱼属的其中一个种"中[MASK]位置的文本是：	为辐鳍鱼纲鲈形目鲈亚目盖刺鱼科
"《黎明前的[MASK]在《请你嫁给我》专辑中"中[MASK]位置的文本是：	梦》是明圣凯的音乐作品，收录
"《天才卦师》，刀锋所著都市异能小说，创世中文网首发，2014年6月7日[MASK]封面推荐"中[MASK]位置的文本是：	登上创世首页
"据悉，18年前的经典版《流星花园》中就有庾澄庆弹着吉他在路旁演唱《情非得已[MASK]引起观众共鸣"中[MASK]位置的文本是：	》的经典片段，这次正是为了再现经典，
"刘洋，男，汉族[MASK]“新世纪121人才工程库”的储备人才，现担任湖南省建筑工程集团总公司总经济师兼湖南省第四工程有限公司董事长"中[MASK]位置的文本是：	，中共党员、民建会员，系湖南省委省政府2006年向全国引进的十名优秀博士生之一，湖南省
"林梅，女，1967年8月出生，广东海丰人，[MASK]项目管理专家”资质（IPMP之C级）获得者"中[MASK]位置的文本是：	管理学博士，深圳大学管理学院副教授，硕士生导师，国际项目管理“
"科属分类：鸟纲（Aves）、鹦形目（Psittaciformes）、鹦鹉科[MASK]厘米，雄鸟有蓝色顶冠，喉部有鲜红色羽毛，臀部红色，在项上有的一块橙黄斑"中[MASK]位置的文本是：	(Psittacidae)外形特征蓝冠短尾鹦鹉身高大约12
"基本资料球员:尼尔曼  生日:1973年8月10日  身高:1,87 m  体重:78 kg  加盟[MASK]效力球队:凯泽斯劳滕业余队  场上位置:后卫球队阵容前锋  R"中[MASK]位置的文本是：	日期:1984  球衣号码:999  国籍:德国  
"艺术简介连乾坤，男，[MASK]河南开封市人，郑州大学毕业，中国书法家协会篆书研修班结业"中[MASK]位置的文本是：	一九五四年生，
"清代画家[MASK]，时称“高更次”"中[MASK]位置的文本是：	高其佩
"(22)《毛泽东选集》第1[MASK]第111页"中[MASK]位置的文本是：	卷，北京：人民出版社，1991年，
"《[MASK]2008年法律出版社出版的图书"中[MASK]位置的文本是：	我在美国坐牢》是
"金港上品位于金堂新城区迎宾大道旁，项目总占地173[MASK]"中[MASK]位置的文本是：	亩，分两期开发，总建筑面积约22万方
"半球[MASK]同翅目、链蚧科类生物"中[MASK]位置的文本是：	竹斑链蚧是一种
"《你的魅力来自幽默(图文版)[MASK]绝妙的点评为串联，全面展现了人们在面对职场、家庭以及自我时潜在的幽默因子，《你的魅力来自幽默(图文版)》在博得您会心一笑的同时，释放幽默的超凡魅力"中[MASK]位置的文本是：	》(编者歌斐木)以精彩的幽默故事为主体，以
"林材（生卒年月不详），字谨任[MASK]人"中[MASK]位置的文本是：	，号楚石，明代福建长乐唐屿
"好在儿子谢振南和谢振轩都已经长大懂事了，张柏芝的父母及弟弟也都有了稳定收入，张柏芝身上的重担也是越来越轻了，今年[MASK]跟两个儿子的生活点滴，无不透出张柏芝目前真的很幸福"中[MASK]位置的文本是：	张柏芝经常在网上跟粉丝分享自己生活的趣事，起床照、厨房煮饭、跟宠物相处，还有她
"陈德伟，男，汉族，重庆江津人，1953年[MASK]党校本科，高级经济师、高级政工师任职资格，1974年8月参加工作，1975年12月加入中国共产党"中[MASK]位置的文本是：	7月生，
"马利克·比斯[MASK]11月26日出生于美国佐治亚州亚特兰大（Atlanta, Georgia），美国职业篮球运动员，司职得分后卫，效力于NBA丹佛掘金队"中[MASK]位置的文本是：	利（Malik Beasley），1996年
"《月满情怀》[MASK]，杨钰莹演唱的一首歌曲，收录在专辑《梦中花》中"中[MASK]位置的文本是：	是由吴颂今作词，韩乘光作曲
"《枪械师》中，谢君豪不仅仅是按照本子[MASK]完，而是经常在拍摄的过程中抓住瞬间的感觉进行即兴发挥，力求达到最佳效果"中[MASK]位置的文本是：	安安分分的把整个戏演
"[MASK]而且还是嫁给了三婚的汪峰"中[MASK]位置的文本是：	当初谁会想到章子怡居然结婚，
"张砚平，男，汉族，河北省雄县人，1964年1月生，1985年5[MASK]7月参加工作，河北师范大学政治教育专业毕业，大学学历，历史学硕士"中[MASK]位置的文本是：	月入党，1986年
"周正保,男，1940，中共党员，1962年毕业[MASK]中医学院，从事临床精神疾病治疗工作近40年"中[MASK]位置的文本是：	于天津
"谭维维2011创作大碟《3》即将在10月18日发行，唱片[MASK]通过网易娱乐独家首播"中[MASK]位置的文本是：	公司特别将专辑中的另一首主打歌《想见》
"[MASK]，solan sister作曲，台湾歌手高凌风原唱的歌曲"中[MASK]位置的文本是：	《冬天里的一把火》是由庄奴作词
"《最新三年小学生分类作文范文库》是2009[MASK]中国对外翻译出版公司出版的图书，作者是方洲"中[MASK]位置的文本是：	年5月中国出版集团，
"范方志，贵州财经大学经济学院，院长，[MASK]独家分析人，曾获湖南省第五届青年社会科学优秀学术论文二等奖和复旦大学“光华”奖学金等，贵州省第一任马克思主义学院院长（先后成功地承办了一系列重大学术会议：&quot"中[MASK]位置的文本是：	男，汉族，湖南隆回人，中共党员，教授，硕士生导师，复旦大学经济学博士，中国社会科学院金融研究所博士后，2008年网易“100名经济学家会诊中国”成员之一，“宁波银行全员造富神话”
"[MASK]暴龙---因为2004年曾与朋友一起创办雪域龙城游戏公会，而有雪域暴龙这个称号"中[MASK]位置的文本是：	杨明星（1978年5月2日），雪域
"《话说[MASK]编写，解放军出版社出版的一本书籍"中[MASK]位置的文本是：	国旗国徽国歌》是由张建
"《[MASK]架空历史类小说，作者是Miss古"中[MASK]位置的文本是：	哼坏小子们》是起点中文网连载的
"和平乡位于岳西县西北部，总面积102平方公里，辖6个村（太平村，和平村，九河村，中纛村，[MASK]太阳村），125个村民组，9400人"中[MASK]位置的文本是：	西溪村，
"《怀麓堂集》  李位  [MASK]江苏苏州），明弘治年间登仕郞"中[MASK]位置的文本是：	[明]海陵（今江苏泰州）人，祖籍吴县阊门（今
"基本资料球员:艾斯马尔  生日:1983年1月3日  身高:182cm  加盟日期:2006  球衣号码:25  国籍:[MASK]位置:中场球队阵容前锋  哈姆维,阿尔"中[MASK]位置的文本是：	叙利亚  效力球队:阿尔卡拉马  场上
"纳兰性德，叶赫那拉氏，字容若，满洲正黄旗人，如此才情无双，显赫的家世，[MASK]之人却一生不得所爱"中[MASK]位置的文本是：	地位卓然
"法比奥·雷蒙迪：瑞士人，本名Fabio Raimondi，1983年5月[MASK]体重73KG"中[MASK]位置的文本是：	19日生于瑞士，身高182CM，
"不知道大家都听过郭采洁首张音乐专辑《隐形超人》吗，其实[MASK]一位歌手"中[MASK]位置的文本是：	我刚认识郭采洁以为她是
"至于食物[MASK]上的中国3》的标准，总到刘鸿彦称，每集的主题不同，入选标准也不同"中[MASK]位置的文本是：	入选《舌尖
"赵丽颖：44.6KG身高165cm周迅身高： 160cm体重： 41kg章子怡身高： 164cm 体重： 45kg董洁身高：160cm 体重：40 kg袁泉 身高： 168cm 体重： 49kg舒畅 身高[MASK]身高： 164cm 体重： 46kg徐帆 身高：164cm 体重： 50kg梅婷 身高： 166cm 体重： 47kg李冰冰身高： 166cm 体重： 47kg赵薇 身高： 166cm 体重：48kg巩俐 身高： 168cm 体重： 56kg刘亦菲身高：169cm 体重：48 kg"中[MASK]位置的文本是：	：163cm 体重：42kg王艳 身高： 167cm 体重： 50kg李小璐
"北京德信泰装饰建材有限公司于2014[MASK]月06日在西城分局登记成立"中[MASK]位置的文本是：	年06
"梁朝伟获奖记录：金像奖：《重庆森林》《春光乍泄》《花样年华[MASK]》戛纳影帝：《花样年华》刘德华获奖记录：金像奖：《暗战》《大只佬》《桃姐》金马奖：《无间道3》《桃姐》"中[MASK]位置的文本是：	》《无间道》《2046》金马奖：《重庆森林》《无间道》《色戒
"后续发展成立于1945年，塔塔汽车公司的存在，确实[MASK]"中[MASK]位置的文本是：	跨越的长度和印度的广度
"江正生作品江正生，女，1961年出生，江西省[MASK]毕业于景德镇市陶瓷职业高级中学"中[MASK]位置的文本是：	都昌县人，景德镇高级陶瓷美术师，1978年
"【3D[MASK]以后的以后》"中[MASK]位置的文本是：	环绕】庄心妍 —《
"简介唐侃(1487—1545)，字廷直，号默庵[MASK]"中[MASK]位置的文本是：	，明代江苏丹徒开沙(今高桥)人
"杨林葵，男，1968年6月出生，汉族，籍贯[MASK]工作，中央党校大学学历"中[MASK]位置的文本是：	广西荔浦，1992年7月加入中国共产党，1993年11月参加
"在2011年香港导演叶伟信执导的《倩女幽魂[MASK]反派“姥姥”"中[MASK]位置的文本是：	》中饰演大
"11、《男人一生三朵[MASK]孟杨"中[MASK]位置的文本是：	花》 词曲：
"《狂人派对》[MASK]萧全作词作曲演唱，由Party Man编曲的一首摇滚歌曲"中[MASK]位置的文本是：	由
"[MASK]和皇室对佛像的崇奉，这时造的佛像用材料特别好，所以乾隆时期佛像一上手，就有特别沉的感觉，而到晚清的佛像，手感要轻许多"中[MASK]位置的文本是：	如同样是清代，早、中期是不同的，特别是乾隆时期，因为国力强盛
"[MASK]（1963年10月31日— ）女，汉族"中[MASK]位置的文本是：	卜铁梅
"同年，陈宣帝陈顼去世，隋朝廷内外将相议乘机南下灭陈[MASK]高颎奏礼不伐丧"中[MASK]位置的文本是：	，因隋国基初立，准备不足，
"不过，当时[MASK]的却是台湾大学外文系"中[MASK]位置的文本是：	许倬云报考
"严爵曾替师姐[MASK]冠军的卖座偶像剧《败犬女王》、《下一站，幸福》剧中所有配乐的制作、演奏及编曲全都出自严爵之手，堪称“偶像剧配乐新人王”"中[MASK]位置的文本是：	梁静茹打造《没有如果》歌词（改词自《留我在身边》），而三立电视台两部收视
"基本资料球员:艾克普  生日:1984年[MASK]:999  国籍:尼日利亚  场上位置:后卫"中[MASK]位置的文本是：	1月25日  身高:173 cm  体重:66 kg  球衣号码
"[MASK]月24日在温州市鹿城区工商行政管理局登记成立"中[MASK]位置的文本是：	温州市天罡贸易有限公司于2004年08
"《仙修邪君[MASK]的小说，作者是书中自有馒头"中[MASK]位置的文本是：	》是一部连载于17k小说网
"《书店》新星出版社[MASK] 著 尹晓冬 译女主人公丈夫去世八年后，她突然想开一家书店——故事是这样开始的"中[MASK]位置的文本是：	〔英〕佩内洛兹·菲兹杰拉德
"老皱宝螺是一种[MASK]、宝螺科贝类动物，螺壳尺寸24 - 34 mm"中[MASK]位置的文本是：	中腹足目
"《酒店财务部精细化管理[MASK]是2011年人民邮电出版社出版的图书，作者是蔡升桂"中[MASK]位置的文本是：	与服务规范（第2版）》
"据说，《神雕侠侣》刚开始不是找陈妍希来演的[MASK]了，然后才有了陈妍希版的小龙女"中[MASK]位置的文本是：	，于正找李沁来演但是李沁觉得自己的实力不过就给拒绝
"黄合和，电影演员、制片人，代表电影有：《孤儿救祖》、《审死官》、《[MASK]等"中[MASK]位置的文本是：	天涯慈父》
"袁[MASK]年11月出生于咸阳市}胃城区，祖籍河南省巩义市"中[MASK]位置的文本是：	共和1958
"所以，它将会是一部翻拍自英剧《神探夏洛克》的侦探日剧，第一季共[MASK]的《通灵少女》就是HBO拍的第一部华语剧"中[MASK]位置的文本是：	八集，每集大约一个小时，说起HBO进军亚洲也并不是第一次了，去年台湾
"简介2007年，麦嘉轩接替母亲张绿萍获[MASK]对妇委会的工作贡献良多"中[MASK]位置的文本是：	委任为香港特区政府妇女事务委员会成员，
"皮氏花[MASK]小，壳薄，螺塔高而尖，体层大，前水管沟长度中等"中[MASK]位置的文本是：	仙螺是一种新腹足目、珊瑚螺科类生物，贝壳个体
"青冈县[MASK]于1945年，是一家二级医院"中[MASK]位置的文本是：	人民医院成立
"资料图中新网2月22日电 据美国《华尔街日报》中文网22日报道，在上周因[MASK]控股公司首席执行长之职"中[MASK]位置的文本是：	贿赂罪被判入狱之后，韩国乐天集团会长辛东彬辞任该企业集团旗下日本
"就是因为马超的出生比较好，他的老祖宗是赫赫有名的马援，父亲是[MASK]混的好，黄忠好歹也是刘表的中郎将"中[MASK]位置的文本是：	平西将军马腾，四代都是望族，就连黄忠也比赵云
"特氏真巨口鱼，学名：Eustomias tenisoni (Regan et Trewavas, 1930)，为辐鳍鱼纲巨口鱼目巨口鱼科真[MASK]鱼类"中[MASK]位置的文本是：	巨口鱼属的一种
"何雨轩，男，[MASK]于银川一中"中[MASK]位置的文本是：	2015年宁夏理科状元，高中就读于
"汪寅仙，女[MASK]全国劳动模范，全国三八红旗手，江苏省“有突出贡献的中青年专家”，中国工艺美术学会会员，宜兴紫砂文化艺术研究专委会顾问"中[MASK]位置的文本是：	，1943年生于江苏宜兴丁山丁南村，研究员级高级工艺美术师，中国工艺美术大师，
"cargill嘉吉总部设在美国明尼苏达州的嘉吉公司1865年创立的，现在[MASK]的动物营养品和农产品制造商，旗下petmaster、pamille由设在南京的合资工厂生产"中[MASK]位置的文本是：	是全球最大
"地理环境清东陵坐落在河北省唐山市的[MASK]°37′~117°42′，5占地80平方公里"中[MASK]位置的文本是：	遵化市境内，北纬40°08′~40°11′，东经117
"中国高新投资集团公司（简称“中国高新[MASK]1987年，其前身为原国家计委轻纺出口产品基建项目办公室"中[MASK]位置的文本是：	”）组建于
"《兽性天下》是起点中文网连载的小说，作者[MASK]"中[MASK]位置的文本是：	是霜狼部落大酋长
"”2.这个杀手不太冷法国导演吕克·贝松编剧及执导，让·[MASK]娜塔丽·波特曼主演"中[MASK]位置的文本是：	雷诺、盖瑞·欧德曼及
"上林县山水牛畜牧业有限公司[MASK]日在上林县工商行政管理局登记成立"中[MASK]位置的文本是：	于2014年07月29
"董琛[MASK]，1998年赴法研修1年，曾任山西省皮肤性病专业委员会副主任委员"中[MASK]位置的文本是：	，男，1983年毕业于山西医科大学
"”故事邓超分饰两角，“半人半鬼[MASK]，这不禁让人联想到张艺谋的偶像黑泽明拍过的《影子武士》，无论是故事还是片名都很相似，《影子武士》中仲代达矢一人饰演盗贼和名将，而《影》中的邓超同样一人分饰两角，白衣挺立、身姿飒爽的境州与灰衣褴褛、神情萧索的子虞"中[MASK]位置的文本是：	”《影》的原创故事来自朱苏进的《三国?荆州》，编剧是李威、张艺谋，讲述了一个关于“影子”替身的故事
"四川话《傻儿传奇》，刘流[MASK]人主演"中[MASK]位置的文本是：	、修睿、蔡琳等
"《[MASK]谭健常作曲，陈扬编曲，歌手 黄莺莺演唱，出自于所属专辑《金装黄莺莺》，由环球唱片于2009年07月14日发行"中[MASK]位置的文本是：	几朝风雨》小轩作词，
"汝城县[MASK]年，现坐落于汝城县城关镇文化路96号，"中[MASK]位置的文本是：	人民法院成立于1950年，重建于1979
"杨大全，字浑甫，宋代眉州青神[MASK]眉山市青神县）人"中[MASK]位置的文本是：	（今四川省
"1高洋还看出看出自北魏末年以来政府官员不发工资的弊端（不发工资，这些官吏自然变着法子从平民中[MASK]尚新，吏皆奉法”的气象"中[MASK]位置的文本是：	盘剥），开始执行严格的工资发放制度，混乱的吏治局面因此彻底改观，北齐出现“刑政
"《希望的田野》是由孙沙导演，冯延飞编剧的23集电视连续剧[MASK]是电视制片人丛丽“田野三部曲”的第一部作品，第二部是《美丽的田野》、第三部是《永远的田野》，是当时较热播的农村题材电视剧，亦是农村题材电视剧的经典之作"中[MASK]位置的文本是：	，由中国大陆制片，
"谢威风 [MASK]沩山，湖南宁乡人"中[MASK]位置的文本是：	(1817—1899)字葆灵，别号
"在前夫窦唯和高原高调承认恋情后，王菲没有选择隐忍，[MASK]退让，她平静的接受了离婚的事实，带着女儿窦靖童离开"中[MASK]位置的文本是：	没有妥协，更没有
"《[MASK]年11月宁夏人民出版社出版的图书，作者是陈杰"中[MASK]位置的文本是：	阿拉伯语新闻研究》是2011
"红带拟花鮨，Pseudanthiasrubrizonatus(Randall,1983)，又称红带拟花鲈，为辐鳍鱼纲鲈形目鲈亚目鮨科拟花鮨属的其中一种，分布于西太平洋区，从安达曼[MASK]，栖息在珊瑚礁区，为底栖性鱼类，属肉食性，生活习性不明"中[MASK]位置的文本是：	海至所罗门群岛，北起日本，南迄澳洲大堡礁海域，栖息深度20-133米，体长可达12厘米
"《还你门匙》是由林夕作词，伍乐城作曲，余文乐演唱的一首歌曲[MASK]2002年09月24日"中[MASK]位置的文本是：	，收录于专辑《Private Room》中，发行于
"阿提克木·艾则孜，女，维吾尔族，1974年12月出生，新疆和静人，1994[MASK]6月加入中国共产党，大专学历（2002年7月新疆广播电视大学汉语专业毕业）"中[MASK]位置的文本是：	年4月参加工作，2011年
"深圳市第一商务[MASK]30日在深圳市市场监督管理局登记成立"中[MASK]位置的文本是：	集团有限公司于2014年5月
"宣统皇帝爱新觉罗·溥仪 保定清西陵清朝末代皇帝 溥仪宣统皇帝爱新觉罗[MASK]3次皇帝，3次退位"中[MASK]位置的文本是：	·溥仪是清朝的末代皇帝，他曾当过
"《原始社会卷》是[MASK]月1日上海文艺出版社出版的图书"中[MASK]位置的文本是：	2001年11
"粗糙澳虎 Diplodactylus[MASK]主要为褐色或红褐色，有不规则灰白色斑，腹面为白色"中[MASK]位置的文本是：	 squarrosus  蜥蜴目，体长为5厘米，身体背面
"[MASK]剧，由于敏执导，胡兵、甘婷婷、SARA等人主演1"中[MASK]位置的文本是：	《空姐日记》是2011年张纪中监制的一部关于空姐的青春偶像
"[MASK]北京：商务印书馆，2005年，第202页"中[MASK]位置的文本是：	[22]齐良迟：《齐白石文集》，
"[MASK]潇洒女人》由王双骏作曲，陈颂红作词，由王馨平演唱"中[MASK]位置的文本是：	《
"扎赉特旗绰勒银珠米业有限公司集技术开发、生产、种植、加工[MASK]现有固定资产400多万元，占地面积10000平方米，其中，晾晒场2000平方米、2栋1200吨钢板式原粮仓，"中[MASK]位置的文本是：	、销售为一体的企业，是扎赉特旗银珠水稻专业合作社的龙头企业，公司
"[MASK] Dias）是一位15世纪的葡萄牙航海家和探险家"中[MASK]位置的文本是：	迪尼什·迪亚士（葡萄牙语：Dinis
"《有限责任合伙法律制度专题研究》是2011年6月[MASK]出版社出版的图书，作者是刘新民"中[MASK]位置的文本是：	1日知识产权
"[MASK]，与吴健雄结为“东方的居里夫妇”"中[MASK]位置的文本是：	后次子儿子袁家骝成为物理学家
"广州寅源餐饮服务有限公司于2007年04月25[MASK]"中[MASK]位置的文本是：	日在广州市工商行政管理局番禺分局登记成立
"《远古遗迹守卫战》是17k小说网[MASK]"中[MASK]位置的文本是：	连载的小说，作者是百年醉一心
"蒋玉菡为什么会[MASK]人成亲"中[MASK]位置的文本是：	与袭
"经历雍梅1，女，汉族，1969年[MASK]"中[MASK]位置的文本是：	5月出生，江苏盱眙人
"《太极内功[MASK]是2008年人民体育出版社出版的图书，作者是钱惕明"中[MASK]位置的文本是：	心法全书（上卷）》
"《兵临城下》[MASK]，由湖南人民出版社出版"中[MASK]位置的文本是：	是袁春雨所著一部长篇小说
"大时代小访客是香港艺人郑少秋演唱的歌曲，粤语版名为《大时代[MASK]他2001年的专辑《郑少秋世纪之选》中123"中[MASK]位置的文本是：	过客》，是电视剧《世纪之战》片尾曲，一同收录在
"荣成荣鑫气体有限公司[MASK]为工业气体生产、销售、技术服务"中[MASK]位置的文本是：	总部位于山东荣成市，经营范围
"《错误的恋曲[MASK]专辑《一个小微笑》"中[MASK]位置的文本是：	》是韩宝仪演唱的歌曲，收录在
"基本资料球员:迪云拿  生日:1984年[MASK]球衣号码:999  国籍:澳大利亚  效力球队:新城堡联女足  场上位置:前锋"中[MASK]位置的文本是：	11月14日  身高:156cm  体重:55kg  加盟日期:2011  
"《黑花杀手》是朱德承执导[MASK]成林、李婷等主演的战争片"中[MASK]位置的文本是：	，刘之冰、徐
"《当狗爱上猫》是香港TVB2008[MASK]、胡杏儿、吕方、曾华倩、廖碧儿、黄浩然等主演1"中[MASK]位置的文本是：	年出品的动物题材电视剧，由陈新侠执导，罗嘉良
"《大地飞鹰》是香港无线电视出品的改编自古龙同名小说的古装武侠电视剧，于1991年搬上荧屏，吴镇宇饰浪子方伟，黎美娴一人分饰两角，[MASK]活灵活现"中[MASK]位置的文本是：	将性格迥异的孪生彝族姊妹花诠释得
"王瑞来，1982[MASK]北京大学中文系古典文献专业"中[MASK]位置的文本是：	年毕业于
"丘易色[MASK]1942)广东梅州市梅县区人，上海交通大学毕业"中[MASK]位置的文本是：	 (1896—
"江西广播电视大学（简称江西电大）创建于1979年1月，是经江西省人民政府批准创办的直属高校，主要运用广播、电视、文字教材、[MASK]中国广播电视教育系统的一个重要组成部分"中[MASK]位置的文本是：	音像教材和计算机课件及网络等多种媒体进行现代远程开放教育的新型高等学校，也是
"《[MASK]：科学家卷》作者周水涛，武汉出版社出版"中[MASK]位置的文本是：	名人庭训故事
"《汉译英实用技能训练》[MASK]，作者是孙海晨"中[MASK]位置的文本是：	是2007年外文出版社出版的图书
"《第三届鲁迅青少年文学奖优秀作品集（初中卷）》是2012年文汇出版的[MASK]建华"中[MASK]位置的文本是：	图书，作者是徐
"《星际穿越》一开始是基于诺兰的一个想法，并交给史蒂文·斯皮尔伯格执导，2007年斯皮尔伯格邀请克里斯托弗·诺兰的弟弟乔纳森·[MASK]，因此无力再参与《星际穿越》之中"中[MASK]位置的文本是：	诺兰编写剧本，不过由于斯皮尔伯格忙于《机器人启示录》的进度和预算
"郭祝山，男，江苏省[MASK]扬州市广陵区人民法院副院长"中[MASK]位置的文本是：	高邮市人，江苏省
"[MASK]》精选钱伯城先生随笔散文二十余篇，上海辞书出版社出版"中[MASK]位置的文本是：	《回忆中的师友群像
"南方南鳅，属于动物界、[MASK]形目CYPRINIFORMES"中[MASK]位置的文本是：	鲤
"大三那年，他主演了由王朔小说改编的《与青春有关的日子》，大四毕业前又参演了赵宝刚导演[MASK]一帆风顺、前途似锦"中[MASK]位置的文本是：	的《奋斗》，即将走出校门的文章看上去
"《酷总裁的笨妞老婆》是连载于言情小说吧的都市言情小说，作者[MASK]后虹桥"中[MASK]位置的文本是：	是雨
"推荐：[MASK]唐澄/邬强编剧:桑弧类型:动画/短片制片国家/地区:中国大陆语言:汉语普通话上映日期: 1982此片改编自庐山“白鹿洞书院”流传的美丽传说"中[MASK]位置的文本是：	五星四.鹿铃(1982)鹿铃(1982)导演:
"《我相信》，陈国华[MASK]的杨培安首张个人专辑《杨培安—午夜两点半的我》之中1"中[MASK]位置的文本是：	作曲、编曲，刘虞瑞填词，杨培安演唱，收录在发行于2006年5月26日
"电视剧《黑凤凰》2是由著名导演张子恩担纲指导，于小伟、俞惠子、陈姝、[MASK]实力派演员联袂主演的历史年代大戏"中[MASK]位置的文本是：	赵宁宇、李菁菁、梁天等
"2003[MASK]正式下文批准成立国家法官学院内蒙古分院"中[MASK]位置的文本是：	年7月23日，最高人民法院
"中北大学机器人协会筹建于2014年7月[MASK]2014年9月"中[MASK]位置的文本是：	，正式成立于
"在郭晶晶遭遇网络舆论时[MASK]霍启刚更是连续发微博为妻子讨回公道"中[MASK]位置的文本是：	，
"5    年5月20日，甘肃江能医药科技集团董事长杨彦昌陪同甘肃省陇南市副市长郭建博参观调研甘肃江能医药科技集团首阳中药材交易市场，[MASK]等领导陪同调研"中[MASK]位置的文本是：	副市长位志荣、县长陈彦吉
"龚赞，39岁，汉族，中国共产党党员，原哈尔滨市风华中学校长，2008年哈尔滨96[MASK]"中[MASK]位置的文本是：	棒火炬传递手·
"《方孝标文集》是2007年11月1[MASK]作者是(清)方孝标"中[MASK]位置的文本是：	日黄山书社出版的图书，
"《谍网第二季》(Quantico Season 2)，是由乔舒亚·萨夫兰编剧，帕特里克·R·诺里斯执导，杰克·麦克劳克林和[MASK]的犯罪悬疑类美剧"中[MASK]位置的文本是：	朴雅卡·乔普拉领衔主演
"《归途如虹》是由广州军区政治部电视艺术中心、中共广东省委宣传部、中央电视台影视部于2003年联合摄制的电视剧，由刘岩执导，[MASK]等主演1"中[MASK]位置的文本是：	王斑、王学圻、李若彤领衔主演，苏岩、富大龙、曾黎
"《时空混乱[MASK]类小说，作者是浩子和韬韬"中[MASK]位置的文本是：	之恐龙危机》是连载于起点中文网的科幻幻想
"《好好学吧》是2015年由湖南卫视推出的趣味[MASK]年5月3日在湖南卫视首播"中[MASK]位置的文本是：	代际对抗益智节目，由李锐、梁植担任主持，于2015
"22安度余生蜀汉灭亡后，刘禅移居魏国都城洛阳，[MASK]"中[MASK]位置的文本是：	封为安乐县公
"《我是歌手第四季》是湖南卫视从韩国MBC电视台引进推出的歌唱[MASK]，李克勤等担任主持人"中[MASK]位置的文本是：	真人秀节目，由湖南卫视节目中心制作
"Chichirua Andrew[MASK],瓦努阿图籍足球运动员"中[MASK]位置的文本是：	
"同时，PO朝霆与蓝天下影视传媒在上海合资创办了大千影业（[MASK]个人美食真人秀节目《十二道锋味》第二季5"中[MASK]位置的文本是：	香港、上海、北京、杭州），主要从事电视节目的制作和包装，第一个项目就是谢霆锋的
"王晶华初扮[MASK]》里塑造年已百岁的古代女英雄形象，这个任务是相当艰巨的"中[MASK]位置的文本是：	佘太君时年仅二十岁，却要在《杨门女将
"天津老美华鞋业服饰有限责任公司于2005年01[MASK]和质量监督管理局登记成立"中[MASK]位置的文本是：	月21日在天津市武清区市场
"《仙域情缘[MASK]，发表于17K小说网"中[MASK]位置的文本是：	》是明小鱼创作的网络小说
"现在还在学校读书的张雪迎目前已经接了一部女主戏，与秦[MASK]，在片中饰演女主尹夏沫，定妆照一出来就大受好评"中[MASK]位置的文本是：	俊杰、黄圣池一起合作新版的《泡沫之夏》
"《抓迷藏[MASK]专辑《还是要相信爱情啊混蛋们》中的一首单曲"中[MASK]位置的文本是：	》是魏如萱2014年发行的
"整张迷你专辑中的填词由姚若龙、崔恕、黄婷等两岸词人共同完成，《我是你的女朋友》、《两道[MASK]亲自完成"中[MASK]位置的文本是：	彩虹》、《火山》三首歌曲的作曲由刘忻
"在这二十多年间，唐朝与高昌、高句丽、突厥、吐蕃、吐谷浑发生了多次[MASK]战功，不断记于史册，而苏定方似乎完全被遗忘了，应该有一些不为人所知的政治原因在内"中[MASK]位置的文本是：	战争和冲突，在这些战争中与苏定方同时出道、资历相当的将领如郑仁泰、薛仁贵等屡立
"剧情简介《拜托了妈妈》讲述柳真饰演的[MASK]充满矛盾又真实贴近生活的故事"中[MASK]位置的文本是：	女儿与妈妈与婆婆之间的
"1995年，为拍摄《[MASK]武术指导袁和平到北京体校挑演员"中[MASK]位置的文本是：	功夫小子闯情关》，导演张鑫炎和
"《[MASK]是华语歌手任贤齐专辑《一个任贤齐》里的一首单曲"中[MASK]位置的文本是：	老张的歌》
"陈赞雄，汉族[MASK]"中[MASK]位置的文本是：	
"《孝感动天》是香港电视广播有限公司1995年[MASK]连续剧"中[MASK]位置的文本是：	拍摄制作的历史题材
"《诱情转驳》是香港电视广播有限公司2010年[MASK]，徐遇安监制、陈志江导演、刘枝华编剧1"中[MASK]位置的文本是：	出品的时装悬疑电视剧，由马浚伟、陈法拉、蒙嘉慧领衔主演
"《谁动了我的琴弦》是周笔畅[MASK]，收录于周笔畅首张同名个人专辑中"中[MASK]位置的文本是：	演唱的歌曲，由柯肇雷作词作曲
"2010年2月[MASK]杨若兮与张国立、吴越合作主演《赶走你的忧郁》，饰演莫小桑"中[MASK]位置的文本是：	3日，
"李崇智，北京建筑工程学院材料学副教授，曾[MASK]总院工程师、清华大学土木工程专业博士生"中[MASK]位置的文本是：	为北京城建设计研究
"简介  王威旸，[MASK]的女儿，母亲是曾培养过多名世界冠军的功勋教练张秋萍"中[MASK]位置的文本是：	女，今年20岁（2011年），中国射击元老王义夫
"谢定中，1938年8月出生，湖南冷水江人，大专文化，中共党员[MASK]有限公司董事长，我国知名化工专家，中国民营功勋企业家"中[MASK]位置的文本是：	，2001年和2003年为中国工程院院士候选人，教授级高级工程师，湖南安淳高新技术
"第二：《三生三世十里桃花》是由林玉芬[MASK]，连奕名特别出演"中[MASK]位置的文本是：	执导，杨幂、赵又廷、张智尧 、迪丽热巴领衔主演
"《我们的祖国歌甜花香》是阎维文[MASK]的月亮》专辑中"中[MASK]位置的文本是：	的音乐作品，收录在《东方的太阳东方
"个人资料姓名：宋博轩出生日期：1989年9月16[MASK]年：天津火车头2010年—2013年：上海申花2014年—2017年：北京国安近日，天津权健足球俱乐部与中国球员文俊杰完成签约工作"中[MASK]位置的文本是：	日籍贯：天津市体重：70公斤身高：180CM位置：边路职业履历：2007年—2009
"《超给力特工》是在2011年由加拿大CBC电台发行的一部[MASK]"中[MASK]位置的文本是：	刑侦类的影片，由Natalie Lisinska 、William deVry领衔主演
"另外，他和刘烨[MASK]，相信雷佳音将会收获更多人气"中[MASK]位置的文本是：	、林依晨主演的电视剧《老男孩》马上就要播出了
"破晓时分这张唱片的重点宣传歌曲是《后会有期》和《破晓时分[MASK]中充满内敛"中[MASK]位置的文本是：	》。《破晓时分》由中岛美雪作曲，伤感
"向清堂，男，土家族，1964年2月出生，湖北来凤人，1982年8月[MASK]人大常委会副主任"中[MASK]位置的文本是：	参加工作，大学学历，现任来凤县
"《蝙蝠侠怕黑》是[MASK]的一首歌曲，由单小源谱曲，单小源填词"中[MASK]位置的文本是：	单小源演唱
"《现代化新论续篇》是1997年北京大学出版社出版[MASK]"中[MASK]位置的文本是：	的图书，作者是罗荣渠
"《墨家传奇》是[MASK]，作者是阎炎"中[MASK]位置的文本是：	连载于17k小说网的异术异能小说
"成都石室中学[MASK]），简称成都四中，为首批四川省国家级示范性普通高中、四川省一级示范高中"中[MASK]位置的文本是：	（CHENGDU SHISHI HIGH SCHOOL
"《不灭人王》是在起点中文网连载的小说，作者是且听风吟[MASK]"中[MASK]位置的文本是：	声
"[MASK]烛龙信息科技有限公司研发、北京网元圣唐娱乐科技有限公司发行的国产RPG游戏系列"中[MASK]位置的文本是：	《古剑奇谭》是由上海
"《落日余晖》1（Tawan Yor Saeng）是萨尼·巴德帕格德编剧的家庭伦理剧，由VeeVeeraparb，[MASK]"中[MASK]位置的文本是：	Pancake Khemanit等主演
"杨镛，浙江湖州双林人，研习[MASK]喜作花鸟，兼习书法"中[MASK]位置的文本是：	书画二十余载，
"舒建东，男[MASK]镇海人"中[MASK]位置的文本是：	，浙江
"2012年内地上映的电影短片《深度梦境》，是美女导演曾张粤紫[MASK]男孩赵寒生和一个古灵精怪的小女人林雪搞笑且悲伤的爱情故事"中[MASK]位置的文本是：	19岁作品，讲述了专一深情的
"[MASK]与赵明诚的婚姻近乎完美，这有李清照本人大量情感深挚缠绵的词作为证"中[MASK]位置的文本是：	李清照
"伊萨克·蒂进（Isaac Titsingh，1745年[MASK]，是一名荷兰外科医生、学者、商人与大使·"中[MASK]位置的文本是：	1月10日－1812年2月2日），又译为德胜、铁俊甫
"马军亮，湖北[MASK]，中山大学EMBA"中[MASK]位置的文本是：	鄂州人，咸宁学院毕业
"朱勋，江苏靖江人，[MASK]斋，号虚舟"中[MASK]位置的文本是：	出生在乾隆朝，字晋
"明星王祖蓝和妻子李亚[MASK]两个的身高，李亚男比王祖蓝高12cm"中[MASK]位置的文本是：	男，先不说他们两个工作学历方面的事情，单是看他们
"《一起同过窗[MASK]、丁翔南、李川等联袂主演的青春校园喜剧，于2016年7月15日在腾讯视频播出"中[MASK]位置的文本是：	》是由毕鑫业执导，武雨泽、徐晓璐、庞瀚辰、李若嘉、于翔、桑砚、应岱臻
"金玟岐善写旋律[MASK]：“阿花初次见阿发，没有面红心跳只是尴尬”"中[MASK]位置的文本是：	简单易唱的小人物叙事歌曲，《新娘阿花》亦属此类
"臧瑞武，[MASK]毕业于吉林师范大学体育专业，中共党员，1999年7月参加工作"中[MASK]位置的文本是：	男，汉族，1979年10月出生，大学本科学历，
"刘茂杨，男，汉族，1977年出生，初中文化程度，系浙江省云和县大湾乡大湾村人，从事食用菌专业15年，[MASK]，证书号为：0129"中[MASK]位置的文本是：	技术职称为技师，2008年取得云和师傅资格证书
"曾学远，男，1967年12[MASK]1989年厦门大学中文系毕业，2005年获新闻学硕士学位"中[MASK]位置的文本是：	月生，江西南丰人，
"4节日独立[MASK]月3日（1944年7月3日纪念苏军解放被德国法西斯占领的白俄罗斯首都明斯克"中[MASK]位置的文本是：	日（共和国日）：7
"《纵横之怒崩天下》[MASK]于起点中文网"中[MASK]位置的文本是：	是雨季独白写的网络小说连载
"《忠勇小状元》是由张鑫炎、彭和平、靳德茂、赵鹏执导，周超、王星星、刘德凯、刘雪华、姚芊羽[MASK]喜剧"中[MASK]位置的文本是：	等联袂主演的古装
"《现代技校班主任培训教程》是中国劳动社会保障出版社出版的图书，作者是[MASK]编"中[MASK]位置的文本是：	 何锦发 
"汪廷讷[明]（1573—[MASK]全一真人，亦称无无居士，安徽休宁海阳镇人"中[MASK]位置的文本是：	1619），字昌朝，一字无为，自号坐隐先生，又号
"张弘，男，汉族，1962年12月生，湖北[MASK]7月参加工作，1986年4月入党，在职研究生学历（2000年12月武汉大学工商管理专业毕业）"中[MASK]位置的文本是：	巴东人，1983年
"1939年11[MASK]培养更多抗战干部，决定复办陕北公学，又称后期陕公"中[MASK]位置的文本是：	月期间，党中央为了
"《大旗[MASK]是古龙一部跨时代的作品，也是使古龙名声大震的作品，此书写于1965年，《大旗英雄传》与《武林外史》、《绝代双骄》、《浣花洗剑录》堪称古龙中期“四大名著”，这四部名著不仅在古龙小说系列，在整个武侠文学中，都是重量级的作品"中[MASK]位置的文本是：	英雄传》又名《铁血大旗》
"《我的手编毛衣》是2009年8月1日中国轻工业出版社出版的[MASK]作者是胡银清"中[MASK]位置的文本是：	图书，
"个人简介姓名：崔殷城  场上位置:门将  身高：184厘米   体重：72公斤   惯用脚：右脚   出生地：下南[MASK]  欧洲三大杯：出场0次，进0球   欧洲冠军联赛：出场0次，进0球职业生涯"中[MASK]位置的文本是：	(韩国)   代表国家队：出场1次，进0球 
"马法超，男，1975年出生，博士，讲师，2007[MASK]为体育法学"中[MASK]位置的文本是：	年毕业于北京体育大学，研究方向
"《混乱商朝》是连载于起点[MASK]类小说，作者是夜狼胚"中[MASK]位置的文本是：	中文网的架空历史
"李海祥，男，[MASK]人，1972年12月参加工作，1975年2月加入中国共产党，大学"中[MASK]位置的文本是：	汉族，1954年9月生，陕西平利县
"1892年，张弼士投资[MASK]白银在烟台创办张裕酿酒公司"中[MASK]位置的文本是：	300万两
"新希望六和股份有限公司（股票代码000876）创立于1998年并于[MASK]发行上市"中[MASK]位置的文本是：	1998年3月11日在深圳证券交易所
"陕西国金投资管理发展有限公司[MASK]年5月16日在西安市工商行政管理局高新分局登记成立"中[MASK]位置的文本是：	于2014
"《血染素衣泪倾城》[MASK]创作的网络小说，发表于17K小说网"中[MASK]位置的文本是：	是水中残月
"《巴黎[MASK]魏如萱专辑《还是要相信爱情啊混蛋们》中的一首单曲"中[MASK]位置的文本是：	的忧郁》是
"《王小波集：我的精神家园》是2011年10[MASK]"中[MASK]位置的文本是：	月1日北京十月文艺出版社出版的图书，作者是王小波
"高国兴(1927～[MASK]年2月参加中国人民志愿军，是年牺牲于朝鲜黄花洞"中[MASK]位置的文本是：	1951) 1951
"1991年播出的《编辑部的故事》留下了这样一句台词:金钱[MASK]没有钱是万万不能的"中[MASK]位置的文本是：	不是万能的，但
"7,杨采妮杨采妮昔日的香港玉女掌门人，出过三张唱片都取得了不错的销量，因与张国荣、林青霞、张曼玉出演《东邪西毒》和徐克导演的《七剑下天山》把[MASK]巅峰，在演艺事业高峰期毅然急流勇退，同男友一起经商"中[MASK]位置的文本是：	她从一个花瓶式的女星送上了电影事业
"消息传至家乡绍兴，他做[MASK]，调出当年与儿子徐锡麟脱离关系的档案后方无事获释"中[MASK]位置的文本是：	过县吏的父亲徐凤鸣星夜遣散家人，自行去县衙投案，此后在众富绅联保下
"人物经历张泽，男，1951年[MASK]汉族"中[MASK]位置的文本是：	出生，
"《主宰联盟》是在起点中文网连载的一部小说，作者[MASK]缘封"中[MASK]位置的文本是：	是
"看法新闻（记者 赵三军）3月3日上午8时，“六小龄童工作室”通过微博发布了一份讣告：上海六小龄童艺术馆首任馆长、上海六小龄童文化实业有限公司首任董事长、“章氏猴戏”家族重要成员章金彦先生（六龄童[MASK]日上午11时41分在上海去世，享年75岁"中[MASK]位置的文本是：	的长子、六小龄童的长兄）因病医治无效，于2018年2月15
"中储国投能源[MASK]大连保税区市场监督管理局登记成立"中[MASK]位置的文本是：	有限公司于2014年05月05日在
"《最好不要爱我》是由潇彬作词[MASK]歌曲"中[MASK]位置的文本是：	，黄威尔作曲，歌手多亮演唱的一首
"《逆光之恋》是由腾讯视频出品[MASK]米热、迪丽热巴、张逸杰、杨旭文、杨诚诚、臧洪娜等主演的校园魔幻剧网络剧"中[MASK]位置的文本是：	、于正工作室承制，任海曜执导，闻小宝编剧，
"周毅，男，1963年1月出生，汉族，江西省吉安市[MASK]年8月参加工作"中[MASK]位置的文本是：	泰和县人，中共党员，1982
"《人财两旺》[MASK]的图书，作者是周毅"中[MASK]位置的文本是：	是2004年中国文联出版社出版
"珠海市蓝天海电子有限公司成立于2007年3[MASK]注册的民营企业"中[MASK]位置的文本是：	月，是经珠海市工商管理局批准
"最永久1创作背景《匿名的好友》是杨丞琳在发出半熟宣言后，回头看看自己独自走过的这些年，也[MASK]很相爱，当时的我们太年轻"中[MASK]位置的文本是：	想起在回忆里的初恋，那个时候大家都小，我们曾经携手，曾经想过我们的天长地久，而现在才明白，有些承诺只是证明当时的我们
"1987年，北京市政府对寺院[MASK]，智化寺被北京市文物局定为私人收藏文物的展览窗口"中[MASK]位置的文本是：	建筑进行修缮，1990年
"[MASK]文学旗下纵横中文网签约作家涵雪创作的一部异世大陆小说，小说已于2014-07-31正式发布"中[MASK]位置的文本是：	《霸世魔王》是百度
"小编好期待她与佟大为合作主演的《绝密者》[MASK]郑爽"中[MASK]位置的文本是：	，期待看到不一样的
"江阴优利科机械有限公司，地处我国美丽富饶的江南鱼米之乡[MASK]"中[MASK]位置的文本是：	——江苏省江阴市
"由邵兵导演的电视剧《一起长大》在郑州开机，该作品是邵兵转型导演后的[MASK]担任男一号角色，更有鬼马萝莉王子文、暖男杨玏共同出演"中[MASK]位置的文本是：	处女作，并在剧中
"1、郭鹤年年龄：95岁人物简介：祖籍福建，马来西亚首富，有“酒店大王”和[MASK]年基业长青，被称为永不会破产的巨人"中[MASK]位置的文本是：	“亚洲糖王”之称，嘉里集团董事长，70
"江心坡地区，位于中国云南高黎贡山之西恩梅开江及迈立开江之间[MASK]两千里，阔约五百里"中[MASK]位置的文本是：	地带，面积约为27000平方公里，长约
"杭州如虎贸易有限公司简称如虎团队，经过长达半年的筹划与[MASK]年1月"中[MASK]位置的文本是：	资源整合，正式成立于2015
"二.第一伞兵队《第一伞兵队》是由贵州广播电视台、北京广电影视传媒有限公司、安徽广播电视台、北京电视艺术中心有限公司等合出品的抗战[MASK]、徐冬冬等主演"中[MASK]位置的文本是：	剧，由桑华执导，蒲巴甲
"但是由于之后卡导把本系列的版权买了出去，便就无缘[MASK]就算有克里斯蒂安·贝尔、萨姆·沃辛顿的加盟也无法拯救口碑，看来人们心中认可的机器人T-800只有阿诺·施瓦辛格，主创只有卡梅隆啊"中[MASK]位置的文本是：	剩下几部的制作，影片的质量下降了不少，2009年上映的《终结者2018》里
"长濑智也2001年主演的连续剧《女婿大人》红遍全日本甚至全亚洲，剧中主角[MASK]也的代名词"中[MASK]位置的文本是：	樱庭裕一郎的名字很快成了长濑智
"[MASK]宇文泰始终把大权牢牢地掌握在自己手中"中[MASK]位置的文本是：	西魏一朝二十三年，
"周宏兴，[MASK]，我国著名作家，书法家，鉴赏家，教育家，诗评家"中[MASK]位置的文本是：	1936年生于吉林省大安市
"《书剑恩仇录》是许鞍华导演在[MASK]大陆拍摄的武侠片巨制，是第一部金庸亲自改编的电影，1987年8月13日在香港上映"中[MASK]位置的文本是：	20世纪80年代赴
"日本重盘吸虫是复殖目重盘科的昆虫，国内分布[MASK]在日本"中[MASK]位置的文本是：	在福建, 吉林, 广东，国外分布
"《陈查理传奇[MASK]2014年由上海文艺出版社出版发行"中[MASK]位置的文本是：	》一书由黄运特所著，
"《风人物语》监督：西村纯二原案：大鸟南（第1届动画企划大赏大赏受赏作品）脚本：じんのひろあき、西村纯二、荒川眞嗣、兵藤まこ人物设定：荒川眞嗣作画监督：小仓陈利、谷津美弥子、洼田康高、饭田宏义、塩谷直义、饭冢晴子、寺沢伸介美术监督：小林七郎色彩设定：広瀬いづみ摄影监督：谷内润编集：植松淳一音响监督：若林和弘音乐：川井宪次监修：押井守制作：Production I.G评语：如果说，作为《风人物语》关键词之一的“[MASK]审美截然不同的蹊径"中[MASK]位置的文本是：	操纵风的能力”乍一瞧还算是个讨巧的看点，这部缺乏野心的动画无疑是从人物和场景设定开始就走了一条与主流
"《青少年军事博览·新中国大将[MASK]出版社出版的图书，作者是李庆山"中[MASK]位置的文本是：	卷（1-10卷）》是2005年1月由中共党史
"2004年，她同贺军翔拍摄的《恶魔在身边》大火，这部剧很多年后不少[MASK]那首杨丞琳唱的插曲《暧昧》，经久不衰"中[MASK]位置的文本是：	人都不记得具体的剧情，却还记得里面的
"邱万斌，男，汉族，中共党员，[MASK]"中[MASK]位置的文本是：	四川中江人
"在宋美龄一生中，凡大型国际舞台[MASK]的杀手锏，连蒋介石都感叹：“夫人的力量，抵得过二十个陆军师”"中[MASK]位置的文本是：	与会议，她精致的衣着与装束，每每都成为她取得焦点
"最近华晨宇在《天籁之战》第八期演唱了周杰伦的《爸我回来了》，然后在《歌手》第六期又演唱了《双节棍》，这两首歌翻唱都是很特别的改编了，是华晨宇自己[MASK]颠覆了原来的曲目"中[MASK]位置的文本是：	改编，除了歌词没有改编以外，几乎都
"爱新觉罗·奕訢（1833年1月11日—1898年5月[MASK]政治家、洋务运动主要领导者，清朝十二家铁帽子王之一"中[MASK]位置的文本是：	29日），号乐道堂主人，清末
"《十八妖仙》是一部连载于[MASK]小说，作者是云端上的白兔"中[MASK]位置的文本是：	17k小说网的仙侠异侠
"个人简介布巴·维尔斯(Bubba Wells)，全名查尔斯-理查德“布巴”维尔斯([MASK]月26日出生于肯塔基州"中[MASK]位置的文本是：	CharlesRichard Bubba Wells)，于1974年7
"《颠凰倒凤》[MASK]晋江文学城连载的奇幻魔法小说"中[MASK]位置的文本是：	作者是于寄枫，是在
"2013年执导电影《一代宗师》，获第33届香港电影金像奖最佳导演奖及[MASK]奖、并在2013年作为第63届柏林电影节开幕影片"中[MASK]位置的文本是：	最佳电影奖、第15届中国电影华表奖优秀对外合拍片奖、第13届精神文明建设“五个一工程”
"诸葛亮娶黄月英属于政治需要，他作为外来者要进入荆襄士子这个群体，联姻是个好办法，黄月英的的父亲是[MASK]姐姐嫁给了太尉张温"中[MASK]位置的文本是：	黄承彦，黄承彦的妻妹，也就是蔡瑁的姐姐，嫁给了刘表，黄承彦的老岳父是蔡讽，蔡讽的
"译林出版社新出版的《名人传》在尊重傅雷先生原译的基础上，校订了旧版本的排印错误，对一些常见[MASK]的读者做了一件好事，使他们能够更方便、更好地阅读这部作品"中[MASK]位置的文本是：	的人名和地名采用了现行译法，原来夹在文中未译的一些外文人名和地名也尽可能地补译成了中文，这是为今天
"此次北魏大军由尔朱荣亲自指挥，[MASK]的白袍将军终于要在疆场上一决胜负"中[MASK]位置的文本是：	这个北魏的军事奇才和南梁
"[MASK]青岛啤酒股份有限公司的前身是国营青岛啤酒厂, 1903年由英、德两国商人合资创办，是我国最早的啤酒消费企业"中[MASK]位置的文本是：	青岛啤酒，
"陈益鸿，男，汉族，临高县人，1956[MASK]，1974年5月加入中国共产党"中[MASK]位置的文本是：	年11月出生，大专学历，1973年8月参加工作
"胡德平[MASK]父亲胡耀邦惊人预言"中[MASK]位置的文本是：	揭秘
"陈胤捷[MASK]的儿子，参加《爸爸去哪儿》第五季，人称“小甜椒”"中[MASK]位置的文本是：	(Jasper)陈小春和应采儿
"《流氓皇帝》（Rogue Emperor）[MASK]潘嘉德监制，马国明、周丽淇、黄智雯、袁伟豪等主演1"中[MASK]位置的文本是：	是2016年TVB出品的民国喜剧电视剧，由
"《新辑黄侃学术文集》是南京大学出版社出版的文集，[MASK]译者是滕志贤"中[MASK]位置的文本是：	作者是黄侃，
"[MASK]03月07日在宁阳县市场监督管理局登记成立"中[MASK]位置的文本是：	泰安市希尔康玻璃制品有限公司于2006年
"金安慧[MASK]5日出生，中国女篮运动员，现效力于浙江稠州银行女篮"中[MASK]位置的文本是：	，1993年5月
"《如若[MASK]的弦》、《锦衣夜行》、《华丽上班族》、《夏梦狂诗曲》、《猎隼》都已拍摄完成，《海洋之城》正在热拍，看着架势，张翰有霸屏的资本啊"中[MASK]位置的文本是：	巴黎不快乐》、《温暖
"萧逸的武侠小说向来[MASK]发展的合理性，他精心塑造的甘十九妹便是如此"中[MASK]位置的文本是：	十分注重情节和人物性格
"[MASK]　　导演：艾伦·J·帕库拉　　主演：哈里森·福特布莱恩·丹内利劳尔·朱力亚　　类型：惊悚/剧情/犯罪　　上映日期：1990年7月27日美国　　2"中[MASK]位置的文本是：	22《推定无罪》　　1990年
"人物简介纪开红，男，彝族，大学文化，1976年7[MASK]工作，2007年1月加入中国共产党，南华县龙川镇人，现任龙川镇人民政府科员"中[MASK]位置的文本是：	月生，1993年8月参加
"《我国高校防范和处理邪教问题研究》由中国社会科学出版社出版，本书从世界邪教的历史与现状[MASK]邪教的问题进行对策性研究"中[MASK]位置的文本是：	的背景下，立足于马克思主义的宗教观，从宗教与邪教的关系角度，对邪教进行剖析，并就高校防范和处理
"人物简介潘光栋，男，1966年生，广西人，1990年广西[MASK]"中[MASK]位置的文本是：	医科大学临床医学系本科毕业，2006年华西医科大学外科学博士研究生毕业
"《企业文体活动策划与实施手册》是工人出版社2007年1月出版的[MASK]"中[MASK]位置的文本是：	图书，作者是常桦
"《换我离去》，[MASK]姑娘》中，于2014年3月15日发行"中[MASK]位置的文本是：	歌曲，收录于歌手范朋飞的音乐专辑《李家
"龚挺曾毕业于上海交通大学，后取得美国名牌大学普林斯顿大学电子工程学博士，他曾在美国做教授，后创建Hotvoice(统一通讯公司)但失败、再[MASK]，还在国内做过投资银行业务，最终加入SIG"中[MASK]位置的文本是：	到Stacom做总经理
"再唱春之歌1是歌手 刘和刚，专辑《情路[MASK] 贰》中的一首歌"中[MASK]位置的文本是：	长长
"《尸鬼[MASK]的网络小说，发表于17K小说网"中[MASK]位置的文本是：	小道》是无死邪一创作
"生平轶事1947年秋，[MASK]平是清华大学物理系大四学生"中[MASK]位置的文本是：	李德
"《把[MASK]专辑为《一切为明天》"中[MASK]位置的文本是：	今天还给昨天》是苏芮演唱，所属
"《红楼梦》里第二回林如海的嫡妻就病逝了，岳母派人来接林黛玉，黛玉本不想去，无奈贾母必欲其往，且兼如海说：“汝父年已半百，再无续室[MASK]，上无亲母教养，下无姊妹扶持"中[MASK]位置的文本是：	之意，且汝多病，年又极小
"秦皇岛天之翼网络[MASK]互联网信息服务工作，致力于专业的大型网站建设，软件开发，系统集成，公司以自己的美工设计、应用理念自成风格，得到了广大用户的信赖与认可"中[MASK]位置的文本是：	有限公司，公司始创2003年主要从事
"在2012年时，濮存昕的女儿濮方在北京举行盛大的婚礼，[MASK]岳父的身份送上别致的礼物——灭火器"中[MASK]位置的文本是：	当时现场来了很多明星好友，濮存昕以
"《广告摄影基础》是2005年1[MASK]上海书店出版社出版的图书，作者是沈小滨，裴肇瑞"中[MASK]位置的文本是：	月由
"1996年凭借《宰相刘罗锅》的“刘夫人[MASK]2》《康熙微服私访记3》宜妃一角， 获得首届中国电视艺术双十佳最受欢迎演员奖2011年再次凭借《红楼梦》、《康熙微服私访记》中饰演的两个角色，获得中国电视剧产业二十年群英盛典突出贡献人物奖"中[MASK]位置的文本是：	”一角获第十四届大众电视金鹰奖最佳女配角奖1996年-2000年凭借《康熙微服私访记1》《康熙微服私访记
"泰州天虹不锈钢制品有限公司位于“中国不锈钢名镇”——江苏省泰州市戴南镇科技园区，公司成立[MASK]，占地面积16299.4平方米，是一家集制造加工、技术开发、营销服务为一体的综合性企业"中[MASK]位置的文本是：	于2007年，注册资本1200万元人民币
"《复仇天使之嗜血[MASK]酱写的网络小说连载于小说阅读网"中[MASK]位置的文本是：	公主恋上你》是熊酱
"交通银行始建于1908年，现为中国五大国有银行之一，业务范围涵盖[MASK]、保险、离岸金融服务等诸多领域"中[MASK]位置的文本是：	商业银行、投资银行、证券、信托、金融租赁、基金管理
"胡明振，男，汉族[MASK]新野人"中[MASK]位置的文本是：	，1982年12月生，河南
"徐延泰（1729[MASK]，字适哉，一字敬轩，广东省和平县 下车镇兴隆村人"中[MASK]位置的文本是：	年~1775年），别号瑞生
"《国民大生活》[MASK]郑恺、袁姗姗领衔主演1"中[MASK]位置的文本是：	是夏晓昀执导的都市情感剧，由
"《99只小白鸽》是河南濮阳[MASK]、马树超等领衔主演"中[MASK]位置的文本是：	中原电视台出品的电视剧，由陈力执导，钮言
"本次《青春不下线》的导演熊琛，[MASK]微电影"中[MASK]位置的文本是：	多次用真诚二字来形容
"吴栋，男，1964年12月，[MASK]陕西省防盲技术指导组成员，陕西省科技计划评审专家"中[MASK]位置的文本是：	汉族，中国农工民主党党员，任陕西省医学会眼科学会委员，
"而在皇宫当中，太子[MASK]得不耐烦，见文帝爱妃陈夫人、蔡夫人美貌，心猿意马"中[MASK]位置的文本是：	杨广一见隋文帝杨坚离去，埋怨父亲还不让位，闷得他装正经装
"郭迎霞，女，哈师大地理学理学学士，哈工大经济学硕士，任教于哈尔滨市第三中学，1999年至今任哈三中地理[MASK]兼职教研员"中[MASK]位置的文本是：	教研室主任，中国科协“科技人才项目”课题组哈三中执行组长，省市
"说起上世纪90年代，影视作品真是百花齐放佳作迭出，其中最出彩的有张艺谋导演巩俐主演的【红高粱】【秋菊打官司】【大[MASK]真可谓五彩绚烂，空前繁荣"中[MASK]位置的文本是：	红灯笼高高挂】等，有冯小刚导演葛优主演的【甲方乙方】【不见不散】【手机】等，有陈凯歌导演张国荣主演的【霸王别姬】【大宅门】等，中国影视界
"刘戒，男，[MASK]年出生，大学学历"中[MASK]位置的文本是：	汉族， 中共党员，1962
"该剧讲述[MASK]被卷入一宗土匪抢玉佛的漩涡，虽涉入土匪洪亦之及富家千金穆影 彤(麦翠娴)的三角恋爱中，但受达摩感化，避开私情，最后更率众僧合力保护皇帝，令少林英雄受到赞扬"中[MASK]位置的文本是：	了杂耍小子杨无名(江华)
"led灯管哪家好1、飞利浦灯管：飞利浦（中国）有限公司，始于1891年[MASK]电灯泡而创立，智能互联LED照明解决方案提供商，其超高压宫灯在照明上产生过革命性意义"中[MASK]位置的文本是：	荷兰，为生产
"简介别克帖儿（Bekhter），又作别克铁儿，元太祖成吉思汗铁木真[MASK]母兄"中[MASK]位置的文本是：	的异母兄弟，也速该与速赤吉勒所生，别勒古台的同
"1996年TVB翻拍的《上海滩》让饰演许文强的陈锦鸿展露锋芒，虽然出道以来素有“周润发[MASK]一分文气和理智"中[MASK]位置的文本是：	第二”称号，但陈锦鸿创造了异于原版的新经典，比发哥多了
"此后，甄妮推出专辑《迷人的五月》，并且在该专辑主打歌曲《再度孤独[MASK]"中[MASK]位置的文本是：	》中表达了对亡夫深深的思念
"章睿，[MASK]汉族，1963年12月出生，大学本科（张家口通信学院），曾任中共肃宁县委常委、县纪委书记"中[MASK]位置的文本是：	男，
"气候类型  铁山镇属[MASK]升温快，秋季降温迟"中[MASK]位置的文本是：	亚热带季风气候，干湿变化明显，早春
"拉丁名：物种分类脊索动物门- 脊椎动物亚门- - 鸟纲- 今鸟亚纲- - [MASK]- - - 物种简介铜色文鸟（学名：Lonchura cucullata），是梅花雀科文鸟属的一种，全球活动范围约为3,880,000平方千米"中[MASK]位置的文本是：	今颚总目- 雀形目- - - 梅花雀科
"《异界蛇王[MASK]是连载于起点中文网的网络小说，作者是苯妖"中[MASK]位置的文本是：	》
"[MASK]胜过一切》是高胜美演唱的歌曲，专辑是《情病》"中[MASK]位置的文本是：	《爱你
"《这刻[MASK]翻了风》是郑伊健演唱的一首歌曲"中[MASK]位置的文本是：	天空
"王齐舆，字之孟，南宋两浙东路台州宁海县东隅（今浙江省[MASK]人"中[MASK]位置的文本是：	宁波市宁海县城东）
"台湾绒木蜂属于膜翅目，蜜蜂科[MASK]木蜂亚科"中[MASK]位置的文本是：	，
"《师叔个个不斯文》是连载于新浪读书的一本网络小说，作者是皇焱儿，该小说讲述了[MASK]招来门派的争斗的故事"中[MASK]位置的文本是：	废材女弟子想学御剑飞行，却
"《我是神无》是连载于晋江文学城的小说，[MASK]"中[MASK]位置的文本是：	作者是夜色未央
"简介黄炳春，男，壮族，[MASK]广西龙州人，1969年2月参加工作，同年211月加入中国共产党"中[MASK]位置的文本是：	1952年5月出生，
"宋威龙因为《半妖倾城》、[MASK]"中[MASK]位置的文本是：	《凤囚凰》而被大众熟知
"《阴谋》是张玮演唱的一首歌曲，由山子作词作曲，收录在张玮2014年6月6日发行的个人EP《喂》中，是[MASK]单曲"中[MASK]位置的文本是：	该EP的第一主打
"简介  姚红星，男，汉族，1963年3月出生，湖北[MASK]1985年7月参加工作，1985年5月加入中国共产党，2002年7月任副县职级，曾任咸宁市政府金融领导小组办公室副主任"中[MASK]位置的文本是：	武汉人，大学学历，
"《台湾往事》热播 左小青饰母亲[MASK]女性之美"中[MASK]位置的文本是：	展中国
"《了断》，是杨培安演唱的歌曲，由杨培安、陈天佑作词，许仁杰作曲，收录于杨培安2015年[MASK]"中[MASK]位置的文本是：	发行的专辑《不属于我的世界》中
"《[MASK]，唐治平、陶昕然等主演的当代都市情感电视剧"中[MASK]位置的文本是：	厨窗外的天空》是由凌雨、徐利执导
"[MASK]冬眠所写的一部东方玄幻类的长篇小说"中[MASK]位置的文本是：	战魂永生是由塔读文学签约作家夜
"个人资料姓名：佩兹斯齐内尔  生日：1984-3-24  性别：男  身高：185厘米  体重[MASK]"中[MASK]位置的文本是：	：70公斤  国籍：德国  出生地：德国详细介绍德国男子网球运动员1
"晏勇，男，1992年[MASK]计算机应用专业毕业，大学本科学历，工学学士学位，现任中共宜城市委常委、市人民政府副市长、中国农业银行湖北省分行结算与现金管理部副总经理"中[MASK]位置的文本是：	7月参加工作，武汉交通科技大学
"从《爆裂鼓手》中音乐的运用[MASK]到《爱乐之城》中复古的情调和色彩的搭配，达米恩·查泽雷全面地展示出他对于各种电影元素的掌控力29"中[MASK]位置的文本是：	和对于情感的渲染，
"所以[MASK]惨的，没有被葬入皇陵的皇帝"中[MASK]位置的文本是：	，明代宗朱祁钰就成了那个比较
"《玫瑰花的葬礼》    [MASK]回到了这里，寻找我们来过的证据"中[MASK]位置的文本是：	许嵩“离开你100个星期我
"《我的妹妹》是日本[MASK]播出的11集剧情电视剧"中[MASK]位置的文本是：	TBS电视台制作并
"罗朱恋2008年，48岁的“最美丽港姐”朱玲玲与60岁的瑞安集团主席罗瑞康[MASK]当中包括好友林子祥、叶倩文，而朱玲玲前夫霍震霆及3名儿子霍启刚、霍启山及霍启人为免尴尬，未有出席"中[MASK]位置的文本是：	于新加坡举行“闭门婚礼”，一对新人只邀请少数至爱亲友出席分享喜悦，
"《[MASK]执导，曹承佑、杨东根主演的励志电影"中[MASK]位置的文本是：	完美对垒》是由朴熙坤
"魔术犯罪片《[MASK]由路易斯·莱特里尔执导"中[MASK]位置的文本是：	惊天魔盗团》
"《我的儿子[MASK]2011年黄山书社出版的图书，作者是向小皮"中[MASK]位置的文本是：	叫麦兜》是
"郑钧 《赤裸裸[MASK]中国摇滚史上抹不去的记忆"中[MASK]位置的文本是：	》郑钧的音乐绝对可以算是
"《超感》是由公安部金盾影视文化中心、公安部华盛音像出版社、企鹅影视、观达影视联合出品的都市悬疑推理剧，由[MASK]王子璇、魏天浩联袂主演"中[MASK]位置的文本是：	阮惟新执导、郭博雅编剧，焦俊艳、魏大勋、杨廷东、
"上海交通大学医学院附属仁济医院[MASK]1844年，历史悠久"中[MASK]位置的文本是：	院区，该院建于
"《厨子当官》是张绍林执导的[MASK]李大强，王璐瑶，田海蓉，李明启，舒畅等主演"中[MASK]位置的文本是：	古装喜剧，由演员李保田，
"《当代文学的概念》[MASK]，作者是洪子诚"中[MASK]位置的文本是：	是2010年北京大学出版社出版的图书
"赵丽颖这种捏脸戏可不止一回，[MASK]》中，赵丽颖脸上的肉肉也曾经被捏过，不过捏起来却非常可爱和好看，但时候杉杉的形象看上去非常天然"中[MASK]位置的文本是：	在《杉杉来了
"清科集团成立于1999年[MASK]的创业投资与私募股权投资领域综合服务及投资机构，主要业务涉及：领域内的信息资讯、研究咨询、会议论坛、投资银行服务、直接投资、母基金及财富管理"中[MASK]位置的文本是：	，是中国领先
"谭松韵五部甜到酣电视剧，《浪花一朵朵[MASK]"中[MASK]位置的文本是：	》上榜，第二部已成经典
"赵丽颖代言游戏女神范足赵丽颖凭借热播剧《花千骨[MASK]是戏外邻家女孩的可爱形象，一举一动，可冷可热，都充满女神范儿，除了《花千骨》之外，赵丽颖还代言了多款古装游戏如《青云志》、《龙门虎将》、《剑侠情缘》等"中[MASK]位置的文本是：	》再次印证其影响力，除了是剧中女主角之外，赵丽颖还代言了同名手游《花千骨》，在代言游戏时，赵丽颖不再
"似蜻水狼脂鲤（Hydrolycus scomberoides）又称皇冠大暴牙[MASK]犬齿脂鲤科，水狼脂鲤属一种淡水鱼类"中[MASK]位置的文本是：	，为脂鲤目，
"[MASK]》于2007年7月21日落下帷幕"中[MASK]位置的文本是：	《幸福的女人
"《南柯一梦》是陈小云[MASK]单身贵族》专辑中"中[MASK]位置的文本是：	的音乐作品，收录在《
"臭椿皮蛾，Eligma narcissus[MASK]鳞翅目夜蛾科旋夜蛾属的一个物种"中[MASK]位置的文本是：	 （Cramer，1775），属
"容建雄毕业於黄埔军校一期，是[MASK]，1982年8月1日在台北逝世， 著有《往事忆旧》、《容天硕文存》等"中[MASK]位置的文本是：	中国国民革命军陆军中将，国民革命军第六十四军军长
"《旗袍旗袍》是浙江长城影视有限公司出品的抗战剧，由[MASK]主演"中[MASK]位置的文本是：	苏崇福执导，侯勇、申军谊、雷雷、马飞等
"[MASK],麝凤蝶属的一种蝴蝶"中[MASK]位置的文本是：	窄长麝凤蝶，鳞翅目凤蝶科
"《中国法院2012年度案例10-道路交通[MASK]年中国法制出版社出版的图书，作者是国家法官学院案例开发研究中心"中[MASK]位置的文本是：	纠纷》是2012
"《我为祖国献石油[MASK]刘秉义原唱"中[MASK]位置的文本是：	》由薛柱国作词，秦咏诚作曲，
"歌曲《如果你嫁给我[MASK]歌手庞龙演唱的一首歌曲"中[MASK]位置的文本是：	》是由
"《痛失我妻》是喜剧类型[MASK]为2002年"中[MASK]位置的文本是：	的影片，上映时间
"[MASK]考入中央戏剧学院这段，特别有意思"中[MASK]位置的文本是：	说到李亚鹏
"《火影孤月》是[MASK]，作者是残风孤月"中[MASK]位置的文本是：	连载于17k小说网的网络小说
"灰色头像，《灰色头像》是许嵩演唱的一首抒情R&[MASK]"中[MASK]位置的文本是：	amp
"《因特网[MASK]出版的图书，作者是李敏、黄敏"中[MASK]位置的文本是：	上生物医学信息检索指南》是2008年科学出版社
"[MASK]-回家的路"中[MASK]位置的文本是：	黄家强
"方金春，男，1967年7月出生，西城人，1991年9[MASK]，大学文化程度，现任区科技局工业科科长"中[MASK]位置的文本是：	月参加工作，中共党员
"[MASK]是1999年10月1日山西科学技术出版社出版的图书，作者是索晓霞"中[MASK]位置的文本是：	《科学需要特殊的勇敢：伽利略的启迪》
"《经济法概论[MASK]）》是2012年出版的一本图书，作者是刘隆亨"中[MASK]位置的文本是：	（第七版
"[MASK]》是由路易珊编写，在17k小说网上连载的小说"中[MASK]位置的文本是：	《我们的青春自己做主
"爱深埋珊瑚海4歌曲[MASK]男女对唱K歌新指标"中[MASK]位置的文本是：	鉴赏周杰伦与梁心颐清新组合，深情创造
"两人打赌，“三十五岁前谁先结婚，就给对方10万元红包的赌注”，结果[MASK]，郑无畅和林依晨搭档的高智商和傻白追爱女，获得了无数人的欢迎"中[MASK]位置的文本是：	最终没有找到，却成为了彼此2008年内地版《射雕英雄传》，胡歌饰演郭靖，而林依晨饰演黄蓉《恶作剧之吻》堪称台剧入侵大陆的最强一个
"《缘分网开了》是2000年歌手陈洁仪在专辑《最好[MASK]"中[MASK]位置的文本是：	》中发行的单曲
"甄子丹母亲麦宝婵是世界闻名的武术家和太极高手，创办了驰名国际的[MASK]"中[MASK]位置的文本是：	中国武术研究所
"[MASK]朝鲜首任领导人金日成的长子，其母为金正淑"中[MASK]位置的文本是：	金正日是
"《你一半我一半》是邰正宵最新[MASK]年08月31日发行"中[MASK]位置的文本是：	专辑《起初》中收录的歌曲，专辑已于2012
"裴文奎，国家一级美术师，1949年生，山西侯马人， 太原画院副院长，中国美术家协会会员，山西省美术研究会[MASK]协会常务理事，山西省花鸟画学会副会长兼秘书长，太原市美术家协会主席，太原市文联副主席，太原市政协委员"中[MASK]位置的文本是：	副会长，山西省美术家
"周子豪，四川[MASK]1991年10月21日"中[MASK]位置的文本是：	广元人，出生于
"短消息-徐誉滕，内心深处爱得表达[MASK]"中[MASK]位置的文本是：	，对遗失的缅怀
"《王后雄考案·高考完全学案（套装共2册）[MASK]的图书，作者是丰晓岚"中[MASK]位置的文本是：	》是2012年西安出版社出版
"内容简介《民事科技证据[MASK]总论和分论两大部分"中[MASK]位置的文本是：	研究》(作者王继福)分为
"《雍正皇帝[MASK]逝》是1999年2月长江文艺出版社出版的书籍，作者是二月河"中[MASK]位置的文本是：	· 恨水东
"《浮生尽之幻想曲》是连载于[MASK]那夏日的忧郁"中[MASK]位置的文本是：	晋江文学城的网络小说，作者是
"李霖1，女[MASK]年出生"中[MASK]位置的文本是：	，1963
"难道真如郭美美母亲郭登峰[MASK]年代初炒股积累起来"中[MASK]位置的文本是：	所言是自己90
"吉林爪鲵（学名Onychodactyluszhangyapingi）为有尾目小鲵科爪鲵属动物，身段[MASK]的头部带有圆角的口鼻部，两只大而突出的眼睛，四肢粗壮"中[MASK]位置的文本是：	修长，皮肤光滑，背部通常呈现黑、黄相间的大理石花纹，细长
"如屈原名平，字原[MASK]为原"中[MASK]位置的文本是：	，广平
"《感谢[MASK]》是姜育恒演唱的一首歌曲，由姜育恒填词，陈志远谱曲"中[MASK]位置的文本是：	你高尔夫
"《霍英东[MASK]1日解放军出版社出版的图书，作者是李敏生"中[MASK]位置的文本是：	与抗美援朝战争》是2011年1月
"《改变生活的新[MASK]中国经济出版社出版的简体中译图书，作者是[美]弗朗西斯·摩尔·拉佩和安娜·拉佩"中[MASK]位置的文本是：	饮食方式》是2011年
"李醒韬，1943年生于贵州，[MASK]"中[MASK]位置的文本是：	广东开平人
"《[MASK]的网络小说，发表于起点网"中[MASK]位置的文本是：	重生美好生活》是毛球号创作
"苍白[MASK]杜鹃花科、杜鹃花亚科、杜鹃属 下一个物种"中[MASK]位置的文本是：	杜鹃亚组是属杜鹃花目、
"金汉斯源于国内首创的“汉斯鲜酿啤酒[MASK]啤酒为核心、南美烤肉和中西合璧自助餐为辅的同业市场领导品牌"中[MASK]位置的文本是：	 Hans Fresh Beer”，成立于2001年，是国内以鲜酿
"翟锦胜，男，[MASK]大树村，1944年10月加入中国共产党"中[MASK]位置的文本是：	汉族，出生于宝应县望直港
"《范畴篇解释篇》是商务印书馆出版的图书，[MASK]（古希腊）亚里士多德"中[MASK]位置的文本是：	作者是
"运动生涯球员生涯保罗·索萨是[MASK]"中[MASK]位置的文本是：	葡萄牙黄金一代的代表球星9
"《征服王爷》是一本[MASK]在云中书城连载的"中[MASK]位置的文本是：	时空穿越类型的书，
"李小璐出轨风波后，上一次甜馨路面还是她爸爸[MASK]心疼，毕竟甜馨还那么小，之前在观众心里就是个非常懂事的小公举，无忧无虑很快乐的小公举"中[MASK]位置的文本是：	贾乃亮抱着她流泪那一幕，记得是贾乃亮在剧组工作，甜馨来看爸爸，最后两人分开各自依依不舍，贾乃亮偷偷抹眼泪被网友直呼
"林友仁（1938 -[MASK]，定居于南京，著名琴家"中[MASK]位置的文本是：	 2013），祖籍台湾，1938年出生于上海
"《细雨柔风》是[MASK]晋江文学城"中[MASK]位置的文本是：	游子吟写的网络小说连载于
"3.张韶涵代表作：《MVP情人》《海豚湾恋人》等“电眼娃娃”张韶涵不但是歌坛天后，更是偶像剧[MASK]的《海豚湾恋人》获得巨大的成功，使偶像剧女主角进入了张韶涵时代， 2007年，她主演的《公主小妹》在台湾八大电视台一上映就获得了收视第一名的好成绩，至大结局共13周收视冠军，她也因此入围第43届电视“金钟奖”戏剧节目最佳女主角奖"中[MASK]位置的文本是：	女王，2001年，她便凭借《MVP情人》成为偶像新宠儿，2003年她主演
"《有你在我才[MASK]贺世哲杜歌合唱的一首歌曲"中[MASK]位置的文本是：	好》是何丽华作词、凡间精灵作曲、
"阮福滦[[MASK]年6月11日－1765年10月24日），越南广南国第8代阮主阮福阔的儿子"中[MASK]位置的文本是：	luán]（越南语 Nguyễn Phúc Lu ，1733
"《高校デビュー 14 -远恋编-》是[MASK]作者是河原 和音"中[MASK]位置的文本是：	2011年集英社出版的图书，
"《真希望我20几岁就知道的职场哲学》是2011年新世界出版社[MASK]"中[MASK]位置的文本是：	出版的图书，作者是李睿
"《你是一场多情[MASK]中的歌曲"中[MASK]位置的文本是：	的梦》是专辑《第一次》
"江苏万源新材料有限公司于2005-07-15在镇江市工商行政管理局登记[MASK]"中[MASK]位置的文本是：	成立
"久贝正方1（[MASK]1719"中[MASK]位置的文本是：	1651-
"《汇率风险管理手册[MASK]2006年中国轻工业出版社出版的图书，作者是赵玲华"中[MASK]位置的文本是：	（上下）》是
"基本信息报备机构：武汉影视艺术传媒有限公司2014 年2 月许可证[MASK]当代涉案√　　　　302014"中[MASK]位置的文本是：	号： （鄂）字第044号剧名题材体裁集数拍摄日期制作周期一般喜剧戏曲抓的就是你
"1995年，中国改革开放前沿的深圳市，七彩虹集团（ColorfulGroup，以下简称CFG）的种子在这里扎根，种下了[MASK]未来"中[MASK]位置的文本是：	理想，种下了一个奋斗中创造的
"《稍安勿躁[MASK]一部粉红色喜剧片，于2012年9月7日全国上映"中[MASK]位置的文本是：	》是由宋金笑执导，宋金笑、范逸臣、陈冲、王宏伟等主演的
"黄痣苔蛾（Stigmatophora flava）是1852年由Bremer et[MASK]属昆虫"中[MASK]位置的文本是：	 Grey命名的昆虫纲 鳞翅目灯蛾科痣苔蛾
"《刑事审判要览》是[MASK]图书"中[MASK]位置的文本是：	2004年法律出版社出版的
"湖北龙盾环保材料有限责任公司于2015年9月14日在[MASK]成立"中[MASK]位置的文本是：	武汉市东西湖区工商行政管理局登记
"刘学华，男，汉族[MASK]月出生，湖北郧县安阳人，1981年9月参加工作，1985年3月入党，研究生学历"中[MASK]位置的文本是：	，1963年10
"网纹宅泥鱼，又称网纹圆雀[MASK]纲鲈形目隆头鱼亚目雀鲷科的其中一种"中[MASK]位置的文本是：	鲷，俗名为厚壳仔、二间雀，为辐鳍鱼
"《樊梨花征西》是一部小说[MASK]连载网站是纵横女生网"中[MASK]位置的文本是：	，作者是孤帆远影001，
"《狭路兄弟》由著名编剧史健全担任策划人，著名导演花箐担当艺术总监，热播[MASK]制作总监、素有“狼牙之父”称号的前线文工团副团长嵇道青担当制作总监，金牌编剧李南柯、王明皓联手打造剧本，新锐导演牛牛倾情执导"中[MASK]位置的文本是：	荧屏的《我是特种兵》的
"《一位[MASK]》是2012年轻工出版社出版的图书，作者是王君"中[MASK]位置的文本是：	青年教师的专业成长之路-王君专业求索笔记
"杨幂作为我们头条中经常出现[MASK]糯米确实是小心爱护，不让孩子暴露在媒体镜头前，让孩子普通安全的成长，对于大幂幂这样的做法是值得点赞的"中[MASK]位置的文本是：	的主要人物，面对女儿小
"《[MASK]由邱嘉雄执导的古装武侠剧，关礼杰、蔡少芬等参加演出"中[MASK]位置的文本是：	如来神掌再战江湖》是
"曙光控股集团有限公司是一家以建筑业[MASK]并具有建筑行业(建筑工程)甲级设计资质企业，集团总部位于东海之滨的浙江省温岭市"中[MASK]位置的文本是：	为主业的大型综合性民营企业集团，前身为浙江曙光建设集团有限公司，为国家房屋建筑工程施工总承包特级资质企业，
"《塑料滚塑与搪塑/[MASK]化学工业出版社出版的图书，作者是陈昌杰、李惠康、刘汝范、张立旺"中[MASK]位置的文本是：	塑料成型加工丛书》是1997年
"《狼王的祸[MASK]连载于云中书城的网络小说，作者是秋水云情"中[MASK]位置的文本是：	妃》是
"（[MASK]哈里王子的母亲，也是凯特王妃和梅根准王妃之前，英国皇室最受欢迎的王妃，戴安娜王妃的美貌和善良感动了无数英国人"中[MASK]位置的文本是：	图片来自东方IC）戴安娜王妃是威廉王子和
"《前男友》是由于中中执导，简奇峰[MASK]乔主演的台湾爱情偶像剧"中[MASK]位置的文本是：	、林欣慧编剧，杨佑宁、李千娜、黄志玮、廖苡
"驼铃故事片《戴手铐的旅客》主题曲词曲：王立平演唱：廖昌永送战友踏征程默默无语两眼泪耳边响起驼铃声路漫漫雾茫茫革命生涯常分手一样分别两样情战友啊战友亲爱的弟兄当心夜半北风寒一路多保重送战友踏征程任重道远多艰辛洒下一路驼铃声山叠嶂水纵横顶风逆水雄心在不负人民养育情战友啊战友亲爱的[MASK]1"中[MASK]位置的文本是：	弟兄待到春风传佳讯我们再相逢再相逢
"浮躁的时代，需要的是书的沉淀NO.1寂寞的游戏作者: 袁哲生出版社: 北京联合出版公司出品方: 后浪出版年: 2017-9页数: 248定价: 38.00元装帧: 平装丛书: 后浪·华语文学ISBN: 9787559604170豆瓣评分 8.6※内容简介※在这一本由七篇短篇小说组成的《寂寞的游戏》中，袁哲生通过各种[MASK]捕捉寂寞这种“生而为人必定面临的困境感”，字里行间处处散发孤独的感觉"中[MASK]位置的文本是：	不同的人际情感，例如父母与儿子之间的亲情，年少时同学之间的友情，或是两人结婚多年的夫妻之情，一再地去
"路遥1973年进入延安大学中文系学习[MASK]"中[MASK]位置的文本是：	，其间开始文学创作
"粗叶[MASK]茜草目、茜草科、金鸡纳亚科、水锦树属下一个物种"中[MASK]位置的文本是：	水锦树（原变种）是属
"白氏文昌鱼隶属头索纲、文昌鱼目、文昌鱼科，俗称蛞蝓[MASK]、无头鱼、鳄鱼虫"中[MASK]位置的文本是：	鱼、海虫、松担物
"饰演小桃红的刘淼[MASK]女驸马》《男婚女嫁》《夏日暖洋洋》等影视剧，结果口碑很差没有引起反响，至今已经算是边缘化"中[MASK]位置的文本是：	似乎也是不怎么幸运，因为出演《康熙微服私访记》中小桃红成名之后其后出演《镜花缘传奇》《新
"《忘了我也不错》是由林夕作词，宇珩作曲，王心凌演唱的[MASK]收录于王心凌2012年发行的专辑《爱不爱》中"中[MASK]位置的文本是：	歌曲，该曲
"《为爱出任务》[MASK]填词，群星作曲，林迈可编曲，安心亚演唱的歌曲，收录于专辑《在一起》中"中[MASK]位置的文本是：	是由徐世珍
"” 《[MASK]引起轰动，而贺树峰也因这部剧一炮走红，但是在记者电话采访正在沈阳读书的贺树峰时，他却表现得非常谦虚"中[MASK]位置的文本是：	乡村爱情》这部剧由于是赵本山亲自监制，又生动鲜活地展示了东北农村生活，因而在央视一套黄金时间播出后便
"此间，赵世兰还以北方区党代表的资格参加了中国共产党在武汉[MASK]的第五次全国代表大会"中[MASK]位置的文本是：	召开
"《[MASK]空调专业考试宝典基础部分》是2008年华中科技大学出版社出版的图书，作者是闫全英"中[MASK]位置的文本是：	2008全国勘察设计注册公用设备工程师暖通
"《风影[MASK]最近比较烦创作的网络小说，发表于17K小说网"中[MASK]位置的文本是：	帝国》是
"北宋-苏轼的明月几时有[MASK]把酒问青天"中[MASK]位置的文本是：	，
"在中国电视剧的行业发展过程中，有很多资深的艺术家做出了不可磨灭的贡献，可以说，没有他们孜孜不倦的努力和不计成本的付出，中国的影视行业就没有今天的成就，说到这里，就不能不[MASK]的光和热，也因为《西游记》的存在，促进了中国神话电视剧的快速发展"中[MASK]位置的文本是：	提杨洁这位电视剧第一代导演中的代表人物，身兼制片人和导演的双重身份，将86版《西游记》这部经典的电视作品呈现给了无数的观众，也为难忘的童年回忆增添了绚丽的色彩，从这个角度来说，杨洁为中国电视剧的茁壮成长贡献出了自己
"李兰迪在主演[MASK]》受到了很多的关注，并且也得到了大众好评"中[MASK]位置的文本是：	的《无心法师》和《你好，旧时光
"阿尔文·托夫勒当今最具影响力的社会思想家之一，出生于纽约，纽约大学毕业，1970年出版《未来的冲击》，1980年出版《第三次浪潮》，1990年出版《权力的转移》[MASK]有广泛而深远的影响"中[MASK]位置的文本是：	等未来三部曲，享誉全球，成为未来学巨擘，对当今社会思潮
"青春偶像剧《二分之一美少年》是由辛巨擘执导，[MASK]、金丽婷等主演的青春偶像剧"中[MASK]位置的文本是：	叶子诚、周升、敖翔、裕东
"《风声如泪》[MASK]泡泡鱼创作的网络小说，发表于17K小说网"中[MASK]位置的文本是：	是嘻嘻
"《白屋[MASK]黄志翔、黄新高、彭盛青编剧，何润东、袁泉、牛萌萌、霍亚明主演的偶像爱情剧"中[MASK]位置的文本是：	之恋》是一部黄志翔、赖建国执导，
"斯蒂文·卢斯图出生于[MASK]：2009-06-30，惯用脚：右脚"中[MASK]位置的文本是：	哥本哈根(丹麦)，合同到期
"曾志伟和曾国祥曾志伟有个才华横溢的儿子叫曾国祥[MASK]的导演，曾国祥凭借《七月与安生》，先后获得金像奖、金马奖最佳导演奖提名"中[MASK]位置的文本是：	，他是一位优秀的演员，更是一位优秀
"基本资料[MASK]日本　　血型：AB型　　身高：167cm　　性别：女　　地区：日本　　职业：演员写真图片"中[MASK]位置的文本是：	艺名：葵千智　　英文名：ChisatoAoi　　国籍：
"《飞行器的执行周期》借由天文概念来喻指人与人之间亦远亦近的[MASK]》《凄美地》《每个眼神都只身荒野》《落地之前》等，在他看来，都是克制的、精炼过的、原生的、更清楚的东西，只写给某一群人，或只因一人而写"中[MASK]位置的文本是：	情感关系，里面收录的《水星记
"《三八佳人》是香港[MASK]，主要演员有吴镇宇、叶子楣、林漪娸、陶大宇等"中[MASK]位置的文本是：	无线电视1991年拍摄的电视连续剧，全剧共10集，监制李茜
"第二部：《飞虎极战》《飞虎之潜行极战[MASK]、吴卓羲、张兆辉、王敏德、何佩瑜、吴岱融、梁烈唯等人出演的警匪片"中[MASK]位置的文本是：	》是由优酷与邵氏兄弟国际影业联合出品，李惠民担任监制及总导演，苗侨伟、黄宗泽
"2011年，李易峰参演的电视剧《幸福[MASK]》播出，李易峰饰演项允超一角"中[MASK]位置的文本是：	一定强》的续集《幸福最晴天
"音乐原声幕后制作韩国演员张赫受草彅刚之邀客串出演了日剧版《我的野蛮女友》，[MASK]一个废弃的工厂上演了打斗戏13"中[MASK]位置的文本是：	在第一集中饰演了一个存在于女主角田中丽奈幻想中的韩流明星，与草彅刚一起在
"黄建昆，汉族，四川内江人，1986年8月参加工作[MASK]经济管理研究生现任新疆农业大学党委书记"中[MASK]位置的文本是：	，1985年11月入党，新疆农业大学农业
"《羔羊早期断奶新招》是中国农业科技出版的一本图书[MASK]"中[MASK]位置的文本是：	，作者是本社
"《狼烟》是由孙小光执导，连奕名、杨若兮、王新、王珂等主演的年代抗战剧，该剧讲述了一群鄂西少数民族在红军的引导下，从生死对抗转为互伸援手直至冰释前嫌，最终加入..《狼烟》是由孙小光执导，连奕名、杨若兮、王新、王珂[MASK]援手直至冰释前嫌，最终加入共产党，联手粉碎了敌人侵略的阴谋"中[MASK]位置的文本是：	等主演的年代抗战剧，该剧讲述了一群鄂西少数民族在红军的引导下，从生死对抗转为互伸
"《恶魔雇佣兵之真实世界》是连载[MASK]的一部奇幻魔法类小说，作者是稀里糊涂度春秋"中[MASK]位置的文本是：	于17k小说网
"1927年10月30日，鲁迅和许广平终于在上海开始了他们的[MASK]"中[MASK]位置的文本是：	同居生活
"《西方美学艺术学撷[MASK]作品，作者是凌继尧"中[MASK]位置的文本是：	英》是由上海人民出版社出版的一部教育
"林夕为他填的《边走边爱[MASK]心境"中[MASK]位置的文本是：	》，似乎表现了他当时的
"中国盐业总公司（原名中国盐业公司）创立于1950年，现为国务院国资委[MASK]"中[MASK]位置的文本是：	监管的国有大型企业
"《《龙族》背德者》是连载[MASK]是悼亡者"中[MASK]位置的文本是：	于晋江文学城的一本言情类小说，作者
"《特工重生》是莫哀莫悲伤[MASK]"中[MASK]位置的文本是：	创作的网络小说，发表于17K小说网
"[10]一个人生活歌词作词:[MASK]"中[MASK]位置的文本是：	李秀真 作曲:CALVIN HO
"我读过最绝望最悲凉的诗句是辛弃疾的《水龙吟·登建康赏心亭》，[MASK]辛弃疾词风属豪放派，但我却在这首词中读到了稼轩的绝望和悲凉"中[MASK]位置的文本是：	作为南宋著名的爱国词人，虽然
"任勤[MASK]双学历，毕业于佳木斯医学院"中[MASK]位置的文本是：	主任任勤，主任医师，
"释惟则（约1280-1350年），号天如，[MASK]坪里乡桃岭村人"中[MASK]位置的文本是：	俗姓谭，江西省莲花县
"李耕隐，清朝维扬（今江苏[MASK]人，自号破屋老人，家白门，与吴伟业、周亮工同时"中[MASK]位置的文本是：	扬州）
"《人生有何意义：胡适散文精读》[MASK]一本图书，作者是胡适"中[MASK]位置的文本是：	是2007年8月1日东方出版中心出版的
"”【《蔡和森关于中国革命问题给毛泽东的两封信》（1920年8月[MASK]第1册，中央文献出版社2011年版，第449页"中[MASK]位置的文本是：	13日、9月16日），中共中央文献研究室、中央档案馆编：《建党以来重要文献选编（1921－1949）》
"这里有大小天然湖泊15个，其中最大的是天池，古称祁莲池，[MASK]1771米，面积0.8平方公里，水深10米左右"中[MASK]位置的文本是：	湖泊水面海拔为
"张万长，男，汉族，1957.3生于江西省宁都县[MASK]站长"中[MASK]位置的文本是：	黄石镇，现任赣州市驻韶关商业转运站
"陈妍希陈妍希靠着青春爱情电影《那些年，我们一起追过的女孩》一炮而红，而带着女神光环的陈妍希却因为饰演于正版《神雕侠侣》中的小龙女开始被黑，一字[MASK]原著党心中的女神形象相差甚远·，而陈妍希也应为这个角色被网友们喷了很久"中[MASK]位置的文本是：	簪使得陈妍希的婴儿肥暴露无遗，和万千
"《死亡讯息》是一部电影，上映时间[MASK]年"中[MASK]位置的文本是：	是2012
"人物简介冯明珠，出生于香港，祖籍[MASK]，国立台湾大学历史系学士"中[MASK]位置的文本是：	湖北黄陂（今武汉市黄陂区）,国立台湾大学历史研究所硕士
"[MASK]苏更森 男 1960年生，江苏人"中[MASK]位置的文本是：	简介苏 甦，笔名 
"《创世纪Ⅰ地产风云》是戚其义执导[MASK]汪明荃、罗嘉良、蔡少芬等人联合出演"中[MASK]位置的文本是：	的一部商战题材电视剧，古天乐、吴奇隆、
"《四十五度风微凉》是安凉[MASK]，发表于17K小说网"中[MASK]位置的文本是：	妹妹创作的网络小说
"” 二、起源于传说时代的黄帝[MASK]》说：“象戏兵戏也，黄帝之战驱猛兽以为阵"中[MASK]位置的文本是：	，如北宋晁补之《广象戏格序
"《从博物馆到长青湾》，是中国社会出版社2008[MASK]作者是朱艳"中[MASK]位置的文本是：	年11月1日出版的图书，
"12集电视连续剧《便衣警察》由[MASK]胡亚捷、宋春丽等主演"中[MASK]位置的文本是：	海岩创作，林汝为执导，
"幼翅横鼓蝗，Transtympanacris neipopennis (Xia [MASK])，直翅目网翅蝗科横鼓蝗属的一种昆虫"中[MASK]位置的文本是：	et Jin
"黄复生研究员（返聘），1932年5月生，1956年[MASK]在中国科学院动物研究所攻读研究生"中[MASK]位置的文本是：	毕业于北京大学生物系，1957－1962年
"《梦境之瞳》是连载于17k小说网的网络小说，[MASK]独孤隐奕"中[MASK]位置的文本是：	作者是
"余丽芬，女，1963年9月生，浙江余姚人，硕士，浙江省社科院[MASK]所副研究员"中[MASK]位置的文本是：	历史
"《恋爱令人心痛》是由张美贤[MASK]，钟嘉欣演唱的一首粤语歌曲"中[MASK]位置的文本是：	作词，周杰伦作曲
"歌曲《未知的精彩》选自孙燕姿专辑《[MASK]2004年华纳唱片出版并发行"中[MASK]位置的文本是：	Stefanie》，由小寒作词，黄韵仁作曲，
"谭乔，男，成都市公安局交通管理宣传处民警，《[MASK]"中[MASK]位置的文本是：	谭谈交通》栏目主持人
"《不会分离》是[MASK]年11月9日发行的专辑，共收录12首歌曲"中[MASK]位置的文本是：	光良于2007
"20世纪80年代末期，林超贤[MASK]副导演，制作了《逃学威龙》《霹雳火》、《飞虎》等一系列电影作品"中[MASK]位置的文本是：	开始担任陈嘉上的
"《绯闻公主志》是2009年知识出版社出版的[MASK]"中[MASK]位置的文本是：	图书1，作者是艾可乐
"”刘备从起家到占据荆、益二州及至称帝建立蜀汉政权，文[MASK]超）、黄（忠）五员大将，也即是后来人们称作的“五虎上将”"中[MASK]位置的文本是：	，主要的依靠诸葛亮，武则依靠了关（羽）、张（飞）、赵（云）、马（
"廊坊澳洋化工有限公司，总部位于大城县大广安村，是一家从事[MASK]、金属缠绕垫、锅炉清洗剂、聚醚多元醇的企业"中[MASK]位置的文本是：	生产销售：离子交换树脂
"郭博（1920—）， 郭沫若之子，他的母亲就是郭沫若[MASK]夫人郭安娜"中[MASK]位置的文本是：	先生的日籍
"《杜拉拉之似水年华》由台湾导演林合隆执导，王雷、翟天临、张亮等[MASK]"中[MASK]位置的文本是：	人主演职场剧该剧讲述了王伟和杜拉拉在职场和情场的纠葛故事1
"唐艺昕的笑可以说是我见过最好看的笑了，特别阳光的感觉，还有小酒窝[MASK]表演系，中国内地女演员"中[MASK]位置的文本是：	，她的笑特别具有感染力，亲和力1989年12月9日出生四川省，毕业于重庆大学美视电影学院
"一、《爱情公寓》《爱情公寓》是由汪远编剧、韦正[MASK]、邓家佳、孙艺洲、李金铭、赵霁、金世佳、赵文琪、李佳航领衔主演"中[MASK]位置的文本是：	执导，陈赫、娄艺潇、王传君
"[MASK]21日，原包含广汽传祺、广汽长丰、广汽中兴以及广汽吉奥四大版块"中[MASK]位置的文本是：	”广汽乘用车成立于2008年7月
"梧州江滨国际大酒店有限公司[MASK]梧州市工商行政管理局登记成立"中[MASK]位置的文本是：	于1992年05月14日在
"[MASK]工业设备科技有限公司总部位于东莞市，经营范围为工业设备"中[MASK]位置的文本是：	东莞市雷德
"《流着眼泪唱起歌》是[MASK]大张伟作曲，收录在《霹雳狂花》专辑中"中[MASK]位置的文本是：	大张伟的音乐作品，
"《潮流教主》是由香港电视广播有限公司拍摄制作，方骏钊监制，陈豪、蔡思贝、罗仲谦、李佳芯、庄思敏等领衔主演的时装剧，[MASK]高清翡翠台首播"中[MASK]位置的文本是：	于2016年2月29日在
"【王菲谢霆锋陈奕迅[MASK]在KTV合唱谢霆锋的歌曲《因为爱所以爱》，谢霆锋在旁边笑得好开心，会不会唱得太好听啦"中[MASK]位置的文本是：	K歌超欢乐】陈奕迅和王菲
"广东众安康后勤集团有限公司于1999年11[MASK]管理局福田局登记成立"中[MASK]位置的文本是：	月09日在深圳市市场监督
"歌迷甚至[MASK]画皮2网页版》的宣传视频剪接在了一起，称其是可以媲美电影《画皮》插曲《画心》的歌曲，更确定了《陪我去流浪》与电影《画皮2》同名网页游戏合作并非偶然"中[MASK]位置的文本是：	把阿悄的《陪我去流浪》与《
"福建[MASK]年1月27日在福建省工商行政管理局登记成立"中[MASK]位置的文本是：	三丰鞋业有限公司于1992
"《夺命之爱》[MASK]的澳大利亚恐怖影片"中[MASK]位置的文本是：	由西恩·布叶尼执导
"《忍者神龟2》将于2016年6月[MASK]日登陆北美院线"中[MASK]位置的文本是：	3
"重庆市锦红小区服务中心是2002年经重庆市[MASK]锦红小区的物业管理服务和生活服务，提供相关的社会服务，承办局机关委托事项"中[MASK]位置的文本是：	编委和重庆市市级机关事务管理局批准成立的法人事业单位，主要职责为：承担
"《我只要现在》是郑秀文演唱的歌曲，由廖莹如作词，罗方佑作曲[MASK]第五张国语专辑《完整》中"中[MASK]位置的文本是：	，收录在郑秀文2001年5月1日发行的
"《异界鬼祖》是在17k[MASK]作者是墨为夜"中[MASK]位置的文本是：	小说网连载的一部小说，
"《九玄邪尊》是百度文学旗下纵横中文网[MASK]-07-18正式发布"中[MASK]位置的文本是：	签约作家疯狂的大米创作的一部东方玄幻小说，小说已于2014
"《蒙娜丽莎的哭泣》[MASK]，作者是飘荡的白云"中[MASK]位置的文本是：	是连载于17k小说网的小说
"《爱的错位》又名《第一嫌疑人》，是由邵梁导演，郑晓宁、张小磊[MASK]"中[MASK]位置的文本是：	、艾平等主演的一部电视剧
"执导《胡杨女人》的著名[MASK]又一部力作《母子情仇》在山西榆次开机拍摄"中[MASK]位置的文本是：	导演张晓春，
"裴松之注引《曹瞒[MASK]性格多疑，好用计谋，故改 满 为 瞒 非常符合曹操的性格"中[MASK]位置的文本是：	传》记载曹操 小字阿瞒 ，用 瞒 字，是欺瞒的意思，而曹操
"伍佰最新专辑中找来了范晓萱一起合唱《海上的岛》，由于歌迷反应热烈，伍佰[MASK]，更开着货车坐着豹皮沙发，看见甜美的范晓萱卖力演出，也激发了伍佰拍摄MV多年以来第一次展露最灿烂开怀的笑容，据悉，本周末两人还将携手为两人各自发行的新专辑举办联合签名会，让喜欢两人的乐迷可以同时与他们相见"中[MASK]位置的文本是：	决定力邀范晓萱一起合拍MV，结果两人日前一路从沙滩唱到海上
"白敬亭的演技是有目共睹的，无论是《匆匆那年》的[MASK]陆之昂，他都能把角色拿捏的得当"中[MASK]位置的文本是：	乔燃，还是《夏至未至》的
"中国好[MASK]的问》是引领潮流的好歌曲"中[MASK]位置的文本是：	声音褚乔刘欢《千万次
"《只有你听得到CALLING YOU》作者是都筑 [MASK]乙一，由台湾角川于2005年5月2日出版"中[MASK]位置的文本是：	せつり / 
"简介短角高体金眼鲷短角高体金眼鲷属金眼鲷目(Beryciformes)金眼[MASK]海水鱼类的统称"中[MASK]位置的文本是：	鲷科(Berycidae)10种纯
"付笛声和任静夫妇参加[MASK]女人百分百》节目"中[MASK]位置的文本是：	《
"基本信息中文片名：生死一线间  国家/地区：中国  类型：励志，网络剧  导演：谢铜  集数：30集演员表剧情简介80年代初，江城市老检察长苏东来的女儿苏方圆继承父志，考上了江城检察院，为此卷入了[MASK]"中[MASK]位置的文本是：	上一代人的爱恨情仇，不得不与初恋情人分手
"薛之谦坦言专辑主打歌《深深爱过[MASK]主打歌也是为她写的2"中[MASK]位置的文本是：	你》正是写给前女友的：“其实之前两张专辑的
"[MASK]疼》是由歌手谭咏麟的一首歌曲，收录于专辑《自选角度-2000》中"中[MASK]位置的文本是：	《亲爱是
"《一直下雨的星期天》是由姚谦作词，Minski作曲，赵薇演唱的一首歌曲，[MASK]1"中[MASK]位置的文本是：	收录于赵薇2004年11月发行的音乐专辑《飘》中
"1972[MASK]，英文名China，预示着周家和中国千丝万缕无法割舍的联系"中[MASK]位置的文本是：	年周天娜和周英华结婚，两年后周佳纳出生
"简介郑贤培，男，汉族，1955年12月出生，1974年12月[MASK]"中[MASK]位置的文本是：	参加工作，1974年10月加入中国共产党，大学学历，安徽省舒城县人
"[MASK]焌辉，1997年获德国基尔大学医学博士学位"中[MASK]位置的文本是：	崔
"众所周知范玮琪曾有首歌《黑白配》，主要是写[MASK]陈建州的爱情"中[MASK]位置的文本是：	自己和黑人
"《伊凡王子和灰狼：俄罗斯[MASK]少年儿童出版社出版，出版时间为2010年4月1日"中[MASK]位置的文本是：	民间童话精选》是出版的图书，
"顾昱，男[MASK]11月出生，浙江湖州人，汉族，中共党员，大学本科学历，硕士学位，主任医师"中[MASK]位置的文本是：	，1963年
"应该说，张恨水的《纸醉金迷》不好改，一无才子二无佳人，[MASK]人目瞪口呆"中[MASK]位置的文本是：	没有故事性更无结构性，人物的出现和情节的跳跃往往突兀到让
"《第三个[MASK]严艺丹的音乐作品，收录在《第三个人的爱(单曲)》专辑中"中[MASK]位置的文本是：	人的爱》是
"《不说的[MASK]，连载于晋江文学城"中[MASK]位置的文本是：	温柔》是晏烟儿的一部网络小说
"基本信息【姓名】：周俊  【年代】：现代  【家乡】：江苏[MASK]艺人、工艺师人物简介出生于江苏宜兴陶都之乡，工艺美术师，中国工艺美术协会会员"中[MASK]位置的文本是：	·宜兴  【类别】：紫砂壶艺人、陶瓷
"《《垂涎录》评注》是2011年2[MASK]张善文"中[MASK]位置的文本是：	月1日北京大学出版社出版的图书，作者是
"李玉连简介1980年毕业于湖北医科学院[MASK]的临床、教学及科研拥有较深厚的造诣，长期与国内外泌尿外科专家保持技术上的交流与合作"中[MASK]位置的文本是：	，中华医学会开封分会会员，普通外科专业委员会副主任员，多年来致力于男性疾病的诊断与治疗，对泌尿外科
"朱聿鐭（1605年—1647年1月20日），明朝第十九位皇帝，南明第三位皇帝，明太祖二十三子唐定王朱桱[MASK]朱器墭之子，南明绍宗朱聿键之弟"中[MASK]位置的文本是：	八世孙，唐裕王
"郭亮出生于1985年3月20日[MASK]司职后卫，2008年加盟青岛中能至2017年1月"中[MASK]位置的文本是：	，身高176cm，体重75kg，场上
"《逝去[MASK]小说网的小说，作者是董小宇"中[MASK]位置的文本是：	的青春岁月》是连载于17k
"《[MASK]一部玄幻小说，作者是蓝彦落殇"中[MASK]位置的文本是：	弱尊》是
"[MASK]家电台同步首播《叶惠美》主打歌《以父之名》定7月16日为“周杰伦日”，全球收听率达到8亿人"中[MASK]位置的文本是：	全亚洲超过50
"鲁埃里（VincentRuefli），瑞士籍足球运动员[MASK]"中[MASK]位置的文本是：	
"NO.6嘉禾（嘉禾娱乐事业有限公司）嘉禾公司于1970年由邹文怀先生、何冠昌先生[MASK]是目前于华人市场具有影响力的电影娱乐公司"中[MASK]位置的文本是：	和梁风先生共同创建而成，并于1994 年成为香港的上市公司，
"《南京工业大学校歌》是陶思耀[MASK]歌曲"中[MASK]位置的文本是：	作词作曲
"《星愿[MASK]网络剧，何润东、卢靖姗参与演出，共有四个系列短片"中[MASK]位置的文本是：	同行》是由钟健离执导的一部
"《谁[MASK]是板命君创作的网络小说，发表于晋江文学网"中[MASK]位置的文本是：	与争凤》
"就在第33届美国独立电影精神奖的颁奖现场，有一位中国女孩就获得了提名，她[MASK]《骑士》获得四项提名，同时获得了杰出女导演的邦尼奖，在当时真的是一个非常大的奖励，而作为母亲的宋丹丹也表示对女儿的大大的赞扬，并且表示今夜无眠"中[MASK]位置的文本是：	就是女儿赵婷，当晚由她导演的故事片
"《从来麻烦自找》是由潘源良填词，Ichirou、[MASK]月23日发行的专辑《思前想后》中"中[MASK]位置的文本是：	Kaneda作曲，谭咏麟演唱的歌曲，收录于谭咏麟1996年8
"上海市职业能力考试院旅游人才认证中心成立于2007年[MASK]设在上海市旅游培训中心"中[MASK]位置的文本是：	2月，
"漫步在园内，望着墙上陆游所题的[MASK]不远处许愿牌上那密密麻麻的爱情愿望，似乎每一个人都可以在这里找到爱情"中[MASK]位置的文本是：	《钗头凤》，和
"《喜气洋洋猪八戒》是苏州福纳文化科技股份有限公司及湖北电视台、江苏省广播电视总台、四川省有限电视等联合拍摄的大型东方[MASK]主演"中[MASK]位置的文本是：	神话喜剧，由李凯、覃超、蔡天风导演，高鑫，韩雪，黄海冰，金巧巧等
"《不存在的情人》是林俊杰演唱的一首歌曲，由林俊杰作曲、吴青峰填词，收录在林俊杰2011[MASK]Found》中1"中[MASK]位置的文本是：	年发行的专辑《学不会 Lost N 
"事实上，林青霞与邢嘉倩的生母张天爱[MASK]也是很融合的"中[MASK]位置的文本是：	的关系
"《初音未来之心语心愿》[MASK]中文网的小说，作者是梦终魇"中[MASK]位置的文本是：	是一部连载于起点
"山梁上的太阳，是由欧阳奋强1992年根据[MASK]的电视剧"中[MASK]位置的文本是：	报告文学改编指导
"王民，男，1959年10月出生于江苏常州， 1974年下乡，1975年在[MASK]留校"中[MASK]位置的文本是：	太原钢铁公司参加工作，1978至1982在西安建筑科技大学学习，毕业后
"《百分百感觉》[MASK]梁咏琪等主演的爱情喜剧"中[MASK]位置的文本是：	为马伟豪执导，郑伊健、郑秀文、
"《重生西游之唯吾圣皇》是连载于起点中文网的[MASK]"中[MASK]位置的文本是：	一部东方玄幻小说，作者是青衣墨魂
"第一对是杨幂和刘恺威，2011年两个人因为拍摄电视剧《如意》，因戏生情，不久就在网上宣布了爱情，并且没有多久就步入了婚姻的殿堂，这让当时[MASK]身价都相差很多，让大家难以接受，之后小糯米的诞生，让大家慢慢的开始接受这对夫妻，当时刘恺威和王鸥的整夜看剧本事件，在娱乐圈中闹的沸沸扬扬，很多人都以为杨幂会选择离婚，但是两个人都能理智面对，虽然总是会被爆料已经离婚，但是事实证明两个人非常恩爱，总是再有传闻出来的时候，刘恺威和杨幂就会撒一波狗粮"中[MASK]位置的文本是：	杨幂在出道的时候，是多少男人心目中的梦中情人，让这些男生受到了一万点的伤害，当时可能也是因为两个人的年龄差距比较大，并且在娱乐圈中的地位以及
"1994年，叶惠[MASK]毕业没多久就选择创业"中[MASK]位置的文本是：	全刚从暨南大学
"《我[MASK]战场归来》萧乾序，许延滨跋，世界知识出版社再版20万册，1998"中[MASK]位置的文本是：	从
"朱谦之到京后，改入北京大学[MASK]二年，又转入北大哲学系攻读，直至毕业"中[MASK]位置的文本是：	法预科学习，凡
"宝塔芋螺[MASK]是新腹足目芋螺科芋螺属的一种"中[MASK]位置的文本是：	（学名：Conus pagodus），
"《屈原与楚辞（[MASK]1996年安徽教育出版社出版的图书，作者是姜亮夫，姜昆武"中[MASK]位置的文本是：	中国古代文学知识丛书）》是
"仔细的算算时间，娘娘蔡少芬已出道27年，近年从香港影坛转战大陆演艺圈，同时身兼两个女儿的妈以及一线影星，外表仍维持得相当好，日前她在脸书分享旧照片，透露是自己1993年在[MASK]该角色是港剧史上相当经典的反派角色之一"中[MASK]位置的文本是：	港剧《天伦》中，饰演恶女齐雪儿的剧照，
"[MASK]鹛是雀形目、画眉科的鸟类动物，分布于太平洋诸岛屿"中[MASK]位置的文本是：	霍氏鸦
"周春雁，男，汉族，一九六四年二月[MASK]中国共产党，大学文化，高级政工师，毕业于中央党校函授学院法律专业"中[MASK]位置的文本是：	生，江苏阜宁人，一九八二年八月参加工作，一九八六年七月加入
"《铿锵蔷薇》是不[MASK]于起点网"中[MASK]位置的文本是：	燃素创作的网络小说，发表
"《天体奥运》[MASK]，作者是佩罗蒂提"中[MASK]位置的文本是：	是2005年北京燕山出版社出版的一部图书
"填满你我不完整的感情3歌曲鉴赏《不完整的旋律》虽然旋律不是很完整但整首歌听起来却仍然[MASK]加上钢琴的伴奏和王力宏动情的演绎使得这首歌听上去优雅而又唯美4"中[MASK]位置的文本是：	是优美悦耳的，王力宏在这首歌里是想传达他的体验：“缺憾”也是一种美好，只是看你用什么角度去看它，再
"《亚伯拉罕·林肯传》是2009年[MASK]图书，作者是鲍德温"中[MASK]位置的文本是：	北京理工大学出版社出版的
"公益活动  年底，张永珍被增选为中国光彩事业促进会副会长[MASK]年至2001年先后捐款亿馀元用于内地的教育、扶贫、救灾等光彩事业和社会事业的义举"中[MASK]位置的文本是：	，中央统战部副部长胡德平在推荐词中赞扬了张永珍自1994
"《[MASK]侯勇、 孙松、 王姬领衔主演的谍战电视剧"中[MASK]位置的文本是：	狂花凋落》是由雷献禾执导，田海蓉、
"[音乐]张宇 婚礼祝福[MASK]》经典教唱"中[MASK]位置的文本是：	必唱歌曲《给你们
"《合伙人》4帅，朱亚文垫底，郑元畅第二，第一帅的让[MASK]招架不住"中[MASK]位置的文本是：	人
"德克，[MASK]月16日，177厘米，是罗马尼亚足球运动员"中[MASK]位置的文本是：	出生于1986年02
"陈星宇作词【凤翅天翔】创作背景：[MASK]博客）"中[MASK]位置的文本是：	（转载陈星宇新浪
"[MASK]》是首乌创作的网络小说，发表于晋江文学网"中[MASK]位置的文本是：	《金手指：女主养成计划
"张桂平，男，汉族，祖籍安徽，1951年[MASK]出生"中[MASK]位置的文本是：	8月
"漳州萃然堂贸易有限公司，总部位于漳州万达中央华城，[MASK]藤茶（苦甘露），"中[MASK]位置的文本是：	经营范围为绞股蓝，玫瑰茄，
"《速度与激情》系列作为好莱坞环球影业一个历史比较长久的IP（第一部为2001年上映）[MASK]不错，但在2015年时，由华裔导演温子仁执导的《速度与激情7》全球斩下15.16亿美元的票房，夺得全球电影史上票房榜第六位的绝佳成绩后，环球影业则开始考虑扩展整个“速激宇宙”的规划"中[MASK]位置的文本是：	，距今已经走过了17个年头，尽管前6作票房已经算是
"从有到无的财富涣散，这需要强大的事业心与高度的社会责任心作为[MASK]定能完美地把“中国牛”演绎出“世界牛”的风采"中[MASK]位置的文本是：	支柱，牛根生打算在2008年，自己50周岁时，从董事长的职位退下来，而那时的蒙牛搭乘奥运会的列车，
"《飞女正传》是香港无线电视（TVB）制作的时装电视剧，为2009无线节目巡礼剧集之一[MASK]及曹永廉主演，监制为戚其义"中[MASK]位置的文本是：	及2009无线节目精选第二季剧集之一，由蔡少芬、陈豪、黄德斌
"《银魂 04》是2012[MASK]出版的图书，作者是空知英秋"中[MASK]位置的文本是：	年连环画出版社
"李睟光（朝鲜语：이수광，1563年[MASK]，性理学者，实学者和作家"中[MASK]位置的文本是：	-1628年）是韩国朝鲜的文臣及外教官
"与古天乐、林峰、郭羡妮、[MASK]的乌廷芳，并入围万千星辉典礼最佳女主角"中[MASK]位置的文本是：	江华联合主演了古装科幻剧《寻秦记》，在剧中饰演娇俏可人敢爱敢恨
"广西中铁投资有限责任[MASK]月26日在广西壮族自治区工商行政管理局登记成立"中[MASK]位置的文本是：	公司于2005年09
"《[MASK]是2006年上海文化出版社出版的图书，作者是范宇鸣"中[MASK]位置的文本是：	远离过敏体质的自然疗法》
"内容介绍[MASK]论著选集(增订版)》由上海人民出版社出版"中[MASK]位置的文本是：	《周予同经学史
"黑嘴鹃鸠，Macropygia nigrirostris （Salvadori, 1875），脊索动物门、鸟纲[MASK]一个物种"中[MASK]位置的文本是：	、鸽形目、鸠鸽科、鹃鸠属的
"《最后[MASK]那首歌》/在17k小说网与连载的一部青春校园（类型）作品，作者是孤独的根号2"中[MASK]位置的文本是：	一次为你唱
"《发个微信去天庭》根据台灯下的[MASK]类同名小说改编"中[MASK]位置的文本是：	节奏连载于起点中文网的异术超能
"大菲丽斯是双子叶植物纲Dicotyledoneae、[MASK]山茶科 Theaceae 植物"中[MASK]位置的文本是：	五桠果亚纲 Dilleniidae、山茶目 Theales、
"《仙道长生[MASK]异侠类小说，讲述了金乌古族后辈金阳的故事"中[MASK]位置的文本是：	》网络作家别克三盾于起点中文网发表连载的一部仙侠
"基本信息书名[MASK]日）武藤美和 著，北京《瑞丽》杂志社 编译"中[MASK]位置的文本是：	：色彩搭配SHOW作　者：（
"听说最近女文青很火，那点子菌今天就变身文青男，和各位仙女们来谈谈王家卫的《重庆森林》~在《[MASK]他的家，经常打扫一整天，想想都替她累惹"中[MASK]位置的文本是：	重庆森林》里大家对王菲的印象最深呢，阿菲因为喜欢梁朝伟而偷偷去打扫
"《我们的绝地反击》是李京执导的抗战[MASK]由贾一平、董维嘉领衔主演1"中[MASK]位置的文本是：	剧，
"[MASK]，汉族，生于1959年3月，籍贯河北，毕业于黑龙江省八一农大财会专业"中[MASK]位置的文本是：	张凤仙，男
"晋城市[MASK]10月26日在晋城市工商行政管理局登记成立"中[MASK]位置的文本是：	金建集团投资有限公司于2004年
"2、CHANEL香奈儿香奈儿（Chanel）是一个法国奢侈品品牌，创始人是Coco Chanel（原名是Gabrielle Bonheur Chanel ，中文名[MASK]品牌于1910年在法国巴黎创立"中[MASK]位置的文本是：	是加布里埃·可可·香奈儿），该
"这一期请来[MASK]“佛爷”，也就是陈伟霆《老九门》里的角色名字，有一个环节是小S要与陈伟霆演一段《老九门》的戏：陈伟霆将赵丽颖托举到空中，转体360度"中[MASK]位置的文本是：	了陈伟霆，小S迷妹的戏很足，声声称呼陈伟霆
"《失真》[MASK]作词作曲并演唱的歌曲"中[MASK]位置的文本是：	是张洪量
"早年经历湖人队在选秀大会上以第43顺位摘取了[MASK]小前锋德文·伊班克斯"中[MASK]位置的文本是：	来自西弗吉尼亚大学的
"在1946年到1960年的温泉幽居岁月中，由于囚禁于井上温泉已被外界知晓，为“安全”[MASK]，张学良与赵一荻曾被紧急转移高雄，与外界隔绝"中[MASK]位置的文本是：	故，在1949年2月初
"自2006[MASK]专辑，新歌的名字简单而意味十足――《走了》"中[MASK]位置的文本是：	年参加我型我秀获得全国总冠军以来，王啸坤发行了个人第三张创作
"1996年5月大连华信[MASK]计算机技术有限公司成立"中[MASK]位置的文本是：	
"MV的导演EikoIshioka（石冈瑛子）出生于东京，在东京国立[MASK]的生涯"中[MASK]位置的文本是：	艺术和音乐大学（“TokyoNationalUniversityOfFineArtandMusic”）完成学业便开始了职业美术设计师
"《钢琴客》是[MASK]年初正式更名为陈芊岍）所演唱的一首歌曲，该曲收录于陈倩倩的第二张专辑《倩倩的十个白日梦》中"中[MASK]位置的文本是：	中国内地女歌手陈倩倩（2008
"《狠心[MASK]并演唱的一首歌曲，收录于刘德华专辑《再说一次，我爱你》中"中[MASK]位置的文本是：	的一课》是由明凯谱曲，刘德华作词
"在上一期的《歌手》比赛中，华晨宇翻唱了一首周杰伦的经典作品《双截棍》，不仅是再次夺得了当场的[MASK]赢得了满堂的喝彩，后台的汪峰老师听完之后就表示真的是第一名了"中[MASK]位置的文本是：	第一名，也可以说是
"快乐圣诞（Happy Ero Christmas/해피 에로 크리스마스)是一部由李健东Geon-dong Lee[MASK]韩国)上映"中[MASK]位置的文本是：	为导演的韩国爱情喜剧片，在2003年12月17日 (
"贾宝玉怎么也想不到，他和[MASK]以致使金钏儿投井自杀"中[MASK]位置的文本是：	母亲王夫人的丫鬟打打闹闹竟然引得王夫人大怒，
"2006年10月，蔡君茹[MASK]若有情2》在凤凰卫视播出4"中[MASK]位置的文本是：	出演的《天
"丁书江，男，汉族，1978年生于[MASK]入选2013年度陕西省青年科技新星和2013年度教育部新世纪优秀人才"中[MASK]位置的文本是：	黑龙江省哈尔滨市，西安交通大学 理学院教授1，
"基本信息作者: 刘文臻  出版社: 民主与建设  出版年: [MASK]如何做好财务主管》内容简介：财务管理工作始终贯穿于企业生产经营过程的每个角落，因而它对企业来说是相当重要的"中[MASK]位置的文本是：	2010-11  页数: 260内容简介《
"湖北科普达实业[MASK]1月16日在黄梅县工商行政管理局登记成立"中[MASK]位置的文本是：	有限公司于2008年
"还有在[MASK]响亮的嗓门，还有草根形象，获得了很多人的关注"中[MASK]位置的文本是：	《星光大道》成名的阿宝，由于其
"《吴承恩与西游记》是由阚卫平执导，[MASK]主演的神话3D立体电视剧"中[MASK]位置的文本是：	王树强、丁爱敏编剧，六小龄童、迟重瑞、马德华、刘大刚
"《犀利仁师》是海润影视、浙江[MASK]担任投资出品人12、总监制和男主角2，并为《犀利仁师》演唱主题曲和片尾曲34，刘诗诗担任女主角"中[MASK]位置的文本是：	东阳稻草熊影视文化有限公司、海润影视吴奇隆工作室联合出品制作的大型古装励志喜剧，由吴奇隆
"单位简介郑州水工[MASK]郑州水工机械厂，成立于1955年，是部属大型骨干企业，外贸进出口自营企业，是为水利水电、城建交通等建设工程生产制造施工机械、金属结构和永久设备的专业厂家"中[MASK]位置的文本是：	机械有限公司前身为
"《医生》（许嵩）“[MASK]我的本分给你安全感"中[MASK]位置的文本是：	你说懂了爱不是浪漫，
"友谊贡献奖2013年[MASK]”，以表彰他们培养出姚明这位曾经驰骋NBA多年并积极参与休斯顿华人社团慈善活动的球星"中[MASK]位置的文本是：	2月24日，休斯顿元宵节游园会组织委员会为姚明的父亲姚志源、母亲方凤娣颁发了“美中友谊特别贡献奖
"李晨在《奔跑吧兄弟》中以“大黑[MASK]心花路放》中惊艳的东北姐们儿颇有化学效应"中[MASK]位置的文本是：	牛”形象示人，与马苏在《
"习惯自己，是一首[MASK]属于专辑《寻他千百度》"中[MASK]位置的文本是：	流行歌曲名称，歌手为李度- 港台，
"首先是[MASK]的贾宝玉出道，干净清新的气质让许多人喜欢上了他"中[MASK]位置的文本是：	演技问题，07年杨洋通过《红楼梦》中
"人物经历1939年7[MASK]，费维扬出生于上海市，原籍浙江平湖"中[MASK]位置的文本是：	月
"我们熟知的一些品牌，科颜氏创立于1851年，迪奥[MASK]年，圣罗兰创立于1936年，雅诗兰黛创立于1946年"中[MASK]位置的文本是：	创立于1905年，香奈儿创立于1910年，兰蔻创立于1935
"《你是我到[MASK]天堂》是17k小说网连载的小说，作者是沈寄城"中[MASK]位置的文本是：	不了的
"第十名：[MASK]他仍是看他演的《无心法师》系列剧，本年他主演的《无心法师》第二部也是适当精彩"中[MASK]位置的文本是：	韩东君，知道
"王洪川（1918——1979[MASK]长清县人"中[MASK]位置的文本是：	），山东省
"易体网3月7日消息，洛杉矶快船队与约会应用Bumble达成球衣广告[MASK]签下球衣广告合同的球队"中[MASK]位置的文本是：	合同，快船队成为了联盟中第20支
"《默剧》是由白安作词、作曲[MASK]，收录在白安首张个人创作专辑《麦田捕手》中"中[MASK]位置的文本是：	并演唱的歌曲
"正始二年（407年）冬季，慕容云封慕容归为辽东公，让他[MASK]工作"中[MASK]位置的文本是：	主管后燕帝室宗庙的祭祀
"丽格海棠（拉丁学名：Begonia[MASK]、秋海棠属、秋海棠科属草本植物"中[MASK]位置的文本是：	×elatior）为葫芦目
"企业简介福州元氏一木投资有限公司成立于2014年6月30日，是一家集设计、生产、销售、服务为一体的[MASK]大庄园左侧"中[MASK]位置的文本是：	新型民营企业，坐落于福建省福州市闽侯上街闽都
"2004年12月，高盛获得中国证监会批准成立[MASK]有限责任公司"中[MASK]位置的文本是：	合资公司－高盛高华证券
"黄莹，也就是在这部153集的TVB长篇情景剧[MASK]相知、相恋，两人从1994年在一起到2001年，终因为性格不合而分手"中[MASK]位置的文本是：	《餐餐有宋家》结识、
"《野狼》是王伟仁、黄伟明导演，杭州百乘影视有限公司[MASK]电视剧，于2010年上映"中[MASK]位置的文本是：	发行的一部
"《伤尽我心的说话》[MASK]收录在《广东经典101》专辑中"中[MASK]位置的文本是：	是黄凯芹的音乐作品，潘源良作曲，
"《你是我爱的那个人》来自专辑男人的眼泪，2008-03-[MASK]"中[MASK]位置的文本是：	14发行，原唱刘嘉亮
"失音的过去是[MASK]单曲"中[MASK]位置的文本是：	颖宝儿的一首
"人物生平袁克定是军事家[MASK]袁世凯的长子，原配于氏所生"中[MASK]位置的文本是：	、政治家，北洋政府首领，
"南海生，男，汉族，1963年12月出生，1981年10月参加工作，甘肃礼县人，大学学历，中共党员，曾任西和县人民检察院检察长[MASK]长(试用期一年)、检委会委员"中[MASK]位置的文本是：	，拟任陇南市人民检察院党组成员、纪检组
"张艺谋是我国很出名的导演，他曾经导演的商业片，《十面埋伏[MASK]》，都曾刷新过中国票房纪录，张艺谋作为一代名导演，捧红了无数的女星"中[MASK]位置的文本是：	》，《满城尽带黄金甲
"厦门百轮服饰有限公司于1995[MASK]厦门市市场监督管理局登记成立"中[MASK]位置的文本是：	年04月20日在
"《潜入侦探蜥蜴》是由日本TBS电视台制作并播出的10[MASK]电视剧"中[MASK]位置的文本是：	集剧情
"邳州市艺道画室以培训美术高考、少儿美术、成人兴趣美术为主，全名邳州艺道[MASK]2015年，旗舰校位于邳州宏大集美广场3楼"中[MASK]位置的文本是：	文化传播有限公司，成立于
"《逃[MASK]写的网络小说连载于17k小说网"中[MASK]位置的文本是：	之妖妖》是卿一缕倾城
"冷霜，1973年生于新疆库尔勒，1990年考入北京大学中文系，2006年[MASK]，现任教于中央民族大学"中[MASK]位置的文本是：	获北京大学文学博士学位，曾任报社编辑、记者
"美丽心情演唱：叶一茜词:姚谦曲:中岛美雪LRC制作[MASK]"中[MASK]位置的文本是：	：酷我歌词组
"[MASK]2001年6月19日在新郑市工商行政管理局登记成立"中[MASK]位置的文本是：	郑州新达家俱有限公司于
"《桃花扇》是中国清代著名的传奇剧本[MASK]完成的"中[MASK]位置的文本是：	，作者是孔尚任，是他经历十余年三易其稿而
"《春天里》是[MASK]领衔主演的都市情感励志剧"中[MASK]位置的文本是：	由王飞执导，谷智鑫、王力可
"《下一站，天国》[MASK]一部爱情小说， 南海出版公司出版发行"中[MASK]位置的文本是：	是[日] 是枝裕和所著
"有学者根据这些变化和其他考古成果将殷墟卜辞分为五期，第一期为武丁时期，字体相对大一些，第五期较小，有些在写法笔划上也有不同，可以从甲骨学工具书[MASK]类编》中华书局1980年版)上查对"中[MASK]位置的文本是：	(如高明《古文字
"《重相逢》是由李玲玉演唱的一首歌曲，收录[MASK]里"中[MASK]位置的文本是：	在《电影 第九号悬案》专辑
"前一段时间吴秀波主演的《虎啸龙吟》试着稍微洗白一下，结果可想而知[MASK]"中[MASK]位置的文本是：	不怎么有效
"《Cisco路由器性能测试》是2000年机械工业[MASK] Held"中[MASK]位置的文本是：	出版社出版的图书，作者是Gill
"四十四岁的刘强东娶了24岁的章泽天，到底[MASK]赚了"中[MASK]位置的文本是：	是谁
"南昌晨光教育咨询[MASK]综合性的成人教育培训机构"中[MASK]位置的文本是：	有限公司成立于2008年，是一家
"《黄金鬼捕[MASK]是17k小说网连载的小说，作者是夜凉皮"中[MASK]位置的文本是：	》
"《我们结婚吧》（Marry me）[MASK]周采诗等主演，于2006年首播"中[MASK]位置的文本是：	，是一部中国台湾偶像剧，由许肇任导演，雪容编剧，贺军翔、刘喆莹、莎莎、
"《爱的错位》首播时间为2008[MASK]"中[MASK]位置的文本是：	年1月1日
"《冬季的市场》是在17k[MASK]，作者是加威廉吉布森"中[MASK]位置的文本是：	小说网连载的一部都市言情（类型）作品
"等扇脊姬蜂是属  [MASK]"中[MASK]位置的文本是：	膜翅目、姬蜂科下一个物种
"刘艳秋女1972.1299年毕业东北师范大学教育技术系，[MASK]"中[MASK]位置的文本是：	硕士
"纯白杜鹃（[MASK]目、杜鹃花科的植物"中[MASK]位置的文本是：	变种）是属杜鹃花
"[MASK]一件事，那就是他于1899年与其他29名股东一同投资了一家名为“意大利都灵汽车制造厂”的工厂了（虽然他只投资了400美元）"中[MASK]位置的文本是：	-菲亚特之父，乔瓦尼阿涅利-因法西斯获利若论乔瓦尼人生中做的最聪明的
"[MASK]（朝鲜语：최영림，英语：Choe Yong-rim，1930- ），曾任朝鲜内阁总理"中[MASK]位置的文本是：	人物简介崔永林，又译崔英林，
"由上海话剧艺术中心倾力制作，知名导演何念执导的“戏剧大师”[MASK]"中[MASK]位置的文本是：	曹禺先生著作《原野》将在重庆登台
"ray spider  蜘蛛目[MASK]球体蛛科(Theridiosomatidae)动物"中[MASK]位置的文本是：	(Araneida)
"节目信息节目简介《微视好声音》是由腾讯原创的音乐类脱口秀节目，也是第三季《中国[MASK]方式Step1  打开微视，进入拍摄页面"中[MASK]位置的文本是：	好声音》微视独家官方招募平台报名
"《都市风流才子》是17k[MASK]口吐烟圈"中[MASK]位置的文本是：	小说网连载的小说，作者是
"扬州中国国际旅行社是成立于1976年的知名[MASK]之一"中[MASK]位置的文本是：	旅行社，是我市仅有的三家国际社
"超虐的青春校园剧，匆匆那年最好的我们[MASK]》改编自九夜茴同名畅销小说，由姚婷婷执导，杨玏、何泓姗、白敬亭、蔡文静、杜维瀚主演"中[MASK]位置的文本是：	上榜，第4个看哭了无数次一、匆匆那年《匆匆那年
"黄小琥翻唱的一首歌曲《夜夜夜夜》，此歌曲[MASK]专辑《丝路》。"中[MASK]位置的文本是：	的原唱作者为齐秦早年间的
"蒋秀 女，河南省博爱县人，1938年加入中国共产党[MASK]我党在博爱县发展的第一个女共产党员"中[MASK]位置的文本是：	，是
"2001年，与江珊、李幼斌共同主演励志情感剧《永不放弃》，在剧中饰演外科主任梅云，该剧获得第22届[MASK]"中[MASK]位置的文本是：	中国电视剧飞天奖长篇电视剧二等奖
"影像之下逝去武林的规王家卫在拍摄《一代宗师》的时候，原本打算拍摄一个人一条街的故事，但在编剧徐浩峰的“撺掇”下，把持[MASK]往事，这部《师父》的内容恰恰就是专注于这段故事"中[MASK]位置的文本是：	不住拍摄了一个武林的故事，其中便有天津武林南拳北传的
"《主君的太阳》为韩国SBS电视台自2013年[MASK]浪漫的喜剧元素，剧情讲述傲慢自私的男人与能看见鬼的女性之间的故事，是一部新概念题材”搞笑恐怖片&quot"中[MASK]位置的文本是：	8月7日起播出的水木剧，由编剧洪美兰、洪静恩“洪氏姐妹”执笔，陈赫导演，苏志燮、孔孝真、徐仁国、金釉利等人主演，结合惊悚和
"《如何说别人才会听》是中信出版社出版的图书[MASK]是（美）阿玛多著刘蕾译"中[MASK]位置的文本是：	，作者
"《电梯使用、保养和维修技术》是2005年中国电力出版社出版的[MASK]是朱德文、张柏成"中[MASK]位置的文本是：	图书，作者
"中孝介-旅立ちの日に作词：[MASK]嶋登作曲：坂本浩美"中[MASK]位置的文本是：	小
"有来生还做[MASK]文武"中[MASK]位置的文本是：	兄弟1-黄
"《午夜寻访录》是由刘天荣自编自导，[MASK]胡可、李琦、付宏等主演的惊悚电影"中[MASK]位置的文本是：	沙溢、
"丝丘苔[MASK]，中文目名是鳞翅目"中[MASK]位置的文本是：	蛾编号是19279
"黄鹂无齿鲹（Gnathanodon speciosus）又称黄金鲹，[MASK]，无齿鲹属一种热带及温带地区近海生活的海水鱼类"中[MASK]位置的文本是：	金领航，为鲈形目，鲈亚目，鲹科
"《好春光》是我一个人唱的，这个还[MASK]盼》是跟陈琳合唱的，陈琳的声音太好了，很可惜她去世了"中[MASK]位置的文本是：	好办能决定，但是《卷睫
"傅琦然，编剧[MASK]代表作品《梅花档案》等"中[MASK]位置的文本是：	编导，
"《反恐24小时第四季》[MASK]公司出品，Robert Cochran、Joel Surnow编剧，强·卡萨和斯蒂芬·霍普金斯执导，基弗·萨瑟兰、丹尼斯·海斯伯特等主演的电视剧"中[MASK]位置的文本是：	是由福克斯广播
"《权少蜜[MASK]        作者：贺允"中[MASK]位置的文本是：	宠小娇妻》是一本都市网络小说     
"4.天地传说[MASK]压榨用户的典型古装作品，整部剧里的爱恨情仇总伴着生死离别，对于还是年少的我们来说，催泪指数极高"中[MASK]位置的文本是：	之鱼美人首播时间：2000 年 8 月主演：徐怀钰、郭晋安《鱼美人》是在情感上
"《狼牙军种》是天下联盟创作的[MASK]"中[MASK]位置的文本是：	网络小说，发表于17K小说网
"达士奇鹦鹉[MASK]身长24公分，小型派翁尼斯鹦鹉"中[MASK]位置的文本是：	是一种鹦形目、 鹦鹉科类生物，
"《我的女友是狐仙》是连载于17k小说网[MASK]作者是奥魂天下"中[MASK]位置的文本是：	的网络小说，
"小月《久别的人》作词：张藜[MASK]徐沛东Lrc歌词由网友"中[MASK]位置的文本是：	、作曲：
"马自庵（[MASK]人，1956年任四川省人民政府参事室参事"中[MASK]位置的文本是：	1892～1957）别名马骥，四川成都市
"歌曲何尝愿意，是李克勤专辑[MASK]"中[MASK]位置的文本是：	一生何求的作品
"说起吉卜力工作室，有深度有广度应该是许多漫迷公认的标签因为它反映在[MASK]三鹰之森吉卜力美术馆（一个以吉卜力工作室生产的动画片为依托的主题公园）国际上的动画往来（宫崎骏很热爱英国阿德曼工作室的动画作品，在2006年他们终于进行了东西方动画领域的高端会面），以及来自民间的各种致敬戏仿三鹰之森吉卜力美术馆这里，《千与千寻》、《幽灵公主》、《龙猫》等等经典人物都在现实中穿梭起来"中[MASK]位置的文本是：	其故事，在至纯至善之下埋藏着人文关怀和社会使命，另一方面也在于它的作品在动画片这一主导产品之外，所衍生出的诸多文化链它的手办玩偶当然也是一个代表性的物件
"《比尔教科学》是由迪士尼与[MASK]1993年起开播，共播出5季，每季20集"中[MASK]位置的文本是：	美国国家科学基金会联合推出的科教节目，在美国自
"《宝贝》是由[MASK]女主角确定为杨幂"中[MASK]位置的文本是：	内地著名导演刘杰担任执导，
"而在刘宗敏这儿，就更是得罪了吴三桂，不光吴三桂的家被抄，他的老爹吴襄[MASK]陈圆圆也被刘宗敏霸占，这些冒犯都更让这位将军不舒服"中[MASK]位置的文本是：	也被虐打，吴三桂本人的爱妾
"凯赛尔江，1988年3月出生于新疆，身高2.01米，[MASK]于八一队"中[MASK]位置的文本是：	体重105公斤，篮球运动员，效力
"[MASK]Xu et Liu），双翅目虻科虻属的一种昆虫"中[MASK]位置的文本是：	华丽虻，Tabanus splendens （
"《什么都有代价》是1998年1月1[MASK]中国青年出版社出版的图书，作者是王芫"中[MASK]位置的文本是：	日由
"人物经历婚前jeremy与钟嘉欣两人相识4日已认定对方，计划[MASK]，并默认有喜怕婴儿小器"中[MASK]位置的文本是：	婚后生四个宝宝组织大家庭
"介绍2016年著名小说家陈嘉俊创作《校花[MASK]小说作品"中[MASK]位置的文本是：	真冷血》
"北宋时期，[MASK]晁补之的《广象戏图》等著术问世，民间还流行“大象戏”"中[MASK]位置的文本是：	先后有司马光的《七国象戏》，尹洙的《象戏格》、《棋势》，
"如果说勇士水花兄弟的投射能力改变了[MASK]则改变了金州勇士队"中[MASK]位置的文本是：	NBA时代的话，那么格林的策应和防守能力
"《晴空暮色雾如初》是在17k小说网[MASK]萌若冰"中[MASK]位置的文本是：	连载的小说，作者是
"杨国胜[MASK]月出生于陕西商州， 中共党员，在职大学学历， 1976年2月参加工作"中[MASK]位置的文本是：	，男，汉族，1956年6
"昨晚，在上海时装周闭幕式上，拳击奥运冠军邹市明携爱妻冉莹颖不顾大风天走朋克风，大红色皮质短袖、黑色[MASK]金属配饰与老公牵手秀恩爱看秀"中[MASK]位置的文本是：	皮质热裤、手上戴满
"《大奥第一章》是富士电视台于2004年10月7日播出的古装电视剧，是《大奥》的续作，由林彻、[MASK]主演"中[MASK]位置的文本是：	山下智彦、武内英树、长冈钲司执导，浅野妙子编剧，松下由树、高岛礼子
"《权利背后》是由张轩南执导的都市悬疑剧，胡静[MASK]刘恺威等参加演出"中[MASK]位置的文本是：	、任程伟、潘虹、
"《暗战危城》是黄家[MASK]杨思琦、戚玉武、向沛林等主演1"中[MASK]位置的文本是：	辉、寇占文执导的抗战剧，由于震、戴娇倩、
"太仓市南丰汽车附件有限公司于2008年02月29[MASK]"中[MASK]位置的文本是：	日在太仓市市场监督管理局登记成立
"《牛村规则》是由上海红地毯文化传播有限公司出品[MASK]路上意外得到了一个婴儿后发生的一系列故事"中[MASK]位置的文本是：	的一部电影，导演为冯自立，讲述了牛耳和丽珍在回村
"何福进（889年—954年），字善长[MASK]河南人"中[MASK]位置的文本是：	，太原人，一说
"那年的情书作词：姚谦[MASK]剩多少思念还有"中[MASK]位置的文本是：	演唱:李烁歌词LRC:绛色手上青春还
"《烟花日和》是2011年新世界出版社出版的[MASK]作者是芴希"中[MASK]位置的文本是：	图书，
"《嫁衣》是2009[MASK]出品，马进执导，刘蓓、何政军、吴秀波、吕一、 淳于珊珊联合主演的都市言情电视剧"中[MASK]位置的文本是：	年由慈文影视制作有限公司
"李双进，男，汉族，1960年3月出生，河北大城人，本科毕业，中共党员，1978年12月参加工作，现任[MASK]成员、副局长"中[MASK]位置的文本是：	廊坊市农业局党组
"《扶起你》[MASK]乔军演唱"中[MASK]位置的文本是：	由歌手
"《天地无情》，30集香港[MASK]"中[MASK]位置的文本是：	剧，1991年上映
"《当我有了你》是1974年由银河唱片公司发行的一首[MASK]甄妮"中[MASK]位置的文本是：	歌曲，演唱歌手是
"三年赋闲结盟特使7月，[MASK]德国情况，而被大本营暂时调离华北方面军，作为日本特使前往欧洲，担负促进日本与德、意结成法西斯联盟的任务"中[MASK]位置的文本是：	寺内寿一由于曾在欧洲待过，而且尤为熟悉
"我参加过一次唱歌节目的海选，评委都是很不专业的，当时我唱了一首梁静茹的《可惜[MASK]很欣赏你的勇气"中[MASK]位置的文本是：	不是你》，唱完后评委给我点评：“首先，我
"《3月のライオン[MASK]2012-3-23年在白泉社出版发行"中[MASK]位置的文本是：	 7》是由羽海野 チカ编写的图书，于
"W·费南迪斯[MASK]英文名 WenceslaoFernandez ，出生于1979年8月14日，身高175厘米"中[MASK]位置的文本是：	是秘鲁的足球运动员， 
"姚运焕（1933～ ），男，[MASK]中共党员"中[MASK]位置的文本是：	汉族，甘肃省兰州市人，
"廖丁龙（[MASK]（今龙岩市新罗区）龙门镇湖坑村人"中[MASK]位置的文本是：	1913－1930），福建省龙岩县
"个人履历教授  谭明方  院 系： 哲学系  出生年月： 1956年12月  籍 贯： 重庆市  研究方向 :  社会学基本理论  [MASK]问题个人简介1978-1982年湖北财经学院学习"中[MASK]位置的文本是：	伦理社会学  中国农村社会与经济发展
"如果说宋襄公是因为“仁义”而没有拦住楚军的攻势，那么晋文公却用自己的[MASK]奠定了晋国的霸主地位，是春秋历史上具有重大意义的一场战争"中[MASK]位置的文本是：	守信遏制了楚国的北进势头，稳定了中原局势，
"[MASK]演唱的一首歌曲，该曲目收录在专辑《她为我编织毛衣》中"中[MASK]位置的文本是：	《南锣鼓巷》是钟立风创作并
"宇文泰是魏晋南北朝[MASK]实际掌权者，字黑獭，是代郡武川人，也就是今天内蒙古武川西人"中[MASK]位置的文本是：	时期西魏
"北京远东正大商品检验有限公司成立于[MASK]北京市经济技术开发区景园街10号D座三层，具有企业法人资格"中[MASK]位置的文本是：	2004年1月，位于
"舞钢市天鑫钢铁贸易有限公司总部[MASK]经营范围为代理舞阳特宽特厚钢板"中[MASK]位置的文本是：	位于舞钢市，
"83版《射雕英雄传》制作期间，不但挖掘出诸如杜琪峰、刘德华、周星驰等无数日后成为香港影视界中流砥柱的人物，更诞生了《铁血丹心》《[MASK]唱不衰的经典"中[MASK]位置的文本是：	世间始终你好》等传世金曲，再经罗文、珍妮等人的演唱，成为了久
"且跟小编一起看看~许廷铿，别名：铿铿、Alfred星座：金牛座代表作品：蚂蚁、面具、时光、重新长大、青春颂、仁至义尽、我的志愿、神奇之旅主要成就[MASK]第36届十大中文金曲颁奖音乐会十大中文金曲《青春颂》许廷铿是一位实力派唱将，也是具有高人气的男歌手，从他出现在《超级巨声》的舞台以后，他那极具个人特质的唱腔就引起了不少观众的注意"中[MASK]位置的文本是：	：2011年度叱咤乐坛流行榜颁奖典礼叱咤乐坛生力军金奖、
"《忠烈杨家将》，是由黄子桓编剧[MASK]的香港电影"中[MASK]位置的文本是：	、于仁泰执导
"为将《假如爱有天意[MASK]表达出来，李健特意在重温这部电影之后才动手填词，直到竞演当天还在修改歌曲细节"中[MASK]位置的文本是：	》这部电影中的意蕴用歌词完整地
"双辽薹草（原变种），属莎草目莎草科薹草[MASK]"中[MASK]位置的文本是：	亚科薹草属
"[MASK]化学工业出版的图书，作者是MIKIYOISO"中[MASK]位置的文本是：	《婴幼儿手作服》是2011年
"汤友铭，男、汉族、1963年5月出生[MASK]现为中国当代书画名家协会理事"中[MASK]位置的文本是：	、山东省临沂市人、本科文化、一级书法家，
"起源1996年，曾经是微软员工的加布·[MASK]Valve软件公司"中[MASK]位置的文本是：	纽维尔和麦克·哈灵顿一同创建了
"随后，蔡少芬又出演了《陀枪师姐》[MASK]《洛神》等一系列普遍叫好的电视剧"中[MASK]位置的文本是：	《珠光宝气》
"《狂剑舞阳》是西门三猫创作的网络小说，[MASK]"中[MASK]位置的文本是：	发表于17K小说网
"据悉今天李小璐带着女儿甜馨到北京奥特莱斯购物中心逛街[MASK]妈妈张伟欣"中[MASK]位置的文本是：	，一起同行的还有李小璐
"《关不掉的收音机》是由黄韵玲作词、作曲，苏永康演唱的一首歌曲，收录于专辑《和那谁的[MASK]年11月08日"中[MASK]位置的文本是：	》中，发行于2011
"《北京国安足球俱乐部20年光辉纪念（[MASK]图书，作者是北京国安足球俱乐部"中[MASK]位置的文本是：	精装版）》是2013年北京出版社出版的
"「少女心曲」是歌手[MASK]"中[MASK]位置的文本是：	王馨平演唱的一首歌曲
"《先做朋友后做生意大全集》一书由赵凡禹[MASK]年由企业管理出版社出版发行"中[MASK]位置的文本是：	著，于2010
"汪泗[MASK]清]字姬水，安徽休宁人，居江苏常熟"中[MASK]位置的文本是：	[
"《武神归来》[MASK]作者是黑调逝殇"中[MASK]位置的文本是：	是17k小说网连载的一部作品，
"《花豹突击队》1是[MASK]类小说，现连载于17K小说网"中[MASK]位置的文本是：	网络小说作家竹香书屋2所著著作的一部谍战特工
"《爱你我[MASK]专辑《狼爱上羊》里的一首单曲"中[MASK]位置的文本是：	不后悔》是华语歌手汤潮
"第二种情况的代表人物是李嘉诚的[MASK]李泽楷"中[MASK]位置的文本是：	二儿子
"《[MASK]乐队演唱的一首歌曲，收录在《天下无贼》专辑中"中[MASK]位置的文本是：	这一生只为你》是羽泉
"[MASK]，1967年9月出生，黑龙江龙江县人，汉族， 中共党员"中[MASK]位置的文本是：	张玉刚，男
"简介上海亚通股份有限公司1成立于1993年，目前,[MASK]上市公司"中[MASK]位置的文本是：	是崇明县属唯一一家国有控股
"万基国家公园位于津巴布韦西南部，1928年成立的万基国家公园，面积14000平方公里，九个香港般大，是津巴布韦最大的野生动物园[MASK]这里"中[MASK]位置的文本是：	，至今公园保持了质朴和管理良好的风貌，大量的野生动物居住在
"《蠢女人1》是新加坡女歌手许美静2在1998[MASK]月《好美静3》专辑"中[MASK]位置的文本是：	年演唱的一首歌曲，收录于1998年3
"上海国际科学技术有限公司于1985年9月18日在徐汇区[MASK]管理局登记成立"中[MASK]位置的文本是：	市场监督
"蔡崇信，男，台湾人[MASK]阿里巴巴集团董事局执行副主席"中[MASK]位置的文本是：	，毕业于美国耶鲁大学，现任
"《情人博客》[MASK]一首歌曲，收录于专辑《罪过》"中[MASK]位置的文本是：	是歌手谢华演唱的
"8月，海岩《一场风花雪月[MASK]版权，经改编拍成电影呈现银幕47"中[MASK]位置的文本是：	的事》被高群书买下
"《青少年哪吒》是蔡明亮执导的[MASK]由李康生、陈昭荣主演"中[MASK]位置的文本是：	一部剧情片，
"这就不得不再一次提到于正版的《笑傲江湖》，男女演员的妆容、衣服、配饰和背景环境的颜色都很饱满和浓郁，每一帧[MASK]的颜色提亮很多"中[MASK]位置的文本是：	都像一副热情的画，就连颜值不够高的袁珊珊，在里面也被浓郁
"四校合并后，浙江大学的综合实力连续多年稳居全国高校前列，被中央领导誉为“高校合并成功的范例”[MASK]的基础，得到了中央、上级部门和全校师生员工的充分肯定和高度评价"中[MASK]位置的文本是：	，教育部称赞浙大的合并是“改革的先锋、发展的典范、全国高等教育改革和发展的一面旗帜”，为学校的进一步发展打下了坚实
"《关中[MASK]陕西新星影视制作有限公司出品，陈权执导，王茜华、苏廷石、舒耀瑄、李进荣主演的年代情感剧"中[MASK]位置的文本是：	女人》是由陕西恒泰集团、
"《沟通的艺术》作者：（美）罗纳德·B·阿德勒出版社：世界图书出版公司内容简介：本书分为“看入人里”、“看出人外”和“看人之间”三个部分[MASK]并分析了知觉与情绪在沟通中的重要性"中[MASK]位置的文本是：	：“看入人里”主要探讨了与沟通者有关的因素，说明了人际关系的本质，强调自我在沟通中的角色，
"认真的说[MASK]，林永健、陆剑民、海清等一起出演的谍战剧，吴秀波在里面饰演的地下党，角色把握很到位，这部剧也是评价很高，谍战剧中和《潜伏》算是一个档次的"中[MASK]位置的文本是：	的话，导演刘江010年出品的谍战剧《黎明之前》，是吴秀波开始被认可的时候
"里伯龙（[MASK]龙超目的一属，属于蛇颈龙目"中[MASK]位置的文本是：	属名：Libonectes）是鳍
"《养鸽记》是1993年[MASK]是于非厂"中[MASK]位置的文本是：	书目文献出版社出版的图书，作者
"作为中国女导演的杰出代表,当年在班中被起外号“女人比男人更凶残”的李少红巾帼不让须眉,1994年她凭借影片《红粉》摘得柏林[MASK]"中[MASK]位置的文本是：	电影节银熊奖,随后转战电视剧领域,《橘子红了》、《大明宫词》、《红楼梦》等剧也部部让人惊艳
"此外，邬靖靖还在与李沁、韩栋、张晨光合作主演的都市时尚剧《情满雪阳花[MASK]的夏梦洁4"中[MASK]位置的文本是：	》中饰演了性格独立且敢爱敢恨
"一、安邦发展掠影[MASK]2004年建立了第一家安邦财险公司，第2年分支机构就扩展到了22家，基本实现了全国范围内铺设"中[MASK]位置的文本是：	安邦保险最早拿到的是财产险牌照，在
"张岩，男，[MASK]1980年出生，黑龙江省大庆人，讲师，现就职于东北石油大学电气信息工程学院"中[MASK]位置的文本是：	汉族，
"林志颖[MASK]当时因为林志颖父亲的去世，他们没有将这个消息公开，到2013年他们才补办了婚礼"中[MASK]位置的文本是：	和陈若仪也是奉子成婚的，然而
"在此之前，还有明道的《[MASK]正加持也并没有让该剧大火，明道的代表作仍停留在《王子变青蛙》上"中[MASK]位置的文本是：	王的女人》，彼时的于
"日剧太阳照常升起剧情讲述的是：远野原本是警视厅搜查一课的干练刑警跑去当警察学校教官，三浦春马扮演的[MASK]爱妻都卷进了当初远野刑警时代没有解决的案件"中[MASK]位置的文本是：	则是从来没有尝到过失败痛苦生长在温室中的年轻训练生，结果一群人连远野的
"达步甲是[MASK]的一种昆虫"中[MASK]位置的文本是：	昆虫纲鞘翅目步甲科
"《解密档案》是由[MASK]、徐筠等主演的28集电视连续剧"中[MASK]位置的文本是：	俞钟导演，丁海峰
"我爱上了寂寞12作词：[MASK]编曲：冯丹演唱：波拉"中[MASK]位置的文本是：	翁新荣作曲：波拉
"胡歌2005年因[MASK]奇侠传》中成功塑造了豪爽深情的“李逍遥”一角而成名，并演唱插曲《六月的雨》《逍遥叹》而蜚声歌坛"中[MASK]位置的文本是：	在电视剧《仙剑
"斑足乌毛盲蝽是动物界，[MASK]"中[MASK]位置的文本是：	半翅目，异翅亚目
"《锦瑟桉年》是苏暖祭创作的网络小说，发表[MASK]小说网"中[MASK]位置的文本是：	于17K
"月亮的[MASK]2005年关咏荷主演的电视剧"中[MASK]位置的文本是：	秘密，
"人物履历李鸿远 1934年7[MASK]技术美学应用公司经理"中[MASK]位置的文本是：	月生，北京人，大学文化，四川华西
"[MASK]演唱的一首歌曲，收录在专辑《离开那个不爱你的人》，1992年2月1日发行"中[MASK]位置的文本是：	《南屏晚钟》是梁雁翎
"《贪婪人性》是百度文学旗下[MASK]小说已于2014-09-12正式发布"中[MASK]位置的文本是：	纵横中文网签约作家福林创作的一部都市生活小说，
"义乌市蓝箭衣架有限公司于2000年12[MASK]成立"中[MASK]位置的文本是：	月14日在义乌市市场监督管理局登记
"2013年8月21日早上8时左右，刘晓庆团队发表微博，王晓玉与刘晓庆2012[MASK]注册结婚"中[MASK]位置的文本是：	年已经
"地理位置雾灵山国家级自然保护区位于河北省北部承德市兴隆县境内,地理坐标东经117°17′～117°35′[MASK]′"中[MASK]位置的文本是：	,北纬40°29′～40°38
"《征服英语6000词》是2002年世界图书出版公司[MASK]张翔"中[MASK]位置的文本是：	北京公司出版的图书，作者是
"史料记载，朱见深两岁被立为太子时，[MASK]19岁的宫女万贞儿"中[MASK]位置的文本是：	开始服侍他的，是
"埃莫马利·拉赫蒙（塔吉克语：Эмомал[MASK]Эмомалӣ Шарифович Раҳмонов），1952年10月5日出生于库洛布，塔吉克斯坦政治家，自1992年起担任塔吉克斯坦总统至今"中[MASK]位置的文本是：	ии Раҳмон）旧名埃莫马利·拉赫莫诺夫（
"山西浩德龙酒业有限公司[MASK]的公司，公司位于山西太原市青年路15号融安商务四层"中[MASK]位置的文本是：	是一家专业经营酒类产品
"《三个奶爸》是由上海耀客传媒、华谊兄弟、博方文化、东阳荆棘鸟联合出品的都市情感剧，由刘恺执导[MASK]李倩等领衔主演12"中[MASK]位置的文本是：	，李晨、张歆艺、陈赫、张萌、田雷、
"付立霞，[MASK]，硕士，博士在读，扬州大学动物科学与技术学院讲师"中[MASK]位置的文本是：	男，1978年9月出生，湖北洪湖人
"《风中劲草》是一首1983[MASK]《迟来的春天》中与蔡国权合唱的歌曲"中[MASK]位置的文本是：	年，谭咏麟在专辑
"《相识过亦[MASK]郑国江作词，竹内玛利亚作曲"中[MASK]位置的文本是：	朋友》是林志美演唱的歌曲，由
"东印度公司成立于[MASK]南亚英属印度进行殖民掠夺的工具，是当时世界上最大的公司，该公司因对清朝贩卖鸦片，而为中国人所痛恨"中[MASK]位置的文本是：	1600年，是代表英国政府对
"锯胸脂鲤，为[MASK]目脂鲤亚目脂鲤科的其中一个种"中[MASK]位置的文本是：	辐鳍鱼纲脂鲤
"《护花[MASK]黄宗泽上演了一把“为何阿Sir是黑帮人物”的穿越桥段"中[MASK]位置的文本是：	危情》被观众发现TVB自摆乌龙，原来是演员
"甘鲜，女，汉族，1974年5月[MASK]，大学学历，湖北省兴山县人"中[MASK]位置的文本是：	2日出生
"《明天你好》是由中视传媒、强视传媒、绿城传媒联合出品的[MASK]王鸣飞导演，张睿、杨蓉、郑凯、夏花、李宜儒等领衔主演"中[MASK]位置的文本是：	都市时尚励志剧，由
"胡行健祖籍[MASK]村"中[MASK]位置的文本是：	平江县大坪乡大坪
"《未来的情人》是由严爵[MASK]一首歌曲，该曲收录在丁当2011年发行的专辑《未来的情人》中，是一首略带英伦摇滚风的慢版情歌"中[MASK]位置的文本是：	与黄婷作词，严爵作曲，丁当演唱的
"[MASK]人民币）领域：文化领域传奇影业在业界有着一定的影响力，代表作有宿醉、蝙蝠侠系列、盗梦空间等，近期在国内所上映的长城、魔兽世界等也是传奇影业的作品"中[MASK]位置的文本是：	笔者将在下文与各位一道来梳理和讨论：传奇影业收购方：万达集团收购时间：2016年收购金额：35亿美元（210亿元
"《[MASK]第三卷》是2008 年北京大学出版社出版的图书，作者是赵秉志"中[MASK]位置的文本是：	中国刑法典型案例研究·
"夏立华，女，汉族，1960年6月生，黑龙江勃利人，1984年[MASK]，天津大学管理学院工商管理专业研究生毕业，高级工商管理硕士学位（EMBA）"中[MASK]位置的文本是：	11月加入中国共产党，1982年8月参加工作
"除了[MASK]大军师司马懿之虎啸龙吟》、《空天猎》、《山河同在》、《凯撒》、《相思树》、《我的青春高八度》、《请你原谅我》、《抱着你是幸福的》、《四大名捕2》等"中[MASK]位置的文本是：	该剧，吴秀波的其他代表作品还有《祖宗十九代》、《四大名捕大结局》、《大道通天》、《道可道》、《爸爸去哪儿 第一季》、《大漠骠骑霍去病》、《
"朱凡，原名陆慧卿，祖籍浙江宁波，后[MASK]上海"中[MASK]位置的文本是：	举家迁居
"《春分之后》是2012年[MASK]，作者是夏目漱石"中[MASK]位置的文本是：	11月上海译文出版社出版发行的图书
"西点军校送给男孩的成长礼物是徐文钦所著2013[MASK]出版的书籍"中[MASK]位置的文本是：	-1
"腐朽是由陈绮贞作词作曲并且演唱的歌曲，收录在《华丽的[MASK]里面"中[MASK]位置的文本是：	冒险》专辑
"《网游之虚空法师》是连载[MASK]君许以梦"中[MASK]位置的文本是：	于17k小说网的网游小说，作者是待
"从[MASK]就看到哪里，在北京奥运女子双人3米板决赛中，有媒体甚至在看台上看到了霍家的“全家福”"中[MASK]位置的文本是：	多哈到北京，郭晶晶跳到哪里，霍启刚几乎
"紧接着，她拍了第二部偶像剧《海豚湾恋人》，这个剧本简直就像为她[MASK]亚洲新声音"中[MASK]位置的文本是：	量身打造的，易天边就是张韶涵，而张韶涵就是
"福建省伟志兴[MASK]在福建省南安市市场监督管理局登记成立"中[MASK]位置的文本是：	体育用品有限公司于1998年12月31日
"《倾城丑妃难再娶[MASK]倾叶雪创作的网络小说，发表于17K小说网"中[MASK]位置的文本是：	》是
"圣诞夜绵绵所属专辑[MASK]浪漫"中[MASK]位置的文本是：	是冬日
"《语境保山》是[MASK]是熊清华"中[MASK]位置的文本是：	2007年作家出版社出版的图书，作者
"7、许亚军 在[MASK]饰演公安厅长祁同伟"中[MASK]位置的文本是：	《人民的名义》里，许亚军
"人物简介王研，1973年生于吉林省长春市，[MASK]油画家，曾创作大量油画佳作在博物馆展出"中[MASK]位置的文本是：	中国知名
"《千年守墓人》，作者江南雨辰，是[MASK]小说网连载小说"中[MASK]位置的文本是：	17k
"12-- 重庆市巫溪县委常委、组织部长任免信息2016年12月[MASK]中国共产党巫溪县第十三届委员会召开了第一次全体会议，陈奎同志当选中国共产党巫溪县第十三届委员会常务委员"中[MASK]位置的文本是：	21日，
"由专注新媒体电影和网络剧制片的考拉娱乐工作室出品[MASK]我的美女总裁老婆》（又名：泡上美女总裁）是由知名导演魏冬雷和新一代制片人刘哲合力完成，由极富气质的青年演员卢倩文全力出演美女总裁角色"中[MASK]位置的文本是：	的系列青春爱情喜剧《
"剧情简介《龙裔黑帮之老虎》是2014年泰国3台黑帮系列剧中的第一部，电视剧[MASK]（Ananda）和kim kimberley"中[MASK]位置的文本是：	背景是上世纪50年代的泰国唐人街的黑帮，主演阿南达·爱华灵咸
"大家记不记得TVB剧《铁马寻桥》一班演员，[MASK]黄嘉乐同唐诗咏呀"中[MASK]位置的文本是：	郑嘉颖、马国明、林子善、
"戴荃于2016年3月28[MASK]版"中[MASK]位置的文本是：	号推出了《上海三月》先行
"葛优，1957年4月19日出生于北京，中国内地男演员，国家一级演员.1992年因电视剧[MASK]而成名"中[MASK]位置的文本是：	《编辑部的故事》中饰演的李冬宝一角
"44:03音乐原声参考资料：1415幕后花絮1：自2010年至2013年，上野树里时隔三年时间再次回归银幕，与松本润共同出演三木孝浩导演的电影《向阳处的她》，[MASK]"中[MASK]位置的文本是：	这是两人的首次银幕合作
"《投资学[MASK]机械工业出版社出版的图书，作者是滋维·博迪"中[MASK]位置的文本是：	（原书第5版）》是2002年10月
"《另一个孤独的歌者》是[MASK]，由花粥和张艺德共同作词作曲"中[MASK]位置的文本是：	花粥和张艺德演唱的一首歌曲
"在2011[MASK]宫锁心玉》杨幂在里面饰演晴川，这部剧让杨幂一夜成名"中[MASK]位置的文本是：	年初，由于正和湖南卫视的携手打造清朝穿越剧《
"[MASK]年，由著名艺术教育家、原中央戏剧学院表演系主任梁伯龙教授领衔教学，中国老教授协会文化艺术专业委员会教学支持"中[MASK]位置的文本是：	北京星城艺术培训中心成立于2001
"《变色龙》是香港流行男歌手陈奕迅的一首粤语歌曲，由周耀辉作词，王双骏[MASK]演唱"中[MASK]位置的文本是：	作曲，陈奕迅
"3月26日，阿沙·巴特菲尔德与艾玛·汤普森出演由苏珊娜·怀特执导的电影《魔法保姆麦克菲2》[MASK]饰演诺尔曼（Norman）15116"中[MASK]位置的文本是：	在英国上映，在剧中
"2009年8[MASK]史兰芽、田晓洁主演的刑侦剧《铁骨芳心》中饰演张云"中[MASK]位置的文本是：	月，在
"《[MASK]是2001年由浙江大学出版社出版的图书，作者是王旭烽"中[MASK]位置的文本是：	 瑞草之国》
"《幸福的抉择》是由[MASK]广告有限公司联合出品的爱情剧，由郑伟文执导，刘心悠、蓝正龙、杨贵媚、邵美琪等主演"中[MASK]位置的文本是：	台湾TVBS与吉羊
"[MASK]人民文学出版社出版的图书，作者是程麻"中[MASK]位置的文本是：	《零距离的日本》是2007年
"《综漫之王者降临[MASK]创作的网络小说，发表于17K小说网"中[MASK]位置的文本是：	》是闇夜无伤
"高文彬，男，汉族，1978年7月生，大学学历，中共党员，2000年7月参加工作，现任南腊中学副校长[MASK]"中[MASK]位置的文本是：	，中共勐仑镇党委委员、副书记（挂职）
"姓名：胡应平所属学科：建筑系 职称：教授，国家一级注册建筑师 出生年份：1961年 出生地：北京 政治面貌：[MASK]时间：1988年"中[MASK]位置的文本是：	群众 学历：硕士研究生 毕业学校：清华大学建筑学院 毕业
"罗添导 男，1955年[MASK]人"中[MASK]位置的文本是：	3月生，广东兴宁市
"从1978年9月28日创立以来，从轻纺明星企业，到微波炉“[MASK]中国制造在国际市场上的一张名片"中[MASK]位置的文本是：	黄金品牌”，再到综合性白色家电集团，格兰仕一直是
"个人画展1987年，中国美术家协会[MASK]在成都举办《于成松画展》"中[MASK]位置的文本是：	四川分会
"心灵风暴是一部关于救赎吸毒者的电影[MASK]导演，练束梅、孙茜、朱晓渔等主演"中[MASK]位置的文本是：	，由金舸
"王秋明，1993 年 1 [MASK] 9 日出生于天津，司职中场"中[MASK]位置的文本是：	月
"德鲁伊和魔蜂  作者: (爱尔兰)埃迪·勒尼汉 著 / 阿兰·克拉克 插图  出版社: 上海译文出版社[MASK]: 2014-5  页数: 124页  定价: 49"中[MASK]位置的文本是：	  译者: 李剑敏  出版年
"米兰芳，女，汉族，1965年10月生，大学本科学历，1988年7[MASK]工作，中共党员，山西平遥人"中[MASK]位置的文本是：	月参加
"《在木叶的旅行》[MASK]连载于起点中文网的一本小说，作者是伦游"中[MASK]位置的文本是：	是
"《泡沫之夏》（Summer Desire），是2010年由[MASK]的偶像剧，何润东兼任制作人"中[MASK]位置的文本是：	江丰宏、张博昱执导，徐熙媛、何润东、黄晓明主演
"邱向东，汉族，[MASK]工商管理硕士，2002年4月加入中国共产党，1991年7月参加工作"中[MASK]位置的文本是：	1968年5月出生，四川遂宁人，西南财经大学工商管理专业，研究生文化，
"《网游之炎黄[MASK]签约作家不二微创作的一部虚拟网游小说，小说已于2014-08-06正式发布"中[MASK]位置的文本是：	神话》是百度文学旗下纵横中文网
"《甄嬛传》由郑晓龙导演[MASK]等人主演，情节曲折，丝丝入扣，可以说是清代宫廷宫斗剧的一个传奇神话"中[MASK]位置的文本是：	，孙俪、陈建斌、蔡少芬、蒋欣
"个人作品王凌早年为曹操的丞相掾属，与曹操一起完成《孙子兵法集注》，23晚年与司马懿有书信一封，[MASK]"中[MASK]位置的文本是：	收录于《全三国文》，被称作《与太傅司马宣王书》
"刘涛因为和现任王珂都[MASK]"中[MASK]位置的文本是：	是二婚
"《忘不了》是[MASK]、李亨善编剧，高伟导演的家庭类电视剧，该剧由孙宁、王学兵、归亚蕾等主演"中[MASK]位置的文本是：	由孙昌珉
"《万里长城》是2014年[MASK]执导，亨利·卡维尔 、章子怡等主演"中[MASK]位置的文本是：	上映的美国、中国悬疑剧情电影，由爱德华·兹威克、张艺谋
"《苏维埃国家[MASK]2012-04-01中国少年儿童新闻出版总社出版的图书，作者是段启增"中[MASK]位置的文本是：	的创建者：列宁（成长必读）》是
"《[MASK]潘美辰演唱的一首歌，收录于《最冷的夏天》"中[MASK]位置的文本是：	我情愿不知道》是
"《离开军营[MASK]执导的连续剧，深圳市鼎山文化发展有限公司发行"中[MASK]位置的文本是：	的日子》是于庚庚
"吕占峰，中国地质大学（武汉）[MASK]兼职研究员"中[MASK]位置的文本是：	高等教育
"个人简历陈本友2，男，中共党员，汉族，1972年1[MASK]"中[MASK]位置的文本是：	月生，山东潍坊人
"《落叶纷纷》是一首由罗大佑创作、张艾嘉演唱的歌曲，收录在[MASK]"中[MASK]位置的文本是：	专辑《童年》中
"被导演丁黑选中出演爱国主义题材剧《冯子材》，在剧中饰演[MASK]清新的角色，而这也是她参演的首部电视剧"中[MASK]位置的文本是：	一个单纯善良质朴
"涂英建，男，汉族，1975年3月[MASK]1997年8月参加工作，大学学历，现任武义县纪委办公室主任"中[MASK]位置的文本是：	出生，浙江武义人，中共党员，
"开播日期播出平台播出时段接档被接档全网独播2014年6月15日湖南卫视每周日晚22:00《唱·战记》《不一样的美男子》芒果TV2016年6月24日[MASK]青春大本营》待定优酷收视情况以下是《懂小姐》在湖南卫视《青春星期天》首播收视率"中[MASK]位置的文本是：	优酷每周五晚更新一集《
"王晶导演表示：“《[MASK]不仅有美女毒如蛇蝎之心肠，更有毒"中[MASK]位置的文本是：	龙迷凤店》中，
"李晟，1985[MASK]日出生在湖南省邵阳市邵东县，毕业于湖南工业大学"中[MASK]位置的文本是：	年9月10
"海口善之缘书画艺术有限公司于2013年11月04日在[MASK]"中[MASK]位置的文本是：	海口市工商行政管理局登记成立
"基本信息演唱歌手：曾心梅  　　所属专辑：曾心真意 [MASK]-FEET　　My,myforest"中[MASK]位置的文本是：	 歌曲名称：爱我三分钟歌词作词:TAKUMA　　作曲:TAKUMA　　编曲:10
"《火影之袖手天下》是千里一瞬[MASK]网络小说，发表于17K小说网"中[MASK]位置的文本是：	星辰创作的
"《海洋经济学教程》海洋经济学教程——海洋与经济管理丛书 [MASK]ISBN: 9787505833753  出版社: 经济科学出版社  定价: 25"中[MASK]位置的文本是：	 作者: 徐质斌等编  
"汕头籍画家陈孙智，上[MASK]末于广州美术学院油画系毕业"中[MASK]位置的文本是：	世纪80年代
"中国民族旅行社成立于1990年，直属于[MASK]，是中国旅游协会会员、中国旅行社协会理事单位"中[MASK]位置的文本是：	中国最大的旅游集团，首都旅游集团
"《解密》改编自麦家的同名小说，由华策影视出品，安建执导[MASK]陈学冬、颖儿、经超、张哲瀚、郭京飞、印小天、安以轩等人主演的青春励志谍战剧"中[MASK]位置的文本是：	，冯骥编剧，
"推荐指数：四星第四部周星驰电影版《唐伯虎[MASK]的喜剧电影"中[MASK]位置的文本是：	点秋香》一部经典又百看不厌
"2014年，陈思诚自编自演自导的第一部电影《北京爱情故事》于2月14号[MASK]"中[MASK]位置的文本是：	情人节上映，而且以1.02亿的高票房创下了历史纪录
"9月6日，根据何香凝临终前的遗愿，由邓颖超、刘斐[MASK]合墓，葬于中山陵旁的廖仲恺何香凝墓"中[MASK]位置的文本是：	、朱蕴山以及廖梦醒、廖承志、经普椿等人专程护送灵柩至南京，与廖仲恺
"3、刘德华、关之琳刘德华和关之琳合作13次:《傲气雄鹰》《至尊无上》《最佳损友闯关情》《整蛊专家》《九二神雕侠侣》《真假威龙》《大冒险家》《群龙夺宝》《侠圣》《二分之一次同床》《蓝血人》《龙神太子》4、刘德华、邱淑贞邱淑贞有传曾是王晶的女朋友，因此跟刘德华拍了大量的王晶[MASK]》《五亿探长雷洛传2之父子情仇》等"中[MASK]位置的文本是：	电影，如《最佳损友》、《最佳损友闯情关》、《五亿探长雷洛传之雷老虎
"《2014考研英语题库系列-英译汉必练101篇（最新版）》是世界图书出版公司出版的图书，作者是[MASK]研究委员会"中[MASK]位置的文本是：	全国硕士研究生入学统一考试
"陈冠蒲随即发行[MASK]，以《穿越时空的爱恋》主题曲《太多》和片尾曲《就让你走》为主打曲"中[MASK]位置的文本是：	个人第一部专辑《就让你走》
"由张国强作词，波拉作曲并演唱的歌曲《二胎》反映了一些70[MASK]歌曲朴实无华，上口易于传唱"中[MASK]位置的文本是：	后80后家庭所面临的喜悦与困扰，
"《冰上恋人》（プライド[MASK]22日期间播放的冰球类爱情电视连续剧"中[MASK]位置的文本是：	）是日本富士电视台于2004年1月12日至3月
"当年林夕为[MASK]台词：I am what I am,让林夕写一首关于“我”的词"中[MASK]位置的文本是：	张国荣写《我》，就是因为张国荣打了一个电话给他，说了电影里的一句
"女主角《银河护卫队》（Guardians of the Galaxy）是一部2014年的超级英雄电影，基于漫威2008年亮相的现代版漫画改编，是漫威[MASK]作品"中[MASK]位置的文本是：	电影宇宙第十部影片、也是第二阶段的第四部
"《万花筒里的世界》是一部[MASK]"中[MASK]位置的文本是：	电视剧，导演是校强
"《[MASK]的小说《文学部唯野教授》译成中文出版"中[MASK]位置的文本是：	穿越时空的少女》，几年前，原作者筒井康隆
"土耳其伊斯坦布尔意大利白云石山脉意大利撒丁岛美国国会大厦美国旧金山金门大桥美国俄勒冈州波特兰市[MASK]希腊雅典卫城广东番禺澳大利亚弗里曼特尔港口中国北京"中[MASK]位置的文本是：	会展中心西班牙科尔多瓦的Almodovar城堡美国西雅图宁夏银川黄河大桥上美国新奥尔良圣路易斯大教堂北京紫禁城角楼
"刺（[MASK]是指环虫目指环虫科厚皮虫属动物"中[MASK]位置的文本是：	鱼旁）（鱼皮）厚皮虫
"林泽龙出生于1941年[MASK]湖南省石门县，中共党员，大学本科毕业"中[MASK]位置的文本是：	3月，祖籍
"商科[MASK]研发和计算机硬件及周边设备、生产及销售的国家高新技术企业"中[MASK]位置的文本是：	集团11994年成立于广州，是一家从事消费数码电子产品
"她[MASK]导演张彻赏识，成为邵氏基本演员，月薪五百元，成为张彻的干女儿，并出演《射雕英雄传》的穆念慈"中[MASK]位置的文本是：	于一个试镜会上获
"《弗洛伊德传（上下）[MASK]，作者是彼得·盖伊，龚卓军，高志仁，梁永安"中[MASK]位置的文本是：	》是由鹭江出版社出版于2006-06-01的一部图书
"周杰伦还在那首“听妈妈的话”里面唱道“因为[MASK]唱《吻别》”"中[MASK]位置的文本是：	张学友开始准备
"《财神[MASK]所属专辑：《福泰源》，填词和谱曲同为林龙"中[MASK]位置的文本是：	来到我家门》
"“女孩名叫田雨苗，1996年1月8[MASK]协和学院护理学院，8月17日20时31分从沈阳北站乘坐K704到达济南下车，19日又坐K67次到达安徽淮北"中[MASK]位置的文本是：	日出生，就读于山东
"《我的左右王子》是毛丫头创作的网络小说[MASK]"中[MASK]位置的文本是：	，发表于17K小说网
"[MASK]我想唱歌给你听》（《帝都》系列电影第一季推广曲）"中[MASK]位置的文本是：	演唱：萌萌哒天团1LRC歌词《
"韩嘉谟[MASK]为中国清朝武官官员"中[MASK]位置的文本是：	
"于[MASK]，汉族，辽宁大学工商管理学院工会主席"中[MASK]位置的文本是：	锦华，性别女
"《现在，很想见你》（いま、会いにゆきます），是日本[MASK]7月3日首播的电视剧"中[MASK]位置的文本是：	TBS电视台于2005年
"《单人床双人房》是由莫文蔚演唱的一首歌，出自[MASK]金曲精选》"中[MASK]位置的文本是：	《超级
"2009年刘晓洁与徐洪浩[MASK]结婚"中[MASK]位置的文本是：	登记
"[MASK]日至6月21日期间，每周一晚上20:00（月8档）播出的电视剧"中[MASK]位置的文本是：	《危险放课后》是朝日电视台于1999年4月12
"刘彩，[MASK]，硕士研究生，2005年6月毕业于华中师范大学"中[MASK]位置的文本是：	女，中共党员，讲师
"分集剧情以上资料来自6演职员表[MASK]致命追踪》中动作量很大，远远超乎他的想象，但他在戏中几乎没用到替身3"中[MASK]位置的文本是：	演员表职员表参考资料4角色介绍参考资料9幕后花絮从来没拍过这么惊险的戏钱泳辰，在《
"[MASK]主演了姜文的电影代表作《阳光灿烂的日子》，凭借这部作品获得了金马奖最佳女主角提名，24岁的时候主演了《红河谷》获得百花奖最佳女主角，之后宁静与美国演员保罗克赛相识相恋，最后结婚，有了儿子"中[MASK]位置的文本是：	宁静出道的时候18岁，出道便开始拍戏，23岁的时候
"谷从举，[MASK]于杭州商学院，大学本科"中[MASK]位置的文本是：	男，高级讲师，毕业
"《寿命分布类与可靠性数学理论》是1999-09-01科学出版社出版的[MASK]程侃"中[MASK]位置的文本是：	图书，作者是
"商丘市锐誉电子科技有限公司于[MASK]月28日在商丘市工商行政管理局梁园分局登记成立"中[MASK]位置的文本是：	2016年3
"00元　　丛书:张恨水小说集　　ISBN:9787224084207[MASK]婢女落霞解围，给她留下深刻的印象"中[MASK]位置的文本是：	内容简介《落霞孤鹜》故事中民国初年，革命党人江秋鹜偶然帮受主人虐待的
"据ESPN著名记者Woj爆料，饱受右腿股四头肌炎症困扰的圣安东尼奥马刺队当家球星科怀-伦纳德目前正面临着艰难的选择：由于无法评估伤病对于未来职业生涯的影响，伦纳德的经纪人团队与球队高层在能否出场的问题上发生了分歧，在无法达成一致的情况下，马刺队高层已经要求球员在[MASK]伦纳德在本赛季回归的可能性持有“惊讶”的态度"中[MASK]位置的文本是：	未来比赛中做好伦纳德长期缺阵的准备，而主帅波波维奇也公开表示对
"随后，陈松年夫妇带着祖母谢氏和刚满1岁的大女儿长玮从安庆乘船[MASK]见到了刚刚获释的父亲陈独秀和与自己年龄相仿的继母潘兰珍"中[MASK]位置的文本是：	到武汉，
"凯利易方[MASK]月14日在广州市工商行政管理局登记成立"中[MASK]位置的文本是：	资本管理有限公司于2015年12
"这首《半兽人》是周杰伦[MASK]与周杰伦一贯天马行空不拘一格的创作风格吻合，深得E时代年轻人欢心"中[MASK]位置的文本是：	为他代言的电脑游戏《魔兽争霸三》所谱写的主题歌，
"《乔我[MASK]由乔洋演唱的歌曲"中[MASK]位置的文本是：	这样》是一首
"流量小花郑爽[MASK]一起来看流星雨》正式出道，这些年也是作品不断，更是热搜的常客"中[MASK]位置的文本是：	2009年出演偶像剧《
"赵现[MASK]文(1917"中[MASK]位置的文本是：	
"王昌坤出生于江苏省徐州沛县龙固镇1993年1月28日[MASK]，挺身而出，经过十多分钟的奋力抢救，成功将欲寻短见的女子救上岸"中[MASK]位置的文本是：	，他因与初中同学在云龙湖游玩时,面对跳湖轻生女子
"阎评，男[MASK]出生，宁夏银川人，中央党校研究生学历1"中[MASK]位置的文本是：	，回族，1961年3月
"李易峰、景甜和江疏影表演歌曲《赞赞新时代》周杰伦的《告白[MASK]杨洋首次合作，不知道会擦出什么火花"中[MASK]位置的文本是：	气球》王菲那英再次合体王凯
"锡林郭勒盟蒙古中学简称锡盟[MASK]民族中学，1980年3月，定为自治区34所重点中学之一"中[MASK]位置的文本是：	蒙中，建于1953年9月，是锡盟草原上第一所
"陈力，1993年毕业于西南师范大学，现在在[MASK]，主要从事药物制剂及临床应用研究"中[MASK]位置的文本是：	西南大学药学院任教
"Jinny第二张个人大碟《蓝天空》收录八首粤语新作，包括一系列恋爱深情之作「第一天失恋」、「若要人不知」、「我没有伤心」，以及Cash[MASK]you go」和重新演译梅艳芳名曲「装饰的眼泪」"中[MASK]位置的文本是：	流行曲创作大赛作品「Can  let 
"著名歌手徐千雅的最新单曲《最美的[MASK]热潮"中[MASK]位置的文本是：	山》再度掀起旅游
"《狂僧》是由一千零一页[MASK]该文长居点击首榜，已签约上架"中[MASK]位置的文本是：	小说网作家古蝎所著的新派武侠小说，
"“风情园”的创办[MASK]草原之夜》词、曲作家张加毅、田歌的一致赞赏和大力支持：田歌曾亲临指导，为其出谋划策"中[MASK]位置的文本是：	，得到了《
"刘义庆（公元403—公元444），字季伯，汉族，原籍彭城[MASK]，世居京口（今江苏镇江），南朝宋文学家"中[MASK]位置的文本是：	（今江苏徐州）
"企业简介石家庄市公共交通总公司是石家庄市属[MASK]领导张玉锁"中[MASK]位置的文本是：	国有企业，
"《寂寞起舞》是一首由蓝雨演唱的歌曲，填词者是佐佴[MASK]是子夜的钟声"中[MASK]位置的文本是：	，谱曲者
"秦裕辉，男，汉族，湖南武冈人，1962年08月生，研究生学历[MASK]，中共党员，享受国务院政 府特殊津贴专家"中[MASK]位置的文本是：	，医学硕士研究员
"《口的形状》是台湾歌手林宥嘉演唱并作词作曲的一首歌曲，收录于林宥嘉2014发行的《口的形状[MASK]会同名歌曲"中[MASK]位置的文本是：	》EP，也是其2014年第三次巡回演唱
"常州市高源极草医药科技有限公司于2012[MASK]月28日在常州市工商行政管理局登记成立"中[MASK]位置的文本是：	年03
"《蔚蓝深海》是一部由特伦斯·戴维斯执导，蕾切尔·薇姿、汤姆·希德勒斯顿和西蒙·拉塞尔·比尔等联袂[MASK]"中[MASK]位置的文本是：	出演的爱情电影
"歌曲介绍《[MASK]找你》中，由英皇娱乐集团有限公司2007年11月23日出版并发行"中[MASK]位置的文本是：	真的哭了》收录于林峯首张专辑《爱在记忆中
"4、《我是真的爱上你》《我[MASK]是王杰演唱的一首粤语歌曲，由汤小康、刘杰胜填词，汤小康编曲，收录于王杰2002年发行的专辑《爱与梦》中"中[MASK]位置的文本是：	是真的爱上你》
"《惊心动魄》是[MASK]恐怖电影，由方中信，钟丽缇主演"中[MASK]位置的文本是：	邱礼涛执导的香港
"梁思顺（1893—1966），[MASK]娴，诗词研究专家， 梁启超长女"中[MASK]位置的文本是：	字令
"《异界重生之武临天下》是连载于[MASK]的一部玄幻类小说，作者是洁白是大爷"中[MASK]位置的文本是：	起点中文网
"《考研英语分项复习备考[MASK]2005年北京航空航天大学出版社出版的图书，作者是张沛"中[MASK]位置的文本是：	大全》是
"3、《新情深深雨濛濛》从2016年开始，网络上就一直有传将翻拍经典琼瑶剧《情深深雨濛濛》[MASK]会有伤害，当初主演的赵薇、苏有朋、林心如都已经成一线明星了"中[MASK]位置的文本是：	，而女主剧依萍的扮演者就是当红小花赵丽颖，这一传言早已被证实，这次翻拍经典很多人为颖宝捏了一把汗，毕竟经典很难被超越，有对比就
"沈月生日快乐，[MASK]单纯的小美好》陈小希一角初露光芒，圈粉无数"中[MASK]位置的文本是：	2017年出演青春校园网剧《致我们
"另外还有一部瞎眼版小龙女则是2013年陈晓、陈妍希版《神雕侠侣》，陈晓、陈妍希版《神雕侠侣》，于正大妈所改编的《神雕侠侣》不知让你们感受[MASK]女主陈妍希本根本与神仙姐姐的样子不符"中[MASK]位置的文本是：	到了耀眼的光芒了吗，反正小编感受到了增加了，把一部武侠片俨然改成了一部爱情片，而
"《如此多娇》是由中央电视台文艺中心影视部立项指导，[MASK]《江山》的续集，由马骁执导，鲍国安、吴晓敏、邢宇飞、王同辉等主演1"中[MASK]位置的文本是：	中国网络通信集团公司独家投资，北京华胄文化发展有限公司于2004年承制的电视剧，改编自邓一光的同名小说，是电视剧
"里卡多·高拉特·佩雷拉（Ricardo Goulart Pereira），1991年6月5日出生于巴西圣保罗州[MASK]"中[MASK]位置的文本是：	1，身高178cm2，体重72kg2，巴西足球运动员，现效力于广州恒大淘宝足球俱乐部
"基本简介鹰科(Accipitridae)在生物分类学上是鸟纲中的[MASK]一个科"中[MASK]位置的文本是：	隼形目中的
"而郑爽在韩国人气倍增的一年是在2016年，因为饰演了[MASK]的贝微微，这部剧在韩国也非常的热播，致使郑爽在韩国的人气一路上涨"中[MASK]位置的文本是：	《微微一笑很倾城》中
"《横行太保(03)》是2004[MASK]的图书，作者是梅泽春人"中[MASK]位置的文本是：	年尖端出版社出版
"很多人吐槽于正导演翻拍的那部《笑傲江湖》，说实话确实比不上黄健中[MASK]李亚鹏、许晴主演的那部"中[MASK]位置的文本是：	导演，
"南昌新时食品有限公司于[MASK]13日在南昌市市场和质量监督管理局登记成立"中[MASK]位置的文本是：	2007年09月
"《飘香剑雨》是根据古龙同名小说改编的古装武侠剧，主要讲述了亦正亦邪的神秘高手伊风因飘香一剑，与白衣女侠孙敏等[MASK]，成长为救世英雄的故事"中[MASK]位置的文本是：	聚贤山庄侠客结缘，携手对抗天争教
"《章太炎全集》（全20册），上海人民出版社编，王仲荦、姜亮夫、徐复、章念驰、王宁、马勇等整理，上海人民出版社2018年1月[MASK]，也是难事"中[MASK]位置的文本是：	出版，2800.00元当年余杭区委宣传部王姝部长等专程去北京邀许嘉璐先生出任学术委员会主任时，许先生说：“出太炎先生全集是大事
"《CI教学与设计》是2012年[MASK]出版社出版的书籍，作者是李凯"中[MASK]位置的文本是：	1月在中国水利水电
"安东尼·范·迪门（荷兰语：Antonio van Diemen，1593年出生于荷兰库伦博格，1645年4月19日逝世于巴达维亚）为任期[MASK]的奠基者"中[MASK]位置的文本是：	自1636年至1645年间的荷属东印度总督，是巩固荷兰在远东殖民力量
"[MASK]，收录于专辑《龙飘飘金曲荟萃》中"中[MASK]位置的文本是：	《不想你》是龙飘飘演唱的歌曲
"饰演者尚语贤，1994年[MASK]，毕业于北京电影学院"中[MASK]位置的文本是：	7月28日出生于四川省，中国内地女演员
"[MASK]芬芳誓言》，显示出导演王晓棠的魄力"中[MASK]位置的文本是：	全部由非职业演员参与拍摄的《
"《潇窈剑》是连载于17k小说网[MASK]"中[MASK]位置的文本是：	的网络小说，作者是沈天擎
"人物履历[MASK]鄱阳人，大学学历，1988年4月参加工作，1991年4月加入中国共产党，现任万年县委常委、常务副县长"中[MASK]位置的文本是：	刘德年，男，汉族，1970年1月出生，江西
"专辑[MASK]的《I'm Still in Love》被选为好莱坞文艺片《美国情缘》中文主题曲"中[MASK]位置的文本是：	收录了由周杰伦为李玟量身制作的中西合璧式的歌曲《刀马旦》，由李玟亲自填词
"《盗墓之王[MASK] 、赵纯阳等主演的内地悬疑电视剧"中[MASK]位置的文本是：	》是由高景文执导，辛柏青 、徐筠 、曹培昌
"温江星元素足球队成立于[MASK]谢菲联拥趸创立，于2013年9月起正式开始了在成都市温江区业余足球界中的闯荡生涯"中[MASK]位置的文本是：	2013年6月，前身为温江蜀川足球队，由一群身处温江的成都
"宋志平，1956年10月[MASK]毕业于河北大学化学系，1995年获得了武汉理工大学工商管理硕士学位，2002年获华中科技大学管理工程博士学位"中[MASK]位置的文本是：	出生，1979年
"《复变函数论[MASK]图书，作者是钟玉泉"中[MASK]位置的文本是：	》是高等教育出版社出版的一本
"半圆棕毒蛾，Ilema[MASK]亚科棕毒蛾属的一种昆虫，分布在四川（康定），云南（丽江，下关）"中[MASK]位置的文本是：	 semicirculosa (Gaede，1932)，属于鳞翅目，毒蛾科古毒蛾
"小七指报春（[MASK]报春花科的一种植物"中[MASK]位置的文本是：	变种），属报春花目、
"徐金培 [MASK]医疗本科，医学学士，从事临床医学18年，业精品高，有扎实的医学基础及丰富的临床经验，自1990年往广州呼吸疾病研究所进修一年呼吸内科专业"中[MASK]位置的文本是：	 呼吸内科副主任医师1982年毕业于中山医学院
"帕米尔[MASK]科啮齿目哺乳动物"中[MASK]位置的文本是：	松田鼠是仓鼠
"7月，陈好[MASK]貂蝉一角获第五届韩国首尔国际电视节中国区最佳女演员提名"中[MASK]位置的文本是：	凭借《三国》
"赵栋栋无代表图像  姓名[MASK]7月12日 身高：185cm 体重：75kg 场上位置：后卫 场上编号：35 所属团队： 曾效力团队：厦门蓝狮"中[MASK]位置的文本是：	：赵栋栋 英文名：Zhao Dong Dong 性别：男 国籍：中国 出生城市：厦门 出生日期：1983年
"《痴痴的爱》是连载于17k小说网的一部[MASK]作者是花儿笑盈盈"中[MASK]位置的文本是：	历史传奇小说，
"《步步惊魂》是汪海林自导、参与编剧[MASK]、肖涵联决主演"中[MASK]位置的文本是：	的电视剧，由牛青峰、熊乃瑾、朱泳腾、姜华
"荣毅仁是[MASK]岁时从上海圣约翰大学历史系毕业，此后开始辅佐父亲经营家族企业"中[MASK]位置的文本是：	江苏无锡人，21
"[MASK]、雨量充沛，具冬暖、夏热、秋长的气候特点"中[MASK]位置的文本是：	7气候特征渝中区属亚热带季风气候，气候温和、四季分明
"推荐书目[MASK] 奶娘》作者：申晓 著出版社：上海人民出版社推荐理由：申晓，当代作家，陕北米脂人"中[MASK]位置的文本是：	：《
"蓝脊凸顶跳甲是属鞘翅目、叶甲科、跳甲亚科[MASK]下一个物种"中[MASK]位置的文本是：	、
"武汉市胜达电力工程安装有限公司于2007年05月30[MASK]管理局登记成立"中[MASK]位置的文本是：	日在武汉市黄陂区市场监督
"《小天师》是一本[MASK]起点中文网的小说，作者是蠕动的奶牛"中[MASK]位置的文本是：	连载于
"《异界阴阳师》是[MASK]，发表于17K小说网"中[MASK]位置的文本是：	风尘浪子创作的网络小说
"杜陀：1953年[MASK]毕业于哈工大自动控制专业"中[MASK]位置的文本是：	9月考入哈尔滨工业大学，1959年8月
"《韩舞大帝》是帅酷[MASK]于起点网"中[MASK]位置的文本是：	创作的网络小说，发表
"《上海店面设计》是2004[MASK]科学技术出版社出版的一本图书"中[MASK]位置的文本是：	年1月辽宁
"《逆鳞龙神》[MASK]郝昊创作的网络小说，发表于17K小说网"中[MASK]位置的文本是：	是
"佛山市华宏诚不锈钢有限公司[MASK]广东省佛山市澜石，主要从事于不锈钢制品加工、定制领域"中[MASK]位置的文本是：	成立于2014年，位于
"《人生若如初相见》里的邹廷威饰演的易连慎，比徐正曦饰演的潘箭迟还要吸引粉丝，帅气的军人，对自己的太太比较忠诚，关键是特别霸气，小白比较喜欢徐正曦[MASK]还有就是邹廷威的易连慎，你们怎么看"中[MASK]位置的文本是：	在《独孤天下》中的宇文护，因为宇文护也是一个霸气男主，
"黄小柔则在组合解散[MASK]，主演了偶像剧《终极一家》，也出演了电影《美男计》，一直都活跃在大荧幕上"中[MASK]位置的文本是：	后，先后和飞轮海合作了《终极一班》
"徐洽（1497[MASK]字悦中，又字恒修，号云岐直隶江阴（今江苏江阴市）人"中[MASK]位置的文本是：	—1564），
"著名的美国动画片《海绵宝宝》中，[MASK]一个女儿，名字叫珍珍"中[MASK]位置的文本是：	蟹老板有
"尔冬升是香港影坛的全能型[MASK]红过不少新人，其中以《新不了情》让袁咏仪成为金像奖影后、《色情男女》令舒淇转型成功最有名"中[MASK]位置的文本是：	电影人，他的电影捧
"《杨朔散文选》是2009年[MASK]是杨朔"中[MASK]位置的文本是：	中国出版集团，人民文学出版社出版的图书，作者
"[MASK]山楂树之恋》中的女主角静秋迅速进入国民视线，成为“谋女郎”之一"中[MASK]位置的文本是：	【二】8年前，18岁的周冬雨因为出演张艺谋《
"林瑞珠，女，1967年出生[MASK]台湾科技大学副教授"中[MASK]位置的文本是：	，台湾省基隆市人，
"《再次出发》是《曾经》导演约翰·卡尼的最新力作，这部爱情喜剧电影由凯拉·奈特莉、马克·鲁法洛[MASK]联袂主演"中[MASK]位置的文本是：	、亚当·李维
"5月14日，与陈小春合作主演的年代传奇剧《精武陈真》播出[MASK]方志欣29"中[MASK]位置的文本是：	，董洁在剧中饰演文武双全、不卑不亢的馆馆主的女儿
"温兆伦 - [MASK]     温兆伦 - 为我守候        词:陈大力 曲:陈大力/陈秀男        编曲:RICKYHO"中[MASK]位置的文本是：	为我守候        专辑:   
"《往日的时光》是邓丽君演唱的一首歌曲，该曲目收录在她1970[MASK]专辑《玫瑰姑娘》中"中[MASK]位置的文本是：	年8月发行的
"148厘米的身高，39公斤的体重，即使在体操运动员[MASK]爆发力，以及身体的柔韧性与协调能力"中[MASK]位置的文本是：	当中也显得稍显瘦小，但身材如此娇小的张楠，却有着出色的力量和
"《最后的三拍步》是由蓝奕邦作词作曲，许志安演唱的音乐单曲，收录在《On and [MASK]里"中[MASK]位置的文本是：	On》专辑
"（北京市政协委员、二十一世纪实验幼儿园总园长朱敏） 朱校长在采访[MASK]，个体的人有可能擅长其中的某些方面，而不擅长另一些方面"中[MASK]位置的文本是：	中，提到了美国哈佛大学教育研究院的心理发展学家霍华德·加德纳的多元智能理论，人类拥有很多种智力
"3吉列Gillette吉列(Gillette)是国际[MASK]“吉列之父”金·吉列(KingC.Gillette)于1901年创办"中[MASK]位置的文本是：	有名的剃须护理品牌，是由
"闫海清，[MASK]，86级河北机电学院材料系锻压工艺及设备专业毕业生，1990年，闫海清被分配到保定农机厂工作"中[MASK]位置的文本是：	保定涞水人
"水中莲演唱：林子祥作词：郑国江原曲[MASK]编曲：chris babida"中[MASK]位置的文本是：	：渔舟唱晚
"上海翰思家具有限公司于[MASK]31日在闵行区市场监督管理局登记成立"中[MASK]位置的文本是：	2011年3月
"《木质[MASK]出版社出版的图书，作者是张庆禄"中[MASK]位置的文本是：	年华》是2011年华夏
"《潮起潮落》是1992年的中国电视剧，[MASK]"中[MASK]位置的文本是：	由李幼斌、赵奎娥等主演
"李明博总统事业贬多于褒“747经济发展计划”并未兑现李明博现年76岁，1941年二战期间出生于日本大阪，1945年日本战败后回到韩国，毕业于高丽大学商学部，从政前长期在现代集团工作，1992年当选[MASK]，2007年12月当选总统"中[MASK]位置的文本是：	国会议员，2002年至2006年担任首尔市长，完成著名的“复原清溪川工程”
"李三原，男，[MASK]年1月参加工作，1981年9月入党，在职研究生学历"中[MASK]位置的文本是：	汉族，1958年10月生，陕西佳县人，1976
"小青[MASK]青鳉科下的鱼类"中[MASK]位置的文本是：	鳉是一种鳉形目下
"但是林彪的结局是比较悲催的，笔者就不多说了，想必大家也都知道，在林彪出事以后，他的子女命运从此改变，今天笔者就讲讲他的小女儿，[MASK]加入了共产党，那段日子，林立衡也算是个过的比较顺风顺水"中[MASK]位置的文本是：	林立衡，1944年生于延安，是林彪和叶群夫妇的女儿，自然从小深受父母的喜爱，长大之后，成功的随着父亲
"《读者原创版精选集（心理卷）》是2012年敦煌文艺出版社出版的[MASK]·原创版杂志社"中[MASK]位置的文本是：	图书，作者是读者
"《十三辙新韵书》[MASK]，作者是马志伟"中[MASK]位置的文本是：	是商务印书馆出版的图书
"《死亡游轮》是连载在17k小说网的恐怖惊悚类小说[MASK]"中[MASK]位置的文本是：	，作者是萌萌雨
"她曾凭借一首《梦的翅膀受了伤》爆红网络，一首深情的《[MASK]女友”蒋雪儿"中[MASK]位置的文本是：	爱河》让很多人记住了她的名字，她就是大家的“咖啡
"《家门》[MASK]，杜雨露、何赛飞等领衔主演的家庭伦理电视连续剧1"中[MASK]位置的文本是：	是由大千龙图影视公司摄制，陈宇执导
"李亚鹏COART艺术基金曾发起亚洲青年艺术活动，[MASK]王菲和李亚鹏亲自为女儿助阵"中[MASK]位置的文本是：	最引人瞩目的是6岁女儿李嫣的首次个人画展“秋天里的童画”，
"朱云来，1957年[MASK]国务院总理朱镕基之子"中[MASK]位置的文本是：	出生，是原
"但是由于战争[MASK]两千年的时间里，中国的葡萄酒酿造历史几乎是空白的，直到1892年，爱国华侨张弼士在烟台创办了张裕"中[MASK]位置的文本是：	、朝代更替等历史原因，虽然葡萄栽培与葡萄酒酿造在唐代和元代时曾取得过长足发展，但是，在近
"《腹黑邪少，骗子老婆往哪逃》是[MASK]的网络小说连载于潇湘书院"中[MASK]位置的文本是：	心唯写
"《大学物理学（二[MASK]出版的图书，作者是张三慧"中[MASK]位置的文本是：	）热学》是1999年清华大学出版社
"3、庞龙的[MASK]如同登山，在关键时刻总是兄弟拉你一把"中[MASK]位置的文本是：	《兄弟抱一下》，人生
"《[MASK]》，作者蝎后雨，连载网站3G书城"中[MASK]位置的文本是：	穿越淘气王妃
"），前身安徽中科大讯飞信息科技有限公司，成立于1999年12[MASK]语音及语言技术研究、软件及芯片产品开发、语音信息服务及电子政务系统集成3"中[MASK]位置的文本是：	月30日，2014年4月18日变更为科大讯飞股份有限公司12，专业从事智能
"甘肃博尚钢塑[MASK]月27日在兰州市工商行政管理局登记成立"中[MASK]位置的文本是：	复合管有限公司于2014年5
"南京大学常熟生态研究院成立于2012年10月，[MASK]南京大学和常熟市合作共建"中[MASK]位置的文本是：	由
"秀美金球鲀为辐鳍鱼纲鲀形目四齿鲀亚目四齿鲀科的其中一种，为热带淡水鱼，分布于亚洲泰国、马来西亚及印尼[MASK]10"中[MASK]位置的文本是：	淡水水域，体长可达
"李清照大家很熟悉，著名的女诗人，但是因为生在晚宋，战争时代[MASK]中宣扬的是女子无才便是德，但是在历史上还是有很多才貌双全的女子的，分别是三国时期的蔡文姬，西汉时的卓文君，宋朝时的李清照，近代的林徽因"中[MASK]位置的文本是：	，所以命运多舛，一生坎坷，曾两次嫁人，除了赵明诚，再嫁是遇人不淑啊中国是一个神奇的国度，虽然在传统儒家文化
"茄无网蚜，Acyrthosiphon solani[MASK]Kaltenbach)，为同翅目蚜科无网蚜属的一种昆虫"中[MASK]位置的文本是：	 (
"《民本思想[MASK]年出版的图书，作者是诸凤娟"中[MASK]位置的文本是：	的发展逻辑及其当代价值》是2012
"对此有网友表示[MASK]，她放弃收看这一期的《快乐大本营》，还有网友希望谢娜可以早日回归，没有谢娜的《快本》少了些许味道，你如何看到李浩菲的回归呢"中[MASK]位置的文本是：	因为李浩菲的回归
"《机床液压传动与控制[MASK]，作者是卢光贤"中[MASK]位置的文本是：	》是2006年西北工业大学出版社出版的图书
"杨幂今年携父母一起前往香港看小糯米，一大家子前往，住房就成了问题，虽然杨幂和刘恺威在香港有住房，但是刘恺威那套房子是他妹妹在住，之前杨幂[MASK]朋友的一套空置房屋里"中[MASK]位置的文本是：	父母去香港都只能住酒店，今年过年去香港时，杨幂父母提前和朋友联系好，借住在
"饰演她的演员名叫尚语[MASK]内地女演员，就读于北京电影学院表演系2012级本科"中[MASK]位置的文本是：	贤，尚语贤1994年7月28日出生于四川，中国
"杭州由达厨具科技有限公司于2012年12月11日在杭州市高新区（滨江[MASK]管理局登记成立"中[MASK]位置的文本是：	）市场监督
"原纵横中文网著名作者，现签约创世中文网，连载玄幻类新作《龙印[MASK]战神》）"中[MASK]位置的文本是：	战神》（原名《盖世
"2015年2月19日，由王淑志 、杨健武执导，简远信担任编剧的古装魔幻神话剧《封神英雄》登陆安徽卫视和[MASK]张倬闻在剧中饰演哪吒249"中[MASK]位置的文本是：	深圳卫视全国首播，
"赫格兰球旋虫[MASK]动物"中[MASK]位置的文本是：	，星根虫目
"《有点儿意思》练习室版MV中，鹿晗褪去MV中的华丽服装和妆容，身着印有鹿晗本人亲自设计的logo“LH7”的白色T恤，更清晰地展现了舞蹈编排[MASK]强烈的节奏里完美地展现了身体律动所带来的力量"中[MASK]位置的文本是：	与走位，在《有点儿意思》
"包永盛[MASK]浙江省杭州市，毕业于重庆大学"中[MASK]位置的文本是：	，1979年出生于
"年，萧雅全导演电影《第36个故事》（英文名为[MASK]，荣获2010台北电影节 观众票选奖、最佳音乐奖"中[MASK]位置的文本是：	：Taipei Exchanges）
"刘冠峰，男，号清雪，别署集云斋主人，1965[MASK]书法培训中心研修班和天津工会干部管理学院“书法篆刻”专业"中[MASK]位置的文本是：	年生，天津静海人，毕业于中国
"珠星滩头鱼，Leuciscus [MASK])， 鲤形目鲤科雅罗鱼属的一种鱼类"中[MASK]位置的文本是：	hakonensis (Günther, 1877
"奥古因[MASK]籍足球运动员，现效力于梅里比拉，在场位置为后卫"中[MASK]位置的文本是：	（CristianOlguin），智利
"《公主的完美使命》是连载于云中书城的网络小说[MASK]"中[MASK]位置的文本是：	，作者是爱在冰点起舞
"--1952年，盐湖城第一家被授权[MASK]这便是世界上餐饮加盟特许经营的开始"中[MASK]位置的文本是：	经营的肯德基餐厅建立了，
"《洪水求生[MASK]晨光出版社出版的图书，作者是贝尔"中[MASK]位置的文本是：	》是2000年
"一1952年9月，由冯雪峰主持、聂绀弩领导编注，人民文学出版社出版了经过整理校订后的《水浒传》，其后陆续出版了《红楼梦》《三国演义》《西游记》[MASK]丛书的框架已经初具"中[MASK]位置的文本是：	，1953年后又出版了《乐府诗选》《诗经选》等一批古典诗歌散文的选本，这时一套
"此次在《老男孩》中扮演一位事业有成的艺术指导一定别有一番风格,对他的表演大家也尤为[MASK]们也一定很是期待"中[MASK]位置的文本是：	期待，还有我们的火华社社长刘烨扮演的70后飞机长吴争,事隔很久刘烨带着最新小荧幕作品回归,相信粉丝
"突然有一天，女文青的她居然认为自己是三毛转世，还觉得张杨前世就是荷西（三毛的丈夫），甚至[MASK]姻缘"中[MASK]位置的文本是：	去算命说她和张杨二个人之间有宿世
"《音频信息处理技术》是2007[MASK]图书，作者是韩纪庆"中[MASK]位置的文本是：	年清华大学出版社出版的
"虽然《我的男孩》林心如有些镜头确实是有些老态，不过从第一集[MASK]之长歌行》的状态不要好太多，不能同时而语的"中[MASK]位置的文本是：	到现在的第九集，大部分状态下还是很好的，比之前播出《秀丽江山
"[MASK]，不论是TVB电视台西游记中的悟空，还是饰演其它角色，总让人一目了然，虽然演员出场自带自己风格会湮灭角色的血肉，但同时他也获得了大量喜爱自己的粉丝"中[MASK]位置的文本是：	TOP2:张卫健张卫健是娱乐圈中少有演出自己风格的演员，也就是张卫健风格
"4 cm  重量: 381 g作者简介合著者：（法国[MASK]音乐界隆重引进维也纳原始出版社出版的一批伟大作曲家——J"中[MASK]位置的文本是：	）德彪西内容简介《德彪西前奏曲(第1集)(中外文对照)》内容简介：上海教育出版社斥巨资为我国
"《醉拳苏乞儿》是由[MASK]、罗家英、连凯、午马等出演"中[MASK]位置的文本是：	广东电视台出品的古装武侠电视剧，由叶镇华执导，黄日华、林心如
"[MASK]01《永远爱你的我》祁隆祁隆02《别伤害我》祁隆祁隆03《爱的赌注》祁隆祁隆04《是否还记得》绿柳祁隆05《街》祁隆祁隆06《火了爱》祁隆祁隆07《有你就足够》祁隆祁隆08《爱你一生》祁隆祁隆09《最后》祁隆祁隆"中[MASK]位置的文本是：	专辑歌曲曲目歌曲　　作词作曲
"[MASK]上海三联书店出版的图书，作者是韩松落"中[MASK]位置的文本是：	《为了报仇看电影》是2010年
"《人形兵器》是由起点中文网[MASK]的小说"中[MASK]位置的文本是：	 连载
"图为：2006年[MASK]是华夏视听环球传媒（北京）股份有限公司出品的古装、爱情题材电视剧，由于敏执导，黄晓明、刘亦菲领衔主演，王洛勇、孔琳、孟广美、钟镇涛、陈紫函、杨幂等联袂主演"中[MASK]位置的文本是：	黄晓明、刘亦菲版《神雕侠侣》，
"《[MASK]有限公司，万卷出版公司出版的图书，作者是蘅塘退士，上彊村民编"中[MASK]位置的文本是：	唐诗宋词三百首（上下册）》是2009年北方联合出版传媒（集团）股份
"陈秀坤（1903－[MASK]龙岩县（今龙岩市新罗区）城关中城西街人"中[MASK]位置的文本是：	1931），福建省
"《仙梦奇谈》是[MASK]创作的网络小说，发表于纵横中文网"中[MASK]位置的文本是：	籽玉
"《迢遥千里》是张露演唱的[MASK]在专辑《给我一个吻》里"中[MASK]位置的文本是：	一首单曲，该曲收录
"王通（584—617），字仲淹，道号文中子，河东郡龙门县通化镇（今[MASK]河津县划入万荣县）人，隋朝著名儒家、教育家、思想家"中[MASK]位置的文本是：	山西万荣县通化镇，通化镇1972年由山西
"《敌后武工队[MASK]题材类电视剧，2004年首播，共8集，由王福友主演，闰日琪导演"中[MASK]位置的文本是：	》，战争
"10、谁伴我闯荡\\BEYOND 黄家驹的歌曲能够经久不衰，正是因为它的旋律虽然[MASK]也包含了一种坚韧不屈的奋进精神，给人一种看清困难不断前进的奋斗激情"中[MASK]位置的文本是：	总有点对世事艰难无可奈何的沧桑感，但
"《一直在变》是[MASK]作者是lavender陌"中[MASK]位置的文本是：	在17k小说网连载的小说，
"导演郑克洪与编剧王要联手打造的年度大剧[MASK]、艺术创造的高度上都有新的突破"中[MASK]位置的文本是：	《大汉口》，在思想表达深度
"《傲世星耀》是我[MASK]17K小说网"中[MASK]位置的文本是：	是诚少创作的网络小说，发表于
"首派台歌曲〈重投再爱〉，由郑嘉嘉[MASK]，简单柔扬的旋律，在二人用心演绎下，唱出最美丽的爱情故事"中[MASK]位置的文本是：	作曲、潘源良填词，Johnny Yim编监
"朴永浩，男，朝鲜族，1956年生，毕业[MASK]图们市人"中[MASK]位置的文本是：	于韩国首尔国立大学，中共党员，吉林省
"《[MASK]是杨雨梦创作的网络小说，发表于晋江文学网"中[MASK]位置的文本是：	异时空的四福晋》
"2.五月天《Do You Ever Shine[MASK]主演：佐藤健、渡部笃郎首播时间：2014年4月15日播出平台：日本富士电视台《Do You Ever Shine?》由日本乐坛教父小林武史作词，五月天阿信作曲，并由五月天演唱"中[MASK]位置的文本是：	?》发行时间：2014年6月4日电视剧：《父子刑警》（《Bitter Blood》）
"《我要稳稳的幸福》为作者今息虚构作品，[MASK]"中[MASK]位置的文本是：	首发于若初文学网，独家签约
"康里巎巎（nao，二[MASK]（1295～1345）蒙古族（康里部），元代著名少数民族书法家"中[MASK]位置的文本是：	声)
"第二个就是王祖贤，说到她最著名的戏，应该就是它《倩女幽魂》，里面给她演小倩楚楚动人并且充满着一种另类[MASK]的脸庞都让她在这部戏里面非常的出彩"中[MASK]位置的文本是：	的魅惑，恰巧和她搭戏的男主角是张国荣，高超的演技和精致
"《长虹CN[MASK]原理与维修》是1999年福建科学技术出版社出版的图书"中[MASK]位置的文本是：	-7机芯大屏幕彩电
"[MASK]年8月参加工作，1986年8月加入中国共产党，大学本科学历"中[MASK]位置的文本是：	李登荣，男，彝族，出生地永德县，1964年6月生，1983
"上海华测品标检测技术有限公司于2009年7月15日[MASK]监督管理局登记成立"中[MASK]位置的文本是：	在自贸区市场
"[MASK]鲈形目，鮨科，花鮨亚科"中[MASK]位置的文本是：	海伦棘花鲈属于动物界，
"卜氏九棘鲈，Cephalopholis polleni[MASK]亚目鮨科九棘鲈属的一种鱼类"中[MASK]位置的文本是：	 (Bleeker, 1868)，是鲈形目鲈
"俞海明，满族，上海市浦东新区[MASK]金融学院，中共党员"中[MASK]位置的文本是：	人，毕业于上海
"《出发》是由邢天卓作词作曲、邢天溯[MASK]1是央视二套《黄金线路》节目的主题曲"中[MASK]位置的文本是：	演唱的歌曲，收录于专辑《公路理想》，
"1997年[MASK]月11日，中远集装箱运输有限公司在上海浦东新区注册"中[MASK]位置的文本是：	11
"《每天夜晚》是由孙亨锡执导，[MASK]金宣儿、李东健领衔主演的月火剧"中[MASK]位置的文本是：	金恩熙、尹恩京编剧，
"欧布奥特曼，是圆谷株式会社特摄剧《欧布奥特曼》中的主角，[MASK]山顶上，等待有资质的优秀战士获取欧布圣剑得到自己的力量"中[MASK]位置的文本是：	其本体很久以前就以光环姿态隐藏在行星O-50的战士之巅
"《挥霍爱人的耐性》是由[MASK]寂寞又美丽（新歌+精选） Cd1》专辑中"中[MASK]位置的文本是：	台湾歌手 江美琪演唱的一首流行歌曲，收录于《又
"《七个老鼠兄弟》收录[MASK]诗歌的优美，是作者第一部童话诗集"中[MASK]位置的文本是：	了著名诗人徐鲁创作的童话诗，有童话的浪漫和
"李辉，男，1993年毕业于[MASK]于中日友好医院肛肠科至今"中[MASK]位置的文本是：	北京中医药大学医疗系，同年就职
"根据记载[MASK]造访天台的明代地理学家徐霞客，还曾经走过令人胆颤心惊的石梁桥"中[MASK]位置的文本是：	，3次
"柑橘土粉蚧产于日本[MASK]粉蚧科"中[MASK]位置的文本是：	, 美国，属于同翅目，
"一、“性妒”的国母[MASK]晋朝开国皇帝司马炎的皇后杨艳"中[MASK]位置的文本是：	杨艳说到魏晋时期嚣张的女人，首先不得不提的就是
"盖马氏盔鱼（Coris gaimard）又称红龙，小丑龙，黄尾龙，[MASK]鱼类"中[MASK]位置的文本是：	为鲈形目，隆头鱼科，盔鱼属一种热带地区近岸海域生活的
"大鸨指名亚种（学名：Otis [MASK]大型地栖鸟类"中[MASK]位置的文本是：	tarda tarda）是鹤形目鸨科的
"黑龙江傲立辅龙科技开发有限公司于2008年2[MASK]成立"中[MASK]位置的文本是：	月28日在哈尔滨市市场监督管理局开发区分局登记
"程巍，男，1969年3月出生，汉族，籍贯上海，全日制大学，医学学士[MASK]1992年6月加入中国共产党"中[MASK]位置的文本是：	，在职研究生，管理学硕士，1993年7月参加工作，
"《宋代足球小将同人》[MASK]，作者是四叶猫"中[MASK]位置的文本是：	是连载于晋江文学城的小说
"《光[MASK]文化出版社出版的图书，作者是O・R莫林"中[MASK]位置的文本是：	的女儿》是于2004年由上海
"金宇中集一生精力创建了大宇[MASK]辉煌"中[MASK]位置的文本是：	集团的
"范仲淹（[MASK]29日－1052年5月20日），字希文，汉族"中[MASK]位置的文本是：	989年8月
"相爱的那一年 就是我们的永远2歌曲鉴赏《相爱那一年》是[MASK]那首歌》里唯一一曲，节奏轻快的歌曲"中[MASK]位置的文本是：	作为《
"中韩人气明星联手打造的偶像[MASK]团队盛装出席，发布会在拍摄地北京中海九号公馆举行"中[MASK]位置的文本是：	情感大剧《私人公园》日前杀青，版权人及总制片人贾思诚、总导演谷歌携主演主创
"《归来的黄金[MASK]月8日起播出的日日连续剧，由尹柳海执导，马珠熙编剧，申多恩、李伊利雅、郑银宇、金镇佑等领衔主演1"中[MASK]位置的文本是：	福》是韩国SBS电视台于2015年6
"徐茂魁，[MASK]，1947年生于北京"中[MASK]位置的文本是：	祖籍江苏
"看到[MASK]，就只有kimi没有来了，可能是要上学了，自己一个人就留在家里了吧"中[MASK]位置的文本是：	陈若仪和双胞胎弟弟都来支持林志颖了，一家五口
"《一起吃苦的幸福》是周华健于2003年发行的同名专辑[MASK]姚若龙作词，陈小霞作曲"中[MASK]位置的文本是：	主打曲，由
"朱雀投资成立于2007年7月，是上海首家有限[MASK]早已位于百亿规模私募之列"中[MASK]位置的文本是：	合伙企业，
"《推理·中国风》是2010年吉林出版集团有限责任公司出版的图书，作者是言桄、午晔、林斯谚、远宁、[MASK]苏簌、丁甲"中[MASK]位置的文本是：	徐俊敏、
"曾华倩在1985版 《雪山飞狐》中饰演女主角苗若兰，因其清丽脱俗的扮相为观众喜爱，成为20世纪80[MASK]"中[MASK]位置的文本是：	年代中期TVB当家花旦
"其中导演王树忱是《哪吒闹海》的导演，严定宪是《大闹天宫》[MASK]到了周杰伦的御用词人方文山，但是最终该片还是失败告终"中[MASK]位置的文本是：	的首席动画设计，而动画的乐曲请
"今天是大部分地区中小学生开学了日子，一年一度的寒假也宣告着结束，但由林心如、赵薇、周杰、苏有朋、张铁林等人[MASK]紫薇是马伊琍"中[MASK]位置的文本是：	主演的电视剧还珠格格依旧在热播中，到了第三部慕沙公主是刘涛，箫剑是黄晓明，
"[MASK]与近代中国》，四川人民出版社1994年版"中[MASK]位置的文本是：	《基督教
"《[MASK]，由郑少秋、陈豪、黄德斌、邵美琪、陈茵媺领衔主演，监制戚其义"中[MASK]位置的文本是：	心战》是香港电视广播有限公司出品的时装悬疑电视剧
"[MASK]余庆县属亚热带温润季风气候"中[MASK]位置的文本是：	8气候
"《沧海经》[MASK]路灯创作的网络小说，发表于17K小说网"中[MASK]位置的文本是：	是街边的
"宾客：1900人7新人介绍威尔士威廉王子殿下，全名为威廉·亚瑟·菲利普·路易斯·蒙巴顿-温莎，是英国王室的成员之一，当今英国王储[MASK]"中[MASK]位置的文本是：	威尔士亲王查尔斯和威尔士王妃戴安娜的长子
"人物生平即位宋徽宗大观二年（1108年），段正严的父亲文安帝段正淳[MASK]禅让给儿子段正严3，段正严于是即位4，成为大理国第十六位皇帝"中[MASK]位置的文本是：	出家为僧，将皇位
"4、林凤娇“毙掉”[MASK]坚持己见的电影就包括《新宿事件》"中[MASK]位置的文本是：	而成龙又
"福建江隆水利水电工程有限公司于2011年[MASK]月1日在福建省龙岩市工商行政管理局登记成立"中[MASK]位置的文本是：	4
"[MASK] 四川广安人，邓小平特级机要秘书，日本早稻田大学终身教授"中[MASK]位置的文本是：	易超伦 
"基本信息：姓名[MASK]出生日期：1966年12月  籍 贯：安徽潜山县研究方向:新兽药及制剂研究"中[MASK]位置的文本是：	：江善祥  性 别：男  
"人物生平朱庆澜祖籍[MASK]村人"中[MASK]位置的文本是：	浙江绍兴钱清镇秦望
"《做自己的形象顾问》是中信出版社[MASK]作者是李昀"中[MASK]位置的文本是：	2009年出版的图书，
"艾尔卡提布，黎巴嫩[MASK]1.98米，105公斤，黎巴嫩过去十年中最好的前锋"中[MASK]位置的文本是：	男子篮球国家队的成员，
"创作天分满满的她，随后也发行首张个人音乐专辑《崽崽》，专辑同名歌曲由她亲自作词，而爆红的主打曲《蝴蝶泉边》，也让[MASK]实力担当"中[MASK]位置的文本是：	雅莉成为了乐坛新人的
"基本信息片名:黑欲第一季  上映:2010年[MASK]要将自己辛辛苦苦建立的石油帝国交给「Bob」全权打理"中[MASK]位置的文本是：	剧情简介Clint不顾两个儿子的反对，执意
"W·[MASK]足球运动员，场上位置是中场"中[MASK]位置的文本是：	阿拉奥祖是一名厄瓜多尔籍职业
"而在这些天王嫂之中，“[MASK]在超市购物"中[MASK]位置的文本是：	歌神”张学友的太太罗美薇近日被媒体镜头捕捉到
"2013年6月[MASK]争议的影片是导演赵半狄历时三年筹备，拍摄的首部大荧幕作品"中[MASK]位置的文本是：	1日《让熊猫飞》上映的这部历经各类
"仙荒天帝是起点中文网作家老驴东来作品，首发起点[MASK]"中[MASK]位置的文本是：	中文网
"拉谢，男，蒙古族，1984[MASK]，1974年7月加入中国共产党，中专学历"中[MASK]位置的文本是：	年9月参加工作
"《我国不同区域就业弹性的动态比较》，赖德胜[MASK]"中[MASK]位置的文本是：	、包宁，中国人口科学，2011年第6期
"赵芊羽《扬眉》以动人心弦又悠扬至美的[MASK]带来电影不一样的感动"中[MASK]位置的文本是：	歌声为大家
"《少年陈真》是[MASK]元彪、罗家英等人主演的一部动作片"中[MASK]位置的文本是：	由孔刚执导，
"深圳市伟力箱包有限公司成立于2005[MASK]、袋加工为主的生产企业"中[MASK]位置的文本是：	年10月，本公司主要是以绳
"铁锈芋螺是一种新腹足目、芋螺科贝类动物[MASK] 33 mm"中[MASK]位置的文本是：	，螺壳尺寸23 -
"[MASK]字野生，祖籍山东省青州，毕业于浙江大学，擅长人物、山水、花鸟"中[MASK]位置的文本是：	杨祖江，
"《奴剑[MASK]的网络小说，发表于17K小说网"中[MASK]位置的文本是：	》是缘笙破晓创作
"《陪你左右》，是由祖峰演唱的一首歌曲，由刘婕作词，捞[MASK]欢乐颂》插曲，收录在《欢乐颂 电视原声带》 中"中[MASK]位置的文本是：	仔作曲，同时是电视剧《
"1944年2月，王序森到中国桥梁公司任副工程师，[MASK]公费去美国芝加哥BURLINGTON铁路公司桥梁部实习"中[MASK]位置的文本是：	同年12月，考取
"人物简介[MASK]，河北邯郸人，现居北京"中[MASK]位置的文本是：	苗惠
"去掉有色眼镜，不得不说《花游记》的故事是让[MASK]新奇又觉得合情合理的存在，洪氏姐妹的编剧功力可见一斑"中[MASK]位置的文本是：	人倍感
"04  上海市金刚杯、区优质结构、区文明工地  工业建筑上海域邦建设工程有限公司是由[MASK]、大型纺织工业等不同类型的多个专业项目部"中[MASK]位置的文本是：	多种类型的项目部组建而成，其中不仅有侧重民用建筑领域的项目部，还有水泥工业、热电工业、水处理工业
"《尚食[MASK]联合出版公司出版的图书，作者是忧然"中[MASK]位置的文本是：	刘娘子》是2013年北京
"《如果这一秒钟你跟我讲你不爱我》是陈奕迅的一首粤语歌曲，由黄伟文作词，蔡一智作曲，[MASK]月26日"中[MASK]位置的文本是：	陈奕迅演唱，收录于专辑《天佑爱人》中，发行于1999年05
"[MASK]季风气候区，气候温和，雨水充沛、日照充足、冬无严寒、夏无酷暑、雨热同季、无霜期长"中[MASK]位置的文本是：	8气候环江毛南族自治县属亚热带
"更好歌曲歌词流向[MASK]作词：吴向飞"中[MASK]位置的文本是：	巴黎
"《夏了茶靡》是[MASK]的一本 小说，作者是长岛夏花"中[MASK]位置的文本是：	连载于17k小说网
"2006年，他俩招募了两名摄影，一个司机，共同[MASK]全面狙击娱乐圈"中[MASK]位置的文本是：	组建了内地第一支狗仔队——风行工作室，从此他们开始
"《惊天魔盗团》是由路易斯·莱[MASK]、艾拉·菲舍尔、戴夫·弗兰科、摩根·弗里曼等主演的魔术犯罪片"中[MASK]位置的文本是：	特里尔执导，杰西·艾森伯格、伍迪·哈里森
"刘天和（1479年7月5日1—1546年1月27日2），字养和，号松石[MASK]"中[MASK]位置的文本是：	，湖广麻城人
"确认过眼神我遇上对的人——《醉赤壁》 林俊杰不如就勇敢打破生命中的裂缝阳光就逐渐洒满了其中——《裂缝中的阳光》 林俊杰传说中你为爱甘心被搁浅我也可以为你潜入[MASK]想对你好你从来不知道——《当你》 林俊杰那些你很冒险的梦我陪你去疯——《那些你很冒险的梦》 林俊杰爱是三万里程的孤单闪着等待的泪光眺望可能的远方——《不流泪的机场》 林俊杰生生不息你和我倒数迂回的伤痕轻轻哼着喜怒哀乐——《生生》 林俊杰喜欢就关注萌萌哒小编哦~笔芯"中[MASK]位置的文本是：	海里面——《美人鱼》 林俊杰今后不再怕天明我只是害怕清醒——《她说》 林俊杰我
"[MASK]乌克兰籍足球运动员"中[MASK]位置的文本是：	Pitsyk Yevheniy,
"《Piece[MASK]光二郎执导，中山优马、本田翼、松村北斗等领衔主演的爱情剧"中[MASK]位置的文本是：	》是河合勇人、桥本
"[MASK]晋江文学城的网络小说，作者是迟意音"中[MASK]位置的文本是：	《穿越贾环》是连载于
"基本资料球员:奥拉奇  生日:1991年[MASK]效力球队:多德勒支  场上位置:中场球队阵容前锋  马耶莱,库里尔,拉斯威德吉克,波特坎普,科尼嫩贝格中场摩尔霍克,D"中[MASK]位置的文本是：	2月8日  身高:172cm  体重:69kg  球衣号码:999  国籍:荷兰  
"北京记忆，一个韩国家庭在中国的20年作者：[韩]宋勋千出版社：世界图书出版公司北京公司状态：选载分类：商界人物传记/回忆录点击数：[MASK]时间：--1"中[MASK]位置的文本是：	190字数：18409出版
"红尘萦绕情未央作者：柳静怡小说进度[MASK]17k小说网小说类型：武侠"中[MASK]位置的文本是：	：连载连载网站：
"玄武门之变是唐高祖武德九年[MASK]年7月2日，由当时唐高祖李渊次子秦王李世民，首都长安城大内皇宫的北宫门——玄武门，发动的一次流血政变"中[MASK]位置的文本是：	，公元626
"龚剑，女，北京舞蹈学院舞蹈编导[MASK]毕业生，完美世界公司动作捕捉室负责人"中[MASK]位置的文本是：	专业2007届
"官洪民，男，出生于山东省莱阳市，毕业于中国农业大学[MASK]电子与电力传动研究"中[MASK]位置的文本是：	，现任高级实验师，从事080804电力
"《勇者少女与大魔王》[MASK]作者是司马爱郭嘉"中[MASK]位置的文本是：	是连载于创世中文网的小说，
"田育英，中国人民大学[MASK]出生，1982年毕业于中国人民大学，获学士学位"中[MASK]位置的文本是：	外国语学院教授，1955年4 月
"瓢虫为鞘翅目瓢虫科（学名[MASK]的小型昆虫，常具红、黑或黄色斑点"中[MASK]位置的文本是：	：Coccinellidae）圆形突起的甲虫的通称，是体色鲜艳
"广西人民出版社编了一本[MASK]要我写几句话"中[MASK]位置的文本是：	《中国散文诗选》,
"[MASK]》是香港电视广播有限公司2014出品的清装恩仇电视剧，由李添胜监制，马国明、杨怡、陈山聪及袁伟豪领衔主演"中[MASK]位置的文本是：	《宦海奇官
"送你一首过年歌 - 李宗盛[MASK]白安"中[MASK]位置的文本是：	 / 李剑青 / 
"《扰动法（英文版）》是世界图书出版公司出版的图书，作者[MASK]英）欣奇"中[MASK]位置的文本是：	是（
"个人简介姓名：何花  性别：女  民族：汉族  国籍：中华人民共和国  籍贯：海南省海口市  生日：1974年10月8日  职业：前体操运动员（1993年退役以前）、体操教练员（[MASK]山西省体工队体操队"中[MASK]位置的文本是：	1996年至今）运动生涯1986年9月加入
"人物简介李商雨，生于安徽，现为安徽师范大学传媒学院[MASK]《唯美的刺点》等"中[MASK]位置的文本是：	教师，代表作品有论文
"《葛剑雄写史中国历史的十六个片断》是2007年[MASK]出版的图书，作者是葛剑雄"中[MASK]位置的文本是：	上海书店出版社
"《结婚》是老狼、万晓利、李志[MASK]作曲"中[MASK]位置的文本是：	主唱的歌曲，李志作词，江建民
"吕不韦在赵国[MASK]，后改名子楚，即秦庄襄王），认为奇货可居，决定帮助异人连络秦国王室，接返秦国"中[MASK]位置的文本是：	经商时，偶然结识秦国交给赵国的王室人质异人（秦始皇之父
"赵廷仁教授，1956年毕业于华中师范大学化学系，同年[MASK]化学系任教"中[MASK]位置的文本是：	留校于
"作词：林夕 　　作曲：黄国伦　　主唱：黎明  黎明这首是电影《半生缘》的主题曲，歌和[MASK]沉重"中[MASK]位置的文本是：	电影一样压抑，一样的
"发展历史铁三角总公司在1962 年于日本成立，公司[MASK]制造、行销及发行上"中[MASK]位置的文本是：	的全球开发小组一直致力于音响器材的设计、
"直到2008年，当时已从上海体育学院毕业的施闻跟随导师到国家游泳队做科研[MASK]周嘉威就在国家队参加集训"中[MASK]位置的文本是：	，而
"作品：豪门孽情：冷少的逃妻作者[MASK]级）总字数：617933总点击：54957"中[MASK]位置的文本是：	：洛汐灵类别：言情小说状态：已完成（A
"《时尚行业生存手册》[MASK]，作者是瘦马"中[MASK]位置的文本是：	 是2011年中信出版社出版的图书
"《寡人不寡》是一本连载[MASK]作者是莫落飘"中[MASK]位置的文本是：	于17k小说网的宫廷贵族小说，
"《风雨[MASK]月光创作的网络小说，发表于17K小说网"中[MASK]位置的文本是：	中的爱情》是新
"东北大学的师生不甘心作亡国奴，刘锡瑛也以同样的心情随同流亡[MASK]，后受聘于母校北洋大学"中[MASK]位置的文本是：	人群进关，回到天津
"2013年12月10日晚，导演郭敬明[MASK]时代》正式在罗马开机"中[MASK]位置的文本是：	在微博上宣布《小时代3：刺金
"《重生西游做[MASK]云道子创作的网络小说，发表于起点网"中[MASK]位置的文本是：	唐僧》是
"《海滩》[MASK]、李霞、王学兵领衔主演的青春偶像剧"中[MASK]位置的文本是：	是一部由王晓梵、王丁执导，李亚鹏、周迅
"上海佳邻信息[MASK]在浦东新区市场监管局登记成立"中[MASK]位置的文本是：	科技有限公司于2015年6月8日
"贝索斯4200万美元造“万年钟”【中关村在线新闻资讯】2月22日消息，美国亚马逊公司创始人杰夫·贝索斯，[MASK]万年钟”项目进展顺利，目前已进入安装阶段"中[MASK]位置的文本是：	由他投资的“
"直到贾乃亮发布[MASK]，字里行间默认了李小璐出轨的事实"中[MASK]位置的文本是：	声明
"王筝-[MASK]单纯越幸福"中[MASK]位置的文本是：	越
"《真君青龙剑》是[MASK]发表于小说阅读网"中[MASK]位置的文本是：	明日曙光创作的网络小说，
"今天的西门社区居委会居民常住人口达8000多人,由传统农业发展成为工贸业发达社区,以广东奥飞动漫文化股份[MASK])有限公司、广东实丰玩具实业有限公司等知名企业为龙头的工商业户近2000家,09年工商业总产值达16.5亿元"中[MASK]位置的文本是：	有限公司、广东骅威玩具工艺(集团
"《歌手》第七期华晨宇将再[MASK]花花太闪亮了，这首歌互动性非常强，在连续两天的紧张录制中选择唱自己的这首歌是非常明智的选择"中[MASK]位置的文本是：	一次演唱自己的一首代表作品《我管你》，舞台上的
"康定拟[MASK] 1983)，是一种直翅目网翅蝗科拟无声蝗属的一种昆虫"中[MASK]位置的文本是：	无声蝗，Pseudoasonus kangdingensis (Yin,
"1997年5月17日，朗·卡比拉领导的刚果解放[MASK]就任总统，并恢复国名为刚果民主共和国至今"中[MASK]位置的文本是：	民主力量同盟的武装部队攻占首都金沙萨，宣布
"覃松，男，[MASK]毕业于四川大学化学专业，获理学学士学位，现任内江师范学院化学专业教授"中[MASK]位置的文本是：	1961年11月出生，四川内江人，1983年7月
"贾青，出生于陕西西安，毕业于上海师范大学谢晋影视艺术学院，影视女演员、歌手，最近和张翰主演的《传奇大亨》正在热播穿紫色礼服的贾青做在[MASK]，吊带都想撑不起来的感觉笑起来的贾青非常清纯可人颈部的珍珠项链很是亮眼"中[MASK]位置的文本是：	沙发上，紫色代表高贵典雅，非常符合贾青的气质不过贾青好像有点太瘦了
"李绅，字公垂，亳州谯县（今安徽亳州）人，生于官宦之家，他[MASK]，全靠母亲含辛茹苦将他养育成人"中[MASK]位置的文本是：	的曾祖父担任过武则天时期的中书令，祖父和父亲都是唐朝的地方官，但他六岁时父亲就去世了
"·音不准 九丹评论中国十大文化[MASK] 文汇出版社　2003"中[MASK]位置的文本是：	男人　上海 :
"《彝海结盟》由中共四川省委宣传部、中共凉山州委出品，凉山文广传媒集团负责拍摄的重大革命历史题材电视剧《彝海结盟》[MASK]歃血为盟地——凉山州冕宁彝海开机拍摄"中[MASK]位置的文本是：	，于2016年3月1日在当年刘伯承与果基小叶丹
"吴悼王（或哀王）朱允[MASK]，朱标嫡三子，朱允炆异母弟，太子妃常氏所生，建文元年被封为吴王，未及就藩，建文四年被成祖降封为广泽王，同年又和其弟朱允熞一起被召进京城，以不能匡正建文帝和心怀怨怼为由被废为庶人，囚禁凤阳，暴卒"中[MASK]位置的文本是：	熥（1378－1417或1415）
"《天网》[MASK]法证先锋Ⅰ》主题曲"中[MASK]位置的文本是：	是林文龙演唱歌曲，TVB电视剧《
"此外，《老米家的婚事》里还出现许多新面孔，如傅晶、张秋歌、王阳、傅迦等，众多实力派演员齐聚这部新剧，将一户普通人家——老米家在两个女儿婚姻大事上所发生的一系列[MASK]情趣"中[MASK]位置的文本是：	有笑有泪的故事搬上荧屏，充满原汁原味的生活气息与诙谐幽默的生活
"该剧于2013年3[MASK]X女特工之冲破特训营》，在贵州卫视二轮和重庆卫视三轮黄金档以及众多卫视非黄金档播出1"中[MASK]位置的文本是：	月26日在安徽卫视、浙江卫视、黑龙江卫视和云南卫视四大卫视全国首播，之后更名为《
"《破灭之后》是17k小说网连载[MASK]帝王ai神"中[MASK]位置的文本是：	的小说，作者是
"《笑着说[MASK]徐杰作词，张跃作曲，喜波编曲"中[MASK]位置的文本是：	1》是歌手龙梅子演唱歌曲，
"雷佳音2010年因饰演电视剧《杜拉拉升职记》里的约翰常而受到关注[MASK]记住了这位渣男前夫"中[MASK]位置的文本是：	，2017年随着电视剧《我的前半生》的播出，也让大家
"《魔法爱》，沈[MASK]发行汉语歌曲"中[MASK]位置的文本是：	丹丹原唱，2008年由孔雀唱片
"而此次[MASK]这估计是他和陈若仪首次同台，两个宝贝儿子超萌，还在现场背诗，真是可爱极了"中[MASK]位置的文本是：	发布会上最令人惊喜的是林志颖携他的爱妻陈若仪以及双胞胎儿子亮相，
"1939年11[MASK]一般称为“后期陕公”，在延安重新招生，校址在延安北门外原址"中[MASK]位置的文本是：	月，党中央为了培养更多抗战干部，决定复办陕北公学，
"陈林，男，1971年5月生，汉族，广西容县人，1995年8月参加工作，2002年6月加入中国共产党，大学学历，现任[MASK]副镇长"中[MASK]位置的文本是：	中共石寨镇
"1905年，为了打破西方社会对香烟的垄断，简照南，简玉阶两兄弟在香港筹建了“南洋烟草公司”并于1909[MASK]民族实业救国的典范实例"中[MASK]位置的文本是：	年移至上海，改名为“南洋兄弟烟草公司”且推出“飞马”“飞艇”牌香烟，这是中国近代
"单建保，[MASK]自2000年1月起出任中国光大银行副行长"中[MASK]位置的文本是：	男，1954年出生，中国国籍，
"泸溪蓝天高科有限责任[MASK]市场和质量监督管理局登记成立"中[MASK]位置的文本是：	公司于2008年6月4日在泸溪县
"《[MASK]书画出版社出版的图书，作者是张宇"中[MASK]位置的文本是：	张宇临褚遂良雁塔圣教序》是2006年上海
"蔡斌，男，汉族，[MASK]大学学历，1994年12月加入中国共产党"中[MASK]位置的文本是：	1968年2月出生，山西省河津市人，
"《大侠黄飞鸿》[MASK]、葛布、孔连顺等人主演的首部民国奇闻爱情网络剧，主推“民国”、“奇闻”、“喜剧”三大元素，讲述一代大侠黄飞鸿的故事，首集于2015年9月24日正式上线"中[MASK]位置的文本是：	是一部由万合天宜出品，马诗歌执导，本煜
"《反语》是2011年中国人民大学出版社出版的图书，作者[MASK]"中[MASK]位置的文本是：	是林沛理
"步步高集团于1995年3月创立，集团业务主要[MASK]互联网金融、物流运输等多个业态"中[MASK]位置的文本是：	涉及零售贸易、电子商务、商业地产、
"林俊杰，03年第一张乐行者，之后04年第二天堂中的江南，个人觉得是唯一可以和七里香，我的[MASK]年的西界反响不够好，但08年的JJ陆扳回了一些，不潮不花钱，小酒窝和期待爱都加了不少分，10年的她说开启了林一年一首情歌的道路，之后林的歌仍然保持着较高的水平，在10年前热度也是高过陈奕迅的，而之后我个人觉得两人差不多，林的现场很不错"中[MASK]位置的文本是：	地盘过过招的歌，也是从这一曲开始林的热度涨的飞快，05年的编号89757，一千年以后，06年的曹操，原来，不死之身，这3年我最盼着的就是周和林每年的新专辑，07
"创作背景专辑《我[MASK]为陈奕迅写的一首作品《天下无双》"中[MASK]位置的文本是：	的快乐时代》中，收录了一首作词人林振强生前
"5、白百何1984年3月1日出生于[MASK]电影百花奖最佳女主角奖 ，同时她还提名第49届台湾电影金马奖最佳女主角和第15届中国电影华表奖优秀女演员"中[MASK]位置的文本是：	山东省青岛市市北区，2011年，凭借治愈系爱情电影《失恋33天》被观众熟知，并获得第31届大众
"1940年，李讷生于延安，当时[MASK]岁"中[MASK]位置的文本是：	毛泽东48岁，江青26
"《海明威传》是2008年浙江文艺出版社出版的图书[MASK]董衡巽"中[MASK]位置的文本是：	，作者是
"网易娱乐3月1日报道[MASK]，姜潮、李溪芮、孙婉婷等主演的暖冬成长治愈系偶像剧《我站在桥上看风景》正在湖南卫视“青春进行时”周播剧场热播"中[MASK]位置的文本是：	由芒果影视、深蓝影业出品
"[MASK]机电有限公司，注册资金500万元，利税60万元"中[MASK]位置的文本是：	宁夏龙飞
"《[MASK]中文网的网络小说，作者是龙俊煞"中[MASK]位置的文本是：	幻世齐天》是连载于起点
"孙妍在，1994年5月28日出生，韩国艺术体操运动员，毕业于首尔世宗[MASK]延世大学"中[MASK]位置的文本是：	高等学校，目前就读于
"《跟我走》是谢安琪[MASK]歌曲，由周博贤作词作曲，收录于专辑《Kay One》中"中[MASK]位置的文本是：	演唱的
"金牌导演王晶、国际知名武指程小东双剑合璧[MASK]电视剧《八大豪侠》，启用全明星豪华演员阵容，成为2005年度十大最具影响力电视剧之一"中[MASK]位置的文本是：	制作的古装武侠
"[音乐]薛之谦 一首淡淡的情歌《我知道[MASK]》 经典教唱"中[MASK]位置的文本是：	你都知道
"[MASK] 于立成睽违歌坛两年的力作"中[MASK]位置的文本是：	情歌专区爱情片段 
"江苏真幻立影科技[MASK]（新北区）市场监督管理局登记成立"中[MASK]位置的文本是：	有限公司于2015年07月01日在常州国家高新区
"《中国古代教育史》是1997年人民[MASK]、 瞿菊农、邵鹤亭"中[MASK]位置的文本是：	教育出版的图书，作者是毛礼锐
"《剑道狂尊》是百度文学[MASK]残阳创作的一部东方玄幻小说，小说已于2014-08-31正式发布"中[MASK]位置的文本是：	旗下纵横中文网签约作家金色
"寺岛忍   てらじま しのぶ (TELAJIMA Shinobu)[MASK]其母是女演员富司纯子"中[MASK]位置的文本是：	  生长在演艺世家，其父是歌舞伎演员第七代尾上菊五郎、
"布鲁塞尔属温带海洋性气候，温和湿润[MASK]℃"中[MASK]位置的文本是：	，年平均气温10
"《努尔哈赤》是陈家林执导[MASK]制作中心、沈阳市文联、中国新闻社联合录制的一部历史电视剧"中[MASK]位置的文本是：	， 侯永生、王洪生、季明、邹宝琛主演，中国电视剧
"[MASK]是连载于起点中文网的一本网络小说，作者是莫颜絮风"中[MASK]位置的文本是：	《掩埋的青春》
"《科技之光》是全国第一个大型科普电视栏目，于每周五至六15:[MASK]播出，由尹晨芳、何晓红主持"中[MASK]位置的文本是：	02在cctv-10
"武公之子晋献公娶狐突的[MASK]生重耳和夷吾，狐偃和兄长狐毛辅助重耳"中[MASK]位置的文本是：	女儿
"《我不言败谁能败我》是连载于17k[MASK]作者是人生路"中[MASK]位置的文本是：	小说网的小说，
"凯里臀点脂鲤，为辐鳍鱼纲脂[MASK]亚目脂鲤科的其中一个种"中[MASK]位置的文本是：	鲤目脂鲤
"乔·怀特是一位很擅长把握英国风韵的导演，从平凡的农家到华贵的古堡，《傲慢与偏见》的画面总能使观众感到19世纪初岛国[MASK]Anna Karenina》（2012年）"中[MASK]位置的文本是：	上的清新空气参与影片《安娜·卡列尼娜 
"《诗蔻泣歌》[MASK]一部都市小说，作者是飞天笑"中[MASK]位置的文本是：	是在起点中文网上连载的
"上海瀚讯无线技术有限公司是在[MASK]基础上，根据国家十一五重大技术专项和十五期间863计划科研成果产业化需求成立的，是中科院、科技部和上海市重点扶持的集科研开发和技术服务于一体的高新技术企业"中[MASK]位置的文本是：	前期中国科学院和上海市政府投资了近2亿元的上海无线通信研究中心的
"”  作者简介  桃枝妖妖[MASK]《金牌特助：总裁给我当小三"中[MASK]位置的文本是：	，二层楼书院签约作者，代表作品有
"2003年，范秀明又在横店影视城拍摄《大汉天子3》、[MASK]傻王闯天下》等电视连续剧"中[MASK]位置的文本是：	《名扬花鼓》、《红罂粟》及《
"张玉蛟 教授张玉蛟教授毕业于上海医科大学，获医学博士学位，之后在美国德克萨斯大学安德森休斯敦癌症中心[MASK]肿瘤科胸部肿瘤放射治疗临床主任和终身教授"中[MASK]位置的文本是：	获博士学位，现任该中心放射
"《东北往事之破马张飞》是由郭大雷执导，贾乃亮、马丽领衔主演，王迅、梁超、于洋、屈菁菁等主演[MASK]客串的喜剧片"中[MASK]位置的文本是：	，李小璐亲情
"白秉治，汉族，1936年5[MASK]，曾任教育科副科长等职务"中[MASK]位置的文本是：	月出生
"孙燕，女，中国江苏人，1970年[MASK]曾为中国工商银行南京新街口支行工作人员，因涉嫌贪污犯罪，被江苏省检察院立案，2001年9月逃亡新西兰，2004年5月24日由国际刑警组织发布红色通缉令1"中[MASK]位置的文本是：	3月28日出生，
"中国队确认以女沙为重点的策略，和当时的头号种子田佳/王菲相比，王露与尤文慧无论在技战术水平、配合还是国际大赛[MASK]一场进一步"中[MASK]位置的文本是：	的经验上都居于劣势，但她们并没有放弃，刻苦训练，认真总结国外强队的特点，加以吸收充实自己，争取打
"12月22日，报喜鸟作为“永嘉第一家上市公司”[MASK]20周年最具影响力瓯北20事”，集团董事长吴志泽同时入选“最具影响力瓯北20人”"中[MASK]位置的文本是：	入选“瓯北建镇
"刘毅然早期主要导演拍摄中国现代文学名著系列电视作品，现阶段的作品主要反映和涉及中国社会发展的[MASK]明烛照天烧》等对今中国社会产生了极大的影响"中[MASK]位置的文本是：	事件，他执导的《我亲爱的祖国》《星火》《风声鹤唳》《苍天》《毛岸英》《纸船
"专辑[MASK] 爱情树 张智成"中[MASK]位置的文本是：	曲目1
"《民国大腕》是2010年中国[MASK]是刘继兴"中[MASK]位置的文本是：	友谊出版公司出版的图书，作者
"《双城之恋》是金牌编剧王丽萍继《媳妇的美好时代[MASK]我的美丽人生》之后又一部力作"中[MASK]位置的文本是：	》《
"00后受了于正影响，霍[MASK]是他们的记忆"中[MASK]位置的文本是：	建华版《笑傲江湖》会
"断条天牛属于鞘翅目[MASK]天牛科、楔天牛属，拉丁种名是interrupta"中[MASK]位置的文本是：	、
"王浩，男，汉族，1966年10月生[MASK]年10月加入中国共产党，1990年7月参加工作，在职研究生学历，法学硕士"中[MASK]位置的文本是：	，籍贯陕西省西安市，1995
"依蓝科技品牌创始人，韩青峰，青岛百[MASK] ，北京奥运会奥运技术支持-高级网络工程师"中[MASK]位置的文本是：	路桥网络科技有限公司)首席执行官-CEO
"出演周星驰的《喜剧之王》，让张柏芝迅速走红，即便剧中张柏芝出演的柳[MASK]但这丝毫不能掩盖她清纯的气质，反而是恰到好处，让观众心生怜悯"中[MASK]位置的文本是：	飘飘是一名舞女，
"日本陆军大学的祖师爷梅克尔少校在评价他的学生的时候，就说最能干的不是考试的[MASK]时山炮和野炮孰优孰劣的问题上小川和梅克尔争了起来，山炮派的小川对着梅克尔就嚷上了：“您是先生，我是学生，但我不能接受野炮比山炮强的观点，不相信您回德国去带一个全部野炮的联队，我带一个山炮联队咱们比划比划怎么样"中[MASK]位置的文本是：	第一的东条英教（东条英机他爹），而是儿玉源太郎和小川又次，因为这两位成天和梅克尔争论，一次在运动战
"1月9日，杨坤携手[MASK]宇演唱的歌曲《挂彩》全网上线"中[MASK]位置的文本是：	华晨
"《巨野职业高中》是连载在17k[MASK]青春类小说，作者是冰冻的心脏"中[MASK]位置的文本是：	小说网的热血
"《古田会议》是由八一电影制片厂出品的重大革命历史题材电影，该片由谭晓明执导，许铂岑，王韦智[MASK]于2016年7月1日在全国上映"中[MASK]位置的文本是：	，释小龙、王怡苏、李易霖联合主演，影片
"王红一，1989年毕业于中南政法学院 ，中山大学[MASK]"中[MASK]位置的文本是：	教授，硕士生导师
"而且于谦还是郭德纲儿子郭麒麟[MASK]郭德纲他们家来说真的是挺重要的"中[MASK]位置的文本是：	的师傅，这足以说明于谦对于
"《绝命[MASK]·麦克拉伦等联合执导，布莱恩·克兰斯顿、亚伦·保尔、安娜·冈、迪恩·诺里斯等联合主演的犯罪类系列剧1"中[MASK]位置的文本是：	毒师第三季》是由American Movie Classics（AMC）原创制作，由亚当·伯恩斯坦、米歇尔
"[MASK]类网络小说，连载于云中书城，该小说已完结"中[MASK]位置的文本是：	《压寨王妃》是冬月人的一部穿越架空
"《党的基层组织制度建设工作手册》是2004年[MASK]是《党的基层组织制度建设工作手册》编写组"中[MASK]位置的文本是：	党建读物出版社出版的图书，作者
"《[MASK]2011年太白文艺出版社出版的图书，作者是我吃西红柿"中[MASK]位置的文本是：	星辰变续（上中下）》是
"1925[MASK]创立了“越南青年革命同志会”"中[MASK]位置的文本是：	年 5月，胡志明在广州
"豪猪科[MASK]）：啮齿目的1科"中[MASK]位置的文本是：	（学名：Hystricidae
"《陪你到最后》是罗志祥演唱的[MASK]专辑《独一无二》当中"中[MASK]位置的文本是：	歌曲，收录在
"《[MASK]是河南文艺出版社出版的图书"中[MASK]位置的文本是：	名流沧桑》
"尤山阿卡拉鸲是[MASK]动物，分布于非洲中南部地区"中[MASK]位置的文本是：	雀形目、鸫科的鸟类
"梁家坟村是位于商南县边远乡镇十里坪镇的一个边远山村，这里海拔1100多米，[MASK]户户都有以核桃和劳务输出为主的主导产业，去年底，全村人均纯收入达到1200元"中[MASK]位置的文本是：	冬冷夏凉，很适宜夏季避暑，梁家坟现有240户960人，电视、电话入户率达80%以上，
"吴景中湖北[MASK]加入共产党，毕业于莫斯科中山大学，与蒋经国是同班同学"中[MASK]位置的文本是：	黄陂人，早年曾
"《三生缘兰灵篇[MASK]网络小说连载于17k小说网"中[MASK]位置的文本是：	》是嘉荟写的
"爱情不是唯一话题浓浓闺蜜情也会永恒和唯一从《闺蜜》到《闺蜜2》，无法绕过的是迄今香港票房最高的女性导演黄真真，从《女人那话儿》、《六楼后座》、《分手说爱你》、《女人本色》、《倾城之泪[MASK]里，观众总能看到形形色色又宛若邻友的女人们，特别却不特例，亲切细腻的人物刻画也总能悄然声息的走入每一个人的内心"中[MASK]位置的文本是：	》、《被偷走的那五年》到《闺蜜》系列，黄真真一直擅长女性题材的创作，在她的电影
"与爱情有关新版背景《与[MASK]》中的一首歌曲"中[MASK]位置的文本是：	爱情有关》是金海心专辑《独立日
"红尘泣 国语专辑赏析理想情人3  歌手：王馨平 [MASK]作曲：C"中[MASK]位置的文本是：	 作词：梁芷珊  
"在《柜中美人》中官配CP明明是李涵和黄轻风[MASK]少女，可以问一下你们秀恩爱考虑过胡冰卿作为“正室”的感受吗"中[MASK]位置的文本是：	，却莫名被周渝民和陈瑶这对非官配搭档甜到，一个是霸道一掷千金的皇帝，一个是爱不经意撒娇惹人爱的
"[MASK]荣寿公主府改为北京中医医院"中[MASK]位置的文本是：	1956年，
"车应龙，原名[MASK]男，汉族，祖籍江苏扬州，1934年6月生于仪征"中[MASK]位置的文本是：	宗科，
"《珍宝珠》是[MASK]》中收录的歌曲，专辑已于2012年08月28日发行"中[MASK]位置的文本是：	李克勤最新粤语专辑《在森林和原野
"《普通媒介学教程[MASK]作者是雷吉斯·德布雷"中[MASK]位置的文本是：	》是2014年清华大学出版社出版的图书，
"《一个人的动物园续》是连载于晋江[MASK]叠巘清嘉"中[MASK]位置的文本是：	文学城的言情类小说，作者是
"一说到林志颖，相信大家第一个想到[MASK]，在前几年林志颖带着kimi参加《爸爸去哪儿》之后，让kimi的身价一夜之间暴涨，成为家喻户晓的小明星"中[MASK]位置的文本是：	的便是他的儿子kimi
"[MASK]的旋律衬托，山野平淡朴实的用其高亢的嗓音缓缓表达了对爱情的期盼和憧憬"中[MASK]位置的文本是：	山野演唱歌曲，《爱情公寓》这首歌曲没有华丽的辞藻修饰，没有激扬
"《笑颜》是[MASK]莎”阿悄谱曲填词并演唱的一首歌曲"中[MASK]位置的文本是：	90后女歌手“励志文艺
"该片制片人、中央戏剧学院教师李娜介绍《东方中国梦》[MASK]最大的基因实验室实景拍摄，实验器材先进且考究"中[MASK]位置的文本是：	的艺术特色时说道，为提高观赏性，且符合现实主义影片真实性的原则，片中很多场景在世界上
"2014年[MASK]水厂发生火灾，民众用水告急，中方紧急向马援助大量淡水"中[MASK]位置的文本是：	12月，马尔代夫首都马累
"河北欧恩通用设备制造有限公司于2014年5月14日在宣化区工商行政管理局[MASK]"中[MASK]位置的文本是：	登记成立
"《[MASK]，方大同作曲，收录于2009年01月19日发行的专辑《Redefine》中"中[MASK]位置的文本是：	轻飘飘》是一首周丽淇演唱的粤语歌曲，由夏至作词
"埃永·埃诺在19863月26日出生在昆巴是一名足球运动员，身高178厘米，体重70公斤，[MASK]聪颖过人，球商极高"中[MASK]位置的文本是：	是星工厂阿贾克斯制作的全能中场，看上去显得很木讷，其实
"[MASK]国歌纪念广场西南侧，总面积1500平方米，由序厅、国歌诞生厅、国歌纪念厅、国歌震撼厅、我和国歌厅等6个部分组成"中[MASK]位置的文本是：	国歌展示馆坐落在上海市杨浦区荆州路151号的
"《德语口语教程第一册[MASK]教育出版社出版的图书"中[MASK]位置的文本是：	》是2007年上海外语
"《现在我[MASK]》是由邬裕康作词，施佳阳作曲，歌手黄丽玲 演唱的一首歌曲"中[MASK]位置的文本是：	很幸福
"不过除了这点之外，邓超主演的《美人鱼》、《乘风破浪》、《从你的全世界路过》等都是收获了很高票房的，而且邓超的演技也是非常[MASK]也是认可的"中[MASK]位置的文本是：	好，所以很多网友
"《刑事[MASK]出版的图书，由帕克编写"中[MASK]位置的文本是：	制裁的界限》是2008年法律出版社
"邱崭姿，[MASK]1966年，福建龙岩人，北京大学毕业"中[MASK]位置的文本是：	出生于
"人物生平早年继位西晋元康七年（[MASK]部首领慕容廆第三子，母段氏"中[MASK]位置的文本是：	297年），慕容皝出生，2是鲜卑慕容
"《外貌[MASK]的爱情喜剧，由松山博昭、品田俊介、永山耕三执导，相泽友子编剧，桐谷美玲主演"中[MASK]位置的文本是：	协会100%》是日本富士电视台2017年制作播出
"《花之锁[MASK]凑佳苗创作的推理小说，2011年3月10日由文艺春秋出版单行本"中[MASK]位置的文本是：	》（日语：花の锁），日本小说家
"紫檀也疯狂是管晓杰，周连景[MASK]"中[MASK]位置的文本是：	导演的网播剧
"《都市[MASK]再造》是2003年东南大学出版社出版的图书，作者是叶南客"中[MASK]位置的文本是：	社会的微观
"山椒[MASK]动物的总称，虽名鱼，实非鱼类"中[MASK]位置的文本是：	鱼是两栖纲，有尾目，隐鳃鲵亚目
"《弟子规》是[MASK]，填词浮克"中[MASK]位置的文本是：	刘一祯演唱的歌曲
"众人先后来到浪人部落，乔飞意外发现劫走地图人的真面目，同时他们也渐渐揭开了失落古城的秘密[MASK]"中[MASK]位置的文本是：	.《甜心巧克力》是日本导演筱原哲雄执导的跨国爱情电影，林志玲、池内博之、福地佑介主演
"[MASK]人类历史之谜》是2004年哈工大出版的图书，作者是皮伟兵"中[MASK]位置的文本是：	《
"《政策性担保法律制度研究》是[MASK]出版的图书，作者是 林全玲"中[MASK]位置的文本是：	2007年法律出版社
"《勇敢的代价》是丁丁[MASK]你猜》专辑中"中[MASK]位置的文本是：	的音乐作品，收录在《让
"看吧，一个个那都是才貌双全的，其中最为大家熟悉的[MASK]非曹诚英莫属了，那么，我们就来讲讲胡适与这位曹姑娘之间的往事"中[MASK]位置的文本是：	故事除了他的结发夫人江冬秀以外，那就
"这张专辑收录了《双星情歌》、《等玉人》等具有中国小调味道的情歌 ，[MASK]第一首在英国BBC电台以及香港电台英文台播放的中文歌曲"中[MASK]位置的文本是：	专辑同名主打歌《鬼马双星》由许冠杰创作，并且是
"而反观阿里阵营，先撇开苏宁、高鑫[MASK]还包括浙江最大的连锁超市之一的三江购物，福建的新华都，以及以上海为中心辐射全国的联华超市，大多位于临近浙江大本营的沿海发达地区，未触及中西部，自然把机会留给了腾讯"中[MASK]位置的文本是：	零售（大润发和欧尚）等全国性零售企业，
"你演戏就是个死啊“在《士兵突击》中张译与陈思成、李晨结下兄弟情谊，《北京爱情故事》是陈思成的电视剧处女作，张译和李晨[MASK]张译不愿多说，但他回忆曾经在自己过得不如意时，陈思诚总叫他进城吃饭，给他鼓劲，一起喝酒，一起散步"中[MASK]位置的文本是：	都来帮忙，但是他们却因戏份问题和陈思诚产生了分歧，关于细节
"关凌说最后一次见到爷爷是在北京肿瘤医院的ICU病房，当时《圆圆的故事》正在筹备[MASK]鼓励我说我孙女没问题，我孙女一定行"中[MASK]位置的文本是：	，爷爷提供了很多帮助和建议，“他还
"基本资料球员:威克汉  生日:1975年11月21日  球衣号码:999  国籍:英格兰  效力球队:卡亚士维斯  场上位置:中场  前度效力球队:现代城  曾经效力球队:[MASK]"中[MASK]位置的文本是：	现代城,韦斯浦球队阵容前锋  G
"运动生涯26岁的埃克塞尔-赫弗雷来自欧洲篮球小国比利时，身高2[MASK]和大前锋两个位置"中[MASK]位置的文本是：	米05，体重达到110公斤，能打小前锋
"赵黑（410-482年[MASK]酒泉安弥（今甘肃临水县）"中[MASK]位置的文本是：	），初名赵海，字文静，祖籍河内温县，生于
"《碎天命》是一部连载[MASK]小说，作者是Mars天宇"中[MASK]位置的文本是：	于起点中文网的玄幻类
"企业简介安徽海螺水泥股份有限公司1成立[MASK]年9月1日"中[MASK]位置的文本是：	于1997
"4月，推出加入飞碟唱片公司后[MASK]的错》由刘德华作词"中[MASK]位置的文本是：	的首张专辑《真情难收》，其中的主打歌曲《一辈子
"《我的极品妃》是在17k小说网[MASK]夏樱蕊"中[MASK]位置的文本是：	连载的青春校园小说，作者是
"《中华人民共和国担保法配套规定》是中国法制出版社出版的图书，[MASK]"中[MASK]位置的文本是：	作者是《法律及其配套规定丛书》编写组
"“沧海一声笑 滔滔两岸潮浮沉随浪只记今朝苍天笑 纷纷世上潮谁负谁胜出天知晓”经典的老歌老剧都是不能复制[MASK] 饰）生性放荡不羁，和古板严肃的掌门岳不群形成鲜明对比"中[MASK]位置的文本是：	的，这部《笑傲江湖》是一部武侠剧，由《香港电视广播有限公司》制作拍摄，讲述了华山派大弟子令狐冲（吕颂贤
"张福宏，男,汉族,1963年9月出生,中共党员,[MASK]"中[MASK]位置的文本是：	甘肃通渭人,省委党校研究生学历
"6、黄圣依，1983[MASK]电视剧《天仙配》获得中央电视台电视剧频道的年度收视冠军"中[MASK]位置的文本是：	年出生于上海浦东新区，凭借电影《功夫》被观众熟知，2007年主演的
"歌词邓文洁&蔡国屏《[MASK]蔡国屏Lrc 歌词由网友　　CBC1206 制作Music…我的家、在东北松花江上，　　那里有、森林煤矿，　　还有那、满山遍野的大豆高梁"中[MASK]位置的文本是：	松花江上》作词：张寒晖演唱：邓文洁&
"秦世滚，男，汉族，1977[MASK]9月参加工作，广西邕江大学工业电气自动化技术专业毕业，大专学历"中[MASK]位置的文本是：	年1月出生，广西灵山人，2000年12月加入中国共产党，1999年
"《常用药物新用途临床大全》是[MASK]出版的图书"中[MASK]位置的文本是：	1997年中国中医药出版社
"导演[MASK]到这部《内布拉斯加》，我们一次又一次的看到亚历山大·佩恩让各式各样的男人们上路，让他们或感伤或疯狂或缱绻或纠结的在旅途中带着观众在旅途中最终收获内心的宁静"中[MASK]位置的文本是：	亚历山大·佩恩显然在《内布拉斯加》里延续着自己一贯的“在路上”主题，从《杯酒人生》《关于施密特》《后裔》再
"[MASK]这个经典角色，相信大家的第一反应就是《还珠格格》，而说起《还珠格格》，大家都会想到赵薇"中[MASK]位置的文本是：	说起小燕子
"爱因斯坦，丘吉尔和马丁·[MASK]较为零散，直到2006年作家兼制片人朗达·拜恩受到一本古书的灵感启发，决定把这些人成功的思想根源著成书，并取名为《秘密》出版"中[MASK]位置的文本是：	路德·金都曾实践过这一定律，但是他们的方式
"影视剧中的4大“渣男”：杨洋，《左耳》中杨洋饰演[MASK]青春却悲剧收场，宛如渣男一个"中[MASK]位置的文本是：	的许弋，他惊艳了
"《霸道太子》是一部都市小说都市重生小说，作者是 ，[MASK]17K小说网"中[MASK]位置的文本是：	连载平台是
"1、蓝洁瑛表示拍摄《大时代》的[MASK]改了剧本"中[MASK]位置的文本是：	一场戏时临时
"基本信息简介马茵，男，河南泌阳人士，毕业于河北[MASK]书法院系1"中[MASK]位置的文本是：	美术学院
"《风筝断了线》是由华语知名[MASK]新锐音乐人于瑞洋填词、作曲、收录在郑源2014年发行专辑《入戏太深》当中的一首源氏情歌"中[MASK]位置的文本是：	歌手郑源演唱，
"《中国上市公司股权再融资效率》是2007[MASK]图书"中[MASK]位置的文本是：	年6月1日经济管理出版社出版的
"个人资料生日：1970年3月9日  身高：168cm  体重：70kg  血型：B型  无论黄暨平失业，  [MASK]  依然是我的大平平"中[MASK]位置的文本是：	多么落魄，内心苦闷，不问前程，
"21. 《沉静领导》（[MASK]Right Thing），约瑟夫L巴达拉科（Joseph L. Badaracco）著，2002 年出版（中译本由机械工业出版社出版）"中[MASK]位置的文本是：	Leading Quietly: An Unorthodox Guide to Doing the 
"2、《甄嬛传》宫廷剧《甄嬛传》又名《[MASK]的同名小说"中[MASK]位置的文本是：	后宫甄嬛传》，改编自流潋紫所著
"[MASK]》是 2010年清华大学出版社出版的图书，作者是王美"中[MASK]位置的文本是：	《厨房管理实务
"但是，国家很[MASK]后，高小霞回上海与徐光宪结婚，准备共同干一番事业，现实却是又一次失业"中[MASK]位置的文本是：	贫穷，落后，需要我们来建设……  半年
"《姐姐妹妹站[MASK]《我变了》中的主打歌之一，由刘思铭作词，刘志宏谱曲，王继康编曲，丰华唱片公司制作发行"中[MASK]位置的文本是：	起来》，是陶晶莹1999年专辑
"王延涛，[MASK]岁，毕业于浙江大学材料科学与工程学系"中[MASK]位置的文本是：	男，41
"爱不轻易退让 我就是这样歌手介绍范玮琪从小在美国长大，于六岁时返回台湾念书，曾在台中晓明女中就读国[MASK]大二转学到哈佛经济系"中[MASK]位置的文本是：	中，至高中又返回美国继续学业，开始在洛杉矶波莫纳大学（Pomona College）主修税法，之后至
"钱小蕙，女，毕业于香港浸会大学传理学院电影系，电影策划[MASK]监制、编剧"中[MASK]位置的文本是：	、
"从此暗河宫消失，百姓过上安定生活第七部《台湾往事》主演：左小青，刘以豪，[MASK]打打闹闹的孩子们，已经长为青年"中[MASK]位置的文本是：	张书豪，侯彦西，简嫚书，程予希，黄薇渟时光飞逝，转眼间到了1939年，台湾这个小岛上，这些儿时
"朱木炎，1982年3月14日出生，台湾桃园县人，[MASK]月代表中华台北参加雅典奥运会夺得58公斤级比赛金牌，被封为“台湾战神”"中[MASK]位置的文本是：	跆拳道选手，2004年8
"《还没往下想》是台湾歌手蔡旻佑演唱的歌曲，由周炜杰作词，蔡旻佑作曲，收录于蔡旻佑2015年12月18[MASK]》中"中[MASK]位置的文本是：	日发行的专辑《我和我的布拉姆斯
"《你就是我唯一的爱》是潘美辰演唱的流行情歌，蓝与白唱片公司于1990年2月[MASK]"中[MASK]位置的文本是：	发行的国语专辑
"《知识产权法律[MASK]5》是2007年9月中国法制出版社出版的图书，作者是中国法制出版社"中[MASK]位置的文本是：	关联集成-
"宁全喜毕业于哈尔滨师范大学美术系，2008年结业于中国美术家协会高研班，2001年至[MASK]"中[MASK]位置的文本是：	2012年结业于中国国家画院原院长龙瑞先生工作室
"《中国商标报告（第4卷）》是[MASK]-1出版的书籍"中[MASK]位置的文本是：	一本曹中强 黄晖 编制，由中信出版社在1900-1
"2月下旬，中央电视台大型节目中心向湛江市委宣传部发来《邀请函》，邀请南狮表演团队到北京[MASK]年元宵晚会”演出"中[MASK]位置的文本是：	参加央视“2018
"《绝代艳后》[MASK]·舒瓦兹曼玛丽王后穿每一件衣服，在凡尔赛款款徐行的时候，都是一幅画，赏心悦目"中[MASK]位置的文本是：	导演:索菲亚·科波拉主演:克斯汀·邓斯特/詹森
"《不一样的美男子》是湖南卫视和春秋风云影视策划有限公司联合出品，由沈怡、丁仰国[MASK]、纪亚文等主演的偶像剧"中[MASK]位置的文本是：	共同执导，张翰、吴映洁、范世琦、路晨
"歌曲简介《不再停留》是由金放作词[MASK]的一首歌曲，并收录在石头2015年发行的专辑《念》中"中[MASK]位置的文本是：	、刘珂明作曲，并由石头演唱
"《新编日本语能力考试2级综合训练及解题指导》是2007年东华大学出版社出版的[MASK]作者是张桦"中[MASK]位置的文本是：	图书，
"《岁月如金》是由北京市广播电影电视局、北京华录百纳影视股份有限公司、北京大唐辉煌传媒[MASK]颜丙燕、左小青、廖京生主演1"中[MASK]位置的文本是：	股份有限公司、北京天禾兄弟影视投资有限公司出品年代励志剧，由阎建钢执导，张丰毅、
"羊属（Ovis）  羊属（[MASK]几个种，摩佛伦羊种，中亚赤羊种，盘羊种，绵羊种，大角羊种，细角羊种，雪羊种"中[MASK]位置的文本是：	学名：Ovis）是哺乳纲偶蹄目牛科羊亚科以下的一个属，又叫盘羊属，下面大约有以下
"上海桉辉食品有限公司成立于[MASK]公司位于上海市松江区名企公馆，主营业务为面粉及面粉深加工产品"中[MASK]位置的文本是：	2015年，
"《新猛鬼街》是由美国新线[MASK]·哈利、鲁妮·玛拉、凯尔·加尔纳、凯蒂·卡西迪联合主演1"中[MASK]位置的文本是：	电影公司出品的《猛鬼街》系列恐怖电影的重起版，由塞缪尔·贝尔执导，杰基·厄尔
"《卖汤圆》是一首由狄薏作词[MASK]肖洋演唱的歌曲，收录于《有事你就说》专辑中"中[MASK]位置的文本是：	，姚敏作曲，
"2012年，郑爽凭借个人首部电影《画壁》获得香港电影导演协会年度新演员金奖和第31届香港电影[MASK]仙侠剧《古剑奇谭》获得第13届电视华鼎奖全国观众最喜欢的影视演员"中[MASK]位置的文本是：	金像奖最佳新人提名2014年，郑爽凭借
"气候[MASK]属北亚热带季风气候"中[MASK]位置的文本是：	龙泉镇
"和平村气候温和，风景优美，四季分明[MASK]民风淳朴，勤劳善良，热情好客"中[MASK]位置的文本是：	，乡域
"《若不是因为[MASK]是2012年6月由云南人民出版社出版的言情小说，作者是顾西爵"中[MASK]位置的文本是：	爱着你》
"1986年，中国第一代电视导演、电视艺术家杨洁，携手众多演员，为我们奉献了一部传颂至今的经典《西游记》，直至32年后的今天，依旧有人争相传颂经久不衰，六小龄童的[MASK]演绎，一句经典的台词，一个动作，一个眼神，都能令人久久不能忘怀"中[MASK]位置的文本是：	孙悟空，马德华的猪八戒，闫怀礼的沙僧，汪粤的唐僧，传神的
"导演：[MASK]音乐原声主题曲《心跳》"中[MASK]位置的文本是：	汪涛3分集剧情
"王思聪在新戏“京城[MASK]平时也不摆什么明星富二代驾子，还经常到路边摊吃烧烤，亲和力满分"中[MASK]位置的文本是：	四少”是富家子弟，现实生活中更是十足的富二代，万达的太子爷，王健林独子，但他
"秦红棉江湖人称修罗刀，为段正淳生[MASK]女儿木婉清"中[MASK]位置的文本是：	下一个
"第七名：[MASK]影业、烈火影业等联合出品的警匪片，由文伟鸿执导，王晶、乐易玲监制，关皓月担任编剧，古天乐、张家辉、吴镇宇、佘诗曼、许绍雄、李光洁、张慧雯等主演"中[MASK]位置的文本是：	《使徒行者》《使徒行者》是由嘉映影业、邵氏兄弟国际
"这份名单显示（见下表），第一名是亚马逊，紧随其后的是Booz-Allen Hamilton[MASK]审计、税务和咨询等服务）"中[MASK]位置的文本是：	（美国的一家管理和信息技术咨询公司）和KPMG（毕马威，总部位于荷兰阿姆斯特丹的专业服务机构，专门提供
"上海老凤祥[MASK]创始于1848年的老凤祥银楼发展沿革而来，其商标“老凤祥”的创意，也源于老凤祥银楼的字号"中[MASK]位置的文本是：	有限公司正是由
"2004年，金城武首次与内地导演合作出演张艺谋的电影[MASK]十面埋伏》6"中[MASK]位置的文本是：	《
"《北京交通史》是2008年清华大学出版社[MASK]的图书，作者是颜吾佴等"中[MASK]位置的文本是：	有限公司出版
"演艺经历2014年，参演影视作品[MASK]彼得·卡帕尔蒂将出演英国广播公司最长寿科幻剧《神秘博士》的男一号，现年55岁的彼得将是扮演这一英剧标志性人物的第十三位演员"中[MASK]位置的文本是：	《神秘博士》，
"山西欧德宝电子工程有限公司于[MASK]山西省阳泉市工商行政管理局登记成立"中[MASK]位置的文本是：	2011年9月23日在
"2014[MASK]狂怒》,最终华谊兄弟以1100万美元接盘"中[MASK]位置的文本是：	年上映的由布拉德·皮特主演的《
"《浪漫传说之穿越》[MASK]于17K小说网"中[MASK]位置的文本是：	是冷血野蔷薇创作的网络小说，发表
"连[MASK]王菲打call，刷爆了整个朋友圈"中[MASK]位置的文本是：	女儿窦靖童都在微博上为母亲
"新华食品模具厂[MASK]原来的单一生产铝合金蛋糕的小厂，现已发展到具有先进的技设备，生产优质铝合金蛋糕模，高级仿生不粘模，冷板冲压铁模，及各种食品机械烘焙器具专业厂家"中[MASK]位置的文本是：	始建于1979年，二十多年来在各界烘焙业朋友的大力支持下，由
"《超跑女郎》是由韩轩和陈佳欣导演的[MASK]人参加演出"中[MASK]位置的文本是：	喜剧，瑶瑶、David G（法国）等
"《我们小区艺体能》剧组工作人员表示，沈昌珉离开后节目将进行一些改动，今后[MASK]留下的空缺"中[MASK]位置的文本是：	将根据比赛项目邀请嘉宾来弥补沈昌珉离开
"文育才  男，1940年生，四川[MASK]"中[MASK]位置的文本是：	会理县人
"《视觉语言[MASK]策略》是2005-6中国人民大学出版社出版的图书，作者是查尔斯·科斯特尼克"中[MASK]位置的文本是：	设计：职业传播者
"而[MASK]另一个儿子王文祥，则是淡出台湾和台塑集团"中[MASK]位置的文本是：	王永庆
"《我的美丽乡愁》描写的是身在异乡的“南漂”、“北漂[MASK]忙碌在他乡别处的 “南漂”、“北漂”打工一族的内心深处的一份思乡之情"中[MASK]位置的文本是：	”们的生活，俞钟 擅长“以情动人”，影片力求带给广大观众，尤其是紧张
"杨波久1952年7月生[MASK]辽宁凤城人，祖籍山东省即墨县，先祖杨万祥为清朝翰林"中[MASK]位置的文本是：	，
"《警字一号》，中国大陆颢然[MASK]徐建华编剧，李崇霄主演剧情电视剧"中[MASK]位置的文本是：	执导，
"品牌[MASK]名家了，但很少人知道其创始人罗红却是一个摄影爱好者"中[MASK]位置的文本是：	代言人江一燕蛋糕创始人好利来蛋糕，蛋糕界响当当的大
"《蝴蝶效应的爱》是熟稔[MASK]于17K小说网"中[MASK]位置的文本是：	锦瑟创作的网络小说，发表
"《缝补灵魂的天使》是2013年春天出版国际文化有限公司出版[MASK]FrancineRivers"中[MASK]位置的文本是：	的图书，作者是法兰辛．瑞维斯，
"《生日快乐》是由汪苏泷演唱的一首歌曲，[MASK]《弗斯特》专辑中"中[MASK]位置的文本是：	收录在
"阿隆[MASK]冰岛籍足球运动员，球场位置是中场，效力于加的夫城俱乐部"中[MASK]位置的文本是：	·冈纳尔森是一名
"《德克萨斯的巴黎》是维姆·文德斯执导的剧情片[MASK]戴恩·斯坦通主演，于1984年5月14日上映"中[MASK]位置的文本是：	，由哈利·
"《天下第一丑》是沈好放执导[MASK]，由夏雨、朱媛媛、梁冠华、胡可、马羚等主演"中[MASK]位置的文本是：	的古装轻喜剧
"《重生归途》是新泽天涯[MASK]网络小说，发表于起点网"中[MASK]位置的文本是：	01创作的
"07.《钢铁侠3》Iron Man 3 (2013) [MASK] 美国 片长: 130分钟自纽约事件以来，托尼·斯塔克（小罗伯特·唐尼 Robert Downey Jr. 饰）为前所未有的焦虑症所困扰"中[MASK]位置的文本是：	导演: 沙恩·布莱克 主演: 小罗伯特·唐尼 / 盖·皮尔斯 / 格温妮斯·帕特洛 类型: 动作 / 科幻 国家:
"再看中国近代，写出《北方门前》《面朝大海，春暖花开》的伟大[MASK]女人之间周旋，最后也和陆小凤产生巨大隔阂，没有了爱情"中[MASK]位置的文本是：	诗人海子，因为抑郁症倍感煎熬最后卧轨而死，而以《再别康桥》名动天下的“情圣”徐志摩虽然八面玲珑在几个
"幕后花絮天然排练场 打开封闭自我  经过两个星期的剧本磨合和基础排练，话剧《[MASK]利用乌镇独特的水乡坏境，把“排练场”拉到户外"中[MASK]位置的文本是：	山楂树之恋》进入了最重要的细排阶段，导演田沁鑫化紧张为“轻松”，
"麦昆（McQueen）是一名英国著名的服装设计师，1969年3[MASK]被认为是英国的时尚教父"中[MASK]位置的文本是：	月17日出生，毕业于圣·马丁艺术设计学院，有坏孩子麦昆之称，
"《进入IT企业必读的200个 NET[MASK]是朱毅"中[MASK]位置的文本是：	面试题》是2011年电子工业出版社的图书，作者
"[MASK]11月出生，中共党员，陕西韩城人，出生地甘肃兰州，省委党校大学学历"中[MASK]位置的文本是：	焦伟， 男，汉族，1957年
"”[MASK]，性命是自己的，还是杨铁心曾经的爱妻，家破人亡也有他丘处机的因素，他丘处机有什么权力决定人包惜弱的性命，还说什么饶不饶的，当真跟七怪一样脸大"中[MASK]位置的文本是：	就算嫌包惜弱变节改嫁，人家做了伤天害理到得去死赎罪的事了吗，人家活下来了
"天使不怕流泪是小说[MASK]的一部作品，作者是稀稀"中[MASK]位置的文本是：	阅读网已完结
"[MASK]》是2010年3月外语教学与研究出版社出版的图书，作者是张中载"中[MASK]位置的文本是：	《文苑散步
"图片由宣传方提供 千龙网发千龙网讯 [MASK]上看风景》近期在湖南卫视火热播出中,作为湖南卫视青春进行时剧场的开年大剧,从开播至今,一路取得了良好的成绩"中[MASK]位置的文本是：	由芒果影视、深蓝影业出品,姜潮、李溪芮、庞瀚辰、何瑞贤、赵旭东、宋奕星主演的“甜宠2018冰山女孩的蜜恋治愈法”偶像剧《我站在桥
"《三国机密之潜龙在渊》暂定3月/腾讯视频出品公司：唐人影视导演：游达志、郑伟文编剧：常江主演：马天宇、韩东君、万茜、董洁类型：古装、历史、三国剧情简介：东汉末年，灵帝宠妃王美人诞下双生子，[MASK]"中[MASK]位置的文本是：	因遭何皇后迫害，对外称只生一子刘协，另一个儿子刘平则被人偷偷带出，密养宫外
"贾全明，男，汉族[MASK]，河南舞阳人，法学博士学位，1981年9月参加工作，1982年2月入党，曾任新乡市市委常委、常务副市长"中[MASK]位置的文本是：	，1962年3月出生
"大脸忍无可忍的[MASK]，哪吒是托大天王李靖的儿子，真是个脑残"中[MASK]位置的文本是：	纠正他牛魔王的老婆是铁扇公主
"李建民，男，汉族，[MASK]人大常委会副主任"中[MASK]位置的文本是：	平顺县第十五届
"姜妍主演的《我[MASK]你看过吗"中[MASK]位置的文本是：	的青春遇见你》这部电视剧，
"林俊国副教授，1991年1月毕业[MASK]经济学硕士学位"中[MASK]位置的文本是：	于浙江大学经济系，获
"珠海中润房地产投资顾问有限公司简称【中润地产】，珠海市[MASK]正规房地产专业代理机构"中[MASK]位置的文本是：	工商管理局核准、登记、注册的
"《岁月楼情》是香港电视（HKTV）制作出品的时装伦理电视剧，由黄国强执导，[MASK]夏雨、鲍起静、黄日华、唐宁领衔主演、关宝慧、林利、曾伟权、姜皓文等联袂出演"中[MASK]位置的文本是：	梁敏华总编剧本，
"《世界著名战役与著名商战的思维对接》是[MASK]广东经济出版社出版的图书，作者是卢孟来"中[MASK]位置的文本是：	2005年
"于溥泽（1745～1804），[MASK]又字芥林"中[MASK]位置的文本是：	字皆霖，
"2011年10月[MASK]冯仁亮一人打爆了对手防线，一次边路加速突破为郜林送上助攻，此外一次突破在禁区内被放倒没有判罚点球"中[MASK]位置的文本是：	6日中国国家男子足球队对阵阿联酋队，申花边锋
"《平原游击队》是武兆堤[MASK]、谷子等主演的抗日战争电影"中[MASK]位置的文本是：	、常甄华执导，李铁军
"《我的傻爸爸》是反町隆史时隔[MASK]电视剧"中[MASK]位置的文本是：	3年（2008-2011）主演的
"其中，《灭罪师》是[MASK]》之后，五百执导的又一部悬疑推理力作，可还是没能逃脱和《心理罪》一样被下架的命运"中[MASK]位置的文本是：	继《心理罪
"拉希姆·阿尤（Rahim Ayew，1988年[MASK]目前效力于埃及俱乐部扎马莱克"中[MASK]位置的文本是：	4月16日－），是一名加纳足球运动员，司职前卫，
"《甘肃省高等教育自学考试试用教材·中国[MASK]文论选》由兰州大学出版社出版"中[MASK]位置的文本是：	古代
"布尔兹加洛夫，[MASK]运动员"中[MASK]位置的文本是：	俄罗斯，足球
"[MASK]等翅目、鼻白蚁科下一个物种"中[MASK]位置的文本是：	苏州乳白蚁是属
"《每一次相遇都是一粒种子》是2013年[MASK]卷子绘"中[MASK]位置的文本是：	中国华侨出版社出版的图书，作者是关漓，
"安徽省先越商贸有限责任公司成立于2005年1月，公司坚持：“[MASK]理念"中[MASK]位置的文本是：	百事恒兴、精益求精、至善至美、日月永辉”的企业
"腹黑伪萝莉钓大叔是傲娇伪萝莉所著的一本书[MASK]言情小说，出版社是潇湘书院"中[MASK]位置的文本是：	，小说类型是
"2014年7月14日，美国男篮国家队在官方推特上公布了7月底[MASK]马库斯·考辛斯入选"中[MASK]位置的文本是：	在拉斯维加斯的19人迷你训练营名单，德
"Greenberg最佳影片《法国贩毒网》提名12[MASK]Newman幕后制作创作背景"中[MASK]位置的文本是：	最佳导演威廉·弗莱德金最佳原声Christopher 
"《妙想天开》（Brazil）是特里·[MASK]一部科幻电影，乔纳森·普雷斯、罗伯特·德尼罗、麦克·帕林等主演，于1985年上映"中[MASK]位置的文本是：	吉列姆执导的
"《武神赵子龙》是程力栋、国建勇、袁英明执导的古装剧，由林更新、林允儿、金桢勋、贾青、高以翔、郭冬冬、孟子义、古力娜扎、[MASK]"中[MASK]位置的文本是：	严屹宽 、赵韩樱子、范雨林、邹兆龙、孙骁骁领衔主演
"汪华文化汪华文化又称汪王文化[MASK]过程中与汪华有关的物质文明和精神文明的总和，主要是指存活于隋唐以来的徽州政治、经济、社会、文化以及生态等各个层面的所有汪华现象"中[MASK]位置的文本是：	、汪公文化，它广义是指社会历史发展
"《只要一点爱》是由潘伟源作词，冯镜辉[MASK]多谢关心》中"中[MASK]位置的文本是：	作曲，张智霖演唱的一首歌曲，收录在专辑《
"官方简历显示，郝会龙[MASK]1982年11月加入中国共产党，北京大学哲学专业毕业"中[MASK]位置的文本是：	是甘肃临洮人，1984年7月参加工作，
"《华夏[MASK]写的网络小说连载于17k小说网"中[MASK]位置的文本是：	始祖》是党忠义
"《我的冷艳王妃[MASK]网络小说，发表于17K小说网"中[MASK]位置的文本是：	》是糖果小甜创作的
"《[MASK]是起点中文网连载的小说，作者是青之佚名"中[MASK]位置的文本是：	天眼通玄》
"王安华，男[MASK]曾任高明分局荷城派出所打“两抢”专业队队长1，现任佛山市公安局高明分局杨和派出所副所长"中[MASK]位置的文本是：	，1974年出生，江西吉安人，中共党员，1996年1月参加公安工作，三级警督，
"白平和[MASK]东乡县，出生地江西省抚州市东乡县，省委党校研究生学历，中共党员"中[MASK]位置的文本是：	，男，汉族，1970年3月生，籍贯江西省抚州市
"《灵魂币》是连载在纵横中文网的小说，[MASK]"中[MASK]位置的文本是：	作者是八色异常
"安第斯冠伞鸟委内瑞拉亚种属于动物界、[MASK]属"中[MASK]位置的文本是：	脊索动物门、鸟纲、雀形目、动冠伞鸟
"《[MASK]演唱的一首贺岁歌曲，收录于《祝福1》专辑中"中[MASK]位置的文本是：	好年头好兆头》是卓依婷
"《相对无言》是和汇慧演唱[MASK]和汇慧作曲，1电视剧《守婚如玉》的插曲"中[MASK]位置的文本是：	的歌曲，由和汇慧、茅熠作词，王梓同、
"《月下的恩底弥翁》是2010年[MASK]是月褪"中[MASK]位置的文本是：	9月1日新世界出版社出版的图书，作者
"」 　　「今生有约」是独立发行商时代彩虹公司所[MASK]焦雄健相中了蔡安荞才推荐给导演"中[MASK]位置的文本是：	投资拍摄的新片，负责人
"《惶惑的年代》是2000年北京十月文艺出版社[MASK]拉伊尼"中[MASK]位置的文本是：	出版的图书，作者是意大利作家达契娅·马
"巴马科属于典型的热带草原气候（Climat tropical de savane），全年气候[MASK]43"中[MASK]位置的文本是：	炎热，平均气温28℃ ，绝对最高气温可达
"吕雯（1429年－1494年），[MASK]保定东）人"中[MASK]位置的文本是：	字天章，直隶安州（今河北
"刘锦枝，1962年毕业于同济医学院，[MASK]妇产科的教学、医疗工作"中[MASK]位置的文本是：	毕业后在同济医院从事
"林依晨在2013年拍完《[MASK]到大银幕，同时完成了人生大事——结婚"中[MASK]位置的文本是：	兰陵王》之后，她便把工作重心转移
"[MASK]天使的翅膀 - 尚芸菲"中[MASK]位置的文本是：	借一双
"《墙头草》是连载于风起中文网的婚恋[MASK]是王非笑"中[MASK]位置的文本是：	家庭小说，作者
"特别是随着中国人不断获得一些瞩目成就，如屠呦呦获得诺贝尔科学奖、刘慈欣的科幻小说《[MASK]电视文化中的热门词汇"中[MASK]位置的文本是：	三体》获雨果奖等，进一步引发了科学热潮，使得“科学”成为
"深圳市英威腾电气股份有限公司成立于2002年，致力于成为[MASK]产品与服务供应商"中[MASK]位置的文本是：	全球领先、受人尊敬的电气传动、工业控制、新能源领域的
"《勇气》是苏有朋演唱[MASK]，该歌曲由陈大力、陈秀男作词谱曲"中[MASK]位置的文本是：	的一首歌曲
"本身就是并不公平的婚姻，因为是贾乃亮用尽[MASK]还是仅仅是感动，我们不得而知"中[MASK]位置的文本是：	千辛万苦追到的李小璐，所以李小璐究竟是爱她
"湖北澳星环保成套设备有限公司于2003年07月29[MASK]登记成立"中[MASK]位置的文本是：	日在荆州市工商行政管理局
"大家都知道，刘涛之前是闪婚，和王珂认识没有多久就结婚，当时王珂还没有破产，正是满面春风的“京城四少”之一，对于刘涛和王珂的婚姻，很多媒体都[MASK]结婚时并不知道王珂是做什么的"中[MASK]位置的文本是：	说是刘涛嫁入了豪门，但是在采访中，刘涛自己却表示当时
"”洪钟灿PD确定担任李栋旭-曹承佑新剧[MASK]的洪忠灿PD确定将担任由李栋旭-曹承佑出演的JTBC新剧《Life》(暂译)的导演"中[MASK]位置的文本是：	《Life》导演据悉通过《世上最美丽的离别》-《名不虚传》-《Dear My Friends》等剧表现出卓越导演力
"腾讯网剧《重生之名流巨星》的主题曲[MASK]、甘世佳作词、毛方圆作曲"中[MASK]位置的文本是：	，由马可演唱
"上海沪宁房地产估价有限公司成立于2004年，是一家专业致力于房地产评估的企业，是[MASK]学会”会员单位"中[MASK]位置的文本是：	“上海房地产估价师
"曾经为林志炫写出[MASK]的就是你》、《唯一》的台湾词作者楼南蔚现场就开始对学员新生开起课来，她说，“断气与换字的位置不协调是填词新手最常见的问题"中[MASK]位置的文本是：	《没离开过》、王力宏《爱
"[MASK]江苏溧阳人，1944年7月参加革命，1947年6月加入中国共产党"中[MASK]位置的文本是：	宋俊芝，
"1998年，靳东主演电视剧《母亲》，饰演“张红兵”，那个时候的他还[MASK]还是一个很青涩的大男孩，脸部有些偏瘦，还是喜欢现在的靳东"中[MASK]位置的文本是：	没有考入中央戏剧学院，
"北京南山航空[MASK]05在海淀分局登记成立"中[MASK]位置的文本是：	材料研究院有限责任公司于2013-02-
"[MASK]恋倾城创作的网络小说，发表于17K小说网"中[MASK]位置的文本是：	《修仙大路》是
"招商银行股份有限公司武汉分行[MASK]湖北省工商行政管理局登记成立"中[MASK]位置的文本是：	于1994年01月26日在
"孙权东吴太祖大皇帝孙权（[MASK]富阳），生于下邳（治今江苏睢宁西北）"中[MASK]位置的文本是：	182－252），字仲谋，祖籍吴郡富春（今浙江
"《人类星球》是BBC于2011年01月12日推出的关于人类生存的纪录片，由Tom [MASK]，约翰·赫特担任旁白"中[MASK]位置的文本是：	Hugh-Jones 、 Tuppence Stone 、Nicolas Brown 、Mark Flowers 执导
"张鸿成个人资料张鸿成，吉林长春人，[MASK]FAB精彩集团创始人，从事正版音像行业20余年，是中国民营文化产业领航者"中[MASK]位置的文本是：	毕业于中欧商学院首届总裁MBA，研究生，
"刘惠平，女， 1956年12月[MASK]，汉族"中[MASK]位置的文本是：	出生于上海，籍贯山东
"野菠萝蜜[MASK]桑科、波罗蜜属乔木"中[MASK]位置的文本是：	，属于荨麻目、
"他人评价画之所[MASK]宏达人物画近作  文/梅鹤圃  世纪中期，以李震坚、周昌谷、方增先等人为代表的浙派人物画崛起于中国画坛，以一种创新而又与传统笔墨精神接轨的新面貌风靡一时"中[MASK]位置的文本是：	寄  ——读余
"基本信息片名：天下武林  编剧：陈穗生  制作单位： 广州嘉和影视制作有限公司  年份：2011年演员表剧情梗概在中国南方[MASK]进行的是禅山精武体育会创立100周年庆典仪式"中[MASK]位置的文本是：	禅城中山公园内，禅山精武体育会门口，彩旗招展、人头攒动，此时正在
"于润沧几十年如一日，用他[MASK]，为中国有色金属工业的发展做出了突出贡献"中[MASK]位置的文本是：	坚实的专业知识
"1[MASK]降水量500毫米左右，平均气温6"中[MASK]位置的文本是：	气候渭源县属温带大陆性气候，年均
"《渐渐》是由陈克华填词，黄义达[MASK]一首歌曲，收录于赵薇2004年11月12日发行的专辑《飘》中"中[MASK]位置的文本是：	谱曲，赵薇、No Name演唱的
"忻小平，男，汉族，浙江鄞州人，1982年9月参加工作，中共党员，现任[MASK]纪检组长"中[MASK]位置的文本是：	宁波市江北区国家税务局党组成员、
"《生命的残花[MASK]连载于红袖添香网站上的小说，作者是紫忆千寻"中[MASK]位置的文本是：	-青春天空舞翔的桃花雨》是一部
"朱恩涛，1938[MASK]月生，河北容城人，中国共产党党员"中[MASK]位置的文本是：	年8
"“女学邓丽君，[MASK]走上歌唱之路，上海的张行就靠翻唱《迟到》、《小秘密》一炮而红"中[MASK]位置的文本是：	男学刘文正”成为一种风尚，成就了一批模仿者
"2003年12月26日，刘滨在北京协和医院产下一名七斤三两的男婴，这是她和毛新宇[MASK]他取名为毛东东"中[MASK]位置的文本是：	的第一个孩子，他们给
"北京凌天世纪自动化技术有限公司创建于2003[MASK]江苏分公司、中国煤矿网"中[MASK]位置的文本是：	年，下辖北京总部、黑龙江分公司、
"春光灿烂猪八戒动画版，由[MASK]《春光灿烂猪八戒》在全国大江南北热播，被不少专家学者认为是开启了中国的新神话喜剧"中[MASK]位置的文本是：	“春猪之父”之称的范小天策划、出品，十年前，他拍摄的
"1998年经典电视剧水浒传[MASK]饰演的武松剧照"中[MASK]位置的文本是：	丁海峰
"阿隆·迈尔斯（Aaron Miles），11983年4月13日出生于美国俄勒冈州波特兰（Portland, Oregon），前美国职业篮球运动员，司职控球后卫，[MASK]勇士队（NBA金州勇士队下属球队）主教练"中[MASK]位置的文本是：	现为NBA发展联盟球队圣克鲁兹
"但是和很多明星夫妻不一样的是，郑钧和刘芸从不在[MASK]这无疑是一件再正常不过的事情"中[MASK]位置的文本是：	人前忌惮他们会争吵这个事实，因为他们觉得对于婚姻和家庭
"《三个女孩》是由BBC出品，菲丽帕·洛索普执导的电视剧，于[MASK]16日在英国播出12"中[MASK]位置的文本是：	2017年5月
"总导演由负责过《太空牛仔》、《混沌武士》的渡边信一郎担任，[MASK]や担任，动画制作由BONES负责"中[MASK]位置的文本是：	剧本由渡辺あ
"《至尊征途》是墨羽神葬创作的网络小说[MASK]"中[MASK]位置的文本是：	，发表于17K小说网
"《无敌[MASK]》是 2009年1月1日外文出版社出版的图书，作者是 许文妍"中[MASK]位置的文本是：	小学英语语法
"林荫，字樾轩，清光绪[MASK]，幼年随父耕作"中[MASK]位置的文本是：	二十一年（1895）生于东游吕源村农业家庭
"活跃小皿蛛[MASK]动物界，蜘蛛目，新蛛亚目"中[MASK]位置的文本是：	属于
"阎昌居 (1902—[MASK]生产者"中[MASK]位置的文本是：	1985) 全国先进
"注：去年9月，美国国际贸易委员会(ITC)同意调查某些可使用Wi-Fi的设备以及这些设备的元件，之前夏普指控[MASK]"中[MASK]位置的文本是：	海信侵犯其专利
"江苏国创磁能设备有限公司于2014年[MASK]月04日在泗阳县市场监督管理局登记成立"中[MASK]位置的文本是：	11
"《鬼红颜[MASK]艾月魂创作的网络小说，发表于晋江文学网"中[MASK]位置的文本是：	》是
"马耳他最大的天然良港――大港位于首都瓦莱塔与比尔古、[MASK]之间，港区海岸线长15"中[MASK]位置的文本是：	森格莱阿和科斯皮夸三座古城
"[MASK]，2017年1-6月集团销售金额排名中国房企第一位，荣登龙头"中[MASK]位置的文本是：	碧桂园集团成立于1992年，2013年步入千亿房企行列
"平时经常划艇出外的黄银花终于有了一试身手的机会，苏伯垣[MASK]让黄银花掌握了基本的划龙舟技术"中[MASK]位置的文本是：	当起了妻子的教练，
"《国民英雄》为2010年[MASK]惊悚推理偶像剧，由江丰宏执导，郑元畅、郭采洁、周采诗、李至正主演"中[MASK]位置的文本是：	台湾三立电视台制作的
"《营业部长吉良奈津子》是日本富士电视台制作的女性题材职场[MASK]菜菜子主演，松田龙平、原田泰造和石丸干二等共同出演，于2016年7月21日首播"中[MASK]位置的文本是：	剧，由河毛俊作、西浦正记、石井祐介执导，井上由美子担任编剧，松岛
"《3分钟减压瑜伽》是中国[MASK]一部图书，作者是矫林江"中[MASK]位置的文本是：	纺织出版社于2010年出版的
"首先，虽然徐志摩是一个英俊潇洒、浪漫多情，符合所有少女一切[MASK]有妻子的，他的家中有一个原配妻子张幼仪"中[MASK]位置的文本是：	对爱情的幻想和向往，但他始终是
"基本资料球员:史卡特  生日:1981年9月11日  身高:175cm  加盟日期[MASK]场上位置:前锋  前度效力球队:伊普斯维奇  曾经效力球队:伊普斯维奇球队阵容前锋  迈克尔"中[MASK]位置的文本是：	:2006-1-6  球衣号码:9  国籍:挪威  效力球队:禾特  
"窦垿，字于坫，又字子州，号兰泉，清嘉庆九年（1804年）[MASK]云南"中[MASK]位置的文本是：	生，祖籍江南泰川，明代迁居
"前朝周勃、周亚夫父子一个灭吕安刘，一个平定七王之乱，功高盖世，一个[MASK]逼得饿死"中[MASK]位置的文本是：	被武帝爷爷文帝整得半死，一个被武帝爸爸景帝
"1989年，当马修·平森特第一次获得世锦赛奖牌的时候还是一名牛津大学的学生，随后，他和雷德格拉夫配对开始进行双人双桨赛艇训练，1991年，他们在世锦赛中双人双桨比赛中夺得第一枚金牌，并获得1992年西班牙巴塞罗纳奥运会的[MASK]优势夺冠"中[MASK]位置的文本是：	参赛资格，平森特和雷德格拉夫最终以5秒的
"2007年6月19日晚6点30分黑龙江信息技术职业学院大学生[MASK]江南校区举行"中[MASK]位置的文本是：	艺术团成立汇报演出在
"《不再儿嬉》是王菲（曾用艺名[MASK]）《执迷不悔》中，为该专辑第五首歌曲，1993年发行"中[MASK]位置的文本是：	：王靖雯）演唱的歌曲，歌曲收录在第五张粤语专辑（一首国语
"黑客的五件套：1《[MASK]讲Web安全》是2012年电子工业出版社出版的图书，作者是吴翰清"中[MASK]位置的文本是：	白帽子讲 Web 安全》《白帽子
"“他的史诗—[MASK]南京艺术学院美术馆（南京）"中[MASK]位置的文本是：	—杨佴旻新水墨画中国巡回展”，
"英特尔半导体（大连）有限公司于2006年06月06日在大连市[MASK]登记成立"中[MASK]位置的文本是：	工商行政管理局
"《无法取代》是[MASK]作曲并演唱的歌曲，收录在赖伟锋发行于2014年3月11日的专辑《男朋女友》中"中[MASK]位置的文本是：	由章娅萍、韦戈文作词，赖伟锋
"《绝黛风华》是[MASK]，连载于17k小说网"中[MASK]位置的文本是：	一本关于架空历史类型的小说
"阿甘正传，何琪毒[MASK]演唱歌曲"中[MASK]位置的文本是：	也
"宋濂（1310[MASK]—1381年6月20日2），初名寿3，字景濂，号潜溪，别号龙门子、玄真遁叟等3，汉族"中[MASK]位置的文本是：	年11月4日1
"《快乐[MASK]代价》是伤刃的风创作的网络小说，发表于17K小说网"中[MASK]位置的文本是：	的
"友谊贡献奖2013年2月[MASK]以表彰他们培养出姚明这位曾经驰骋NBA多年并积极参与休斯顿华人社团慈善活动的球星"中[MASK]位置的文本是：	24日，休斯顿元宵节游园会组织委员会为姚明的父亲姚志源、母亲方凤娣颁发了“美中友谊特别贡献奖”，
"5月张杰加盟江苏卫视真人秀节目《真心英雄[MASK]"中[MASK]位置的文本是：	》录制111
"绍兴县[MASK]12月22日，成立于绍兴县钱清镇方家桥村，是专业批发经销涤纶低弹丝，涤纶网络丝的企业"中[MASK]位置的文本是：	杜克化纤有限公司（简称杜克化纤）于2010年
"《副职易犯的88个错误》是2010年05月立信[MASK]作者赵凡禹，本书选取了副职领导在日常工作中容易犯的88个错误作为主线，通过具体案例说明了这些错误对我们日常工作的危害与影响，希望各位读者通过阅读本书能得到一些借鉴与指导"中[MASK]位置的文本是：	会计出版社出版的图书，
"路边才能路边草由哥哥德创作，[MASK]"中[MASK]位置的文本是：	连载17k小说网的谍战特工小说
"据史书记载：周瑜，[MASK]"中[MASK]位置的文本是：	字公瑾，祖籍今安徽合肥市
"喀什卡拉麦提[MASK]2016年1月21日在喀什地区喀什市工商局登记成立"中[MASK]位置的文本是：	装饰装修有限公司于
"刘宁，男，一九八九年毕业[MASK]学士学位，本科学历，经济师"中[MASK]位置的文本是：	于华东政法学院国际经济法专业，
"[MASK]主持是范冰冰、李晨、陈学冬、薛之谦、谢依霖"中[MASK]位置的文本是：	2《挑战者联盟第二季》五位固定
"王俊，男，1983年生[MASK]毕业于湖南师大体育系"中[MASK]位置的文本是：	，
"《华人社会的调查研究》是2001年香港[MASK]出版的图书"中[MASK]位置的文本是：	牛津大学出版社
"1940年[MASK]电影导演郑君里在青海金银滩草原拍摄《民族万岁》时，创作了不朽之作《在那遥远的地方》，这首歌曲让中国人如痴如醉，也让西部民歌走向了世界"中[MASK]位置的文本是：	春天，王洛宾随
"《ATmega16单片机项目驱动教程：基于C语言+Proteus仿真》[MASK]，作者是杨永"中[MASK]位置的文本是：	是电子工业出版社出版的图书
"小沈阳，原名沈鹤，1981年生于辽宁省铁岭市，2006年拜师赵本山，2009年因登上央视与师父赵本山[MASK]为《大笑江湖》演唱主题曲，仅仅用了三年的时间，小沈阳就被赵本山捧为当年最红的弟子，让无数人羡慕"中[MASK]位置的文本是：	、毕福剑、毛毛，搭档演出小品《不差钱》一举成名，同年出演电视剧《关东大先生》，2010年再次登上央视春晚，参演小品《捐助》，同年主演电视剧《乡村爱情故事》、电影《大笑江湖》，并
"《心电感应》是梁静茹演唱的歌曲，收录在专辑[MASK]8月10日发行"中[MASK]位置的文本是：	《爱久见人心》，2012年
"粘虫缺须寄蝇，Cuphocera varia Fabricius，[MASK]科缺须寄蝇属"中[MASK]位置的文本是：	为双翅目寄蝇
"中韩合拍的动作喜剧电影《赏金猎人》（又名：Bounty Hunters）将[MASK]中国首映"中[MASK]位置的文本是：	于2016年7月1日在
"而[MASK]的孩子，万达集团太子爷"中[MASK]位置的文本是：	王思聪是王健林唯一
"（《后汉书·袁绍传》[MASK]与郭图、淳于琼一起进攻"中[MASK]位置的文本是：	，《三国志·武帝纪》中则记载颜良是
"[MASK]执导，安泽豪、方力申参演的动作悬疑片"中[MASK]位置的文本是：	《一兵一卒》是由梁杰
"汤菊香，女，1963年10月出生，教授，[MASK]，河南省植物生理学会委员"中[MASK]位置的文本是：	河南师范大学硕士研究生导师
"布莱恩·奥恩比，1990-07-16生于美国，足球运动员，所属[MASK]身高：180cm，体重：75kg，场上位置：中场，球衣号码：22"中[MASK]位置的文本是：	球队：休斯顿迪纳摩，
"周幽王三年（前779年），幽王在后宫见到伯服母亲褒姒从而爱上了她[MASK]褒姒为王后，伯服为太子"中[MASK]位置的文本是：	，因为宠爱褒姒，废掉申后和她的儿子宜臼，以
"个人介绍在西藏人民广播电台著名节目主持[MASK]藏族著名女作家白玛娜珍家做客"中[MASK]位置的文本是：	人文心的引荐下，我们去
"《中医治癌秘诀》是文汇出版社1995-08出版的[MASK]是有治疗肿瘤经验的中医医师书中所载病例，是撰写者临床施治的有效病例，几乎包括了恶性肿瘤的所有类型每篇内容，都体现了撰写者独到的治疗经验，用方的奥秘和奇特的疗效，因而有很好的实用价值它对广大中、西医医师进一步攻克治疗恶性肿瘤的难关、南重要的参考价值：对肿瘤患者增强战胜病魔的信心，有莫大的启迪"中[MASK]位置的文本是：	图书，中医治癌秘诀中医冶疗恶性肿瘤有独到之处本书的作者都
"2000年春季经典日剧『夜叉』宣传视频，伊藤英明[MASK]"中[MASK]位置的文本是：	主演
"基本信息书名：木结构设计  图书编号[MASK]  定价：40"中[MASK]位置的文本是：	：1672342  出版社：中国计划
"史兆强字瀚卿，室名“金石轩”、“雪泥轩”、“海右居”等，中国国际书画研究院[MASK]、济南市书法家协会会员、 博宝拍卖签约书画家"中[MASK]位置的文本是：	副院长、中国艺术工作者协会特邀篆刻家、中国书法艺术家协会会员、山东省书法家协会会员、山东楹联艺术家协会会员
"李洵，]字路周，号古[MASK]，广西永福人"中[MASK]位置的文本是：	渔
"《把握良基》是东方出版社出版的图书[MASK]9787506029247"中[MASK]位置的文本是：	，ISBN是
"《沧海八荒[MASK]创作的网络小说，发表于17K小说网"中[MASK]位置的文本是：	》是东方六少
"威廉·克罗夫特（英语：William Croft，1678年[MASK]年8月14日）是一个英国作曲家和管风琴手"中[MASK]位置的文本是：	12月30日－1727
"接着，王蓉凭借《完美》、《我不是黄蓉》、《爸爸妈妈》、《哎呀》等歌曲走红，略显青涩、打扮简单的邻家姐姐形象深入人心，特别是俏皮[MASK]大街小巷"中[MASK]位置的文本是：	活泼的《我不是黄蓉》和饱含深情的《爸爸妈妈》唱响
"张永清,男,汉族,1965年8月出生，[MASK],1987年7月参加工作，大学文化程度"中[MASK]位置的文本是：	籍贯鄂托克前旗
"《留我枕边》是[MASK]《新扎师兄》的插曲，由梁朝伟和文佩玲，收录在专辑《谁愿》中，1989年发行上市"中[MASK]位置的文本是：	香港无线TVB电视剧
"《梦幻军舰大和号03》是2010年青文出版社出版的图书，作者[MASK]一"中[MASK]位置的文本是：	是本壮
"当吴奇隆18岁出道时，远在北京的刘诗诗才1岁多，两人年龄相差17岁陈羽凡1975年出生，[MASK]婚姻生活幸福美满"中[MASK]位置的文本是：	妻子白百何1984年出生，年龄相差近10岁，婚后育有一子，
"《佛教十三经：金刚经·[MASK]2010年中华书局出版的图书，译者是陈秋平"中[MASK]位置的文本是：	心经》是
"[MASK]年播出的午间剧，由石坂浩二主演"中[MASK]位置的文本是：	《安乐之乡》是朝日电视台2017
"吴峰云 男，51岁，汉族，上海市人，大学毕业，1965年9月至1969年元月在银川师范读书，1969年元月至1972年3月[MASK]年8月至今在宁夏回族自治区博物馆工作"中[MASK]位置的文本是：	在银川市第十一中学任教，1972年4月至1975年7月在西安市西北大学考古专业深造，1975
"《极品女仙》是金铃动所写玄幻仙侠类网络小说，[MASK]于起点女生网"中[MASK]位置的文本是：	连载
"唐僧要[MASK]了一个父亲陈光蕊、母亲殷温娇"中[MASK]位置的文本是：	转世到东土，也是找
"歌曲《[MASK]和陈瑞演唱的一首歌曲，所属专辑《俗情歌》1"中[MASK]位置的文本是：	情债难还》是由歌手冷漠
"在拍照《爱情废柴》MV时，周杰伦以[MASK]，正本《爱情废柴》是圣诞节的气氛，经过制作团队把光从头打，营造出一种有落日的感觉、下午茶韶光，就变成置身巴黎的《告白气球》了"中[MASK]位置的文本是：	同一个重金打造的场景从头打光，但他不想糟蹋这美丽的场景，爽性一景两用
"《希特勒式民主[MASK]起点中文网的小说，作者是李兴春"中[MASK]位置的文本是：	》是连载于
"由王金全编剧，侯明杰执导的电视剧《齐鲁英雄传》[MASK]，实力小演员林浩饰演“小四川”，与《我是特种兵之火凤凰》硬汉雷神的扮演者、著名演员徐佳的对手戏也随之曝光"中[MASK]位置的文本是：	在山东沂南红色影视基地热拍
"《毛泽东思想和中国特色社会主义理论体系概论学生辅学[MASK]，作者是柳礼泉"中[MASK]位置的文本是：	读本》是 2009年 高等教育出版社出版的图书
"《产前产后宜与忌[MASK]农民出版社出版的一本图书，作者是刘文希"中[MASK]位置的文本是：	一本通》是2010年中原
"周和平，男，汉族，1955年9[MASK]公安县斗湖堤镇人"中[MASK]位置的文本是：	月生，1972年12月入伍，湖北省
"《哥可是个传说》是连载[MASK]的游戏网游类网络小说，作者是萧小天"中[MASK]位置的文本是：	于17k小说网
"值得一提的是，由徐佳莹包揽[MASK]你唱》栏目里，就由徐佳莹和粉丝共同演绎过收获满满感动，错过了上一次的合唱，这一次，你可别再错过唱吧这次提供的同框演唱机会"中[MASK]位置的文本是：	词曲创作的《失落沙洲》曾在《我想和
"《猫和老鼠》是米高梅[MASK]制作的一部动画片"中[MASK]位置的文本是：	电影公司于1939年
"02 [MASK]：李念和 曲：紫雯"中[MASK]位置的文本是：	偏偏爱上你 词
"[MASK]刚好也是《其实你不懂我的心》。但最终还是童安格自己将这首歌唱红"中[MASK]位置的文本是：	出现在裘海正1987年第一张专辑，专辑的名字
"《一帘幽梦》是根据琼瑶[MASK]、陈明义执导，琼瑶、林久愉编剧，陈德容、萧蔷、刘德凯、林瑞阳、刘玉婷、勾峰、李丽凤等联袂主演"中[MASK]位置的文本是：	的同名小说为主线并加入另一作品《浪花》的部分人物与情节进行改编的现代言情偶像剧，由蔡扬名
"《[MASK]作曲，收录在《下沙》专辑中"中[MASK]位置的文本是：	荒芜心田》是游鸿明的音乐作品，陈乐融
"《中国游记》是部3D魔幻喜剧动作片电影，出品公司是中影股份有限公司、财纳国际影业、俄罗斯电影集团、耀莱影视文化[MASK]·施瓦辛格、马丽、安娜·曲琳娜、李彧、李萌萌、LanceLuu、MarkLuu、CharlesLuu等知名演员"中[MASK]位置的文本是：	传媒有限公司，于2017年上映，主要演员有杰森·弗莱明、成龙、姚星彤、阿诺德
"《麦圈可可寻宝记》是由宁波卡酷动画制作有限公司[MASK]集动画片"中[MASK]位置的文本是：	出品，并由姚林执导的一部36
"《漫谈新闻采访[MASK]由新华出版社出版的书籍，作者是张征"中[MASK]位置的文本是：	》是1996年
"格伦·罗宾逊三世（Glenn [MASK]美国印第安纳州加里（Gary,IN），美国职业篮球运动员，司职得分后卫，效力于NBA印第安纳步行者队"中[MASK]位置的文本是：	Robinson III），1994年1月8日出生于
"[MASK]的音乐作品，收录在《流浪歌手的回忆》专辑中"中[MASK]位置的文本是：	《北京》是刘健
"《朕养你爱妃[MASK]于潇湘书院的穿越小说，作者是一影然"中[MASK]位置的文本是：	》是2012年7月1日起连载
"日本环境友好型农业[MASK]7月1日出版"中[MASK]位置的文本是：	研究，中国农业出版社2010年
"《假爱之名》是王菲演唱[MASK]将爱》中"中[MASK]位置的文本是：	的歌曲，收录在其专辑《
"《最熟悉的陌生人》是华语流行乐女歌手萧亚轩演唱的一首中慢板抒情歌，这首歌由姚谦填词，小柯谱曲，歌曲的[MASK]复杂感受"中[MASK]位置的文本是：	灵感则来源于原本相爱的两个人在分手之后的那种熟悉又形同陌路的
"山西中涛园林景观工程设计监理有限公司位于太原市并州南路，是山西中条山[MASK]子公司，公司注册资金200万元"中[MASK]位置的文本是：	工程设计研究院的独立法人的
"邢子巍，女，汉族[MASK]2000年6月入党，哈尔滨师范大学汉语言文学专业在职大学毕业"中[MASK]位置的文本是：	，1975年1月出生，1992年8月参加工作，
"[MASK]的女儿李嫣患有唇腭裂疾病"中[MASK]位置的文本是：	王菲与李亚鹏
"《机器战警》是由保罗·范霍文执导，彼得·威勒、南茜·艾伦、丹·奥[MASK]、柯特伍德·史密斯主演的一部科幻片"中[MASK]位置的文本是：	赫里奇、罗尼·考克斯
"自然资源[MASK]有耕地8万亩，人均占有耕地1"中[MASK]位置的文本是：	宿羊山镇总面积96平方公里，
"这座岛上的居民永不会愁苦，也不会烦恼，因为他们还有襁褓的时候，就被岛上的女王面贴面地亲吻过，这位女王的面颊有一种神奇的力量……终于，女王[MASK]所著，供小朋友们阅读"中[MASK]位置的文本是：	诞下了一位可爱的公主，而她竟然拥有比她母亲更为神奇的力量…… 《神面小公主》由周蜜蜜
"其他歌曲：罗大佑《鹿港小镇》丝袜小姐《下雨的[MASK]》三、大陆篇1，何勇：钟鼓楼北京钟鼓楼是坐落在北京市南北中轴线北端的一组古代建筑，位于北京东城区地安门外大街北端"中[MASK]位置的文本是：	垦丁》任贤齐《彩色西门町
"陈丽华夫君迟重瑞[MASK]曾饰演中国名著《西游记》中唐僧而备受拥戴，为了紫檀事业，迟先生不惜淡出影视圈，一直默默陪伴陈丽华身边"中[MASK]位置的文本是：	先生，系中国知名表演艺术家，
"《醉颜红尘》根据[MASK]长篇小说改编而成，由芦芳生，袁志博，李健，沈保平等主演"中[MASK]位置的文本是：	商丘市作家张小莉同名
"《航班[MASK]，影片由大卫·R·艾里斯执导，塞缪尔·杰克逊和内森·菲利普斯联袂出演，影片于2006年8月18日在美国上映"中[MASK]位置的文本是：	蛇患》是新线电影公司2006年出品的一部动作电影
"强尼·[MASK]，出生于奥尔德肖特(英格兰)，是一名足球运动员"中[MASK]位置的文本是：	贝里，男
"圣地亚哥座落于智利中部的中央谷地，全名“圣地亚哥－德智利[MASK]的首府"中[MASK]位置的文本是：	”，是智利的首都和最大城市，也是圣地亚哥首都大区
"《红色康乃馨》由陈心豪编剧，包福明[MASK]刘蓓、李强、张先衡、张恒主演"中[MASK]位置的文本是：	导演的22集电视连续剧，该剧由奚美娟、
"[MASK]，自幼勤奋好学，在1921年考入山西陆军学兵团，后又入北方军校"中[MASK]位置的文本是：	石作衡（1905—1941），山西省浑源县人
"《园冶注释》[MASK]造园学家陈植为明代造园学家计成所著《园冶》 做的注释"中[MASK]位置的文本是：	(张悟静设计，中国建筑工业出版社出版)，是我国著名林学家、
"J·奥拉克来自斯洛文尼亚[MASK]月7日，身高为185厘米，他的职业是足球运动员，球衣号码:999，效力球队:雷利亚，场上位置:守门"中[MASK]位置的文本是：	，他的英文名字是JanOblak，出生于1993年1
"于是，这一年的秋天，[MASK]，风尘仆仆，前去与赵明诚相聚"中[MASK]位置的文本是：	李清照离开居住了十几年之久的青州
"《热血青春之血刃》是百度文学旗下纵横[MASK]2014-05-20正式发布"中[MASK]位置的文本是：	中文网签约作家暗夜流枫创作的一部江湖情仇小说，小说已于
"王一新，男，汉族，[MASK]1960年9月出生"中[MASK]位置的文本是：	大专学历，涟源市白马镇人，
"《幸运数字斯莱文》是由保罗·麦奎根执导，乔什·哈奈特[MASK]年2月24日在英国上映"中[MASK]位置的文本是：	、摩根·弗里曼、本·金斯利主演的犯罪电影，于2006
"《今天我们结婚啦》是[MASK]对唱精选》"中[MASK]位置的文本是：	甜美真演唱的歌曲，所属专辑《情歌
"而在拍摄《女王[MASK]魏大勋更不“吝啬”他的可爱与淘气，为剧组人员一展他专属的爆笑神功"中[MASK]位置的文本是：	派对》期间，
"南海生，男，汉族，1963年12月出生，1981年10月参加工作，甘肃礼县人，大学学历，[MASK]纪检组长(试用期一年)、检委会委员"中[MASK]位置的文本是：	中共党员，曾任西和县人民检察院检察长，拟任陇南市人民检察院党组成员、
"7、刘晓庆1970年毕业于[MASK]走上银幕"中[MASK]位置的文本是：	四川音乐学院附中，1975年
"《水粉静物范本》是2003年浙江人民美术出版社出版的[MASK]是周刚"中[MASK]位置的文本是：	图书，作者
"年7月跨世纪企业董事长黄冠杰随[MASK]访问"中[MASK]位置的文本是：	自治区党委书记郭声琨一行赴台
"《动舞世界》是由杨晓蓉演唱的一首歌曲，由瑞音博乐发行，[MASK]，甘虎谱曲"中[MASK]位置的文本是：	刘明辉填词
"《北洋水师》是一部历史电视剧，由[MASK]、葛优、滕汝骏主演"中[MASK]位置的文本是：	冯小宁执导，陈宝国、陈道明
"《英格兰的早期[MASK]北京大学出版社于2008-8出版"中[MASK]位置的文本是：	治理》作者是周威，由
"葡萄牙黄金一代经纪公司旗下拥有众多中国球员，每年，黄金一代都向国内输送大批球员，如[MASK]）、张源（权健）、郑剑锋（大连）、欧阳耀冲（贵州）等"中[MASK]位置的文本是：	韩鹏飞（恒大）、宁伟辰（国安
"吴景艳 [MASK]，江西九江人，大学毕业，江西师范大学计算机系资料室主任、副研究馆员"中[MASK]位置的文本是：	女，1943年3月生
"[MASK]为人民币1000万元整，是专业从事信息系统工程监理、顾问咨询和项目管理业务的公司"中[MASK]位置的文本是：	公司简介湖南致信信息工程监理有限公司成立于2005年，注册资金
"权威的理由出 版 社：新星出版社出版时间：2008-12-1  字　数：273000  印刷时间：2008-12-1  纸　张：胶版纸  印　次：1内容简介支配与服从是任何[MASK]"中[MASK]位置的文本是：	一种政治秩序的基本问题，而“权威”这一概念构成了支配与服从关系的核心
"而她的婚姻生活也是相当的坎坷，当初宋丹丹24岁的时候与男友闪婚闪离，没人知道她[MASK]生下了儿子巴图，结果十年后因为双双出轨而离婚"中[MASK]位置的文本是：	的第一位丈夫的名字，后来与英达在当时北京人民艺术剧院排演新戏《纵火犯》，英达担任副导演，两人日久生情后恋爱结婚生子，
"1996年张卫健在TVB的《西游记》[MASK]那一时期身上自带上窜下跳的气质"中[MASK]位置的文本是：	里扮演孙悟空，这一版可以算是最活泼的了，张卫健
"陈德烈在电视剧《双璧传说》中[MASK]，他的表现很抢眼"中[MASK]位置的文本是：	抛开奶油小生包袱，挑战坏蛋角色
"静宁县第一中学（简称静宁一中），创建于1941年，现为县属重点高级中学，是一所历史悠久[MASK]的甘肃省省级示范性普通高中"中[MASK]位置的文本是：	、传统文化积淀丰厚
"《幸福终点站》是[MASK]、凯瑟琳·泽塔-琼斯、斯坦利·塔奇和齐·麦拜特"中[MASK]位置的文本是：	一部2004年梦工厂出品的电影，由斯蒂芬·斯皮尔伯格执导，主要演员有汤姆·汉克斯
"《时间[MASK]一首由林若宁作词，伍仲衡作曲，C AllStar、郑秀文演唱的粤语歌曲"中[MASK]位置的文本是：	之光》是
"谋略：98影响力：历史推动97政治生命力：84个人魅力：97综合：93力挽狂澜—[MASK]月16日），字廷益，号节庵，汉族，明朝名臣、民族英雄，杭州府钱塘县（今浙江省杭州市上城区）人"中[MASK]位置的文本是：	—于谦于谦（1398年5月13日－1457年2
"袁传仓[MASK]，大学学历，中学高级教师，中共党员"中[MASK]位置的文本是：	，男，1970年12月出生
"拉丁学名：Deudorix epijarbas (Moore,1858)科学分类动物界   节肢动物门   昆虫纲   鳞翅目  [MASK]"中[MASK]位置的文本是：	 灰蝶科   玳灰蝶属分布范围重庆，福建,广东,广西,海南,台湾
"《梦想人间[MASK]吴天戈执导，黄秋生、应采儿主演的现代喜剧片"中[MASK]位置的文本是：	》是
"《爱的风暴》（日语：新・爱の岚），又译作《新·爱的风暴》是东海电视台[MASK]同名电视剧的重拍版"中[MASK]位置的文本是：	制作、2002年夏季起在富士电视台首播的电视剧，是1986年夏季播出的
"但其中[MASK]重庆谈判前毛泽东请许德珩及其夫人劳君展赴宴之事了"中[MASK]位置的文本是：	最具代表性的要数1945年
"李昭仪（1392[MASK]朝鲜人，恭安府判官李文命的女儿"中[MASK]位置的文本是：	年－1421年），明成祖朱棣的妃嫔，
"高晓蓉[MASK]，现为大连理工大学副教授"中[MASK]位置的文本是：	，毕业于辽宁师范大学
"《约定》是一首由林夕作词，陈小霞作曲，王菲演唱的[MASK]《玩具》专辑中"中[MASK]位置的文本是：	经典歌曲，收录于王菲
"为你唱的歌是俞灏明歌曲专辑《拥抱》里的一首歌曲，这是他在2009年冬发行的个人首张专辑[MASK]的炫舞让人忘记眨眼，感动得让人忘记心跳，以一种温暖的方式蔓延了整个冬天"中[MASK]位置的文本是：	《拥抱》，他
"《大学德育新探--社会主义市场经济与高校思想政治[MASK]作者是林泰"中[MASK]位置的文本是：	工作研究》是1997年清华大学出版社出版的图书，
"《僵尸奶奶再战戈师奶[MASK]的电视剧，于2008年上映"中[MASK]位置的文本是：	》是黄颖珊执导，汪明荃主演
"铁岭市[MASK]27日在调兵山市市场监督管理局登记成立"中[MASK]位置的文本是：	安邦农业科技开发有限公司于2015年11月
"[MASK]谢霆锋的盛世美颜之外，也让我们记住了全剧最大的boss，江玉燕"中[MASK]位置的文本是：	02，小鱼儿与花无缺---江玉燕《小鱼儿与花无缺》除了给我们贡献了
"潍坊百乐源保鲜包装有限公司,自2005年成立以来，是中国唯一专业研发，生产，销售为一体的[MASK]"中[MASK]位置的文本是：	农副产品的物理活性保鲜包装的企业
"《中年时代[MASK]的第二部"中[MASK]位置的文本是：	》是萨孟武先生回忆录
"生平李承福与其父母、1兄、2弟及1妹共7人生活在大韩民国江原道[MASK]（今龙坪面），1967年3月进入束沙国民学校桂芳分校念书"中[MASK]位置的文本是：	平昌郡珍富面
"《万能神典》是白昼的黑山羊[MASK]的网络小说，发表于17K小说网"中[MASK]位置的文本是：	创作
"《全能超人》1是爆炸汽水创作的[MASK]17k小说网"中[MASK]位置的文本是：	一部都市异能小说，现连载于
"人物生平[MASK]扶苏，秦始皇长子"中[MASK]位置的文本是：	
"[MASK]，力求为观众打造原汁原味而又不失惊喜的诚意之作"中[MASK]位置的文本是：	此次新版《泡沫之夏》由原著作者明晓溪为剧本把关
"与林允儿情况相似的还有李敏[MASK]，在2014年的马年春节联欢晚会中，还与庾澄庆合唱了一首《情非得已》，也是在中国成了万千少女心中的偶像"中[MASK]位置的文本是：	镐，李敏镐之前因为出演了韩剧《继承者们》而大火，在最红的时候，也不忘来中国捞一把金
"《叙事理论与审美文化》是2002年中国社会科学出版社[MASK]是谭君强"中[MASK]位置的文本是：	出版的图书，作者
"《十字的弥撒》是在起点中文网连载[MASK]弑天"中[MASK]位置的文本是：	的小说，作者是血帝
"张元利用[MASK]》这部以寻家和回归为主题的影片来完成自己的回归已经有一段时间"中[MASK]位置的文本是：	《过年回家
"《无限恐怖之个人补全计划》[MASK]创作的网络小说，发表于起点网"中[MASK]位置的文本是：	是阍媸噔嗣
"2018《育儿大[MASK]不禁自爆惨境 曹颖险些被“收买”"中[MASK]位置的文本是：	作战》刘仪伟
"布莉·威廉姆森（Bree Williamson）1979年12月28日出生于加拿大安大略省多伦多，她是一位演员，因出演《One Life to Live》（只此一生），[MASK]和 《Haven》（港湾）为人所知"中[MASK]位置的文本是：	《Adam   Eve》
"[MASK]属于鹱形目的海燕有亲缘关系，所以也有人称之为海燕或燕鹱"中[MASK]位置的文本是：	剪水鹱属鹱形目，鹱科，与同
"《狭路相逢》是由查传谊执导的以悬疑、缉毒为线索的电视剧[MASK]戴娇倩、林江国、金鑫等主演1"中[MASK]位置的文本是：	，由陈思诚、
"国共第一次合作破裂以后，萧劲光再次奔赴苏联[MASK]、闽赣军区司令员、红7军团政治委员，并且参加了中央苏区红军的第四，第五两次反围剿作战"中[MASK]位置的文本是：	学习，那时他进入了列宁格勒军政学院，结业后的萧劲光回国后一直在苏区工作，历任11军政治委员
"《太王四神记》是韩国MBC电视台于2007年9月10日播放的传奇神话剧，由金钟学执导，宋智娜[MASK]尹泰荣、文素利主演"中[MASK]位置的文本是：	编剧，久石让担任音乐监制，裴勇俊、崔民秀、
"荣毅仁是江苏无锡人，[MASK]岁时从上海圣约翰大学历史系毕业，此后开始辅佐父亲经营家族企业"中[MASK]位置的文本是：	21
"万莉娟，女，出生年月：1972年[MASK]技术职称：副主任医师社会兼职：为中国抗癌协会临床肿瘤学协作中心会员、中华医学会会员"中[MASK]位置的文本是：	12月毕业院校：江西医学院学历：大学本科专业
"王屹聪，男，河南洛阳人，1986年2月23[MASK]工学及管理学双学士，免试攻读郑州大学软件科学与理论专业研究生"中[MASK]位置的文本是：	日出生，中共党员，毕业于郑州大学通信工程专业和工商管理专业，
"白居易（[MASK]），字乐天，晚年号香山居士"中[MASK]位置的文本是：	772 —846
"“天勾”贾巴尔也曾经跨界演出[MASK]《死亡游戏》中，出演了一名武术高手"中[MASK]位置的文本是：	电影，他在李小龙生前拍摄的最后一部电影
"《合伙人》是1981年10月江苏人民出版社出版的图书，作者是[MASK]普列托"中[MASK]位置的文本是：	赫纳罗·
"除了这个，倪虹洁的当时的演技其实也不怎么样，虽然是颜值担当，但是[MASK]之后的倪虹洁更是“销声匿迹”，不是没有拍戏，而是真的很难火起来"中[MASK]位置的文本是：	气场被主演们力压，认真回想一下，是不是当时倪虹洁的气场根本比不过那群主演~《武林外传》
"疏花繁缕[MASK]属于蕨类植物，蕨纲，真蕨目"中[MASK]位置的文本是：	
"他自导自演的《小爸爸》是当年的国民电视剧，去年的谍战剧《剃刀边缘》口碑也十分不错，之后甚至凭借电影[MASK]是不缺少才华的"中[MASK]位置的文本是：	《陆垚知马俐》获得了第31届中国电影金鸡奖最佳新人导演奖，所以由此可以看出文章
"河北赛克普泰计算机咨询服务[MASK]日在桥西区市场监督管理局登记成立"中[MASK]位置的文本是：	有限公司于2010年6月9
"《锁花劫》是三分之二的高富帅创作的网络小说[MASK]于17K小说网"中[MASK]位置的文本是：	，发表
"北京佳弘颐方投资[MASK]在丰台分局登记成立"中[MASK]位置的文本是：	有限公司于2014-03-25
"骨朵在第一时间专访[MASK]降雨，一起聊了聊关于《老男孩》的“前世今生”"中[MASK]位置的文本是：	了该剧的制片人、好剧影视总经理苏
"至于这部影片的片名《七个隆咚锵咚锵》，韩兆说这是应对爱情[MASK]很喜庆"中[MASK]位置的文本是：	、生活的节奏的一种，很欢快、
"牡丹江凯轩木业有限公司（绥芬河世新木业公司）于1994年在[MASK]基地——绥芬河市"中[MASK]位置的文本是：	哈尔滨成立，后搬迁至中俄贸易的纽带、俄罗斯木材
"王志成1，男，汉族，生于1979年6月，甘肃华池县[MASK]毕业，大学学历"中[MASK]位置的文本是：	人，甘肃政法学院警察管理专业
"1935年，刘善本在“航空救国”思想的影响[MASK]"中[MASK]位置的文本是：	下，考入了杭州笕桥中央航校
"3博世锅炉，博世品牌于1886年创始于德国，算得上是一个[MASK]，博世现在已经成为了欧洲的燃气锅炉供应商之一，是行业中的一大霸主，不仅市场竞争力强，而且它已经占据了很大的市场份额"中[MASK]位置的文本是：	历史悠久的锅炉品牌，长年的发展已经让博世拥有了庞大的企业规模和销售网络
"《皇甫谧传奇》是李翰韬 [MASK]陈浩民、樊少皇、王鸥等参加演出"中[MASK]位置的文本是：	柴子轩执导的古装电视连续剧，
"《我赢定了[MASK]月21日出版的图书，作者是科林·鲍威尔，译者是张强"中[MASK]位置的文本是：	：鲍威尔生活和领导的艺术》是湖南文艺出版社2013年1
"行政区划区划白俄罗斯全国划分为明斯克、布列斯特、[MASK]个区、106个市、25个市辖区、106个镇、1456个村"中[MASK]位置的文本是：	维捷布斯克、戈梅利、格罗德诺、莫吉廖夫6个州和具有独立行政区地位的首都明斯克市，下设118
"《炎神战队轰音者》（日本名《炎神戦队ゴーオンジャー》）[MASK]播放，是由东映制作的《超级战队》系列第32部的作品，该作品讲述轰音者和蛮机族之间斗争的故事"中[MASK]位置的文本是：	是从2008年2月17日起每周日早上7：30 - 8：00于朝日电视台
"网易娱乐3月8日报道由企鹅影视、[MASK]联合出品的原创网剧《幽兰湖之御厨驾到》第二季将于3月8日开播"中[MASK]位置的文本是：	新微笑影视出品，星睿天艺文化传播公司
"西安织巢广告设计有限公司于2016年5月16日在[MASK]登记成立"中[MASK]位置的文本是：	西安市工商行政管理局曲江分局
"眉山市彭山牧马山酒业有限公司成立于2014年[MASK]公司位于四川省眉山市彭山区观音镇"中[MASK]位置的文本是：	9月，从事酒类产品生产销售，
"歌词勇敢的查某子　　孙翠凤　　[MASK]中，　　回头走来的脚步，笑笑换悲伤"中[MASK]位置的文本是：	面带春风搬戏空，人生在梦
"《寄生》是[MASK]情歌的作品，注重感情层面的表达"中[MASK]位置的文本是：	吴克群真正意义上重回诚恳
"《会唱歌的猫》[MASK]2013年明天出版社出版的图书，作者是杨红樱"中[MASK]位置的文本是：	是
"《无罪辩护》是董玲[MASK]的电影"中[MASK]位置的文本是：	执导，王洛勇等主演
"《漫话西游记》是2000年河北人民出版社出版的图书，作者是冯[MASK]"中[MASK]位置的文本是：	雅静
"原向东，男，汉族，1971年12月生，山东威海人，本科学历，任北京瀚堂国际设计顾问[MASK]理事、威海橙子酒店有限公司总经理，是瀚堂国际设计机构发起人之一"中[MASK]位置的文本是：	机构设计总监、上海中鲁投资管理有限公司
"[MASK]夭六儿创作的网络小说，发表于起点网"中[MASK]位置的文本是：	《扰红尘》是
"出演了改编自徐克同名武侠电影的电视剧《龙门[MASK]饰演素慧容，相比电影，电视剧版《龙门飞甲》剧情有重大变化，冯文娟与毛俊杰这对女女恋的非典型情愫穿插在剧中"中[MASK]位置的文本是：	飞甲》，在剧中
"梅艳芳梅艳芳凭借《胭脂扣》拿下了金像奖、金马奖[MASK]再达到"中[MASK]位置的文本是：	、金龙奖和亚太影展四料影后，这个成绩目前无人
"野田仁实是一名贤内助[MASK]野田佳彦"中[MASK]位置的文本是：	，支持身负重任的
"何猷佳，赌王何鸿燊[MASK]四太太梁安琪所生"中[MASK]位置的文本是：	最小的儿子，何鸿燊是与
"参演[MASK]明星，2003年参演首部电视剧《台湾首席巡抚刘铭传》，在剧中与刘德凯、斯琴高娃等实力派明星合作，2005年参演电视剧《豆蔻年华》，2009年在电影《非常完美》中客串出演，图为2013年乐视网剧《唐朝好男人》中“兰陵公主”剧照"中[MASK]位置的文本是：	的影视作品并不多，但是合作的都是大导演和
"郭德英，河南南阳人，中国无线科技有限公司董事长、行政总裁，宇龙计算机通信科技（深圳）有限公司总裁，深圳联合专家委员会[MASK]会员，西安电子科技大学通信工程学院计算机网络及信息安全部客席教授，本科毕业于西安电子科技大学，上海交通大学通信与电子系统专业硕士"中[MASK]位置的文本是：	会员，青年科学家联合会
"精灵奇缘是[MASK]，由田亮、叶一茜和田雨橙演唱"中[MASK]位置的文本是：	电影《捉妖记》的主题宣传曲
"1960年，谢贤拍摄电影《神雕侠侣》，饰演杨过谢贤是香港娱乐圈半个世纪的最好见证，[MASK]精彩丰富，玩世不恭却原则分明，心态豁达又极重仪表，是老一辈艺人中的典型"中[MASK]位置的文本是：	经历了从粤语片到国语片，从黑白片到彩色片的时代变化，他被认为是花花公子，他的人生极尽
"潘若雷，男，汉族，1965年2月生，山东省[MASK]中央党校函授学院行政管理专业毕业"中[MASK]位置的文本是：	郓城县人，大学学历，中共党员，
"小谢的父母谢贤和狄波拉因早年感情不和而离婚，小谢和父亲谢贤过着单亲家庭的生活，16岁[MASK]的形象示人，出道不久便走红"中[MASK]位置的文本是：	投身演艺界的谢霆锋，一直以叛逆
"《战前37天》是一个英国纪录片戏剧电视连续剧，[MASK]日至2014年3月8日首次播出"中[MASK]位置的文本是：	这是在BBC2从2014年3月6
"姓名：阿德里安·鲁纳英文名[MASK]：前卫身高：169厘米体重：70公斤惯用脚：右脚出生地：蒙得维的亚（乌拉圭）国籍：乌拉圭"中[MASK]位置的文本是：	：Adrian Luna生日：1992-04-12场上位置
"《紫金传奇之仙梦奇缘》是易[MASK]于17K小说网"中[MASK]位置的文本是：	天宇创作的网络小说，发表
"孙树真[MASK](1919～1998) 邢家镇郇家村人"中[MASK]位置的文本是：	 
"3专辑介绍小天后薛凯琪，2009[MASK]的姿态演绎黄伟文填词的快歌“微笑杀人事件”，并推出年度大碟《Read Me》"中[MASK]位置的文本是：	年突破形象，配合连串大胆的舞姿，首次以性感诱人
"《逃亡战士》是由金琛执导，刘冬立编剧，吴军、彭丹、刘金[MASK]1"中[MASK]位置的文本是：	主演的一部抗战电影
"金成壹，[MASK]，延世大学医科大学毕业，韩国ZN整形外科院长"中[MASK]位置的文本是：	男
"《无法逃避》是一部小说，作者是[MASK]小说网"中[MASK]位置的文本是：	苏仑特，连载于17k
"《龙国》[MASK]小说，作者是苏七"中[MASK]位置的文本是：	是旗峰天下连载的
"《青木屋的夏天》，歌曲名，演唱者是陈龙，所属[MASK]冲刺》"中[MASK]位置的文本是：	专辑是《
"阎膏珍，是贵霜王朝人物，[MASK]"中[MASK]位置的文本是：	公元95年~127年在位
"由黄真真执导，[MASK]闺蜜2》将于正月十五上映"中[MASK]位置的文本是：	陈意涵、薛凯琪、张钧甯领衔主演的电影《
"[MASK]服务（北京）有限公司于2008-10-15在朝阳分局登记成立"中[MASK]位置的文本是：	金鼎盛商务
"电影的江湖上曾风传“凡是有快乐家族成员出演的电影皆是烂片”，这么的判断有些武断，但至少是不会多添一条“凡是有快乐家族成员导演的电影都是烂片”，况且这部何老师执导、谢娜主演彩蛋的《栀子花开》将推翻之前的传闻，《栀子花开》最好看的就是彩蛋，一辆公交车内blingbling，更为闪耀的是两颗大星星——何老师和谢娜，他们重演了一遍李易峰吻张慧雯的桥段，不停笑[MASK]下不了手，猹的眼睛就像公交车内的灯泡闪闪惹人爱，镜头再扫回车内，掐着何老师的谢娜突然消失，一阵青烟，猹变成了谢娜"中[MASK]位置的文本是：	场，谁都下不了口，只得以谢娜下手掐何老师收尾，此时少了一个车外的镜头，闰土拿着叉正要插猹，犹豫再三也
"埃纳尔·耶格尔(Enar Jääger)，1984[MASK]现效力于阿斯科利球队"中[MASK]位置的文本是：	年生，爱沙尼亚球员，
"逝世中国共产党的优秀党员、久经考验[MASK]），因病于2009年3月7日10时30分在大连逝世，享年89岁"中[MASK]位置的文本是：	的忠诚的共产主义战士、我军优秀的军事指挥员和政治工作者，军区原旅大警备区政治委员彭仲韬同志（正兵团职
"《八法拳·八法枪》[MASK]由人民体育出版社于2001-1出版"中[MASK]位置的文本是：	是武世俊所著的一本图书，
"披着狼皮的羊是一首中文的歌曲，所属[MASK]《光棍好苦》，发行时间：2006-09-01"中[MASK]位置的文本是：	专辑：
"电视动画《银魂.》改编自日本漫画家空知英秋原作[MASK]于2017年1月8日起播出"中[MASK]位置的文本是：	的漫画《银魂》，是电视动画《银魂》系列的第4期，
"刺棘鳞鱼又称[MASK]铁线婆是辐鳍鱼纲金眼鲷目金鳞鱼科的一个种"中[MASK]位置的文本是：	刺金鳞鱼，（学名：Sargocentron spinosissimum）俗名金鳞甲、铁甲兵、
"澜沧沿阶草，属于植物界，[MASK]植物纲，木兰目"中[MASK]位置的文本是：	双子叶
"贺锡敬毕业[MASK]）应用数学系，后转赴上海交大攻读硕士，进入广丰前，曾在德勤会计师事务所历练"中[MASK]位置的文本是：	于加州大学洛杉矶分校（UCLA
"《一滴眼泪》是由吴旭文作词、作曲，陈奕迅演唱[MASK]》中，发行于1997年01月10日"中[MASK]位置的文本是：	的一首歌曲，收录于同名音乐专辑《一滴眼泪
"为了不让老百姓负担加重，李世民在颁布[MASK]的所有赋税标准都比隋朝时轻，对于受灾地区一律免收赋税"中[MASK]位置的文本是：	政策时十分注意体恤民情，唐朝初年
"张程同志1915年8月18日生于江西省万安县[MASK]1933年6月加入中国共产党，1934年10月至1935年10月，参加了举世闻名的二万五千里长征，经历了土地革命、抗日战争、解放战争"中[MASK]位置的文本是：	，1930年6月参加革命工作，
"《江湖多寂寥》是[MASK]，发表于17K小说网"中[MASK]位置的文本是：	飞雪连天射白领创作的网络小说
"再加上贾乃亮和李小璐之间还有一个女儿[MASK]为了女儿，让这件事情就此过去"中[MASK]位置的文本是：	，这个女儿年纪还很小，所以贾乃亮可能也会选择
"《迷迭香》的曲风不同于周杰伦以往的歌曲，周杰伦在成名后[MASK]尝试，勇气可嘉1"中[MASK]位置的文本是：	并未保守地止步不前反而大胆
"梨头土白蚁属于动物界等翅目[MASK]科，土白蚁属"中[MASK]位置的文本是：	，白蚁
"”  月27日下午，导演[MASK]金山岭高速收费站进行拍摄"中[MASK]位置的文本是：	冯小刚携《我叫李雪莲》剧组在河北承德
"《坏家伙们2》启用全新[MASK]《坏家伙们》导演金正民、编剧韩正勋组成，3"中[MASK]位置的文本是：	演员阵容，幕后班底由《38师机动队》制作人朴浩植携手
"要说2017年爆红的网剧，当然少不了《双世宠妃》，八王爷[MASK]是让人搞笑又让人揪心，痴痴等着《双世宠妃2》归来"中[MASK]位置的文本是：	邢昭林和梁洁的爱情
"心爱的别走，歌手孙淑媚，[MASK]精选-大旗唱片》"中[MASK]位置的文本是：	所属专辑《最后
"在2012年上映的《无敌破坏王》我们就见识到一款街机游戏的角色“破坏王[MASK]游戏中闹出的种种趣事，欢乐无比"中[MASK]位置的文本是：	”拉尔夫穿越到各种街机
"《情非得已》是儿童歌曲的音乐作品，[MASK]我力荐-超可爱童声翻唱特辑》专辑中"中[MASK]位置的文本是：	张国祥作曲，收录在《酷
"9个人生活郭松龄的[MASK]，堪称奉天奇女子"中[MASK]位置的文本是：	夫人韩淑秀（1891－1925）
"《网游之最高权限》是邪[MASK]妖雀创作的网络小说，发表于起点网"中[MASK]位置的文本是：	鸦
"个人简介霍保权  祖籍山东临沂，[MASK]，1993年毕业于中国人民解放军大连陆军学院，曾经担任通讯员、文书、班长、教官等职务"中[MASK]位置的文本是：	1969年出生于黑龙江省兰西县，1987年入伍
"李弘（652年—675[MASK]第五子，武则天长子，系高宗时期所立的第二位太子，薨逝于太子位，是唐朝第一位被追封为皇帝的太子"中[MASK]位置的文本是：	年）12，唐高宗李治
"[MASK]路》由陈泽成、梁家仁执导，汤镇业、梁家仁、洪欣、任达华、任莹主演"中[MASK]位置的文本是：	《天下有情之天涯
"张九思[MASK]字全行，锦州人"中[MASK]位置的文本是：	，
"在《瘾》这张专辑中，陈楚生做出了很多突破和改变，也从未放下对伤情歌的演绎，《思念一个荒废的名字》的追忆怀旧风将其最擅长的情歌格局再度拓展开来，暂别了“长相思、摧[MASK]"中[MASK]位置的文本是：	心肝”式的悲伤，陈楚生开始更多的以温暖的力量让人动容
"卢雅云[MASK]研究所高级工程师，教授级，1937年出生，1962年毕业于北京地质学院，现人事勘查地球物理专业"中[MASK]位置的文本是：	 ，地矿部石油物探
"《专家诊治肩周炎》是2012年出版的一部[MASK]作者是张长青"中[MASK]位置的文本是：	图书，
"《中国现当代文学动物叙事研究》是2010年南开大学出版社出版的[MASK]唐克龙"中[MASK]位置的文本是：	图书，作者是
"《公元前1000[MASK]吉林文史出版社出版的图书，作者是美国时代生活编辑部"中[MASK]位置的文本是：	-1100-东方之光-全球通史-9》是2010年1月
"《鸟王翎翎》[MASK]出版的图书，作者是朱新望"中[MASK]位置的文本是：	是2002年海天出版社
"最后是品牌知名度，这一点欧米茄无疑胜出，这个1848年创立的老牌历史上有着[MASK]上的也是耳熟能详了"中[MASK]位置的文本是：	太多的辉煌时刻，在表坛
"人物平生后金天命四年（1619年）顾横波出[MASK]（今江苏省南京市）"中[MASK]位置的文本是：	生于应天府上元县
"歌名[MASK]冠军卖碟巨星，横扫亚洲15大排行榜，全台冠军女歌手，1997全新跨国大碟"中[MASK]位置的文本是：	：给我一分钟不想你歌手：许茹芸专辑：《日光机场》97
"“霍式古风”总是带来一股仙气，空灵宁静，余音袅袅，而霍尊本次并没有选择其成名作《卷珠帘》却挑战甄嬛传中经典之作[MASK]视为最大看点"中[MASK]位置的文本是：	《红颜劫》，能否靠此踢馆成功
"姓名：吕承垣外文名：Yeo Seung-Won身高：185厘米体重：77公斤运动项目：足球所属运动队：水原三星[MASK]，出场10次，进1球"中[MASK]位置的文本是：	场上位置：前锋国籍：韩国出生地：韩国出生日期：1984-05-01主要成绩：代表国家队
"《勇敢的心》依然把故事的背景设定在了抗日战争时期，延续了郭靖宇导演的英雄传奇的史诗风格，在延续了家国情怀的基础上，在故事情节上精心打磨，让情节故事更加跌宕起伏，人物更加丰满，着力于人物情感的表达，展现小人物在[MASK]人与人之间的情感纠葛"中[MASK]位置的文本是：	特定历史环境下对命运的抉择和反抗，
"《捋爱囚宠》是连载于潇湘书院[MASK]笑笑"中[MASK]位置的文本是：	的网络小说，作者是钟离
"《再见薰衣草[MASK]网络小说连载于17k小说网"中[MASK]位置的文本是：	》是析眸写的
"[MASK]黑龙江人，祖籍山东"中[MASK]位置的文本是：	董小华，
"Grubeck Valentin,[MASK]奥地利籍足球运动员"中[MASK]位置的文本是：	
"我们可以看到还有李兰迪，因为《你好[MASK]也是可以的哦，希望再接再厉啦"中[MASK]位置的文本是：	，旧时光》中余周周一角走红，演技
"《玫瑰为你绽放》是起点[MASK]，作者是月明丹"中[MASK]位置的文本是：	中文网连载的小说
"《七侠五义》是[MASK]邓安宁、焦恩俊、孙兴等主演"中[MASK]位置的文本是：	梁凯程、侯柏威等执导的古装剧情片，由张复建、
"内容简介  [MASK]教育学史遗稿》是著名教育学专家陈元晖遗著"中[MASK]位置的文本是：	《中国
"无为县鹤毛乡[MASK]月经无为县民政局登记成立,并取得法人资格，注册资金0.45万元"中[MASK]位置的文本是：	水产养殖协会1于2006年9
"[MASK]-9电子工业出版社出版图书，作者是(荷)约翰﹒C﹒奥瑞克等"中[MASK]位置的文本是：	《企业基因重组》是2003
"《微积分学(CALCULUS with[MASK]是2001年8月1日由天津大学出版社出版的图书，作者是张凤玲 / 张玉环 / 姚妙新"中[MASK]位置的文本是：	 Space Analytic Geometry)》
"《吉祥》是2004年由中国唱片总公司[MASK]歌曲，由春雷主唱，收录于专辑《吉祥》。"中[MASK]位置的文本是：	发行的
"泊头市高科阀门有限公司总部位于泊头市[MASK]经营范围为阀门"中[MASK]位置的文本是：	，
"汤菊香，女，1963年10[MASK]河南师范大学硕士研究生导师，河南省植物生理学会委员"中[MASK]位置的文本是：	月出生，教授，
"《北冥大陆》是17k[MASK]，作者是黄昏槐树下"中[MASK]位置的文本是：	小说网连载的网络小说
"李娜1963年7月25日生于河南，后凭借《青藏高原》、《好人一生平安》、《苦篱笆》、[MASK]近年来点歌率最高、流行时间最长的一首歌曲，在短短的十年歌唱生涯里，她先后为160多部影视作品配唱了200多首歌曲"中[MASK]位置的文本是：	《嫂子颂》、《女人是老虎》、《走进西藏》等歌曲火遍大江南北，成为家喻户晓的著名歌手，而她《好人一生平安》和《可藏高原》，堪称
"《卞赫的爱情》是韩国tvN电视台于2017年10月14日起播出的周末连续剧，由宋贤旭执导，朱贤[MASK]"中[MASK]位置的文本是：	担任编剧，崔始源、姜素拉、孔明等主演
"刘鲁生男，汉族，1963年3[MASK]南皮人，1982年11月加入中国共产党，1981年7月参加工作，山东省委党校经济管理专业研究生毕业"中[MASK]位置的文本是：	月生，河北
"一首来自葛维永词曲演唱[MASK]网络真情》1"中[MASK]位置的文本是：	的全新单曲《
"兰宏良，男，汉族，1961年3月出生，吉林东辽县人[MASK]工作，吉林大学世界经济专业，硕士学位"中[MASK]位置的文本是：	，1982年7月加入中国共产党，1983年7月参加
"图片源自网络我不知道电影《雏菊》的导演刘伟强是否有读过这首诗或许据此拟的片名，假如你看过电影《雏菊》，定会记住那个每日清晨在女主门前摆放一盆雏菊的男人，满眼都是对画了一幅雏菊花的女主的爱慕[MASK]以身犯险，而她却从不知道他的存在"中[MASK]位置的文本是：	，只因那一日她在雏菊丛中的微微一笑，他魂不守舍至
"同年，[MASK]周润发饰演一个摇头摆尾的娘娘腔形象，与《大丈夫日记》《吉星拱照》成为影迷喜欢的周润发的经典喜剧"中[MASK]位置的文本是：	与杜琪峰合作的《八星报喜》拿下全年票房冠军，
"图书简介[MASK]代表作，《金色梦乡》的兄弟篇，讲述了一个关于人在人生十字路口如何找到勇气的故事"中[MASK]位置的文本是：	《摩登时代》是日本知名作家伊坂幸太郎的
"钟镇涛有过两段婚姻育有一子三女赵本山 有过两段婚姻，两儿两女(其中一个儿子94年因病逝世)男神窦唯，[MASK]啊姜文，结过两次婚，一个女儿两个儿子渣男孙楠 两段婚姻，两女一子，想想买红妹为了他在事业最红的时候退出娱乐圈，唉李宗盛有过两段婚姻，总共三个女儿，没有儿子的命啊和珅和大人王刚，有过三段婚姻，一女一子，小儿子才五岁，老来得子王刚可是溺爱的不"中[MASK]位置的文本是：	两段婚姻有两个女儿，其中一个就是和王菲的女儿，大名鼎鼎的窦靖童张艺谋两段婚姻，有两女两子，前段时间网上说的超生事件，我们的老谋子可是被罚的惨
"涂磊主持节目天津卫视《爱情保卫战》、浙江钱江《九点半》、贵州卫视《安全密码》、[MASK]版《士兵突击》的旁白配音等"中[MASK]位置的文本是：	江西卫视《深度观察》、北京《民声说法》，云南卫视及CCTV2财经频道青春纪实
"陈坤，1976年2[MASK]第一名成绩考入北京电影学院表演系本科班"中[MASK]位置的文本是：	月4日生于重庆，1996年以专业
"《[MASK]，光良演唱的一首歌曲，收录在专辑《约定》中，2005年11月发行"中[MASK]位置的文本是：	勇气》是瑞业作词，光良作曲
"[MASK]起点中文网的网络小说，作者是云流雨"中[MASK]位置的文本是：	《通天神医》是连载于
"黄山区足球[MASK]于2006年8月6日，现有会员180余名"中[MASK]位置的文本是：	协会成立
"李伟，男，汉族，1977年6月出生，四川达县人，四川师范大学化学[MASK]年7月参加工作"中[MASK]位置的文本是：	教育毕业，2001年6月加入中国共产党，1999
"《慢来早离开[MASK]演唱的一首单曲，该曲收录在专辑《珍爱心梅》里"中[MASK]位置的文本是：	》是曾心梅
"在记载中，有南宋杰出的民族英雄和爱国[MASK]）赞周东卿画鱼，诗云：“观君潇湘图，起我濠上心"中[MASK]位置的文本是：	诗人文天祥（1236-1282
"大卫·吉斯 名字：布达佩斯捍卫者足球俱乐部 英文名：Kispest Budapest Honved FC 国语译名：布达佩斯捍卫者[MASK]：约瑟夫·波锡克球场 所属国家：匈牙利 联赛级别：匈牙利足球甲级联赛"中[MASK]位置的文本是：	足球俱乐部 球场
"《锦绣未央》是李慧珠执导的[MASK]、吴建豪、毛晓彤、李心艾领衔主演1"中[MASK]位置的文本是：	古装剧，由唐嫣、罗晋
"洱海堪称云南省著名的高原湖泊，海拔1972米.自古以来一直被称[MASK]群山间的无瑕美玉"中[MASK]位置的文本是：	作为“
"[MASK]年专利文献出版社出版的图书，作者是童爱欣"中[MASK]位置的文本是：	《少年儿童自我保护手册》是1999
"《社会计算[MASK]的图书，作者是王飞跃 / 李晓晨 / 毛文吉 / 王涛"中[MASK]位置的文本是：	的基本方法与应用》是2013年浙江大学出版社出版
"南京栖霞狮子冲南朝大墓为2013年发现的两座[MASK]，墓主推测为南朝梁的昭明太子萧统及其生母丁贵嫔"中[MASK]位置的文本是：	罕见的带有明确纪年的大型南朝砖印壁画墓，具有很高学术价值，墓室曾遭严重盗毁
"祖籍鲁国汶阳（今山东汶阳），其先祖为躲避新莽[MASK]六世至士赐"中[MASK]位置的文本是：	末年的动乱而移居交州，传
"2014年12月6[MASK]李响与两位“职业达人”夏骄阳、陈默一同走入广州中山大学，围绕“选手”、“达人”和“粉丝”在这四年中的变化进行了一番探讨21"中[MASK]位置的文本是：	日，职场真人秀节目《职来职往》迎来开播四周年，主持人
"刘大椿1944年（[MASK]日生于贵州安顺"中[MASK]位置的文本是：	甲申年）5月30
"陆葇(1630—[MASK]，字次友、义山，号雅坪，浙江平湖人"中[MASK]位置的文本是：	1699)，原名世枋
"白鹤藤属（ArgyreiaLour.），旋花科，茄目，约90种，主产亚洲热带地区，我国有21种，分布于西南至华南，其中白鹤藤产广东、广西，[MASK]"中[MASK]位置的文本是：	全藤药用，有化痰止咳、止血、拔毒之功
"葛宝华（1844—1910），字振卿，浙江山阴（今属绍兴[MASK]"中[MASK]位置的文本是：	）人
"《全能空间》是在17k小说网连载的[MASK]"中[MASK]位置的文本是：	异术异能图书，作者是生活苦海
"《我的舞台》是[MASK]歌曲，收录在专辑《心的旅程》中"中[MASK]位置的文本是：	SNH48演唱的
"年4月12日晚，嘉健被[MASK]"中[MASK]位置的文本是：	评为2006感动湘潭十大新闻人物之一
"《最好的我们》是北京爱奇艺科技有限公司出品、小糖[MASK]李嘉编剧，刘昊然、谭松韵、王栎鑫、董晴等主演"中[MASK]位置的文本是：	人文化传媒有限公司承制的校园青春网络剧，由刘畅导演，
"3、任贤齐任贤齐未成名前，曾一度[MASK]多张专辑，其中的《依靠》就是为任贤齐写的，表示以后小虫就是他的依靠，随后的《心太软》让任贤齐一夜成名，更是一路将其推上天王巨星的位置"中[MASK]位置的文本是：	险遭公司解约，是音乐人小虫给他保下来的，随后来又为他打造
"谢燕球[MASK]亚目革翅目动物"中[MASK]位置的文本是：	螋是蠼螋
"《渐渐爱上你》[MASK]，发表于17K小说网"中[MASK]位置的文本是：	是嫫陌创作的网络小说
"《医道丹途》是天街[MASK]中文网"中[MASK]位置的文本是：	小风写的网络小说连载于起点
"明朝自洪武十三年（1380年）就罢除了丞相的职位，由朱元璋[MASK]处理国政"中[MASK]位置的文本是：	皇帝直接
"”据说，被港澳媒体称作 “千呼万唤终于开幕[MASK]设计人员不断地吸取世界上最超前的设计理念，不断地加以修改，精雕细刻造成的"中[MASK]位置的文本是：	的澳门渔人码头”，只所以迟迟不见完工，主要是
"《飞机师的风衣》是张学友演唱的一首歌曲，[MASK]专辑《相爱》中"中[MASK]位置的文本是：	收录在1986年发行的
"《谜林中的窥探》[MASK]小启明星创作的网络小说，发表于17K小说网"中[MASK]位置的文本是：	是
"朱建宁 ，1962年4月出生于江苏省南京市 ，1980-1984年就读于南京林学院林学系，获[MASK]获景观设计学博士学位 ，1990-1995年在法国著名的谢梅道夫（A"中[MASK]位置的文本是：	园林专业学士学位，1986-1990年就读于法国凡尔赛国立高等风景园林学院，
"《骑士之爱与游吟[MASK]，作者是英国的 菲奥娜·斯沃比"中[MASK]位置的文本是：	诗人》是上海社会科学院出版社2012年出版的图书
"《我是你的咩咩phone》是V脸社长[MASK]的一部科幻爱情电视"中[MASK]位置的文本是：	工作室、OPPO、腾讯视频联合出品
"基本信息书名：冷穆，爱我吧  书号：484069  类型：耽美言情  作者：肥企鹅  [MASK]我在，看谁敢要你"中[MASK]位置的文本是：	首发网站：17K小说网  肥企鹅其它代表作品：《捡我回家吧》，《有
"《窑地》是1997[MASK]是张涛"中[MASK]位置的文本是：	年作家出版社出版的图书，作者
"2001年，广州师范学院合并至广州大学，[MASK]附中“，“广附”)"中[MASK]位置的文本是：	“广州师范学院附属中学”更名为“广州大学附属中学”(简称“广大
"在香港土生土长的伍汉墀早年入读皇仁书院，成绩优异，毕业后即从事商业业务，于南北行内历史悠久的贸易行元发行任职英文秘书和经理，在广州也经营[MASK]"中[MASK]位置的文本是：	两家绸缎庄，后来加入中华汇理银行任职买办，并以其胞弟担任助手
"作者其他作品梦回大清系列：《清梦奇缘》 ，中国[MASK]出版社 2007"中[MASK]位置的文本是：	三峡
"《拥抱星星的月亮》是[MASK]有限公司出品的都市情感剧，由丁黑执导，辛芷蕾、唐曾、代旭、李沁谣、李岷城、盛冠森、奚望、周宸佳主演1"中[MASK]位置的文本是：	浙江唐德影视股份
"CDMA发展组织（CDG），成立于1993年，是一家由共同致力于在全球范围推动3GCDMA无线系统的应用和[MASK]国际协会"中[MASK]位置的文本是：	演进的公司所组成的
"社乔球[MASK]革翅目，球螋科"中[MASK]位置的文本是：	螋，属于动物界，
"茶树茶网蝽，Stephanitis chinensis Drake，属[MASK]蝽科冠网椿属的一种昆虫"中[MASK]位置的文本是：	半翅目网
"甘绍文，男，汉族，1962年10月出生，安徽亳州人，1979年11月参加[MASK]大学学历"中[MASK]位置的文本是：	工作，1987年10月入党，
"广州广隆大厦位于广州东风路与[MASK]，建筑面积5万平方米，其中地上31层，由2层裙楼，2栋住宅，1栋公寓组成，地下3层为车库"中[MASK]位置的文本是：	解放路交汇处，占地8000多平方米
"《鸟类博物馆》是[MASK]出版的图书，作者是李湘涛"中[MASK]位置的文本是：	2009年时事出版社
"《在那流浪[MASK]起点中文网的网络小说，作者是三少爷张飞"中[MASK]位置的文本是：	的日子里》是一部连载于
"《麻辣苦涩酸甜咸》是毛阿敏演唱的[MASK]"中[MASK]位置的文本是：	歌曲，所属专辑《渴望》
"郑州绿源山水生态农业开发有限公司于2008年7月成立[MASK]区郑州农业高新技术产业示范区开发建设绿源山水项目"中[MASK]位置的文本是：	，2009年，公司投资约3.6亿元人民币，在郑州市惠济
"许昱华，国际象棋[MASK]大师，1976年出生于浙江金华"中[MASK]位置的文本是：	特级
"《夏日尽末味盘旋迟未去》是玥浅浅创作的网络小说[MASK]小说网"中[MASK]位置的文本是：	，发表于17K
"最喜欢听[MASK]来看你"中[MASK]位置的文本是：	的还是李宗盛的漂洋过海
"《シークレット部队》（秘密部队）是大映电视剧公司（以下简称大映TV，原是大映公司下的子部门，1971年年底总公司因经营不善而倒闭后独立）在《ザ·ガードマン》结束后于1972年推出的26集刑侦电视连续剧，以私立侦探社调查保险欺诈案件为中心展开，基本继承了《ザ·[MASK]"中[MASK]位置的文本是：	ガードマン》的演员阵容和大致风格，播出时间也和前作相同
"王长玉，男，汉族[MASK]黑龙江省委党校法律专业大学毕业，会计师"中[MASK]位置的文本是：	，1963年10月生，
"编写人员你来告诉[MASK]柯有伦"中[MASK]位置的文本是：	我 - 
"雷军[MASK]于武汉大学计算机系"中[MASK]位置的文本是：	毕业
"余文罡，[MASK]、网新置地总裁，浙江易邦置业有限公司董事总经理，宁波五环房地产开发有限公司董事"中[MASK]位置的文本是：	1974年出生、浙江开化县大溪边乡人，现任浙大网新集团副总裁
"袁崇焕的[MASK]1584年出生在广东东莞,是广州人，明朝末年著名军事家、民族英雄、抗清名将"中[MASK]位置的文本是：	生平简介袁崇焕,字元素,号自如,
"而在股票市场方面，2001年PUMA的股票价格上升了168%，成为[MASK]股票"中[MASK]位置的文本是：	当年德国最成功的
"红岩螺是一种新腹足目、骨螺科类[MASK]，体螺层膨大"中[MASK]位置的文本是：	生物，贝壳近乎椭圆形，螺塔小，螺旋部中等大小
"祖籍浙江山阴(今)，出生于广东三水(现属佛山市)，汪精卫[MASK]美男子之一"中[MASK]位置的文本是：	年少时期相貌英俊，被誉为民国四大
"颜忠林，男，1961年4月出生，汉族，江苏泰州人，无党派，1983年[MASK]学士学位"中[MASK]位置的文本是：	8月参加工作，研究生学历，
"观澜湖集团主席朱鼎健朱鼎健，[MASK]西安大略大学，获工商管理学士学位，2007年10月荣获母校颁发的名誉法学博士学位"中[MASK]位置的文本是：	毕业于加拿大
"《全面理解现金流》是1999年清华大学出版社[MASK]美)普莱瓦(Plewa,F"中[MASK]位置的文本是：	出版的图书，作者是(
"《幻宇轩空》是凌亮霄天创作[MASK]于17K小说网"中[MASK]位置的文本是：	的网络小说，发表
"上海尚陌投资管理中心（有限合伙）[MASK]10月19日在崇明县市场监管局登记成立"中[MASK]位置的文本是：	于2015年
"5  年10月14[MASK]电影节，由他执导的电影《沉默的远山》获本届电影节最佳故事片大奖"中[MASK]位置的文本是：	日郑克洪应邀出席第22届哥伦比亚波哥大国际
"海信是海信集团有限公司旗下品牌，该公司创办于1969年，至今差不多有着半个世纪的历史，是整个中国电子行业里一家百强企业，其一直所秉承的发展战略方针即是“技术立企，稳健经营”，至今为止，该公司一直处于稳中有升的发展势头，其平板电视机的销售量曾连续[MASK]"中[MASK]位置的文本是：	多年获得了魁首之位，且还多次得到了“中国全国质量奖”的奖杯
"《女家督》是起点中文网[MASK]小说作者是sallyjune001"中[MASK]位置的文本是：	连载的穿越架空类小说，
"《双世宠妃》，由邢昭林，梁洁主演，主要讲述了尚书[MASK]奖项"中[MASK]位置的文本是：	千金曲檀儿和八王爷的爱情故事，该剧获得2017年度最具价值网络剧
"《十二月[MASK]是汪峰的音乐作品，收录在《笑着哭》专辑中"中[MASK]位置的文本是：	的泪》
"尖山村位于黄湾镇南，南邻尖山新区，北靠老01省道，硖尖公路纵横南北，[MASK]总面积10.7平方公里"中[MASK]位置的文本是：	黄尖线贯穿东西，交通十分便利，区域
"胡一天，出道很快就参演了郭敬明的《夏至未至》，17主演了大热的《致我们单纯的小美好》，到位[MASK]一天的颜值颇高，有着清新的独特气质，让人一眼就能记住"中[MASK]位置的文本是：	呈现国民校草的高冷与傲娇，胡
"《透过开满鲜花的月亮》由张全复、张海宁作词，张全复作曲，林依轮演唱，[MASK]之中"中[MASK]位置的文本是：	收录在1993年发行的专辑《爱情鸟》
"人物简介王琳，女，1980年2月[MASK]参加工作，非党干部，硕士研究生学历（澳大利亚斯文本科技大学传播学专业），文学硕士学位"中[MASK]位置的文本是：	出生，汉族，山东青岛人，2004年7月
"feynman吴费曼（feynman），2008年9[MASK]与王丽萍之子"中[MASK]位置的文本是：	月27日出生于中国香港，演员吴镇宇
"小眼金线[MASK]鲤形目鲤科金线鲃属"中[MASK]位置的文本是：	鲃属于
"个人简介身高：180厘米  体重：74公斤  惯用脚：右脚  出生地：未知(韩国)  代表国家队：出场0次，进0球[MASK]，进0球  效力球队：城南一和足球俱乐部赵东根履历1"中[MASK]位置的文本是：	  欧洲三大杯：出场0次，进0球  欧洲冠军联赛：出场0次
"刘郦，女，[MASK]四川达州市人"中[MASK]位置的文本是：	汉族，1968年7月生，
"骆恩，女，1980年出生，中共党员，梧州市青少年业余体校跳水中级[MASK]国家级运动健将，毕业于上海体育学院，本科学历"中[MASK]位置的文本是：	教练，原国家跳水队队员，
"克里斯汀迪奥早在1946年已成立[MASK]1956年才推出的"中[MASK]位置的文本是：	但第一支香水Diorissimo是
"会声会影9：视频编辑完全实用手册[MASK]一本书"中[MASK]位置的文本是：	 是中国青年出版社出版的
"无人生还 And Then[MASK] None 剧情简介：BBC于阿加莎·克里斯蒂诞辰125周年之际推出电视剧版《无人生还》，由Sarah Phelps担任编剧"中[MASK]位置的文本是：	 There Were
"崔栽诚[MASK]极为体贴温柔"中[MASK]位置的文本是：	对许茹芸
"[MASK]恩》、《裸婚时代》、《AA制生活》、《工人大院》、《小爸爸》、《太太万岁》等"中[MASK]位置的文本是：	人物经历柳彬毕业于中央戏剧学院导演系制片人，代表作：《一日夫妻百日
"《游爱民族》，是吉克隽逸[MASK]，QUANG、JIMMY FUNG、金贵晟作曲，收录于专辑《Intrepid大无畏》中"中[MASK]位置的文本是：	演唱的歌曲，由HUSH作词
"《风中有朵雨做[MASK]娄烨导演、张家鲁监制、邱玉洁编剧的电影作品"中[MASK]位置的文本是：	的云》是一部由
"匡克春，男，生于[MASK]本学历，中学高级教师职称，胶南一中学校数学教师，教龄20年，班主任工作9年"中[MASK]位置的文本是：	1966年，汉族，大
"白玫小卷蛾是卷蛾科，鳞翅目的一种昆虫，分布于北京，[MASK]辽宁，江西"中[MASK]位置的文本是：	黑龙江，
"周新聪，男，毕业于武汉理工大学，[MASK]工程学院教授"中[MASK]位置的文本是：	现任能源与动力
"《总裁大人太闷骚》是何须[MASK]于17K小说网"中[MASK]位置的文本是：	殇创作的网络小说，发表
"2007年，王珞丹因[MASK]青春励志剧《奋斗》中出演“米莱”而走红"中[MASK]位置的文本是：	在赵宝刚导演的
"《一天的爱有几多》是钟舒漫的音乐作品，陈咏谦作曲，收录在[MASK]"中[MASK]位置的文本是：	《OneMission》专辑中
"《恭喜发财》刘德华[MASK]你发财，我恭喜你精彩，最好的请过来，不好的请走开，礼多人不怪"中[MASK]位置的文本是：	“我恭喜
"金水湾·城市广场项目[MASK]6层为商业，面积约3万平米，规划经营有生活超市、时尚百货、数码影院、餐饮、时尚、休闲娱乐等"中[MASK]位置的文本是：	分二期开发，目前正在开发和销售的是一期，一期总建筑面积约5.8万平米，占地4200平米，1~
"《坚持爱》是2008年江苏文艺出版社出版的[MASK]蓝小汐"中[MASK]位置的文本是：	图书，作者是
"《[MASK]出版的图书，作者是常锦才、龚佃选、冯立超、杨爱民"中[MASK]位置的文本是：	多元样条的力学模型及其应用》是2016年清华大学出版社
"电视剧《飞来横福》是在1994年由[MASK]轻喜剧，中国大陆出品，片长14集"中[MASK]位置的文本是：	陈佩斯导演的
"文琴佐·卡米莱利（Vincenzo Camilleri），又称恩佐·卡米[MASK]足球运动员，于1992年3月6日出生于意大利西西里，现效力于意大利尤文图斯俱乐部，司职中后卫"中[MASK]位置的文本是：	莱利（Enzo Camilleri）是一名
"2008年，孙异穿汉服在CCTV3“激情广场”现场演唱《[MASK]节目中演唱汉服歌曲的人"中[MASK]位置的文本是：	重回汉唐》，他是第一个穿汉服在CCTV
"[MASK]》是一部在纵横中文网连载的小说"中[MASK]位置的文本是：	《大诛仙时代
"2010年10[MASK]牛影像合并成立新公司“金山网络”（现猎豹移动公司），傅盛出任CEO"中[MASK]位置的文本是：	月10日，金山安全与可
"其实之所以蒋经国会提出这个决议案跟大陆的推动也是分不开的，当时中央曾派人去[MASK]也摸不着头脑，不知道究竟要干嘛"中[MASK]位置的文本是：	蒋介石的故居拍摄了一部关于蒋介石的纪录片，当时负责拍摄的人
"《魔兽之主》[MASK]，发表于17K小说网"中[MASK]位置的文本是：	是五零九创作的网络小说
"任强军，[MASK]11月出生，本科学历，中国共产党党员，1990年3月参加工作"中[MASK]位置的文本是：	男，汉族，1972年
"瓦伦西亚列蛞蝓拉丁学名[MASK]属于动物界柄眼目，中文异名鼻涕虫，原产地欧洲的伊比利亚半岛和非洲西北部"中[MASK]位置的文本是：	是Lehmannia valentiana Ferussac，
"安德森机电工程（[MASK]日在泰州市泰兴工商行政管理局登记成立"中[MASK]位置的文本是：	江苏）有限公司于2014年09月25
"朝堂之上，张皇后和史思明中伤李俶，导致[MASK]是华视娱乐投资集团股份有限公司的年代剧，由丁黑执导，由孙俪、陈晓领衔主演"中[MASK]位置的文本是：	李俶兵权被夺···《那年花开月正圆》
"世界鬼才音乐人周杰伦[MASK]单曲《世界末日》"中[MASK]位置的文本是：	写词谱曲编曲制作
"《爸爸妈妈》是一首由王蓉作词作曲并演唱的歌曲，于[MASK]专辑《多爱》中"中[MASK]位置的文本是：	2005年6月3日发行，收录在
"《搞笑魔婴》是根据漫画家富泽千夏的漫画《搞笑[MASK]的电视剧，由滑稽组合“品川庄司”中的品川佑担任主演，伊藤寿浩执导"中[MASK]位置的文本是：	魔婴（也译《看谁在说话》）》改编
"陈绪林，男，[MASK]出生，河南省新县人"中[MASK]位置的文本是：	汉族，1923年
"《幽默新童话·动物大逃亡》是2012年[MASK]佩尔茨，编译周红"中[MASK]位置的文本是：	8月湖南少年儿童出版社出版的图书，作者是莫尼卡·
"个人资料  现效力球队：英超阿斯顿维拉  世界杯经历：2006年世界杯个人简介穆斯塔法·萨利弗（法语：Moustapha Salifou，1983年6月1日－）出生在洛美，是一名多哥足球运动员，现[MASK]中场"中[MASK]位置的文本是：	效力阿斯顿维拉，司职攻击
"一开始，[MASK]真没办法去反驳，而且贾跃亭的老婆甘薇也拿这点说事，凸显贾跃亭的伟大"中[MASK]位置的文本是：	似乎这还
"上海纽京工业设备有限公司于2009年[MASK]日在金山区市场监管局登记成立"中[MASK]位置的文本是：	10月21
"2013年，高圆圆主演的当代都市情感剧《咱们结婚吧》被观众[MASK]第十八届北京影视春燕奖最佳女主角奖"中[MASK]位置的文本是：	熟知，还取得了同时段电视剧收视冠军 ，获得
"3，王力宏  美国国籍王力宏，1976年出生于美国纽约[MASK]，祖籍浙江义乌"中[MASK]位置的文本是：	罗切斯特
"徐京科[MASK]1965年4月生，中共党员，大专文化，助理工程师"中[MASK]位置的文本是：	，男，汉族，
"该剧为[MASK]35岁女性和31岁男性之间突然萌芽的爱情"中[MASK]位置的文本是：	《密会》安畔锡导演新作，讲述一直情同姐弟的
"【试剑江湖】-《北风行》MV，发布时间：2012-11-07，主创人员：作曲：少司命、编曲：灰原穷、作词：清水秋香、演唱：少[MASK]：青海草原、视频：尉迟嘉馨"中[MASK]位置的文本是：	司命/A-Lina莉、后期：灰原穷、海报
"《挥着翅膀的女孩》是中国香港流行音乐女歌手容祖儿演唱的一首歌曲，该曲英文版是冯曦妤演唱《Proud of You[MASK]专辑《独照》中"中[MASK]位置的文本是：	》，由许常德重新填词，收录于容祖儿2003年发行的
"程诚，1985年出生[MASK]人，毕业于湖北工业大学"中[MASK]位置的文本是：	，浙江建德
"据当地政府官方网站资料显示[MASK]约3500亩，其中耕地面积3200亩"中[MASK]位置的文本是：	，洪飞村总占地面积
"最[MASK]泛着柔光，嘴角带笑，声音中带着她自己对爱情的理解"中[MASK]位置的文本是：	喜欢看陈粒唱祝星，那时候的她，眼中
"《2003年全国注册城市规划师执业资格考试复习题解》是2003[MASK]工业出版社出版的图书，作者是彭华中、黄志祥"中[MASK]位置的文本是：	年机械
"内容简介《转角[MASK]》由中国华侨出版社出版"中[MASK]位置的文本是：	即是光明
"《阳光的味道》是张中一导演，陈逸恒、[MASK]参与演出的电视剧"中[MASK]位置的文本是：	马洲、石佩灵等
"《为你自己读书》是2007年中国[MASK]肖卫"中[MASK]位置的文本是：	华侨出版社出版的图书，作者是
"《呆萌小贼异世行》是在起点中文网上连载的[MASK]作者是北默尘"中[MASK]位置的文本是：	一部小说，
"在2010年“潍坊杯”国际青年足球邀请赛中，凭借毕津浩的一传[MASK]1大胜澳洲帕斯光荣，取得本次赛事的开门红"中[MASK]位置的文本是：	一射，中国国青以4-
"《爱不需要理由》，李玖哲[MASK]情歌，2007年发行，所属专辑《想太多》"中[MASK]位置的文本是：	的伤感
"主要学术论著侯忠义，1936年生，辽宁大连人，毕业于吉林大学[MASK]"中[MASK]位置的文本是：	，曾任教于北京大学中文系，现任北京大学图书馆古籍整理研究室主任，教授
"佘国强1，男，汉族，1955年10月[MASK]入党，大学本科学历，双学士学位，副教授职称，现任高职院、成教院、继续教育学院院长，党总支副书记"中[MASK]位置的文本是：	出生，1976年11月参加工作，1975年10月
"蒋安平，男，汉族，[MASK]加入中国共产党，1981年10月参加工作，广东省社会科学院政治经济学专业在职研究生毕业，省社科院研究生学历，现任广东省阳江市地方税务局局长、党组书记"中[MASK]位置的文本是：	1962年7月生，湖南永州人，1985年5月
"而流行歌曲中最常见的就是”叙事+抒情”，即使[MASK]李春波的《小芳》和《一封家书》）"中[MASK]位置的文本是：	是纯叙事的歌曲也需浓厚的感情做基础（如
"大吻叫姑鱼，[MASK]1976)，为鲈形目叫姑鱼属的一种鱼类，生活于热带地区，喜栖息混浊度较高的水域，能以鱼鳔发声，属肉食性，以多毛类为主食"中[MASK]位置的文本是：	Johnius macrorhynus (Mohan, 
"和[MASK]的燕京大学，后在保定育德中学教书"中[MASK]位置的文本是：	培元，河北内丘人，毕业于教会学校
"[MASK]的物理学家张文裕先生在燕京大学是要好的同学，俩人先后赴美国留学"中[MASK]位置的文本是：	1人物轶事上世纪30年代初，袁家骝先生和中国著名
"《世界末日》[MASK]《Fantasy + Plus》中"中[MASK]位置的文本是：	是周杰伦演唱歌曲之一，收录在专辑
"(4)华胥氏—伏羲—[MASK]—叔均(也被周朝奉为先祖)"中[MASK]位置的文本是：	少典—黄帝—少昊—蟜极—帝喾—台玺
"《在你心中已不在的我》是潘美辰的音乐作品，林肯&潘美辰作曲，收录在《[MASK]中"中[MASK]位置的文本是：	不懂爱的人》专辑
"1992年[MASK]，影片获得第45届洛迦诺国际电影节主竞赛单元金豹奖，同时李少红作为导演获得第45届洛迦诺国际电影节天主教人道精神奖 3"中[MASK]位置的文本是：	，李少红执导家庭剧情电影《四十不惑》
"我很喜欢音乐作词人姚若龙，他曾经在写给张韶涵《遗失的美好》中有[MASK]好：“有些人说不清哪里好，但就是谁都替代不了"中[MASK]位置的文本是：	一句歌词特别
"《和[MASK]》是叶欢演唱的歌曲，由江上宽填词，陈志远作曲，收录于专辑《是谁在秋天捡到我的心》"中[MASK]位置的文本是：	你的每一分时光
"《东江英雄传》(又名:东江英雄刘黑仔) 是谭俏导演的一部电视剧，通过抗日时期“东江纵队”刘黑仔[MASK]沉重打击了日伪军，最后遭国民党军包围，在突围时不幸大腿中弹，后染上破伤风而牺牲"中[MASK]位置的文本是：	的故事改编1，写刘黑仔智擒匪首李关观姐、活捉日本特务头子东条正之、保护美国飞行员、
"《向草和昆虫学[MASK]是2010年九州出版社出版的图书，作者是权秀珍、金成花"中[MASK]位置的文本是：	科学》
"《南国医恋第三季》是由Jason Ensler执导，杰米·金、[MASK]该剧于2013年10月7日首播，主要讲述了富家公子与白富美的各种恋情交错"中[MASK]位置的文本是：	斯科特·波特、蕾切尔·比尔森等参演的电视剧，
"《我也曾年轻》是姜育恒演唱的歌曲，收录于[MASK]》"中[MASK]位置的文本是：	姜育恒1987年专辑《驿动的心
"2016年12月《造化之门》正式授权改编成ARPG手游，由君海游戏承担产品研发和发行工作华胥[MASK]作者是唐七公子"中[MASK]位置的文本是：	引（唐七公子所著古言小说）《华胥引》是湖南文艺出版社在2012年出版的一本图书，共两册，
"《[MASK]是一部由尤小刚执导，马景涛，马德钟，邬靖靖，陈浩民，禹童，赵志瑶等联袂主演的古装电视剧"中[MASK]位置的文本是：	西施秘史》
"西安晨力仪器仪表有限公司是一家[MASK]企业，公司位于西安经济技术开发区"中[MASK]位置的文本是：	专业从事压力仪器仪表研发制造和技术服务的高科技
"电影《暴走神探》中杨洋饰演[MASK]看了他，才知道什么是“集美貌与才华于一身”的霸道军官吧"中[MASK]位置的文本是：	了一位霸气军官， 
"《寂寞起舞》[MASK]填词者是佐佴，谱曲者是子夜的钟声"中[MASK]位置的文本是：	是一首由蓝雨演唱的歌曲，
"幕后制作1997年6月[MASK]》，琼瑶钦点北京电影学院94级班花蒋勤勤出演萧雨凤一角，时年22岁，琼瑶为之取艺名“水灵”，所以在字幕上的演员名为“水灵”"中[MASK]位置的文本是：	筹拍《苍天有泪
"今天是我们大赛初赛评选的第二天很多评委老师都已经收到了我们的项目开始进行评选了顺便给大家介绍一下两家支持我们大赛的动漫单位翻 翻[MASK]《漫画行》）、良筑良作、新星杯、欢小铺等子品牌作为集英社在中国的版权代理方曾引进《航海王》等数百部正版作品《头条都是他》微博超10亿次阅读的热门漫画2015年首发仅两小时转发量就突破1w"中[MASK]位置的文本是：	 动 漫翻翻动漫全名杭州翻翻动漫科技有限公司以原创漫画孵化为核心致力于IP产业链开发的动漫集团拥有《翻漫画》（原
"1997年进入汽车领域到现在走向全球公司，吉利在不到20年的时间里[MASK]发展战略、全球化程度迅速提高"中[MASK]位置的文本是：	，通过收购，战略上发生重大的变化，全球型的
"上海恒源祥[MASK]家纺公司，成立于1998年，以恒源祥集团强大的经营品牌能力为依托，发展至今，已成为一个拥有天然纤维制品、改良性纤维制品、自主知识产权三大类产品，以及相关配套延伸产品的综合性家居用品企业"中[MASK]位置的文本是：	家用纺织品有限公司是恒源祥旗下
"杨忠死后，儿子杨坚承袭[MASK]随国公"中[MASK]位置的文本是：	父爵，也成了
"《十三棵泡桐》是[MASK]，段博文、刘雅瑟、赵梦桥主演的剧情片12"中[MASK]位置的文本是：	由吕乐执导
"《瘦子房间的秘密》是2010年天津[MASK]，作者是(美国)彼得·沃尔什(PeterWalsh)"中[MASK]位置的文本是：	教育出版社出版的图书
"陈香[MASK]月出生，在职大学学历，1985年8月参加工作，1993年7月加入中国共产党"中[MASK]位置的文本是：	好，男，汉族，湖北潜江人，1965年3
"保剑锋曾在《十八岁的天空》这部[MASK]大众所熟悉"中[MASK]位置的文本是：	电视剧里出演班主任一角，而被
"穿鱼尾礼服的女星：热巴少女，娜扎公主，只有她尽显高贵迷人气质1.赵丽颖2015年，主演的仙侠剧《花千骨》成为中国首部网络播放总量突破200亿的电视剧，其个人凭借该剧先后获得第6届澳门国际电视节金莲花最佳女主角奖、[MASK]女演员奖"中[MASK]位置的文本是：	第6届国剧盛典最具收视号召力演员奖、第22届上海电视节白玉兰奖最佳女主角奖提名、第28届中国电视金鹰奖观众喜爱的
"扎西斯郎，男，藏族，1968年生[MASK]"中[MASK]位置的文本是：	，甘孜州得荣人
"《漂亮[MASK]韩志君执导，白珊、赵岩松等主演的爱情片"中[MASK]位置的文本是：	的女邻居》是
"方励之（英语：Li-Zhi Fang，1936[MASK]生于北京，籍贯浙江杭州"中[MASK]位置的文本是：	年2月12日~2012年4月6日）
"霍尊，因为央视原创音乐真人秀《中国[MASK]认识提起霍尊还是绕不开《卷珠帘》这首歌，这首带着浓墨重彩的中国古韵歌曲钻进了人们的心坎里"中[MASK]位置的文本是：	好歌曲》第一季一夜成名，霍尊开始被很多人
"《龙族同人-逝去的王者》是在[MASK]冷空"中[MASK]位置的文本是：	晋江文学城连载的一部小说，作者是飘零的
"7.东鹏东鹏洁具是国内最早从事[MASK]企业之一，成立于1994年"中[MASK]位置的文本是：	卫浴产品生产的
"《浮世爱情》看上去写的是我们身边的人世百态，写的是不同人生况味，名人[MASK]写的是梁朝伟还是陈奕迅，是张美丽还是李漂亮，黄佟佟的文字后面是大义、是原则、是进退、是人生"中[MASK]位置的文本是：	也好，普通人也罢，都离不开一个“情”字，无论
"翼裕香，日语：つばさ ゆうか，1987年2月[MASK]AV女优"中[MASK]位置的文本是：	10日出生，日本
"铜陵华鹏姜制品有限责任公司于2001[MASK]铜陵县市场监督管理局登记成立"中[MASK]位置的文本是：	年06月01日在
"孙怡好棒，《因为[MASK]棒，我很喜欢，喜欢张果果，喜欢金依蓓"中[MASK]位置的文本是：	遇见你》这部剧拍的也好
"李九宪，男，汉族，1918年出生，河南林州东岗镇大河村[MASK]烈士"中[MASK]位置的文本是：	籍
"《世纪[MASK]写的网络小说连载于天涯读书"中[MASK]位置的文本是：	贼王张子强》是钟连城
"吴伏家，西安工业大学教授，中北大学工艺所所长，1964年12月生，江苏省滨海县人，硕士，在读博士，1984年7月太原机械学院（[MASK]设备专业本科毕业，1987年7月太原机械学院机械制造专业硕士研究生毕业，多年来一直致力于教学和科研及技术创新及技术推广工作，"中[MASK]位置的文本是：	现中北大学）机械制造工艺及
"《萌娘守护者》是网络写手王骑士创作[MASK]起点中文网"中[MASK]位置的文本是：	的时空穿梭类网络小说，首发于
"[MASK]，汉族，1949年10月出生"中[MASK]位置的文本是：	李小树，男
"何塞·路易斯·维迪加尔，男，葡萄牙，1973[MASK]团队：利沃尔诺，曾效力团队：里斯本竞技  那不勒斯  利沃尔诺"中[MASK]位置的文本是：	年3月15日出生，184cm，83kg，所属
"在1964年上演的大型音乐舞蹈史诗《东方红[MASK]，王昆则是《农友歌》的演唱者"中[MASK]位置的文本是：	》中，周巍峙担任总指挥部的领导工作
"了解多的人应该知道在张智霖拍《射雕英雄传》的时候，[MASK]当袁咏仪知道张智霖出了车祸却不愿意告诉自己的时候，她向张智霖哭诉，如果没有张，她以后的生活谁来照顾"中[MASK]位置的文本是：	因为在身体极度劳累的情况下，开车上路发生过车祸，那段时间两个人已经私下展开交往，
"”虽然张兰被赶出了自己一手创办的公司，但是张兰2000[MASK]资本创办俏江南，2016年离开俏江南，从资本的角度来看，她经过两次的融资，成功的实现了“高位套现”"中[MASK]位置的文本是：	年以600万的
"《异域神兵》是连载于17k[MASK]的小说，作者是幽冥叹"中[MASK]位置的文本是：	小说网
"香港魔术家协会成立于1989年，1991年正式注册[MASK]及美国魔术家协会属会、国际魔术联盟会员、亚洲魔术联盟常任理事，是香港唯一非牟利国际性魔术演绎组织"中[MASK]位置的文本是：	为非牟利社团，现为国际魔术家协会
"《机动车驾驶人学习指南（科目一）》是2013年辽宁大学出版社有限责任公司出版的图书[MASK]"中[MASK]位置的文本是：	，作者是李士通
"林杰，女，祖籍广东省顺德县，[MASK]"中[MASK]位置的文本是：	1923年出生于上海
"简介[MASK]，男，汉族，1986年12月出生，广西东兰人，本科学历"中[MASK]位置的文本是：	罗顺利
"我只能说最近印象比较深刻的是一个在很多国家都非常[MASK]又出了《决断2秒间》[即《眨眼之间》]，还有《异类》，这个人在国外是一个畅销书作家，都不是小说"中[MASK]位置的文本是：	畅销的几本书，他是一个纽约时报的专栏作家写的，叫马尔科姆·格拉德威尔，他写了几本书，第一本书叫《引爆点》，后面
"基本资料球员:克拉泽  生日:[MASK]:175cm  体重:75kg  球衣号码:2  国籍:斯洛伐克  效力球队:MFK科希策  场上位置:后卫球队阵容前锋  K"中[MASK]位置的文本是：	1991年9月28日  身高
"《大明第一[MASK]17k小说网连载的小说，作者是雕琢今世"中[MASK]位置的文本是：	人》是在
"球员:伊巴谦生日:1991年8月15日身高:186cm体重:82kg加盟日期:2008-[MASK]位置:前锋前度效力球队:FC达拉斯曾经效力球队:FC达拉斯"中[MASK]位置的文本是：	6球衣号码:999国籍:美国效力球队:多伦多FC场上
"《蘑菇学园3》是[MASK]是狄芬妮琳"中[MASK]位置的文本是：	由新世纪出版社出版的一部教育作品，作者
"幼年时期罗伯特[MASK]赛德，是富甲一方的金匠尼古拉斯·赫里克的第 7 个孩子"中[MASK]位置的文本是：	·赫里克 1591 年出生于伦敦切普
"《唐诗二十讲》是[MASK]出版社出版的图书，作者是闻一多"中[MASK]位置的文本是：	2009年华夏
"《芸娘》是由江苏明日影视文化传播有限公司、江苏广播电视总台、深圳市金凌投资有限公司于2008年[MASK]沈怡执导，安以轩、冯绍峰、刘雪华、岳跃利、张勋杰等领衔主演"中[MASK]位置的文本是：	联合出品的一部民国剧，由
"《义气》是2010年播出的电视剧《[MASK]张宁江演唱"中[MASK]位置的文本是：	永不磨灭的番号》片尾曲，由黄海波、王雷、李健、
"其母[MASK]后，李素节被贬任申州刺史"中[MASK]位置的文本是：	萧淑妃遭武则天杀害
"《清明雨上》是许嵩作词作曲并演唱[MASK]年发行的第一张音乐专辑《自定义》中，音乐时长3分40秒"中[MASK]位置的文本是：	的一首中国风歌曲，收录于许嵩2009
"1997年，李嘉欣与郑伊健[MASK]，在该片中饰演陈浩南情人学校教师的欣欣4"中[MASK]位置的文本是：	主演刘伟强执导的黑帮片《97古惑仔之战无不胜》
"自己对于陈道明演的《康熙王朝》挺喜欢看的，我挺喜欢那里面的容妃和蓝齐[MASK]康熙废太子，但是当康熙提出废太子的时候，容妃的表现太过于直接，不让皇帝废太子而且说出了不废太子，是太后的懿旨，没有一个皇帝愿意被别人当面挑战自己的权威，哪怕那个人是他最爱的"中[MASK]位置的文本是：	格格，对于容妃太后很喜欢她的，临终之前给了容妃一道懿旨，不让
"《他对我很[MASK]，品冠演唱的歌曲，该曲收录于品冠2015年发行的专辑《无法理解的大人》中"中[MASK]位置的文本是：	好》是由陈颖见作词，彭学斌作曲
"10月参演表现小人物生活的战争诙谐剧《梦想光荣》，饰演红尘[MASK]饰演赵春丽"中[MASK]位置的文本是：	女子红秀2008年，出演安建执导的电视剧《北风那个吹》，
"查特莱来自比利时，他的英文名是ThomasChatelle，出生于1981年3月31日，身高为176厘米，体重是73kg，他的职业是足球[MASK]球队:圣图尔登，场上位置:中场"中[MASK]位置的文本是：	运动员，球衣号码:12，效力
"伊朗选手萨迪克·古达尔齐在1/8淘汰赛中[MASK]0战胜吉尔吉斯斯坦选手伊尔吉兹·贾克普别科夫，在半决赛中3-1战胜韩国选手李润石，两人会师决赛"中[MASK]位置的文本是：	3-0战胜印度尼西亚选手法里安沙赫，在1/4决赛中3-
"刘国强（1968.9—），男，河南省汝阳县人，2004[MASK]师范学院法学院教授，法律史教研室主任，主要研究方向：中国法制史"中[MASK]位置的文本是：	年7月毕业于郑州大学法学院法律硕士专业，现为南阳
"甄妮演唱的《铁血丹心》作为83版《射雕英雄传》的主题曲，曾红遍大江南北，至今这首歌也是[MASK]的必点的曲目之一"中[MASK]位置的文本是：	许多70后80后去KTV
"最初吉雅在韩冰的录音棚里[MASK]而慢工出细活，这首《醉在草原唱情歌》出炉前后耗时长达半年之久"中[MASK]位置的文本是：	听到了这首歌曲的demo小样，立刻被歌曲的旋律吸引，
"”（《陈康：论希腊哲学》，商务印书馆二○一一年[MASK]609页"中[MASK]位置的文本是：	版，
"《恋恋书中人》是由福克斯探照灯公司[MASK]、佐伊·卡赞、安妮特·贝宁等人主演1"中[MASK]位置的文本是：	于2012年推出的爱情电影，由乔纳森·戴顿执导，保罗·达诺
"[MASK]志》是2000年出版的图书，作者是张青"中[MASK]位置的文本是：	《洪洞大槐树移民
"个人经历笛安出生于山西太原的一个作家家庭[MASK]作家"中[MASK]位置的文本是：	，父亲李锐与母亲蒋韵皆为知名
"《三八线上的女兵》是我国2000年上映[MASK]阎青妤主演"中[MASK]位置的文本是：	的一部电影，由王晓民导演，沈丹萍，
"冯光浩，男，汉族，1977年[MASK]参加工作，2000年3月加入中国共产党"中[MASK]位置的文本是：	8月出生，籍贯广西博白，大学本科文化，1998年7月
"《佳期如梦》[MASK]以来都是匪我思存追随者的蛊咒"中[MASK]位置的文本是：	一直
"当年金庸把小龙女写死了，读者们千万个不愿意，哭闹不已，又要寄刀片又要取关明报的，其实他们没看懂《[MASK]杨过小龙女的爱情，而是杨过的个人成长史"中[MASK]位置的文本是：	神雕侠侣》其实我们仔细看看《神雕侠侣》，主线并不是
"《祝你新年快乐》是一首歌唱新年的儿童流行歌曲，由陈爽作词、作曲，[MASK]美得冒泡》和2016年5月发行的专辑《巧遇时光》中2"中[MASK]位置的文本是：	王巧演唱1，收录在王巧2014年7月发行的EP《
"中国铁道建筑总公司前身是中国人民解放军铁道兵，组建于1948年7月，1984年1月，[MASK]改工，并入铁道部，变成铁道部工程局"中[MASK]位置的文本是：	根据党中央、国务院、中央军委决定，铁道兵整建制集体
"彼得·杰克逊、Terry Potter（以上参考资料）34监制作品时间片名2014霍比特人[MASK]之战2012霍比特人：意外之旅、西孟菲斯2011丁丁历险记：独角兽号的秘密2009"中[MASK]位置的文本是：	：五军之战2013霍比特霍比特人：史矛革
"《火一样的情歌》是歌手[MASK]"中[MASK]位置的文本是：	苏小花演唱的一首歌曲
"《倾城倾国王府斗》是连载于潇湘书院的[MASK]贵族类小说，作者是晴灵洛儿"中[MASK]位置的文本是：	宫廷
"而“乔伊林”的饰演者就是宋妍霏，1995年出生于[MASK]一年级·大学季》而开始获得关注"中[MASK]位置的文本是：	澳大利亚，2015年，宋妍霏凭借电视剧《锦衣夜行》而正式进入娱乐圈，同年，凭借真人秀《
"姜杨，男，汉族，1967年5月[MASK]中国共产党，大学学历，黑龙江省委党校经济管理专业毕业，农业推广硕士"中[MASK]位置的文本是：	出生，山东烟台人，1988年7月参加工作，1994年12月加入
"在北大2年里优异的学生干部工作表现，使麻宁[MASK]”"中[MASK]位置的文本是：	先后被评为“北京大学优秀学生干部”、“北京市优秀学生干部
"1989年发行个人首张概念专辑《最真的梦[MASK]第2届台湾金曲奖最佳年度歌曲奖"中[MASK]位置的文本是：	》，其中歌曲《这城市有爱》获得
"肖钢，男[MASK]结业，山东省实验中学美术高级教师"中[MASK]位置的文本是：	，毕业于曲阜师范大学美术系，山东师范大学研究生课程进修班
"[MASK]年吉林摄影出版社出版的图书，作者是张弘"中[MASK]位置的文本是：	《优雅女孩的秘密》是2012
"那么今天，我们就简单回顾国产动画的风雨路：我国动画起源与20世纪20年代左右，开荒中国的动画的元老主要[MASK]都是2维手绘动画，具有代表性的就是1941年《铁扇公主》，我国第一部黑白动画电影"中[MASK]位置的文本是：	是万氏兄弟，分别是万古蟾、万赖鸣、万超尘及万涤寰，彼时技术的限制，全世界
"个人简介艾青[MASK]，男，回族，河南叶县人"中[MASK]位置的文本是：	山
"《高等数学课程学习指导书（下册）》是1998年[MASK]作者是朱宏道"中[MASK]位置的文本是：	高等教育出版社出版的图书，
"周光武[MASK]，湖南宁乡人，1988年8月参加工作，1988年4月加入中国共产党"中[MASK]位置的文本是：	，男，1966年6月出生，汉族，党校大学
"秀美金球鲀为辐鳍鱼纲鲀形目四齿鲀亚目四齿鲀科[MASK]淡水水域，体长可达10"中[MASK]位置的文本是：	的其中一种，为热带淡水鱼，分布于亚洲泰国、马来西亚及印尼
"陈清洲[MASK]年12月出生于福建厦门，大学本科学历，中共党员"中[MASK]位置的文本是：	，男，汉族，1970
"《对不起[MASK]收录在《听见谢馨哲》专辑中"中[MASK]位置的文本是：	》是谢馨哲的音乐作品，
"叉犀金龟属 Trypoxylus，鞘翅目[MASK]"中[MASK]位置的文本是：	Coleoptera犀金龟科Dynastidae昆虫
"灰岩香茶菜（原变种）是属唇形目（Lamiales）、唇形科（Labiatae[MASK]"中[MASK]位置的文本是：	）的植物
"《复合微动磨损》是2004年[MASK]周仲荣、朱旻昊"中[MASK]位置的文本是：	1月上海交通大学2004年出版的图书，作者是
"[i[MASK]中的自我呈现》，北京，北京大学出版社"中[MASK]位置的文本是：	] 欧文·戈夫曼（2016）：《日常生活
"[MASK] R2007基础教程》是2008年清华大学出版的图书，作者是刘慧颖"中[MASK]位置的文本是：	《MATLAB
"罗晋出演了于正的《美人心计》和[MASK]，皆因好演技被观众记住"中[MASK]位置的文本是：	《美人制造》
"《青年文摘：爱是一条温暖的河[MASK]是丁弘念"中[MASK]位置的文本是：	》是2011年湖南人民出版社出版的图书，作者
"《缝补灵魂的天使》是2013年春天出版国际文化有限公司出版的图书，作者是法兰辛[MASK]，FrancineRivers"中[MASK]位置的文本是：	．瑞维斯
"《计算机网络技术([MASK]委员会优秀教材)》是人民邮电出版社2014年01月出版的教育考试类书籍，作者是徐立新"中[MASK]位置的文本是：	教育部高职高专计算机类专业教学指导
"《少年神探狄仁杰》是由中央电视台、欢瑞世纪影视传媒股份有限公司、北京光线传媒[MASK]黄宗泽、戚薇、马天宇、孙骁骁等主演，林心如、袁弘等特别出演"中[MASK]位置的文本是：	股份有限公司、上海翡翠东方传播有限公司出品的古装推理悬疑偶像剧，林峰执导，
"《意识心理学》[MASK]出版社出版的图书，作者是霍涌泉"中[MASK]位置的文本是：	是2006年上海教育
"倾我至诚是[MASK]书城发行的一本图书，作者是渭城雨"中[MASK]位置的文本是：	由云中
"葡萄星毛虫（Illiberis tenuis Batler）[MASK]，斑蛾科"中[MASK]位置的文本是：	，属鳞翅目
"陈奕迅和王菲在登陆央视春晚7年[MASK]了谢霆锋的名曲《因为爱所以爱》，一旁的谢霆锋则害羞傻笑"中[MASK]位置的文本是：	后，再度合唱《因为爱情》，完美合音让现场所有人如痴如醉，陈奕迅还唱
"《[MASK]年中国纺织出版社出版的图书，作者是丛林"中[MASK]位置的文本是：	时髦病自治手册》是2006
"纪念2015年2月19日，俄罗斯总统普京与圣彼得堡前市长阿纳托利·亚历山德洛维奇·索布恰克的遗孀Lyudmila Narusova[MASK]，并献花"中[MASK]位置的文本是：	一同出席阿纳托利·亚历山德洛维奇·索布恰克去世15周年的悼念仪式
"《独秀文存（平）》是1996年[MASK]陈独秀"中[MASK]位置的文本是：	11月安徽人民出版社出版的书，作者是
"《我要Fit-Fit》是由香港电视广播有限公司拍摄制作的时装连续剧，[MASK]热门城市话题作主干"中[MASK]位置的文本是：	以失业、创业和减肥等
"王金考，男，汉族，1951年7月生[MASK]村农民"中[MASK]位置的文本是：	，中共党员，陕西省合阳县同家庄镇北长益
"茶树丽绿刺蛾，Latoia lepida [MASK]，为鳞翅目细蛾科绿刺蛾属的一种昆虫"中[MASK]位置的文本是：	(Cramer)
"1946年3月，中国人民解放军第一所航空[MASK]“东北老航校”）在吉林省通化市成立"中[MASK]位置的文本是：	学校——东北民主联军航空学校（习惯称
"出道15年的梁咏琪，曾透露自己和老公Sergio都很爱[MASK]一样，生一对龙凤胎，省时又省钱"中[MASK]位置的文本是：	小孩，如果体力允许目标是生4个，也希望能像妈妈
"《我[MASK]神》是湖北作家邓一光的长篇小说，全书80万字，2008年北京出版社出版"中[MASK]位置的文本是：	是我的
"玫瑰盔鱼，是辐鳍鱼纲鲈形目隆头鱼亚目隆头鱼科的其中一种，分布于中东太平洋的土阿莫土群岛、皮特凯恩群岛、库克群岛等海域，[MASK]米，体长可达19"中[MASK]位置的文本是：	栖息深度12-18
"[MASK]濒危鱼类，主要栖息于礁区、近海沿岸"中[MASK]位置的文本是：	额角三鳍鳚是鲈形目三鳍鳚科下的一种
"《潜龙轰天3》是由程小东执导[MASK]等参加演出"中[MASK]位置的文本是：	的动作片，史蒂文·西格尔、卢淑仪
"《中老年保健按摩图解》是1997年由[MASK]出版社出版的图书，作者是曲敬喜"中[MASK]位置的文本是：	山东科学技术
"深情不露是由周慧敏演唱的一首歌曲，[MASK]专辑中"中[MASK]位置的文本是：	属于处处留情
"公司概述武汉盛世乐居[MASK]公司总部位于湖北武汉互联网金融中心基地，是一家集家居家装、互联网O2O家装和互联网P2P理财为一体的综合性企业"中[MASK]位置的文本是：	电子商务信息有限公司1创立于2014年7月，
"剑川县[MASK]有限责任公司、剑川县华艺木雕旅游产品有限公司），现有总资产3000多万元，占地面积14300平方米，职工300余人，其中技师以上的技术骨干100多人，各种先进设备110多台（套），技术力量雄厚，工艺先进，设计和生产能力强，能生产300多个花色品种"中[MASK]位置的文本是：	民族木器厂创建于1956年，拥有全资的二个子公司（剑川县园林古建工程
"着白衣的是哥哥曹仁，[MASK]而且擅使弓箭，能在万马奔腾中，射取指挥官"中[MASK]位置的文本是：	字子孝，他不但精通枪刀，
"2011年2月17 号是元宵佳节，浙江积分[MASK]蒋伟霖，“中国首善”陈光标与孤寡老人和空巢老人代表，重庆企业家代表和各级领导欢聚一堂"中[MASK]位置的文本是：	宝电子商务公司时任董事长王晓升，时任总裁
"魏世光，男，汉族，生于1972年[MASK]，大学文化，四川德阳人，中共党员，现任德阳市旌阳区环境保护局副局长"中[MASK]位置的文本是：	3月11日
"《三国演义[MASK]版）》是蔡晓晴导演的一部剧情电影"中[MASK]位置的文本是：	（精编
"其实还有一部电视剧《克拉恋人》，女主角是傻白甜专演户[MASK]当时真的迪丽热巴非常的有气场，风头盖过了女主角，我也是冲着迪丽热巴去看的那部电视剧，找女主角就不能找那些不适合这个角色的，或者就是名气不好的，要不然的话就会发生这样的惨剧"中[MASK]位置的文本是：	唐嫣，配角是迪丽热巴，
"郑源《红尘情歌》之前，还有一首[MASK]你》也是高安借曲填词"中[MASK]位置的文本是：	《在心里从此永远有个
"剧集《盛夏晚[MASK]刘恺威、杨幂"中[MASK]位置的文本是：	晴天》中的黄梦莹、
"雪花山位于山西省永济市[MASK]，是中条山国家森林公园、民族英雄杨振邦抗日革命根据地"中[MASK]位置的文本是：	东2 公里处，三晋最大的内陆湿地伍姓湖以南
"《神奇宝贝之阿浩[MASK]，作者是圣光浩"中[MASK]位置的文本是：	传奇》是在起点中文网连载的小说
"刚刚出道时时候的洪欣，以美貌著称，1993年时与黎明、李嘉欣、朱茵合作电视剧[MASK]绫"中[MASK]位置的文本是：	《原振侠》，剧中饰演善解人意的蓝
"直到21世纪，《小美人鱼》依然[MASK]Your World”更是久唱不衰"中[MASK]位置的文本是：	是迪士尼的骄傲，片中的歌曲“Part of 
"《我在路上最爱你》是由中国巨力影视传媒有限公司、韩国太特拉公司联合出品，中韩两国合资拍摄的[MASK]、车秀妍主演"中[MASK]位置的文本是：	文艺爱情片，该影片由金丰起执导，黄圣依、池珍熙、文章
"《盗墓寻梦》是百度文学旗下纵横中文网签约作家[MASK]小说已于2014-05-21正式发布"中[MASK]位置的文本是：	西门郎创作的一部恐怖惊悚小说，
"[MASK]：《庄子发微·序》，上海古籍出版社，1988年"中[MASK]位置的文本是：	⑥钟泰
"苗振明，男，祖籍山东省武城县，[MASK]边陲、魅力城市齐齐哈尔市"中[MASK]位置的文本是：	一九七二年六月出生于北国
"《爆笑女仙》是在起点中文[MASK]懒人游牧"中[MASK]位置的文本是：	网上连载的小说，作者是
"《罪恶之家》是艾斯林·沃什执导的推理惊悚电影[MASK]道尔共同演出"中[MASK]位置的文本是：	，由大卫·休里斯、苏菲·兰
"郭蔼明郭蔼明被称为“史上最高学历[MASK]，参赛前在美国南加州大学获得电子工程学硕士学位"中[MASK]位置的文本是：	港姐”
"陈韶，男，汉族，中共党员，校党委书记，1957年8月出生于[MASK]，祖籍广东番禺"中[MASK]位置的文本是：	广东韶关
"《黄爱华与智慧课堂》是2006年北京师范大学出版社出版的[MASK]是教育部师范教育司"中[MASK]位置的文本是：	图书，作者
"唐鑫，山东潍坊人，生于1988年11月28日，就读于内蒙古民族大学美术[MASK]，喜欢冒险"中[MASK]位置的文本是：	学院，他性格幽默、活泼、开放 
"第2：《柜中美人》改编自水合小说《胭脂醉》，由唐人影视出品，李公乐、黄肖英与徐惠康联合执导，周渝民、胡冰卿、陈瑶、韩栋、陈若轩、等人主演的电视剧[MASK]陈瑶饰演的有点傻白甜，还圈粉无数"中[MASK]位置的文本是：	，剧中有可爱的一面，
"李沇熹站在沙滩上闭着双眼，特别是被海风吹起的秀发，展现出自身[MASK]的电视剧，于2017年上半年在韩国有线电视台JTBC播出"中[MASK]位置的文本是：	清秀自然美的一面《The Package》是一部由全昌根执导，郑容和、李沇熹、崔宇植、尹博、柳承修等主演
"当然了，谁来[MASK]》，还是看央视内部的人事的安排，网友的建议也只是个参考而已"中[MASK]位置的文本是：	接替倪萍主持《等着我
"齐彤，男，汉族，生于1968年10月[MASK]7月参加工作，中共党员，本科学历"中[MASK]位置的文本是：	，山东人，1991年
"《在你身边》是香港歌手钟汉良同名专辑《在你身边》的主打歌，该歌曲由李安修填词，陈耀川谱曲[MASK]公司发行"中[MASK]位置的文本是：	，屠颖编曲，于1995年由艺能动音BMG
"四季沐歌集团成立于2000年，2012[MASK]日于沪市A股主板上市（股票代码：603366），是中国航天事业战略合作伙伴"中[MASK]位置的文本是：	年5月21
"【电影】[MASK] 主演：陈意涵 薛凯琪 张钧甯（剧情/爱情/冒险 今起公映）这部主打女生友情的电影如今已经拍到第二部，之前《前任3》因为大部分人都有过前任而成功引起共鸣，这部《闺蜜2》能否挑起女性观众的观影欲呢"中[MASK]位置的文本是：	《闺蜜2》 导演：黄真真
"《小贼、美女和妙探》由导演沙恩[MASK]，影片于2005年09月06日上映"中[MASK]位置的文本是：	·布莱克指导，小罗伯特·唐尼，方·基默，米歇尔·莫娜汉领衔主演的惊悚喜剧片
"第一回合：@倾城冥门 : 回归大自然，过充实想要的生活很好@斯尼德 : 赵亮老婆就是干妹妹干起的嘛，没有一定本钱隐居山林养殖是做不到的@Pl : 山城棒棒军赵亮演得好，表情太好了第二回合：[MASK]生活@贵尔赫姆 : 赵亮很棒"中[MASK]位置的文本是：	@乔克 : 有钱了才可享受的
"《杀神降临》是慌年碎[MASK]起点网"中[MASK]位置的文本是：	梦创作的网络小说，发表于
"姓名：[MASK]（伊朗）   国籍：伊朗   效力球队：德黑兰独立足球俱乐部 代表国家队：出场36次，进0球   欧洲三大杯：出场0次，进0球   欧洲冠军联赛：出场0次，进0球"中[MASK]位置的文本是：	拉马蒂  英文名： Rahmati  场上位置：门将  惯用脚：右脚   出生地：设拉子
"新西兰啄羊鹦鹉是[MASK]，羽毛丰厚，主要呈绿色，喙又粗又长"中[MASK]位置的文本是：	一种鹦形目、鹦鹉科类生物，生活在稀木灌丛中，体形大
"北京昊建混凝土有限公司于2003-04-16在[MASK]"中[MASK]位置的文本是：	大兴分局登记成立
"作为殿堂级的表演艺术家,入行三十余年的尤勇智演绎过众多[MASK]首度转型制片人后的第一部作品"中[MASK]位置的文本是：	精彩的角色,此次加盟《红线》,是他
"《[MASK]你》是女导演权聆的银幕处女作"中[MASK]位置的文本是：	忘了去懂
"《国外当代图书馆建筑设计精品[MASK]建筑工业出版社出版的"中[MASK]位置的文本是：	集》是由中国
"[MASK]倩给的玉佩，让欧阳慧识出其是姐姐的儿子"中[MASK]位置的文本是：	姜云凡气急之下拿出娘亲欧阳
"分类柳刺皮瘿螨，[MASK]真螨目瘿螨科"中[MASK]位置的文本是：	学名Aculops niphocladae Keifer，隶属
"[MASK]有我》是芮小杰作词，郑国锋作曲，郑国锋演唱的歌曲"中[MASK]位置的文本是：	《因为
"何实嗣，女，汉族，1908(戊申年)年出生[MASK]人"中[MASK]位置的文本是：	，湖南宁乡
"董洁如（1893年2月——1972年7月）1，全国人大常委会原副委员长[MASK]1893年，天津市人，北洋女子师范学校毕业"中[MASK]位置的文本是：	王光英和原国家主席刘少奇夫人王光美的母亲，出生于
"何继筠[MASK]971年），字化龙，河南人"中[MASK]位置的文本是：	（921年—
"广翅目尤其是鱼蛉科昆虫具有重要的药用[MASK]美誉"中[MASK]位置的文本是：	和食用价值，有“动物人参”的
"作者简介笔名：三尾  作者简介:讲故事，独乐不如众乐  代表作《逍遥双修》，[MASK]"中[MASK]位置的文本是：	《蛋里蹦出个女朋友》是他的最新作品，首发于17k小说网，连载中
"郑州市宝融养殖有限公司[MASK]登封市工商行政管理局登记成立"中[MASK]位置的文本是：	于2010年02月03日在
"邓莹诗，体育教育家，四川[MASK]"中[MASK]位置的文本是：	新津县人
"郑玉昕，男，1967年7月生，汉族，河北省黄骅人，1995年12月入党，1989年7[MASK]高级工程师"中[MASK]位置的文本是：	月参加工作，大学文化，硕士学位，
"昆明艾斯易环保设备制造股份有限公司于[MASK]10月11日在昆明市工商行政管理局登记成立"中[MASK]位置的文本是：	2012年
"平衡叶尺蛾，Lobophora halterata [MASK]昆虫，多在吉林、内蒙古、黑龙江等地分布，日本、俄罗斯等国家也有分布"中[MASK]位置的文本是：	(Hufnagel，1769)，属于鳞翅目尺蛾科叶尺蛾属的一种
"[MASK]年中国时代经济出版社出版的图书"中[MASK]位置的文本是：	《酒店业从业经验》是2005
"如[MASK]一篇涉及艾青的夫人高瑛大姐"中[MASK]位置的文本是：	她的真情之文非止
"范创建，主治医师，毕业于长治医学院临床专业，从事骨科[MASK]医院脊柱专业"中[MASK]位置的文本是：	近30年，曾进修于北京307
"《奥运精神励志书》是2007年中央编译出版社[MASK]"中[MASK]位置的文本是：	出版的图书，作者是王少毅
"《[MASK]丁当演唱的一首歌曲，由黄婷作词，林迈可作曲，收录在丁当发行的专辑《好难得》中"中[MASK]位置的文本是：	不是你的错》是
"《三国之丑女无敌》是夜月夭夭创作[MASK]"中[MASK]位置的文本是：	的网络小说，发表于起点网
"《[MASK]一首歌曲，收录于专辑《尴尬》"中[MASK]位置的文本是：	说爱了》是张起政演唱的
"鲁德涅夫，拉脱维亚人，1988-01-13生于陶格夫匹尔斯（[MASK]178厘米"中[MASK]位置的文本是：	拉脱维亚），体重70公斤，身高
"文清，中国古代[MASK]此谥号的大臣有明朝薛瑄、清朝刘墉等"中[MASK]位置的文本是：	谥号之一，获得
"同时，樊冲认为[MASK]过去或者想要得到些什么，因此，他给该曲命名为《我要你》"中[MASK]位置的文本是：	张一曼会在歌声回忆
"《网络成瘾的[MASK]》是52012年东南大学出版社出版的图书，作者是鲁龙光、黄爱国、陈建国、邹旭辉"中[MASK]位置的文本是：	心理疏导
"《[MASK]》是乔纳森·诺兰导演的一部科幻美剧"中[MASK]位置的文本是：	西部世界第一季
"电影简介【中文剧名】：隔世情未了 【日文剧名】：君のため[MASK]日本富士电视  【首　播】： 1992"中[MASK]位置的文本是：	にできること  【电视台】： 
"《江湖往事》是2008年[MASK]执导，黄维德、炽龙、霍思燕、吴樾、徐少强等主演"中[MASK]位置的文本是：	北京柯瑞传媒出品的一部民国江湖传奇剧，由李惠民等
"甄子丹的母亲麦宝婵女士是国际武术家和[MASK]自幼随母习武，同时接触太极等传统中国功夫和西洋拳术，为他打扎好优良的传统武术根基"中[MASK]位置的文本是：	太极拳师，因此他
"《2003年度新译西方文论选》是2004年2月1[MASK]"中[MASK]位置的文本是：	日漓江出版社出版的图书，作者是王逢振
"《希腊神话星座起源奥运传说》是2004年[MASK]，作者是陈适先"中[MASK]位置的文本是：	东方出版社出版的图书
"台湾歌手孟庭苇于2012年10月19日推出了她的新民歌专辑《太阳出来了》，在这张蕴含中国各地传统民歌[MASK]讲述子女情深的《女儿贼》，而一曲《阿郎》更是道尽了天下游子浓浓的思乡情"中[MASK]位置的文本是：	元素的专辑里，不仅有充满大爱的公益歌曲《我淡淡的蓝》，也有
"赵四小姐也是名门出身，父亲[MASK]"中[MASK]位置的文本是：	赵庆华时任政府交通部次长
"浙江[MASK]于1999年04月05日在乐清市工商行政管理局登记成立"中[MASK]位置的文本是：	永兴塑料有限公司
"24），字鲁直，号山谷道人，晚号涪翁，洪州分宁（今江西省九江市修水县）人，[MASK]盛极一时的江西诗派开山之祖，与杜甫、陈师道和陈与义素有“一祖三宗”（黄庭坚为其中一宗）之称"中[MASK]位置的文本是：	北宋著名文学家、书法家，为
"你的品位总是美1歌曲鉴赏《眼泪[MASK]悦耳，制作精细"中[MASK]位置的文本是：	成诗》是知名作词人林夕与孙燕姿的首度合作，旋律
"《谋局诸天》是百度文学旗下纵横中文网签约作家琉狸巫师创作的一部异世[MASK]-05正式发布"中[MASK]位置的文本是：	大陆小说，小说已于2014-05
"钱学森（1911-2009），中国导弹之父[MASK]西方文学的比较郑姓郑成功（1624－1662），祖籍河南固始，明末清初军事家，抗清名将，民族英雄"中[MASK]位置的文本是：	、享誉海内外的杰出科学家和中国航天事业的奠基人钱钟书（1910-1998），著名作家、文学史家、学者，长期致力于中国和
"人物生平家世背景郭圣通，[MASK]郡名门望族，是东汉开国皇帝光武帝刘秀的皇后，史称光武郭皇后"中[MASK]位置的文本是：	真定藁城人，古郭国的后裔，中山
"在《爸爸带娃记》中，陈小春带着Jasper一[MASK]的粉丝跟拍，到车上的时候陈小春问Jasper：你知不知道为什么他们要拍照"中[MASK]位置的文本是：	出现就被很多喜欢他们
"魏毅，男，汉族，1959年9月生，陕西三原人，1975年9月参加工作，1981年9[MASK]学历（2001年12月中央党校函授学院经济管理专业毕业）"中[MASK]位置的文本是：	月加入中国共产党，中央党校大学
"延中绿地，位于静安区、卢湾区、黄浦区三区交界处，其中静安区[MASK]效应，提高市民生活质量，推进社会、经济、环境协调发展的重大举措"中[MASK]位置的文本是：	段的绿地始建于2000年2月，规划建设延安中路大型公共绿地，是上海市委、市政府为改善城市生态环境，缓解中心城区热岛
"《异闻录1》是2012[MASK]文艺出版社出版的图书，作者是王雨辰"中[MASK]位置的文本是：	年湖南
"企业地球村是全国领先的企业电子商务服务网站，企业的[MASK]于天府之国成都"中[MASK]位置的文本是：	全程服务平台，2011年由四川东临乾元科技有限公司创立
"歌曲《姑娘与我》，由何松[MASK]高凌风演唱"中[MASK]位置的文本是：	作词作曲，
"韩寒与金丽华的女儿出生后，[MASK]"中[MASK]位置的文本是：	果然叫韩小野
"没去成峨眉山的陈铎有一天接到了《话说长江》总编导戴维宇的电话，问他愿意不愿意参加这个节目[MASK]"中[MASK]位置的文本是：	做主持人，当时《话说长江》的名字还没有定
"当时[MASK]登基，实力薄弱，到了立后时却敢鼓起勇气颁发一则诏书，诏令大臣们替他寻找民间遗失的宝剑"中[MASK]位置的文本是：	权臣霍光权力极大，甚至想将势力渗入后宫，想让他的小女儿霍成君当上皇后，刘询刚
"《[MASK]不可》是百里幽月写的网络小说连载于17k小说网"中[MASK]位置的文本是：	帝王霸爱：妃囚
"庄溪水[MASK]年9月14日生，中医师"中[MASK]位置的文本是：	，男，65岁，汉族，1936
"凯迪拉克[MASK]，创立于1902年，是美国总统第一御用汽车品牌"中[MASK]位置的文本是：	—美国通用汽车集团旗下一款豪华汽车品牌
"《[MASK]由安徽美术出版社出版的书籍，作者是罗杰·沃尔顿"中[MASK]位置的文本是：	设计者自我推销》是2004年5月
"脱狱之王第二季由制片人Matt Olmstead和[MASK]法警突破常规，与罪犯合作追捕逃犯的故事"中[MASK]位置的文本是：	Nick Santora联手打造，在第二季中将继续讲述联邦
"《摄影小史+机械复制时代的艺术作品》作者:  瓦尔特·本雅明 译者:  王才勇版本: 江苏人民出版社 2006年7月瓦尔特·本雅明的《摄影小史》（1931）与《机械复制时代的艺术作品》[MASK]"中[MASK]位置的文本是：	（1936年）被称为摄影、文化理论的经典著作
"黄妍，女，复旦大学[MASK]主任医师，2002年毕业于同济大学医学院，2009年毕业于复旦大学附属妇产科医院，硕博连读，妇产科学博士"中[MASK]位置的文本是：	附属肿瘤医院肿瘤妇科副
"生下李嫣以后，王菲月子便陪着女儿[MASK]完整加入了娱乐界，专心致志地赐顾帮衬女儿"中[MASK]位置的文本是：	到美国规复医治，简直
"上海实建实业有限公司（原上海实建化工有限公司成立于1999年）是一家已经拥有16年化工原料经营历史的企业，16年来，实建本着“[MASK]的原则，为广大的新老客户提供优质的产品、便捷的服务"中[MASK]位置的文本是：	实实在在、服务化工”
"任海兵，安徽淮北人，1978年8月出生[MASK]教师，博士，副教授"中[MASK]位置的文本是：	，中国矿业大学矿业工程学院
"马骏，男[MASK]汉族，1959年10月出生"中[MASK]位置的文本是：	，
"娇妻太胸悍是[MASK]扇舞 的书,中国人民出版社2013年4月出版，"中[MASK]位置的文本是：	长袖
"高盛集团（Goldman Sachs[MASK]最大的投资银行之一，总部设在纽约，并在东京、伦敦和香港设有分部，在23个国家拥有41个办事处"中[MASK]位置的文本是：	）成立于1869年，是全世界历史最悠久及规模
"王世昌（生卒年不详），明代画家[MASK]，山东人，李开先在《中麓画品》（1541年成书）中即对他有评论记载"中[MASK]位置的文本是：	，字时雍（又作畴雍），号历山
"《橘子郡男孩第三季》是2005年播放[MASK]、亚当·布罗迪等主演"中[MASK]位置的文本是：	的一部美国喜剧电视剧，由IanToynton执导，本杰明·麦肯锡
"柘荣一中创办于1944年，历名柘洋特种区区立初级中学、柘荣县县立初级中学、柘荣县初级中学、福安三中、柘荣县中学、[MASK]柘荣县第一中学"中[MASK]位置的文本是：	福安四中，1970年开办高中，1975年正式定名为
"蒋征蒲(1813～1881)，明晋长子，字汉卿，号剑池，由副贡入仕，出任湖南军需局[MASK]等地按察使司"中[MASK]位置的文本是：	提调，北荆宜施兵备道，督办防剿军输总局，两湖捐输总局，四川
"张家口鑫荣路桥工程有限公司于2007年6月[MASK]在张家口经济开发区工商行政管理局登记成立"中[MASK]位置的文本是：	6日
"《西方民主[MASK]出版编著的实体书"中[MASK]位置的文本是：	理论史纲》是由人民出版社
"[MASK]2010年4月22日正式上线"中[MASK]位置的文本是：	爱奇艺，原名奇艺，于
"《心机少女第二季》是由美国制片的一部惊悚悬疑剧，于2011年6月在美国首播，[MASK]"中[MASK]位置的文本是：	共25集
"由国民冰箱领导品牌“格力晶弘”携手安徽卫视、安徽经视共同打造大型行走类美食家庭[MASK]日起每周二晚23:15在安徽卫视、经视同步播出，主持人王乐乐、王小川、罗彬、亚群、吴薇带你来一场说走就走的美食之旅"中[MASK]位置的文本是：	秀节目《国民当家菜》将于7月7
"许世勋是广东本土人，是船王许爱周的[MASK]"中[MASK]位置的文本是：	第三个儿子
"和郭秀云有一个儿子叫钱景峰[MASK]也是一名演员"中[MASK]位置的文本是：	，
"张养浩是元代散曲的代表作家之一，散曲创作奠定[MASK]的不朽地位"中[MASK]位置的文本是：	了他在中国文学史上
"品牌介绍宝马公司在1916年3月7[MASK]，前身公司的名字叫BFW，公司创始人名吉斯坦-奥托(Gustan Otto)"中[MASK]位置的文本是：	日成立，BMW的前身是一家飞机工厂，最初以制造流线型的双翼侦察机闻名于世
"张幼仪：徐志摩，遇到[MASK]，离开你，我涅槃重生"中[MASK]位置的文本是：	你，我半生劫难
"《星星知[MASK]由杨英明作词，李子恒作曲，蔡幸娟演唱的一首歌曲"中[MASK]位置的文本是：	我心》是
"温暖的家歌曲《温暖的[MASK]，曲作者未知，蔡国庆演唱"中[MASK]位置的文本是：	家》由余致迪作词
"穆罕默德·福阿德·柯普吕律(Muhammad[MASK]伊斯兰教学者、历史学家、政治家"中[MASK]位置的文本是：	 Fu’ad Koprulu，1890～1966)  土耳其
"郭鹤年被福布斯归入马来西亚首富，华人富豪榜第四位[MASK]酒店、办公室、南华早报集团、香格里拉酒店集团等等"中[MASK]位置的文本是：	，旗下资产最大部分都在香港，包括大量的香港豪宅、商场、
"《大盛魁》是由呼和浩特市政府、内蒙古电视台、玉泉区人民政府、鄂尔多斯羊绒集团、北京[MASK]共同投资拍摄的电视剧，由王新民执导，于震，乔振宇，吴连生领衔主演1"中[MASK]位置的文本是：	晋商博物馆于2009年
"《文圣剑神》是[MASK]创作的网络小说，发表于起点网"中[MASK]位置的文本是：	一品红茶
"大家来看一下《轩辕剑之天之痕》是上海唐人电影制作有限公司出品的古装玄幻仙侠[MASK]、梁胜权、黄俊文执导，胡歌、蒋劲夫、刘诗诗、唐嫣、古力娜扎、林更新等主演"中[MASK]位置的文本是：	剧，该剧由李国立
"北京[MASK]10月，注册资金200万元人民币"中[MASK]位置的文本是：	圣德顺饮品有限公司成立于2009年
"《傲神刀尊》是于[MASK]，作者是项华"中[MASK]位置的文本是：	纵横中文网连载的网络小说
"[MASK]的雪》，当时高中生的我也仅限于喜欢薛之谦的歌，对他本人并不是特别了解"中[MASK]位置的文本是：	10年前就听薛之谦的《认真
"1951年钱荣[MASK]母校南开大学财经学院金融贸易系任教"中[MASK]位置的文本是：	堃回到
"虽然我也想知道拍摄进程，但还是以不打扰为前提哈，让他们好好创作我们好好观赏，范冰冰黄轩这波突然来袭的吻戏，让大黑牛好尴尬，不过想想大黑牛都把媳妇儿领回家了，就只想期待她杀这部剧了范冰冰黄轩《蜉蝣》这首歌曲，舒缓而深情，配合清脆的吉他声，黄轩用低沉的嗓音，娓娓道来，口气中满是见惯世间沧桑的淡然与不舍，百转千回之后，情感终于爆发，唱出“于是踏遍万里山河，千沟万壑，[MASK]她的经典之作，确实没几部"中[MASK]位置的文本是：	于是寻遍波澜壮阔，鸿鹄云鹤”的铿锵誓言，再渐渐回归，反复的吟唱“是谁太懦弱，为什么沉默，我在想你呢，半生蹉跎”范冰冰黄轩 范爷虽然是大IP，但是如果你仔细回忆下
"中客华北成立于[MASK]80年代"中[MASK]位置的文本是：	20世纪
"[MASK]杨宗纬2011年发行的《原色》专辑中的第一首歌曲"中[MASK]位置的文本是：	《底细》是
"《放学了》是由王矜霖创作词曲并演唱[MASK]专辑《放学了》中，于2015年发行"中[MASK]位置的文本是：	的歌曲，收录于同名
"任龙太，男，1956年2月[MASK]房人，中共党员"中[MASK]位置的文本是：	出生，闻喜县桐城镇崔家
"[MASK]一名乌拉圭籍足球运动员，球场位置是后卫"中[MASK]位置的文本是：	M·皮里斯是
"[MASK]原版名称月がきれい是由岸诚二指导，柿原优子系列构成脚本，feel.负责制作的原创电视动画"中[MASK]位置的文本是：	《月色真美》
"《中华赌侠[MASK]执导，古天乐、朱茵等主演的动作片"中[MASK]位置的文本是：	》是由程小东
"苏州牧得隆贸易有限公司是苏州富亿集团下的一家[MASK]，公司旗舰店地址位于江苏省苏州市相城区阳澄湖中路百购广场内"中[MASK]位置的文本是：	多元化企业
"斯卡尔鲸属是[MASK]的鲸目动物，该属大部分种类在中新世的欧洲生活，但有少数化石于澳大利亚和新西兰发现"中[MASK]位置的文本是：	一属已灭绝
"真人动画片就时常有新片被引进，比如2010年上映的《[MASK]好看的，甚至有时比纯动画片还能赢得影迷好评"中[MASK]位置的文本是：	爱丽丝梦游仙境》，最近三年内相继上映的两部《帕丁顿熊》，感觉都还蛮
"基翁·克拉克(KeonClark)，美国NBA职业篮球运动员，司职前锋，拥有2.11米身高的克拉克在上个[MASK]不错的防守能力"中[MASK]位置的文本是：	赛季平均每场得11.3分和7.3个篮板，同时具有
"著有《情系大地》（人民日报出版社[MASK]大王》（团结出版社2014.10）、《刘文韬全集》（团结出版社2014.12）等图书"中[MASK]位置的文本是：	2013.12）、《酱业
"由于[MASK]白鹿、王茂蕾等主演倾力演绎的古装权谋大剧《凤囚凰》本周进入高潮"中[MASK]位置的文本是：	正制片，李慧珠执导，关晓彤、宋威龙、张逸杰、
"鼓锤石斛，属于植物界，被子植物门，单子叶[MASK]目，是由黄建章、程式君于1975"中[MASK]位置的文本是：	植物纲，天门冬
"风月花鸟，一笑尘缘了，”刘珂[MASK]《半壶纱》里的一句"中[MASK]位置的文本是：	矣
"高田真希，女，1989年8月23日生于日本，183cm，日本[MASK] 2010年广州亚运会日本代表团成员之一"中[MASK]位置的文本是：	女子篮球运动员篮球运动员，位置为中锋，
"肖恩·亚历山大（Shaun Alexander），1977年8月30日出生于美国肯塔基州佛罗伦萨（Florence, Kentucky），前美国职业橄榄球运动员，生涯先后效力[MASK]，司职跑卫"中[MASK]位置的文本是：	于西雅图海鹰队、华盛顿红皮队
"阿越（笔名），男，本名罗煜，1982年生于湖南，[MASK]检修工作"中[MASK]位置的文本是：	著名网络历史小说《新宋》的作者，从事火车头上的电器
"《探访[MASK]居民》是2009年农村读物出版社出版的图书"中[MASK]位置的文本是：	海洋
"《无上圣君》是百度[MASK]东方玄幻小说，小说已于2014-10-13正式发布"中[MASK]位置的文本是：	文学旗下纵横中文网签约作家邪灵子创作的一部
"1972年，18[MASK]的林青霞于台湾金陵女中毕业"中[MASK]位置的文本是：	岁
"回顾之时可以去找找他们描写了在东北一个中等工业城市吉林省长春市大型国企工作的一个普通工人家庭一家[MASK]了他的《东北人都是活雷峰》“老张开车去东北，撞了"中[MASK]位置的文本是：	三代之间发生的令人啼笑皆非的趣事该剧于2001年首播北京英氏影视公司推出的中国第一部大型情景喜剧《我爱我家》《东北一家人》是其姊妹片当然这部剧火了还火了雪村火
"《全国公共英语等级考试四级词汇科学记忆[MASK]一部教育作品，作者是钟道隆"中[MASK]位置的文本是：	（磁带1--5）》是由人民大学出版社出版的
"个人生平易[MASK]绍兴二十六年丙子（公元1156年）正月生（据宁乡谱，三月初四生）"中[MASK]位置的文本是：	祓，字彦章，后改彦祥，行五九，号山斋，南宋
"《无[MASK]叛逆写的网络小说连载于17k小说网"中[MASK]位置的文本是：	事献殷勤》是善良的
"姓名：吉本淳，英文名：Atsushi Yoshimoto，生日：1982-01-14，场上位置：前锋，身高：177厘米，体重：[MASK]"中[MASK]位置的文本是：	67公斤惯用脚：右脚，出生地：静冈（日本），国籍：日本
"内容主题戴佩妮2011[MASK]》最新主打《爱在被爱之前》"中[MASK]位置的文本是：	全新专辑《回家路上
"《妇女与性别（上下）》是2009年中华书局出版的图书[MASK]】玛丽·克劳福德罗达·昂格尔"中[MASK]位置的文本是：	，作者是【美
"《烈车战队特急者》（日语：烈车戦队トッキュウジャー），为日本东映公司在2014年推出的超级战队系列第38部作品，[MASK]粉，后期追加橙色战士，同时也是在归来篇中增加了紫色战士1"中[MASK]位置的文本是：	2014年2月16日起每周日早上07:30在朝日电视台播出，此次的主题首次为列车，最初编组成员为三男二女组合，颜色配对再次恢复为红、蓝、黄、绿、
"[MASK]怎么舍得离去》是巫启贤演唱的歌曲，出自专辑因为你"中[MASK]位置的文本是：	《
"《[MASK]由中国政法大学出版社出版编著的实体书"中[MASK]位置的文本是：	论反抗》是
"人物经历大卫·斯特恩是一位犹太裔[MASK]完成了从中学到大学的学业"中[MASK]位置的文本是：	美国人，父亲在纽约经营着一家熟食店，帮助他
"1[MASK]  李朝隐,字光国,是陕西京兆三原人"中[MASK]位置的文本是：	            
"《聚灵诀》[MASK]网络小说，作者是沉睡天使"中[MASK]位置的文本是：	是连载于起点中文网的
"王牌至尊主要有一本电影和漫画，电影导演是谢尔登·莱提奇 Sheldon Lettich，发行于[MASK]朝基胜士，发行于2001年"中[MASK]位置的文本是：	1993年，漫画的作者是安童夕马×
"徐才[MASK]曾用过:才连政治面貌：参加革命： 1942单位职务： 华野十一纵队三十三旅九十八团班长牺牲情况： 1948年东台战斗中牺牲"中[MASK]位置的文本是：	田1  出生年月： 1918性　别： 男籍　贯： 东进乡军属村别　名： 
"2013年，出演文章执导的都市情感剧《小爸爸》，与文章，马伊琍，朱佳煜，刘欢，徐翠翠合作[MASK]童年时期于果"中[MASK]位置的文本是：	，在剧中饰演
"袁姗姗是在于正导演的《宫锁连城》里而[MASK]汤”"中[MASK]位置的文本是：	走红，但里面的沐浴戏曾被嘲笑是“番茄鸡蛋
"孙国利，[MASK]06年毕业于郑州大学"中[MASK]位置的文本是：	男，
"《雪莲姑娘[MASK]作词者是刘长锁，作曲者是阿汝汗"中[MASK]位置的文本是：	》是一首歌曲，
"书名：《裂变式创业》作者：宗毅，芬尼科技CEO出版社：机械工业出版社2016年1月出版《裂变式创业》关注【裂变学院】公众号点击购买     [MASK]用户成为热泵销售员，让家庭变成样板间"中[MASK]位置的文本是：	  在朋友圈看到一篇10万+软文《一般人泡妞只为自己爽，但有些人泡妞改变世界》，宗毅公司的裂变总经理用Uber模式让
"谢志英，1961年毕业于无锡市艺术学校[MASK]花旦、刀马旦、彩旦、老旦等各种不同行当、不同类型的女性形象"中[MASK]位置的文本是：	，后进本团学馆，具有扎实的基本功，善演
"《美女不坏》是金姝慧执导的女性[MASK]、郭品超、刘婧等主演"中[MASK]位置的文本是：	时尚情趣喜剧，由谢娜、许慧欣
"易子轩，男，黑龙江人，毕业于中央戏剧学院，是一名演员，代表作品由《都市军号》、[MASK]》2、《咱家》、《过界》3等"中[MASK]位置的文本是：	《火红的木棉花》、《送五台》、《憨媳当家》、《麻雀春天》1、《二婶
"遗作《一切随风》里，由林夕填词，他作曲的《玻璃之情》，颇含几分宿命的意味：我这苦心 已有准备[MASK]，坦言十年后的今天，手机里还存着张国荣当年的手机号"中[MASK]位置的文本是：	随时有块玻璃 破碎堕地如果你太累 及时地道别没有罪牵手来 空手去 就去张国荣去世后，梁朝伟常常不自觉想起与哥哥生前相处的场面
"「思凡」这首歌由华研唱片新生代的[MASK]两位新秀不设限的思考也塑造了「思凡」这首歌曲的非凡"中[MASK]位置的文本是：	两位天才型的优秀音乐人合力打造，JerryC作曲、蓝小邪作词，
"殷青，邵郁，周立军·强化地域特色的建筑设计基础课体验教学·2011中国建筑教育学术[MASK]2011"中[MASK]位置的文本是：	研讨会论文集·中国建筑工业出版社·
"《混世[MASK]3G书城的小说，作者是鳄饿"中[MASK]位置的文本是：	魔武邪神》是连载于
"1  《四季情歌》[MASK] 曲：谷建芬"中[MASK]位置的文本是：	  词：溪水 
"司徒慧如，女，毕业[MASK]华东医院的副主任医师，擅长喉、鼻内窥镜、纤维喉镜、老年性耳聋检查和治疗"中[MASK]位置的文本是：	于上海市第二医科大学，现为上海
"[MASK]馆占地面积2万平方米，建筑面积1"中[MASK]位置的文本是：	基本信息天津科学技术
"Kang jin young（康金勇）是韩国时装设计师，毕业于韩国外国语大学，曾经获得[MASK]Award”"中[MASK]位置的文本是：	纽约时装周的女装最佳设计师的“Rising Star 
"《新闻大求真[MASK]播出的一款新闻求证节目，主持人为方家翊、 刘烨（女）、邓男子、梁田等人"中[MASK]位置的文本是：	》是湖南卫视
"“祝我生日快乐”原是周杰伦广告主题曲，他特别将歌曲由之前《叶惠美》专辑抽掉，温岚更以内敛唱法诠释，《夏天的风》 温岚[MASK]7月6日《夏天的风》是由天天（梁鸿斌）作词，周杰伦作曲，温岚演唱的歌曲"中[MASK]位置的文本是：	 发行时间：2004年
"S是继喜多郎之后日本乐界唯一享誉全球的NEW AGE音乐团体），“摇滚诗人”许巍也被片中的故事所震撼，激发了他的创作热情，为大型纪录片《第三极》创作了同名歌曲《第三极》，导演团队也第一[MASK]画面，剪辑了MV，以飨乐迷"中[MASK]位置的文本是：	时间以《第三极》美轮美奂的
"《侦探故事365-4[MASK]二十一世纪出版社出版的图书，作者是徐建华"中[MASK]位置的文本是：	》是2010年
"《德国民法总则编典型[MASK]》是2005年南京大学出版社出版的图书，作者是邵建东"中[MASK]位置的文本是：	判例17则评析
"歌曲：《爱了半天》 歌手[MASK]专辑：《海浪》 曲：刘志宏 词：刘思铭 编：洪敏尧，钟兴民"中[MASK]位置的文本是：	：黄品源   
"《创世十三姐妹系列之灵动神州》是一部连载于小说阅读网的[MASK]神之剑xue"中[MASK]位置的文本是：	小说，作者是
"《夜的第七章》是收录在周杰伦2006[MASK]一首歌曲1"中[MASK]位置的文本是：	年9月5日专辑《依然范特西》中的
"江鳕（Lota lota）属鳕形目，鳕科，[MASK]"中[MASK]位置的文本是：	江鳕属
"《狗尾草在叹息》是1993年浙江人民出版社出版的[MASK]珊"中[MASK]位置的文本是：	图书，作者是赵鑫
"菊花果是菊目[MASK]的植物"中[MASK]位置的文本是：	，菊科
"《创世大神[MASK]小说网的小说，作者是小小彬"中[MASK]位置的文本是：	》是连载于17k
"简介　长吻鮠（Leiocassis longirostris[MASK]鲶形目，鲿科，鮠属"中[MASK]位置的文本是：	）属
"邱荣先邱荣先 (19l0[MASK])湖南江华县人"中[MASK]位置的文本是：	—1989
"《重生AKB》是果推创作的网络小说[MASK]文学网"中[MASK]位置的文本是：	，发表于晋江
"扬州恒鑫特种钢管有限公司成立于1997年11月份，地处扬州市北郊[MASK]交通十分便利"中[MASK]位置的文本是：	，西接京沪高速公路，东连新建铁路线，
"[MASK]的粤语专辑《自便》中的一首歌曲"中[MASK]位置的文本是：	《守护天使》是香港著名女歌手王菲
"《蚩邪剑之星龙诀》是一部连载于[MASK]洪荒封神小说"中[MASK]位置的文本是：	起点中文网的仙侠
"据报章资料，许子东曾害怕上电视，但在朋友梁文道的[MASK]角度界入的节目，于是同意参与"中[MASK]位置的文本是：	游说下，认为《锵锵三人行》是一个可作学术
"这次起义，拉开了我们在介绍很多姓氏时必须提及的[MASK]事件的序幕"中[MASK]位置的文本是：	陈政、陈元光父子入闽
"侯羽,[MASK]（集团）有限公司董事长,四川省阆中人，1963年1月出生"中[MASK]位置的文本是：	重庆诗仙太白酒业
"陈天富，男，瑶族，1981年11月出生，广西[MASK]在职研究生"中[MASK]位置的文本是：	恭城人，中共党员，广西民族大学公共管理学院社会保障专业
"简介苏少敏，男，[MASK]1968年12月出生，1994年5月加入中国共产党，1987年7月参加工作，省委党校研究生学历"中[MASK]位置的文本是：	汉族，陕西扶风人，
"[MASK]，1814年12月19日俄亥俄州斯托本维尔 - 1869年12月24日华盛顿）， 男，美国法学家和政治家"中[MASK]位置的文本是：	埃德温·麦克马斯特斯·斯坦顿（Edwin McMasters Stanton
"个人资料雷切尔·巴格  生日： 1989年03月07日  性别：女  身高：159 厘米  体重：56 公斤  国家[MASK]获得该项目的第二名，2012年澳大利亚测试赛中第一名"中[MASK]位置的文本是：	及地区：澳大利亚  出生地：澳大利亚详细描述2012年澳大利亚公开冠军赛中
"迁居当年，阎锡山就在菁山草芦接待了突然莅临的[MASK]"中[MASK]位置的文本是：	蒋介石、宋美龄夫妇
"杨华，2007年毕业于湖南农业大学动物医学专业，同年考入天津科技大学食品科学专业硕博连读[MASK]"中[MASK]位置的文本是：	研究生，导师为天津科技大学研究生处处长博士生导师王昌禄教授
"《工笔画[MASK]杨柳青画社出版的作品，作者是温书强，类型是平装"中[MASK]位置的文本是：	线描人物画谱》是天津
"《鬼吹灯之黄皮子坟》[MASK]联合出品，管虎、费振翔执导，阮经天、徐璐、郝好、刘潮、李玉洁等主演的悬疑电视剧"中[MASK]位置的文本是：	是一部由耀客传媒、第七印象、企鹅影业、万达影视
"《茶中禅味》[MASK]，作者是仁空"中[MASK]位置的文本是：	是2009年陕西人民出版社出版的图书
"胡适的[MASK]文字，其舅母是胡适的姑婆，胡适与结发妻子的婚姻属于包办婚姻，是其母亲冯顺弟一手包办的，这符合那个年代的时代特征，江冬秀也是当地望族的小脚千金，作为新时代的青年，胡适自然不满意，这个不折不扣的旧式婚姻对于那时代中国新派的第一号人物来说，既滑稽又讽刺，可是他对母亲非常孝敬，就默认了"中[MASK]位置的文本是：	感情经历之一：夫人江冬秀江冬秀(1890～1975) 安徽旌德县人，初通
"高怀碧，男[MASK]武乡县人，中共党员，大学本科学历，农学学士，农艺师职称"中[MASK]位置的文本是：	，汉族，1971年3月生，山西省
"开创音乐江山,成就歌坛霸业,第一主打《[MASK]到儿女情长,不过一首歌间一一吟唱,张杰用一把好声音,讲述一个传奇的故事"中[MASK]位置的文本是：	天下》,加入了时尚中国风元素,从壮志凌云
"观念不及格 其他全部是垃圾4歌曲鉴赏《[MASK]专辑《七里香》中最有新意、也最让人眼前一亮的作品"中[MASK]位置的文本是：	我的地盘》是
"劳斯莱斯成立于[MASK]Frederick HenryRoyce（亨利·莱斯）共同创立，车型标志的双R代表了两个人你中有我，我中有你的亲密伙伴关系"中[MASK]位置的文本是：	1906年，是由Charles StewartRolls（查理·劳斯）和
"《又见雨夜花》是由吴颂今作词，韩乘光作曲，[MASK]风含情水含笑》中"中[MASK]位置的文本是：	杨钰莹演唱的一首歌曲，收录在专辑《
"《[MASK]》是连载在17k小说网上的一部热血青春小说，作者是霜漫天"中[MASK]位置的文本是：	遇见你是我的痛
"《京城四少》是赖水清执导，[MASK]湛蓉、俞小凡、张倩等主演的古装爱情剧"中[MASK]位置的文本是：	刘德凯、张晨光、
"《新一代Visual C++2005程序设计》是2006年清华大学出版社出版的图书[MASK]作者是林俊杰"中[MASK]位置的文本是：	，
"正当大家斗得难分难解之际[MASK]了首都长安，建立了唐朝"中[MASK]位置的文本是：	，李渊从太原起兵，只用了八个月就攻入
"个人经历[MASK]毕业，中共党员，博士，现任郑州大学机关党委书记2、团十七届中央委员、团河南省委委员、河南省青联常委、团郑州市委常委、郑州市青联常委"中[MASK]位置的文本是：	  厉励，男，1974年1月生，郑州大学
"《战后日本出版文化研究》是由[MASK]的书籍"中[MASK]位置的文本是：	昆仑出版社出版
"《豪门禁区：恶魔百日索爱》 是一部由[MASK]，是一本都市言情类型的小说"中[MASK]位置的文本是：	落叶纷飞所写的网络小说，在狂想书微信平台上线，回复书名即可查看
"姜育恒（Johnny），1958年11月15日出生于韩国首尔，[MASK]荣成，中国籍1职业歌手"中[MASK]位置的文本是：	原籍山东
"三年里刘恺威足足演了12部电视剧，像《寂寞空庭春欲晚》《飞刀又见飞刀》等，但是评分都低于6分，网友纷纷表示刘恺威演技是该向老婆[MASK]再过三年还是烂片王啊"中[MASK]位置的文本是：	杨幂好好学学了，不然
"”（吴承恩《西游记》第七十六回：心神居舍魔归性[MASK]这是哪"中[MASK]位置的文本是：	，木母同降怪体真）
"2012年[MASK]登陆荧屏5，这部纪录片聚焦国内五大重点尖端科技工程，将那些建筑过程中鲜为人知、惊心动魄的场景纳入《超级工程》的镜头"中[MASK]位置的文本是：	，CCTV重磅打造的纪录片《超级工程》正式
"《默[MASK]一部在云中书城连载的小说，作者是犬犬"中[MASK]位置的文本是：	与犬逗》是
"歌词如果这是情　　[MASK]词：向雪怀　　曲：K"中[MASK]位置的文本是：	- 胡琳 　　
"‧张曾泽以《路客与刀客[MASK]赢得1970年金马奖最佳影片、最佳导演"中[MASK]位置的文本是：	》
"谭震林[MASK]，男，汉族，是中国共产党的优秀党员，久经考验的忠诚的共产主义战士，杰出的无产阶级革命家"中[MASK]位置的文本是：	（1902年4月24日—1983年9月30日）
"(9)华胥氏—伏羲—少典—黄帝—少昊—蟜极—业父[MASK]—造父—渠父—安父—梁父—莒父—奄父—叔带(赵国始祖)—明祖—明父—公明—赵成子(赵衰)、赵夙"中[MASK]位置的文本是：	—大业—伯益—大廉—衍曾—衍祖—衍父—中衍—轩祖—轩父—戎胥轩—中潏—蜚廉—季胜—孟增—衡父
"盔娇鹟是一种雀形目、[MASK]莫西干头，而雌性一身绿色，看起来非常低调"中[MASK]位置的文本是：	娇鹟科类生物，雌雄两性的外貌差别很大，雄性身体黑色有红色的
"插曲[MASK]董冬冬 演唱：张靓颖2013年电影《私人订制》"中[MASK]位置的文本是：	《敢为天下先》作词：陈曦 作曲：
"《我愿意》的作曲由黄国伦完成，其称，写这首歌的初衷[MASK]2"中[MASK]位置的文本是：	是送给上帝的礼物
"高欢的长子高澄（北齐文襄帝）做王世子时，[MASK]都督，不久升为征虏将军，累加卫将军"中[MASK]位置的文本是：	任命斛律光为亲信
"被杨幂嫌弃自拍技术的赵又廷No.2 胡一天代表作：《致我们单纯的小美好》2017年年末，凭借一部《致我们单纯的小美好》的网剧成了今年最火小鲜肉的胡一天，不仅收割了不少少女粉[MASK]笑"中[MASK]位置的文本是：	，就连阿姨大妈都对他露出各种姨母
"这期间，朱丽倩每日接送女儿上下学后，便坐旧款7人车由养和秘道到医院陪华仔，女儿刘向蕙放学后也会去医院陪爸爸朱丽倩素面朝天，脸上油光也是毫不遮掩，尽显憔悴朱丽倩[MASK]做成功男人背后的那个女人，直到2010年才被狗仔拍到了与刘德华的合照天王夫妇已不再年轻华仔住院1个多月了，朱丽倩每日接送女儿上下学后，便赶到医院陪护华仔"中[MASK]位置的文本是：	和刘德华年轻时候年轻时候的朱丽倩朱丽倩非常低调，默默地
"灰沙黄蝶尺蛾，Thinopteryx delectans (Butler)，鳞翅目[MASK]的一个物种"中[MASK]位置的文本是：	尺蛾科
"《黄金时代》由许鞍华执导，[MASK]、冯绍峰领衔主演，讲述关于萧红传奇一生的故事"中[MASK]位置的文本是：	李樯监制及编剧，汤唯
"《天生爱情狂》由中国[MASK]张智霖、刘心悠、杨怡、吴若希等人主演"中[MASK]位置的文本是：	3D数码出品的一部爱情电影，由叶念琛执导，由
"大家还记得杨幂和刘恺威在2013年4月[MASK]"中[MASK]位置的文本是：	热播的《盛夏晚晴天》中的表现
"《中林文化》是[MASK]音乐作品，收录在《去爱你》专辑中"中[MASK]位置的文本是：	段家新&吴霞的
"梅耐雪，男，汉族，1967年1[MASK]7月参加工作，1991年3月加入中国共产党，安徽省委党校法学专业研究生学历"中[MASK]位置的文本是：	月生，安徽宿松人，1985年
"褐缘散白蚁，属等翅目，鼻白蚁科，[MASK]"中[MASK]位置的文本是：	散白蚁属
"《松井玲奈写真集「[MASK]是2012年光文社出版的图书，作者是丸谷嘉长"中[MASK]位置的文本是：	きんぎょ」》
"《[MASK]天上人间》改编的一部古装言情剧，由古巨基、黄奕、马伊琍、周杰、王艳、刘涛，黄晓明等主演"中[MASK]位置的文本是：	还珠格格第三部》是根据琼瑶小说《
"《有份爱情放不下》是由歌手郑东[MASK]《听我说，亲爱的》中"中[MASK]位置的文本是：	2011年演唱歌曲，由著名歌手郑源作词作曲，并收录在郑东首张国语专辑
"2015年5月26日中国台湾2014年1月30日中国香港2014年2月20日美国[MASK]26日《屠魔战士》在中国大陆上映首日票房突破一千万人民币"中[MASK]位置的文本是：	2014年1月24日菲律宾2014年1月22日（资料来源：6）票房收益2015年5月
"段祥，男，汉族，1965年[MASK]年7月参加工作，1988年12月加入中国共产党"中[MASK]位置的文本是：	10月生，重庆江津人，中央党校大学，1983
"阿穆尔隼[MASK]的鸟类，又称为东方红脚隼，属隼形目隼科隼属"中[MASK]位置的文本是：	（学名：Falco amurensis，英文名：Amur Falcon）是隼科隼属
"2015年5月7日，休·[MASK]金刚狼3》将会是他最后一次出演金刚狼"中[MASK]位置的文本是：	杰克曼宣布《
"南京千度金融信息服务有限公司于2015年04月27[MASK]成立"中[MASK]位置的文本是：	日在南京市建邺区市场监督管理局登记
"[MASK]北京联合出版公司出版的图书，作者是[美]约翰·布鲁克斯"中[MASK]位置的文本是：	《商业冒险》是2015年
"《帝夫难求》是起点中文网的一部已完结的架空历史小说，[MASK]是钦寒"中[MASK]位置的文本是：	作者
"@倦怠李易峰 爱他的执着或许他是我们少年的回忆，已经成为一种习惯周杰伦@是心非心无上心我的偶像是杰伦小公举啦，他喜欢运动，他会的[MASK]麻麻写歌，我是因为《东风破》这首歌，喜欢他到了现在，他还做了慈善，教灾区的小朋友打球，总之他是个很正能量，很暖的人"中[MASK]位置的文本是：	乐器很多，他很谦虚，他还会写听妈妈的话，还会给他的
"林心如林心如在2010年[MASK]的拍摄，随后于正便在微博上发文“有人山寨自己心里不爽，还说自己是原班人马"中[MASK]位置的文本是：	主演《美人心计》重新大火，看到商机的林心如便借用于正工作室的一些人筹备《倾世王妃》
"开平市水口镇伟德塑料五金厂位于厂开平市水口镇水暖城，公司成立于2006年，是[MASK]个体经营企业"中[MASK]位置的文本是：	一家专业从事卫浴塑料制品生产的
"《新女婿[MASK]剧，由王小康执导，林永健、王龙华、英壮、何赛飞、牛莉领衔主演"中[MASK]位置的文本是：	时代》是慈文传媒集团、东阳紫风影视制作有限公司共同出品的一部家庭伦理
"专辑:海枯石烂(李翊君的情歌2)李翊君-新不了情作词:黄郁作曲:[MASK]了"中[MASK]位置的文本是：	鲍比达noni99---------心若倦了泪也乾了这分深情难舍难
"《新编绩效考核量化管理全案》是2013年清华大学出版社[MASK]，作者是谭中阳"中[MASK]位置的文本是：	出版的图书
"《当我知道你们相爱》是一首陈洁丽演唱的歌曲，该首歌曲发行于2006年11月07日，出自于其专辑《Lily[MASK] With Chris》"中[MASK]位置的文本是：	 Come Face To Face
"[MASK]1995年 04月16日出生于台湾省高雄市，棒球运动员，网球女将庄佳容的弟弟"中[MASK]位置的文本是：	庄岳颖，
"《我[MASK]世界》是君独手毁天下创作的网络小说，发表于17K小说网"中[MASK]位置的文本是：	的末日
"许和娟 女，1941[MASK]6月生，江苏常州人"中[MASK]位置的文本是：	年
"东莞星海录音棚成立于2010年3月10日，至今已成立8[MASK]曾春年，张启辉，梦然，曾春年，安东阳等，为东莞和全国数千名原创歌手提供音乐制作服务"中[MASK]位置的文本是：	周年，位于东莞南城中心繁华地段，由导演，音乐制作人寒月创办，公司合作艺人，邰正宵，六哲，
"《神医特种兵在都市》[MASK]的一部青春热血小说，首发于17K小说网"中[MASK]位置的文本是：	是由春天的黑龙江所著
"《恋情[MASK]在杨钰莹1992年发行的专辑《风含情水含笑》中"中[MASK]位置的文本是：	如烟》是吴颂今作词，韩乘光作曲，杨钰莹演唱的一首歌曲，收录
"中岛哲也善于在电影中营造童话世界的氛围，即使是像《被嫌弃的松子[MASK]都会在片头就给出一个鲜明的风格取向12（网易娱乐评）"中[MASK]位置的文本是：	的一生》这样悲惨的故事也能拍得如喜剧一般轻松，似乎中岛的电影
"唐成良，男，汉族，1951年12月生，湖南邵阳人，1974年12月加入中国共产党，1969年2月参加工作[MASK]政治经济学专业毕业，广西区党校研究生学历，高级经济师"中[MASK]位置的文本是：	，广西壮族自治区党委党校在职研究生班
"紧接着参演了成龙主演的中印[MASK]》，饰演戏中张国立的女儿"中[MASK]位置的文本是：	合拍动作大片《功夫瑜伽
"《百炼武尊》[MASK]网络小说，发表于17K小说网"中[MASK]位置的文本是：	是我落凡尘创作的
"汉江丹江口铝业有限责任公司（以下简称[MASK]）始建于1970年，1997年1月改制为有限责任公司，系汉江水利水电（集团）有限责任公司的全资子公司"中[MASK]位置的文本是：	丹江铝业公司
"2001[MASK]吴子牛导演的古装战争巨制《英雄郑成功》，赵文卓获得金鸡奖最佳男主角提名3，该片也荣获华表奖最佳影片"中[MASK]位置的文本是：	年，凭借
"《化学化工文献与信息检索》是[MASK]国防工业出版社出版的图书，作者是张翠梅"中[MASK]位置的文本是：	2005年
"珠海票务网于[MASK]，经过前期实体门店在市场的成功运作，已成为珠海最大的旅游电子商务平台，也是目前珠海影响力最大的B2C大众旅游平台的电子商务网站"中[MASK]位置的文本是：	2011年2月18日成立
"“中国足球国际交流发展基金”2014年09月12[MASK]发布会"中[MASK]位置的文本是：	日正式成立，并在中国人民对外友好协会礼堂召开了新闻
"杨金文，中山大学中文系毕业，[MASK]校诗词班教师"中[MASK]位置的文本是：	古代文学研究生，惠州学院讲师，现任
"[MASK]是云中书城连载的都市言情小说，作者是博欲"中[MASK]位置的文本是：	《黑蜘蛛的诅咒》
"埃尔顿·布兰德在杜克大学[MASK]可得16"中[MASK]位置的文本是：	效力的两年时间里，场均
"代表作品有《牛郎织女》，《雷峰》等，2011年与刘烨，舒淇主演的温情大片[MASK]获得了票房口碑的双丰收，成功荣升为影视圈的当红小生"中[MASK]位置的文本是：	《不再让你孤单》
"实力派歌手暴林用歌声暖化这个萧瑟清寂的秋天，唱响金秋[MASK]—《心里梦里都是你》"中[MASK]位置的文本是：	小恋曲—
"丁黑介绍，《平淡生活》这部小说，海岩原打算是写30万字的，但后来因为[MASK]一直觉得这是个很大的遗憾"中[MASK]位置的文本是：	出版的需要，同时也因为时间的关系，最终小说压缩成20万字，有10万字没能写进去，当时海岩
"《罗马[MASK]北京大学出版社出版的一本图书，作者是 魏凤莲"中[MASK]位置的文本是：	军团》是2010年1月1日
"11999年油画《抚琴女孩》发表于“艺术界”杂志4月双月刊  油画《玩偶》等四幅作品选入“世纪之门”——中国当代艺术邀请[MASK]中青年油画家——郭润文”油画集（江西美术出版社）"中[MASK]位置的文本是：	展（成都现代美术馆）  油画《沉浮》获“第九届全国美展”银奖：（中国美术馆）“中国当代
"主体民族萨摩亚人约20万，[MASK]总人口的90%，属波利尼西亚人种"中[MASK]位置的文本是：	占全国
"角龙是一种鸟臀目[MASK]类进化而来，是一种古生物，活跃于早白垩纪(1"中[MASK]位置的文本是：	草食性恐龙，由假鳄
"于洪亮，男，汉族，1965[MASK]，现任省交通运输厅副厅长、党组成员"中[MASK]位置的文本是：	年出生，山东莱州人
"重庆洪泉物业管理有限公司是一家[MASK]垃圾经营性清扫、收集服务的企业，注册资金1050万元人民币"中[MASK]位置的文本是：	具有独立法人资格的国家一级资质物业管理公司和城市生活
"《铁核桃之无间风云》是黄文利执导[MASK]侯梦莎、任柯诺、张慧主演1"中[MASK]位置的文本是：	的年代谍战剧，由傅程鹏、
"北京巴米[MASK]2013年08月27日在朝阳分局登记成立"中[MASK]位置的文本是：	哥宠物用品有限公司于
"《这个世界的真相》是2010年04月南方[MASK]的图书，作者是阿姜查"中[MASK]位置的文本是：	出版社出版
"《做个真女人》是[MASK]图书，作者是（美）玛哈尼"中[MASK]位置的文本是：	2009年中央广播电视大学出版社出版的
"[MASK]末年巴郡临江（今重庆忠县）人，（"中[MASK]位置的文本是：	严颜，字希伯，东汉
"《马识途文集3[MASK]女杰》是2005年5月1日四川文艺出版社出版的图书"中[MASK]位置的文本是：	-巴蜀
"成功背后国家一级演员王晶华当年扮演佘太君时还仅仅是个刚满21岁的小姑娘，却[MASK]古代女英雄"中[MASK]位置的文本是：	要在《杨门女将》里塑造一个百岁挂帅的
"”  除了张智峰的篮球员背景，身高171公分的严立婷也曾是台北商专篮球校队，两人志趣相同，她当初就是看球认识，也算[MASK]主题布置"中[MASK]位置的文本是：	张智峰的头号粉丝，昨婚礼现场以篮球运动风为
"戴维·波莱，法国足球[MASK]一名前锋，现在效力于朗斯足球俱乐部"中[MASK]位置的文本是：	运动员，是
"[MASK]月01日在海淀分局登记成立"中[MASK]位置的文本是：	北京理工中兴科技股份有限公司于1992年12
"王菲具有很多的经典作品，从早期的《红豆》《流年》，到现在比较近的《匆匆那年》，《[MASK]我》都很好听"中[MASK]位置的文本是：	你在终点等
"《中提琴[MASK]出版的一部教育作品，作者是沈西蒂"中[MASK]位置的文本是：	考级曲集》是由上海音乐学院出版社
"《一段情》是由卢永强作词[MASK]）编曲，苏永康演唱的一首歌曲，收录于专辑《和那谁的》中，发行于2011年11月08日"中[MASK]位置的文本是：	，钟镇涛作曲，Ted Lo（罗尚正
"《今日先锋7》[MASK]由天津社会科学院出版社于2001-03出版"中[MASK]位置的文本是：	是
"#歌手华晨宇# 对于#华晨宇#的歌迷来说，这首《我管你》早已经烂熟于心，但这一次在我是歌手舞台[MASK]他面临的赞赏和争议往往也越繁重，但他不以为然——我管你的感受，我就是要追逐我的梦想"中[MASK]位置的文本是：	上的演绎，却是独一无二的，独特的并不是编曲或歌词的改变，而是多年前当花花站在同样一个巅峰的位置时，
"《水墨丹青凤凰城》是一首风格唯美的新世纪音乐作品，出自[MASK]"中[MASK]位置的文本是：	李志辉《我们远去的家园》音乐专辑
"武汉理工大学博士学位论文,[MASK]  [2] 吴静萍"中[MASK]位置的文本是：	2004
"蟾蝽   bug  异翅目[MASK]昆虫，约100种"中[MASK]位置的文本是：	(Heteroptera)蟾蝽科(Gelastocoridae)
"《潮说》是一首由林晓培[MASK]的歌曲"中[MASK]位置的文本是：	演唱
"2005年，主演胡玫执导的央视开年大戏《汉武大帝》，饰演雄才伟略、风流千古的一代霸主汉武帝，该剧展现了刘彻的一生，作为《汉武大帝》的主演，陈宝国演绎了一个性格复杂的汉武帝，3435凭借该剧获得第25届中国电视剧飞天奖优秀男演员奖，5第[MASK]届中国电视金鹰奖最佳男演员奖提名"中[MASK]位置的文本是：	11届中国电影表演艺术学会金凤凰奖表演学会奖，36第23
"《心理与精神护理学习指导及习题集》是2008年出版[MASK]"中[MASK]位置的文本是：	的图书，作者是李丽华
"[音乐]俞灏明 -[MASK] 愚先生"中[MASK]位置的文本是：	
"《杜拉拉升职记》 徐静蕾执导并主演的这部影片中，几乎[MASK]23个品牌，恨得观众牙根直痒痒"中[MASK]位置的文本是：	做到了三分钟一小广，五分钟一大告，有统计说在这部90多分钟的片里竟然包含了33个赞助商，
"《都挺好》改编自阿耐同名小说，由简川訸执导，王三毛、王磊编剧，侯鸿亮任制片人，简川訸是《欢乐颂[MASK]这个班底就让人满心期待，杨祐宁与国内黄金电视班底的首次碰撞，肯定会擦出不少火花"中[MASK]位置的文本是：	2》的导演，侯鸿亮更是金牌制片人，光听到
"6.《大侠霍元甲》电视剧于1983年引进内地之时，万人空巷，黄元申[MASK]成为内地几代人的偶像"中[MASK]位置的文本是：	、梁小龙和米雪等人也迅速
"旧版《流星花园[MASK]到拍摄中的柴智屏、蔡岳勋、林合隆、许富翔等导演、编剧也悉数捧红"中[MASK]位置的文本是：	》不仅捧出大S、言承旭、周渝民、郑爽、张翰等知名艺人，更是将参与
"4行政区划截至2010年12月31[MASK]3个自治县，面积29459平方千米，总人口351万"中[MASK]位置的文本是：	日，大理白族自治州辖1个县级市，8个县，
"【[MASK]《不如不见》，寂寞忧伤、感怀时光的孤独情歌"中[MASK]位置的文本是：	3D环绕】李行亮，
"[MASK]一首歌曲，收录于《忘记你我做不到》专辑中"中[MASK]位置的文本是：	《真心的朋友》是著名歌手张学友的
"《乘客》，是在2014年，由星弟[MASK]的一首原创歌曲"中[MASK]位置的文本是：	作词、作曲、演唱
"1994年的尚语贤毕业于北京电影学院，2014年，参演[MASK]中演了一个“小太妹”的角色，凭小太妹一角受到观众关注"中[MASK]位置的文本是：	个人首部电影《老炮儿》而进入演艺圈，尚语贤在《老炮儿》
"此前以13项提名领跑的[MASK]之称的三位导演全都拿到了小金人（阿方索·卡隆凭《地心引力》获奖，亚利桑德罗·冈萨雷斯·伊纳里多《鸟人》《荒野猎人》两次获奖）"中[MASK]位置的文本是：	《水形物语》，最终收获含最佳影片在内的4项大奖，大获全胜，其中，第一次提名最佳导演的墨西哥导演吉尔莫·德尔·托罗也问鼎此奖，至此，有着“墨西哥三杰”
"（选自杨伯俊《论语译注》（典藏版[MASK]）"中[MASK]位置的文本是：	），中华书局，2015
"1陆佃兄嫂情况秦观《淮海集》卷三十三《虞氏夫人墓志铭》：“[MASK]昱之季女"中[MASK]位置的文本是：	夫人姓虞氏，讳丽华，越州山阴人，助教
"黄金荣为抢戏子露兰春，打了卢筱嘉，[MASK]准备将他枪毙"中[MASK]位置的文本是：	卢的父亲卢永祥一怒之下逮捕了他，还
"在改编周杰伦经典之作《双截棍》过程中伴唱大合唱总是不如意，他一次又一次的挑剔，一次又一次[MASK]完美"中[MASK]位置的文本是：	让大家重新再来，追求极致的
"《[MASK]是韩国MBC电视台于2005年7月27日首播的都市情感剧，由李载东执导，闽孝珍、金谢贤编剧，崔江姬、沈志浩、金旼钟、金亚中主演"中[MASK]位置的文本是：	我们应对离别的姿态》
"《梅森探案集[MASK]疑案》是由作者（美）厄尔·斯坦利·加德纳编写，文化艺术出版社出版的书籍"中[MASK]位置的文本是：	俏佳人吠犬
"《周游》是陈粒演唱[MASK]1"中[MASK]位置的文本是：	的一首歌曲
"[MASK]”、“中产家庭第二季”）导演：朱莉·安妮·罗宾逊，CCTV-8海外剧场从第十三集开始播，在2013年7月12日22:30播岀本剧国语版，"中[MASK]位置的文本是：	中文名：左右不逢源（又译作“中之道第二季
"《现代名人小传》图书作者：沃丘仲子，1988年8月由[MASK]年铅印本影印"中[MASK]位置的文本是：	中国书店出版，本书据崇文书局1918
"他们又找了几位编剧彻夜长谈[MASK]麻雀》，让陈白尘执笔负责撰写剧本，让郑君里担任导演"中[MASK]位置的文本是：	，很快讨论出剧本的梗概，取名《乌鸦与
"得益于国家专项计划的[MASK]农村学生杨春被清华大学录取"中[MASK]位置的文本是：	实施，广西
"《诗瓷雅集》是2010年上海人民出版社出版的图书，作者[MASK]林裕华"中[MASK]位置的文本是：	是
"阎肃老先生生前对汤非的评价[MASK]扬州》MV在扬州广电一楼演播大厅正式发布"中[MASK]位置的文本是：	：1歌曲MV2017月4月11日下午，《下
"罗逵，男，汉族，[MASK]大学学历，中共党员，1992年7月参加工作，红岩镇人"中[MASK]位置的文本是：	1968年12月生，
"贾跃亭妻子甘薇刚刚对外声明，超过[MASK]债务已经形成解决方案，乐视网随即发布澄清公告予以否认"中[MASK]位置的文本是：	30亿元的关联
"林熙蕾进娱乐圈最晚但命最好，19岁在美国加州大学[MASK]到现在，25年了"中[MASK]位置的文本是：	读完双学位才闯入娱乐圈~官方认证17岁认识
"福士幸次郎(1889—1946)，[MASK]町"中[MASK]位置的文本是：	生于青森县弘前市本
"歌曲MV2013年9月25日，曲婉婷《爱的海洋Love Ocean》完整版MV全球首播，该支MV中，在钢琴旁忘情弹唱的曲婉婷，在明媚而温暖的阳光下将自己[MASK]"中[MASK]位置的文本是：	对歌唱的执着与坚定的信念诠释地淋漓尽致，让所有人感受到了她为梦想奋力打拼的意念与不畏失败的正能量2
"《[MASK]》是在潇湘书院上连载的一部小说，作者是夜舞飞花"中[MASK]位置的文本是：	暴君撞上女强人
"第二十三届全军电视剧“金星奖”长篇电视剧一等奖《第五空间》全军电视剧“金星奖”“优秀导演”，导演张蠡荣获全军电视剧“金星奖”[MASK]“金星奖”“优秀录音”"中[MASK]位置的文本是：	“优秀制片人”刘跃进全军电视剧“金星奖”“优秀剪辑”，王伟全军电视剧
"《娶错新娘王爷放了我》是忘君创作的网络小说[MASK]发表于起点网"中[MASK]位置的文本是：	，
"时隔三年也就是1998年，可能是拍电影攒够了钱，姜文自导自演了自己的第二部电影作品《鬼子来了》，《鬼子来了》在未[MASK]评审团大奖"中[MASK]位置的文本是：	通过审查的情况下，姜文参加了戛纳国际电影节，并凭借该片荣获了
"个人履历[MASK]，汉族，执业律师"中[MASK]位置的文本是：	梁红丽，女
"开网科技[MASK]）有限公司成立于2013年，是一家集软件研发、网络设备、计算机系统集成"中[MASK]位置的文本是：	（北京
"明朝万历间，诸圣邻编著的小说《大唐秦王词话》中，苏定方的人物形象丰满生动了许多，在第十七回中，苏定方作为窦建德的说客出场，[MASK]熊腰虎背半戎装，袋中紧扣弓和箭，鞘内深藏宝剑光"中[MASK]位置的文本是：	书中做了如下描述：“凛凛威风气势昂，
"《世界宗教总览》是1993年[MASK]中心编著"中[MASK]位置的文本是：	东方出版社出版的图书，由宗教研究
"《热血无赖》是林宥嘉演唱的歌曲，由林夕[MASK]的专辑《今日营业中》中"中[MASK]位置的文本是：	填词，JerryC、杨子朴谱曲，收录于林宥嘉2016年6月17日发行
"真正[MASK]的鳗鲡目鱼种"中[MASK]位置的文本是：	的鳗鲡属于硬骨鱼类
"《高效记忆法 》是西南财经大学出版社 出版[MASK]图书，作者：刘沙"中[MASK]位置的文本是：	的
"《主导德育论》是[MASK]图书，作者是郑永廷"中[MASK]位置的文本是：	2008年人民出版社出版的
"《网游之傲世[MASK]，作者是舒叶"中[MASK]位置的文本是：	天下》是17k小说网连载的小说
"李淑贤（约1925年--1997[MASK]溥仪的第五任、也就是最后一任妻子"中[MASK]位置的文本是：	年6月9日），是清逊帝爱新觉罗·
"除此之外[MASK]的妈妈，但是身材依然火辣，不论在事业和生活上，林志颖都是绝对的人生赢家"中[MASK]位置的文本是：	，林志颖的娇妻陈若仪，虽然已经是三个孩子
"2008年3[MASK]主题的《狼神》，正于起点中文网火热连载，让我们拭目以待他更大的成功"中[MASK]位置的文本是：	月1日，月关开始了他以本“马甲”写作的第二部作品，以西方奇幻为
"《花环夫人之Tongpeirem》是连载于晋江文学城的小说[MASK]玻璃透透"中[MASK]位置的文本是：	，作者是
"个人生活06年8月18日，刘国梁和王瑾终于[MASK]结婚仪式"中[MASK]位置的文本是：	结束十四年的马拉松式爱情，举行了
"董尤林[MASK]年生，河南洛阳人"中[MASK]位置的文本是：	 1955
"周迅的ex李亚鹏是窦靖童的后[MASK]亲爸窦唯的堂弟，emmm"中[MASK]位置的文本是：	爸，周迅的ex窦鹏是窦靖童
"广汽[MASK]2008年7月"中[MASK]位置的文本是：	乘用车成立于
"《[MASK]基本原理概论》是2010年高等教育出版社出版的图书，由高等教育出版社编写组编写"中[MASK]位置的文本是：	马克思主义
"《探探猫之奇幻马戏团》是由广州[MASK]打造的全新电视动画片"中[MASK]位置的文本是：	指幻动漫有限公司1
"张国荣版的宁采臣迷倒了一大片少女，王祖贤版的聂小倩也是几代男生的梦中情人，[MASK]影视作品的冲击，而87年版《倩女幽魂》，依旧是永屹不倒的巅峰之作"中[MASK]位置的文本是：	几十年过去了，哥哥去世了，女神也老了，还有不断更新换代的
"《龙恋神话》在17k小说网连载[MASK]类作品，作者是爱穷公子"中[MASK]位置的文本是：	的一部架空历史
"歌词弹起来，唱起来[MASK] 填词： 庄奴 收录于大碟：　　弹起来"中[MASK]位置的文本是：	(电影『工读生』插曲) 作曲： 欣逸  
"薛燕，女，1965年11[MASK]，1983年9月加入中国共产党，1981年9月参加工作"中[MASK]位置的文本是：	月出生，汉族，河南荥阳人，在职研究生学历
"《万一奥特曼打不赢小怪兽》是由小[MASK]、作曲、演唱"中[MASK]位置的文本是：	贱（谭冰尧）作词
"在张国荣所有歌曲里，也许最让大家记忆深刻的，[MASK]作为影帝，出演和参演过很多作品"中[MASK]位置的文本是：	也最让人难忘的可能只有《玻璃之情》，有泪点梁家辉，
"马根仙[清]吴（[MASK]苏州）人"中[MASK]位置的文本是：	今江苏
"米哈利斯·康斯坦丁努，场上位置是中锋，身高188厘米，体重82[MASK]"中[MASK]位置的文本是：	公斤，惯用右脚
"黑龙江省[MASK]于1994 年 4 月，是具有独立进出口权的股份制企业"中[MASK]位置的文本是：	农垦天阳农机有限公司、（原黑龙江省农垦农机技术服务中心），创建
"《窈窕熟女》（英语：Women On The Run）[MASK]陈百祥、滕丽名、伍咏薇、苑琼丹、阮兆祥等领衔主演"中[MASK]位置的文本是：	是TVB时装处境喜剧，由徐正康监制，
"段海清，男，汉族，湖南省郴州市苏仙区人，1960[MASK]工作，1985年8月入党，湖南省委党校行政管理大专毕业"中[MASK]位置的文本是：	年10月出生，1984年8月参加
"1910年，当阿尔法·罗密欧创立的时候，创立者综合两种米兰市的标识从而创造出现在阿尔法·[MASK]的龙形蛇）组合而成的"中[MASK]位置的文本是：	罗密欧的徽标，分别是红色的十字是米兰城盾形徽章的一部分，以及来自当地一个古老贵族家族的家徽（吃人
"蔡少芬自从在《甄嬛传》中饰演皇后打开了内地市场，现在更是不停的录制综艺节目，每一季的[MASK]有两个漂亮的女儿，大女儿张楚儿7岁，二女儿张信儿5岁"中[MASK]位置的文本是：	《王牌对王牌》都有蔡少芬参加，综艺感非常的强，蔡少芬跟张晋结婚10年，如今
"在不断重复登陆那天的战斗的[MASK]日本轻小说改编道格·里曼始导演的游戏式电影《明日边缘》却有诸多特别之处"中[MASK]位置的文本是：	同时，凯奇越来越不想失去丽塔外星人入侵，穿越时间等等在好莱坞的大片里已经不算新鲜，但这部由
"《最美的字句》是[MASK]演唱的一首歌，收录于专辑《亲爱的你》中"中[MASK]位置的文本是：	由林宇中作词作曲，卓依婷
"《霸爱残情》是[MASK]类小说，作者是冥溪，已完结"中[MASK]位置的文本是：	起点中文网上的架空历史
"山西佰汇万达[MASK]年7月1日在太原市工商行政管理局登记成立"中[MASK]位置的文本是：	汽车租赁有限公司于2015
"咸鱼，没有梦想的咸鱼，因周星驰的《少林足球》而闻名[MASK]之前是没有咸味的，现在身上的咸味是它对海洋母亲的回忆"中[MASK]位置的文本是：	，被太阳晒伤
"付枚在网剧[MASK]，如春风一般给这部带有恐怖色彩的悬疑剧增添了一丝温暖，被众网友追捧为“国民初恋”"中[MASK]位置的文本是：	《心理罪》中饰演男主方木的初恋女友陈希，青春的形象、自然生动的表演
"夏钦根 [MASK] 1937年生"中[MASK]位置的文本是：	 
"《悬崖上的金鱼公主》由宫崎骏导演[MASK]2008年7月19日在日本首映"中[MASK]位置的文本是：	、编剧，吉卜力工作室制作的长篇动画电影，影片于
"《谎言[MASK]电影，导演是邓安宁"中[MASK]位置的文本是：	游戏》是一部爱情类型的中国
"简介秦钰，男，1960年出生，中学高级教师，中共党员，西北师范大学体育专业毕业，现任兰州[MASK]副秘书长"中[MASK]位置的文本是：	一中副校长，甘肃省排球协会
"无轴亚目，属正笔石目，[MASK]、纤笔石式、中国笔石式、四笔石式、对笔石式、叉笔石式等多种"中[MASK]位置的文本是：	胞管形状有均分笔石式
"《左右逢源官运亨通：官场奇才》是[MASK]的网络小说连载于新浪读书"中[MASK]位置的文本是：	北岸写
"《福星高照》是邹世孝监制，刘江、赵雅芝、于洋、欧阳[MASK]年4月19日上映"中[MASK]位置的文本是：	佩珊、周秀兰、廖伟雄、林锦棠主演的香港TVB古装电视剧，于1982
"秦嘉赴[MASK]徐淑因病还家，未能面别"中[MASK]位置的文本是：	洛阳时，妻子
"张京泽，男，汉族，1964年5月生，山西芮城人[MASK]学历，法学硕士"中[MASK]位置的文本是：	，1995年9月加入中国共产党，1988年7月参加工作，研究生
"职业[MASK]天津大学管理工程系毕业，获工学学士学位，1996年7月南开大学会计学系毕业，获经济学硕士学位"中[MASK]位置的文本是：	梅世强1989年7月
"《[MASK]的一部都市小说，作者是叶阳宇"中[MASK]位置的文本是：	冬至花开》是在17k小说网连载
"新邦物流[MASK]先生于2003年创立"中[MASK]位置的文本是：	由石浩文
"金正日的第三任妻子高英姬[MASK]为成蕙琳，第三位妻子为高英姬，第四位妻子为金英淑"中[MASK]位置的文本是：	原配妻子洪一茜金正日的第一位妻子为洪一茜，第二位妻子
"《死亡游行》是由立川让[MASK]，根据2013年“动画未来计划”上映的动画《死亡台球》改编而成的原创电视动画，于2015年1月9日开始播出"中[MASK]位置的文本是：	导演及编剧、MADHOUSE制作
"教育投资  [MASK]位于濮阳市濮东产业集聚区公园路南、黄城南路以西　　华龙区幼儿园拥有独立的教学和户外活动区域，园内有各种功能活动室，布局及物品摆放适于孩子的年龄和发展需求"中[MASK]位置的文本是：	濮阳纵横教育咨询有限公司投资的华龙区实验幼儿园
"刘贺是汉武帝的孙子[MASK]刘贺就成为了西汉的第二位昌邑王"中[MASK]位置的文本是：	，父亲去世后，年仅五岁的
"制片人常盛告诉记者，出品方之所以[MASK]对温瑞安的作品耳熟能详，像方振眉如此完美的武侠人物却从来没有被拍成过影视剧”"中[MASK]位置的文本是：	投拍《白衣方振眉》，是因为“大家
"《行尸走肉漆黑时的[MASK]作者是叶紫陌，连载网站晋江文学城"中[MASK]位置的文本是：	光》是一部小说，
"网易娱乐3月1日报道《台湾往事》是江苏亿和影视[MASK]猛犸天下影业联合出品的抗战剧，由崔亮执导，周晨、周道、袁源编剧，左小青、刘以豪、张书豪、候彦西、简嫚书、叶轩彤等主演"中[MASK]位置的文本是：	、九洲音像出版公司、横店影视制作、内蒙古港澳影业、霍尔果斯捷成世纪文化、上海红圈影业、上海金禾影视、光环时代、霍尔果斯
"同时，在春晚压轴曲目《难忘今宵》[MASK]与老一辈艺术家李谷一及其他演唱艺术家同台献艺"中[MASK]位置的文本是：	中，扬州歌手汤非
"北京震德嘉庆国际文化发展有限公司2014年注册成立，其前身是成立于2006年的北京市古玉标本研究[MASK]鉴藏家王震先生创办"中[MASK]位置的文本是：	中心，由创建北京市古玉标本研究中心的负责人文物
"从来未见记载卓文君对丈夫功名的渴求，倒是看出她非常会享受和司马相如在[MASK]不同生活形态"中[MASK]位置的文本是：	一起的
"《台湾首任巡抚刘铭传》是黄力加执导，刘德凯、沈傲君[MASK]一部古装历史剧"中[MASK]位置的文本是：	、斯琴高娃等主演的
"《柯南同人--冥幻[MASK]发表于晋江文学网"中[MASK]位置的文本是：	》是迟蝶梦创作的网络小说，
"里卡多·瓦兹·特（葡萄牙语：Ricardo Vaz [MASK]几内亚比绍裔葡萄牙足球运动员，司职前锋，现效力中超河南建业足球俱乐部1"中[MASK]位置的文本是：	Tê，1986年10月1日－），出生于葡萄牙里斯本，
"被视为天赋异禀的少年武者萧炎（吴磊饰），九岁时母亲古《斗破苍穹》演员表《斗破苍穹》演员表文心（李若彤饰）被人追杀致死，父亲萧战（于荣光饰[MASK]戒指视为珍宝从不离身"中[MASK]位置的文本是：	）讳莫如深，萧炎将母亲留给他的
"《铁血美人》是连载在晋江文学城网上的一部言情小说[MASK]作者是童叶"中[MASK]位置的文本是：	，
"[MASK]人，2008年2月加入中国共产党，1992年7月参加工作，在职大学学历，会计员，现任广西来宾市国有资产监督管理委员会工委委员、副主任"中[MASK]位置的文本是：	张建忠，男，汉族，1970年4月出生，四川乐山
"王以中（1921～1994），白族，云南剑川[MASK]"中[MASK]位置的文本是：	人
"花颜（同名书籍）《花颜》是新世界出版社出版的小说，作者是匪我思存，小说讲述[MASK]都市，所有荡气回肠的故事里，离爱情奥秘最近的一本书"中[MASK]位置的文本是：	了从古代到
"《[MASK]日本富士电视台制作并播出的11集亲情电视剧"中[MASK]位置的文本是：	高护木的规矩》是
"第三名：《伪装者》是山东影视传媒集团、东阳正午阳光影视有限公司联合出品的年代悬疑谍战剧，由李雪执导，胡歌、靳东、刘敏涛、王凯领衔主演，这部谍战剧是目前为止，正午阳光谍战剧中排名最高的一部[MASK]都非常经典"中[MASK]位置的文本是：	第二名：《暗算》专业水平最高的谍战剧，原著小说的作者就是干这行的，剧中的每一个演员，包括本色出演的王宝强，剧中的表演
"张培青，男，烟台大学教授，1983年太原理工大学本科毕业，1986年[MASK]物理化学教研室主任"中[MASK]位置的文本是：	和2003年于大连理工大学获工学硕士和工学博士学位，现为烟台大学化学化工学院
"周亚鸣1，1957年生[MASK]江苏镇江人"中[MASK]位置的文本是：	，
"赵俊峰 [MASK]数学计算机学院教授"中[MASK]位置的文本是：	女，武汉大学
"与文化学历很低的王宝强相比，[MASK]传播学院播音主持系毕业，这个学历看起来很光鲜，其实没多少含金量"中[MASK]位置的文本是：	马蓉的教育程度相对高一些，西北大学新闻
"《男女之间》这首歌表达了男女之间永远说不清楚的关系，该歌曲收录于黄舒骏的《[MASK]》专辑"中[MASK]位置的文本是：	我是谁
"[音乐][MASK] 宫保鸡丁】"中[MASK]位置的文本是：	新版【陶喆 -
"陈春地，男，汉族，1976年2月生，四川青白江人，1998年6月加入中国共产党，1999年7月参加工作，四川[MASK]毕业，大学学历"中[MASK]位置的文本是：	工业学院土木工程系建筑工程专业
"小店镇[MASK]，总面积120平方公里，辖62个行政村，5.7万人"中[MASK]位置的文本是：	位于山东省莒县南部，沭河东岸
"《太古神王》是一部在创世中文网上连载小说，作者是[MASK]神王"中[MASK]位置的文本是：	净无痕，讲述秦问天历经坎坷最终化身通天彻地的太古
"人物概述陈承基[MASK]四川成都"中[MASK]位置的文本是：	，1950年生于
"由唐人影视出品的宫廷玄幻剧《柜中美人》被曝光，群芳主题剧照，本次剧照聚焦剧中女性[MASK]全臻颖、芳草美人、太皇太后，七位美人或天真烂漫，或婉约静雅，或端庄大方，颜值与“眼”戏双双在线，宫斗与姐妹情跃然于屏幕之上，着实令人期待"中[MASK]位置的文本是：	角色：胡飞鸾、黄轻风、秋妃、翠凰、
"延安市属于暖温带[MASK]受制于季风环流"中[MASK]位置的文本是：	半湿润易旱气候区，全年气候变化
"参加《真正男子汉》的佟丽娅，那时候她刚出月子不久，并且几乎是素颜，能[MASK]不错了"中[MASK]位置的文本是：	有这样的状态
"[MASK]《蓝色生死恋》《 冬季恋歌》等"中[MASK]位置的文本是：	简介吴秀妍，韩国编剧，代表作：
"《魔兽法师在异界》是连载[MASK]纵横中文网的小说，作者是榨菜加饭"中[MASK]位置的文本是：	于
"孙露发行的第[MASK]专辑《无情的情人》，策划制作：魔音唱片，发行公司：广东东昇影视文化传播有限公司，出版公司：深圳音像公司"中[MASK]位置的文本是：	11张音乐
"翁雪珍 [MASK]1942年1月生，福建福州人，中专文化，中共党员，福建丰泉集团董事，会计师，丰泉集团公司财务部经理，福建省电子会计学会福州分会常务理事"中[MASK]位置的文本是：	 女，
"乐安公主（1611年－1643年）[MASK]，明朝公主，明光宗朱常洛第八个女儿"中[MASK]位置的文本是：	1，本名朱徽媞
"广东南峰集团有限公司成立于1995[MASK]是一家从事综合开发经营的民营企业"中[MASK]位置的文本是：	年，公司总部位于东莞，
"《监督法[MASK]2006年出版的图书，作者是杨景宇"中[MASK]位置的文本是：	辅导讲座》是中国民主法制出版社
"《健商[MASK]出版的图书，作者是谢华真"中[MASK]位置的文本是：	HQ》是2002年中国社会出版社
"此时的李圣杰没有放弃，终于[MASK]唱片公司又倒闭了，真的是太不幸了"中[MASK]位置的文本是：	在三年之后除了《痴心绝对》这首大火的歌，但是他所在的
"栗田贯一出生于1958年3月[MASK]双鱼座，出生地是日本东京"中[MASK]位置的文本是：	3日，
"秦治安，男，1946年9月生，1970年7月[MASK]近代物理系，教授、硕士生导师"中[MASK]位置的文本是：	毕业于中国科学技术大学
"《重生之貂蝉》是连载于17k小说网[MASK]"中[MASK]位置的文本是：	的小说，作者是一切都好
"赵苑华，男，河南辉县人，1967[MASK]出生，1988年10月参加工作，中共党员"中[MASK]位置的文本是：	年2月
"[MASK]的艺术团中她就经常听说师哥李行亮的故事，他的才气和坚持原创的精神也一直鼓励着熊汗青坚守自己的音乐梦想"中[MASK]位置的文本是：	高考毕业熊汗青考取了华中科技大学，在学校
"鹊鸲安达曼亚种（[MASK]约21厘米，嘴形粗健而直，长度约为头长的一半或比一半略长"中[MASK]位置的文本是：	学名：Copsychus saularis andamanensis）为雀形目鹟科鸫亚科的鸟类，体长
"个人简介姓名：米歇尔·罗克 Michael Rock  性别：男  国家：英国  出生日期：1987年[MASK]"中[MASK]位置的文本是：	3月13日  身高：180厘米  体重：77kg  项目：游泳人物介绍英国游泳运动员1
"薛磊，复旦大学生命科学学院教授，2000年本科毕业于复旦大学遗传学专业，[MASK]复旦大学神经生物学专业"中[MASK]位置的文本是：	2005年博士毕业于
"兰考裕德包装科技[MASK]于2016年1月8日在开封市兰考县工商行政管理局登记成立"中[MASK]位置的文本是：	有限公司
"[MASK]冷月传奇》是飞鸟樱桃写的网络小说，连载于晋江文学城"中[MASK]位置的文本是：	《
"《共和国不会忘记》是广西电影制片厂出品的一部故事片，由翟俊杰执导，田军利、翟俊杰编剧，翟俊杰、唐国强、王姬、郑在石[MASK]等主演"中[MASK]位置的文本是：	、穆宁、黄凯
"杨春生，2000年7月四川师范大学毕业后，杨春生被[MASK]南充市顺庆区法院工作"中[MASK]位置的文本是：	分配到
"《ATM网互通技术--英文》是1998[MASK]图书，作者是布莱克(美)"中[MASK]位置的文本是：	年清华大学出版社出版的
"芮雪梅，女，汉族，1960年7月生[MASK]"中[MASK]位置的文本是：	，大学学历，云南巍山县人
"华晨宇此次第一个出场，身穿银光闪闪地演出服演唱一首原创歌曲《我管你》，超高的音调[MASK]"中[MASK]位置的文本是：	一开场就点燃了全场的气氛
"马蒂亚·[MASK]生于意大利利古里亚大区的热那亚市，是意大利著名足球运动员阿蒂利奥·隆巴多的儿子，现效力于桑普多利亚足球俱乐部，司职中场"中[MASK]位置的文本是：	隆巴多（意大利语：Mattia Lombardo）于1995年2月14日出
"徐正源，国籍：[MASK]173cm,，体重：67kg，场上位置：前锋"中[MASK]位置的文本是：	韩国，出生年月日：1970年 12月 17日，身高
"段正严（1083年―1176年），又名段和誉，[MASK]是大理国皇帝中在位时间最长的一位"中[MASK]位置的文本是：	文安帝段正淳之子，大理国第十六位皇帝，1108年—1147年在位，在位长达39年，
"《新专利法详解》是2001年[MASK]，作者是尹新天"中[MASK]位置的文本是：	知识产权出版社出版的一本图书
"江苏省信用再担保有限公司是省委、省政府为促进中小企业健康发展[MASK]，30亿首期注册资本金元"中[MASK]位置的文本是：	而组建的大型国有控股企业
"《大老板看好[MASK]人文社科类型的小说，作者是源雨顺"中[MASK]位置的文本是：	这样的接班人》是在塔读文学上连载的
"《东皋子集寒山诗集》是1992年12月1日[MASK]图书，作者是王绩、释寒山"中[MASK]位置的文本是：	出版的
"深圳市大景照明控制有限公司是一家[MASK]中国深圳，经营范围有物联网新型智能控制系统产品"中[MASK]位置的文本是：	民营企业，总部位于
"《道法人间》是杯月蝶创作的网络小说，[MASK]小说网"中[MASK]位置的文本是：	发表于17K
"高蓝，教授，博士，1986年本科毕业于兰州大学生物系，1989年硕士毕业[MASK]生命科学学院"中[MASK]位置的文本是：	于中国科学技术大学生物系,2001年博士毕业于西北农林科技大学
"牧童，男，蒙古族，1957年3月生，53岁，1974年9月参加[MASK]成员，副厅长"中[MASK]位置的文本是：	工作，1985年2月入党，齐齐哈尔师范学院汉语言文学专业大学毕业，黑龙江省教育厅党组
"纱布海蛳螺是一种异腹足目、海蛳螺科类[MASK]，通常有厚或薄的轴肋"中[MASK]位置的文本是：	生物，贝壳白色或褐色
"个人简介性别：男  国家：西班牙  出生日期：1986[MASK]篮球职业生涯塞尔吉奥·罗德里格斯在2006年第一轮第27顺位被菲尼克斯太阳队选中，随即被送往波特兰开拓者队"中[MASK]位置的文本是：	年6月12日  身高：191cm  体重：80kg  项目：
"马廷强比黎姿大了15岁并且身患残疾，但是黎姿没有嫌弃他，婚后为马廷强生[MASK]都长得像父亲"中[MASK]位置的文本是：	了三个女儿，并且还带有马廷强很大的基因，三个女儿
"李崇明，[MASK]12月参加工作，1979年5月加入中国共产党，在职大专学历"中[MASK]位置的文本是：	男，1957年4月生，出生地贵州清镇，汉族，1976年
"[MASK]了都市剧《摩登新人类》"中[MASK]位置的文本是：	2011年，马思纯出演
"曾毅玮女士[MASK]於厦门大学，获硕士学位"中[MASK]位置的文本是：	，三十八岁，毕业
"《[MASK]兰州大学出版社出版的图书，作者是乙力"中[MASK]位置的文本是：	中国古代座右铭》是2004年
"油桐花是蔷薇亚纲，大戟[MASK]（Vernicia fordii (Hemsl"中[MASK]位置的文本是：	目的植物油桐
"《现代化与后现代化》是2013[MASK]·英格尔哈特"中[MASK]位置的文本是：	年社会科学文献出版社出版的图书，作者是美罗纳德
"20111205 娱乐百分百 [MASK]鬼+米可白,小钟,小猪,瑶瑶,Apple"中[MASK]位置的文本是：	百分百娱乐王 
"2015年8，在《X战警》系列和《金刚狼》系列中饰演老年 X教授 的帕特里克[MASK]泽维尔将不再是个配角般的存在”"中[MASK]位置的文本是：	·斯图尔特向媒体确认，他已回归《金刚狼3》，而且有重要戏份，“查尔斯·
"绍兴中正教育咨询有限公司专业从事专本科学历教育、硕士研究生教育、论文发表、建筑证书挂靠、中高级职称代理[MASK]、等教育咨询服务，公司位于浙江美丽的江南水乡绍兴"中[MASK]位置的文本是：	申报、执业资格培训
"蜂斗草（[MASK]、野牡丹科的植物"中[MASK]位置的文本是：	原变种）是属桃金娘目
"北京江森汽车部件有限公司成立于2002年1月23[MASK]有限公司、北汽光华汽车部件有限公司和江森自控汽车内饰投资有限公司共同出资组建"中[MASK]位置的文本是：	日，由北京海纳川汽车部件股份
"《僧佛罗汉》是2003年上海书画[MASK]出版社"中[MASK]位置的文本是：	出版社出版的图书，作者是上海书画
"《格子[MASK]》是连载于17k小说网的一本小说，作者是夏雨天"中[MASK]位置的文本是：	里的爱情
"近日，曾执导过《大秦帝国》[MASK]东方电影频道播出"中[MASK]位置的文本是：	的著名导演延艺2011最新力作《母子连心》正在
"基本信息中文名： 先地红蝽  学名：Pyrrhocoris sibiricus Kuschakevich  分类：半翅目，红蝽科 1分布地域湖南(湘中)、[MASK]"中[MASK]位置的文本是：	北京、天津、青海、四川
"李雪健，《水浒传》里的及时雨宋江，《搭错车》里的父亲，《渴望》里的大成，《焦裕禄[MASK]的六叔，哪个角色不是深入人心，哪个角色不是过目不忘"中[MASK]位置的文本是：	》，甚至林彪，《上海滩》中的冯敬尧，《摇啊摇，摇到外婆桥》里
"骆文洲，男，汉族，1975年[MASK]骆宅人，中学一级教师"中[MASK]位置的文本是：	出生，义乌下
"《你不是我的菜》这首歌曲是歌手焰烽专辑《葬爱笔记》中一首，专辑包含 《你不是我的菜》《 葬爱[MASK]爱公主》5首作品"中[MASK]位置的文本是：	笔记》《睡美人之恋》《红杏花瓣》《私奔
"《如何继续[MASK]都市言情类小说，作者是小虾米"中[MASK]位置的文本是：	》是一部连载于17k小说网的
"《八大胡同里的金枝欲孽》是文汇出版社2011[MASK]是肖素均"中[MASK]位置的文本是：	年出版的图书，作者
"《世界[MASK]2009年10月由北京大学出版社出版的图书，作者是董正华"中[MASK]位置的文本是：	现代化进程十五讲》是
"彼特·斯卡兰是一名编剧制作人，代表作品[MASK]大象》等"中[MASK]位置的文本是：	有《孤筏重洋》、《
"《失窃之物》的迷你专辑第二主打单曲1《墨绿指甲》，源自于微电影中“薇若妮[MASK]，这个喜欢涂抹墨绿色甲油的女子，她隐秘而炙热的爱情"中[MASK]位置的文本是：	卡”的爱情故事
"”于是耐着性子，陪笑道：“回大人，明朝有两个大将军，一个叫徐达[MASK]叫常遇春"中[MASK]位置的文本是：	，一个
"狮子山社区位于广西壮族自治区崇左市凭祥市凭祥镇南面，现有居民997户，4291人，其中常住人口3208人，流入人口1083人，[MASK]，党支部2个，有党员44名"中[MASK]位置的文本是：	设有党总支部1个
"张耳的儿子张敖接续他父亲做了赵王[MASK]王后"中[MASK]位置的文本是：	，汉高祖刘邦的大女儿鲁元公主嫁给赵王敖做
"通过这《基于开源工具的[MASK]的深入讲解，那些对数据分析感兴趣的中等或者富有经验的程序员将可以学习到在商业环境中与数据打交道的技术"中[MASK]位置的文本是：	数据分析(影印版)》(作者Philipp K．Janert)
"《莱茵河之恋》是由著名音乐人顾家辉作曲[MASK]作词，香港艺人麦洁文演唱的一首粤语流行歌曲"中[MASK]位置的文本是：	，江羽
"可当我现在回过头听《十年》的时候，我看到的不再是陈奕迅的[MASK]最不想听到的声音"中[MASK]位置的文本是：	心情，而是我自己内心深处
"《[MASK]剧，由崔恩庆、金勇民执导，崔渊杰编剧，朴诗恩、具本承、张胜祖、韩秀妍等主演"中[MASK]位置的文本是：	训长吴纯南》是韩国MBC电视台于2017年4月24日播出的晨间
"《御魂高手》是渺若晨星创作的网络小说，发表于[MASK]"中[MASK]位置的文本是：	17K小说网
"《伤心带笑者》是谭咏麟的音乐作品[MASK]中"中[MASK]位置的文本是：	，收录在《爱念》专辑
"当代新闻理论，ISBN：9787501163977[MASK]作者：郑保卫著"中[MASK]位置的文本是：	，
"《一茶一饭[MASK]创作的网络小说，发表于17K小说网"中[MASK]位置的文本是：	一对人》是涩涩的涩涩
"骂战之后，他的作品不多，在2014年和黄晓明、范冰冰一起出演过电影《白发魔女传之明月天国》，和刘烨一起主演了电影《全城通缉》，并出演了一部抗战电视剧《铁血红安》之后，在2017年，又上映了一部动作电影《[MASK]口碑和票房都是惨败"中[MASK]位置的文本是：	荡寇风云》，他在里面出演主角戚继光，这部戏虽然被寄予厚望，但结果并不理想，
"周杰伦昆凌萧敬腾[MASK]与叶惠美武元庆两妈妈合影"中[MASK]位置的文本是：	巴黎时装秀合影，杰伦
"《突变异种》：法国恐怖电影[MASK]病毒感染了人类，让他们变成嗜血僵尸"中[MASK]位置的文本是：	导演：马克·罗斯曼该片讲述未知的
"简介仉贻泓，男，回族，1960年1[MASK]"中[MASK]位置的文本是：	月生，中国天津人，研究生学历
"气候广海镇位于北回归线[MASK]季风气候"中[MASK]位置的文本是：	以南，属于亚热带海洋性
"在创办真格基金之前，徐小平先生是中国最大教育培训机构新东方教育科技集团（NYSE:[MASK]马车”"中[MASK]位置的文本是：	 EDU）的联合创始人，与俞敏洪、王强并称为新东方“三驾
"【人物】车胤，字武子，南平新洲（今湖南津市）[MASK]"中[MASK]位置的文本是：	人
"《做你的天》是韩国歌手李玖哲[MASK]，收录于2007年10月12日发行的《想太多》专辑中"中[MASK]位置的文本是：	演唱的一首歌曲
"[MASK]是杨培安第一张个人专辑的同名主打歌，某种程度上说来，是杨培安自己个人生活片段的写照"中[MASK]位置的文本是：	或许明天偶然街角相见 笑谈说这一切4歌曲鉴赏《午夜两点半的我》
"戴邈[MASK]生卒年不详），字望之，广陵郡（今江苏扬州）人"中[MASK]位置的文本是：	（
"《甜蜜[MASK]小说网连载的青春校园小说，作者是池清峻"中[MASK]位置的文本是：	的诅咒》是在17k
"侧毛草种蝇[MASK]双翅目，花蝇科"中[MASK]位置的文本是：	，属于动物界，
"《被告人》是韩国SBS电视台于2017年1月[MASK]悬疑连续剧，由赵英光执导，崔秀真、崔昌焕编剧，池晟、严基俊、权俞利、吴昶锡主演12"中[MASK]位置的文本是：	23日起播出的月火
"[MASK]起稻香村点心稻香村起源从1773年，距今已有244年，当时叫“苏州稻香村茶食店”"中[MASK]位置的文本是：	蔡林记武汉热干面_20
"《国家图书馆藏[MASK]出版社出版的图书，作者是任继愈"中[MASK]位置的文本是：	敦煌遗书·第七十三册》是2007年北京图书馆
"王育才[MASK]) 海南琼山人"中[MASK]位置的文本是：	(1905-1946
"[MASK]妃子，儿子刘如意"中[MASK]位置的文本是：	戚夫人，
"《宫心计·媚倾天下》，[MASK]公司2009年出版的图书，作者是莫语绢"中[MASK]位置的文本是：	是花山文艺出版社有限责任
"何润东，1975年9月13日出生于美国，中国台湾男演员、模特、歌手、制作人，在上大二时被音乐制作人发现而入行，1994年参演电影《梁祝》饰演亭望春正式出道，之后在电视剧《玉观音[MASK]秘密》《那年花开月正圆》中都有他的演出，何润东近来又有了新身份—导演"中[MASK]位置的文本是：	》《梁山伯与祝英台》《三国》《泡沫之夏》《真心请按两次铃》《璀璨人生》《美丽的
"《命中注定》是[MASK]一首歌，收录于专辑《到死都要18岁》中"中[MASK]位置的文本是：	由许常德作词，loso作曲，庾澄庆演唱的
"同时，湖南省纪委已对常德市[MASK]）在刘琼提拔任用过程中是否施加职务影响的有关情况进行调查"中[MASK]位置的文本是：	人大常委会原主任刘本之（刘琼父亲，已退休
"直到1974年，贝聿铭才第一次回到[MASK]老家"中[MASK]位置的文本是：	苏州
"徐家禾(1914～1970)[MASK]望江县泊湖乡人"中[MASK]位置的文本是：	，安庆市
"献明肃皇后，宋真宗赵恒的皇后[MASK]"中[MASK]位置的文本是：	，宋朝第一个摄政的皇后
"自北宋开国皇帝赵匡胤发动陈桥兵变，杯酒释兵权的时候他就意识到了武官的权力过大容易危害皇权[MASK]建国方针，所以在宋朝的时候我们国家的商品经济，文化都曾达到了顶峰"中[MASK]位置的文本是：	，所以为了加强王朝内部的稳定，重文轻武是两宋的
"披针瓣橙黄虎耳草，[MASK]，菫菜目，虎耳草科，虎耳草属"中[MASK]位置的文本是：	属于被子植物门，双子叶植物纲
"《幼儿语言发展与教育》是1995年由东北师范大学出版社出版的图书，[MASK]于涌"中[MASK]位置的文本是：	作者是
"雪狼[MASK]食肉目、犬科、犬属的一种哺乳动物，皮毛多为白色，身长近2米，重70公斤，有巨大的头和细而柔美的身体"中[MASK]位置的文本是：	（学名：Canis lupus laniger），属于
"松赞干布和文成公主雕像634年，松赞干布这边派了特使去唐朝提亲，同来提亲的还有[MASK]浑”"中[MASK]位置的文本是：	一个小国“吐谷（yù）
"[MASK]美国的足球运动员，现效力于圣何塞地震足球俱乐部，担当足球后卫的工作"中[MASK]位置的文本是：	利奇是
"《天地无门》是连载于17k小说网的网络小说，[MASK]是后幻"中[MASK]位置的文本是：	作者
"刘彻在16岁[MASK]的诺言，真的造了一座金屋给皇后陈阿娇住"中[MASK]位置的文本是：	称帝，果然实现了当初
"幕后制作《宠物情人[MASK]奖，同年被改编成同名剧集，由人气组合“岚”中的松本润和小雪分饰男女主人公MOMO、岩谷澄丽"中[MASK]位置的文本是：	》系日本漫画家小川弥生的代表作，2003年曾获讲谈社优秀漫画
"光皮狮子鱼，[MASK]鱼科的其中一种"中[MASK]位置的文本是：	为辐鳍鱼纲鲉形目杜父鱼亚目狮子
"[MASK]年更是偿还了3亿，如果说没有了刘涛，或者就没有她现在的家庭"中[MASK]位置的文本是：	在嫁入豪门后，面对老公王珂的破产，只身一人撑起了豪门，复出5
"黄公渚，（1900-1966）原名黄孝纾[MASK]公渚，号匑庵，别号霜腴、辅唐山民，福建长乐人"中[MASK]位置的文本是：	， 字頵士，
"改编自高羽荣漫画《侠盗一枝梅》，由李勇锡导演，崔兰编剧[MASK]领衔主演"中[MASK]位置的文本是：	，李准基、韩孝周、朴施厚、李英雅等
"《97家有喜事》由紫东影视出品有限公司出品的贺岁喜剧电影[MASK]、黄百鸣、钟丽缇等领衔主演"中[MASK]位置的文本是：	，该片由张坚庭执导，由周星驰、吴倩莲、吴镇宇
"天津天蓝妇科医院创建[MASK]是综合性三级甲等医院"中[MASK]位置的文本是：	于1988年，
"简介时力科技成立于1993年，是中国领先的行业电子商务应用解决方案[MASK]"中[MASK]位置的文本是：	和在线服务提供商，是国家认定的软件企业和高新技术企业
"《三国[MASK]孙苗苗、吴佟执导，宋雷涛等主演的电视剧"中[MASK]位置的文本是：	恋》是
"简介  金向阳，女，汉族，湖北孝感人，1961年11月出生，大学[MASK]1998年1月任正科职级，曾任咸宁市公安局指挥中心副主任"中[MASK]位置的文本是：	学历，1977年7月参加工作，1993年6月加入中国共产党，
"中文名：梅田直哉 外文名：NaoyaUmeda 国籍：日本 出生地：广岛 出生日期：1978年4[MASK]：足球 所属运动队：鸟取飞翔足球俱乐部 场上位置：前锋"中[MASK]位置的文本是：	月27日 身高：185厘米 体重：85公斤 运动项目
"许嵩一首《半城烟沙》推荐给大家[MASK]喜欢"中[MASK]位置的文本是：	，希望你们能够
"《混在校园的日子》是[MASK]在17K中文网发布的网络小说"中[MASK]位置的文本是：	由聆听天籁创作并
"湖沟村隶属安徽省淮北市濉溪县临涣镇，位于临涣镇西南部与涡阳县，据当地政府官方网站资料显示，该村共有22个村民[MASK]，138名党员，1个党支部、20个党小组，主要以生产小麦、大豆经济作物为主，特色经济有养鸡及养猪"中[MASK]位置的文本是：	组，人口5232人，土地面积10266亩
"1993年3月至1995年4月[MASK]荣誉梁希侠，男，汉族，教授，副校长  内蒙古大学理工学院理论物理专业博士生导师"中[MASK]位置的文本是：	  任内蒙古大学物理系主任，1995年2月至今任内蒙古大学副校长个人简介获得
"陈宝箴先生驻凤凰时，还有一个收获，那就是光绪二年(1876)二月十七日，凤凰道台衙门后院东厢房，陈宝箴先生的孙子、陈三立先生的长子[MASK]诞生于此"中[MASK]位置的文本是：	、中国未来的大画家陈衡恪(陈师曾)
"广州南方高科有限公司[MASK]第七研究所，广州金鹏集团有限公司，北京华虹集成电路设计有限公司和广州市电信实业总公司"中[MASK]位置的文本是：	成立于1999年5月31日，公司股东包括广州电子集团，中国信息产业部电子
"《往日时光》是由歌手谭维维演唱的歌曲，由克明作词，乌兰托嘎作曲，李爱编曲，因在《我是歌手第三季》[MASK]中"中[MASK]位置的文本是：	上翻唱而被人熟知，收录在2010年3月30日发行的谭维维第四张音乐专辑《谭某某》
"8：陈怡蓉云罗郡主是由陈怡蓉饰演，陈怡蓉之前也拍过很多戏，不过《天下第一》后就没那么火了，2014年与整形医生薛博仁交往迅速[MASK]26日在泰国清迈举行婚礼"中[MASK]位置的文本是：	陷入热恋，2016年9月
"《大学实用英汉词典》是一本[MASK]-09"中[MASK]位置的文本是：	书籍，山东大学出版社出版，出版时间1996
"[MASK]和妻子安卓罗美达的陪同下前往阿高斯"中[MASK]位置的文本是：	帕修斯在母亲达娜厄
"在薄氏退下后位仅仅七个月时间，王娡和她的[MASK]，双双登上皇后和太子之位"中[MASK]位置的文本是：	儿子刘彻
"《重生之机械[MASK]，作者是湛蓝色的美"中[MASK]位置的文本是：	战神》是连载于云中书城的小说
"2、郭靖——黄日华3、黄蓉——翁美玲4、乔峰——黄日华5、林黛玉——陈晓旭6、和珅——王刚7、许文强——周润发[MASK]14、小龙女——李若彤剩下的大家来补充，说说你心目中的经典"中[MASK]位置的文本是：	8、楚留香——郑少秋9、白素贞——赵雅芝10、黄飞鸿——李连杰11、包青天——金超群12、展昭——何家劲13、李寻欢——焦恩俊
"润兴发时装（深圳）有限公司成立于[MASK]年"中[MASK]位置的文本是：	1991
"《像兄妹一样手拉手》是龚朝[MASK]、刘潇潇，杨若兮、周一围等主演"中[MASK]位置的文本是：	执导的一部电视剧，由周杰
"《平凡小子混天下》是连载于起点中文网的[MASK]作者是霸气驹迷"中[MASK]位置的文本是：	小说，
"《傅立叶选集(第1卷)》是1979年商务印书馆出版的图书，该书[MASK]charlesfourier，1772-1837)的思想学说选集"中[MASK]位置的文本是：	是法国大思想家和空想社会主义者夏尔·傅立叶(
"北京天地在线广告有限公司[MASK]一直致力于为中国广大企事业单位提供一站式互联网营销服务"中[MASK]位置的文本是：	成立于2002年，
"《公子之任我横行》[MASK]连载于17K小说网的都市类小说，作者是小启子"中[MASK]位置的文本是：	是一部
"《失落之诸神纪》是七天七世纪创作[MASK]"中[MASK]位置的文本是：	的网络小说，发表于17K小说网
"《爱在水火间[MASK]歌曲，由林利南、李安修填词，陈耀川谱曲，Ricky Ho编曲，收录于钟汉良第三张个人国语专辑《奇迹》中"中[MASK]位置的文本是：	》是香港歌手钟汉良演唱的
"虽然之后陈羽凡声明：二人早已经于2015[MASK]不停的批判着白百何"中[MASK]位置的文本是：	年离婚，没公开只是为了孩子，但是网友并不买账，依旧
"《[MASK]作曲，张韶涵演唱的歌曲，收录在张韶涵2004年发行的专辑《over the rainbow》中"中[MASK]位置的文本是：	真爱冒险》是颜玺轩、李天龙作词，李天龙
"大家近段时间都看过靳东主演的《恋爱先生》，他就是一个新生代的“老干部”的代表，他的演技包括[MASK]表现是那么的沉稳自然"中[MASK]位置的文本是：	神态拿捏的非常到位，虽然年轻但在剧中的
"个人经历1970年5月生，1987年，冯丹以高分考入原[MASK]（现华中科技大学）计算机系"中[MASK]位置的文本是：	华中理工大学
"锦龙社区居委会地处陈村镇的中心位置，面积约0.74平方公里，现有常住人口[MASK]多人"中[MASK]位置的文本是：	5268人，流动人口3000
"《九号公馆》是由歌手姜鹏所演唱，[MASK]别无它求》中"中[MASK]位置的文本是：	2007-10-18由华友金信子发行，现收录于专辑《
"586　　5剧集评价正面评价在电视剧《奇葩一家亲[MASK]一个镜头，在情节上环环相扣，力求每一场戏都有鲜明的矛盾冲突点"中[MASK]位置的文本是：	》中，导演林黎胜遵循电影的创作规律，耐心的诠释每
"《[MASK]他与孙俪合作"中[MASK]位置的文本是：	辣妈正传》，
"相信很多70、80后的爱好武打电影的观众们都会记得释小龙主演的《笑林小子》、[MASK]当年可是被誉为“少林小子”"中[MASK]位置的文本是：	《新乌龙院》、《龙在少林》等经典电影，这位曾经的小童星在
"《灰色地域》是百度[MASK]缺一点创作的一部都市生活小说，小说已于2014-05-04正式发布"中[MASK]位置的文本是：	文学旗下纵横中文网签约作家
"个人简介张洪润 四川大学教授，1950年3月生，四川省梓潼县人，1977[MASK]年北京科技大学研究生班毕业"中[MASK]位置的文本是：	年成都科技大学本科生毕业，1979
"《[MASK]的年代剧，赵文瑄、佟丽娅、海陆、袁姗姗等主演1"中[MASK]位置的文本是：	大屋下的丫鬟》是姚远、张波执导
"《火车》是根据推理[MASK]制作发行的特别电视剧"中[MASK]位置的文本是：	小说家宫部美雪同名获奖作品改编，由朝日电视台
"夏尔·图内米尔（法语：Charles Tournemire，1870年1月22[MASK]管风琴家"中[MASK]位置的文本是：	日－1939年11月4日），法国作曲家，
"[MASK]，漯河市人，现代作家"中[MASK]位置的文本是：	芦雅萍，女
"把孤独留给我，来源摇滚之父[MASK]的第一张专辑：摇滚舞台"中[MASK]位置的文本是：	-薛岳
"梅子（别称青梅），属蔷薇[MASK]一般观赏的梅花是另外几种梅"中[MASK]位置的文本是：	目，是果梅树结的果，但是
"《[MASK]于17k小说网的一本青春校园类小说，作者是陌小兮"中[MASK]位置的文本是：	复仇双面小千金》是连载
"春苔，[MASK]浙江绍兴人"中[MASK]位置的文本是：	原名孙福熙，
"《总是[MASK]晨间连续剧，由《好运罗曼史》金庆熙、《金子轻松出来吧》李亨善导演与《10月美好的一天》金美京编剧共同打造的作品，由金昭惠、权贤尚、金敏京、姜星等主演"中[MASK]位置的文本是：	春天的日子》为韩国MBC电视台于2016年10月31日起播出的
"《千万别睡着·爬虫召集令》是2009年[MASK]的图书，作者是斯坦"中[MASK]位置的文本是：	接力出版社出版
"对于张韶涵的发文，妹妹张韶轩也回应姐姐只是单纯的舍不得狗，可能部分人过分解读了，并没有暗讽“黑白狗”就是暗指范玮琪代表歌曲《黑白[MASK]估计是说出了很多网友的心声吧"中[MASK]位置的文本是：	配》，不过有个网友的评论获得众多网友的点赞跑到第1位，
"周良勇，男，汉族，1985年3[MASK]工作"中[MASK]位置的文本是：	月参加
"2011年，参演由温成林执导、王雅捷、高云翔、逮军出演的红色情感大戏《以母亲的名义》饰演两角“女儿付彤与母亲付萧”同年参演由楼健执导、[MASK]情感大戏《北京爱情故事》饰演“歌手”她身上自然的气质，将帅气与柔美结合的恰到好处"中[MASK]位置的文本是：	秦海璐、修宗迪、曹海军出演的年代悬疑侦破大戏《金陵秘事》饰演“郭晓雨”2012年，参演由陈思成执导、张译、李晨出演的青春
"斯氏角孔[MASK]石珊瑚目，滨珊瑚科"中[MASK]位置的文本是：	珊瑚属于
"图书信息投资者不可不知的股市信息藏宝图  作　者： 张翰林　编著  出 版 社： 民主与建设出版社[MASK] B N ： 9787801129567  定价：￥32"中[MASK]位置的文本是：	  出版时间： 2010-1-1  字　数： 250000  开　本： 16开  I S
"杨轩，男，汉族，1967年3月出生，山西[MASK]"中[MASK]位置的文本是：	永济市人，大学学历，无党派人士
"人物简介  年6月25日下午[MASK]石门一中高461班彭拓嘉以703分的实际考分，成为湖南省2011年高考理科状元"中[MASK]位置的文本是：	，从湖南省教育考试院传来消息，
"《魏浩征[MASK]实施条例》是2008年中国法制出版社出版的图书，作者是魏浩征"中[MASK]位置的文本是：	解读劳动合同法及
"徐小飒，1987年7月16日出生于甘肃天水，内地影视女演员，[MASK]北京电影学院07级表演系本科班"中[MASK]位置的文本是：	毕业于
"最近[MASK]的电视剧《猎场》热播，将猎头这一行业拉入了人们的视野中来"中[MASK]位置的文本是：	胡歌主演
"《勿念的家》是崆峒广成子创作的[MASK]小说网"中[MASK]位置的文本是：	网络小说，发表于17K
"蒋树人，男，出生于[MASK]，毕业于桂林电子科技大学信息科技学院，机电专业本科学历"中[MASK]位置的文本是：	1991年10月20日（农历9月13日），广西桂林兴安人
"《握住一把寂寞》是由[MASK]发行的专辑《英雄本色当年情》中"中[MASK]位置的文本是：	张国荣演唱的一首歌曲，收录在1986年
"北京中搜投资管理有限公司于2005[MASK]-20在海淀分局登记成立"中[MASK]位置的文本是：	-05
"山川棘花鮨，Plectranthias yamakawai，又称山川氏棘花鲈，俗名为花鲈，为[MASK]较深水域的岩礁区"中[MASK]位置的文本是：	辐鳍鱼纲鲈形目鲈亚目鮨科的其中一个种，主要栖息于
"《情歌难唱》刘悦演唱的一首[MASK]，由陈诗牧谱曲，崔恕填词"中[MASK]位置的文本是：	歌曲
"魏建明，男，1962年11[MASK]嘉兴人， 1982年11月参加工作， 中共党员，中央党校大学学历，曾任中共嘉兴市南湖区区委书记、嘉兴市财政局局长"中[MASK]位置的文本是：	月生， 浙江
"此次走秀李嫣大放异彩[MASK]完全继承了母亲王菲的强大气场"中[MASK]位置的文本是：	，看起来表情严肃，
"个人简介姓名：利乌尼  利乌尼，全名Leandro[MASK]利乌尼），阿根廷人，1974年3月8日，出生于阿根廷布宜诺斯艾利斯，现身高190"中[MASK]位置的文本是：	 Lázzaro Liuni（莱昂德罗·拉萨罗·
"《科学史方法论[MASK]出版的图书，作者是(美)席文"中[MASK]位置的文本是：	讲演录》是2011年北京大学出版社
"歌曲MV《想听听你说谎》MV是金莎与男主角白一翔继《爱的[MASK]十足"中[MASK]位置的文本是：	魔法》后再度合作，拍摄起来默契感
"朱德忠，男，汉族，1964[MASK]大学学历，中共党员"中[MASK]位置的文本是：	年7月出生，甘肃高台人，中央党校
"《魔女杀手[MASK]冷》是月泠汐写的网络小说连载于小说阅读网"中[MASK]位置的文本是：	有点
"秦王村位于河南省洛阳市宜阳县韩城镇，耕地面积3362[MASK]1942人"中[MASK]位置的文本是：	亩，485户，
"演职员表[MASK]14幕后花絮该剧改编自流潋紫所著小说《如懿传》"中[MASK]位置的文本是：	演员表职员表参考资料
"凯万芋螺是[MASK]软体动物门、腹足纲、新腹足目、芋螺科的动物"中[MASK]位置的文本是：	一种
"《[MASK]是煜墨雨创作的网络小说，发表于17K小说网"中[MASK]位置的文本是：	兄弟情之年轻的战场》
"”关于歌曲[MASK]用另一种方式号召大家利用自己的力量关注那些深陷困难的人们，让他们感受到生活中来自他人的温暖"中[MASK]位置的文本是：	《美之见》，有人说：“蔡妍是
"上海百奥泉国际冷链物流有限公司于2013年[MASK]在奉贤区市场监管局登记成立"中[MASK]位置的文本是：	3月1日
"学校简介清远市田家炳实验中学简称市实中，创办于1996年9月，是清远建市后按省一级学校标准创办的第一所公办市直属中学(从2003年1月起，市委市政府决定在[MASK]一中和该校)"中[MASK]位置的文本是：	普教线市只管两所学校———市
"我记得以前看关于谢霆锋的访谈节目的时候，谢霆锋[MASK]曾经为了张柏芝想吃的东西，跑遍了半个香港才买到"中[MASK]位置的文本是：	就说张柏芝在怀二儿子谢振南的时候，口味比较多变，他
"《伤尽我心的[MASK]》是一首由黄凯芹演唱的粤语歌"中[MASK]位置的文本是：	说话
"白正蒙，（1581年—1616年），[MASK]南通）人，明代诗文家"中[MASK]位置的文本是：	字尔亨，号五石，南直隶通州（江苏
"中国海军首位女副舰长——“学霸战士”[MASK]就职深圳华为，2007年考入中山大学地球科学系，博士研究生，中共党员"中[MASK]位置的文本是：	韦慧晓韦慧晓，1977年12月出生，2000年毕业于南京大学，毕业后
"薛晖，河东[MASK]人也"中[MASK]位置的文本是：	
"原标题：刘烨雷佳音组“巨头老男孩”联盟 今晚全网首播今晚（3月4日），由刘烨、[MASK]首播"中[MASK]位置的文本是：	林依晨、雷佳音、胡先煦、郭姝彤、李建义等主演的电视剧《老男孩》将在爱奇艺全网
"《灵蛋记》是刹琪马创作的网络小说，[MASK]"中[MASK]位置的文本是：	发表于17K小说网
"《新女性大脑》是上海科学技术文献出版社出版的图书，作者[MASK]舒尔茨"中[MASK]位置的文本是：	是蒙娜丽落·
"”北宋苏轼《东坡题跋》言：“永禅师书，[MASK]之至，返造疏淡"中[MASK]位置的文本是：	骨气深稳，体兼众妙，精能
"[MASK]》是中国香港凤凰卫视的一个谈话类节目，胡一虎主持"中[MASK]位置的文本是：	《一虎一席谈
"照片中，田亮、叶一茜[MASK]仔（田宸羽）一家四口甜蜜出现在旅店"中[MASK]位置的文本是：	、森碟（田雨橙）、小亮
"《康斯太勃尔西洋美术家画廊23》是于2001年6月由吉林美术出版社出版的图书[MASK]"中[MASK]位置的文本是：	，作者是De Agostini出版公司
"3气候红花岗区属中亚[MASK]区，受季风影响特别显著"中[MASK]位置的文本是：	带湿润季风气候
"大犰狳（学名：Priodontes[MASK]属的唯一一种，体型较大，通常体重为27千克，最重可达32"中[MASK]位置的文本是：	 maximus），也叫巨犰狳，是贫齿目犰狳科大犰狳
"《战旗》是由上海剧酷文化传播有限公司出品由战争偶像剧，并由毛卫宁执导[MASK]"中[MASK]位置的文本是：	，王雷、王媛可、蒋毅、张曦文共同主演
"1黄益勤，男[MASK]江苏姜堰人，农学博士，副研究员"中[MASK]位置的文本是：	，汉族，1971年11月出生，
"10月13日 艺福堂董事长李晓军受邀参加第七届中国茶业[MASK]关于：“电子商务对中国茶产业的影响”的报告"中[MASK]位置的文本是：	经济年会暨中国三峡首届茶业国际博览会，并作为电子商务茶企唯一代表向大会做了
"[MASK]（唐）张若虚  诵羽洁"中[MASK]位置的文本是：	春江花月夜  文
"朱秀长(1874～1953)，[MASK]广西藤县江镇双底村人"中[MASK]位置的文本是：	名綦联，字幼强，号景晖，
"03电影《我的新野蛮女友》评分[MASK] / 崔镇浩 / 裴晟祐狗尾续貂的又一部神作"中[MASK]位置的文本是：	 ：3.4导演 : 赵根植主演 : 宋茜 /车太贤/ 藤井美菜
"4.旋转木马作曲:VST作词[MASK]该向左还是该向右"中[MASK]位置的文本是：	:稻草人编曲:胡波/林思聪制作
"[MASK]，刘琼作曲，收录在《漫游》专辑中"中[MASK]位置的文本是：	《行了》是何炅的音乐作品
"布赫塞拉，英文名：Bhasera，出身于1986-[MASK]），身高173喜欢的运动是足球"中[MASK]位置的文本是：	01-07的穆塔雷（津巴布韦
"版本二源义家（Minamoto Yoshiie）（1039[MASK]的武将"中[MASK]位置的文本是：	 — 1106）是平安时代后期
"安志民 中级人民法院政策法律研究室主任，1942年[MASK]，1962年加入中国共产党"中[MASK]位置的文本是：	7月出生，重庆市南川区人，大专文化，1960年入伍
"其次，baby也做过许多公益活动和慈善等等，这点也可以看出她的内心是善良的，美丽的迪丽热巴，胖迪演的克拉恋人里面演的高雯拿得起放得下，虽然没有跟，男主在一起，但我觉得热巴跟谁在一起[MASK]"中[MASK]位置的文本是：	都是绝配的杨颖和迪丽热巴两个明星我都喜欢
"[MASK]年龙门书局出版的图书，作者是倪文锦 王书月"中[MASK]位置的文本是：	《最时文》是2004
"《看不见的花园》是2009年中国建筑工业出版社出版的图书，[MASK]美)彼得·沃克，梅拉妮·西莫"中[MASK]位置的文本是：	作者是(
"洪文瀚，[MASK]，1983年11月2日出生于新加坡"中[MASK]位置的文本是：	男，汉族
"《中国营销[MASK]》是2006年机械工业出版社出版的图书，作者是陈春花"中[MASK]位置的文本是：	思考
"《在[MASK]作词，张亚东作曲，香港流行男歌手陈奕迅演唱"中[MASK]位置的文本是：	你身边》是2010年上海世博会志愿者之歌，由陈少琪
"第五  黄子韬，[MASK]幂主演的，其中黄子韬演的是一位很有钱的公子哥，让人人都是羡慕的"中[MASK]位置的文本是：	黄子韬最近又是电视剧又是综艺节目，让我们应接不暇，《谈判官》是由黄子韬和杨
"救人哪是由歌手张娜拉演唱[MASK]发行的歌曲"中[MASK]位置的文本是：	，于2010年
"董文华她从80年代的《十五的月亮》唱到90年代《长城长》《春天的故事[MASK]，但是，总政歌舞团的军人身份，使得她在赖昌星走私大案中扮演了不是特别靠谱的角色"中[MASK]位置的文本是：	》的辉煌，可谓家喻户晓的内地大歌星
"1、《霸王别姬》：1993导演：陈凯歌主演：张国荣、[MASK]蝶衣何处"中[MASK]位置的文本是：	巩俐、张丰毅国荣不在，
"《两个傻瓜》是徐良和庄雨洁演唱的歌曲，歌曲由徐良作词作曲，收录[MASK]年12月27日发行"中[MASK]位置的文本是：	在徐良2011专辑《不良少年》中，于2011
"《新跳槽时代》是2009年[MASK]一本图书，作者是文泉杰"中[MASK]位置的文本是：	09月九州出版社出版的
"《如果我是弗洛伊德》是刘美麟演唱的歌曲，由邵建维作词，Jason[MASK]收录于2017年4月26日发行的专辑《青春狂想曲》"中[MASK]位置的文本是：	 Lu和Reider Larsen作曲，
"简介《铁狮玉玲珑》1是台湾综艺节目《黄金夜总会》的其中一个单元，采用戏曲形式并混合娱乐元素说唱各种历史故事为[MASK]许效舜和澎恰恰"中[MASK]位置的文本是：	大纲，主讲者为
"陈唱过的张国荣歌曲，追（张敬轩，张学友也唱过），[MASK]陈摄影师以及发表过旧鞋不合脚宏论的郭天王似乎也唱过），所以对这个问题还是可以发表一点微小的看法"中[MASK]位置的文本是：	芳华绝代（陈奕迅一人分饰两角以及和何韵诗合唱），最冷一天我都看过视频，还有陈医生早期唱过张的无心睡眠（顺便八卦一下名动天下的
"中国[MASK]有限公司成立于2002年，是中国平安保险（集团）股份有限公司旗下的重要成员"中[MASK]位置的文本是：	人寿保险公司第二名：平安人寿中国平安人寿保险股份
"《我爱微风细雨情》是由著名歌手甄妮演唱的歌曲，作词：[MASK]：骆明道"中[MASK]位置的文本是：	林坤煌，作曲
"《恶魔恋》[MASK]，作者是还哭的声音"中[MASK]位置的文本是：	是17k小说网连载的小说
"《小巷总理》是改编自真实故事的电影，由[MASK]日上映"中[MASK]位置的文本是：	李启民执导，2006年8月9
"托马索·埃基齐[MASK]效力于帕尔马足球俱乐部"中[MASK]位置的文本是：	，出生于意大利，足球运动员，
"《废柴联盟第六季》是由罗布·[MASK]喜剧电视剧"中[MASK]位置的文本是：	施拉布导演并在2015年上映的一部
"《温州人赚钱36[MASK]12月1日地震出版社出版的图书"中[MASK]位置的文本是：	计》是2004年
"2013年[MASK]刘猛执导的军旅励志剧《特种兵之火凤凰》，饰演卧底侦察员安"中[MASK]位置的文本是：	，出演
"《biting》是fowers创作的[MASK]文学网"中[MASK]位置的文本是：	网络小说，发表于晋江
"）2. 小乔+周瑜皮肤上架时间：2016[MASK]的情侣皮肤，又转眼又过了一年"中[MASK]位置的文本是：	年2.14 情人节这对去年各种秀恩爱
"[MASK]》是香港电视广播有限公司制作的时装警匪电视剧"中[MASK]位置的文本是：	大太监三十八、《使徒行者
"《针灸学表解》是2007年北京科学技术[MASK]图书，作者是李瑞"中[MASK]位置的文本是：	出版社出版的
"宋卫忠，男，汉族，1963年[MASK]学历，1982年8月参加工作，1985年9月加入中国共产党"中[MASK]位置的文本是：	3月出生，山东沾化人，大学
"《虎嚎龙吟》是勿忘我啊1创作的[MASK]"中[MASK]位置的文本是：	网络小说，发表于17K小说网
"在记者问道这部戏的片名为什么叫[MASK]三脚猫”了，不仅是因为他那张酷似猫儿的脸，而且还有他就是那种看起来听不着调，有点三脚猫的样"中[MASK]位置的文本是：	《无敌三脚猫》时，编剧俞白眉回答道：“其实开始我们也拟了一些其它的题目，但是最后在看见董博文时，就立马决定叫“无敌
"重庆市垫江县五洞镇党委副书记、镇长个人信息胡显发，男，汉族，1963年1月生，垫江高安人，重庆市委党校法律专业本科班毕业，1985年[MASK]五洞镇党委副书记、政府镇长"中[MASK]位置的文本是：	7月加入中国共产党，1984年4月参加工作，现任垫江县
"《[MASK]人民邮电出版社出版的图书，作者是朱宝丽，关文涛，冯建华"中[MASK]位置的文本是：	Photoshop CS3中文版步步为营》是2008年
"《[MASK]情深》是由刘仕裕执导的一部四十集电视连续剧，由陈浩民、苑琼丹、钱嘉乐、李家声、叶璇、元华、温碧霞等主演"中[MASK]位置的文本是：	封神榜之爱子
"有[MASK]们一起制作了一首送给母亲的歌《真的爱你》，这首歌颂母爱的传世佳作"中[MASK]位置的文本是：	一年的母亲节，黄家驹和beyond乐队的团员
"雷得拉海蛳螺是中腹足目[MASK]通常白色，有的具褐色螺带"中[MASK]位置的文本是：	、海蛳螺科的一种动物，贝壳
"《风自由》[MASK]一首歌曲，收录于专辑《我》中"中[MASK]位置的文本是：	是毛宁演唱的
"江西田友生化有限公司[MASK]日在南昌经济技术开发区市场和质量监督管理局登记成立"中[MASK]位置的文本是：	于2006年01月05
"《老爸有招》(Man With[MASK]罗斯和Pamela Fryman执导，马特·勒布朗、凯文·尼龙参与演出的美国情景喜剧"中[MASK]位置的文本是：	 a Plan)，是由詹姆斯·布
"[MASK]是2008年新世界出版社出版的图书，作者是星云大师"中[MASK]位置的文本是：	《星云大师金刚经讲话》
"演义形象关彝，[MASK]关兴之庶子，继嗣为汉寿亭侯"中[MASK]位置的文本是：	乃关羽之孙，
"陈安，男，1974年2月生，汉族，江苏射阳人，大学[MASK]，1996年8月参加工作"中[MASK]位置的文本是：	学历，学士学位，1996年5月加入中国共产党
"马达加斯加猎鹰，Polyboroides radiatus （Scopoli, 1786），脊索动物门、鸟纲、隼形目、鹰科、鹞[MASK]，包括马达加斯加群岛及其附近岛屿"中[MASK]位置的文本是：	亚科鹞属的一个物种，分布于印度洋
"《飘若浮萍》是连载于[MASK]小说，作者是雪上烟囱"中[MASK]位置的文本是：	起点中文网的
"鹤科(Gruidae)在动物分类学上[MASK]科"中[MASK]位置的文本是：	是鸟纲中的鹤形目一个
"邓庚一，男，汉族，中共党员，娄底地区优秀[MASK]学校副校长，高级讲师"中[MASK]位置的文本是：	教育工作者，娄底市农机化
"莫耀东，男，[MASK]年11月加入中国共产党"中[MASK]位置的文本是：	汉族，广西玉林人，1992
"《风流医圣》是一部在起点[MASK]蔡晋，讲述一个医术高明的医生的故事"中[MASK]位置的文本是：	中文网上连载的网络小说，作者
"《雷达[MASK]丛书》是2015年电子工业出版社出版的图书"中[MASK]位置的文本是：	接收机技术：雷达技术
"《乱世情尊》是流年终究败给了时间创作[MASK]"中[MASK]位置的文本是：	的网络小说，发表于17K小说网
"《青春守则》是由戴冰执导，曾龙、杨采钰、李柏谊、王萌黎、李晓龙 主演[MASK]"中[MASK]位置的文本是：	的校园青春偶像剧
"[MASK]10月12日出生，辽宁省锦州市人1984年毕业于辽宁医学院临床医学专业"中[MASK]位置的文本是：	人物生平周文兴：男，1962年
"《唐人街探案2》《捉妖记2[MASK]等共同主演"中[MASK]位置的文本是：	》由梁朝伟、白百合、井柏然、李宇春、杨祐宁
"福建中旅集团公司[MASK]号中旅大厦五楼，是福建省国有资产监督管理委员会直属的国有企业，其前身是1949年11月19日在福建省厦门市成立的闻名海内外的新中国第一家“华侨服务社”"中[MASK]位置的文本是：	位于福建省福州市鼓楼区湖东路171
"9[MASK]》首播，陈好在剧中饰演知书达理、敢爱敢恨的“岳思盈”，该剧被评为2001年台湾最受观众喜爱十部电视剧之一4"中[MASK]位置的文本是：	月，与徐峥、唐国强、杜志国等联袂主演的古装喜剧《李卫当官
"《[MASK]的小说，作者是友情破颜拳"中[MASK]位置的文本是：	高速决斗》是连载于起点中文网
"《此生只爱你一个[MASK]是某の罂"中[MASK]位置的文本是：	》是连载于小说阅读网的网络小说，作者
"发展简史1、2010年1月15日[MASK]"中[MASK]位置的文本是：	注册成立广州狼旗网络科技有限公司
"1获奖记录1963年第二届[MASK]葛瑞芬（即岳枫）《为谁辛苦为谁忙》4"中[MASK]位置的文本是：	台湾电影金马奖：最佳编剧：
"格日勒图，中共党员，译审（正高），1984年[MASK]工作至今，现任中央台蒙古语节目部主任"中[MASK]位置的文本是：	毕业于内蒙古大学，一直从事中央台蒙古语广播宣传
"老女排三连冠的成员朱玲，亲身经历了中国女排1984年[MASK]一次奥运会冠军的比赛"中[MASK]位置的文本是：	击败美国队夺得唯一
"茂名市[MASK]总部位于茂名市茂港区325国道旁，经营范围为生产家用小家电"中[MASK]位置的文本是：	茂港美的美电器有限公司
"[MASK]即将开启之际，由起点中文网白金作家“小刀锋利”亲自操刀的原创小说《渡劫》抢先登陆，今日(12"中[MASK]位置的文本是：	2015年度S级ARPG《渡劫》公测
"图片由宣传方提供千龙网讯 由芒果影视、深蓝影业出品，姜潮、李溪芮、庞瀚辰、何瑞贤、赵旭东、宋奕星主演的“甜宠2018冰山女孩的蜜恋治愈法”偶像剧《我站在桥上看风景》（以下[MASK]进行时剧场火热播出中"中[MASK]位置的文本是：	简称《看风景》）近期在湖南卫视青春
"曲风多元包括：深情系的抒情情歌【[MASK]梦幻系情歌【不懂也不想懂】，充份展现出19岁张暄祺的异想世界，时而可以梦幻抒情，也可以将舞曲的爆发力道诠释得淋漓尽致"中[MASK]位置的文本是：	如果可能】、强烈节奏的电音舞曲【DanceWithU】、
"1989年，郑永刚创立杉杉品牌，并率先在中国[MASK]”战略，以创新理念和变革精神推动了中国服装行业的转型升级"中[MASK]位置的文本是：	服装界提出并实施品牌战略，1996年带领企业成功上市并组建杉杉集团，1998年推进“多品牌，国际化
"1992年，郎[MASK]让全家人生活的更好，郎平只身一人前往意大利打球"中[MASK]位置的文本是：	平生下了女儿白浪，为了
"创作背景《爱的旅程》是那英2009年年底北京演唱会[MASK]演唱会的预热单曲，那英想借该曲感谢支持她的听众，表达她对音乐的执着"中[MASK]位置的文本是：	的主题曲，也是那英出道20年的跨年
"一切文化都会沉淀为人格——河南教师读书会第111期记录书名：《中国文脉》作者：余秋雨出版社：长江文艺出版社1文脉与人脉马祥勇：余秋雨先生说：[MASK]生命潜流和审美潜流"中[MASK]位置的文本是：	“中国文脉，是指中国文学几千年发展中最高等级的
"《不分手的恋爱》是中国内地男歌手汪苏泷演唱[MASK]"中[MASK]位置的文本是：	的一首歌曲
"《修仙炼神之魔霸仙尊》是[MASK]异侠类小说，作者是毛晋羽"中[MASK]位置的文本是：	连载于17k小说网的一部仙侠
"2事迹2009年12月30日香港赌王三太陈婉珍的幼子何猷启[MASK]港女也虎视眈眈"中[MASK]位置的文本是：	，贵为城中钻石男，不少
"中央电视台科教频道、陕西广播电视集团、中国艺术研究院、中国电视艺术家协会、北京伯璟文化传播有限公司等多家单位联合制作的5集纪录片《重生》，将于明晚([MASK]播出"中[MASK]位置的文本是：	6月28日)起21：03在中央电视台科教频道播出，多家卫视台，爱奇艺、凤凰视频等网络视频联合播出，英文版本通过网络平台面向海外同步
"悲剧剪彩是著名歌手关淑怡的作品之一，向雪怀作词[MASK]专辑《Btb-冬恋-关淑怡》"中[MASK]位置的文本是：	，出自
"1974年长影重拍《平原游击队》时，挑选了上百个演员都没有找到扮演松井的合适人选，[MASK]许久，最终还是无人能取代方化，只好让方化再次出演"中[MASK]位置的文本是：	松井这个角色，选了
"《舞蹈形体教程》是西南师范大学出版社出版的[MASK]姜兰(作者)"中[MASK]位置的文本是：	图书，作者是
"个人履历刘志光先生2005年，从剑桥大学毕业后，带领团队创建了阳谷祥光铜业有限公司，并引入当时世界上最先进[MASK]的铜冶炼企业，并被国家环保部评为“国家环境友好工程”"中[MASK]位置的文本是：	的闪速熔炼和闪速吹炼工艺技术，使祥光铜业成为中国首个拥有此项技术
"编剧邹静之介绍说，《铁齿铜牙纪晓岚》第四部共40集[MASK]8集"中[MASK]位置的文本是：	，分为5个单元，每单元
"何洁新歌《给[MASK]，5月20日“不服来犟”广州个唱也已全面打响"中[MASK]位置的文本是：	陌生女孩的歌》今日已上线
"韦爱松，女，汉族，中共党员，1993年12[MASK]于广西柳州卫校，大专学历"中[MASK]位置的文本是：	月参加工作，毕业
"《蛤蟆的[MASK]是役所广司首度出任导演的电影处女作7"中[MASK]位置的文本是：	油》
"专辑简介长春虫子继成功打造并演唱《我爱你你却爱着他》、《动了情伤了心》、《爱走了[MASK]《小心眼的男人》"中[MASK]位置的文本是：	心碎了》、《如何能把你忘记》等原创作品后 ，2011再推全新作品
"《新手炒短线》[MASK] 出版的图书"中[MASK]位置的文本是：	是 2011年化学工业出版社
"《无影绝杀手》是一部小说[MASK]"中[MASK]位置的文本是：	，作者是常青阁
"[MASK]，参与过《飞越黄昏》的制作"中[MASK]位置的文本是：	钟敏强，制作人、导演
"运动[MASK]米05，体重达到110公斤，能打小前锋和大前锋两个位置"中[MASK]位置的文本是：	生涯26岁的埃克塞尔-赫弗雷来自欧洲篮球小国比利时，身高2
"大连巧客餐饮管理有限公司于2014年04月28日在大连市中[MASK]"中[MASK]位置的文本是：	山区市场监督管理局登记成立
"[MASK]·叶茨执导，埃迪·雷德梅恩、凯瑟琳·沃特斯顿、艾莉森·苏朵儿、丹·福格勒、柯林·法瑞尔等联合主演1"中[MASK]位置的文本是：	《神奇动物在哪里》是由美国华纳兄弟影片公司、英国盛日影业公司联合出品的奇幻冒险电影，由英国导演大卫
"丘毅，男，汉族，福建武夷山市人，1973年4月出生，1990年8月参加工作，1994年[MASK]研究生学历"中[MASK]位置的文本是：	年8月加入中国共产党，中央党校大学
"《我的远古漂流记》是一本[MASK]是星期八娶你"中[MASK]位置的文本是：	连载于起点中文网的网络小说，作者
"《商品运输》是1999年[MASK]图书"中[MASK]位置的文本是：	中国财政经济出版社出版的
"《PowerPoint [MASK]文稿制作经典教程》是2010-7海洋出版的图书，作者是魏勇敢"中[MASK]位置的文本是：	2007演示
"采访人：兰州晨报/掌上兰州记者 武永明受访人：[MASK]博士，您对这个第一号怎么看"中[MASK]位置的文本是：	中科院高能物理研究所研究员、中国第一号博士马中骐记者：从学位证书上看，您是中国第一号
"钱石头（1897－1933[MASK]，福建省寿宁县斜滩镇王坑村人"中[MASK]位置的文本是：	）
"[MASK])认证认可的实验室，2006年由上海复旦大学科技园主导投资设立，是中国唯一获得司法鉴定许可证的失效分析实验室，拥有司法鉴定人与授权签字人等专业技术人员100余人，专家1000余人"中[MASK]位置的文本是：	华碧司法鉴定所是专业的产品质量分析鉴定机构，拥有国家实验室认可委员会（CNAS）与质检局资质认定(CMA
"5人物角色（除绿色弟子外，大多数弟子的介绍基本与[MASK]秦时明月（沈乐平执导TV动漫系列）”）6"中[MASK]位置的文本是：	动画无异，因此除绿色弟子外的介绍见“
"1920年，9岁的池育华[MASK]的李才莲当童养媳"中[MASK]位置的文本是：	就嫁给6岁
"[MASK]于17k小说网的一本重生逆袭类小说，作者是忆林夕"中[MASK]位置的文本是：	《尾戒绕流年》是连载
"邹明轩的妈妈冉莹颖也是一个[MASK]人服气的人"中[MASK]位置的文本是：	教育小孩子很让
"上虞市工业设备安装[MASK]，是一家致力于专业机电安装的企业"中[MASK]位置的文本是：	有限公司成立于一九八五年七月
"其中有一期，李湘是主咖，李湘自己自嘲的时候是这样说的，很多网友都说我胖[MASK]都胖，难道你说了我们就能瘦了吗"中[MASK]位置的文本是：	，说我们家王诗龄胖，还说我们家王岳伦胖，我们一家三口
"后来在宣传电视剧的时候，记者提起此事，林静还是流下了眼泪说：“当我[MASK]刘佩琦、刘蓓主演的《许茂和他的女儿们》，在剧中饰演九姑娘许贞，该剧是纪念改革开放30周年和新中国成立60周年的献礼电视剧"中[MASK]位置的文本是：	打不通他电话，找不到人的时候，人都懵了”2009年，出演舒崇福执导，
"《在彭总身边[MASK]参谋景希珍口述，丁隆炎执笔，四川人民出版社出版"中[MASK]位置的文本是：	》，图书名，彭德怀原警卫
"刘相韬令人印象最深的就是[MASK]，而妻子张丹则是辽宁女篮的队员"中[MASK]位置的文本是：	在上赛季季后赛与八一队的比赛中绝杀对手
"《未来青年》是丹尼·加农执导，罗比·阿梅尔、佩顿[MASK]等主演的电视剧"中[MASK]位置的文本是：	·利斯特、艾伦·余
"S海恩 [MASK]年，德国人，身高180cm，体重71kg，所属球队是慕尼黑1860"中[MASK]位置的文本是：	，出生于1988
"而韩兆在拍《杨光的快乐生活》之前就是一个小人物，也许是看中韩兆的编剧才华，[MASK]合作了"中[MASK]位置的文本是：	所以两人就这样
"三大赛事连续问鼎，江耀桓力[MASK]年中国越野赛车手最闪亮的一颗新星"中[MASK]位置的文本是：	压众多职业赛车手成为2009
"2010年，参演冯小刚执导电影《唐山大[MASK]一对军人夫妻"中[MASK]位置的文本是：	地震》，与陈道明在剧中出演
"2015年5月29日下午，经国务院批准，[MASK]有限公司重组成立国家电力投资集团公司"中[MASK]位置的文本是：	中国电力投资集团公司与国家核电技术
"《二分之一的[MASK]演唱的一首歌曲"中[MASK]位置的文本是：	幸福》是张学友
"这部改编自阿加莎·克里斯蒂的1934年出版的侦探悬疑小说，《东方快车[MASK]人都有作案的嫌疑，比利时大侦探波洛经过缜密的逻辑分析，终于让案情大白于天下"中[MASK]位置的文本是：	谋杀案》描写了发生在著名的“东方快车”上一起离奇命案，每个
"王碧辉，男，汉族，1961年10月出生，陕西[MASK]本科学历"中[MASK]位置的文本是：	临潼人，
"粗壮温剑水蚤，学名Thermocyclops dybowskii([MASK]是剑水蚤目剑水蚤科的典型物种"中[MASK]位置的文本是：	Lande,1890)，
"《盛夏那年[MASK]四的一部网络小说，连载于17k小说网网站"中[MASK]位置的文本是：	》是莫家小
"陈慕杰，男，汉族，1965年4月出生，广东潮州人，1985[MASK]年7月参加工作"中[MASK]位置的文本是：	年12月参加中国共产党，1986
"《幸福有配方》甜蜜收官[MASK]  黄觉痴心暖男形象深入人心"中[MASK]位置的文本是：	  
"《武装天下》是连载于起点中文网的[MASK]"中[MASK]位置的文本是：	小说，作者是木海林
"易洪雷，男，1965年[MASK]濉溪县人，中共党员"中[MASK]位置的文本是：	出生，安徽省
"我第一次认识高圆圆，是因为《倚天屠龙记》这部剧她所[MASK]角色"中[MASK]位置的文本是：	饰演的周芷若这个
"《[MASK]的电视剧，博鸿、屈玥等主演"中[MASK]位置的文本是：	她在丛中笑》是盛维凯执导
"辽宁嘉春装饰工程有限公司，[MASK]装饰设计与施工专业承包双甲级资质、建筑幕墙施工及设计双甲级"中[MASK]位置的文本是：	成立于1997年，是一家从事室内外装饰装修的专业化集团公司，具备国家建设部颁发的建筑
"留给昨天[MASK]刘雨潼"中[MASK]位置的文本是：	作词是
"吴逵，男，1963年8月生，1985年[MASK]2002年获安徽医科大学硕士学位，现为泌尿外科主任医师"中[MASK]位置的文本是：	毕业于安徽医学院医疗系，
"且跟小编一起看看~丁彦雨航，别名：小丁，丁丁，点点，典典出生地：新疆克拉玛依身高：201cm丁是一个努力的队员[MASK]非常努力， 跟着队里的成年队员他也学到了很多宝贵的经验"中[MASK]位置的文本是：	，他在训练中表现的
"bagworm moths[MASK]形态特征鳞翅目蓑蛾科的通称"中[MASK]位置的文本是：	  图片为大蓑蛾各期图
"《海洋[MASK]大西岛》是2005年上海三联书店出版的图书，作者是格劳修斯、培根，译者是宇川、汤茜茜"中[MASK]位置的文本是：	自由论·新
"[MASK]腹足纲新腹足目的一种生物，分布于佛得角"中[MASK]位置的文本是：	佛顿芋螺是
"而董子健的母亲是有名的经纪人王京花，这也就不难猜测，孙怡为何一出道就能够[MASK]女主的位置"中[MASK]位置的文本是：	得到电影电视剧
"《爱我久久》是阿牛（陈庆祥） 演唱的歌曲[MASK]久久》中"中[MASK]位置的文本是：	，收录在同名专辑《爱我
"广州市蓓蒙化妆品有限公司总部位于广州市[MASK]经营范围为化妆品"中[MASK]位置的文本是：	，
"2014年12月20日从福建SBS男篮俱乐部[MASK]亚历山大代理主教练"中[MASK]位置的文本是：	得到消息，福建队主教练朱世龙暂时休息，由助理教练
"《新扎师妹2》是马伟豪执导、黄建新担任监制，由[MASK]吴彦祖主演的的香港喜剧警匪片"中[MASK]位置的文本是：	杨千嬅、
"嫦舟蛾，[MASK]分布：四川(峨眉山)，云南(宜良，金平，景东，盐津，云龙，漾濞)"中[MASK]位置的文本是：	属鳞翅目舟蛾科，国内
"《情非得已》是[MASK]唱到心里②》专辑中"中[MASK]位置的文本是：	南妮的音乐作品，收录在《唱醉你将爱
"个人信息  阿雷娜·达尼洛克姬娜 Elena Danilochkina  性别：女  国家[MASK]篮球运动员，队伍中的得分后卫1"中[MASK]位置的文本是：	：俄罗斯  出生日期：1986年1月27日  身高：182厘米人物介绍俄罗斯
"《十四家诗钞》是1981年上海古籍出版社[MASK]是朱自清"中[MASK]位置的文本是：	出版的图书，作者
"《会评会校[MASK]天地图书公司1994年出版的图书"中[MASK]位置的文本是：	金瓶梅（全五册）》，是香港
"2017年，王思思参演由黄轩、窦骁、周一围主演的东方魔幻剧《九州·海上牧云记》[MASK]"中[MASK]位置的文本是：	，剧中她饰演赫兰部落的蛇蝎美人，心狠手辣，爱慕硕风和叶
"《十年一觉美国梦》是1999年四川人民出版社出版的图书[MASK]（美〕王伯庆"中[MASK]位置的文本是：	，作者是
"《生物废墟》是连载于17k小说网[MASK]一个平凡的大手"中[MASK]位置的文本是：	的一部小说，作者是
"《网游之龙影神话》1是网络小说作者那年的伤感2所著[MASK]阅读网"中[MASK]位置的文本是：	的一部虚拟网游类的小说，现连载于17K小说
"背景知识：2012年，菲律宾政府9月12日发布由时任总统阿基诺签署的行政命令，将菲律宾[MASK]改为“西菲律宾海”"中[MASK]位置的文本是：	群岛以西海域由南中国海
"刘福荣男，1953年2月生，[MASK]"中[MASK]位置的文本是：	辽宁盘锦人
"李春寿，1986年6月毕业于[MASK]水稻育种、推广工作"中[MASK]位置的文本是：	南京农业大学遗传育种专业，同年分配到浙江省农业科学院从事
"《今生有你》是歌手龙梅子演唱歌曲，祁隆作词作曲[MASK]《情歌继续唱》里"中[MASK]位置的文本是：	，该歌曲收录在龙梅子专辑
"《你是我的谁》是和汇慧的音乐作品，收录[MASK]"中[MASK]位置的文本是：	在《影像如歌》专辑中
"红小麻属，荨麻科，荨麻目，8种[MASK]热带地区，其中红小麻F"中[MASK]位置的文本是：	，分布于
"杨凌农业高新技术产业示范区属东亚暖温带半湿润半[MASK]春暖多风，夏热多雨、秋热凉爽多连阴雨、冬寒干燥等明显的大陆性季风气候特征"中[MASK]位置的文本是：	干旱气候区，具有
"[MASK]等人曾报警，但仍无济于事"中[MASK]位置的文本是：	李克英的女儿王马玲
"《兄弟[MASK]记得我吗》是春浪创作的网络小说，发表于17K小说网"中[MASK]位置的文本是：	还
"[MASK]崽创作的网络小说，发表于起点网"中[MASK]位置的文本是：	《小僧佛耀异世》是大便
"25年前，也就是1993年由王晶导演[MASK] 饰）一句“张无忌你要救六大门派，就来大都找我吧”，拉下了帷幕"中[MASK]位置的文本是：	的《倚天屠龙记之魔教教主》，随着最后赵敏（张敏
"西游新传[MASK]制作的一部动画类电影"中[MASK]位置的文本是：	2-真心话大冒险是由导演刘畅
"[MASK]贝宁主持的，专门探讨青少年的节目，对青年有很大的教育意义"中[MASK]位置的文本是：	《开讲啦》是撒
"罗氏副双边鱼，Parambassis roberti，属于辐鳍鱼纲鲈形目鲈亚目[MASK]5厘米"中[MASK]位置的文本是：	双边鱼科副双边鱼属的一个物种，最大体长可达
"[MASK]再演腹黑熟男，与“大小姐”张俪虐恋"中[MASK]位置的文本是：	刘恺威《一念向北》
"1914年，柳麟[MASK]移居中国奉天省西丰县，继续教化当地朝鲜族居民"中[MASK]位置的文本是：	锡
"田红梅，女，傣族，云南弥勒人，1974年9月生，省委党校研究生，1995年[MASK]市长、党组成员、市发展和改革局党委副书记、局长"中[MASK]位置的文本是：	7月参加工作，1994年12月加入中国共产党，现任弥勒市人民政府副
"张廷新 男，汉族，1954年9月生，陕西省耀县人，1973年5月加入中国共产党[MASK]"中[MASK]位置的文本是：	，1985年4月参加工作，硕士研究生学历，研究员，研究生导师
"霍尔果斯乐嗨[MASK]成立于2015年6月9日，总部位于新疆伊犁霍尔果斯口岸卡拉苏河欧陆经典小区8幢8231号"中[MASK]位置的文本是：	文化传媒有限公司
"囍菜(陈慧琳婚礼[MASK]"中[MASK]位置的文本是：	主题歌曲)-陈慧琳
"余晓红  女，汉族[MASK]重庆涪陵人，1972年2月参加工作，中共党员，重庆师范大学中文系汉语言文学专业毕业，大专学历"中[MASK]位置的文本是：	，1955年5月生，
"刺新小卷蛾[MASK]、卷蛾科下一个物种"中[MASK]位置的文本是：	是属鳞翅目
"制作过《废柴联盟》（Community）与《幸福[MASK]·波特（Moses Port），再次出手制作TBS新喜剧《开荒岛民》"中[MASK]位置的文本是：	结局》（Happy Endings）的制作人莫斯
"《大明女儿国》是连载于起点中文网[MASK]小说，作者是薛怀义"中[MASK]位置的文本是：	的一本架空历史类
"史景[MASK]，1946年生"中[MASK]位置的文本是：	怀
"《中国古代的城市生活》[MASK]图书，作者是吴刚"中[MASK]位置的文本是：	是1997年由商务印书馆出版的
"陈名海，[MASK]汉族，毕业于合肥工业大学，副研究员"中[MASK]位置的文本是：	男，
"刘查[MASK]，毕业于株洲职业技术学院经济贸易系电子商务专业"中[MASK]位置的文本是：	湘，女，出生于湖南省衡阳市
"歌曲介绍[MASK]帝都》系列电影第一季推广曲）专辑是由星路重金打造的中式萌系大型偶像团体“萌萌哒天团”推出的专辑"中[MASK]位置的文本是：	《禁之恋》（《
"《反恐特战队之猎影》是武警总部宣传艺术中心、幸福蓝海影视文化集团股份有限公司联合出品的警匪剧，由尤小刚、许永昌联合执导，黄[MASK]1"中[MASK]位置的文本是：	维德、牟星、何晟铭、王斑、石兆琪、孙艺铭等领衔主演
"《有一个青年》[MASK]蔡晓晴 细节丰富、集中写人、归真返璞、寓浓于淡 的导演艺术特色"中[MASK]位置的文本是：	从整体上看，思想纯净，风格清新、淡雅、朴实，初步形成了
"它的来历传说不一，流传最广的说法是[MASK]的韩信"中[MASK]位置的文本是：	始创于西汉
"刘亦菲和黄晓明[MASK]小龙女，气质脱俗、仙气十足"中[MASK]位置的文本是：	版《神雕侠侣》，刘亦菲的
"《奥丽芙·基特里奇》是伊丽莎白·斯特劳特[MASK]，获2009年普利策小说奖"中[MASK]位置的文本是：	的第三部作品，2008年出版
"《两个半球的结合[MASK]外文出版社2004-11-1出版，作者是侯蕾和查理"中[MASK]位置的文本是：	》由
"尹定邦，1940年生于武汉，现为广州美术学院副院长，设计分院院长、教授，中国[MASK]设计协会会长、广东省美术家协会副主席"中[MASK]位置的文本是：	工业设计协会代理事长、广东省工业
"《全方位的无限》  [MASK]，李笃中翻译，三联书店出版发行"中[MASK]位置的文本是：	一书由戴森所著
"近年的王晓晨真的是好剧连连，之前与戚薇合作的你好乔安，两大美女合作当然收视率不会[MASK]"中[MASK]位置的文本是：	少，也算是又火了一把
"《腹黑女圣神》[MASK]中文网的小说，作者是雪衣紫灵"中[MASK]位置的文本是：	是一部连载于起点
"《无心法师第二季》是由企鹅影业、搜狐视频和唐人影视联合出品的玄幻网络剧，由游达志担任总导演，李国立担任监制，徐子沅编剧，韩[MASK]高泰宇等联袂出演"中[MASK]位置的文本是：	东君、陈瑶、李兰迪、王彦霖、披拉·尼迪裴善官、王艺诺和
"《时装画手绘表现技法：从基础到进阶》是2016年1月人民邮电出版社出版[MASK]：王庆松"中[MASK]位置的文本是：	的图书，作者
"虽然在三年后的中东路事件中，张学良没有打赢苏联人，并被迫在议定书上承认了苏联人在中东铁路上的特权，貌似[MASK]后果，等于是他给张作霖买单了"中[MASK]位置的文本是：	丧权辱国，但是中东铁路是他爹在世的时候与苏联妥协的
"人物简介[MASK]，出生于1942年6月，四川省中江县人"中[MASK]位置的文本是：	罗永艾，男，汉族
"《真爱诺言》由林添[MASK]、王满娇、张亮等主演都市爱情剧"中[MASK]位置的文本是：	一执导，王美雪、李进荣
"《虚拟现实技术在教育中[MASK]2007年科学出版社出版的图书，作者是汤跃明"中[MASK]位置的文本是：	的应用》是
"05歌曲简介《喜欢你》这首歌由梁文福[MASK]时候的恋爱情怀，整首歌都表现的甜蜜、温婉而不失细腻"中[MASK]位置的文本是：	作词谱曲，讲述了一个24岁的女孩在热恋期
"9月15日， 南派三叔的新剧《 [MASK]]"中[MASK]位置的文本是：	沙海》在无锡开机，吴磊饰演男主黎簇[6
"3月2日将上映的《闺蜜2》,同样由[MASK]越南度过的一段疯狂婚前冒险之旅"中[MASK]位置的文本是：	黄真真执导,陈意涵、张钧甯、薛凯琪等青年明星主演,讲述几位主角在
"《幸会！苏东坡》收录的书法作品有：苏轼《寒食帖》、《洞庭春色赋·中山松醪赋》合卷、《前赤壁赋》、《归去来兮辞》、《醉翁亭记》、《[MASK]辩才韵诗帖》、《江上帖》以及欧阳修、黄庭坚等大家的作品"中[MASK]位置的文本是：	北游帖》、《一夜帖》、《人来得书帖》、《新岁展庆帖》、《春中帖》、《归安丘园帖》、《归院帖》、《东武帖》、《渡海帖》、《次
"陕西秦能电力科技有限公司于2009[MASK]2月27日在陕西省工商行政管理局登记成立"中[MASK]位置的文本是：	年
"张果虎，男，[MASK]学士，中国人民大学工商管理硕士，教授级高级工程师"中[MASK]位置的文本是：	出生于1967年12月，中南工业大学工学
"动物简介长颈龟是龟鳖目蛇[MASK]长颈龟属的1种"中[MASK]位置的文本是：	颈龟科
"乌双斑雀是雀形目、梅花雀科的[MASK]"中[MASK]位置的文本是：	动物
"2013年，在《天天向上》活动现场，主持人汪涵捐款3万元，[MASK]等，这些捐款将用于帮助被烧伤的孩子"中[MASK]位置的文本是：	而欧弟、钱枫、田源、小五也捐款5000元至1万元不
"《歌德证书B1备考指南》是2012年上海[MASK]是SabineDinsel，MonikaReimann"中[MASK]位置的文本是：	外语教育出版社出版的图书，作者
"个人简介姓名：坚克  性别：男  国籍：土耳其  出生日期：1988-02-21  身高：189cm  代表[MASK]0球职业生涯11"中[MASK]位置的文本是：	国家队：出场0次，进0球  欧洲三大杯：出场0次，进0球  欧洲冠军联赛：出场0次，进
"斯文-戈兰·埃里克森（瑞典语：Sven-Göran Eriksson，1948[MASK]足球代表队教练"中[MASK]位置的文本是：	年2月5日－）瑞典籍足球教练，2002年至2006年期间担任英格兰
"《赤脚情缘》是2005年上映[MASK]由蒂尔·斯威格导演"中[MASK]位置的文本是：	的德国喜剧导演，
"这部剧集拍了几百集，在各地均[MASK]黄安演唱的主题歌《新鸳鸯蝴蝶梦》也红极一时"中[MASK]位置的文本是：	十分受欢迎，由
"吴老[MASK]《城南旧事》根据台湾女作家林海音1960年出版的同名中篇小说改编而成"中[MASK]位置的文本是：	的
"《[MASK]第二版》高等教育出版社1900-01-01出版"中[MASK]位置的文本是：	应用数学（基础部分一）
"别看张逸杰人小,演技却不错,2012年,在热播玄幻剧《轩辕剑之天之痕》中,张逸杰也[MASK]拓是由胡歌扮演,而童年的宇文拓却是由张逸杰扮演的，用眼神诠释了童年的宇文拓的不幸"中[MASK]位置的文本是：	是有精彩的表演,长大成人的宇文
"不过从钱谦益与柳如是的[MASK]，似乎并不如此"中[MASK]位置的文本是：	婚姻来看
"近日，曾执导过《大秦帝国》的著名导演延艺2011最新力作[MASK]东方电影频道播出"中[MASK]位置的文本是：	《母子连心》正在
"然而最大的惊喜还在后面，下一首曲目陈奕迅唱的是《因为爱所以爱》，而坐在他身边和他一起唱的人正是谢霆锋，两人还一起唱了[MASK]的歌曲，这开年的第一波秀恩爱，也太甜了吧"中[MASK]位置的文本是：	《因为爱情》，《因为爱所以爱》这首最能表达两人心境
"秦岭细鳞鲑秦岭细鳞鲑属鱼[MASK]属"中[MASK]位置的文本是：	纲、鲑形目、鲑科、细鳞鲑
"[MASK]和，男，湖南涟源市人"中[MASK]位置的文本是：	肖胜
"1960[MASK]司令员杨勇、政治委员廖汉生发布任命书：任命杨瑞生为第263医院结核科主任军医（行政级别15级）"中[MASK]位置的文本是：	年5月10日，经中国人民解放军北京军区
"2016年，主演汪俊执导的家庭伦理剧《小别离》在剧中饰演张小宇，胡先煦饰演的是张子枫的[MASK]戏外的关系也还不错"中[MASK]位置的文本是：	好朋友张晓宇，两人在戏里
"其实撒[MASK]频频出现在各个节目中做主持，才算是真正打开天性，让粉丝认识到了撒贝宁老师也有这么童真的一面"中[MASK]位置的文本是：	贝宁作为高材生，之前主持节目《今日说法》而被网友熟知，如今
"《酒艺拾趣》是由叶世松编写的图书[MASK]出版"中[MASK]位置的文本是：	，于1999-12-01在山东教育出版社
"[MASK]音乐作品，收录在《听说你离开他》专辑中"中[MASK]位置的文本是：	《喜欢就这样静静看着你》是周子寒的
"齐之鸾，男，字瑞卿，号蓉川，安徽[MASK]今桐城城南）人，明朝有名的直臣，事迹入选明史，为桐城历史上的第一位翰林"中[MASK]位置的文本是：	桐城县城太平坊（
"何小念，女，壮族，1978年12月生，广西德保人，1999年12月参加[MASK]政法学院法学专业毕业，本科学历"中[MASK]位置的文本是：	工作，广西民族大学
"《新年心愿》是游美灵演唱的一首[MASK]中"中[MASK]位置的文本是：	歌曲，收录于《拼爹时代》专辑
"吴兴唐  ，中联部[MASK]当代世界研究中心研究员、"中[MASK]位置的文本是：	调研咨询小组成员、中国
"歌曲信息歌曲：《有谁知道我》 [MASK]  作曲：古月  专辑：邓丽君《怀念歌曲精选 no"中[MASK]位置的文本是：	 作词：庄奴
"背景介绍厦门证券成立于1988年[MASK]资本金为人民币1310万元"中[MASK]位置的文本是：	7月，是厦门市唯一的专业性证券公司，注册
"《当混子[MASK]的网络小说，发表于17K小说网"中[MASK]位置的文本是：	的那些年》是做梦的香肠创作
"朱松贵，男，1965年10月出生，汉族，江西[MASK]人"中[MASK]位置的文本是：	彭泽
"[MASK]由白景瑞执导的剧情片，秦祥林、胡慧中等参加演出，1981年在中国台湾上映"中[MASK]位置的文本是：	《皇天后土》是
"《西域威龙[MASK]执导，成龙、欧文·威尔逊、刘玉玲等人主演的一部动作片"中[MASK]位置的文本是：	》是由汤姆·戴伊
"文山市　[MASK]3064平方千米，人口46万"中[MASK]位置的文本是：	面积
"[MASK] 　　合同到期：2008-06-30 　　身高：172厘米 　　体重：67公斤 　　惯用脚：右脚 　　出生地：切塞纳（意大利） 　　国籍：意大利"中[MASK]位置的文本是：	英文名： Lunardini 卢纳尔迪尼　　生日：1984-11-03 　　场上位置：前卫
"《QP痞子勇士》是一部[MASK]的日剧，于2011年10月5日上映"中[MASK]位置的文本是：	根据同名漫画改编
"临汾古城公园[MASK]建设，总占地面积为19.6公顷"中[MASK]位置的文本是：	位于临汾市区滨河东区中段，工程分两期
"灰麝鼩台湾亚种是主要分布于台湾岛中部的脊索动物[MASK]"中[MASK]位置的文本是：	门哺乳纲食虫目物种
"美国FOX电视台的08新剧 《危机[MASK]讲述边缘科学的一部电视剧"中[MASK]位置的文本是：	边缘（Fringe）》就是
"《明迪烦事多1》[MASK]9月25日在FOX首播的美国情境喜剧"中[MASK]位置的文本是：	（英语：The Mindy Project）是于2012年
"范玉新，男，汉族，1956年9月出生，辽宁省黑山县人，专科学历，1989年9[MASK]、主任"中[MASK]位置的文本是：	月入党，1981年8月参加工作，现任北安市人大常委会党组书记
"1999年，李克勤[MASK]收录在《一年半载》专辑中"中[MASK]位置的文本是：	签约环球唱片，《月半小夜曲》再次
"《纪晓岚全传》是李建良所著的于2005年1月[MASK]"中[MASK]位置的文本是：	1日在国际文化出版社出版的书籍
"《醉坠》是连载[MASK]的宫廷贵族小说，作者是申婉兮"中[MASK]位置的文本是：	于17k小说网
"1  西南兵器工业公司(以下简称西南公司) 成立于1992年11月，主要[MASK]开发、酒店经营、汽摩零部件生产与销售"中[MASK]位置的文本是：	从事汽车（长安微车、长安轿车、长安福特轿车、长安铃木轿车、东风雪铁龙轿车、比亚迪轿车等品牌）销售与服务、房地产
"赞誉《克拉玛依之歌》[MASK]—著名音乐家吕远"中[MASK]位置的文本是：	，不能不说它的词曲作者—
"宋汶霏之前一是演一些龙配套角，直到2008年被海岩赏识，获得主演电视剧《舞者》的机会，由此她开始走红，而这个机会还要[MASK]由此成名"中[MASK]位置的文本是：	感谢孙俪的辞演，孙俪因为档期问题未能主演，这样海岩才让本是配角的她顶上，
"《小宝宝视觉激发黑白卡2 6-18个月》是2010年4[MASK]"中[MASK]位置的文本是：	月吉林美术出版社出版的图书，作者是禾稼
"《[MASK]》是一本连载在晋江文学城的小说，作者是凝玉"中[MASK]位置的文本是：	小满2
"[MASK]日子》是吴耀权执导，梁铮 、麦家琪等主演的恐怖片"中[MASK]位置的文本是：	《我在监狱的
"《十架单车》收录于专辑[MASK]一首歌曲"中[MASK]位置的文本是：	《武侠帝女花》中的
"“主要[MASK]》期间有过一段动荡时期，离开华纳，加入环球，然后被万达并购，期间他们失去或是替换掉了很多参与《魔兽世界》的制作人"中[MASK]位置的文本是：	是由于工作室的政策导致，大家都知道，传奇影业在拍摄《魔兽世界
"《刺猬[MASK]是赵予熙演唱的一首歌曲，由江林峰作词，林俊杰作曲"中[MASK]位置的文本是：	效应》
"王洪川（1918——1979）[MASK]人"中[MASK]位置的文本是：	，山东省长清县
"《铀成矿预测学》[MASK]原子能出版社出版的图书"中[MASK]位置的文本是：	是1992年
"摩多[MASK]2015年8月24日在厦门市思明区市场监督管理局登记成立"中[MASK]位置的文本是：	（厦门）科技有限公司于
"程宗良，男，汉族，云南昭阳人[MASK]，党校本科学历，现任昭通市司法局公证律师科科长"中[MASK]位置的文本是：	，1963年4月出生
"[MASK]) ，起点中文网签约作者，作品有：《红色警戒1904》 《靓女幽魂》 《重生之重铸天朝》 《君临末世》 《武侠之华山论剑》等"中[MASK]位置的文本是：	”1作者简介331987(七匹孤狼
"2009年1月[MASK]中之黄淬锋大师的双面异绣《望月》，杨应修、周金秀大师的《雄狮》，邵春林、刘爱云大师的《饮虎》。"中[MASK]位置的文本是：	10日到2月10日，中国工艺美术大展在北京中国美术馆展出湘绣代表作
"八睾科是[MASK]、复殖吸虫目的一科"中[MASK]位置的文本是：	扁形动物门、吸虫纲
"12月31日，与马景涛、刘德凯、邬倩倩等主演的古装电视剧《孝庄秘史》首播，[MASK]”"中[MASK]位置的文本是：	宁静在剧中出演号称“满蒙第一美女”的孝庄文皇后“大玉儿
"王岚，女，1957年出生于武汉，[MASK]湖北武汉人"中[MASK]位置的文本是：	中共党员，
"[MASK]也有泪水、充满个性的他，而李荣浩从小就爱看港片、古惑仔系列，所以在和香港大师级作词人黄伟文讨论歌词内容后，便决定以周星驰的电影《喜剧之王》为题，歌词内容几乎就在呈现电影主角尹天仇的人生"中[MASK]位置的文本是：	创作，李荣浩想让粉丝了解一个有笑
"《[MASK]文学城发行的小说，作者是如忆楠"中[MASK]位置的文本是：	尘化凡心gl》是晋江
"内蒙古坤德物流[MASK]包头市食品药品监督和工商行政管理局登记成立"中[MASK]位置的文本是：	股份有限公司于2010年06月01日在
"陈世谊，[MASK]鸡西市人，学士学位，教授，中共党员，现任辽宁石油化工大学顺华能源学院副院长"中[MASK]位置的文本是：	男，汉族，1963年3月出生，黑龙江省
"林业技术专业：招收高中毕业生、“三校生”[MASK]人员，学制三年"中[MASK]位置的文本是：	或具有同等学力的其他社会
"《初相见》为2014年刘艳作词，张渠作曲[MASK]郑棋元演唱歌曲"中[MASK]位置的文本是：	，
"《[MASK]该曲收录在专辑《青春火焰》中1"中[MASK]位置的文本是：	叶红似火》是张德兰演唱的一首单曲，
"《难道你不懂我的温柔》是曾春年的[MASK]，收录在《最幸福的人》专辑中"中[MASK]位置的文本是：	音乐作品，张海风作曲
"《西游记》作为我国的[MASK]是无数人童年最美好的记忆，该剧也成为难以超越的经典"中[MASK]位置的文本是：	四大名著之一，1986年由导演杨洁搬上荧幕，
"2002年，还在上大一的金莎主演了个人首部电视剧作品[MASK]的嘉英中学校花蓝菲琳2"中[MASK]位置的文本是：	，与保剑锋、倪景阳、李智楠搭档主演校园青春偶像剧《十八岁的天空》，饰演心地善良
"龙潭乡成立于1988年12月，居住着汉、彝、傣、拉祜、佤、白、回、哈尼8种少数民族，1993[MASK]1995年被列为云南省506个扶贫攻坚乡之一"中[MASK]位置的文本是：	年改设为龙潭彝族傣族乡，
"不老男神林志颖的老婆陈若仪，上辈子一定是拯救地球了，今生拥有如此完美幸福的家庭，智商情商双高的老公林志颖[MASK]真是人生赢家呀"中[MASK]位置的文本是：	，三个乖巧可爱的儿子，
"「 沈石溪品藏书系:[MASK]14岁（文学）《狼王梦》是一部以自然主义观点写的动物小说"中[MASK]位置的文本是：	狼王梦」亲子共读指数：★★★作者沈石溪出版社浙江少年儿童出版社（2009年）适宜年龄10-
"杨丽琼，女，土家族，重庆秀山人，1960年11月出生，中共党员，重庆工商管理硕士学院[MASK]工商管理学硕士，工程师、经济师"中[MASK]位置的文本是：	工商管理专业毕业，
"让我能纯净[MASK]张芸京回到最纯真单纯的小女孩，纯粹干净的民谣摇滚，重新回归到小女孩对爱的单纯渴求4"中[MASK]位置的文本是：	到仔细3歌曲鉴赏《喘息》是张芸京第一首亲手打造的创作曲，从词曲中感受
"《女颜天下》是起点中文网连载的古装[MASK]是夕云树"中[MASK]位置的文本是：	言情小说，作者
"1984年电视剧[MASK]》位列当年台湾三台收视冠军"中[MASK]位置的文本是：	《天蚕再变
"闵台镐（朝鲜语：민태호，1834年[MASK]权臣"中[MASK]位置的文本是：	—1884年），朝鲜王朝后期的外戚
"《奇妙的朋友》是湖南卫视推出的原创大型真人秀节目，由沈梦辰主持，[MASK]饲养员”"中[MASK]位置的文本是：	李宇春、黄轩、倪妮、胡杏儿、杜天皓、杜海涛六位担任野生动物“实习
"相传赵襄子虽然生得十分丑陋，但[MASK]显露出过人的才识，多次经受其父赵简子的考验"中[MASK]位置的文本是：	从小就
"陈裘大[MASK]人，祖籍广东东莞人，曾任香港政府房屋署屋宇装备总工程师"中[MASK]位置的文本是：	（1945年－），香港
"《苦菜花》是2007[MASK]作者是冯德英"中[MASK]位置的文本是：	年解放军文艺出版社出版的图书，
"基本资料球员:罗维尔  生日:1992年7月16日[MASK] 场上位置:后卫球队阵容前锋  L"中[MASK]位置的文本是：	  身高:185cm  球衣号码:22  国籍:英格兰  效力球队:贝利 
"3.《小鱼儿与花无缺》是改编自古龙名著《绝代双骄》[MASK]、张卫健等领衔主演"中[MASK]位置的文本是：	的古装武侠剧，由香港导演王晶执导，谢霆锋、袁泉、范冰冰
"阿尔巴斯，美国摄影家[MASK]德尔(Lisette Model)学习"中[MASK]位置的文本是：	，从1955到1957年随纪录片摄影家摩
"郭晶晶和霍启刚的婚姻让很多人都十分羡慕，但是也有很多[MASK]最终选择的是霍启刚而不是田亮"中[MASK]位置的文本是：	人纳闷郭晶晶为什么
"科技的发达带给人们带来方便的同时也造成了部分人的懒散，[MASK]子弹列车》这首歌曲"中[MASK]位置的文本是：	林俊杰由此得到灵感，创作了《
"浙江新曙光建设有限公司于2003年06月13日在宁波市海曙区市场[MASK]"中[MASK]位置的文本是：	监督管理局登记成立
"简介[MASK]节颈鱼目的典型代表"中[MASK]位置的文本是：	尾骨鱼是盾皮鱼纲
"《瓯香馆集》是2012年西泠印社出版社有限公司出版的[MASK]是恽寿平"中[MASK]位置的文本是：	图书，作者
"歌曲《你的钱包里有多少爱》以[MASK]1"中[MASK]位置的文本是：	温柔钢琴旋律搭配朴有天感性嗓音演唱
"梁小波，男，中共党员.1958年[MASK]于山西医学院医学系"中[MASK]位置的文本是：	8月出生，1979年毕业
"3[MASK]20日友情出演文章指导电视剧《剃刀边缘》 中扮演黄建"中[MASK]位置的文本是：	月
"《堕落死神》是17k[MASK]连载的小说，作者是嬉笑"中[MASK]位置的文本是：	小说网
"《超级位面帝国》是[MASK]起点网"中[MASK]位置的文本是：	黄刑创作的网络小说，发表于
"成年高中毕业后，康国[MASK]南开大学经济系，后分到了北京机械学院任教"中[MASK]位置的文本是：	雄考入了
"陈祖荣，男，汉族，1941年出生，主任医师，系原南京军区烧伤中心著名[MASK]烧伤医院院长、是国内知名的烧伤整形专家，皮肤疮疡专家，中华医学会烧伤外科学会委员，中华医学会江苏分会委员"中[MASK]位置的文本是：	烧伤整形专家，现任南京瑞鑫
"[MASK]受委屈，所属专辑：《烟火》，歌手： 满江"中[MASK]位置的文本是：	不想让你
"《六个三》是一首由黄毅成作词[MASK]歌曲"中[MASK]位置的文本是：	，蔡晓恩作曲，东山少爷演唱的粤语
"连军海，男，汉族，1967年3月出生，甘肃会宁人，出生地[MASK]，中共党员"中[MASK]位置的文本是：	甘肃会宁，省委党校研究生学历，1988年7月参加工作
"《潜腾》是起点[MASK]猪耳"中[MASK]位置的文本是：	中文网连载的军事小说，作者是
"《C++[MASK]》是2003年1月1日人民邮电出版社出版的图书，作者是马锐"中[MASK]位置的文本是：	语言程序设计习题集
"陈蔚珠，女，汉族，[MASK]出生"中[MASK]位置的文本是：	1972年10月23日
"《无知无觉》是歌手陈楚生发行与2013.6.10收录在《我[MASK]我不远》的一首歌"中[MASK]位置的文本是：	知道你离
"”（《一代名士张伯驹》，任凤霞著）这让张伯驹和潘素甚[MASK]怎么会有老朋友在这儿呢"中[MASK]位置的文本是：	是惊讶，听声音好像是熟悉之人，可是他们刚刚才来长春，人生地不熟，
"”歌神张学友与爱妻罗美薇结婚近二十年，育有两名[MASK]12岁的千金张瑶华及二女张瑶萱"中[MASK]位置的文本是：	分别17岁和
"徐威，男，1961年出生，56岁(2017年)，北京人，毕业于南京审计大学，曾留学海外，现在[MASK]工作，典型的钻石王老五"中[MASK]位置的文本是：	主要从事金融方面的
"江述凡，（1930年7月7日~2003年[MASK]）笔名愚公，别号树卢，河南开封人，生于北平，因抗日战争而成为流亡学生，故未受过正式的学校教育"中[MASK]位置的文本是：	12月23日
"《你快回来[MASK]内地男歌手孙楠演唱的歌曲，刘沁词曲"中[MASK]位置的文本是：	》是中国
"冯子洋，男，汉族，[MASK]出生于辽宁省朝阳市，本科学历，中共党员"中[MASK]位置的文本是：	1979年10月
"这首《[MASK]人马上又作曲，著名词作人梁芒作词"中[MASK]位置的文本是：	蝴蝶自在》，是由著名音乐
"对于大家之前的《微微一笑很倾城》里面的杨洋的先大神形象[MASK]也让人很期待"中[MASK]位置的文本是：	，这个泰国小生
"帕特农神庙也译为“巴特农神庙”，是雅典卫城最[MASK]"中[MASK]位置的文本是：	重要的主体建筑
"2005年春天，王微在上海租下一套三居室，给做技术的张晓运开[MASK]领500块，开始做土豆网"中[MASK]位置的文本是：	了4000元工资，其他人每月
"[MASK]要让刘邦下定决心废黜吕后之子刘盈的太子之位，改立自己的儿子刘如意为太子"中[MASK]位置的文本是：	戚夫人常对邦日夜涕泣，
"曹志敏，女，1971年7月生，河北滦县人，北京师范大学历史学院历史学博士，首都师范大学历史学院[MASK]师从龚书铎先生、魏光奇教授，现为天津师范大学历史文化学院副教授"中[MASK]位置的文本是：	历史学博士后，先后
"吴凤鸣（1869——1920 [MASK]，号竹君"中[MASK]位置的文本是：	）字歧山
"360[MASK]服务和产品提供商，并于2011年3月登陆美国纽交所"中[MASK]位置的文本是：	创建于2005年11月，逐步发展为中国最大的互联网安全
"但是就是这个高晓松却忘了他自己的同桌的你，在一次聚会上，来了好多同学，他基本都记起来了，唯独没有认出[MASK]著名的同桌的你（歌曲的女主角）被男主角给忘了，高晓松给的解释是：这个记忆不真实"中[MASK]位置的文本是：	那个同桌的你，这就难免有点尴尬了，这个最
"两年内陈思诚导演除了做连续剧《远大前程》以外，时间基本全花[MASK]上"中[MASK]位置的文本是：	在《唐探2》
"杨良慧，祖籍河北玉田，1942年出[MASK]，中国北方画派著名国画大师"中[MASK]位置的文本是：	生于山东济南
"唐培宏，男，汉族，1970年3月出生，中共党员，甘肃民勤人，[MASK]硕士"中[MASK]位置的文本是：	出生地甘肃民勤，大学学历，在职公共管理
"由梁胜权[MASK]彬彬、刘芮麟主演的电视剧《烈火如歌》于3月1号在优酷播出"中[MASK]位置的文本是：	、李伟基执导，周渝民、迪丽热巴、张
"今天（2月28日）是王子文的[MASK]一条生日祝福，配上了《欢乐颂》中的经典画面，“安迪公主抱曲妖精”"中[MASK]位置的文本是：	生日，好闺蜜刘涛深夜在微博发布了
"创作背景《wow》的制作班底堪称强大，金牌制作人[MASK]部分，词的部分由“金曲奖最佳作词人”李焯雄老师完成"中[MASK]位置的文本是：	朱敬然老师亲自操刀制作和旋律
"《洪门大佬》是2002年中国[MASK]，作者是祝广义 潘毅"中[MASK]位置的文本是：	华侨出版社出版的图书
"[MASK]举行，刘贺就作玺书派使者拿着符节，用三副太牢祭祀其父昌邑哀王刘髆的陵园宗庙，自称为嗣子皇帝"中[MASK]位置的文本是：	列祖列宗的祭庙还没有
"陈继鹏，男，汉族，福建连江人，1958年4月[MASK]入党，福建省委党校大学学历"中[MASK]位置的文本是：	出生，1976年6月参加工作，1978年4月
"《重建斯文》[MASK]图书，作者是彭国翔"中[MASK]位置的文本是：	是2013年北京大学出版社出版的
"连云港[MASK]有限公司于2014年12月26日在连云港市工商行政管理局登记成立"中[MASK]位置的文本是：	民生汽车贸易
"中文名：[MASK]传媒导 演：梁胜权、李伟基编 剧：墨宝非宝主 演：周渝民，迪丽热巴，张彬彬，刘芮麟集 数：52集类 型：古装，言情在线播放平台：优酷剧情简介上古时代，暗河宫危害天下苍生"中[MASK]位置的文本是：	烈火如歌出品公司：嘉行传媒、SMG尚世影业、完美世界影视、曼荼罗影视
"拉沙德·沃恩（Rashad Vaughn），1996年8月16日出生于美国明尼苏达州明尼阿波利斯（Minneapolis, MN），美国职业[MASK]于NBA密尔沃基雄鹿队"中[MASK]位置的文本是：	篮球运动员，司职得分后卫，效力
"《陪着我的时候想着她》是中国台湾流行音乐女歌手演唱的一首歌曲，由黄婷作词，鸦片丹谱曲[MASK] 中，亦是该专辑的首波同名主打"中[MASK]位置的文本是：	，收录在郭静2011发行的第五张个人专辑《陪着我的时候想着她》
"1东海航空[MASK]杨建红2"中[MASK]位置的文本是：	董事长黄楚标，代理总裁
"《如果时间有回音》沈依莎[MASK]金勍范作曲，是电视剧《爱情回来了》的插曲"中[MASK]位置的文本是：	演唱的一首歌曲，由张畅作词，
"《可惜阴晴圆缺》是曾一鸣演唱的一首歌曲，由王未[MASK]在曾一鸣2014年的原创专辑《神通》中1"中[MASK]位置的文本是：	作词、曾一鸣作曲，收录
"《猎鹰1949》是北京爱克赛文影视文化制作有限公司[MASK]的解放战争类电视剧"中[MASK]位置的文本是：	和东阳青雨影视文化有限公司联合出品
"吴诚，男，火箭军总医院药学部副主任药师，[MASK]毕业于军事医学科学院"中[MASK]位置的文本是：	医学博士（药剂学专业）
"众所周知，成龙在2016年刚获得奥斯卡金像奖终身成就奖，而星爷的《西游伏妖篇[MASK]上映"中[MASK]位置的文本是：	》和成龙的《功夫瑜伽》又都是在正月初一同一天
"2006年，黄渤凭借宁浩执导的电影《[MASK]》而成名"中[MASK]位置的文本是：	疯狂的石头
"《勉强[MASK]的歌曲，收录在专辑《燃点》，2012"中[MASK]位置的文本是：	》是胡夏演唱
"《王爷，若不爱，请放手》是在17k小说网[MASK]历史小说，作者是樱落菲雪"中[MASK]位置的文本是：	连载的架空
"邹诗机，男，汉族，1973年4月生，贵州省普安县人，中央党校大学文化[MASK]参加工作，1996年7月加入中国共产党"中[MASK]位置的文本是：	，1992年8月
"《[MASK]》是在17k小说网连载的都市生活小说，作者是大街上骑马"中[MASK]位置的文本是：	暴力医师
"《无赖神尊》是[MASK]于云中书城的网络小说，作者是雪落竹子林"中[MASK]位置的文本是：	连载
"《雾中花》是电视剧《寻龙剑侠赖[MASK]作词作曲并演唱"中[MASK]位置的文本是：	布衣》主题曲，1由香港歌手黄凯芹
"昆明[MASK]年7月20日在昆明市工商行政管理局登记成立"中[MASK]位置的文本是：	浩帆商贸股份有限公司于2010
"黑牛食品[MASK]16在苏州市吴江区市场监督管理局登记成立"中[MASK]位置的文本是：	（苏州）有限公司于2011-06-
"洪文瀚，男，汉族，[MASK]月2日出生于新加坡"中[MASK]位置的文本是：	1983年11
"阿尔·穆罕默德，卡塔尔著名棋手，拥有卡塔尔[MASK]诸宸的丈夫，而这对国际象棋夫妇的中国情缘，也将随着其加盟江苏棋队延续下去"中[MASK]位置的文本是：	皇室血统的他同时也是卡塔尔奥组委委员，是我国前著名美女棋手
"[MASK]都2号铁皮石斛，属微子目、兰科的一种植物"中[MASK]位置的文本是：	中科从
"今天的主人公是刘明祯18岁留学英国22岁硕士毕业于剑桥大学24岁博士毕业于牛津大学25[MASK]岁被任命为电子科技大学材料与能源学院副院长成为该学院最年轻的副院长刘明侦的故事广为人知我们不去探讨这位优秀青年人有无背景，因为在国际顶尖杂志以第一作者发表文章不是拼背景拼来的，依靠的是实实在在的实力"中[MASK]位置的文本是：	岁回国工作被电子科技大学聘为教授26岁入选国家第十二批青年千人计划28
"海南通用三洋药业有限公司的[MASK]㎡，建筑物占地面积8000㎡"中[MASK]位置的文本是：	生产基地位于海口市秀英永桂工业开发区内，占地面积47357
"众人先后来到浪人部落，乔飞[MASK]古城的秘密.《甜心巧克力》是日本导演筱原哲雄执导的跨国爱情电影，林志玲、池内博之、福地佑介主演"中[MASK]位置的文本是：	意外发现劫走地图人的真面目，同时他们也渐渐揭开了失落
"[MASK]流浪花（国语）－吕方"中[MASK]位置的文本是：	
"《企业特殊业务会计》是2001年[MASK]的图书，作者是高璐"中[MASK]位置的文本是：	中华工商联合出版社出版
"《想雪》是一首由冯正作词、德永英明作曲，Ricky[MASK]》中，由英皇娱乐于2002年07月12日发行"中[MASK]位置的文本是：	 Ho编曲，王杰演唱的粤语歌曲，收录在专辑《爱与梦
"《爱情爱情》是杨[MASK]董冬冬作曲"中[MASK]位置的文本是：	幂演唱的歌曲，陈曦填词，
"网络小说《西游神魔秘史传》起点中文网写手永远的牛头的第三部小说，讲述[MASK]在西游背景下的故事"中[MASK]位置的文本是：	了炎狐王，白殇王两只狐妖
"宋铁军，男，1970年5月出生[MASK]"中[MASK]位置的文本是：	，汉族，北京延庆人
"《末路》是符琼音演唱的[MASK]《不摇滚小姐》"中[MASK]位置的文本是：	一首流行歌曲，所属专辑
"而杨千嬅也想用一曲《真命天子》来宣告自己对感情的态度，只要找到了自己眼中[MASK]就再不蹉跎也不守候4"中[MASK]位置的文本是：	的真命天子，
"聂展云，男，汉族，1966年8月生，浙江安吉人，[MASK]，在职大学学历"中[MASK]位置的文本是：	1992年2月加入中国共产党，1985年8月参加工作
"晴天包大人包拯出生在北宋时期，出生时长的奇丑无比，爹娘看着都害怕，误认为是怪物，是不祥之兆，思量再三最后还是决定将他抛弃，傍晚时分将包拯裹起来放在[MASK]月时间，有一天包勉到此玩耍看见此景，急忙回家告诉了母亲， 母亲根据当时的情况分析认为此人绝非一般人物将来可成大器，所以决定把包拯抱回来自己抚养，按常理包拯应称她为嫂子，皆因将他抚养长大，古成为嫂娘"中[MASK]位置的文本是：	一个小沟沟边上，放了一些吃的，然后转身离开，希望其他人家抱养，然而不可思议的事情发生了，一日为师终身为父这时各种动物包括狼躺在哪里给他喂奶，燕子，老鹰为他展开翅膀遮风挡雨可是一大奇观，大概有半个
"乔冠华在北京医院溘然长逝，其骨灰盒仅在八宝山公墓里存放了[MASK]由其夫人章含之取回，安放在她的卧室里一年多"中[MASK]位置的文本是：	三天，便
"《少女怪谈》是吴仁天[MASK]恐怖片，于2014年7月2日在韩国上映12"中[MASK]位置的文本是：	执导，姜河那、金素恩主演的一部
"刘新华：男，汉族，1952年8月出生，司法厅[MASK]分管司法系统信息化建设工作"中[MASK]位置的文本是：	巡视员，协助李振国同志工作，
"奥斯卡影后要[MASK]导演和制作的故事片《骑士》获美国电影独立精神奖四项提名，并被授予表彰当年杰出女导演的邦妮奖"中[MASK]位置的文本是：	与中国女导演合作　　宋丹丹继女赵婷美国影坛崭露头角　　“我们的宝贝女儿赵婷编剧
"《飞上九天》是朋友[MASK]，发表于17K小说网"中[MASK]位置的文本是：	就像人民币有真有假创作的网络小说
"朱元璋（1328年—1398年6月24[MASK]，原名重八，后取名兴宗，濠州钟离人（今安徽凤阳），明朝开国皇帝"中[MASK]位置的文本是：	日），即明太祖（1368年—1398年在位），字国瑞
"那是我梦的摇篮歌手简介阿幼朵，又名雷阿幼朵，苗族人，1977年04月29日出生于贵州省[MASK]国家一级演员，中央民族歌舞团演员，第十一届全国人大代表，贵州省平安餐桌工程形象大使"中[MASK]位置的文本是：	黄平县，毕业于北京师范大学， 歌手，
"《中国当代文学作品选（上中下）》是2004[MASK]是邾瑢、邝邦洪"中[MASK]位置的文本是：	年人民文学出版社出版的图书，作者
"春节[MASK]警花何木棉，她俏皮可爱，语言犀利，头脑灵活，办案风风火火，俨然一个“小辣椒”，和贾景晖扮演的呆萌民警梁粤，加上警犬花少组成“棉花三人组”，在风琴岛上成功破获各种大案小案"中[MASK]位置的文本是：	前后安徽卫视《警犬来啦》，让杨蓉彻底改变了戏路，变身
"张清海，男，1943年12月生，河南浚县[MASK]"中[MASK]位置的文本是：	人
"联发科技成立[MASK]台湾证券交易所公开上市"中[MASK]位置的文本是：	于1997 年，已在
"贞节先生汉朝陈留郡外黄县的范丹，字史云，[MASK]送文书"中[MASK]位置的文本是：	年轻时曾当过尉从佐使，给督邮送
"陈宏瑞，男，甘肃通渭人，兰州普瑞眼科医院医生，主治医师，高级验光师，国家二级验光师，多年从事医学验光[MASK]见解1"中[MASK]位置的文本是：	配镜工作，积累了丰富的临床经验，对儿童斜弱视的诊断及青少年视力康复治疗有独特的
"是环球影业[MASK]》系列电影的第一部"中[MASK]位置的文本是：	发行的《速度与激情
"《灵异系统》[MASK]，发表于17K小说网"中[MASK]位置的文本是：	是少蟀创作的网络小说
"作品信息《恶毒老人同盟》，由香港电视所制作的电视剧，由姜大卫、郭锋、元华、[MASK]、林熹瞳、李嘉、冼灏英领衔主演"中[MASK]位置的文本是：	白彪、梁宝琪、李枫、李忠希
"1993年，李国庆联合北京大学、社科院、农业部[MASK]任总经理、总裁"中[MASK]位置的文本是：	等单位创办了“北京科文经贸总公司”，
"《网王迷迭》是晋江[MASK]小说，作者是枫卷婵云"中[MASK]位置的文本是：	文学城连载的
"曼泰毕那可鳄是已灭绝鳄形超目的一种，化石被发现于美国犹他州的北角[MASK] Horn Formation）地层"中[MASK]位置的文本是：	组（North
"《隐姓埋名》是2002年[MASK]、张晓春执导，柳云龙、张凯丽、何冰等主演"中[MASK]位置的文本是：	出品的电视剧，由杨亚洲
"《我的娜塔莎》是由山东[MASK]近代革命军人为题材的电视连续剧"中[MASK]位置的文本是：	电视台和大连天歌传媒公司于2010年联合出品的一部以
"齐桓公七个[MASK]，楚成王都封他们为上大夫"中[MASK]位置的文本是：	儿子都逃到楚国
"《新[MASK]谱曲，并演唱的一首歌曲，该歌曲收录于2011年7月19日大张伟发行的专辑《大张旗鼓》中"中[MASK]位置的文本是：	无言的结局》是大张伟填词、
"青岛道一氧吧设备有限公司成立于2010年，主要从事商用、家用、医用氧吧设备的研发、生产、销售，是为大型行政、商务办公场所、高端休闲场所、高档[MASK]企业"中[MASK]位置的文本是：	KTV、健身俱乐部、各类养生会所、私人休闲会所、高端家庭打造健康室内空气环境的专业化
"主要贡献数学王湘浩在美国普林斯顿大学[MASK]选择了代数学作为研究方向"中[MASK]位置的文本是：	攻读博士学位期间，
"《客家人》都晓执导电视剧，领衔主演：任天野、范逸臣、朱雨辰、周知、曾黎、主演：任青安、栾浚威、王晓东、[MASK]长虹、阎青妤、刘金山、孙大川友情客串"中[MASK]位置的文本是：	袁珉、韩帅、张尧、王国栋、牟晓斌、韩锐等，另有萨日娜、丛珊、曾江、石兆琪、李成儒、巩汉林、郑则仕、寇振海、杜旭东、李
"[MASK]年），姬姓，管氏，名夷吾，字仲，谥敬，春秋时期法家代表人物[1]  ，颍上人（今安徽颍上），周穆王的后代"中[MASK]位置的文本是：	”管仲（约公元前723年－公元前645
"《赤焰战场》改编自同名漫画，是[MASK]曼、玛丽·露易斯·帕克、海伦·米伦主演的动作片"中[MASK]位置的文本是：	由罗伯特·斯文克执导，布鲁斯·威利斯、约翰·马尔科维奇、摩根·弗里
"史称耶律隆绪为“辽朝盛主”，萧太后“[MASK]”"中[MASK]位置的文本是：	教训为多58
"《贵族四叶草的冷酷小姐们[MASK]依然如旧创作的网络小说，发表于17K小说网"中[MASK]位置的文本是：	》是
"广东国鸿资讯科技股份有限公司[MASK]日在广东省工商行政管理局登记成立"中[MASK]位置的文本是：	于1997年11月07
"《重生逍遥道》是在起点中文网上[MASK]是黑弦"中[MASK]位置的文本是：	连载的小说，作者
"2013张皓然全新单曲《蜜蜜宣言》，由知名作词人唐恬操刀作词，朱鸽[MASK]皓然量身打造专属于他的闺蜜宣言"中[MASK]位置的文本是：	作曲，为资深男闺蜜张
"（吴亦凡[MASK]，还是张翰的腿看起来更加的修长"中[MASK]位置的文本是：	187cm），不得不说，比起吴亦凡
"第三部《远大前程[MASK]，袁弘，郭采洁，赵立新，倪大红，刘奕君在剧作故事里，洪三元与沈达结拜为兄"中[MASK]位置的文本是：	》主演：陈思诚，佟丽娅
"《离婚女律师2》是一部久保田哲史、松山博昭执导，林宏司编剧[MASK]电视剧"中[MASK]位置的文本是：	，天海佑希、濑户朝香、玉山铁二主演的日本
"看北宋王安石变法，怎样依据不同地区的地理地势，施行不同的[MASK]"中[MASK]位置的文本是：	新政，还是历史地理
"2006[MASK]恬妞，主演催泪戏《谁怜天下慈母心》房子斌饰演石头8"中[MASK]位置的文本是：	年2月，搭档
"《我们无处安放的青春》：经历了青春 拥有过爱情的人 应该都会有所感触《武林外史[MASK]，由梦继、王永执导，黄海冰、王艳、张棪琰、朱宏嘉、卓凡、王建新、戴春荣、岳跃利等联袂主演的一部古装武侠电视剧"中[MASK]位置的文本是：	》是根据古龙原著同名小说改编
"《竞技参赛理论研究[MASK]是2010年人民体育出版社出版的图书，作者是田麦久"中[MASK]位置的文本是：	文集》
"《化学是你，化学是我》1是由北京大学校长、著名的[MASK]的歌曲"中[MASK]位置的文本是：	高分子化学家周其凤作词，由北京大学中乐学社演出
"《青春之门》是1975[MASK]上映的日本电影，由浦山桐郎执导，吉永小百合、田中健、仲代达矢主演"中[MASK]位置的文本是：	年2月15日
"作为电影《永生猎杀》的主题曲，陶辰宇演唱的《停在你的时间》完美[MASK]"中[MASK]位置的文本是：	诠释了剧中男主李凡“携手挚爱，一生足矣”的内心告白
"月光如春风拂面4歌曲鉴赏《假如爱有天意》的歌词由李健本人亲自撰写，一字一句都体现了[MASK]爱情细腻的理解"中[MASK]位置的文本是：	这位音乐诗人对于
"联想集团是1984年中科院计算所投资的多元化发展的大型企业集团，作为全球电脑市场[MASK]最有理由采用龙芯的CPU，如果联想电脑采用国产龙芯的CPU,那么龙芯最少可以占领国内PC市场一半以上的市场"中[MASK]位置的文本是：	的领跑企业，很多人一定以为联想集团所生产的电脑，一定会使用国产CPU，因为联想和龙芯都源自中国科学院，国家单位采购电脑又鼓励采购国产品牌，那么联想是
"[MASK]是经国家旅游局批准的综合性国际旅行社，公司业务主要包括：出境旅游业务、国内旅游业务、入境旅游业务等，其中出境旅游业务主要包括日本线、台湾线、港澳线、东南亚线、欧美澳非线等"中[MASK]位置的文本是：	浙江中山国际旅行社成立于1995年，
"《英文名篇鉴赏金库（戏剧[MASK]》是2005年天津人民出版社出版的图书，作者是刘昊，刘昊"中[MASK]位置的文本是：	卷）
"陆锦（1879年－1946年[MASK]，堂号锦光堂，直隶天津人，祖籍浙江绍兴，清末民初军阀"中[MASK]位置的文本是：	），字绣山（一作秀山）
"《七级公务员》是韩国MBC电视台于2013年01月23[MASK]是由金相侠导演，千成日编剧，崔江姬，周元，黄灿盛（2PM），金敏瑞主演的爱情喜剧"中[MASK]位置的文本是：	日首播1的水木剧，
"《如果爱忘了》是电视剧《爱情睡醒了》的片尾曲，由林天爱作曲，唐恬、李志清作词，戚薇演唱，歌曲mv[MASK]婚纱，感动唱出了一段“被丘比特遗忘的爱情故事”"中[MASK]位置的文本是：	由台湾著名导演陈映之掌镜，画面清新唯美，戚薇《如果爱忘了》，戚薇身披
"《垂帘听政》是杨梓文祺演唱的歌曲，由江彬作词，陈浩作曲，常征编曲，为[MASK]"中[MASK]位置的文本是：	电影《王朝的女人杨贵妃》插曲
"作者简介李家老店，起点中文网签约作者，作品有《天庭清洁工[MASK]神医》 《都市葫芦仙》等2目录第一章"中[MASK]位置的文本是：	》 《超级召唤空间》 《老爸养成计划》 《超级冒牌
"[MASK]魏斯，美国运动员"中[MASK]位置的文本是：	大卫·
"《莫迪洛漫画([MASK]2003年北京图书馆出版社出版的图书，作者是莫迪洛"中[MASK]位置的文本是：	5)》是
"宁志杰男，1932年出生于河北省吴桥县，1956年毕业于[MASK]现任中国人民解放军骨科中心主任、主任医师、第八十八医院外二科主任，兼泰山医学院骨科教授"中[MASK]位置的文本是：	天津军医大学预科学校，同年考入重庆第七军医大学军医系，
"嫁入豪门后，简直被霍启刚宠上天[MASK]就跟随左右，像个小跟班一样，连看向郭晶晶的眼神都是崇拜的味道"中[MASK]位置的文本是：	了，郭晶晶想要做什么霍启刚
"北京禄智科技发展有限公司坐落在中关村高科技园区核心区，二00三年二月成立，[MASK]服务于一体的高科技企业"中[MASK]位置的文本是：	注册资金：1508万元，是一家集科研、开发、生产、销售、
"[MASK]，张艺谋曾在选角时感叹清纯女演员难觅，彼时还是个学生的周冬雨凭借可爱长相和纯真气质脱颖而出，也演出了观众心中文静秀气的静秋，演出青春的羞涩模样"中[MASK]位置的文本是：	周冬雨用一部《山楂树之恋》吸引了观众的眼光
"当初那个在解放军艺术[MASK]饭局的缘分，最后嫁给了贾跃亭"中[MASK]位置的文本是：	学员学员读大二的甘薇因一场
"马岛旋木鹎，Phyllastrephus madagascariensis，脊索动物门、鸟纲、雀形目、鹎科鸟类，主要[MASK]"中[MASK]位置的文本是：	分布于印度洋
"基本信息治愈系女唱将魏雪漫倾心吟唱 新歌传递正能量  在这个满眼尽是浮华充满欲望的都市,在满耳都是歌颂爱情、青春[MASK]吟唱歌曲鲜而有之,而《时间里的花》正好为最初的自己而作"中[MASK]位置的文本是：	主题的华语乐坛,能够沉淀自己用心
"跳蛛，Salticidae，蜘蛛目的[MASK]"中[MASK]位置的文本是：	1科，通称跳蛛
