裤子收到，质量杠杠的，款式简单大方，穿出男人的气质，朋友见了也要给买一条，特满意	还不错，个头一般，没有称，不知道够不够重量	垃圾，水果，物流，快递员都不好	也没带耳机！带的硬件都没有！差差差！
不可因倦而鲜终。今儿性情有点暴躁真是感到倦了想一走了之 我知道过了今天一切又会好起来。 难道是因为今天吃了蒙牛冰淇淋的缘故 哎 我知错了 不该姑息养奸买蒙牛 不可乘喜而轻诺 不可因倦而鲜终 要缩小自己 勇于承担	"游泳池不错,其他很一般,房间设施差,房间太小,不过价格很便宜,属于一般选择."	老板乱发货，更换的直筒修身，小腿和大腿一样粗，无语?了，	全是烂的，外边看不出来，一削皮，里边全是一大片黄色坏掉的，难受，这次的水果太差了，本来还挺信赖烟台红富士的，失望，唉
系统比我想象的快，很不错，性价比高，老人用足够了。	快递速度没得说，平板看起来挺清楚 不错！还没有使用，使用后再追评	装xp系统不方便，不提供驱动。 网卡驱动装的不是很顺利，用电源时发现不了网卡，用电池才发现硬件，装的网卡驱动。 感觉很诡异。。。。	好气噢    一箱苹果烂掉好几个    不新鲜    618买的水果这么不靠谱吗    客服你说说怎么办
经过多方面对比，还是这个套餐性价比高，第一次用沙宣，希望不要太好了噢，哈哈哈哈哈哈	不错，大小合适，颜色也挺喜欢的	每年都在这住1-2次，房间日益陈旧，缺乏维护，地毯和浴室越来越脏猪肉涨价？早餐越来越差结账的时侯在前台等查房期间，听到其它同志付的房费都比我略低，看来携程的渠道在长沙不算好	刚打开就发现里面还有一张一月份拍的图像，生产日期确实2017.03，太**了
清扬 !冠军表现 无屑可击 !非常喜欢 洗洗人都自信了很多!还有赠品	目前没 使用。没发现有点，看 起来不 错 ，第 一次从本店买 东西，发货很 及时，没发现什么 质量问题，在买个 无线路由，用用在 谈感受	基本可以说上是完美	说送的也没送了，我买了两个都没送
颜色款式跟卖家描述的一样样的。面料做工都不错。	质量很好，材质手感不错。	不是很面，味道一般，不如以前好吃了	真心垃圾，都不如*的洗发水，懒得说了
宝宝现在可以吃辅食了，她很喜欢吃苹果，京东生鲜很方便，已经买了很多次啦，刚买回来就吃了两个	华为还可以，相信国产会越来越好，尺寸在大点就好了，感觉小点，	昨天晚上买 今天早上就降价?	容易粘指印，触摸板周围会发热，内存条是DDR2的，显卡是3400的，与京东所标的不符
昨晚下单，今天早上快递员冒大雨送过来。感动? 苹果没得说，没有打蜡。果子个头不大不小，刚好，超好吃！西北日照充足，水果很好吃！	京东自营商品品质好，有保障！京东自营商品物流速度依旧如此快速和准确！	好评，和图上的一模一样，料子也很好，，下次还来这里买	第一次在京东买东西，失败！！！为什么评分不能打无星。买的时候网页说有赠品，屏幕膜和内存卡，我急着要就马上下单付款，完了说我买的没赠品。我就问客服，华为客服要我联系京东客服，我联系了，客服说给我补发，过了好几天没见动静，我又去问，开始说没见有说补发，后来说看见了，又给同事留言说补发，最后收到赠品，就一张膜。好了，心塞，我看着赠品有那些东西还说不用另去买了，现在还是要自己去单买。搞噱头也不是这样搞法，把顾客当小孩哄。不然就算你产品再好，多搞几次这样的事还有谁愿意在这里买啊。我也是醉了！
宜宾这个城市给人感觉脏、乱、小，但是宜宾大酒店却给人相对豪华的享受，比起同城的另外两家4星酒店条件要好很多，不过还是有不足，例如电梯运行慢，停车不方便，进酒店的通道太隐蔽（没去过的不容易找到）。	之前买过好几次，最近不行了，总是有几个碰伤的，也没有以前的新鲜，以后不会再买了	*就*一公斤，而且比这个个头还大好多。无法给好评。以后再也不来京东买水果了。	买了两条，裤脚处一大一小，黑色明显一点，卡其色过得去，起码进脚不挤，黑色粘毛，本人网购从来不差评，就冲客服这样拐弯抹角的是说话，差评了。不是南极人，假标。
非常不错 值这个价格 棒棒的 老板推荐的尺码大小正好	它的体积小，超薄。它的短信容量大，有250条。对我这个短信使用频繁的人来说，真的很不错。铃声有40和弦，听起来比较炫。还可以上网，上网速度快。电池的容量比一般的要大得多，是1000mAh。我测试过它的待机时间到少有200小时。很好用。收音的音质不错，是立体感的。耳机的表现也很不错，是一对的，而不是单个的。它的性价比高，我只用了500多就买到了。	外观非常漂亮，虽然是T的，没觉得比P的CPU慢。散热觉得还是不错的。 配的遥控器很好玩，薄薄的，看电影时很方便操控。	前台服务极其恶劣 服务太差
LED屏，送货也快。差不多一天半就到货了，而且赶上这次送包和100元抵价卷，不错不错	宝贝收到了，物流很快哦，喜欢的小伙伴们可以购买了，下次还来，衣服质量也很好。	做工觉得略糙些，分量有些重，配置太高，有点担心以后的散热问题	恶心，都是蜡了，慢慢的一层蜡，京东也会整这样的产品，生气，又恶心
呵呵正想通知你们中粮的朋友呢！好奖品！事实证明，不只蒙牛需要我们的900ML天谷，天友乳业也积极跟进了哦，发哥威武 @天友圣提斯	买了3件，先试一试下次不错了，可以在次买，也不知道。脱毛不	"相对于这种酒店,房价应该算非常贵的,而且还有旁边的楼在施工.早上4点多钟就开始干活.吵的人睡不好,更可气的是Check in 的时候服务员不告诉你."	生鲜都不配送上楼不知道快递怎么的，苹果一般没有陕西的好
618活动买的，很不错，非常的实惠，希望京东多点促销活动	我刚拿到书，也没有仔细阅读，就是粗粗的翻了点，觉得还行。里面是蓝黑两种颜色的，有些单词的下面还会有历年考到的题目，可以让人加深印象，不错。有点不是很舒服，就是光盘是夹在书中间的，光盘外的那个纸做的封面，是固定在书中间的，不容易拆下来。如果只把光盘拿出来，封面留在那的话，对于我来说，书中间夹了个东西，我会觉得有点不顺手。整体的版面，看着还算舒服。	苹果整体还是不错滴 虽然没有想象中的大 但味道还不错~下次可以光顾 和香梨一起买的 味道也不错 但美中不足的是 有三个香梨从把儿那儿开始坏了~~另包装不错快递不错态度好	什么都不说了，以后尽量少往京东跑算了
穿着舒服。第二次购买这家的裤子了。以后继续。	"外观比较满意，显卡很好，总体性能还可以,冲着NBA版买的 不足： 散热时间长了不知道怎么样，还没有长时间用。附带光盘没有XP驱动，要自己下载比较麻烦 总结： 第一次在京东买笔记本，购物还是比较愉快的。如果送的联想运动背包也是NBA纪念版就完美了"	为什么要刷主板，导入代码证书才能装VISTA呢；USB口太少，而且插鼠标很不方便啊，用惯了倒也无所谓；电源插口很容易碰到啊，我就经常断电，55555555555	货到，大个火龙果裂开一个大口子已经有异味了，小个儿火龙果超级小。非常不满意再也不买了。
我为国外客户预订了三个房间，其中一个客人住过该酒店，虽然酒店设施都有不同层次的提高，但他提出服务水平已经不如一年以前，评定：硬件4星，服务3星	不是加厚款的，上当了。	物流差，本来第二天可以送达，物流把订单完成了，可商品却没到。	真心讲 不怎么样 拿到第一天就卡的要死 真的很卡很卡很卡！
给闺女玩宝宝巴士的，还不错	"酒店比较老,但是设备维护的还是不错.服务不错,比较细心周围,晚上回来开了夜床,感觉很好.楼下商场据说算济南最好的，感觉不错~~`下次还住这里"	好很好！好很好！好很好！好很好！好很好！好很好！	衣服宽大，面料差劲
两大两小，花199-100买的，还是挺划算的，不错不错，支持京东。质量用段时间再来评价！	这套书有天马行空的想象力、生动有趣的故事情节，以及很多知识点，是一套很棒的科普书。小一些的孩子适合与水、蜜蜂、太阳系、飓风等内容有关的分册，不但很喜欢听还能抢着回答问题。各种不同的岩石、奇妙的电、人体感觉器官等内容对小孩来说有点抽象、难以理解，是初中以上的课堂里才会接触的东西，故事也比较长，讲给我刚六岁的儿子听时，他已经没有耐心听到最后了，等他长大再看吧。	1、LG W800是全球首款基于AMR9 CPU并且支持UniJa和JTWT业务的双模式手机，采用了一机双卡双号的设计，可自由切换于CDMA和GSM两个网络之间。为了更加方便用户的实际使用，还特意设定了便捷式网络转换按键。2、26万色的TFT显示屏幕，拥有2.2英寸的宽大显示面积，整体显示效果有所提高，可以带给用户更加出色的视觉效果。3、内置30万像素CCD摄像头，其辅助拍摄功能较为强大，支持4倍数码变焦、3张连拍、5秒定时自拍功能以及趣味性像框拍摄功能。4、W800首次应用由LG独家研发的72和弦铃声，更加具有震撼力和专业品质。5、和其它两款同样采用双模式设计的手机相比，93×48×22.9mm的体积使W800显得更加轻薄、小巧，具有质感。	第2次入住该酒店。总体还是不错就是不能免费提供宽带上网服务。宽带上网价格高的离谱 50元1天。着不是可以承受的价格。总体还不错
很喜欢，衣服很漂亮！穿着蛮舒服！	像个睡裤一样，老公很不喜欢。压根就没穿	感觉非常一般。位置离机场不算远，但是交通不方便，周围也没有什么配套设施，好在酒店的接送机还算不错。在飞机的航道下，飞机飞过的声音很明显。晚上入住的时候，门锁不太好用，试了好几遍才打开，差点儿下去找人帮着开了。房间内非常冷，空调开始也不太好用，需要使劲按开关才打开，晚上没按开，在寒冷中度过一夜。被子也薄，充分感受了有人说的“愿用江浙沪包邮，换有暖气”。房间内的电源也很少，而且基本都被占用了，为了给是手机充电，都把机顶盒的电源给拔了，也许是藏的太好了，我没找到吧。晚上接机的司机态度不热情，和天气一样。	你妹的，同个时间下单同个仓库既然送3次，? 东真的没话说
秒杀价格实惠，潘婷用了用，头发挺光滑的。值得购买。	好好好好好好好！好好好好好好好！	作为个人经验在网上谈谈可以，但拿来出书就有点过了，书中还有些明显的谬误。不过文笔还不错，建议写写散文好了。	心得就是下次买东西不能光看评论
不错，特价买的很划算。喜欢这种泡泡多的洗发水	苹果不大，但比较新鲜，值得购买。	前台服务态度相差到爆	什么玩意，驴屎外面光，里面全是黑的，一次不如一次
内置的声音和视频文件播放效果很好，图像清晰，声音洪亮，总体来说满意。	这本书我是买来送给爸妈，听说很简单易学，所以给妈妈看，让他们了解一些基本的健身之道，这样我们在外面工作也会比较安心。妈妈正在学，听她说还不错。	收到了，包装仔细，日期新鲜，还没使用	小死了，根本都想象不到会有这幺小，感觉不值
速度还是很不错的，系统很习惯。买来给3岁儿子玩的，足足够了！	里面的东西很不错哦！两条大毛巾，一块方巾，还有一个沐浴球，划算。东西质量也不错，	快递速度快，穿着舒服，大方。买了好几件了	不好太差了我洗了头皮屑好多?
一直在用这个沙宣，这一款也好，挺不错的，以后也会一直支持京东，然后就是支持沙宣，其他的要说的是金条啥时候给啊京东在售后服务这一块做得还是相当不错的，但是，京东的理财，就差的不是一点两点了再说一遍，啥时候给我金条啊	送货及时，产品不错，好满意	给媳妇买的，没问效果咋样	交通方便，转机方便，价格贵，房间设施差，早餐更差，卫生不行！接送司机的车很破，啥都响！还不理人，他以为是天兵，头抬得很高！！！！！
做活动买的，比超市便宜，还在使用中，快递员辛苦了！	到底是国际品牌酒店，服务很好。美中不足的是店门太小，不够气派。	"这个宾馆服务很不怎么样? 当然,如果谈到房间内部肯定非常好,比HYYYAT,喜来登...,都要好.但是问题就在这个服务上(除了二楼意大利餐厅热情的迎宾女孩子),其他人不冷不热的,还有一进门的接待设置简直""自以为聪明"",以为在门口可以提前找预定,事实在笔记本上找非常浪费时间也不效率,我们就在门口站着等她找了3-5分钟,不得不到前台.....这个门口""笔记本""接待简直就是胡闹!酒吧很没有意思! 其实整个酒店的地理位置也不怎么样 .....最后我们一行人换到了金茂君悦住,感觉好多了,再也不住外滩WESTIN了."	烂了一半，还是别在网上买水果了吧
物流挺快的，很满意，宝贝质量不错，穿出来还挺有型的，很帅(*︶*)，赞赞赞，下次再来买	六一八购买的，挺不错的，女朋友喜欢	酒店位置离地铁口很近，周边的商业设施很多。但酒店房间里的设施有点陈旧，卫生间的天花板有水印，地毯上有油渍，墙角还有灰尘，需要改进。	跟地摊货没什么区别！洗完头发痒！头皮屑特别多！上次用潘婷的就没事！这个洗发水还不如杂牌子好用！贴牌吧！什么沙宣啊！
这本书指导父母如何帮助孩子摆脱负面情绪，是很薄的一本小书，但是句句经典、极其实用，强烈推荐。该书在07年再版过一次，作者加了一些新的内容，还专门给中国读者写了序言。我感觉每次读这本书都会有新的收获，因为孩子在长大，父母的内心也在不断成熟，书中的很多理念和方法需要在漫长的实践中不断去消化。如果您的孩子快2岁了，或者已经表现出“Terrible Two”的迹象，一定要赶紧学习一下这本书。	"楼不高,但是转弯太多,方向感不强的人有时会转不清方向.邻近峙山公园,风景不错,早起也可以爬山."	第一次京东买东西，看着评价还不错就买了，没想到屏幕不清晰不流畅反应还忒慢。买手机还得去实体店看好亲自试试	太差了，买到就后悔
潘婷一家都在用，用了好多次了，真的很不错	"离机场算是比较近的酒店,规模看上去不错,服务不错,酒店餐厅也不错,最赞的是大床房,很棒."	前台服务不错。中餐厅的服务差些，健身房早上8：30开放，比较晚。	怎么都两个多星期了 还没有收到 书。。。气愤。。。。
物流超快，下单第二天就到了！用来看电子书和视频很棒！电量也耐用，喜欢！！	"我们一家三口在岛上住了一天,总的感觉还不错.沙滩海水无得弹,很多珊湖石.在携程订观海木楼,山下几间房是看不到海的,一定要山上的才能观到海,有点遗憾.在岛上吃得还能接受,就是什么都要现金,另外晚上有很多小动物."	苹果包装太差劲了，打开包装已经有一个完全烂掉了，很多脏水!	手机基本没用，键盘空隙太大，最重要的是内存太太小了
小巧，适合女孩，像个小玩具一样，手感好	蒙牛就是没错，是专家和外籍人士没理解到位！	一直都在抵制与其抵制日货，不如抵制蒙牛。	本来在莫太住的好好的，结果在网上看到这个宾馆就换了，结果让我很后悔。宾馆缺乏服务意识，我进门的时候门童在门口靠着，也不会对客人说一句你好，宾馆里的服务员也很冷漠，让我有点不舒服，房间里有网线，不过我打电话拿网线给我一根很短的，还和我说让我将就用，而且网线还时断时续，打给服务员，他鼓捣鼓捣就有了，早上起来就又断了，于是我只住了一天就搬走了。房间来说应该还算干净，但是离商业区较远，楼下是广场所以比较吵。总之，因为服务问题，我不推荐这家店，真的不如去秋林附件的莫太呢
看我是有多支持家乡产业呀！从早上到现在已经是第二盒了！而且不偏不倚 喝完蒙牛喝伊利！ 这冰牛奶真是喝的我冰冰凉透心亮啊！	"电池续航时间长,比14?本本携带方便多了.性能应付日常应用没问题."	期间客服来了两次电话，包括晚上快11点还打来了一次，苦苦央求我把退货改成了换货。	看到1未接电话，回来家看看是不是快递，发现货物状态已改为完成！！！我没有收到东西呢？？？？也没人告诉我东西在哪？就完成了？
“这本书能让你戒烟”，确实是这样的，虽然我还没有看完这本书，虽然我现在还在抽烟，但我还是确信这一点。这本书我刚看一半，作者根据自身的抽烟经验及诊断案例对烟民的心里进行了深入分析，真正反映了烟民的内心世界，很生动，很真实，他告诉我们：吸烟其实并不能带给我们想要的，戒烟也并不是像我们想象的那样可怕，那样的难，给了我信心和勇气，希望广大烟民在这本书的感召下都能戒烟成功！！！！	暂时还没发现缺点哦！不过现在比较担心其他兄台说的hdmi 的输出问题。	衣服有一股很重的味道，老公都不要	这是我有生以来住过的最差的4星级酒店--真的绝对不夸张！我订的是个套房，可进到房间，一看，居然是60年代的装修，完全和图片上的不一样--这也太有欺骗性了吧！就这样的房间还要448（不含早餐），太不值得了。卫生间旧就不说了，还脏脏的感觉，浴缸都有种让我下不去脚的感觉，整个房间都有股霉味。问了前台，说其他楼层都装修过就套房这层没装修--那怎么还要较高的价格呢？！真不能理解携程怎么会给出那样的介绍那样的图片和那样的价格！
裤子还不错。穿上挺合适的。嗯，这个价格还不错。好评。	"键盘稍微的不是太人性化,货到手时感觉logo有划痕,本来还打算换呢,后来发现把表面的贴膜去掉是完好的,没划痕 ,稍稍有点重 2.4KG,如果上下班开车或者偶尔背着上下班的就无所谓了,自我感觉能接受."	前天拍的时候175 今天一到货 我一看就降价了 现在149 心里好不平衡 超级不爽。不过快递小哥态度很好 我没有空下去取 叫他送到家门口的 所以只给了配送员五颗星 其他的都不满意	掉色，线头，沾灰
套装还是蛮实惠的，每次换洗发水都在尝试不同的品牌，沙宣第一次尝试，同事都说不错，期待我的长头发可以适应。味道淡淡的清香，还不错，物流超乎想象的快，很好，赞?	平生见过最大的苹果！鸡蛋一样大！能有4斤多吗？你们可以再弄小点！鸟蛋这样更合适！	京东很失败的一次购物 刚买了平板马上就有赠品了 和上次购买U盘买了没几天就降价了 这是伤害了你的顾客 下次果断不再京东买了	不用华为应用市场下载的软件都安装不了，恶心真恶心，我花钱买的东西我还做不了主，
爱我中华，支持华为，质量很好。	出了点小插曲，不过已经解决了，下午下班后就拿到了，现在还在用，电池还不知道能用多久，等放完电再充再看看。到时再来评价。打游戏都还很流畅，听歌音质也不错。指纹反应也很快。	1.作为一款低端手机，功能较为丰富，实用2.电池续航能力较好，充电时间短3.娱乐功能较为突出	除了待机时间短，其他都不错
绝对好吃，而且价格划算，比去水果店的实惠	老公钦点的洗发水以前都在实体店买，这次京东618没啥好说的橱子柜子全装满	一般的书，在消磨时间的时候可以看看，不是非常实用。	物流员配送态度真的很差，朝客户发脾气，不给钱，不让验货，还说有坏的找客服！给完钱，才能拿货，还和客户抢货物，京东真的很霸气，连配送员都那么牛!想朝谁发脾气都行！哎.......投诉无门呀！
收到裤子了， 物流特别快， 比想象中的好 ，简单大方， 送给朋友的生日礼物 朋友说布料特别舒服 ，比实体店卖的还要好 ，以后还会再来关顾这家店的 ，真是实惠又好看！	还好吧！感觉用起来还不错	买了两次送过来都是漏的，京东包装能不能不要这么随便啊，盖子又没有拧好，随便一碰就弹上来了，所以才会漏了。因为急着用所以就懒得退换了←_←希望平时包装的时候坚持清楚填严实些吧，运输途中摇摇晃晃很容易弄烂咯！	又被京东忽悠了，利用我对京东购买程序不太熟悉，618买个高价手机。店大欺客，恶心！恶心！恶心！
"4000千以下的机器，估计就这一款性能最好了。 机器设计很实用，电子设备比较多，有很多指示灯，很方便。 装系统用GHOSTXP，开起IDE。 遗憾的是没开起SATA AHCI,正在研究中。。。"	酒店房间好，阳光明媚，卫生间大，可惜没享受。司机说，到拉萨第一天不要洗澡。房间空调足。好像早餐是送到房间的？酒店地点是偏的，但我到拉萨的第一天反正是睡觉，也无所谓了。而且有人接机，挺好。因为睡了一天，酒店的具体也没多看	苹果个子太小了，都没我拳头大，而且又贵又不是特别甜，还以为京东自营会好一点，好失望咯	垃圾死了，最讨厌潘婷，浪费钱这破玩意
好吃真心的好吃赞了，快递特快，继续关注，会回购的	不错我第二次买甘肃苹果了，很好很新鲜，很甜不酸直得购买。送货员给力今天下午下单，明天早上九点送到。	不错 不错 物超所值 一次愉快的购物	非常一般，只是位置比较方便。为了赶飞机凑合一下无所谓
东西很好，正品好味！    快递很快，购物体验佳，五?好评！    正宗的大品牌！    值得信赖！赞！    关键价格还实惠！??	终于可以打分了，打五星吧，实在太喜欢这本书了关于彭老这本书，个人认为怎么赞美都不为过。原因有三：1.语言通俗易懂、浅显易懂，容易阅读理解2.理论深入透彻，直指中医本质。3.内容系统完整，层次分明	不错，送货快，用起来也方便，支持	也就地理位置好了，酒店陈旧，个别前台客服态度很差，没有身份证有户口本非不让住，说上面没照片，然后又说港澳通行证可以，拿出来了又说上面没有身份证号码不行，真心晕死，还拿派出所压人说是派出所规定的，国家规定只要是出示有效证件就可以，户口本是办理所有证件的老母，你跟我说不能用！！投诉后，大半夜跟上来死盯着让去派出所办临时登记证不然不给住要赶出去，那前面怎么默认让进住呢？也是呵呵了……
红红火火恍恍惚惚 刚到的时候有点味道	"看不下去的书.给朋友们看,都不知好在哪里."	码数太大，退换麻烦到要死	刚刚买了第八天，就降了*元，玩我们呢？华为手机这么不保值 ！！
苹果经常在外面超市买来吃的，第一在京东买水果，苹果个子挺大的，没有坏点。支持	HP的电脑分区需要下一番功夫，弄了2个小时才搞定原来的系统装上了XP，新手朋友需要一个会电脑的帮忙解决	苹果吃起来很一般，果肉颜色较黄，卖相不好，包装里隔开苹果纸条味道很重，我老婆一刻也受不了，不建议再次购买…	京东越来越不让人相信了，客服服务态度好差，物流慢的像蜗牛，还差点弄丢了，以后在不相信京东
挺好的，很清晰，屏幕大看着很舒服。	果甜，水足，口感不错！下次有活动还会光顾！	此次是个完美的购物，老婆满喜欢的	"你还给父母买蒙牛？不孝啊 没错,现在还喝蒙牛的人不值得同情 还敢喝蒙牛？！是你自己的错"
做工精致，手感也不错 。质量不用说，手机就是P9plus.	热水器很好用啦，	"1.) 订了330的超豪华标房,房内有电脑,但每天上网收费50元.房内没有免费瓶装水.2.) 第一次给了一个没有风景的房间,推开窗看到底楼餐厅的玻璃屋顶,强烈要求换房.然后换到一间,结果窗外两个大水箱,不知道是否CTRIP上订的房间都是这样的.3.) 房间的空调有时会突然不制冷.4.) 阳朔很美,还会再去,但肯定会换酒店."	不甜，爸爸非常不满意！浪费钱了，不好吃
是因为我们城市的读书月推荐了这本书才关注的。书的质量非常好，很精美。当然优惠也很少。我先翻看了一下，发现我小时候就看过这本书改编的连环画，好像叫《巴学园》，当时没有特别喜欢，倒有点儿感觉作者在编造故事的感觉。但这本小说我女儿非常喜欢，每天都会认真阅读。还非把她认为有趣的段落讲给我听。值得购买。另外，这本书小孩看热闹，大人看门道。都会有收获。	设计非常人性化话，用着挺舒服的；送货特别快，一星期就到日喀则了！	还没有安装...	收到就有瑕疵 非常不满意 也没退 可以用
特别有型。正好这几天穿。不错不错，质量挺好的。是一次成功的网购啊！	我老婆偷偷自己买的吃的，我没有吃过～	有一个色点。在左下方，不是很明显。还有键盘上的右边Shift键设计不好。太长了。比回车键占的位置还大，经常容易当成回车键来按错。没有Express口。有点发热。声音有点小。	苦苦等了一个星期才送到，结果还是件烂的！里面那层没有缝上！！！愤怒！！！！！！！
速度很快，触感灵敏，外观大气有质感，是我喜欢的平板！	刚刚收到，打开看后质量很好。一次愉快的购物，下次需要再光顾。	酒店设施一般，但是前台和客服，行李生都很尽责，而且还给客人免费升级房间	东西应该不错，帮朋友买的！！
苹果吃着还行，物流很快，一直在京东买东西就是喜欢他的物流还有东西还ok，这个苹果不能说特别好吃但是也不赖，一分价格一分货，比上不足比下有余！	1.房间老旧，卫生间淋浴喷头是那种固定在墙上的，很不方便，喷头老化，水乱喷，不能碰，碰了会掉下来；2.前台直接办理的入住488元。住了一晚才发现电梯里贴着扫码官网预订便宜，但扫码后就是无法注册，问酒店，酒店说官网还在调试，活动还没开始！只能继续488！没开始为什么贴在电梯里？后来自己翻了携程，居然价格比前台便宜49元一晚，赶紧携程订了。但酒店坚持前一晚的只能按原价。3.前台办理入住和退房效率极低，态度冷漠; 4.自助早餐的青菜，估计没洗干净，吃了碜牙。	不好用，感觉像是假的，差评	差到不能再差了。。。洗了一次就不能穿了，而且码太小了。一星都不想给。。
东西很好！快递师傅很给你！晚上还送货	"服务态度好，物流及时,东西很好 感觉不错"	第二次买了 垃圾快递 我都怀疑他是走着送来的？	掉色太严重！一颗星都不想给！
买了就降价，不过给我保价了很划算，而且很好，我喜欢	酒店位置优越，房间设施还可以，不太新。我入住的是一个拐角的房间，有点怪味。有旋转餐厅，算是一家比较不错的三星级酒店。	"还好了,房间的窗户是不能打开的,电梯要刷卡才能上楼,保安性不错.这个酒店我住过很多次了,可以肯定的是挂二星的牌,并不是携程网所显示的三星级酒店."	指纹识别不管用，耳机听不清，触屏敏感，这一星我给快递吧。
裤子很合适，质量也很好，钱没白花，这个价格值了，这是物有所值。	气味芳香，洗完头柔顺，去屑止痒，	酒店设施太老旧，而且还有蚊子晚上就是离浦东机场近点，但是还是没有大众空港，华美，锦江之星这些近，相对老说各方面最好的还是维也纳南祝酒店最好，之前在那里住了2天，机场和迪士尼乐园都是免费接送，最重要的是干净卫生，附近买东西方便还便宜，这个酒店附近什么都没有	前台办理入住的服务员态度很差，一点礼貌都没有，酒店OK，差评给的是帮办理入住的男服务员
裤子版型和质量都非常好，码数也很正，厚薄适中，和图片比起来没有色差，物超所值。物流也很快，卖家态度很好。	孩子吃的时候，说又脆又甜，听着是不错。。。	之前买过了，M码，冬天打底的。我180，体重67，打的M码刚好，夏天穿就应该长一点，L码。如果是夏天穿的，建议L码。	以前不用报销的都有收据清单，这次要报销什么都没有，客服客服找不到，烦
一直都在用沙宣，挺好用的，还会再次购买。物流也挺快的，一直信赖京东。	家里的洗发水没有了，正好赶上活动。选了这款洗发水。比超市里便宜一点。京东买东西不用担心质量问题。所以果断下单。宝贝收到之后。晚上洗澡的时候用了。和之前使用过的这款差不多。夏天洗洗头还是蛮清爽的。所以说，一次愉快的购物。	不明白为什么机器有哒哒哒的杂音，并且杂音很大，好像没有别的用户和我一样，我今天去三星售后问下，是不是质量问题！	到货穿了一次就去洗。。。。谁知道掉色掉的太离谱了，一桶的水都是黑的，很不满意的一次购物，差劲
1、融合了时尚滑盖元素，键盘采用侧开方式，同时屏幕显示内容还可以自动调整方向，非常时尚2、采用“微软”最新版本WindowsMobile5.0操作系统，配备128MBROM和64MBRAM，立体声扬声器，USB2.0、蓝牙。。。功能强大3、触摸屏为65536色的TFT显示屏，2.8英寸可视面积，分辨率为标准的240×320像素，显示效果清晰，色彩鲜艳4、130万像素的CMOS摄像头，4倍数码变焦，7种拍摄模式，带补光灯，拍摄效果不错5、联系人功能太强了，电话本的存储条数无上限，每个名片下可存储将近30项内容	包装可以，等吃。。。。。。。。。。。。	苹果色相一般啊，个头儿小，还没吃不知道口味。	假的，天天头皮xue
好，带点酸带点甜，水分大品质优，d哥棒五个星配good	"因为急切所以在网上多处搜索了最后的终结篇结局,其实结局已经了然,不过因为读他的过程比较特别,所以,当读第一本时就决定了,四本自己必须都要拥有,而且这套的确很值,我的同事们几乎每人都是轮流读了一遍,最后这本到手时,我都没能读完就借同事读了.看了中间的一部分,还是以往的那种感动,字里行间的细细的情感,虽然不是前几部那样轰烈,可是,依然我爱.也想亲眼读完这个美丽而悲伤的故事的结局.所以."	一般一般一般一般一般一般	换货，返货该商家都签收三四天了，还不处理，每次问客服都说还没入库，一直推脱。一听说要投诉，立马就处理，当天就发出。该客服真是很有眼力见。不把客户的诉求当回事，这样的店铺，迟早要败在这样的客服手里。
"入住时间20080503-20080508，房型：豪华家庭房+豪华商务房，整体的感觉很不错，饭店位置极佳，在解百隔壁，很好找，离马可波罗的航站巴士也很近，走到西湖也很快，房间内整体说来算不错，豪华商务房内每天还加送６瓶饮料，蛮不错的，商务中心代订印象西湖，和协助确认机位的服务很优宾馆反馈 2008年5月27日 ： 尊敬的宾客,感谢您对酒店各方面的肯定.今后我们将继续努力为每一位入住的宾客提供优良的服务,我们热忱地期待着您的再次光临!"	牛仔裤材料很柔手，又有弹性，没有新衣服买回来的大味道	洗了头痒，不知道是不是正品	送的货很烂，三个火龙果没一个好的！真想退货！全是假评价！
"上个礼拜刚去过...环境还是不错的.饭菜也很可口,价格略贵.房间不错,很古朴,很安静,在那休息是很不错的.唯一的缺点是房间的隔音设施太差,如果同一幢楼里面有几个不同的客人,在碰上不注意的...太恐怖来"	赶飞机适合。其他的就算了吧。过渡一下可以的。	清杨冼发水第一买，用过才能评价，听说不错，味道好香，全家适用，还送小支装，但是下单会坑人明明宣传有电吹风，但却说要自己勾选才送，真坑人。真心坑啊……一一一	只想说商家可不可以认真一点
不错，京东一如既往的好，物有所值，赞赞赞赞	非常值得信赖看电视清透无暇大家可以去买	送货很快	唯一的优点就是位置方便。设施比较陈旧。
礼盒很强大啊，沙宣的品质没得说，还赠有五瓶小号的旅行用，赞！	在网上偶尔看到别人的推荐，于是买一本看看，求的是轻松。那天正好坐飞机去北京，在飞机上我不停喷笑，努力克制，好歹也要装出“杜拉拉”型的职场白骨精形象。等下飞机的时候，刚好看完，却开始心里泛堵。总觉得像咬了口大红薯，虽然味美，但是卡在食道下不去，憋得慌。坐出租去酒店的时候，看到初春的北京还是处处冷涩，突然有种顿悟的感觉，北京的青春和南方的如此不同，彪悍之余还带着一点忧伤。	千万别住，酒店没有窗户，蚊子满家飞，被子是湿的，根本没法住的。	味道像萝卜，一点都不甜。为什么京东会进这种货，会销售这种货？请有关部门查一查，别让我们消费者寒心。
用着挺好，泡沫丰富，宝贝说香香哒，大人用大瓶，小孩用小瓶	这个头的苹果怎么不像75mm还有点蔫吧	这个洗发水是次品的 不可以买 洗完后一天掉二三十根头发 有头皮屑 还糊糊的 很痒	给零颗星，不新鲜，有一个腐烂了，差。
价格很便宜，很薄，屏幕很清晰	"很漂亮,外观,性价比感觉 还不错.功能简单,适合出差 外出携带.蓝呀摄象头都有了,满足基本需求.对于不是高要求的你来说,很值得购买.满足一般上网需求."	苹果个头不大，礼盒包装也不大，看着品质还算不错，送人的没有吃	裤子质量不错，穿身上刚好合身，一次满意的购物
不错 好吃 包装很给力 京东生鲜可以货到开箱验货 京东小哥服务态度特别好	很甜，京东冷链很不错，觉得比潘苹果好吃	搞活动时买的，衣服手感好，夏天穿会凉爽舒服。	我喝的是蒙牛高钙奶啊，呜呜呜呜呜
外观不错 很漂亮  内存DDR3 很好  配置很全  价格便宜  自己配了根三星DDR3 1066的	活动价买的划算，囤货中，以前用过，比较好用！	太丑了和图片完全不一样，第一眼怎么看都是工作服。笑死人了，	这次购买非常的不满意，颜色和款式和图片上差别太大了，差评
刚到手，也许这次还不错吧，感觉虽然还没有用，相信京东吧，反正是正品好了。快递也很快，第一天买的第二天就到，爽呆呆。	有病吧，继续买伊利！ ……说明蒙牛比卖切糕的都黑么？ 脑子装满了切糕 蒙牛的公关脑子有坑啊！	没人签收，就完事了，连个电话都没有	我11月6号下的订单，今天还没到！  当当上显示是已完成交易！  请问是怎么回事！ 订单号：1421846721我11月6号下的订单，今天还没到！  当当上显示是已完成交易！  请问是怎么回事！ 订单号：1421846721我11月6号下的订单，今天还没到！  当当上显示是已完成交易！  请问是怎么回事！ 订单号：1421846721
吃了一个很甜很甜，好吃下次在来买。	酒店是商住两用的。环境不好。服务也不好	送的很快，但是手机很垃圾 华为按键在里面，动不动按键就弹不出来了 你除了重启还能怎样？ 还有就是卡的一逼	"爱死机了,修了一次又一次,越修越烂,最后连图象功能都没有了,更别说什么彩信了,屏保都是一片空白.照相保存不了.什么烂玩意儿啊,伤了我的感情.本来是挺喜欢这款机子才买的."
一直关注店铺，因为产品质量真的很不错，连续购买好几次，买牛仔裤大家要看过来，真心觉得不错，才给大家推荐的哦	系统很人性化。	据说是当地最好的酒店了，挂三。我们住的豪标。优点：酒店环境尚可，房间大。缺点：离景区有25分钟左右路程，位置不佳，尤其想要在古镇看夜景的话不建议住这里。	谁买谁上当，一点不好吃，还小。被骗了。MGB一下买了5份。真垃圾
头发洗着一点都不柔顺。	"物流速度太慢了,物流速度太慢了,物流速度太慢了,物流速度太慢了,物流速度太慢了,物流速度太慢了,物流速度太慢了,物流速度太慢了,物流速度太慢了,物流速度太慢了,物流速度太慢了,物流速度太慢了,物流速度太慢了,物流速度太慢了,物流速度太慢了,物流速度太慢了,物流速度太慢了,物流速度太慢了,物流速度太慢了,物流速度太慢了,物流速度太慢了,"	洗完半个月都没有头皮开始发红发痒 然后很多头皮屑 不知道是什么原因 之前没听过这个牌子 好差啊	个头跟网球一样，甚至更小，超失败的购物，不建议购买
外观不错，和网上的图片不同，但是很满意。屏幕很舒服。改XP也很容易。	沙宣这牌子挺好用的，这是第二次购买了，支持沙宣	昨晚下单的，为了凑单，选了这家?，***，第二天中午就拿到了，打开看了一下，个头差不多，看着也不错，吃起来也蛮脆的，水分也足	好几个人用过都开始起头皮屑 假的 跟之前店里和超市买的都不一样 而且洗完头发又硬又涩 还痒痒
大床房很舒服的。呵呵。不错。不错。在广东算干净的酒店了。服务员也很好态度。感觉很好，只是没有早餐吃，很不爽。	前台服务人员态度没有很好	"发热量惊人，风扇很吵 部分软件不能更新，有些是试用的 C盘有近200G，就不能再分2个盘么？ 最让人郁闷的是送完货今天就变成送IPOD 1G了， 虽然不喜欢SHUFFLE,但是有得送总好过没得送"	触摸屏太差，做工不精致，时常死机，无网络信号后无法自动搜寻网络，不能双模同时待机，充其量是个双卡机
出差入住，价格比较优惠，酒店位置很好，比较干净，就是周边吃饭有点贵，四个人吃了三百元，还没吃饱。来去机场很方便，每半个小时一班，一直到很晚都有，具体到几点记不清，要看酒店介绍了。以后公司人员到浦东，都给安排到这家酒店，	各方面都好，拿到手了就爱不适手，是好货就是好货，不只是支持国货。	送货速度非常快，快递员态度也很好，今天试用了一次，感觉还可以吧，之前一直用的沙宣的，换换看效果咋样。	我一直认为不应该强调小朋友去刻意认识自己的不良情绪，而且家里关于孩子心理方面的书已经很多了。不过还是买了这套书给小木头，他并不关注书里关于调节情绪的部分，他只关注为什么这个小朋友哭了呢？他为什么害怕滑滑梯呢？可能他三岁之后会理解一些吧。我认为这本书中讲的调节的办法还是少了一些，也写得比较大概。不过很喜欢书里的图片，除了小兔子那本，好象是叫我好生气的那本吧。画得比较差一些。
环球城大酒店整体来说还是比较满意哦！房间比较宽敞，有阳台，站在阳台吹吹风很舒服。价钱稍稍贵了些，早餐一般吧！我们住了二天，还好第二天早餐喜欢吃的鸡翼吃哈哈！打扫房间服务员态度挺好的，值得表扬。可是住在亚龙湾去海边很方便，可是去市区吃饭就稍远了些。补充点评 2007年11月12日 ： 入住酒店的人也不算太多，健身房是免费的，我们也去玩了一下哈哈！	房间设施，布置都别致，很有特色，一进屋就不想出来啦，不过就像网友说的因为是木楼隔音很差，楼上一动，楼下就听上去很大声，好在我们是两对小夫妻一起去的，就住同一栋了，玩基本都在楼上，要睡了一对再下去睡，因为楼上风景比较好。而且我观察过了，确实是网友讲的8628位置最好，不过我们入住那天8628已经被人入住了，我们住8633、8634就差很多，只有二楼能看到海，但小木楼的环境真的很好啊，我们那栋门口就是个泳池，环境超美，下次有机会要多住一晚（这次只住了一晚，没欣赏够啊）补充点评 2008年3月1日 ： 我们碰的服务员都很亲切，入住退房都速度很快，一上岛就有个服务员问我们是不是住岛，很热心的帮我们把行李提上电瓶车然后送到房门口，下岛时也是免费的电瓶车送到码头，一路上很热心的帮我们讲解。	不知道这次买的是不是真是假反正洗了头很痒??????????	房间条件一般，床也不舒服，还特意预定的豪华大床，感觉太失望，而且每过几分钟就听见飞机起飞降落，根本睡不好，强烈不推荐
物流速度非常快，店主服务态度也很好，裤子外观很好看，穿起来更加舒服，下次一定再来购买。	东西很不错，一直信任京东。精挑细选的好货。这款是我精心挑选的，还不错！哈哈哈	"这次是为国外来的同事定的,因为同事指定要王府井附近的宾馆,所以在携程上找了好多家相比较距离后才选了这家.以前没有去那边看过,预定后有些担心.可是同事入住后说,服务员态度很好,房间对照价格来说算是相匹配了,虽然在装修期间,但味道不是那么重.但是房间里的地毯上还是有一点烟味的,喷一些空气清新剂再开一天窗就好了.总的来说要逛王?"	太差了，发货发错了，质量也差
在天津星尔特大酒店丢失白金项链一条，未能找回。客人洗澡时摘下，放在床头柜上，走时忘记拿，结果丢失。	洗了有点油，容易有头屑，不推荐。	质量不行 工人穿的 不建议购买 电焊工人的衣服	酒店真的很差劲，设施都很老很烂，床单什么都是潮潮的，空调声音巨大，因为航班取消，没有办法，机场周边酒店都满了，就剩这家了，380的房间，真的是没有办法才住……
赶上活动，送内存，送移动硬盘，送皮包，真是非常划算！超值本本，使用正版的Vista系统，经过配置，速度还不错！京东的送货速度真是快！上午订货，下午就可以取！	小孩子看了发笑，大人看了也有所深思的一本书。书本拿到后，有一点失望。纸张太薄，背面的字和图画会影响正面的阅读。另外，图画不及〈小淘气包尼古拉〉。每个倒霉故事前面的图画是一样的。而小淘气包里每个故事都有不同的生动的漫画，内容也很有趣味。只有一点，就是这本书的字较大，小淘气包的字较小，小孩子看起来会较辛苦，适合大人读给他听。	太大了，都不知道什么码数的。	东西都没见到 说啥 当然不怪该店
裤子质量很好，穿上很舒服，洗了之后不掉色。卖家很热情，推荐的尺码也刚好。物流速度也挺快的，很愉快的一次购物，会再次光临的！	尺码准确，穿着舒适，结实耐用，做工细致。店家发货及时，物流不错。五星好评	平板不错，买来给老妈看电视很方便	入住的是贵宾楼，房间面积还算大，感觉硬件和服务都还不错。缺点是隔音效果不是很好，住隔壁的同事说竟然能听到我打电话的声音，而且走廊上其他客人的声音也吵醒过我2次。
牛仔裤确实不错，跟描述一样，面料也不错，大赞，值得购买	在自提点检测了挺久，算是完美屏吧，各方面性能也不错，跑vista也没什么不好，所以没改装XP。 样子还是蛮好看的，网上自己搞定了分区。	荣耀平板电脑不错国产品牌就是好	包装很一般，好多压坏的，建议商家注重水果配送质量问题。
第二台了，感觉很满意，外观美观，大品牌值得信赖。	外观工整，触屏灵敏整体画面不错	最大的缺点就是电话薄里设置的对应照片，如果不小心删除了，那么拨出电话会出现死机现象，不知道这是什么毛病！	果有6个烂掉的，其他两个肉粉粉的。还不如普通的好吃。差评。坑！
很大一瓶，感觉划得来！就是去头屑效果不太好，可能我的头屑确实很难去，配合康王用，效果明显好多了！	机子还不错，没发现什么，就是4599特价时买下了。隔了1天现在便宜了100元，心里很不舒服，	酒店设备，环境都还可以，就是早餐不怎么样。而且晚上有不明电话。女士接起来以后说是要不要足底按摩。希望可以改进。	说好的赠品一个都没送，手机显示屏真的很模糊，这个价位不如买魅族或者小米，真的，像素甩畅享6几条街
收到后，包装完好。笔记本封条完好。 性价比很高，DVD驱动盘包含VISTA所有必备的驱动，方便。	"相对其他一线品牌价格低,配置也均衡,xp很容易装,跟普通装电脑没两量,给后来买的朋友一点建议吧,用深度的xp,按F2进入bois,设置光驱启动,这个懂吧/然后跟平时安装xp差不多,可能大家用ghost比较多,关于分区安装盘微软已经自带了,很方便,关键安装的光盘要带sata口的驱程,建议用深度6.2或者雨林,其他驱程网上很多,不行的话查ACER的tai wan网站,不懂的话PM我."	不好，太难闻了，假的	一个星都无才正对的，差差差！
功能全，使用方便，速度快	"盖是钢琴漆,容易收集指纹 ，散热马马虎虎了，适配器比较热，左手掌托有点热，其他没有什么"	原来一直挺信任京东的产品的，这次买手机没有给发票，有一种被骗的感觉。	什么玩意，颜色都不一样
国产品牌里很不错的一款平板，也是华为做的比较好的东西，尤其是音效，就像家庭影院一样，很大声，有环绕立体声的品质，其他的功能、速度、灵敏度都很好，指纹解锁超快，看片听歌什么的足够了，真不用花那么多钱非得买个苹果的，买的很满意！	酒店的服务人员服务周到，细致，给人一种宾至如归的感觉。	1VISTA系统真的很慢，而且很多东西用起来不习惯 2运行时硬盘一直有响声，好在声音不大 3对于14寸的本来说真的挺厚的，和我原来15寸的compaq比了下一样厚 4警告音很响 5硬盘只有一个分区	裤子不错，但是活动说的两条送皮带，皮带呢？
买3免1抢的，非常划算，质量还可以	很新鲜啊！脆脆的！很甜，唯一不足的就是有点小，比想象中的小好多！数量还可以，价格也还可以，好吃就行！第一次在京东买水果，以后再来！	您好，蒙牛正在变得安全更好，中粮和欧洲最大乳企爱氏晨曦已入主蒙牛，奶源和品控会进一步加强，希望能恢复您对国产奶和蒙牛的信心。	9个苹果只有4个甜的，五个是没啥甜味的。
房间很好，位置离地铁站很近。服务也很好。价钱公道。 大厅经理，副理 都很好。	使用一段时间评价，华为不错。	房间很大，有大窗户，而且靠近苏州河和外滩，到南京路也很近。主要住的很安静，不错。帮老板定的大床真的很大。就是地毯脏了点，早餐简单了，不值那个价钱，其他还好。下次来还会住的。补充点评 2008年6月24日 ： 北京东路似乎是买电线五金的，周围环境一般，自己有车去就好了。	有一个已经完全烂掉了，其余的还都OK吧。整体都不算很新鲜
尺寸好大，感觉和ipad mini差不多了，不过还是很好用的	衣服还挺好的，只是有一点轻微的掉色	内容越看越邪乎，不太可信。宣传得有些过头	连个软管也不送，尽送些没用的
裤子很不错，质量不错，穿着超级舒服，值得信赖。	外观比较时尚，适合年轻人使用，按键比较舒服，运行vista还行。	我三周前买的中兴c988，一直用得很好！最近老出问题，先是手机存了10几条概不到15条短信之后，如果再有人发信息给我的话，手机会自动拒绝，还会显示存储空间不足的信息，接着打电话接电话的时候，我可以听到对方的声音，但是对方却听不到我的，还有声音也是沙沙的，严重郁闷	我不想说，这是我买的最差劲的一次东西，有划痕，而且按键有问题，
以前给儿子读书，他总是听一会儿就跑了。《嘘！我们在睡觉》是他第一次完整听完的一个故事，看来这种语言风格还是比较适合孩子的。“妈妈，讲睡觉吧！”这几天一回家，儿子就缠着我讲。只要孩子喜欢，比什么都强啊！当然，我最看中的还是里面的知识点，不仅有趣，而且完整地融入到故事当中，为我给孩子传递别的内容也提供了一个很好的范例。	"我相信自己,不论怎么做自己才是真的认真过自己的生活在二十岁十如果不能精彩的去闯荡怎么能在三十岁 四十岁 再回到二十岁的心??在什么时期 做什么时期该做的事不去比较"	#送台iPad给爸妈# 感谢蒙牛给我营养让我快乐的成长；感谢蒙牛做我梦想的翅膀；感谢蒙牛替我对母亲尽一点孝心；感谢蒙牛让我体味母爱的味道；感谢蒙牛给我以及我最爱的母亲悉心关怀和无限呵护......蒙牛，你在、情在、母爱常在！	太差了！根本就是生的！涩、一点都不甜，也没有火龙果的味道！没吃过这么难吃的火龙果！本以为比外面卖的贵应该好吃！太失望了！如果在外面买，这种程度直接找他给我退！
对于哲学我一直保持敬畏的态度，曾经试图看过几本哲学书往往读了一点就半途而废，因为太深奥晦涩。都说哲学来源于生活，毕竟高于生活，也许我的生活经历有限，思考的深度也不够吧，总之哲学是个让我敬仰又头疼的词。这本书因为是插画形式，感觉应该会生动些，没想到虽然解释了萨特思想的背景和源泉，但理解起来还是蛮费劲，只能说是本不错的启蒙书，至于深刻的理解，还有很多书要看，很长的路要走啊。。。。	便宜 继续喝…… 象拒绝毒品一样拒绝蒙牛！ +1 不知道为什么还要买，我都告诉我爸别买了，他说无所谓~然后继续喝…… 为什么没人管的了蒙牛？	买回来的时候有臭汗味，洗了一遍，就松松垮垮了	太吵了 根本睡不着
感觉还行，只是连一张普通膜都么有，拿来都没用	哎，失望，这么大热天火龙果都不知道保鲜，都有点焉了，女友非常失望，你们又要失去买主咯……	太差了！就一个手机什么都没有！	"实在是差啊!!我当晚住的是双人房,三楼餐厅旁,一路的黑灯瞎火,还有一股味!!!"
可以啊，性价比可以的哈哈。。。。。。	第二次入住没有前一次感觉好送的水果不新鲜	"对新月阁只有失望两个字,我敢说那些评论都是他们自己写的,在丽江太多又便宜又好的客栈根本不用提前预定,新月阁的价钱可以住别的更好的客栈好几天了,他的房间又小东西都没地方放,建议大家去住万古楼那条路的客栈,又大景观又好又便宜,大家把钱留着去玩吧!"	差评差评，里面订货单都没有，就光装了一瓶洗发水。感觉路边捡到的似得。
太好用了！棒极了........	一口一个人生的孩子们的时候我们都是一个人的时候我们都是一个人在一起了。我	"不带光学变焦,不支持蓝牙"	预定时声明要无烟楼层，网站回复也确认是无烟楼层但没有大床房，就接受了双床房。但是下午五点多到达入住时竟然改成吸烟楼层大床房，明显是把我预定的房间给了别人！一再强调入住的是正处在妊娠反应期孕妇，需要无烟环境，贵宾楼那个脸从头到尾拉得很长的男前台无动于衷，敷衍了事地说了句无烟房间住的都是一个月前入住的老客户了。那携程给我的确认信是凭什么发出来的？更可气的是，下午5点多了，房间还没打扫完！让客人干等了大半小时！中餐厅的服务员们态度还不错，不过点的东西吃下去的不到五分之一，胃口不太好。
早就想看的书，今天终于如愿了。期待了这么久，总被时间遗忘。为微微加油，因微微伤心，被微微感动。看微微的大学生活，很是羡慕；想微微和阮阮的友情，很是嫉妒；其实我们也同样拥有。微微是幸运的，遇到了她认为的最爱陈孝正；微微也是幸福的，如愿嫁给了她一直期许的林静。跌宕起伏，很值得看的小说。上个月看了〈山月不知心底事〉，亦很好看，里面的向远，还跑到这里了呢，辛夷坞的作品很有连贯性哦。支持！	质量很一般，不值得购买，店家态度还可以	有点失望啊，给差评	超级 垃。 圾，六个，居然都是苦的，全丢掉了
每次都买种苹果宝宝大人都喜欢吃。囗感不错，速度也快	把自己的经历定义成这样子，真是需要些勇气的。	送货时出了点问题，说是当天下午送到了，结果问了说过不来了。本来那天是当生日礼物的，耽误了一天。	酒店很差，机场的车子间隔太大，而且信息错误，导致客人来不及吃早饭，而且订单中我们已经支付了2份早餐的费用。不会考虑再住了。 酒店很差，机场的车子间隔太大，而且信息错误，导致客人来不及吃早饭，而且订单中我们已经支付了2份早餐的费用。不会考虑再住了。
交通便利，酒店位于商业中心。前台服务好，房间整洁干净。下次还会入住。	今天下单，今天下午就到货了，还没有用不知道效果怎么样    …	1.LED上下可视角太小，左右可视角好好；2.自带的扬声器声音小，音质差；3.风扇的声音偏大；4.自带的Vista系统太垃圾了，没有一点意义；5.塑料感太强了，感觉比较低端	前台真的太差！以后绝对不会来了！非常的势利眼，先问多少钱的订单，你们要是觉得赚的少，别在携程上挂出来呀！然后房间里没有wifi，手机pad都显示连不上网络。而且竟然没有充电的地方。我真无语了，其他设施用品都正常，但在我心里真的是非常差的酒店。
昨天下单今天就到了！京东的速度很给力！很超值	环境很美，服务很好。但房间装修一般，入住时感觉房间很潮，酒店内吃饭的地方太少。	朋友同时在实体店买的，有带XP2的光盘，虽然用不上，而且装箱清单也是DOS的，真的奇怪？	第二次穿，裤子就起毛了，看来是买到假劣产品了
用下来感觉很棒，比我原来的ipad mini快多了	还没用不知道是真的还是假的	蒙牛，猛劲吹牛。	隔音效果差差差！完全听到隔壁啪啪啪！
"本来是买来学习教育孩子的,结果看完后总是不自觉的拿来比对身边的成人.因为文中的理论被现实应证了,感到中国的教育真的需要改进.当然是在现有的好的基础上吸收更多新鲜的元素.文章中的案例能帮助我正确理解这蒙式的教育理念,希望我能正确的运用,并坚持不懈的执行.但愿我的孩子的未来比我们的更光明.如果作者能写些爷爷奶奶级能接受的书就更好了,这样孩子的生活会更统一更完整.谢谢作者!!"	非常脆又甜口感很好！唯一差评是太小了！跟实图大小不一样( ˉ ? ˉ ?)??	耳机没有！钢化玻璃膜没有！性价比不高！照相不清楚！	最不满意一次够物，裤子上吊牌都没有而且掉色特别严重！洗了十多遍那水还是黑呜呜的，这样的质量还卖那么贵真让人失望?！
宝贝质量不错，款式时尚，做工精细，面料不错大小合适，号码很标准，老公穿在身上很合身，实物和图片描述的一样。很愉快的一次购物	相当牛的一台机子，性价比特别高，比其他同行等产品都要好得多，比较开心的一次购物，值得拥有！安卓的还能打电话，特给力	感觉被骗了、真的应了那句，便宜没好货！！！超级小个，在大型超市里根本都不可能上得了货架的，怀疑就是被超市挑剩的！	货物差，快递更差
键盘可以适应高速打字，比较出乎意料，可以聊天使用了，比原来的9寸的本确实好。电池的待机时间还可以，用win7，开无线，蓝牙鼠标，播放了2小时的高清电影，5.5小时。电源适配器很小巧，符合上网本的定位。	故事是精彩的，虽然在中期通过书名和故事情节能够揣摩到作者意图，但作者话说一半的写法成功地让结局出人意料。书籍以情节见长，但还是没有逃脱多个天才人物布局解局，又惺惺相惜的传统写法。从书籍的营养上讲则没有什么可称道之处。花3个半小时就能读完的原价28元且以后不会再碰的侦探书籍比比皆是。不过情节上的缜密和叙事方式上的拿捏仍然让该书在消遣功用的发挥上让人身心愉悦。总的说，还行。	太差了吧？小的跟鸡蛋一样。几次在京东买火龙果，都是极差。疯了，京东采购员怎么采购的。以后不会再啊买你家的火龙果了。气氛!	太差 服务很差 床太小咨询跟住完全不一样
"一直帮国外同事定的酒店,非常好的环境和房间"	耳机、USB在右手下方位置，影响操作鼠标；12寸宽屏字体相对小一些；没有光驱。	凭什么不让验货，凭什么不让验货，凭什么不让验货。还必须签收，说有什么问题让找售后。到底是京东明文这么规定还是快递不愿意让验货。	算了，不要买了，先不说个头小，就味道难吃的要死，还没有路边摊卖的好吃，硬，涩，根本就没有苹果的香味，自砸招牌。
已经给儿子念完两本了，书是好书，但是发现双语的非常不好的一个地方是，当孩子被故事激起兴趣时，他自己去看肯定会选择看中文，失去了用来提高英语阅读能力的意义了。	不知道是不是买错了，洗了后头发跟稻草差不多干，蓬松。	码偏小，不能穿	这个苹果是我吃过最难吃的！而且里面还有的坏的。各种残喽物附之表面。
送货很快，送货员态度很好，而且送货上门，还怕水果坏了，特意优先送到。	"抵制三鹿过后,开始抵制蒙牛抵制蒙牛;抵制蒙牛抵制蒙牛抵制蒙牛抵制蒙牛抵制蒙牛抵制蒙牛抵制蒙牛抵制蒙牛抵制蒙牛抵制蒙牛抵制蒙牛抵制蒙牛抵制蒙牛"	买的是32的裤子，觉得是30的因为穿上裤子后感觉好小好紧，还没洗就缩水了吗	电池时间短，无线网卡上不去，模板是10寸的，不是8.9的，没有想象中小。
外形很酷，再配上黑色很有个性，可以播MP3，可手写，发短信很方便，64和弦铃声很好听，功能也比较全面	千万别买，质量不好。	良好信誉的商家从小细节做起，抽奖抽到一半球热水壶上面居然写着 真货&rdquo;！！！！还有防伪电话，打过去之后 空号&rdquo;消费者都是傻子吗？？？？？？？？？？？？？？？热水器在 一号店&rdquo;卖599元。	太差，三个火龙果，小就不说了，一个烂了，一个里面不知道是啥东西！！
没有配鼠标，还好我有蓝牙的键盘鼠标，凑合着用。安静时可闻及硬盘寻道声，运行时间长稍微有点热。	还不错 一般般后退按钮设计不合理分给送快递的	买了三个，有一个是烂的，怎么回事。两个好的，说明不是运输问题，本身发货的就是烂的，京东自营的水果都有烂的，体验太差了，请问该怎么索赔！	不连WiFi还能用，一连WiFi就死机，给一星我都嫌多
好快的物流啊，昨晚下的单，今天早上就收到，感谢快速小哥。	陈信宏真是贴心呐，他给了迷妹男朋友一条生路，买不起奥迪ss演唱会门票送给女朋友，没关系那就买一瓶蒙牛酸酸乳讨女朋友欢心吧:)?	酒店比较旧，不符合四星标准，出行不是很方便。	讲真，我是个很能就和的人，当初看评论说清晰度低，我总感觉在我承受范围之内，收到货感到很失望，看多了高清屏，真的受不了这个。但是感觉退货好麻烦，就将就着用，现在超级后悔没有退货。华为这种长宽不和谐的平板设计用起来也不舒服。需要输入验证码时只显示一半的验证码图像，也是够够了。
宝贝收到，包装完好质量挺好得，是正品，没有异味? 东西也喜欢	"很满意很高兴的一次购买,上午收到的，特意穿了一下午再来评价的。尺码和标准的裤子一样的，看到实物比图片上的还好看，特别是穿上，效果很好，第一次买这个牌子的裤子，质量还是很可靠的，款式很潮！摸起来手感也很好，质量很好，对得起这价钱，买了不亏，挺划算的，大好评"	质量差 感觉火龙果不适合在线购买	住宿2晚给我留下的印象是一家很烂的酒店。 酒店是在科技大厦里改建的几个层面，没有接待大厅，来客登记只能仅仅在一条沙发上等候，走进客房活像进办公室上班。难以置信的是冲淋房和盥洗室被落地窗隔开，洗完澡到盥洗室取毛巾是非常狼狈的事情，因为窗外是高楼林立的窗户。冷冰冰的建筑物，冷冰冰的工作人员。问询去汽车站怎么走，回答“我没有去过，不知道怎么走”。责问马桶堵塞了为什么不疏通，回答“我是刚来的不知道怎么回事”。第三天离开酒店的时候，身上发现有好几个红点，我盖上了没有换过的螨虫被子了。请君不要停留，赶快绕道，576元一晚的酒店是坑人的酒店。难怪住进酒店必须预付100[%]房费方能拖住顾客，不至于中途溜走。
东西是给慰问同事用的，但是同事说没给开发票，报销还得再申请电子发票 挺麻烦的	我买了一套，是冲着作者买的。没什么内容和深度。	买了两瓶大的，两瓶小的，同一种。大瓶和小瓶洗出来效果就不一样，大瓶洗出来头发跟草一样，小瓶洗出来很顺滑。    能告诉我哪个是不真的么。	服务太差了，以后买他家东西真的需要考虑了，早上买的下午就降价，还一直不给退差价，让我退货，还说邮费自理，总而言之不会再买他家的东东，不管宝贝到手怎么样，这样的服务态度真的不敢恭维
京东就是一个字快，两个字，真品！值得信赖！	沙宣，以前在超市犹豫了好几次都没有买，又贵又少，这次看见京东有活动，就赶紧下手了，虽然从来没有用过这个牌子的，但是听他们说这个很好用，打开快递就能闻见香味，洗头膏好香啊，但是我还是感觉有点小，完全不够我这么长的头发用，不过对于短头发的来说就很实惠了，两瓶洗头膏一瓶护发素，外加三瓶洗头膏小样和两瓶护发素小样，东西很多很实惠，值得购买，还有就是我最想说的就是快递很给力	货是好货，可惜没有赠品，皮套钢化膜都要另外买	裤脚太大，一点都不修身。穿起来好宽松。腰围合适。
帮朋友买的，很不错，狠划算	用了几天才评价，华为真心不错	裤子收到了 质量很棒很棒 我在某某家看的裤子比这条贵 但手感没这个好	质量确实很好，很划算实惠，做工很好.3天才收到衣服.对快递很不满意
朋友是谦迷~这本书是给她买的，以下是她的评论：这是一本很酷的书，它像一本游记介绍了刘谦自己参加各类魔术大会，以及他在这些大会，比赛的经历。同时它汇集了世界优秀魔术大师的成长故事。更有大师们的魔法教室。事实上，它更像一本日记，刘谦用一个老朋友的口吻，给读者娓娓道出自己最真实的一面，确实是一本没有理由错过的好书。最爱刘谦的——香	新的上午刚到家洗了一次感觉挺好、用完了下次继续下单。	我没想到刚过四岁生日的女儿竟然对这本书很感兴趣。说实话一开始拿到这本书的时候我心里很没底，因为正如有些评论中所写的，画面很乱，而且知识点很多，我都不知道该怎么去跟孩子讲，于是试着讲了《海底探险》，没想到孩子很爱听，讲完之后问我：“还有么？”一听说总共有十本，高兴地不得了。这两天总在重复问我一个问题，：“为什么她们的校车那么神奇呀？”	"因为是评价很好的书!所以买了!宝宝二岁三个月,平时很爱看书,但是这套书却是摸也不摸!可能是还太小了吧!这套书不适合小小孩看!."
东西很超值呀，尤其是用了半价券之后，可以现在抢不到半件券了	不愧为烟台苹果十大品牌，品质优良，果型大色泽鲜，口感好。第二次买了，中途买过其它品牌的（很后悔），看来以后就只有买这个牌子的苹果了。快递员很辛苦，谢谢他们！	有点小，反正可能这个价钱只能买到这样的货吧，给快递小哥五分奥	个小，还这么多烂的，感觉买了一盒垃圾!
速度挺快的，华为品质杠杠的	产品很好，物流配送快	我是第二次买了，虽然这次的没有上次的包装好，用着也没上次那个好，第一次那个用着根本就不会出现头皮屑，但是这次的天天都有，我每天洗一次都有，不知道这是什么问题，还有洗发露那个味感觉不对，我拿第一次的瓶子跟这次的对比了一下，差别很大。	买二件31的一件还可以一件太大了差评，服务态度差物流慢
不错，用了一段时间了，各方面都很好。	我用了这机子有一段时间了，总体感觉还是不错的，显示上够清晰，但是有一点点的暗，问题不大，功能的设计很不错，人性化设计很到位，优点有不少。	很酸，但是很新鲜，不过坏了一个，很快就赔了钱，非常满意京东的服务！	让我最不爽的是没有ＸＰ的驱动盘，我上官网下载花了我一下午时间！
很着急不知道怎样培养孩子。我是幼儿教师，大家都说我一定能把孩子教育好，可教育不是一个人的事，需要家人的配合。很多时候，都不能按照自己的意愿做。我把这本书送给家人，大家一起探讨如何教育孩子。这本书，教给我们很多。做为家长，我很喜欢，作为教师，我更喜欢！	又发现的缺点：一、将使用数码相机照的相片传到手机后，无法将照片作为背景，容易死机。二、使用一段时间后导航键会出现毛病。	要我怎么爱国产啊，屏幕呆板不动，连迅雷看看都无法打开，在迅雷看看界面与死机无异。昨天到现在还没打开一个电影。	住过的最差的酒店之一，房间有霉味，我住的是套间，外间有个电脑，网速很慢。早餐奇差！为了和其他的人一起，凑合住吧！
帮朋友买了，他说用过挺清爽，而且去屑效果好！	"京东服务好送货快, 苹果小了点口感微酸, 放放会更好吃些"	主要是深圳产，广东深圳一带的产品最好不要买，我的手机也是自动开关机不定。	由于房间里面的水是锈水，大堂副理免费升级到套间，由于我预定3天，讲好头2晚是478，第三晚是578。结果第三天直接告诉只能是678，经过与携程反映也没有效果，原因就是第三天有一批人来此开会，房间不够，故意把住客赶走。坚决再也不住这里了。态度十分差劲。
口感比较绵软，适合老年人吃，还不错的选择。	10寸上网本这个价非常划算啦~~除了山寨本外没有哪个性价比超过它的	不要买你回吃亏的	不满意！我本来选的是金色的竟给我发个银色的！！！
酒店还算不错的，价格实惠，服务也很到位，推荐下！	很稀，像是稀释过。。。。。	还可以 前台接待员服务员态度不好	比之前买的75mm的还小不止一点点，能不能行了
性价比很高，这种配置除了神舟的其他牌子很难做到~ 本来上周就受到货了，想评价，没法发现订单没有“完成”，结果今天才能评价，受不了，错过了4倍积分。	看包装那些还是可以，还没有开始吃 还是冰冷的 刚拿出来的那种感觉 12个刚刚好 大小适中	希望加多宝不要沦为曾经的湖南卫视的超女赞助商蒙牛的下场。	差，很差，非常差！袖珍到无法想象。如何是海棠果就是很大的了。太遗憾，京东生鲜太差！
选择万狮的最主要原因还是其地理位置，每次下了飞机不用再坐车跑到市区去， 而且万狮是去祁县，太谷的首选落脚点，房间还不错，但是没有国贸好，也没什么大的缺点，自助餐感觉还不错	今天下单，就收到了，超赞???	不好就是2瓶大的洗发露和2瓶小的，小的我以为是护发素结果不是，价格上一点都不实惠感觉有点亏，而且吹风机赠品也没有~！买的人注意下哦~！	瓶子外观，气味，都不像真的
"已知华为P10手机有3种闪存，2种内存，只有同时买到ufs2.1闪存和LPDDR4内存才能成就爵士人生，小明去手机店一次性买了3台P10手机给家人用。已知买到ufs闪存和LPDDR4的概率分别为1/10000和1/5。 1.试计算小明一家人至少有一人成就【爵士人生】的概率？ 2.若在美国的约翰买到ufs2.1的概率为α，且α＜0.95,买到LPDDDR4内存的概率为β，且β＜0.98,问约翰成为爵士人生的概率比小明【大】的概率区间范围？ 3.若α＋β≥1.5，试问约翰成就爵士人生的期望值？"	住这里很多次了。但是感觉酒店的服务质量在下降，价格反而是不断上升。我住的房间的楼下正在装修，味道很大， 打电话给前台，前台居然说没有房间，要我忍耐一下。找了前台经理理论才解决的。	货已经收到，买了以后说没得货等了3天才发的货。在买的第三天降价了100块，货都没发就降价了。联系客服说给我申请价格保护，我说反正还没发货，我退了重新买过是一样的，她说不用。现在也没给我退回来100，说在申请中。在京东也消费接近3万了基本都是买的自营的，第一次这么失望。	买一瓶蒙牛酸奶得跑3趟超市吗?~~~1、说热饮，没有。买了摩卡咖啡！没拿吸管。2、说酸奶也行，就那种玻璃瓶装的，没有的话买健能吧。结果买成蒙牛优益C，还理直气壮说买的这就不是酸奶吗!3、主动提出，再去一趟，结果又购入伊利红枣酸奶。想喝一蒙牛酸奶，怎么这难列
衣服手感不错、没有色差、好评！	味道闻着是没有问题的！！只不过还没有使用！！！生产日期还担心来着！收到货确认了下四月份！还不错	瓶子很粗糙，我都怀疑是真的假的啊！看到瓶子就忐忑啊	垃圾东西，和图片上的差别太大
很喜欢这一段，写得真好！和以前的描写都不同。看着文字就像是一幕幕场景在眼前走过，呼呼大睡靠在小厉门前的写意，偷偷看着糖葫芦想吃的眼神，穿着阿衍长大衣一脸奇怪的写意，穿着羽绒衣有着一头柔软的毛茸茸头发的写意，全是阿衍的写意，全是他心里眼里手里的写意，刻在瞳孔里的写意。痴迷地跟着阿衍的写意，不知道的是正当她无知无觉地粘着小厉的同时，正一分一分流进阿衍的血管里，顺着血管流进他的心脏。	非常好的商品，物流也快很好的商品	没什么香味！强健发根，希望有效	能斗好强的个性让人不是那么舒服。个人不太喜欢。如果人人都要以这个为榜样，那职场就变得太可怕了。
商品很好。看起来不错。。。	感觉就是一本流水帐，没什么特别突出的地方。	请大家 注意了 酒店大多房间没有窗户 而且携程网上的介绍绝对有误导	这条第一天穿就裂开了。开了半小时的车回家换裤子。找店家。店家硬说是我穿裂的。质量没问题。我一下子买了三条。其他的不裂就他裂。硬是不承认是质量问题。无语。
"小巧实用,外观好看;而且系统盘所在的区和其它区已经分开,尽管只有两个区,不过已经足够了"	致蒙牛客服：感谢你们及时跟我联系，对于＂大果粒＂质量问题跟我道歉，并认真查明问题原因作出合理解释。感谢新疆克拉玛依客服杨先生，态度和蔼，最后为了表示歉意还送我蒙牛的酸奶。呼吁大家维护自己的合法权益！也希望这是最后一次遇见蒙牛的质量问题，希望蒙牛的事业牛气冲天！	换了3张正版xp光盘也没法启动，更别谈安装了。实在不明白。我已经按要求修改了CMOS中的SATA为disabled了。 这本子没法用了，要求退货！	说真的真的很差劲，充电发烫的要爆炸了一样，还卡的一塌糊涂，以前用六七百的中兴还不会这么卡，充电都没发烫
套装，价格很合适，一直用清扬，618活动价格挺给力！	物美价廉，不错的网购哦。可就是不明白为什么会有多了一个小孔。	"听筒和免提的音质不是很好,电池也没有产品宣传的那么神奇."	三个里面除了一个相对大点，其他两个都小的，估计都么手掌到。这能叫中果？？水果还是不要网购，看不到摸不着，实物太不相符了。
很好很强大，超高性价比！真没想到今天3300块钱就是买一台满足80%游戏的笔记本，你还等什么？赶快下手哦！	速度不错，音效也可以	这破饭店还敢说是2007年新装修，除了墙纸、窗帘换过了，开关、家具、浴缸、马桶都是旧的，房间里那灯和电视机不知是哪个朝代的，携程该给大家好好把把关。	超级差，不值。
赞。因为这个价格在徐家汇是很划算的咯。对面就是商场。旁边吃饭一条街，天钥桥路。靠近地铁。房间一般了，喜欢里面的沙发。感觉温馨！服务也不错，如果来玩住这里就是很好了。商务出行，就是比较方便！缺点：款待收费。	还不错，虽然和苹果不能比，这个价位的也没得比了，同等的价位很不错了。	价格实惠，服务好，东西不错。	以前用过头发特别顺也不毛糙挺好的，这次买的还没用，信任京东，快递速度，产品质量??
东西很不错！趁着活动买了点，感觉挺方便的！以后还会继续在jd买东西，快递也很快，服务也很不错！	曾经在蒙牛集团工厂看到这句话，受益匪浅。	挺好用的，我觉得	拿过来忘记开箱验货，烂了一个！口感也不好
苹果很漂亮，收到了我很满意啊，还没吃，不过红红的，我看也挺好吃的，数量也足够	鹅蛋1860块买的，送了皮套送了钢化膜送阿乐视影视会员卡，然后就是包装，就是那个品牌店的包装，没有那个保护的哥包装这方面需要改进一下	"因为地震原因客人不多,可是价格已经回调到很高,觉得实在不必要.不过各方面服务都是很不错的,还是比较满意.是不是继续入住,要看以后是不是还这么贵了."	我十一期间入住到瑞和园，先把最坏的缺点透露给驴友（免得还没看到最后就翻页了）：隔音效果极差！每间房窗外都是走廊，而且木制结构的房屋稍有动静就整个楼都在响！遇到没素质的客人，他们就在走廊大呼小叫不亦乐乎！服务员劝导多次也无济于事！或是半夜古城大部分商户关门，客人才回来，叮叮咣咣的上楼，关门，洗澡声吵的你必须等到别人可能都睡了才能入睡。一旦你先睡，半夜必被吵醒！半夜没被吵醒，第二天也会有起的早的人像千军万马一样冲出房门把你吵醒！！！在外旅游身体多有不适和变化，休息极为关键，正样才能保证第二天精神饱满而愉快的出行，反正我住了4天，天天都被吵的头疼！！！去之前以为那里很大，其实不然，就是主人自家的房子，用做宾馆就显的很小了（听服务员说瑞和园正在别处盖新房）。进入屋内不久，服务员就热情的送上一盘小点心和一壶开水，很是贴心～若是有饮水机就更好了！屋内不大但很干净，厕所有淋浴房显得上了层档次，但是洗澡时总调不到适宜的温度。。。。。。白天大家都出去玩，院子里倒是安静，行程安排不满的驴友可以静静的坐在院里，碰上老外还可以练练外语～～祝大家玩的开心吧：）
不错不错，真的很好用，老婆很喜欢，味道也不错，洗了之后头发很柔顺	用着很美，一直用的潘婷，这次3.8促销活动买的很划算，我刚用了才来评价，确实是正品，京东就是一如既往的好????’	每一本书的内容都不错，没有介绍的那么悲伤，人与动物的生死本就是一件自然的事情，只要在日常生活中给孩子慢慢讲讲就会接受的。我把其中的三本读给我不到4岁的孩子听，他听的很认真，对其中的内容很关注。故事的结构有些类同，但语言不错，图画也很好。只是美中不足的地方是有错字和漏字的现象，不能不说是一种遗憾。想想我们小时候看过的书，从来都没有错别字，让我怀念当时做学问的人的严谨。	"估计是中韩文化差异吧,老觉得看待问题角度差强人意,难以共鸣,纸张太粗糙"
手机还行 就是没有配耳机线这点表示很无奈 买给老人家用 冲着华为 品牌买了三台 后期再来评价	上海浦东雅诗阁，宽带是要额外收费的，然而在携程的网站上（，房间价格的表格中，宽带下面只是写着“宽带”两个字，后来在酒店结账的时候发现宽带是额外收费的，我给携程打电话，才被告知，“宽带”这两个字仅仅表明这个酒店有宽带设施！其实在我使用宽带之前，已经和前台询问是否收费，前台当时可能忙，说让我先用，结帐的时候免去。结果结账的时候是另一个服务生，拒绝免除宽带费。让我向携程讨公道去。知道我把他们的大堂副经理叫了出来，我的外国同事用英语把这个经理数落了一番之后，他们才免除了这笔费用。其实上网费并不多，几百元钱，但是这种出尔反尔，先告诉我免费，再收费的做法实在是过分。而且，对中国人和外国人的态度明显不一样，也让我感到很不爽。	说实话，我挺稀罕这个手机的，但是我现在用了20多天，听筒就坏了，有杂音，杂音还挺大的，绝对不是信号差造成的，现在心情非常不好，还有手机玩游戏发热的挺厉害，	第一:信号实在太差听筒太小声，听不清楚话筒收音不清功能太少连基本的都没
特别好吃，又甜又香又脆，比超市买的好吃。	什么都好，就是买的时候说是1199元限时降价998元，我就马上下单啦！可时间过后还是998元，我都怀疑这是个套路	头发很痒，有头屑，貌似是假的啊……	服务太差，环境污染，态度恶劣，价格较高。
质量不错，功能也算较齐全。铃也还可以。价格也能接受。性价比比较高。	一次买太多了，图估计都搞乱了，但真心便宜。	商品很好用，又送四瓶小瓶vs ，服务态度又好，下次还在这家买。	京东涉及欺骗，买的时候写的是大果4个，后来又变成中果4个，中果还不新鲜，又老又蔫，真恶心
非常好吃，好甜脆，不比不知道，又买了市场的苹果，真的不如这家好吃，还会再来买的！	第一次买这个产品，还没用不知道效果咋样，等用了再说。物流很，快递小哥服务太度好，果断给他好评。	当你兴冲冲的开始品尝时，才发现，原来芯烂了。个头也确实够小。	苹果不好实在太差下次斤东再也不买东西斤东让我失望退顶
裤子质量很好，不褪色，版型也非常不错，颜色也很喜欢！！	在京东买水果很方便，县城速度也很快，一天就到了，水果很新鲜，不错！	客房和前台服务都不错但酒店太陈旧，房间不如一般3星宾馆，阳台卫生间极小位置也不好，花园泳池都很小尤其要说的是酒店花园里的餐厅，叫东海渔家还是东海渔村的太黑了市场8元一斤的海瓜子，他卖50元一斤，还少秤味道也差一盘炒黄瓜要18元根本是露天排档的环境，桌子都脱漆摇晃了很过分	这是在京东最差的一次购物，太差了，*完全货不对版，料子穿起来都扎皮肤！！穿了一次，果断弃之！！！
买了两箱，12套沙宣洗护，单位搞活动，奖品，大家都很喜欢，质量很好，以后会光顾。	摄像头位要是有就好了，开了磨具却没有安装，很是扫兴。宁愿多个50-80都可以作为选配。	货是收到呢，可是不是说还有两支小的没100ml没有有送过来啊	三个火龙果，有两个都是坏的，都发霉了，咋吃！这是放了多久了呀！个子也非常小！第一次感觉对京东失望了！以后不会再在京东买生鲜了！写的是次日送到，还是等到了第三天！
酒店设施确实旧了，但地毯可以换啊，好破还好脏，服务态度不错，每到一个客户，都有服务生送你进客房，还有一壶带保温设置的茶附送进房，很温馨。	很合身 整体都很好 自己很喜欢	轻轨虹口足球场站下来是西江湾路400多号，店在700多号，不近也不远。在预订时间内到达，前台告知订的商务房要再等3小时左右才有空房，建议换成同价位的标准房，于是入住标准房。房间设施马马虎虎：台灯有两个，一个写字台一个床头柜，不错；电视剧有点小，而且经常信号不清，画面模糊；窗正对轻轨，因此有点吵；窗边的墙面已经烂了发霉。另外，夜里十二点多洗澡时热水不足，不过早上恢复正常。进楼道也需要刷房卡，安全措施好	东西是好东西，京东不正经。昨天手机京东买999，今天手机买899。申请保价还拒绝，还好有个7天无理由退货。
平板屏幕很清晰，运行很流畅，双立体扬声器音质很好！	洗了衣服本挂在洗手间的，等外出回来，已经拿架子挂在阳台上！满意服务态度一流，看到的全是笑脸！开心房间虽然设施老化，但很干净！安心海景不错！爽	房间很大，服务也很好，地理位置比较好，但宾馆门前停车很不方便，比较窄。	机盖的钢琴漆真是一大败笔，手不能摸，一摸一个印子。真是大汗啊！！^_!!! 还有送的东西太少了！
安静 干净价格公道 窗外的景致不错 如果你要安静的住宿环境 可以选择它	"棉质丅裇，质量不错。    本人身高176cm,体重67公斤，我买了L号，试穿刚好，洗后修身。个人建议买XL号的，更舒适些。"	这可以说是我人生中住得最难受的酒店，没有之一，500多元一一晚住的跟200多的七天一样，设施老旧，卫生间连七天都不如，洗澡水打到最热档都是半温的，冷死了，房间连中央空调都没有，用的是挂机，一个暖气片气还不足，冻得半死，把挂机打开又干燥得要命，住了两天，第一天洗澡咬着牙洗完的，第二天压根没敢洗澡，住了两天直接感冒了，嗓子疼得要死。就洗澡水这一点还不如学生时代的寝室。隔音也不好，影响休息。服务还可以，就主要是 设施不行。晚上好朋友来看我，还说十点以后不让访客，难不成还真是大学寝室搞门禁啊。	手机反应超慢，新电池一天2充。估计是翻新机，用过那么多新机，新机不可能是这样的
京东快递就是快，而且快递员人很好，很热情。搞活动时候买的，比超市优惠很多，家人很喜欢！一如既往的支持京东！	五星级品质！华为值得信赖！	看图吧，都发霉了，不想多说，第一次对京东失望?	快烂了，质量不好，京东买东西最差的一次
没有其他颜色选择。送货的圆通服务真是一般，只送到楼下，以前京东用邮政快递的送到到家门口的。	不好，也就那样	蒙牛啊，快倒闭吧	不好用 买亏了 洗完头 很痒。
裤子版型不错，洗了也不会褪色，布料摸起来也感觉好好，而且最最关键的是穿起来好帅，分分钟被我哥帅一脸	一直都用这个牌子，每次都是做活动囤货，比超市的便宜好多，用着也不错，京东快递一直都很给力，看好京东！	苹果，我买九个的，很小，然后也不甜，不是很好吃。	手机收到后，在能退货期间出现过问题，但是卖家说升级这升级那，就不会有什么问题，在能换货期间有出现问题，又解释说重启或root就好了，半月内出现了五次问题，开机键不管用，屏幕不灵。卖家说你可以拿去厂家修。我真是醉了，一开始那么相信卖家。刚买没多久就这样，分明就是有问题，现在卖家就是说超期不能退换。超期他们也有责任，只是给顾客说了声抱歉。很不满意。我建议大家考虑好在买。另外这些问题都是手机本身的问题啊，差差差
质量不错，快递很快就收到了，价格实惠，物美价廉，还会再买哦哦哦哦哦哦哦可～	在两岁左右在当当上先后看推荐买过噼里啪啦系列、不一样的朵梅拉系列，感觉噼里啪啦宝宝不太感兴趣，可能过了那个年龄，朵梅拉又要再大一点再看。现在汤姆系列第一集很适合两岁多的宝宝，画面温馨，对白、故事情节很贴近生活实际。我宝宝喜欢玩沙子，去看海那一集讲到最后大海把沙子做的城堡冲走了，宝宝也很难过。他好像能跟书中汤姆的情绪共鸣。我感觉宝宝喜欢就是最好的。推荐2岁左右的宝宝赶快买。	各方面都很一般，象个小旅店，也没什么太出格缺陷，价格略贵啊。	从来没买过这么差的火龙果，都已经烂了，而且超级小！超市估计都得处理甩卖的那种，第一次在京东生鲜买东西，太次了！
特意用后才评论，很好用，应该是正品	昨天用了之后同学们都说头发好香?(? ? ??)而且抹了护发素之后头发真的超舒服(? ? ?)快递员小哥态度也很好嘿嘿嘿（*＾ワ＾*）	交道便利，近民航售票处，房间大整洁，但早餐实在一般。	1.SATA的问题，经过发狂后。认为装XP前要改硬盘模式为：IDE-Native. 这样就不会出现黑屏的问题。 我在AHCI模式下也装上了XP，但是装驱动的时候一直黑屏。
"不错,还有果盘送,交通方便,网速快些就好了."	还行吧！赠品还多！不知道效果了！	我买的黑色…发来的黑色带花…	条件较差，服务一般，很慢呀。早餐没法吃，还挺贵，太不值了
同类笔记本中算是配置比较实用的，外观简洁大方，有hdmi高清接口，用cpu-z测试内存为现代ddr2  800	除了地理位置、外部环境不会再选択东方银座相対设备、服务比较、性価非常高。网速漫対Business Man不便、前台的业务熟练度尚差、需要努力。	帮朋友买的，￥6999，相比A34促销￥6199，性价比低了一些，连个VISTA、驱动光盘都不送。机器比想像中的要厚重。	内存能在大点 最好是配置2G的。。加内存比较难 要拆电池 还有风扇声音有点大。
还以为里面是有很多图片的呢，原来都是文字，实在没心情看这种书，最主要是连作者的照片都没有，那该怎么确定她是31岁的美女呢？不太能让人信服吧。	以前觉得小米坑，买了华为之后，真心觉得华为比小米还要坑，什么质量好服务好，都，他，妈，的，是，假的，使用不到一个月手机就不停的卡机，1799入手，才几天啊，连续降价，真心觉得被骗了，一点都不保值.不值这个钱就不要买这么贵，下次换机再也不买华为的了，	这包装！！！！收到货全撒了。找客服一直不理，	我网购不喜欢评价的，这次我忍不住了。这洗发水我买了一个多月了，绝对的假货，我第一次用就感觉泡沫，香气，粘稠度都不行，很像宾馆里那种劣质洗发水，后来我在朋友家和他在实体店买的对比了一下，泡沫，香气，粘稠度都差太多了，肯定的假货，希望有人看到，不要再上当
不错 个人感觉还是值得信赖的	货没到就降价100，不过不送散热器了。。。  用了2000-100的券。。 就是屏不知道是什么牌子的，没听过的牌子， 08年第一季度生产的	屏幕表现很一般，特别是装了vista后系统字体看起来有点模糊。建议预算够还是买一台HP商务机好了。	房间隔音效果非常差，飞机起飞的声音巨响，床头柜落满灰尘。地毯脏的一塌糊涂
京东配送真快，上午下单，下午到货，苹果很不错，保质保量……	好喜欢，华为特给力，老用户不多说，还会再买华为	这是一本小若09年要推荐的第一本书凌晨3点看完，脑子里满是故事的细节和许多的疑问书的结局，让人有无限的联想和感慨，还有一丝丝的凄凉遗憾最最疑问的就是：雪穗和司亮，他们相爱吗？从雪穗送给司亮的布袋秀着“R&Y”，以及店名也取“R&Y”貌似是相爱的两个人可是，在过了案件有效期的15年后，为什么他们仍然没有在一起？雪穗嫁给了高宫，之后再嫁给了筱冢康晴貌似对筱冢一成，也有好感而司亮，开公司敛财全是为了雪穗他之后犯案也多是为了她而雪穗只为了自己结尾，司亮的死，雪穗离开的背影真是让人纠结看完之后，特别想找人探讨，有许多的细节想找人倾吐总之，如果有时间，就看看这本书！东野圭吾果真是个天才！	618秒杀买的，京东2B了什么秒杀分别是秒涨好吗
质量也不错，真心满分，真心好评，收藏店家，下次还来光顾！	蒙牛绿色好心情	大家快快看过来…今天的蒙牛酸酸乳Music Radio晚上7点会有亚纶和美女DJ寅子陪伴大家度过美好时光北京FM90.0上海FM107.7重庆FM90.6天津FM92.5广州FM87.4太原FM89.3拉萨FM96.1呼和浩特FM99.1香港FM101.2银川FM99.7沈阳FM99.8杭州FM103.2武汉FM90.0南昌FM87.2西宁FM100.6长沙FM107.0昆明FM93.0	平板电脑边缘不平，贴膜有空气！已经贴了3张都是一样的效果！要求厂家给我个说法！
非常好吃 很满意！皮薄 脆甜！很不错！	质量很好，穿了已洗，不掉色，不褶皱	"质量不错,版型也超赞,穿上刚刚好,洗过了也不会掉色,喜欢的亲赶紧下手吧,不要犹豫了,值得你拥有!"	一直在用这个牌子，效果很好的!可以试试。就是服务太差！真不知道京东现在怎么变成这个样子!
挺好的 每次来北京都会住这里 连续好几年了吧 但是为啥就没有记录吗 从没给免费升级过房间更别说升级套房了，这点有待改善 其他都非常好	"据说是经典中的经典，也承认它好。但是不知道为什么，随意翻开，却发现这本书的写法采用严密的科学体系，按照西方人的逻辑、分类的路子撰写而成，从中选取一页，却有一丝枯燥的味道。相比这种体系严密的严肃读物，我惜乎更喜欢“驱使万物如军队,不如让万物卸甲归田,一路有言笑”的散文化读物，譬如培根的议论文，譬如蒙恬的随笔那一路。当然也就是初初而起的想法和感觉，也许放一段时间想法又有不同。"	内容一般，在网站等途径都可以获得相关的提醒。。。纸张还行吧，字大，太浪费了	售后服务太差
京东相关回答错误，不是LED背光屏，键盘不是钢琴烤漆，无线网卡是英特尔5100的！请京东改正。 其他的不足嘛，就是硬盘小了点，不过够用了！	当时买的时候说活动期间有赠一个吹风机的，6.18号买的，今天收到了，但是没有吹风机。有点小小的遗憾啊	赠品怎么没有啊？	衣服很差 不能穿
效果不错，头屑少了不少，618买的也比较便宜还有两个小瓶，出门携带方便。	就是图个近，原本订的舒适房特别强调了无烟区要求，结果一进去一股烟味，房间也很小，跟地下室一般压抑。为图个窗加了两百多升了豪华房，结果窗还是封死不能开的那种，形同虚设啊。另外，早餐在外面ok，但卫生条件只能呵呵，档次显然配不上酒店的格调，因为有苍蝇，只敢吃需要剥皮的东西了。只能说，酒店把力气都花在大堂和走廊的设计上了，格调是挺不错，有艺术气息，但房间一来小，二来贵，688的价格可以住比这好很多的，真心不值，还不如经济连锁酒店住得舒服呢，除非你是想把大部分时间都花在大堂里。	不喜欢，不喜欢，超级不喜欢	"虽然第三方软件多,但机子根本值不了那么多钱!因为这手机的技术含量不高,比比索爱和诺基亚就知道,TREO 650就那30万摄像头和多出了十多M内存能有什么优点,硬件伤一看就知道,还有第三方软件很多都要买注册费的,价格不低,而且机子辐射大,连FM收音也没有,还什么可听MP3?只是标配的耳机真的有些让人哭笑不得，还不如买部MP3!色调也不好看,本来以前黑色版的TREO 600还可以，现在呢？除了电池有点优势外其它根本就看不出什么优点，所以这么高的价绝对不值，凭现在手机硬件潮流对比挺多值两三千左右！失望！"
买家印象是正品护发素不错服务好套装很实惠包装好品牌好	可以，买来给有头皮屑的用，清爽，h	装系统花了一点时间，不能直接使用ghost版本要先去BIOS里修改一项内容。	没有收到货物居然给我回复是已签收，快递员联系不上，什么原因？
平板运行快，指纹解锁快，系统运行流畅，6.18下单，第二天就到了 满意。	"宝贝收到了,没想到会这么快到了,快递小哥的态度很不好,可以理解.是因为天气热吗?真的热"	苹果和香梨一样是挺糟糕的，每一个的屁股都被压坏了，但箱子是好的哦，是不是苹果还没包装前就已经坏了，还硬销售出货？	蒙牛别犯贱，换了包装也不买。那些频频出事儿还买蒙牛的人们，也别犯贱！
包装十分好，质量也不错，很赞	1.外观大气。2.主流配置。3.支持来电大头贴，不过得设置到群里，如果你想要单人的，可以单独把这个人自己占一个群。4.可外屏字拍（不过麻烦）。5.拍照可关闭快门音（手机声音关闭）。6.可设置热键（功能项）。7.可语音拨号。8.可语音操作（长按ok键，唤出语音功能）。9.可锁键盘（长按C键）。10.充电器奇轻，携带方便。11.支持红外传输。12.支持JAVA2.0。13.耳机，充电器插孔有护盖。14.扬声器外置，在摄像头左侧。15.长按通话键可直接在拨打号码前加IP。16.内存大7M。17.机身无天线。18.短信支持签名。	吾消费京东商城数年，深知各产品琳琅满目。然，唯此宝物与众皆不同，为出淤泥之清莲。使吾为之动容，心驰神往，以至茶饭不思，寝食难安，辗转反侧无法忘怀。于是乎紧衣缩食，凑齐银两，倾吾之所有而能买。东哥之热心、快递员之殷切，无不让人感激涕零，可谓迅雷不及掩耳盗铃儿响叮当仁不让世界充满爱。待打开包裹之时，顿时金光四射，屋内升起七彩祥云，处处皆是祥和之气。吾惊讶之余甚是欣喜若狂，呜呼哀哉！此宝乃是天上物，人间又得几回求！遂沐浴更衣，焚香祷告后与人共赏此宝。人皆赞叹不已，故生此宝物款型及做工，超高性价比之慨，且赞吾独具慧眼与时尚品位。产品介绍果然句句实言，毫无夸大欺瞒之嫌。实乃大家之风范，忠义之商贾。	各位消费者注意啦，陷阱多多！！，既然可以申请返修，为什么不处理，购买电子产品过了所谓的（质保期）就不管了，叫我们消费者自行联系厂家检测维修，连一个街上小店铺和第三方商家都不如，你们京东还自营个什么商品，所谓的方便在哪里？    你们京东牛逼敢在自营商品页面标注（过期京东不负责，请消费者自行联系厂家检测维修），    你们京东牛逼敢在自营商品页面标注（过期京东不负责，请消费者自行联系厂家检测维修）    你们京东牛逼敢在自营商品页面标注（过期京东不负责，请消费者自行联系厂家检测维修），    你们京东牛逼敢在自营商品页面标注（过期京东不负责，请消费者自行联系厂家检测维修），    你们京东牛逼敢在商品页面标注（过期京东不负责，请消费者自行联系厂家检测维修）。
可以拍照。信号相当不错。铃声的效果有三星手机的味道，还算中听	10月2日入住单人间。因为是自驾，手边没有延吉地图，就打电话到酒店总台问路，晕的是酒店前台小姐居然说不知道，连周边有什么标志性建筑也说不出，让自己找个出租车带路，没办法自己找吧。而后来证实当地司机只知世纪酒店，也不认识黄金星（该酒店由世纪酒店改名而来）。其实老远就能看见屋顶世纪酒店的大字，早知道就不用乱转圈了。酒店和办公混为一体，没有门僮。可能是通过携程定的关系，感觉给的是最差的房间。我订单上注明要高楼层的房间，但给的仍是最低的十楼（10楼以下是办公楼）房间，两个字：大，脏。房间是我住过的最大的，地毯极脏，还有瓜子壳，卫生间没有浴缸和冲淋房，水直接流地上，一洗澡满地水。房间电话的快捷键没有一个是拨的通的，找不到服务员，也没找到电话簿，奔波了一天，懒得再下楼跟他们理论，所以作罢。唯一欣慰的是床尚算干净，凑合了一晚。很奇怪这样的酒店居然能称为四星，不知哪家机构给评的。	位置、设施都不错，价格也还可以，就是隔音太差了，被隔壁吵了一晚上	看看还敢买吗，速度快有个屁用，仓库放了多久了还发？？？？
放家里备用 正品，和超市一样的，蛮好的。可以使用一段时间了	1.只有40和弦。这个虽然也是可以的，但是还是让大家感觉有点跟不上时代潮流。2.不能收发彩信息这个就是很让大家不好理解了，为什么这个时候出的手机还没有这个功能。	我就是冲着一个赠皮套买的，下单时可以看到订单里有赠品，到货了发现没有，再看订单也没有显示了，纯是玩技术手段，文字游戏，垃圾商家，赠不起就别说。	简直就是垃圾中的垃圾，料子薄的要死还不如地摊上几十钱的货太keng爹了，    送快递的还不让验货，联系商家客服吧不说我要退货还有反应，一说要退货就没反应了简直就是T妈的黑店
选该本的理由非常简单――性价比高，4299的价格在同价位的配置中是佼佼者，直接加内存到3G，完永恒之塔，特效全开很流畅	1.屏幕不错，色彩鲜艳，没有发现坏点。亮点。是友达的面板 2.外观独特，蓝色烤漆，非常时尚 3.带杜比音效 4.三星的内存，三星的DVD刻录，西数的250G硬盘网上买数码产品，就害怕旧货。收到后，包装完好。笔记本封条完好。SN正确。一些放心。	我的吃货细胞就要爆发了。眼馋各种好吃的：锅巴、土豆片、牛板筋、蒙牛大果粒、饮料、鸭肠、鸭脖、鸭胗、海底捞、烤鱼、砂锅、米线…各种美味，各种诱惑…	很好用，而且实惠！
不是很喜欢，讲得都是些对待健康的态度什么的，具体的知识只是粗略的涉及~~~没什么实际的参照作用。~~！！	机子上端有开缝，不知道是安装的时候没有安装到位，还是物流运送过程中造成的，感觉很不得劲，有必要到官网验证真伪	如果不是因为他是4星不会入住，但入住后才知道上当了，房间很旧，只有高级房才能提供上网，早餐品种很少，服务员服务质量很差。	我的天呐，住过这么多酒店，很多价位比这家低的都比这家好，房间设施落后暂且不说，走廊没有空调不说，单说房间里的被子，大哥，我特别想问这个被子是用“防水布加电热毯加红外加热”材料做的么？？？不开空调能热死，房间里空调开到16度吧，盖着被子也能热死，开着空调不盖被子吧又冷的不行，一晚上就在盖被子掀被子的流程上往复练习，真心佩服这被子的保温性能，太牛了。。
一直在京东商城购物送货特别快。	衣服穿了几天确认晚了…穿着挺舒服 挺好，就是码偏大点，五星	12个一箱，果子没有图片上好看，味道也很一般	不好，运行内存还不到1.5，登录应用都卡半天，分辨率也不好，声音也不行，只能开小一点，大了要破音，像是山寨机和老年机的结合体，总之这平板不值这个价格，最多五六百的货色
非常棒的手感，屏幕大小也适合玩游戏看电影，第一次用华为，感觉不比水果差	酒店位于市中心。房间设施古朴典雅。很有情调。室内像上个世纪初老上海酒店的内部布局。温泉也不错! 下次我还会去。我住的是2005房间。	我的显示屏有时变色，待机时间较短，不能传送数据。	没有任何赠品不说，包装有图，我都不知道还有没有漏掉东西
非常不错的酒店，环境很好，空气也很清新。我一起入住的同事还建议我们公司的年会就到这里来开，呵呵	"第一次在他们家买，还害怕质量会不会有问题,买了以后穿了一下，质量还挺好的,重要的是不会褪色，卖家态度非常好，物流速度很快,是一次满意的购物，下次会继续光临"	个头小，看着还行，是冰的。苹果有一个有点乱，整体比想象的好些，打蜡不会看。	裤子和商家说的不一样，松松垮垮的，不适合20多岁的人穿，40岁的人穿是可以的。准备拿去改下，看看能不能穿
华为平板还不错，虽然现在看来内存小了点，但可以，现在感觉不错。这个平板支持OTG功能，可以通过OTG线连接U盘，这样对数据的交换和有益。	运行时不够静音。 电池只能用五、六个小时，距离8小时差距较大。	垃圾裤子，码子不标准，做工差，最可恨的是裤子褪色超级严重。	如果不考虑位置因素，这种酒店也就一晚138元的水平，前台还是在6楼，到了楼下也没有明显的指示牌从哪个门进去，设施和卫生只能给2星，两张床摆得几乎靠在一起，根本没有什么间隔，地毯有一块很明显的污渍，洗手间的门整个是歪的，关不严露出一个大大的缝隙，洗手间的灯是感应的，感应位置刚好在开关的位置，就是说刚手动按开关把灯关了，结果感应器还是感应到手的移动，灯又亮了，根本没法关灯，明明是双床房，房费只含一份早餐，抠门！下次不会住这里了，不如到对面的深航酒店
活动时买的，快递很快，一直在用这个牌子，效果很好。	一箱12个，无破损，吃起来味道应该不错。	无语 “喝蒙牛就是little happiness”。太油菜了！翻译很对，喝蒙牛就是little happiness. #快消八卦# 诺大一个蒙牛，还有中粮在背后，连句广告词都翻译不准确 不过也对，蒙牛从来和幸福无关，我不能同意更多	中午1点入住，到达房间门口却发现两张房卡均无法打开门锁，叫来楼层服务员打开后承诺马上把好的房卡送上来，直至下午6点也未见有人送卡，只得下楼自取。出去就餐后回来，被告知电梯漏水停用，现场一片混乱，无人能确定如何回房。冒险乘坐唯一一部回到房间，却发现床头灯自动忽亮忽灭，水箱没水，房门没锁，叫来服务员后经检查被告知需要换房，此时已近夜11点，调换到新房间后只想尽早洗澡睡觉，不想浴室内却无洗头液沐浴液，牙刷盒内并无牙刷等物品，只有空盒。实在沮丧，该酒店无论硬件软件均无法达到5星标准，充其量就是3星。下次绝不再住！！！！
东西不错，物有所值，电池耐用，反应速度快	送货速度快，很好，很新鲜，有一个烂了，不过很快解决很好	骗人的！水果都是烂了的！再也不在京东买水果了！太差了！还花了我20元！！！！差！	破东西，买来送人的，结果充电器不能用。还以为官网呢就放心购买了，谁知道会有这样的事情发生。气死我了。大家购买还是要擦亮眼睛哦。
使用日期都是到2028年的，京东自营的东西真心不错，值得信赖的	说多了都是没得用的 一般拉啊	不是说有风筒送吗？怎么没看到？	很不好！很不好！买了很多次都不错，就这次很不好，估计是前年的苹果了，
质量也很好 穿上很舒服，手感舒适，款式漂亮，洗了不会掉色的，加绒款很暖和	正在使用中，很多功能还没有搞懂，很流畅非常满意	风扇声音有点大啊，晚上夜深的时候太炒了。和台式有的一拼。。。	配件太少了，我买的是高配版的，居然就一主机，一电源，一大点，没了。没有鼠标，内胆包，外包就更别提了，擦布也别想，应该再配一标电。
一如既往的支持蒙牛！	我是一个不太喜欢看书的人，但自从买了“温度决定生老病死”我一连看了几遍，非常喜欢，因我的身体免疫力非常差，经常感冒，还有其他很多不适症状，书上说的很多现象我感觉自己都存在，自己一直不知该如何调理，很发愁。我现在已经开始用艾叶泡脚了，希望能有效果，也在进行食补，但生吃泥鳅我却不敢尝试，我会有书中其他的方法将火。如果我的身体有改善，我也会将此书推荐给朋友。	不太适合中国国情吧。解闷还成，没什么指导作用。	性能太差劲
"周末刚从阳朔回来,住了三天,感觉性价比还可以.地理位置不错,西街和新西街交界口,吃饭逛街都很方便;服务也很好,前台和客房都彬彬有礼的,房间也算干净;中式早餐还凑合.美中不足是房间不大,设施和床具毛巾等都旧了一些,空调开久了房间还有点不太好的味道.总体来说比较满意,我和老公一致认为可以给四分."	还没看，刚拿到手，就被同事抢走了！！据说他儿子很喜欢，没办法，再买！	还好，买来给妈妈和姨妈各一个，价格不贵，要求也不高。适合买给老年人用。	箱子外边贴了两个京东的货物编号，貌似发过一次货。包装也比较脏，不像新出厂的。虽然没有证据证明这个本本是旧货，但是总是感觉不爽，希望京东在以后的各个环节注意把关，不要被以次充好。
裤子和图片一样呢 物美价廉穿起来很舒服下次还来买 快递给力 老板服务很不错，全五分好评	虽然该酒店确实是当地（大角湾）最好的酒店，设施应该算刚刚达到四星标准了，但是服务就有点名不符实了，顶多达到三星（主要是指有些服务无法提供，能提供的服务倒是不错）。而最不满意的是靠沙滩为卖点的酒店，竟然无法直接进入沙滩，使我们对酒店的印象大打折扣。	一般，不是佷好，用起来不是顺畅．哎哎哎哎哎哎哎哎哎哎	又小又烂……还有的摔软了……顶多50mm，压根没有70mm……脆甜度还行，果然一分价钱一分货，庆幸没买多
地理位置好，主要是韩国人入住，早餐韩式的，房间比较干净，洗手间很小。	比超市里买的优惠，这次买的还没有使用，京东物流很给力，我是郊区的，物流能送到家门口。超级赞	覺得很失望.這本書這麼火.可是並非我想要的內容.作者是博客出身.怎麼寫都是他的自由.但是出版成書就應該章節嚴謹.出處博引.不然怎對得起讀者?看在我眼裡.只能想到這個評語--有寫小說的欲望.沒有寫歷史的本事1.朱元璋的人生中.劉基跟胡惟庸是多麼重要的角色.但在本書中.所謂足智多謀的劉基.作者只寫到所謂安丰之戰.而且還只是劉基規勸朱元璋不要攻打的兩句話.這樣就可以定位劉基的神機妙算了嗎?其他的戰役呢.其他的權謀呢.劉基的角色何在?胡惟庸寫的比較多.但是他的惡形惡狀呢.他的權謀運用呢?都是一筆帶過.比起他對戰爭場面的描述.那真是小巫見大巫了2.作者的強項顯然是戰爭場面與部份小故事.雖然還引用古文.還幫我們翻譯.但我覺得大方向沒定好.重要主角群配置份量沒抓好.很多事件只是輕輕一筆.可見參考文獻的不足3.寫作的語氣當然可以是作者自身的風格.作者用現代流行語重新演譯了亂哄哄的明史.但是作者屢屢試圖以第一人稱做心情描述.卻煽情且花費了大篇章..只能說..他下一部書應該是小說吧	非常失望，定了一周第二天就换了酒店，是个康体中心，房间设施最多也就是个2星的标准，却要498。真是奇怪，携程还有这样的酒店。晚上9点到酒店，黑乎乎的一片，以为是出租车把我送错了地方。
趁京东活动时购买比超市便宜，还送货上门，多好啊。	好的商品。好的质量。赞赞赞赞赞赞	房间设施陈旧。但是服务水平不错，比较安静！	苹果总共24个，但大部分都很小，只有个别几个挺大，但有两个大的已经烂了，这是我第一次购买，以后不会再购买寻真的水果了。
想要完美人生，就用沙宣洗发水。	买太多了 统一回复 点评的都不错 ！不好的会单独评价 或不评价！	玩王者荣耀还画质可以，前几把不卡，第一把过后开始发烫，后面越来越卡，最后能卡成APP；续航不太给力，但是充电比想像的要快一点点；音效还行，但是软件有好多不兼容，我买了快一个月了，系统没更新过……说白了就是一个放大版的手机，总体来说还说的过去，就是略贵……有一点特别不能忍：就是板子自带的杂志锁屏，关又关不掉，每天变相发广告，烦的要死，看见就想摔了它，现在基本不玩了，扔仓库了……简直一身广告，靠	质量不怎么样，感觉一般，价格也不贵了，
帮朋友买的，总体来说还可以，只是希望商家能够再细心一点！	吃着口感一点都不好，特别苦 ，很失败	效果如同飘柔，洗候没有一点清爽感觉。同事说假货叫我退，可是过了七天退不了。以后生活用品还是去实体商店购买。3.15打假。	太跟图片上的完全不一样，质量也不好，布料太薄了
还行，可以扫二维码的，是真的，我妈说挺好的	才买没多久就降价，真心不爽-_-#	恶心的京东，无缘无故给我黑号	什么手机，卡得不行，都是烂货的，像是旧机翻新，售后特差，恐怕退回去换还是一样，算了懒得换了，买得好后悔呀！还不能说实话，说她们东西不好，还评价发不出。
挺很好吃的，又脆又甜水分充足。。。媳妇也挺喜欢吃。。下次还来京东给力啊！！	小个每天一个正合适，新鲜脆口，但不甜。	味道不错，就是小了，还有模样不好看。老话说的歪果正甜。	不知道是不是加装了内存条的原因，偶尔会蓝屏。内存条DDR2 667 1G
很好，老公很喜欢，就是有点儿大。	还可以，用起流畅。不过系统是手机无线版的，平板是wifi版。不是专门的系统。	已经评价过一次这个饭店了，每次到开平都是住在这里。这次去，好像服务员换了，原来熟悉的面孔少见了。房间里面的电话不好使，发现后马上更换了。希望提醒一下注意服务质量，因为对这家饭店原来一直十分满意的。	差，一点点薄，还透风，
秒杀加满减，性价比很高了，比水果店便宜，味道也好。	不错，爽脆，够甜，送货速度够快！	一点也不修身，而且还有很多褶子，整个裤腿很宽松	这家酒店的网络简直太差了，耽误了很多工作，换了几个房间，永远发不出邮件，打不开网页。
产品到的很快，包装很好，扎实不外泄，还没用，不知道是否正品，保质期挺长，2020年到期，用了再评价！	性价比太低，房间太小、飞机太吵。	昨天到的，今天拿出来吃就这样，还说什么新鲜。	坑的一逼，尺码都发不对卖锤子衣服呢
是买给公司同事用的，轻便小巧，适合女孩子出差带。性价比较高。	是一款很不错的商务手机，功能多，虽然本人不是商业人士，很喜欢。	垃圾手机	袖口链接做工太差了，连接处的做工简直无法直视。衣服拉链看起来也很差，洗几次就会掉色，到时候更难看。早知道这样就不买了。看来还是不应该在网上买衣服。买都买了我也不想退换了懒得折腾，就当花钱买教训，下次坚决不在网上买衣服。
位置就位于屯溪老街街口，非常方便，从火车站打车大概要6-7元，设施挺好，也很干净，房间布置也很有特色，对于我这个要求比较高的人来说很满意，同行的人也很满意！补充点评 2008年8月12日 ： 我们住的是3人间，早餐给露露和橙汁，小窝头很好吃，再要没给我，555宾馆反馈 2008年8月13日 ： 感谢您的点评，希望有机会再次光临本客栈！	蒙牛。好很好，始终还是看到你在舞台上的那一面了。毕业fell毕业快乐好好二吧。攒你一餐@会飞的蒙牛	有很大的味道	这次买的不满意，瓶上都是脏东西，磨的都是痕，感觉像用过一样，洗发水都净出来了，瓶口瓶盖都是洗发水，所以不满意，没在实体店买的好，下回不会再买了
"已经多次入住了,在徐州是一家不错的酒店,环境雅致,早餐也不错,有当地的特色."	很好	"叶海花,不是绝色美女,用心用情,认真的活,认真的爱,不管不顾,只为了自己的心,而不是其它的杂物!而云峥给了她一个女孩子能得到的最好的爱情,宽容,尊重,宠爱.没有教育和改造,这是一份书中才有的爱情吧!"	对华为解决问题的态度非常失望！！！！！！！
挺好的，而且华为有保障，支持国产，争取早日超越苹果三星，就是客服太不好了，说话都没人理。	啦啦啦啦啦啦啦啦啦啦啦啦啦啦啦机	没有QS标志呢，是什么情况？是不是假冒伪劣之类的？谁能给我解释下？	垃圾产品，垃圾手机，我想爆粗，我想问候你全家
第二次购买了，脆甜可口，水分足。	1 钢琴漆，很滑很亮。 2 LED宽屏，看起来很爽 3 按键很舒服 4 活动赠品多	货收到了啊，京东商城的东西还可以啊，没有发现坏的啊啊啊啊！快递员辛苦了！	太大了，且并没想象中那么好，拿来就升了N次级，且死过两次机，屏幕莫名其妙的就亮着，电量也不怎么像5000毫安的
好久没有这么满意的购物体验了。比*便宜了二百块钱不说。而且还能六期免息。还送了膜和保护套。非常贴心啊。物流更是没话说。负责我们这片儿的快递小哥服务好到让我快要爱上京东了。可怕。	还可以 我主要是看电子书 华为的产品在国内可以的 充电快 比亚迪的充电器 给力 就是不支持电信卡	奇怪这么书怎么这么受欢迎 非专业人士能看懂吗 有耐性去慢慢琢磨吗	韩国的书，不适合中国国情！韩国的书，不适合中国国情！
性价比很高的一款，配置不错，做开发变成都够用的，而且加上了送的内存，机器很快哟，钢琴漆的表面也是我的最爱	好好好，很新鲜，没有一个坏果，以后买水果可以转到京东买了，楼下百果园太贵了	质量太差了！穿不到一天就破了！气死我了！建议别买！	这次在京东上买手机是最大的错误，买个手机寄给父母，用了两天手机有问题，父母寄给我再去申请售后，时间超过了七天，只能维修或换货，中间联系京东的人都转了好几次电话才知道怎么解决，好不容易把手机寄回去换货，今天收到的手机还没开始检查质量，充电器这次又漏放了，以后绝对不会在京东上买手机，希望大家也谨慎考虑，手机不行，服务找不到人，真不知道这上面百分之96的好评是怎么来的。
运行速度快、指纹解锁灵敏、操作流畅，屏幕清晰、音质也好，遗憾的是，没有送耳机，电池的续航让人失望。京东的送货速度非常快，快递员也蛮客气的。	确实洗发水稀，瓶子倒过来自己就流出来了，一直不停流	用后头发有些痒，严重怀疑质量	个头也太小了，一个*真是坑人，醉了也是
地点看上去不错，在北京西客站对面，但出行十分不便，周边没有地铁，门口出租车倒是挺多，但就是不带你，除非你上去就跑一百元以上，如果只是起步价，一边凉快去，他说他有事，要不就是马上回家吃饭不顺路。周边环境很差，一天到晚人如潮涌，附近超市、商场的东西赚的都是过路客的钱，价格狂贵。好在四周饭店挺多，肯德基、永和豆浆，加州牛肉面等一应俱全，还算方便。酒店服务不行，携程订的房间，注明上午8点左右入住，但一直没有空房，等到下午一点才入住，还是个残疾人专用房，房间还行，挺大，可以免费宽带上网。结帐时，前台都是实习生，业务不熟练，速度不快，差点误了火车。另外，我一同事先行离店，竟然多刷四千元，等人走后，酒店发现差错，态度还不错，联系上本人退还差价。	难道这就是中国奸商的经营之道？	下单时显示可以预约当天晚上19:00-22:00送达，可是又一次耍了我，不止一次这样了，而且第二天还不是当急件派送。京东现在的约定都是说说而已吗？(物品跟描述一模一样。还没用，用了再来评价。)	房间空调不制冷，说可以换房杳无音讯。室内空气不好！
不错，价位合适，性价比高，不错的选择，一块买了两个，反应快，支持国货	刚买来就出现系统问题，我也是醉了，目前可以正常使用了，用用再说吧，	没想象中的好，用了发质不柔顺，反而变硬了，不易打理...	之所以给1分，完全是给京东的。这么大的销售平台，言而无信，明明在销售页面写着送会员什么的，来了根本没有，问客服说，让点进去之后看有没有，说没有就是没有。既然没有，你写在销售页面误导消费者？？？？？！！！！！！！！！你还那么坦然的理直气壮的说就是没有，能怎么样的态度！！！！！京东，你这样欺骗的方式真的第一次让我失望 了，你不送没有关系，不要写出来宣传，你这样明目张胆的欺骗，你还要脸吗？你还要脸吗？你还要脸吗！！！！你不给个满意答复，就一直会投诉你客服到底！！！
苹果吃起来还可以，过得去！！！！！！！！！！	"物超所值,此次我们是订的三个房间。感慨中西部的服务有时比发达地区好多了。宾馆反馈 2008年8月8日 ： 感谢您的入住，并期待您再次光临。"	真心屏幕大，可惜就是内存不足，所以感觉好慢！！！应该买联想那个八寸的！	服务很不满意，尺寸相差很大，退货了，商家5天没有实际性任何答复，京东客服也是扯淡的，从我买到退货在到今天，差不多10天了，钱也没退，我想知道几个意思？
很好用，我一直用这个牌子的洗发水	预装LINUX 我觉得还不如装个DOS。一般新手不会做系统 菜鸟吧会做系统却不知道要重建MBR，说明书全英文， MSI售后只有省会有。	这个火龙果还是挺让人失望的，买来都有些白毛了	这个赠品少了一瓶，送货时间也慢，标签也是贴上去的，不好。对这次购物不满意
包装很好，物流特别快，裤子很不错，质量很好，显瘦显高，很满意。	看过前一本《大便书》后，跟着买了这本。其实两本书风马牛不相及的，一本是说肠胃排泄，一本是说能量调理，不过都不错就是啦，日常花上几分钟都可以练一下。里面附送的海报很有意思，可惜是正反面的，不方便看，我复印了好几份，办公室、家里书房都贴上了，同事们看着好也纷纷跟着练。动作和呼吸大概是瑜伽的套路，比较简单就是，插图画得好玩，价格打了折也正好划算。呵呵，随身带着，开会时可以看看。	很好，还没有开箱就有香味了，值得买	太划算了太划算了，超市买的要比这个贵好多，还送了小瓶的，但是还没用，等到以后用过了再评价吧
服务很不错，服务员也很有礼貌。房间宽大，设施非常全，房间拖鞋不错，比其它酒店的好多了。酒店位置也很好，购物，娱乐，都很方便。总体很好。	手机可以，就是看到有赠品才买的，谁知道一个都没看到，不满意	我是为差评抱不平来的！酒店装修上面用了不少钱。同样级别的酒店假如在北京至少要3千一晚上，真正的把园林风格发挥的淋漓尽致！推荐！推荐！必须推荐！重要事说三遍！	京东生鲜部门服务差，处理问题慢，服务不到位，差评
服务一流，门口公交四通八达，早餐丰富，值得一住。我到厦门五天，两天锦江之星，两天厦门宾馆，都不错，很满意。	苹果味道不错，价格便宜，买了很多次。	书的印刷质量太差，感觉很像盗版。跟当当买的其他书质量不一样。幸好内容不是假的。	配送服务真不敢恭维，有些字还不让评论，不送货上门就算了，还让跑老远自己去拿！！！！！服务越来越差！！！！
面料和质地都不错，摸着很舒服。	给家里小孩买的，他说很好用，上网很快，值得购买。	酒店离海边很近，入住的4楼在房间可以看到海。但离火车站和长途汽车站太远了，交通不太方便。头天问过服务员早上6点左右退房是否需要预定的士，服务员说随时都有的士不用预定，结果第二天早上寒风中在酒店门口等了半天才打到车。	2007年12月底住的。地方在小路上，司机不一定找得到。屋里霉味极重，房间脏，没热水。第二天他们告诉我，那间房是从业主那里刚收回来的，没准备好，不应该租给我的。怎么不早说啊。（哦，这里客房、业主、写字全混在一起。一楼你要问事不小心问了物业而不是酒店前台，他们还给你脸色看呢，晕！）我要退房，有位姓李的女经理死活拉着我接着住，赔不是，给我免费升级。你现在态度好，但是你们总体还是很差啊。楼顶的餐厅早饭绝对差，晚饭不知道，地方看起来就很怪，没有人气。总之，千万别住在这里，如果无改善的话！
华为的产品性价比超好，画面清晰，速度很快，包装很精美，支持国货?。京东的服务很好，电子产品还是上京东买放心。赠品都很实用。	速度速度速度速度速度速度速度速度非常快，直得买	不知道怎么样，反正最近买的东西少称的比较多，	作为飞机转机还是不错的，就是我订的双床，给的是单床，而且单床比较小，因为客人太累，就没有调了。
安意如，同样是感性的女子。一个才女，就如她自己形容的一样，一流的才女，即使隔了千年时光，心智也是有共通的，身上流落的气息韵致，像老房子里留下的檀香木衣柜，总是高大沉厚的样式，何时打开来，都迷茫着淡淡香味，有恍惚相识的感觉。她的诗评，更多的是写出了女人的心事，叹服于其文学底蕴的同时，字里行间也时不时地可以邂逅到令人感动令人流泪令人反复咀嚼仍不觉厌倦的句子，似乎只有写下来才不觉可惜。	不错	做工都能这样 真的可以 滑稽	质量差，不是正品
买一送四，非常满意，感谢京东。昨晚下单今天就收到，物流速度快！给力！！！	第一次在京东上购物，我觉得这个裤子质量蛮好的，非常喜欢，而且本人是一个牛仔控，看到牛仔裤就很喜欢呢	很不错的酒店。可能找起来稍微有一点麻烦，不过，在港澳码头就能看到很大的金龙酒店/娱乐城的标志，实际上就在金龙后面。服务很好，拿行李的服务生态度也特别好，可以顺便问下路。大堂可以兑换货币，换一些零钱可以方便乘车。最好问清到码头巴士的时间，一般是半点一班。房间也不错，面积不算小。插头转换器上一共有三个插头，所以，只要一个就基本都可以够充电了。如果硬要说有不足的话，就是离公交车站稍稍有一点路，大概1、200m左右。主要是澳门的巴士都不报站，所以容易乘过。第二次乘，坐到澳门旅游局或者金莲花广场后面一点那一站，就可以少走很多路。	还不错哦，速度快东西好用
买来送人的包装好，没有破损，没打开看，相信京东的品质！感谢快递小哥雪天及时送到，好评！	"我是7月5号6号住了两天,本来是城景房的,因为我去的时候没房,给我免费升级到可看到30%海景房,酒店房间还不错,纯白色,交通也便利,酒店下面就有空调旅游巴士去大东海亚龙湾和机场.去春园海鲜城也很近.唯一不足的是房间没有浴缸,总体来说还不错,下次去还会入住."	他吗的假货，上当了，你们不要买。	没有屏幕贴膜；信号十分不好；系统太多没用的软件；屏幕虽然大看视频一点不清晰；照像录像都不清晰；算了说多了不好
不错，外观可以，66666666666666	反复开关机	我的巧克力用了两个月就出现了死机的问题，也不知道是怎么搞的，我特别喜欢它，但是我觉得这样高价格的手机，应该有很好的品质，现在我很担心，因为它躺在维修店里。不知道这样的毛病会不会在有。	不好用！真的假的啊，洗完特别干
生产日期看不到只有裸瓶，也没有外包装。使用日期在标签下面有，用过一次感觉还可以	太一般了，，，，，，，	不怎么好，掉发严重，买那么多东西也没有小礼物	这家如家实在是太差了，定了两个房间，一个还没有窗户，一个所谓的商务大床房，结果小的不能再小。希望大家入住以前一定要好好看看我们住过的人的评价，真的觉得很差，我也是因为打电话预定，没看到以前住过的朋友的评价才住进来的，入住的时候已经10点多了，结果还等了20分钟才办好check in，勉强住了一天，第二天一早就退房了。建议大家不要住。
价位合适，屏幕好，散热不错，开一早上不觉得很热，尤其现在是夏天	配置比较不错。性价比可以。毕竟这个价钱。装XP花点时间也装的好	大清早就吃鸡腿，真好吃，我都不知道三凤桥是哪，不过这个礼盒算是肉，八个肉菜，好吃好吃。江哥还给我送早饭了，蒙牛纯奶还换包装了，我居然都不知道，是有多久没有喝过了	"绝对不值!!! 刚住进去卫生间水管爆裂,,匆忙找服务员,半天才来,非常麻木,看了看去找修理工,大概5分钟后回来,此时房间积水有1厘米,半天没修好,要求换房间,然后漫长的?"
一如既往的好吃，价格也是最低点。	一直用这个挺好的一直用这个挺好的一直用这个挺好的一直用这个挺好的一直用这个挺好的	我才买的，送包应该也有我的吧，质量还是不错对的起联想这个牌子啊	物流太慢了，是水果能不能换家快递
很好很好很好很好	顶起！！！ 我早就开始要求身边朋友亲戚都不要买蒙牛伊利了，人人用脚投票，这种无良企业就无法生存。珍爱生命，远离蒙牛！	自己去松江配送点拿的货，一打看就看到显示屏下方的有一处黑漆掉色严重．是帮朋友买的，郁闷中．	码数偏大，物流超慢，
这样的价能买到这质量非常不错。	用起来还不错，但是还是有点不好拿。。。。	本来以为京东自营的东西一定好，一定是正品，没想到这次买的这个洗发水洗了头发，头皮就痒，不知道是不是买到假货了	垃圾，洗了头屑比之前还要多，太失败了
哦价格实惠，送货速度快，东西质量也不错，给赞！	这是海底世界，有用一次性纸杯、纸盘、圆桶做的小鱼，各种形状色彩、有用一次性餐盒做的螃蟹、还有将蒙牛酸奶盒做的氧气桶、用饮料桶做的海底通车隧道……老师们的手真真儿的巧啊！	房间有点小。但总的来说还不错，尤其是电话免费、宽带免费。在阜阳应该是最好的了。	第一次买这个牌子的洗发水，没有我以为的姜味，期待效果
很顺滑不错。洗发水很好。下次还来	质量很好，是正品，速度很快，还给了很多赠品，华为专业制造手机，比某米没有自己的工厂都是带加工的，比某视，出电视的出手机。还是华为*都在用华为你还犹豫什么。	胡不过在卖弄词语，描写虽然有过人之处，我总感觉有句无篇。张迷尚可以一看。鉴定完毕。	反正一个月没到就扬声器出现问题，只能维修。维修这段时间怎么办是我要思考的问题
尺码正常，质量不错，颜色 也很正，很满意，实物比图片好看	夫学业在勤，故有锥股自厉；志于文也，则有申写郁滞。故宜从容率情，优柔适会。若销铄精胆，蹙迫和气，秉牍以驱龄，洒翰以伐性，岂圣贤之素心，会文之直理哉！    且夫思有利钝，时有通塞，沐则心覆，且或反常；神之方昏，再三愈黩。是以吐纳文艺，务在节宣，清和其心，调畅其气，烦而即舍，勿使壅滞，意得则舒怀以命笔，理伏则投笔以卷怀，逍遥以针劳，谈笑以药倦，常弄闲于才锋，贾馀于文勇，使刃发如新，腠理无滞，虽非胎息之万术，斯亦卫气之一方也。	离机场近而己，其它什么都没有	漏的一塌糊涂，而且是二手货，又像被踩过，果断退货。
外观时尚，机身设计有七彩灯，无须再为挑手机饰品费神、费钱。手写识别能力高（这个价格支持手写功能已经是很难得了）而且支持GPRS。铃声音量较大，最吸引人的是价格低廉。	苹果挺好的，这次活动买了好多。	酒店还算干净，送早餐，就是酒店名字容易让人误解，周围没有湖，感觉还可以。	给老人的水果，买了二件6个果坏了4个。京东自营的还能这样，对京东有点失望。
就书的内容来说，比起动画还是差些，有动画版故事简介的感觉。不过能减少孩子看电视时间还是值的。	酒店的通风不好，感觉很闷，设施很陈旧，根本达不到四星标准，早餐还过得去。	地下停车场霉味很重，并且有很多垃圾堆积。应该不是一两天了。放了补鼠器，却没有人清理垃圾。一到酒店，店员就推荐你加200升级房间。599的房间给你的是98年建的老建筑底层房间，高度不高。找房间就像是找迷宫。除非有人给你带路，不然你必须有很好的记忆力。 有些压抑。有一点霉味，房间很小，窗户外面就是泳池，我觉得有点吵。其他房客就在窗外玩水。如果想要稍微舒适一些的房间就得补差价，差价200，800升级到08年装修的新建筑。补200说是提供一个带花园的房间，结果这个花园就是一个密闭的围墙里，种了一滩竹子。摆了一张桌子两张椅子。感觉有些压抑。酒店又说提供新房子带小阳台的房间。的确好一些，但是房间破旧不堪，床罩还有一滩污渍。连电视也是低配的飞利浦，画面不清还会死机。所谓的阳台，非常迷你。被特色吸引来，结果非常失望。深深的套路.如果这样为了吸引旅客过来消费，还不如把送的下午茶和盘门景区的门票钱用来改善破旧的家具和提高卫生的标准。 如果说你是一个喜欢复古酒店和做旧家具的房客。那么这家酒店的确能非常好的满足你的要求。服务员的态度都很好，这是值得加分的地方。也是五星酒店该有的素质。而管理层对家具破损的视而不见真是严重损害了住客的体验。	位置不是很好，交通一般，离地铁站比较远，一般只能打车，房间里空调老化，一晚上不停的响，还有蚊子，刚进房间就发现被单上有很大块的污渍，后来叫服务生才还掉的，感觉不是很好。
送的小样很好，出差可以带着用，很喜欢?	哎~蒙牛伊利2家黑心奶厂不差钱儿啊！ 不看不知道，一看吓一跳。转发微博	我只想说，个头大是大，你放几个坏的干嘛呢？拿石头砸自己的脚很爽吗？	1.回车键和发送键连在一起，容易误操作2.待机时不显示时间，只有再按一下才显示3.外放比想象的差多了，为最大的不足，看样子是2个音箱，实际只有一个4.移动的定制的，有移动的标记和快捷键5.添加播放列表很麻烦。（本人不觉的）6.目前软件不稳定，或多或少造成使用的麻烦。附加 1.我使用半个月 白屏两次　死机 一般是拨对方号码没嘟嘟声 然后按挂机健没反应 按任何键都没反应四五次了　按c上面的那个取消按钮有时可以挂机2.键盘锁住了不像诺基亚或者摩托的一些型号只有按特定的按钮才能亮屏幕e2 是按什么键都会亮 所以经常不小心按倒按键使得屏幕点亮很浪费电池3.法短消息不能像其他手机或者型号编辑完短信按发送键后他会出现号码或者短信菜单让你确认　而是直接发送再加上他的发送键和回车键近很容易没写任何内容就不小心按了发送键或者导航键而发送了空白消息5.c键在很多时候不代表推出　要用选项键来取消发送　如：短信到了草稿箱 短消息不能马上用删除 而是要选取消6.个人觉得他要是有摩托的其他系列的 复制 剪切 粘贴功能就好了　很方便的把多条短消息　放在一起转发人家
酒店位于别墅区内，适合全家人度假。南楼距离主楼比较远，有时感觉不太方便。酒店南楼的SPA环境非常好，推荐。	国产的还是不行，买过来也没什么用，有些卡	收到是白屏，太郁闷啦。不知道是质量问题，还是大偶尔。但愿是个案。	苹果每个都很小，吃了四个，有两个坏的。外面看不出来，削了皮看到一块坏的。坑。在网上买水果就是省得自己往楼上拿了
货收到了，质量不错，款式喜欢，材质挺好的，做工精细，物流很快看着还不错 还没穿过 希望质量会不错 期待	裤子的质量非常好，穿着很舒服，以后买裤子就来这家，便宜又实惠。	已经买过好几次，东西真的不错，服务也好， 什么都好	﻿一直信任这个购物平台，每天都会买水果，每次都期待不一样的体验，这次购物特别心塞。一点都不新鲜。欲哭无泪
衣服挺好，快递挺快，好评！！！	By the way .我希望，电视剧拍出来一定要好。演员选择很重要。千万不要像《会有天使替我爱你》一样，看书看得我很感动，电视拍出来只想骂。我祈祷。	离地铁站有点远，房门隔音差，地毯脏	不好吃，太酸了，根本不是烟台的，我在烟台吃的不是这样
外观比较冷峻，功能也比较齐全，mp3\mp4\200万像素……mp4可以横屏哦~~~用的感觉还行吧	虽然有教案案例，但是感觉不适合我这边的教育模式！我们的实验条件没有那么高不管是学生或是教师对生物都不够重视马马虎虎就行了，中考即使你不看书，也是一定能过饿！好的教室上课的视频我也看够了，那是北京的她们学校的学生在这方面很重视学生对生物的学习也会准备的很充分实验数据跟讨论都能起到相当好的教学效果跟配合不过这个书对初中生物教学重视的教师是有帮助的！	才三成，看来舆论的力量不够大呀… #快消头条# 蒙牛负面报道致销量下滑三成？	打开，削2个，2个的心都是坏的。
裤子非常合适，颜色也很好。真是大品牌。本次购物非常满意。过几天打算再买一条裤子。	出乎意料的好，坏的一个也没有，而且几乎没有压伤的果子，快递送到楼下。第一次在京东买生鲜，这么一看，在京东买生鲜也很靠谱的，比自己跑去超市买，不仅省事，而且省钱，同价位的苹果，超市这个价可买不到。京东有自己的物流就是赞，知道要爱惜每一件包裹，比起其他物流公司好太多了	前段时间给儿子买了蓝精灵系列（第一辑），他狂热地喜欢看。只要是空闲时间，他都会捧着一本，细细地读。沙发上、床上、车上、马桶上；早饭前、晚饭后、睡觉前，他都沉浸在蓝精灵的快乐世界里。每天回到家，都会听到他兴奋地说：“妈妈，我又认识了一个新的蓝精灵，它的名字叫。。。”。所以这次毫不犹豫地购买了第二辑，他还是一如既往地喜欢。如果你家有3-7岁的小朋友，建议拥有一套哟！	大过年得让我中招不高兴 都跟着闹心吧 互相伤害吧！ 真是活久见钱给了不发货 还不吱声
宝贝与图片一致，而且是正品，放心购买。	经过我的亲身体验，这家店信誉是相当地不错。宝贝的质量更像钻石一般。太感谢了！	用着不错，但不知道以后了	酒店不像是五星的，最多三星标准，比较失望，两个房间的海景只能看到一个角，而且服务意识都没有，我们两个房间都忘了东西，结果都到蓬莱了还没人联系我们。打电话想让他们寄回来，结果都在踢皮球，闹了半天还得回去拿。郁闷~~
苹果不错，个头不太大，但是非常新鲜，看着不错，希望好吃！	东西不错，大一点的手机的感觉。	"实用性不强,看了几页就看不下去了."	特别卡，本来以为玩游戏会卡，结果解锁和微信都卡。商城里很多软件下不了，下载了乐视一登会员帐号就卡死闪退。分辨率低，屏幕黑边大这是肯定的，这个价位的不可能特别好，但是拿到后还是觉得很失望，想退换个好点的，可是赠送的礼品我都用了，无法退了吧。
安装xp系统后，感觉速度很快，其内存质量很好，与双通道内存速度相当。sis的芯片组也没说的那么差。所带的驱动盘是傻瓜式，直接安装就行了。机器运行比较安静，能够满足大多数人的需求。	拿到这套书，我一眼就喜欢上了，做工很精致，封皮很精美，图画很逼真，很有真实感。可是我觉得我家宝宝23个月看这套书有点早，这套书的内容文字说明过长，小宝宝没那么多的耐性听完整个故事，即使听完了，我个人认为他也不会理解太多，而且书里的图画颜色不是很丰富，小动物的动作表情少，不能吸引小宝宝，如果再大一些的宝宝应该会喜欢这套书，我准备留着等我宝贝大一些再给他看	"我在两家500强跨国公司工作过,翻了翻这本书大致可以还原出作者的真实品行和生活状态,土包子就是土包子,在精神层面上永远变不成白领的这本书骗骗2-3线城市没见过外企世面的人大概还可以,在上海会被完全无视."	很垃圾，很差，淘汰货，分辨率很低，跟同价位的红米没得比，送人都难为情
已经收到货物了，快递小哥没有受天气影响很快就送到了，用了一天感觉很好，速度很快	还行，就是给老人买了个解闷的玩具，看看视频，看看新闻。用不着太复杂。	开机时和关机以后风扇声音很大， 没有系统和驱动盘，要是能一步到位就好了。	垃圾东西，1?都不想给。千万别买。歪的一逼。丑的要死，还有酸味
挺不错的，非常流畅，真心的自己手机买乐视这种牌子后悔了，虽然配置高但是流畅度远不及华为	散热一般，风扇声音略大了些！ 说明书太简约了点，不实用，还得自己摸索！	京东品质，三个都是这样的，另外一个由于老人不懂，已经吃了！我就问京东你，这样的产品怎么就能发货！！！	服务态度差，不推荐，店浑浊
双十一买的！拿到手是这样滴 大家看看吧	刚收到就屏幕不清晰，不是很亮，联系调换，客户说只能换同款，真是忽悠同款还不一样，还有什么好换的。所以说无理由调换一点意义都没有。	真的差，这家酒店实在是服务有问题，说染头发掉色，弄脏了他的枕头，还问我要不要拿走（埋单），呵呵，住了那么多年酒店也是第一次，也不和他们说，你喜欢怎么扣就扣吧，以后不会再住如家，我第二天住了淄博饭店2天，也看到枕头有印，但是我告诉他们，他们说我们会帮您换上新的，这个我们会清洗了，实际上也住过如家几次，实际说真的，并不是非常理想，房间隔音差，管理参差不齐，酒店位置差，加上打的费用一样！就是靠服务员说几句你好就是管理？就是如家？以后真的不住如家！	重来没给过差评，现在不得不给了。两条30的裤子，居然一条穿不了……
划算。继续支持京东。好用啊！	挂的是三星的牌牌，但室内、用具、环境及性价比还是差太多，现在可能是哈市的旅游旺季，因为是冰雪的季节吗？房间内有股汗味让人实在受不了！	手机电池不耐用，带机一天都不行！！	差，连基本的耳机，都没有
不错欧，屏幕很大，反应也不错，支持华为荣耀	能够了解经义的人，就好像喝了牛奶。可以调伏身心的人，就好像吃了乳酪。与法教能相应的人，就好像品味生酥。有了大乘智慧的人，就好像尝到熟酥。总持一切法门的人，就仿佛品到醍醐之味。牛奶的醇香，乳酪的香甜，想起两样好吃的东西，就会流。。。。。，原来佛学中有些也是来源于真实的生活，修心养性，不错，一举两得。	东西好，价格便宜好，速度还快，好久都不在超市卖东西了	这套书太乱，女儿一点看的兴趣都没有。买来就束之高阁了。
房间很大，习惯了一般标准间的面积，一进门还真有点不适应。标间的床就像某些酒店的大床了，不知道大床间的床有多大。周围景色还好，我的房间对面是个体育场，远处有几座山，早晨起来感觉不错。我是去中州铝厂出差，很方便，对门就是铝厂的一个门口。有时候人会很多，像是旅游的样子，好像是去云台山的，可惜偶没有时间，呵呵！	音效谈不上惊艳 两个喇叭声挺大 不过开大了会震动	不好 有异味 。。。。。。。。	看见商品瞬间失望，里面只有巴掌大的小瓶，完全不敢相信是当时买的，非常小，先试用了一下，有沫，但不是很多，香味完全没正品香，手一洗就没味，之前买的直接飘香，都感觉不如洗手液，建议大家慎重下单。。。。
已经收到宝贝了 质量非常好 而且没有味道 而且店家很热情 这条裤子很超值 大家可以放心购买	质量非常好款式很好看，面料不错，穿上很舒服很修身	苹果，脆，甜，同事也一起来买!	人性化设计功能早已落伍，但性价比很高
买买买，昨天趁促销买了很多洗发露，护肤品，家里快变京东仓库了，当然购物少不]蒙牛红枣味早餐奶，特伦苏小女儿最喜欢，大女儿就喜欢伊利味道够清，京东购物，快，放心	这次的苹果不甜，没有水分，还有坏的！	包装差，连泡沫都不放，直接放在一个纸盒子里！	在呼吸灯的上方，竟让有磕碰，都磕掉原漆了，我真的很点背～～买了两次手机都是二手机～
第一次收到这么快的不可思议的快递，洗发水很香包装完好，居然还第一次看到了发票，虽然还没用，但必须给好评！	都是灰，就一堆东西乱丢，京东能有包装吗    ？	我的手机是cectt590直板超薄的，液晶屏太差，看不清。不能上网发彩信，但在说明书上有此项功能，找销售又说此机型不能上网，电池只能用一天，真差	总结一个字：“差”！环境差，服务差！很糟糕的一次住宿体验！
很不错的一条牛仔裤哦~颜色很正，穿着又舒服，恰好是我想买的那种，款式有很好，特别适合我的风格，关键是还不掉色！卖家服务态度好，物流给力！下次继续光顾！	裤子收到了，面料特别好，穿着正好，裤子的弹力不错	小苹果，多水。拿来打果汁?，不错。	CPU一般~而且主板前端总线只有667~800内存的内存全部降为667工作~而且显卡显存一般~功能键部分不是太好使~可能驱动没有装好~提货时发货人员服务态度一般~
苹果挺脆，籽核挺小，挺甜，包装不错，没有磕碰坏的。	用着还行，挺好用了，买了个m4，应该挺贵的吧，就买了，就买个这个就行了。	"各方面的硬件都不错，只可惜这么冷的天气房间没有暖气，有点冻！宾馆反馈 2008年4月14日 ： 让您受冻，酒店深表歉意 ，我们酒店有取暖器提供,在您入住期间，如有任何问题，请致电酒店大堂经理（电话52），由其做相应处理。"	吃了居然拉肚子，什么东东这是。以前吃从来没有过，最近也没有身体不舒服。
东西不错，价格也好，货真价实，这个套着挺值！	"看了这本书给我的感觉是很不仅好看还很有用处,本人就是一家外企的行政,但是刚毕业一年多还算菜鸟阶级,书中的狠多知识都能弥补我的欠缺,我把涉及到实际理论方面的那几段都做了标记,特别值得我借鉴和研究.相看恨晚啊!!!"	"【荐书】许多人一生都在忙碌寻找自己的幸福,却忽略了在身边的幸福!有人想寻找童年,有人想遗忘童年,无论那种情况,你都可以在失落园里找到那种感觉,在我每次难过的时候,我都会拿出这本书来安慰下自己!在里面能得到心灵的宁静,我推荐这本书也是希望所有和失乐园一样的朋友,能寻找开心,遗忘痛苦,请相信黑暗的背后一定会有光!"	很不满意 说好的号码 结果穿上还是那么大 运动 真想扔了
裤子收到，老公很喜欢，裤型也很好，穿上很好看，面料穿着也舒服，下次还会再来	圆通快递送货很快，服务也不错，给个五分，给家里买的，家人都很满意	正本书是同事让我代买的，她是位国家二级心理咨询师，同时她又是位很称职的妈妈，她女儿刚满4岁，按她的话说这个年龄是接受家庭教育的好时机，她常会买些儿童看的书给孩子阅读。我同事说这本书的内容围是围绕着作者女儿成长的经历写的，其中，作者的做法对家长们在家庭教育上有一定的借鉴作用，一般可阅读到到孩子上学后，还是比较值得购买的。	宝贝收到啦！质量不错，非常喜欢
昨天下的单今天就收到了 物流很快非常满意 节省了我花时间去超市购买 还省了我的油钱 包装没有变形破损 拆开包装宝贝儿没有破损泄露 必须给你个赞 这说明用心在服务 拿出一小瓶打开盖 用鼻子味了一下 再给你个赞 很清香没有刺鼻的味道 还有一种薄荷凉爽的感觉 绝对正品 虽然错过了618的活动，但是还是让我享受到了5折 赞 比去超市方便 节省时间 有需要还会来买	试穿了一下，还挺舒适的，可以的！挺满意的。	东西很漂亮，要是有个套子就最好了。	怎么说能，这个裤子，我认为还不错，外观也好看，很好看，我表示很喜欢
非常值，就是赠品也太小了，虽然是100毫升的我知道，但是我家175毫升的也挺大的。怎么那幺小。迷你迷你迷你型?总体来说挺不错的了，香味和真的一样，还没用。用过之后在评论一次。	1、发热量大，需要配备额外散热系统，真的热死个人。 2、模具质量确实是一般。。 3、配备的CPU太搓了，这个系统的瓶颈就卡在CPU上了，667的外频啊 4、键盘不适合胖人使用，分布比较密集	服务还可以。房间奇差，我住的是商务楼层，味道特浓，空调像大马力鼓风机，只能开窗睡觉，整夜与蚊共舞（我是凌晨入住的）。还要表扬一下，携程的客服，当天不知道为什么，几乎所有南宁的酒店都没有大床房，客服还是很有耐心帮我联系好几家酒店。	个头小的，看别人晒的图怎么是大的呢？奇怪，不满意的购物。
哈哈，昨天下单今天就到了，两大瓶，三个小瓶，足够用很长时间啦，认准清扬，这个夏天头发清爽，快递给力。	这是一家国营的宾馆，感觉一般般！设施比较陈旧！	在京东上买了很多东西，而且用施华蔻的洗发水也用了很多年了，但是这一次的真的假的不行，头发打叉不说还很臭，头发洗完了还很粘，以为第一次是没洗干净，结果第二次清洗了很多遍还是一样，很粘	差差差，问客服光叫发图片和维修网点叫送去维修，什么都决绝不了！和描述的不一样！不能分屏反应慢！也没有配送什么东西，别的网店都会送钢化贴膜皮套耳机，他们没有！还不退货！就是物流快！就给个差评
"mp3,u盘，35万像素拍照，TFT显示很绚丽，真的很好！用了3个月，没任何问题，一个字爽！！！"	物流很快，昨天买的今天就到了，哈哈，今晚就可以用咯，头皮屑实在是太多了?	上次买的挺好吃，希望这次也一样	感觉跟在超市买的不一样。因为做活动囤的货现在才开始用，洗了以后头发好痒。不晓得可以申请售后退货么可是我已经打开了?。京东直营如果不是假货就是不知道啥渠道来的。真的跟超市买的不一样便宜没好货啊！
穿上很舒服，老公特别喜欢，带着它美美的旅游去喽	一直以来都想拥有并细细品读张爱玲的所有作品，很喜欢她骨子里表现出来的上海味道，尽管年代久远，时空转换，但是今日读起来仍如发生在身边的昨日事，直到在当当里才找到所有的作品（《小团圆》还为拜读，甚憾！） 。斯人已去，只想重新找到她的影子，亦如重新回味童年里捧着一本发黄的《红玫瑰白玫瑰》那种懵懂、那种激越、那种冲动。感谢当当的周到服务，也很抱歉时值今日才发表自己的观点。	早餐比较差，别的都还好啦。离香洲汽车站满近的，步行不到10分钟也就到了。这点满方便的。	太次，布料真心垃圾
刚刚收到就迫不及待的让老公试穿了，他说挺好的，就是裤腿长了点，哈哈，喜欢的可以放心购买啦，质量还可以	第一次寄来错了尺码，和客服沟通换货，答应换蓝色的裤子，结果还是收到黑色的，毫无信用可言	不好，非常不好，客服服务也太差，物流慢也慢是一回事，还把货弄丢了，联系客服人人自己跟单找寻的，跟单却是已经本人签收了，可我根本就没收到过货，而且时间也过去半个月了，大家以后还是别买了，以免上当受骗了	为什么我买完又降价又送东西的 为什么要这样呢 让我以后怎么相信你呢京东君 让我情何以堪 伤心了 难过了 给你个差评吧谁让我伤心呢
是最值得推荐的一本科学育儿书。这本书文字简练有力，案例丰富，虽然都是外国孩子的案例，读过以及实践过后，我发现天下孩子和天下父母有很多相似之处。这本书我百看不厌，每次碰到困难的时候，都能从中得到启发。相信每个爱孩子的父母都能从中获益。我还买了一些送给当父母的朋友，我觉得这是最好的礼物。知识就是力量，象书中所说的，养育孩子光有爱还不够，你还得有知识有力量，这样父母和孩子都能共同成长。	支持京东，喜欢京东品质保证！我的生活用品基本上都是京东买的。物流快，送货入户这点我最满意！	入手一周 还满意 一直用华为的手机及平板	苹果单体不错，是我喜欢的口味，就是有几个从芯子里面开始坏了。
裤子质量很好。和客服卖家描述的一模一样。超值超喜欢，穿上也很舒服，喜欢的朋友们赶紧动手吧	不好，毕竟很便宜。	送的钢化膜居然是坏的	第一次在京东买水果，太失望了。。首先味道一般，其次个头一般。。差不多6块一斤，这个大小口味色泽都不值这个价。。
在这个酒店住过至少有四次，进行一下简单的评价：房间的面积比较大，够得上四星的标准，只是有些房间稍旧了点；房间的设施中规中矩，还行，电脑的上网速度还可以；卫生间的花瓣很欣赏，这一点相当不错；客房服务员的态度非常好，很欣赏；总体感觉较好，推荐！！！	如果散热能和THINKPAD一样就好了，那怕增加点价格也是可以接收的	才收到用几小时就坏到修不好	一箱苹果分两层装的，第一层是好几个摔伤了。倒也不介意，运输难免。可这第二层的的苹果，把外套取掉之后、就都是这样烂的。很不满意！
"亚运村地区, 以这个价格, 还是相当不错的.交通方便, 楼下的酒楼很有特点(味道江湖),日日客满, 8:00PM以后有表演, 相当不错,来晚了占不到座位."	东西不错就是个别客服超烂 态度差业务能力差 欺骗顾客购买商品	外表光鲜去皮后原形毕露。换货申请两天没回复。	以后不会在京东买水果了。烂加不新鲜还贵。如果贵点。新鲜到无所谓。买的都起皱了。。还不如去水果店买
性价比太高了，同学一个月前在数码城买花了3800，太超值了。CPU是奔腾T4200的，基本上是4000左右本的标配，强烈推荐	总的来说酒店还是很好的，有机会还会住该家酒店。早餐很丰富，而且还是免费的，吃起来很爽，唯一的不满意就是嘉宾楼离前台太远了，要走很长的一段路，在嘉宾楼很少能看见服务人员，想要询问事情非常的不方便	"前台服务态度非常好, 房间大小清洁也都不错退房当天早上才通知延至下午三点退房也ok.离万象城近有机会还是会入住."	买贵了，京东价格一直在变动，买的时候1888现在1868，而且这个价格买这款产品确实不便宜，建议大家看好再买
好吃，脆甜新鲜，非常好，送货快，满意。	看电视没有问题，买了两个	很小的个头。一个也就450g。根本没有3个1公斤的。加上包装估计就差不多。	才用一天屏幕就有阴影了，不知道怎么回事。。
不错，上图和送来的苹果有好大的差距，送来的苹果是过季的，苹果颜色暗淡无光，如介意的不购买。上图看是很新鲜。	最恨的就是你这种坏了一锅粥的！蒙牛	哎，收到货后打开一看，三个坏了两个，大夏天，伤不起啊，是不是应该联系京东客服啊？	差差差，太差了！不是一般的差，我希望以后携程不要再推荐这样的酒店给我！！！
东西收到，质量不错，对得起这个价格，很满意。好评！	不懂为什么有那么多人推荐，而且排行榜那么靠前。	对这次的购买很不满意，一，穿在身上用手摸，裤子的颜色都要跑手上去，二，有个地方有五六公分长的地方是毛的，我有图！三，这种蓝色，真不怎么样！	垃圾二字都不足以描述我的心情！退都懒得退
书本身是不错的，虽说是一篇篇短小的游记，但读来却感觉是小小的散文一样，让人身心放松。周末起的早早的，坐在阳台读一两篇，感觉尤其好，能让人精神小憩。不足是好像不论什么小镇，介绍起来字数都差不多，像是定好了字数去写的，有些很好的地方感觉没有说的特别到位，惜墨一样的感觉。还有虽说每篇都有一两张图片，但配合文字特别介绍的特点应该有匹配的图片更好些。	回复 我的雷滴老天爷啊、我一平民百姓这么小的人物随口一说您都发现了、我好幸运、好幸福啊、谢谢您 、爱蒙牛的酸牛奶是我近六年的喜好了、我不得不承认我爱这个品牌酸牛奶、我喜欢这个味道、即便包装袋换了几次、但味道依旧让我心动。您好，感谢您对我们产品的	"三人房和商务套房都不错,房间很大,适合一家人去住,厨房设备齐全,还有洗衣机.补充点评 2007年12月21日 ： 但房间设施和用品就非常一般,大概2星水平!!!"	插座只有一个。太不好了。 看其它的是4点1。 实际的情况是地板脏，厕所臭，附近还没吃饭的地方， 差评！
酒店设施一流，房间设施一流，前台及销售人员服务非常令人满意，我因为是陪同客人去旅游，旅游路线不了解，询问了酒店总台，总台马上安排酒店销售人员热情为我一一解答，销售人员还提出如有需要可以陪同我们一起前往旅游景点，让人有宾至如归的感觉真的非常不错，但美中不足的是酒店的早餐，我一共入住酒店2次，每次早上我大约都在9点去餐厅用早餐（9：30结束），但是每次都是没有什么可以吃的了，每次都有很多客人都在向服务员抱怨，而服务员也没有作出进一步的反应，我觉得这与五星级的酒店不太相忖，希望酒店能予以改进。	听同事讲早餐很差！	大小不合身，换了一次，还要自己付运费，买了4件，2件不能穿。京东也有坑嗲的！！！	我只说，**垃圾了，多不要买，**！！！！！！！！！！！！！
物流超快啊，点赞。包装很好，真的很实惠	多次购买了，每次都没有失望，尺码标准，做工质量都好，一点也不比在专卖店买的差	在当当一次性订单600多元，可是送货的只把货送到楼下，说：“你的书那么重，我只赚你1.5元，我不可能给你送上楼。如果你自己不拿，那我就把书拿走”。我不知为什么你们之间的矛盾要把我们消费者牵涉进去，我们并没有少付一分钱。请当当给我一个合理的解释。	真是又小又蔫又差，还不如超市的处理货！
非常别致的一家酒店，设计很独特。地理位置有点偏，但酒店有班车也挺方便的。下次还会住。很喜欢：—）	看着不错！还没有使用！看评价都说不错！所以给父母买一个，玩游戏！接打电话……	不足有两点： 1：风扇噪音大   从一开机到关机风扇就是一直转（用手摸摸出风口 有时吹的是凉风）不知道是不是设置有问题 还是风扇。	不是所有的房间都有阳台入住记得要问一下向马路的单床间 两头的都没有阳台服务很好隔音很差尤其是晚上只要有人在走道说话一清二楚
就是冲着电池性能去的，看电影大概能用到5小时以上，用节电模式应该还能再长。机器整体做工不错，键盘用着很舒服。	货还行，快递员有点缺，觉得自己不来呆	讲真，一般，跟想象的和图片差太远了，好几个半青的，酸	没有送到家也就算了，还放在那么远的地方让我自己去取，心塞的一购物，虽然蛮快的
苹果还行，有一些擦伤，不影响吧，毕竟不会坏的苹果也是不敢吃啊	洗的很爽很凉快，下次还会再来光顾，那罐沙宣好像是伪劣的，（家人公司做活动送的）洗完头皮痒，正品清扬不会，以前**买的**清扬，洗完头皮也痒	老婆再用。电池太不禁用了，大半天没电了，表示选择错了	真不知这本书怎么在韩国热销的，无聊得要命，内容空荡荡，我看了几页就看不下了，明明他的字很大纸又很厚的说
质量好，发货很快，我很满意，不错的宝贝，谢谢卖家，好评	质量很不错 穿着很舒服 客服态度也很好 物流也是杠杠的 很满意的一次购物 下次还会再来的	包装精美。送货速度快。苹果很新鲜。一起买了很多别的水果。也都特别好。京东老客户。生活所需一应俱全	"住鸿宾楼客房,感觉比前段时间来住更超值了,发现通道地毯换的很漂亮,有点高星级酒店的感觉,另外房间里都可以提供宽带上网了.住在这样一个在努力进步的酒店,我喜欢"
机器很轻，屏幕效果很好 我这台屏幕没有发现坏/亮点机器本身就带VISTA	太大了，一点不合适，唉，都不想说了	买大了，我已经申请换小号了，但一个多月了还没寄回来，极差	买回来不到一个月掉*来块，所谓价格保护都是假的，说我有赠品，不接受保价.呵呵，这一份是给京东朋友的
真的是正品，质量也不错，值得大家购买。	凑单买的东西，一直都在用这个牌子的洗发水.不错，快递小哥态度好	假货，电话查询无此号码，看吊牌吧，去年买了个表，法克鱿鱼，一万个差评，擦亮眼睛别上当，不会再来了，滚粗。负一万分！！！	劳资不想说啥了，要的黑色送个蓝色，要的加绒送个薄的，还特么送的死慢死慢的，垃圾中的极品！！
裤子质量很好，很合身，穿起来很舒服，店家发货也很快！	航空酒店还是不错的，房间也干净整洁，地理位置也好，价位也适中。	很好很好哦哦哦哦哦哦哦哦哦哦哦哦哦哦哦哦哦哦哦哦哦	我想多数人是因为爱玲才买了这本书，总的感觉不好，可能仅存一点价值是如果想进一步研究张爱玲就不妨看一下，人品较差，爱玲比较冤。不过，也能体会出，这个人口才一定不错，外表看来素质修养都还好，知识面也宽，典型的清末书生，却是属于那种流连于秦淮河畔的那种
快递很快    苹果也好吃    保护的很棒    香香的	图片与商品实物相符合，质量可靠，手感不错，只是小直脚感觉还不怎么修身，也许是个人身材原因吧，不过质量真的不错！	个头不大，看着挺新鲜，包装很好，买的梨子有两个上面各有一个洞，不知道是不是扣的，有几个真的好迷你，猕猴桃也很小个，橙子很甜，梨也很甜，苹果还没尝过，还全满意	350这机子，功能比较单一，不够丰富。用350拍照，效果不太理想。发现350比较适合拍摄自然光下的物品，亮度要充足。如果光线比较暗的环境，色彩失真就比较厉害，对于人物面部的处理，色相会加深，导致人物皮肤变红
香脆又可口.冷链供应.确保了水果的新鲜很赞值得推荐哦快递小哥尽责.到货后可验视如有变质可退货	"酒店很新,服务也很不错,如果要在旺角买东西的话,住这里真不错,先达广场,波鞋街,郎豪坊都非常近,而且离地铁也很近.我春节去的,虽然价钱有点贵,加了HKD100/天升级到32楼的行政楼层,不过房间还是比较小,HK的酒店看来是没办法.总的来说,下次去,还是考虑住这里,相比其他动不动就2000多的酒店,1700左右,五星级,性价比不错."	东西就这样一分钱 一分货	发来的都是烂的，差评，建议不要购买
这款套装买好之后，基本上其他配置就可以不用再添加了，性价比很高。	买了一套 一直用的沙宣 觉得他还不错 相信京东应该不会出现山寨vs	这款平板性价比不错啊，回来并没有急忙升级emui5.0现阶段安卓7.0很多app不兼容而且bug严重。用原始的emui4.1玩了一下午并没有出现触屏不灵敏的问题，大多数游戏还是能够轻松应对的，部分大型3d游戏开高特效略卡，毕竟950的gpu有点拙计，要是gpu能提升一倍性能，一定能战平820（呵呵此处纯属yy）。耗电还是在可接受范围内，毕竟安卓平板耗电都是短板，屏幕上也没有坏点，可能我运气比较好吧。 外包转边角被挤压凹陷了点，索性平板没什么问题。	64和弦音质还可以，但调至最高音的时候，会出现失真，而且比较明显；同时，杂音也变得大起来。播放MP3音乐时，效果也很一般，效果还不如平常戴着耳机在网上听MP3的好！还有就是：不支持蓝牙！
很好的平板，颜色和视频色相当不错，又清析	屏幕就不用说了，2k-359ppi的细腻，显示色彩也不错，未发现网上说的拖影现象。	我给我爸爸买了一条，穿上特别合身而且还很舒服，下回给爸爸买裤子还买这家的，店主信誉没的说，喜欢的宝宝们赶快拍下吧	我呸他的蒙牛脑缠，以后我不买蒙牛了
物流给力，很快收到货，裤子资量OK，穿着适服	质量就是好，速度就是快，好好	一、总体来讲，尚可。因为是2007年新开业的酒店，各项硬件设施还能将就。二、浴室及卫生间的设计不够档次，象是快捷酒店。三、浴室竟然堵水，新开业即如此，不知道几年后会如何。四、象网友说的一样，床很舒服。五、就服务水平及各项设施来讲，488元的房费太贵了。三百块足矣。六、总比索菲特强些。索菲特太糟糕了。	完全没有甜味，吃起来有种快腐烂的味道，看皮都快烂了，吃了一口就全扔了。不晓得是搁在仓库多久了才拿出来促销，原来京东大促销的都是这种货色！！！呵呵，要是收获的时候打开看到肯定就直接拒收了，一颗星给快递配送。
从头到尾性压抑，大量篇幅放在重复而毫无变化的心理活动上，意义不大。本来很简单的故事，写了这么长却还是显得很单薄，人物形象平的像一张纸，可是这样一本书受到如此众人追捧却很有点意思，难道现在中国人对“纯爱”渴望到这个程度？真压抑。	"见的Sample选页介绍是书中的后一部分,前一部分没意思,而且不值那么多钱,上当了,现在的英语学习资料那么多,花钱买这样一本书真是失策."	酒店估计是国营的、很牛逼！八点多去餐厅吃饭，服务员告诉我点面条或炒饭、因为他们要下班了……看看菜单没有一分钟就催我如果十分钟点不好，就别点了、因为厨房下班了……这屄女人是急着要xx么？前台接待根本没有礼貌、一边搞手机一边登记。无疑这是靠政府奶子发财的、点评毛用？	照片左边是我从屈臣氏实体店购买的，我这两年吧都用这个品牌的洗发露护发素。从京东购买与屈臣氏购买的不一样，外观上主要体现在瓶盖处。屈臣氏购买的限使用日期是2021.4，京东是2021.10，就差几个月的，为什么外包装如此不同，感觉京东的洗发露用起来的感觉与屈臣氏的也有区别。不知道是不是假货啊。先给差评吧。
十二个果大小很均匀，新鲜，口感脆甜，关键是京东配送，上午订下午就送到了。	"hai xing ,xia ci hai lai zhu宾馆反馈 2008年8月1日 ： 感谢您一如既往的支持~！入住我们酒店吃、住、行、游、购、娱都很方便~！ 吃：距离酒店20米就是柳州金鱼巷、青云风味小吃街，那里可以品尝到很多柳州的特色小吃 住：奢华新装白金超五星行政、商务客房，现在入住性价比很高哦`~~可以免费使用健身房，房间内还免费提供咖啡、矿泉水、巧克力、精装茗茶等 行：设有酒店商务专用车，每天还有数次往返桂林两江国际机场的机场专线巴士，票价才60元，为您的商务出行带来很大的便利 游：离酒店北面20米处就是柳州新八景之一的人民广场“彩泉清韵”，晚上您可以欣赏到流光异彩的美丽喷泉夜景；柳侯公园也近在咫尺 购：酒店西面50米处就是繁华的商业步行街，工贸、五星、东都大型商场近在咫尺 娱：金皇后KTV、苏荷吧、钱柜等高级娱乐场所5分钟的路程即可到达"	"收到书之后第一感觉就是脏脏的,随手翻了几页,发现里面竟有破损的纸张,我倒!有的页面上还有漆黑的脚印,当当的工作人员发书时难道不确认么???"	贴膜皮套什么都没送，买之前还说送，跟客服说完直接下单，到手就什么都没了，第一次京东给差评，分辨率就那么回事，王者荣耀最低效果不卡，中效果卡成翔，人多直接掉到20ping，给老年人看电影了
去上海一般都住这家，地段还不错，交通也比较方便，房间很大也比较干净，就是江景房有点差（以前住过，很小），一般标房就可以了，套房也很不错（有厨房，够大），每件房都有冰箱，很好，就是宽带不是免费的，一天好像要80吧，太贵了	"住了三天,感觉服务还可以,晚上的自助餐还不错."	不脆。不甜。汁不多。确定是烟台栖霞的红富士？	质量不怎么样，居然说给好评***出卖自己吗，人永远不要贪小便宜，不然不是害了大家吗？有差评才会有进步哦
由于是从上海转机回东京，所以又在这里住了一晚。不知道为什么，感觉房间好像比上回小了一些，由于是周末，被告知是特价放，但是不带早餐了。难道说周末的时候，酒店员工休息，为了减少工作负荷压力，就不给早餐了么？如果还是和平是一样的房间环境和单早的话，个人认为价格还是很已被接受的，毕竟上海市个大地方，啥都不便宜呢	蒙牛乳业 9月20日晚19点30分，蒙牛集团在北京世贸天阶发布了“只为点滴幸福”的新视觉和新理念。这是蒙牛集团成立13年来首次大规模的形象切换，会上发布了全新的品牌广告及产品包装。首批更换新包装的产品包括纯牛奶与基础功能奶两大品类，蒙牛将在全国100余万个销售网点逐步上架新包装牛奶。	屏幕上下右边明显黄屏，已经申请换货了。	不标准码，而且布料也不怎么符合
"前台服务非常好,到的时候由于开会没有我预定的房间了,自动帮我升级到了套房,房间很干净,酒店整体性价比都很高,只是如果不坐车的话就需要走大概100米的上坡路了哦!不过锻炼身体也是不错的,总的来说很满意,以后还会住的."	环境是济南最好的。楼后的花园很漂亮。房间设施只能算是一般，不大符合省委招待所的要求。交通比较方便，出门不远就是高架桥，不过就是门口经常堵车。	飞机起飞噪音太大让人难以入睡，设施陈旧	也太小啦，收到后还有一个坏果。一点都不新鲜，再也不会来啦！
总体很好。第一次住公寓酒店，家的感觉很好，房间分里外间，特别宽畅。不是一般酒店的房间可以比的，床也是2张床都超大，就是有点硬。虽然开放式厨房我们也没怎么正式用，但还是方便。有张餐桌也很方便。顶层的餐厅也是丰简由人，油画廊的感觉，特特别。广东早茶也是很好吃方便。酒店周围环境也挺好，在林荫小路里，很安静，有点象国外的那么cottage的感觉。　特别适合家庭情侣住。	C盘太大，不过可以从网上下载软件AcronisDiskDirector10.rar来调整分区 标称320G，不过我只见到298G（C 288＋D 10），其他的没见到	包装太恶心，让人感觉不舒服！	l感觉和以前在超市买的不一样，泡沫很少，液体太稀了，不是正品，悔死，真是便宜没好货！京东也是够了，不能那么相信它了！
常用沙宣，洗发护理效果不错。搞活动就买点备着。京东送货很快。	华为（HUAWEI）荣耀X2通话平板电脑 7英寸（八核 2G/16G 移动4G）月光银	这本书只值的娱乐与消遣，不具有任何学术性，因为基本的科学性很不够，即起码的准确性都无法达到。	一堆烂货，真火大！最不满意的一次购物！！！！
我是第一次用本本就买这么贵的，我开始的时候都用点担心，因为不知道京东的东东好不好，现在我觉得，在京东买东西真的很便宜，很好，而且发货超快，昨天定的货，今天就收到了。下次我一定会再在京东买东西的。	非常满意	个头太小，有些比核桃大些。照片显示的可不是最小的。说好听点儿就像大沙果。	今天喝了一包11月16号在中关村家乐福买的11月14号蒙牛生产的牛奶竟然一股脚臭味！CNM！你想恶心死老纸啊！以后能不买蒙牛就不买蒙牛！
衣服质量不错，款式也挺好，面料摸着挺舒服，尺码标准穿上大小合适。满意。	对照上配置来说，很低价的一款笔记本。 放个通用键盘膜以后很合适，也不怕进灰尘。	绝对是假货……好像会感染头发……	不好 买得最差的一次苹果 盒子还有很大的气味
"让人不会用,数据线是摆设连接就充电,真是活见鬼!"	不好，不新鲜，不好吃，。。。。。。。。。。。。。。。	假货！洗了头发发硬，之前在超市里买的没用完，对比了下差距太大了。太坑了。看到这条评论的朋友千万别买，京东自营的也买假货，从此和京东说拜拜！	差评，火龙果都长毛了还说什么生鲜水果
给朋友买的，评价不错	洗了有头屑，头发还出油，不好用	该酒店主楼房间还不错，建议最好不要住附楼，房间质量和酒店四星级的标准差距太大了。强烈建议该酒店提高人员素质！！服务人员工作态度差，入住当晚半夜1点多居然发现房间空调漏水！！晕啊，当时因为是便宜房间，本来还不怎么生气，想说通知前台换房就好了，谁知道前台居然来一句“这么晚了不方便处理，又没什么关系的，您将就下好了”……结果偶当时就发飙了。虽然最后由于我们坚持还是换了房间，可是还是让人一肚子气！我出钱住店半夜不能睡觉要搬动我还没抱怨，她一个在值班时间的工作人员居然还要不情愿，真是不知道什么素质！！！！	差评……物流就是骗子，说好的第二天到，结果呢？等了三天，还弄得脏脏的，怎么用呀？
小巧轻便，外型美观，色彩还行，功能还算过得去，因为只有这么多钱。总之我这一星期还感觉不错，只换过一次电板。	晚上有很多按摩小姐打电话，很烦！告诉他们不要再打了还是照样打！前台无法用信用卡预授权，一定要现金交押金，而且还不然存放行李，搞得我拖着行李去银行取钱！（还好银行近，要不...）	离机场较方便，但是卫生很差，服务不行，完全失望	最差的体验，没有之一
在实体店买过好多件，京东店买过一次，这是第二次在京东店买了，透气柔软，老公喜欢穿，性价比高。	挺好的，尤其是小瓶用于出门非常方便。	"我是11月29日入住,12月1日离店的,由于我本人不慎将新买的皮鞋和一个仪器上的配件忘记在宾馆了,我给他们打电话,前台胡小姐态度很好又很耐心,在此表示感谢!但不知道为什么,前台的人就是找不到,我后来将客房服务中心的电话要来后,亲自给客房打电话,客房部接电话的人姓冯,说找到了,但皮鞋和配件分开了.我说那就把配件给我寄回来吧,我找了顺丰快递公司采取到付的方式,但皮鞋真的没有给我寄回来,我把这两样东西放在鞋盒子里怎么会分开了?具体印象,前台不错,客房这样工作就不怎么样了."	蒙牛就是垃圾
物美价廉，老板服务态度很好！	数据线是坏的，充不了电，商家回复速度慢，态度不是很好，让人感觉没保障。	假货，之前商场买的用过以后没有头屑了，这次在京东买的一天洗一次还有头屑。我还告诉身边的朋友京东自营的东西都是正品，真是啪啪打脸	我买东西很少评价的 一般是很好或者很差才评价的 能想象下裤裆针头每个都可以穿牙签多么恐怖吗 不是我夸大你们可能没注意到拿着裤子对着阳光稍微用力（不要太用力了 会拉烂的）感受到牙签的威力，还有广告里的123对比就第3条说做工比较好是对的，第2条我他.妈的10年前上初中在镇上定条西裤30元想要多软有多软要多亮有多亮还不起球，当然10年前的30相当现在100元以上但人家是开门店定做的，现在科技在进步材料在退步啊，第2条的我敢保证比对比的那条腰带便宜，还比较容易脏（第2条是我个人看法） 要不是京东第三方退货比淘0宝还麻烦我现在就退货了 这次购物让我体会到一个问题 买电子产品来京东好 但像衣服类的第三方还是算了 京东上收费高点自然会压材料成本 还有想穿1 2个月裤裆开裂的就买吧 最后说我黑也好随便 因为不满意 所以我差评
很好，送快递帅哥很好，看我抱娃，帮我直接拿到四楼，非常感谢帅哥。	相信京东！第一次在京东上买水果，感觉还不错。	拿到手在色泽和款式上和商家无大的差别介绍，从卫生角度出发先洗了一下，洗完既没有缩水也没有变色，质量过关给个赞。穿了三天，还蛮舒适的，保暖适宜，有伸缩性。缺点是面料容易粘灰，皮带位上的标签也不能穿过皮带被皮带遮挡，还有就是如有些网友所说的确实裤子上没有品牌的标签。总体上来说还是符合我的购物期望的，下次还会继续关注。	服务态度很糟糕
试了一下。感觉不错，检视了下，很好，值得购买。明天洗一下，看看色牢度如何。	吹风机也没有，东西还破了，哎太没有爱了，让我心情很不好，很失望，。。。。。。。。。。。。。。。。。。。。。。。。。。。。。。。。。。。。。。。。。。。。。。。。。。。。。。。。。。。。。。。。。。。。。。。。。。。。。。。。。。	便宜不是货，月工资超*建议不要买。	苹果很甜，就是太小了。比宏辉的好多了。售后服务太差，只能一星
无论是任何年龄，任何职业的女性，通过这本书，都可以找到一个全新的自我。作者用幽默的笔调，自身的经历，给我们讲述她的情感历程和周游的几个国家的饮食及文化，让人在笑过之余，不禁佩服起她的一切一切所见所得。或许随着年龄的增长我们已经不再年轻美貌，但是我们可以有一颗永远年轻的心和快乐，一辈子做一个幸福的女孩！	书内都是大实话，平时生活中可能大家都知道，但切实实行的很少罢了。书不过做了些归纳、总结，看不出新意。整本书我只翻了1分钟。	自带系统太贱了，分区还是隐藏的。买了个笔记本专用sp3版装上了，有时候不能关机。大家说这个配置装vista行吗？我有套正版。还有这个键盘是不是该买个硅胶膜盖上？灰进去可不好擦。	真心不明白为什么商标都是反的，假货吗？
属于别墅型的酒店，这点倒是非常特别，只是可惜门口那条道是单行道，所以出行未免有点不太方便，地形有坡度也挺有意思，里面环境非常不错，我比较喜欢这种清净的感觉，我入住的是最里面的那幢，后面就可以看的到园子什么的，感觉有点世外桃源的味道，隔着大玻璃有种2个世界的感觉。大床是黄色的，挺温暖的感觉，比较喜欢他们里面的多功能控制器，没事我就放点音乐听听，选的音乐也是那种很舒服的音乐，挺温馨，而且房间里的消费也很平价，性价比很高的一个酒店了~~	质量太差劲…吸毛吸的厉害	三个火龙果坏了两个，我也是服了，还有一个勉强能吃，还那么贵，我不明白这样的质量怎么还能在京东上架	非常不满意！增票拖了好久才给！
洗发水我觉得应该分发质，不应分什么男女，男的女的长得都是头发，头发分中干油性。清扬的洗发水不错，大家都喜欢，洗得干净，不长头屑，价格适中	* 房间很不错，服务很好，就是位置偏点，在机场到市区的路边，打车到江北商业圈起步价。* 早餐不错。	充电头不到一周就坏了，开机键和我以前的荣耀6一样，特别容易坏！感觉不值这个价，加钱上mini4就好了	2008年7月29日入住三人房一晚，虽说是套房，但是只有一个空调出风口，一间房冻死，一间房还行。淋浴房的水是往外流的，洗个澡卫生间湿了一半了。花洒有很大问题出水极小，要求更换了，还是一样的毛病，根本没法洗头。到半夜大概11点多的时候，我的房间居然会停电，我只开了空调和电视，一人在洗澡而已。还有就是早餐基本没什么吃的。
模具做工不错，键盘手感好，完美屏，ACER旗下的质量应该可以保证，保修3年，总体性价比很高！	不卡，样样都很好	不满意，怎么这么大号	第一次上京东评论：施华蔲用了3至4年，之前都是屈臣氏买的，一直很信赖它。这次在京东订了2套，试过后头发枯燥、毛给予差评。
1.铃声音量较大； 2.屏幕显示效果不错； 3.支持外屏幕取景，方便自拍； 4.支持WAP、GPRS。	"26万色的屏幕效果不错,电话簿存量大,mp3音质较好,还支持移动QQ"	首先快递寄了九天，裤子上很多线头，特别不满意	买了四次了，这次拿来送人的，然后发现打蜡好厚，尴尬了，表示以后不会再光顾了，一分是给物流的！
质量不错，手感和面料都很好，穿着舒服。	能听mp3	"地理位子不错.房间也不错.早餐很丰富.开始给了我间拐角的房间,很小.还好我经常住这家酒店,知道这房间的大小所以叫前台换了.所以感觉这酒店还是有点欺负老实人的感觉.大家一定要多多注意."	白天上班，我是预约晚上7点到10点送货，我5点半下班回家等到10点，一直都没送货，很生气，联系客服，客服说送600京豆作为补偿，然后就没有然后了，我并没有要求补偿什么的，是你们主动提的，哎，耍?呢？
性价比高，主要是京东这个平台能让人放心购，支持京东	在香港的五天我把富豪东方酒店称为家，工作人员的服务态度非常好，三楼的房间是新装修的，虽然很小却相当温馨．酒店每天由收拾屋子的阿姨给免费咖啡包，红茶包享用，打个电话任何事情高效率完成．酒店周围的环境比较热闹，因为九龙城是美食天堂，所以不用担心饮食问题，周围甜品店，茶餐厅多的眼花缭乱，价格合理，服务周到．虽然离地铁不近，但是公交车四通八达，远比地铁换乘方便，酒?	1、不知道是什么原因总是收不到彩信。机子本身信号也不强。2、外屏怎么也按不亮，看不见时间，还必须打开盖再合上，才能看见外面的时间，和没有一样，非常的方便。3、听说返修率很高的。	屏幕一层膜都没有，同事说很可能是二手，失望?
因为头发比较长 所以618囤了很多货 我喜欢这个味道 之前用欧莱雅 觉得气味和使用感受上都不如沙宣 平时也不太关注价格 看秒杀就买了 经常要坐飞机或出行 小装也比较好用	苹果还是比较大的，水分也比较多，就是有的苹果甜，有的苹果没味道。	包装不怎么样，第二还没用，不知道好不好	就想给个差评，给京东这几年的服务。
如果你看了同名电影再看书的话，那你会感觉书比电影强100倍；如果你看了书之后再看同名电话，那你会感觉书给电影强1000倍。这不是书的力量，故事在书中比电影中记录的要真实，虽然电影的表现力要强但书中的内容要丰富得多。书中记述的是十几道题，和亿万富翁的谛造经过，而电影只有六七道题，和千万富翁的传奇。而书中记录的是：所聆听者不是那个牛轰轰的警察，而是一个美女律师。总之，结果差不多，但过程完全不一样，电影将原书改的一塌糊涂。现实中的印度真的是那个样子的，有阶级之差，而产生的阶级仇恨。所以很多出国之后的印度人都不愿意回到自己的国家，说自己的语言，宁愿一辈子说带有强烈咖哩味的印度式英语。他们的贫富不均、贫富差距是世界上最严重的国家，一个人人自危的国家。从书中所得：靠机遇而战胜困境，为机遇的随时到来作好充分的准备，用知识的积累和机遇战胜命运。“时势造英雄”之古语是说给有准备的人的。	图片跟实物颜色有误差，样式有误差，须知！	实在看不懂的房价，房间较干净，但是象是临时房一样，几乎没有隔音，昆山的酒店价格太离谱了！	"前台差得不能再差的服务, 简直就是日了狗一样的经理和服务生, 酒店除了服务其它都没问题, 只是服务差到就像是你妈炸了"
看到这个新包装觉得很不错，大爱蒙牛这款比以前漂漂多了	裤子质量很好，推介购买五星好评，而且还是有弹性的，嗯	怀疑是假的，我用着起头屑，之前买的都不起	质量不好，用了半年不到屏幕烧了，而且容易破，我的朋友也和我一样屏幕破了，而且修修贵的要命，一共要1000多。
活动价秒杀入手的，送货很快，日期新鲜，用着放心	无论设施还是服务也就是快捷酒店，最多三星半的水准，收费却是五星。不会再住了	能不能这么坑。我要的是30	假货！！！沙宣用了很久了，第一次上京东买，洗完头发都还是油的！不会再买第二次！！！
每次都买套装，确实挺实惠的，这次换了个这个牌子真的挺不错	裤子质量非常好！男票穿上帅帅哒！喜欢的帅哥赶快入手吧！	裤子很好 很合适 颜色也不错 下次还会来的	光盘发现有裂痕，无法使用，已联系当当客服中心申请换货，应该是14号连同书一起寄回当当客户部的，但到现在还没消息，请当当确认尽快发货
商品已经收到了，泵头是不是很容易开！为什么会泵开！是不是正品啊？	以前都是在超市买清扬，从来没有头屑。这次在京东买的套装为什么头屑越洗越多。	同样的牌子，同样的类型，为什么这次买的好差，还一下买了两瓶，不知道能不能用来洗衣服，不然只能丢了	口感太差，个又小，真有损潘的品牌
苹果打了太大蜡，有的有黑点，放在任何水果店都是最难看的那种	"买了几次,一次比一次差的口感,不想再卖=买了."	性价比不高，早餐很差差，基本无服务，一付你爱住不住的样子。性价比不高，早餐很差差，基本无服务，一付你爱住不住的样子。	又小又酸，奇形怪状。这么烂的苹果也敢拿出来卖?京东要自毁前程了吧
离开温泉酒店就入住了这间酒店，感觉就和一般的四星没什么两样，出入蛮方便的，最方便的是酒店对面有个海鲜大排挡，到那里吃海鲜很爽，各种海鲜都有，有很多都叫不出名字，不过都很好吃。	"好用,洗完头发柔顺，没有头屑，不痒。"	标准房间设施一般，外部环境绝对一流！至少要提供暖风机之类的便民设施。补充点评 2008年4月9日 ： 之前点评有理，房间真的霉味很重，有待改进！	这次跟上次买的都是一个款，发过来却不一样，乱七八糟的搞什么？
裤子收到了，没想到物流这么快，而且裤子与图片无色差，非常好，下次还会在这家店购买，穿上也很帅气，祝卖家生意兴隆！	房间有漏水痕迹，内部感觉也不好，价格也不便宜，不想再次入住	第一次对京东这么失望，用了头痒的不行，起头屑严重。已扔。最后一次用京东了。	没一个是好的！全都是烂的！差评 差评 差评 快递又慢
苹果好吃，水分足，价格比较实惠。	还不错，去机场方便，早上四点也有车。	珍惜生命，远离蒙牛！ 蒙牛准备啥时道歉？	电池制作的太粗俗，电池上面的纸很容易掉。用电快的不得了
东西质量很好 用起来方便快捷 也很美观小巧~热水也好用  都特别满意这款。家用很适合	好吃好吃，非常好吃的一种苹果，以后还会继续买。。。。。。。。。	香港的酒店在面积方面就不需要强求什么了﹗这家酒店设施已经比较陈旧了，不过交通比较方便的﹗服务方面尚可﹗	包装不严实，漏了一半瓶
硬件配置超强，完美支持vista，运行速度流畅，一两年内无需升级硬件，估计也能跟上主流。	尺码比推荐的略小，建议买大一号	看起来粗糙	1.机器本身没有XP的驱动，找驱动费了好长时间。官方网站也没有xp的驱动 2.触摸板无法锁。
17点下单，第二天9点多就收到货，发货速度赞一个。 特别喜欢小红帽，整个机器也比较大气。散热优良。 完美屏。 钢琴烤漆让你出差不用带镜子。	酒店的硬件和软件设施都可以．交通也方便．二楼的餐厅挺好吃的，不过价格不便宜．早餐也还还可以．	赞赞赞，物流超给力ψ(｀)ψ给我亲爱的老爸买的生日礼物(///▽///)开心了老半天呢，生日礼物不知道要送什么的亲们可以考虑下送这个噢，质量超棒穿起来显瘦显高(?????????)	也不通知一声直接取消了订单…
屏幕有点太长，刚开始看得很不舒服，键盘间距太大。预装的LINUX系统不会用，改装QP费了半天劲。	太小太小了，好小好小的，不如超市买的好	完全是一条旧裤子。	差评老死机动不动就不好用了
酒店外观不怎么样，但是里面的服务很好，而且房间超级大，床也超级大，绝对可以睡4个人，早餐也可以。总体来说不错，性价比还ok。从虹桥机场过去打车19块，十来分钟就到了。要是在虹桥附近办事，推荐这家酒店，很方便。	衣服的质量很好，一直想要买一条这样的裤子，终于找到了，开心了ヽ(○^?^)??。大家可以放心购买了。客服，物流，态度都很好。。。	拿到手感觉做工一般，上盖和键盘处有点凸起，用手按下很软，感觉用料太差。没有IBM扎实的感觉。预装vista系统太差了，很容易死机。换了xp，快捷键驱动装第一遍键盘无反应，要装两遍。	京东就是一家完全没有信用的电商
发货超极快，果子比较脆，口感还不错	款式跟图片一样，质量挺好的穿着舒适；大小合适。	非常的好，宾馆里面太漂亮了，服务态度也非常好，床单很干净，去同里一定要住这里。只是美中不足的房间里的地毯陈年痕迹显得太脏了，建议能更换成地板显得干净也好打扫	"周边环境不太好，比较乱。房间设施简陋，收费偏贵。服务不太到位，中午1点你正在休息时，服务员来打扰要清理房间,真是令人烦恼。结果让他们下午晚些来，结果这一天房间也没打扫。这样的服务在别处是不可能遇到的。"
屏幕色彩鲜艳，分辨率高，反应速度超快，音响给力，1千多的东西，真神了	穿多可能会致癌哦 我洗了还几次穿身上那股硫磺的味道 我自己都被熏咳嗽了。	SIM卡槽坏，请问是为什么？拿到机子后都打不开卡槽的。	不好，洗头第二天就痒了
物流非常快，苹果包装的也很整齐，果子不大，但是又甜又脆，还很有水分，挺好吃的。	#蒙牛篡改生产日期#珍爱生命，远离蒙牛。	这苹果实在是太难吃了，不想在网上买了	差评原因：京东在百度、今日头条疯狂打广告，真恶心。每次在京东搜索物品，其他地方都是相关广告，沙。壁京东
专门去超市对比了一下，确实比超市便宜！	从上环地铁站走路前往的话比较远，建议打车或坐公车；我在预定的时候要求高层无烟房，入住的时候已近24：00，没想到酒店还是保留了高层无烟房给我，对于这一点，我很满意也对酒店的专业表示致敬，毕竟以前我遇到过很多所谓的房间已满，只能给您XXXX的房间之类的话。至于房间设施，觉得比较老，布局挺老式的；我不算太喜欢；但是在HK算大的；和我住的另一家帝豪奥运酒店比起来，觉得房间稍差了些；不过早上有shuttle bus到中环，还不错。	性价比低，感觉很贵。选择酒店主要是离附近的企业近一些。房间总是能听得很响的水声。希望酒店能降低价格。目前的设施同安徽省内其它酒店相比只值250元不到啊	给我感觉跳的不大好，我不喜欢她写的这本书，内容少，有许多一样的思想在书不同的地方出现很多次，但表达的意思几乎相同。有点骗人的感觉。
衣衣版型很正，藏蓝色很好看。前段时间给老公买了一件，他很喜欢。今天这件给老爸买的，老人家觉得把他打扮精神了。客服建议很好，一定要比平常穿的衣衣拍大一码。各个年龄段都适合。希望我的建议对喜欢的朋友有帮助。	苹果挺好的，媳妇吃了，挺脆的，就是皮有点厚，速度挺快的后期还会买的	买回来就是开的，都流出来了，这京东自营也真差	包装不好，里面的洗发水也不好，100%是假货，没办法京东也是有40%的假货了，京东差评，连买的袜子也是假货，这次购物太生气。
送货迅速，价廉物美，品质也不错，以后的水果就在京东买了。	这本书是买给我妈用的，但我也从中学到了一些。我觉的这本书的最大优点在于它所用的食材对于普通老百姓比较好找，市场上都有卖，价钱也不贵，做法也容易，很实际。不像有些书上写的不是食材中国没的卖，就是超级贵，贫民根本卖不起，又或是做法很讲究，佐料都难买的那种....这本书虽然内容是少了点，但总的来说还是好的，希望以后多有一些适合中国老百姓的书出现。	说是昨天当天能送到，但是第二天早上送的，但是还是签收比较价钱比较合适，使用以后再追评吧	其实我都不想说，评价，裤子不行，布料一点都不好
因有台Ipad air，所以入一台小尺寸，体验其他系统。1.做工出色，大小正好，可以很好的单手握持。屏幕总感觉不适应，也说不上来原因，但是不影响体验2.一到手就升级了最新系统，续航可圈可点，前天早晨充满电，每天晚上刷2个小时左右，不玩游戏，一直开着wifi，到现在还有48的电。3.音质还可以，可能我放的声音小，没有太大感觉。4.可能之前一直用苹果三星，没体验过息屏指纹唤醒。不得不提，M3的指纹很好用，息屏下手指轻触Home，秒开锁。总体感觉不错。	酒店房间到是不错，就是位置稍远了些，但是酒店有免费的班车可以直接把客人送到地铁站方便客人出行，不过要提醒大家要看酒店班车的排班时间。	还行吧！处理器不行！	我那天是6月18日京东搞活动的时候买的，说好有赠品，可是我一直就没有收到，不知道什么原因？
两大瓶送两小瓶，味道挺好闻，以后天气热了可以尽情用了，有效期到2020年。	目前还可以，对的起这价格了	就是个坑！赠品一个没有，包装不咋地	太差的618，价格抬高，买的货品七天才收到。
是正品花花公子的，深蓝色很好看，我喜欢的颜色。物流超快，两天就到了，有需要下次再来。	6月末到访苏州，下榻此店。感觉不错。房间虽小些，但实施齐全。晚上很安静。酒店的小庭院，有一古井，配些翠竹和绿植很有味道。出店行不远就是有名的观前街，散步购物都方便。	用了两个月了，不错，孩子学习用，挺好。	EXO-M，希望在新人盛典上能拿到新人奖，这是你们和歌迷共同的梦想，加油，祝蒙牛酸酸乳音乐风云榜新人盛典举办成功 ！
我不太敢相信自己的眼睛，这叫四星级！？我将镜头从卫生间地面上的一根卷曲的毛发摇到斑驳的电视机前（注意是“摇”，不是“跟”哦！），妄图找到理由，未果！后来费了半天的劲打开了窗子，看到了貌似繁荣中央大街一角，我恍然大悟，原来这里的卖点不是硬件和软件，而是附件！“借鸡生蛋”的典故不住的从脑袋里冒出……我觉得这样的价格住华旗或者福顺天天更好。由于郁闷，住上一晚就走了，不知道早餐怎么样，其他方面也不太清楚，整体感觉暗暗的、旧旧的。推荐企图忆苦思甜、加强爱国主义教育的朋友来住！	运行速度还可以，拍照也可以，就是为啥，没开什么东西，就那么烫啊？？而且耗电比较快。	裤子完全不值这个价！	华为垃圾，一生黑，狗屎玩意 。
惊喜绝对是惊喜*非常值，一共有大的三件小的三件，值得买，下次还会再来的	醉了，好小……拿到手真的好 mini，图片看着大…	年前买过不错，再买了一箱不行。太小了。根本不是80苹果。	死过机，关不了也用不了
看网页玩王者荣耀都很流畅，音质画面都不错，就是稍微重了点，综合性价比还是很好的	特意没有买带通话功能的，屏幕清晰，用搜狐视频看电影很流畅不卡，看视频聊微信基本满足！	看着便宜就买了，很差说不上，但看完也没什么得益，网上找个在线阅读就好了，没必要浪费十块	京东真是伤不起
苹果看起来还不错，挺新鲜的，又好吃。还便宜。	看你了网上的评论，个哦我4谁的儿子买了。但是觉得一点都布时候给这么小的孩子读。孩子也不干兴趣，这本书应该适合6岁以上的孩子。并且故事也没什么意思。	不好 不是全棉的	不好吃，很酸，品相差，价格太贵了，不推荐。
脆甜，水果相当新鲜，推荐购买，送货快，次日达	味道酸甜可口，就是个头稍小一些，不过很好吃。京东送货速度很快，非常满意。	表面无腊，口感酸甜适中，水分足，略小。每箱12个，一人拿起来很轻松	客服骗人 不是恒温又说是恒温 噪音大 燃气的味道浓 10号开始使用 17号马上没有热水出 差差差差
感觉很有质感，性价比相对来说还是不错的。物流的效率也比较高，第二天一大早就送到了	平价，实惠，质量好。这条裤子质地软，没有一般小产家生产的牛仔劣质味儿。春夏穿着不会冷也不热。很好	很不错，大小也很合适，客服也很好	给父母买的，居然有坏的。太不好了。
热水器安装好了，暂时还没用，感觉不错。送了好多的礼物，诚信的好卖家，以后还会再来。	清扬刚上市无硅油的时候，就尝试买了一次，450ml一瓶的都要五十多好像，这个套装也才一百多一点，真的太划算了。囤货！	第二次购买了，用了感觉还行，所以再来……搞活动买还比较划算……	此乃极品，颜色红润，鲜嫩多汁，咬上一口即刻便似冲上九霄，俯瞰神州大地。吃了第一个便感觉有种醍醐灌顶的明悟，马上吃了第二颗 立刻明白了我是谁，我从哪里来，吃了第三颗的时候无师自通精通五行八卦，奇门遁甲。不知不觉已经吃了一整箱 12个，从此一个超人就诞生了，接着迎娶白富美，走上人生巅峰， 突然我感觉脸上很疼，睁开眼睛发现领导站在我旁边 瞪着大眼睛看着我，此时我已经口水三尺，连我的手机也被我的脸压坏了，生无可恋，，
好评，价格便宜，送货速度快，送货师傅态度很好。	还不错晚上下单，第二天上午就到啦！	酒店本身的环境还是不错的，楼台庭阁，很安静，感觉就像住在园林里面。还有游泳池免费开放，让我们觉得很惊喜，可惜没带泳衣。房间一般，没什么特殊感觉，服务还不错，有服务生帮忙拿行李到房间（没给小费：－）），公司安排的出差，我自己定的酒店，结果回到广州才发现忘记拿发票，打电话给酒店，酒店同意给我寄过来，虽然是到付，但是还是很感激他们。就是没有电梯，楼很矮，好像只有3～4层吧。外面的环境就不是很好了，周边比较落后，距离镇中心还有10分钟车程。	感觉买的假货，怎么在京东买一次感觉被坑一次
老公经常开车在珠三角一带做生意，但是珠三角地区的路形很是复杂，经常迷路。我就给他订购了一本地图册，经过精心挑选，选中珠三角新印象地图册，本来去年12月份就准备订购的，但是网上缺货，上次在网上查看，有货了，我就赶紧订购了，老公看到了，特别惊喜，喜欢的不得了，每天下班回来吃完饭，都在那里看地图，看他今天一天走过的路是什么路，这样他可以很快熟悉珠三角的路线，利于自己的工作。	酒店地理位置不错，交通非常便利，房间整体感觉还可以，只是浴室有些小。酒店提供的早餐不够丰富。酒店员工整体的服务意识不错，尤其是大堂经理，在安排订车时还特地送给我们一份当地地图，很细心周到。	如果100分是满分我给65分…包装不错，运送也快，果子一般好…	东西是不错 就是刚买了第二天就降价了 找客服也是没用
有点漏，但是总体来说还是不错的，老公喜欢用沙宣，用其它牌子的洗发水有头皮，只有用沙宣不会长头皮，物流很快，好评好评	这款手机在使用上非常顺手	这个价钱还算可以吧！就是主题不能像其他产品一样能去下载	说好的有大礼包也不给送客服回答问题慢的很。还不正面回答问题。
一直用这个品牌的洗发水，好用有实惠，快递很给力。	一直在用这个牌子！从小用到大！	"1.产品太新,XP下声卡驱动欠奉,甚至官网上还未出现这个型号,让LP紧张了半天,此奶牛是SZ的? 2.XP的确烦,我忙了一整晚,用了手头所有版本的安装盘都不行.但是第二天用公司的深度,一装就OK了"	收到的时候是漏的，都不知道是不是别人退的，刚好没洗发水了就赖的退了，但是对京东是越买越失望，看来还是要重新选择购物平台，失望失望！
3999抢购的 性价比高，样子还可以，质量也很好质量也很好，很结实	电话本和短信容量比较小，和弦铃声也比较单调，外观看上去不够前卫！	味道还可以就是用完头发不怎么顺滑，后悔了	客服真的很差劲，垃圾
裤子收到了，质量不错，款式挺时尚的，料子也不错，快递也可以，很满意。	是白心的！我买的是红心出的是红心火龙果的钱。	质量差，裤子只穿一次就裂开，现在差不多都光着屁股呢！	差评差评差评差评差评差评差评差评差评差评差评差评差评差评差评差评差评差评差评差评差评差评差评差评差评！！！！！！    这是本人第一次给差评！！！此家产品垃圾到位，质量有问题还拿出来卖，好评都是刷的吧！！！！垃圾产品，奉劝各位别像我把钱打水漂！！！    买件衣服因为天气问题没临时就穿，这两天拿出来穿了一次就开了。找客服直接说是我个人问题，跟他们没关系。我想知道买东西的都是脑残吗？买完给弄破再去找你们？????如果可以我一颗星都不想给，衣服质量有问题还不承认！给大家看看这衣服的质量，还有这家的服务态度！！！    京东就是这种服务态度，还有什么可信度！
物流超级快，裤子布料也很好。买两件送一件很划算！以后还要光顾这家店，点赞！	"酒店环境清幽,设施齐全，整洁，我们入住第一天客人很少，但店方还是为我们单独准备了丰富的早餐，特此致谢！　友情提示：酒店在长城宾馆和井冈山宾馆之前的小路进去，我们刚到茨坪也找了一会儿：）"	通话质量太差我用联通和移动的卡都试过了，所以E568可以说是个“花瓶”。让女友K了一通，唉...	四星级的酒店还收30元停车费，还不如加在房费里。环境，自己看，直接差评，不会再去了！
很划算，实惠装，比超市便宜，一直用清扬洗发水，用其他的都会头发打结，很好。谢谢送的赠品	大屏速度还不错，而且性价比高，给老人用非常合适 华为不愧为国内第一品牌，东西就是好！小米、魅族什么的比他差太多！用了就知道。	物流速度特别快，收到的时候还是冰凉的，就是这次的果子有点酸，小小的不满意，	差，极差，极其差。看到货就有一种直接扔掉的感觉。所以直接扔掉了。可惜不能给负分。从知道什么叫购物以来，买到的最差的一件货，没有之一！
不是很好，不值得推荐	等了2天才发货，货到了之后，穿上试试好大，根本不能穿。	糟死了，不好，太差，上当了	和沐浴露一起买的，沐浴露漏了，找客服好几天没回应，我只好给个差评
图书印制精美，有非常多的星座图儿子很喜欢，把他放在床头，每天晚上睡觉前会翻一翻图书设计是成人和儿童都适合的，可以长期留存在家里，孩子长大也可以一直翻翻看看的我偶尔也会翻一翻，儿子希望我再买个天文望远镜给他，就可以对照星图看天空了这本书是很成熟的内容设计，并不幼稚，但孩子也看得懂，对于让孩子对天空天文多一点深度的认知非常好，也适合爱好天文的成年人。值得。	值得一赞：苹果新鲜，爽脆，不过果不够老，部分果带些酸。红色盒的是一起买的陕西红富士，感觉好些，价格也贵些。京东的配送无可挑剔。	"酒店涨价之后仍然生意兴隆,说明酒店的实力."	说好的赠品呢？既然客服说话不说数，要客服干嘛？很不愉快的一次购物。
非常便宜，还送了赠品，非常的划算，物流也是很快的。	一直用沙宣，这次买的很便宜了，已经最**的价格了，还用了***	我是为了能生头发买的，希望有效果	质量差的没话说，只能认上当了。
这次的套餐从总体来说还是比较满意的，房间面积比较大，热水也很大，服务场所也齐全，风景嘛~~因为天气太冷也没有出去看过。房间装饰比较陈旧，浴室没有玻璃门，空调白天几乎是没有的，晚上像是开了很暖和。那个温水游泳池水很冷几乎没有人，到了晚上游泳池也不开灯。总之，这个酒店作为五星级的酒店来说太节约了~~~	苹果不怎么样！和描述不一样，苹果质量部怎么样！外形差！	不好，连基本的耳塞都没有，系统落后了	不是正品，洗完头发一点也不顺，建议大家去实体店买，真是便宜没好货。
裤子是买给朋友的，朋友收到后很喜欢，他说这条裤子超级舒服，版型很好，面料不硬，现在的天气穿正好，洗了不退色，怎么搭配都好看。以后买裤子还来你家。	这本书通俗易懂，几乎孩子每一阶段所面临的问题都有提到，而且会有很具体的解决方法。书到手里，几乎是一口气读完的。作者对待孩子的心态十分放松，尊重，任何一个问题，她都能用轻松，愉快的态度去面对，去解决，看了这本书以后觉得，原来养育孩子并不是自己想的那样难。现在，我的心态因为读了这本书而平和了许多，面对孩子的分数也客观了许多，轻松了许多，超级推荐。	物美价廉，非常好用，一直在用，快递很快	购物节买就是便宜好多，屏幕大小比较适中，办公的话也比较方便携带，速度可以，还可以扩展存储量
"几次入住该酒店都给我一种“顾客是上帝""的感觉，尤其是每次check in时,接待员万鹏先生给予细致周到的服务,让我们心情非常愉快。这也是我们每次来南京都喜欢住该酒店的原因。我呒向朋友谈了在酒店的情况,他们也表示下次要住该酒店尝试一次."	只是招待所而已，设施不怎么样，毛巾都是破的。而且我前一天洗的短裤和袜子挂在浴室里，退房的时候忘记了。结果再去问说没看见。就不了了之了。	通话经常掉线 信号不稳定	一分给京东快递，真的很垃圾。比外面买的还差。时人太赖啦。以后不在京东买苹果啦
我一直都在买这家的苹果，真的不错哟！	"想延迟1小时退房,被告知延迟退房按钟点房收费,每小时50元,太没有人性了.不知道提前退房有没有奖励"	卫生间打扫不干净，有异味。房间无线网络也不行。	"8月刚住过,奉劝大家不要入住这家国营企业,客房服务员极恐怖,还未到中午12点退房时间,就把你的房间磁卡给取消了,私人的物品还都在房间里面,和他们大吵一架才解决,还打电话给携程的人求助,浪费不少时间.补充点评 2006年9月18日 ： 早餐也不怎么地"
质量不错，做工精细，大小很合适，店家热情，样式不错，穿上很舒服	我昨天中午十一点多钟才下单购买了华为荣耀x27寸通话平板电脑，当时系统显示要从外地调拔，真没有想到居然今天就能收到了商品，送货速度特别快，而且外观质量很不错，物流配送也非常到位，本人很满意，特予以五星好评，以谢京东。	屏幕拖影，用的是廉价的负液晶显示屏，华为偷工减料，迟早要倒闭！	酒店房间太烂。服务一般。地点也差。房间小，卫生间小，居然还是蹲便。。。
质量很好 面料很舒服 大小也很合适 款式喜欢	评价如下。从来在网上购鲜果，无论怎么完好，总会有个别果子有小小磕碰。但此次买的宝贝，我是用来做果酱的。所以每一个果都被仔细切割，居然没有发现任何暇疵。实在称得上百分之百的完盖无缺！???。三十六个果。如此完美，实属难能可贵。果汁酸甜鲜脆。好。    要请京东代我向快递小哥廖锦辉先生表达我们八旬老人衷心的感激之情：本来我们已下到一楼去取件，但小廖怕我们搬不动伤着了，直接就替我们搬上了四楼！这样的小伙实在令人心生敬意。谢谢京东，谢谢年轻有为的廖先生。	1：只要使用风扇就一直转不停，2：硬盘有杂音，答刺答刺的很刺耳。3：色差有冷暖之分，我们南方适应的是暖色，我这个是冷色的，如是正常的冷色就无所谓，但我的颜色不是一般的冷。影响到画面的颜色了，能换货吗？	垃圾，太丑了，被朋友笑死了，买这垃圾
性能不错，价格适中，还在京东买了一个无线AP，感觉不错，无线看电影也不卡。比无线路由器好多了。	走出武夷山荘的客房犹如进入了景区，晨雾缭绕，空气清新。酒店区位的确是武夷山独一无二的。我住的是5号楼（普通标房）房间是旧了点但够干净哦。很有特色的水帘餐厅就在楼下，边享用美食边观赏落地窗外的巨大水幕，别有情趣哦，我连着两晚都在那里用餐，不错不错！	"配置合理，速度较快，没有系统，没有软件。屏幕没坏点。外观还可以,第一次买本,没啥经验也没有多少钱,送给妹妹的礼物,她高兴就好了."	效果很垃圾，后悔了，不能一点头屑都不去吧！
便宜，和超市一样，刚好需要就买了，和我在超市买的一样粘稠，应该不会假，物流速度很快，当天就收到了货。	"青岛现在正在招募一批志愿者,找公共场所和商品中的错误用语.我看这些志愿者大概也可以出书了!这样的书对学习英语的人有什么帮助!别叫<笑死我的英文书>,直接叫<笑死人的书>好了!"	因为公司在国贸，看到各位评价都蛮高，而且本人喜欢尝试新的事物，住了两晚上。说实话不如如家（国贸店，百子湾的那个），差了不是一丁点。管理者应该亲自进去房间看一下，打开房间门进去，屋内空气潮湿，有股异味，不知道可否在打扫完后打开窗户透透气？？床头墙壁上的画已经有霉斑，打算入睡时，发现床单上居然有小虫子（跟头皮屑那么大，白色）在爬。拉开被子一再仔细查看，不可思议的是隔着床单，发现席梦思上有貌似血迹的斑，数量>5！！装修格调很象如家，只是学到了形似。服务员没有礼貌，见人就跟没见到一样。唯一比如家好的，也就是洗澡水够大，够热。建议管理者好好去看看如家，差距不是一点半点。如家火，不是没有道理的！补充点评 2007年11月2日 ： 忘了一个，房间有UPS电源，但是没网线，要上网请自备网线。	骗子苹果图是抄的陕西苹果图。比陕西苹果差远了！
不错的酒店，设施很齐全，周到。特别是一些小的细节。周围的环境也不错。	说实话非常怀疑，手机居然没有塑封，这是直接不对的	一句话，那是相当的差！这也叫3星，有没有搞错，旅馆水平都没有。大厅倒过得去。房间里面消毒水的味道奇大无比，进去半个钟头都适应不了。卫生间的东西感觉是进了个50元店，水泥糊的玻璃缝。老天，让我丢人丢到家了。强烈要求退钱！	客服一直不回信息，什么情况，苹果上面都是一个个坑，这样的态度真心不想来买第二次了
特别好！挺喜欢的！划算！声音确实不错！	蒙牛牛奶，干爹最爱	缺少功能，当初听促销员的话就是个错误。	感觉假的，因为包装被打开过。合包装都坏了?
质量很好，面料好，颜色也不错，没有色差。穿上大小合适，很喜欢。	屏幕很大，很实用，货真价实	用后再评价吧，现在还没有用。	京东的物流真的不错，不过华为这个机子真的不咋的，使用的第二天已经开始发烫了！！！
房间还算可以，就是旧了些。早餐没有酸奶，有些美中不足。	个头小，味道不咋的，失败。。。。	昨天购买京东*天下午14点秒*。15点我收到的商品，东西还到手价格就降了，这样对同样在京东消费的用户来讲有点不公平吧	根本不是纯棉，一颗星都不想给
酒店很好，装修得体，服务佳，性价比高。赠送的早餐非常丰富，晚上自助餐及其丰盛，而且品质高。前一天我在索菲特楼顶花了220加15%，吃的东西还不如梅苑，当然风景要好很多，但梅苑只要88。非常适合商务客，自费度假也不错，离西湖有7、8公里，打车有时不太好打，做15路公交可到湖边。	京东购物就是快，晚上拍的第二天上午就到货了，价格比本地超市便宜差不多一半，味道纯正就是这个味，期待洗发效果，过两天用了再评价。	字有点小，键盘白色部位做工没有黑色屏幕那里好，触摸键太灵一不小心就碰到，散热一般，玩了四个小时极品比较烫-。-！	京东真恶心 电子产品竟然都不包好一点 就是产品上面套个京东的塑料袋，双十一那么忙 货那么多 要是把我的产品压坏了或摔坏了怎么办啊，京东太邪恶了 恶心 给送货的打好几个电话说马上到 马上到 结果就是忽悠
很值得推荐的酒店，四星级，价格公道，童叟无欺，四星级的标准，三星级的价格，房间里铺了很不错的地毯，网络很通畅，不像某些酒店谎称“网络中毒”而不让上宽带，连好一点的借口都不会找！	味道不错，好评，只是希望以后水果能发的再快一些，毕竟时间长了天气热就坏了	不错。物美价廉 感觉薄了点。	不满意，卡死了
中厚面料，感觉不错。 尺码还是比较准的，尤其这个宽度，是我个人比较喜欢的很多这种休闲裤都很窄，穿起来不那么舒服，这个宽度很合适 轻微i弹性吧属于，说不准 满意！	真不错，挺香的，第一次刚刚用，效果还可以，不知道以后	不好用不好用不好用不好用不好用不好用感觉像假的	"闹钟震动,不好,大大的不好.短信铃声比来电铃声还长,还大.这是大大的不好啊~相机一个字:差!!!!!"
其他都挺好！就是有一个只有半瓶了！鄙视厂家	楼道及房间霉味太大，环境待改善；餐厅口味及服务员服务欠佳	洗一次就直接泛白，一次性的裤子	这次是我有生以来吃的最小的火龙果，我是京东的钻石会员，一直信赖京东上的商品，没想到京东卖这么垃圾的东西，难道上京东的东西京东客服不把关吗？请大家看看下面比鸡蛋大一圈的火龙果啊！有图有真相啊！
款式小巧，屏幕清晰，待机时间也可以。	好几次拿起这本书，只读了开篇的十个约定就再也读不下去了，眼泪每次都充盈了眼眶。真是让人感动的约定，这十个约定不仅仅是“我”和狗狗的约定，也是亲人间对爱的渴望和追求。终于还是继续读了下去，作者文笔清新自然，仿佛身边的一个朋友在娓娓道来自己的故事。翻译的文笔也很流畅，看得出来是带着感情翻译的，所以很有感染力。是一本值得收藏的好书，将来读给我家宝宝听。	跟上次买的不一样，假的，再也不买了………………	不得不说你们厂家真舍得，用那么大的箱子，拿到之后箱子还是烂的，里面瓶子也被刮蹭了，
性能不错，运行起来很流畅 外观很简捷大方 屏幕超好，hp屏幕很赞，比我用过的ibm等好	东西到了物流挺快的 打开看质量不错 也有没色差，和图片上一样真心不错！	"我买这款机才17天,就死机两次.上回发个信息好不容易打了70个字,正准备发送时,莫名其妙就死机了,当时电池还有两节,几秒钟后,又神奇般开机了,真是让人气愤。这款机的待机功能也是超强短,几乎天天都要充电,烦死了。现在打电话,发短信都只能在内心祈祷它千万别出问题。"	1、用耳机简直不能正常通话回音太大简直太烂货在任意价格的情况下买的它本公司新原装机总能应该正常通话吧但是天阔就达不到2、用免提在信号弱在地方不能正常通话3、照像效果不好4、不能发彩信5、售后服务太差我买机的第二天去换机他们说是耳机的问题一换就是一个星期以后去取，保换十五天就去掉一半的时间了，我一个星期以后去取，用耳机还是不能正常通话，我说换机，他们再啊试几天看，到第十一天去换的时候说现在没有这种机了，再过两天去，到第十四天到的时候说，这种机是这样的，没得换，又说我把机又搞花了，最主要的是说这种机是这样的，没得换，大家说这是什么样的售后服务。我真后悔怎么就选中了这种手机
漂亮，连适配器都是小巧精致的，也是白色，很好看~屏幕亮度挺高，晚上开到最亮刺眼~ 续航时间没有那么长，大概5个小时左右，不过也够用了。	"自己用的荣耀手机就很不错,所以就选择了这款平板.荣耀产品真的挺不错的,价格优惠,"	不好. 闻见什么恶怎么办 太恶心.....	很不满意。。。。。。。。。。。。。。。。。。。。。。
在那段人性泯灭的岁月里，李光头和兄弟相依为命，结下了虽无血缘、但是情同手足、血浓于水的人间亲情，该小说在后半部分李光头飞黄腾达之后，仍然难以忘怀兄弟之间的那一份手足情深，绝对与这一段经历息息相关兄弟上的魅力在于真实性、深刻的感情描写，但是好多涉黄的片段，譬如说李光头偷看屁股、举办处美人大赛、李光头和林红的性关系描写，究竟该怎么样看待书中大量的性描写，我认为值得探讨	"太美了,但房间一般,携程房价好象有点贵,晚上没事做"	我们是在5月2日入住的此酒店，首先外观有点旧，酒店门口的名字是金山大酒店不是叫做新金山，令我们有点混扰。酒店大堂算大，但是设施比较旧。我们订的是行政客房，走进浴室内，首先发现地板有很多毛发，而且很黑，好像完全没有清洁过的一样。房间地毯也像好久没有清洗过，好多污渍。房间的空调不制冷，向服务员讲过，但是没有人来处理，搞到晚上没能睡个好觉。不过，酒店的床还是可以赞一赞的，算是软硬适中。下次去杭州的话，不会考虑住这了。	"酒店客房服务还可以.前台工作不到位,有事都是想办法推委,不顾客人感受,不管住店死活,我行我素,拿着鸡毛当令箭,只要符合酒店规定,一律拒绝,把方便留给自己,把麻烦留给客人,仿佛是前台的唯一宗旨. 餐厅是黑店,菜单上的图片是实物的三倍,黑你没商量."
买给老妈和妹妹看电子书玩游戏用的?8.4寸挺过瘾。就是拍的时候保护套居然没送，哪怕你没货，发别的颜色也行啊，这也太那啥了。京东跟*就差在这	商品没问题！就是京东预定说是1-6天发货，可实际等了10天左右！其实等等也没关系，可是你京东6天发不了货，就别写1-6天可以发货！希望以后可以改进！	潮州迎宾馆确实装修了，不过里面还是那样，隔音效果差，旁边有人开门洗澡听得一清二楚，半夜尽然有老鼠在空调出风口捣乱，另外，房间送餐服务及其差劲，不按餐牌送餐和划价，建议出去吃	苹果不敢恭维，真的不咋的，一颗星是给快递小哥的！苹果个头也太小了吧！
从认识这个牌子后就一直使用，品质不错，又再一次购买这个牌子，希望好好保持质量。	性价比高，24号的时候还是两千七百六十六，现在降了近200，比较值	"这次去香港,飞机晚点三小时,可到酒店,心情大好,房间升级,已为我们冰好香槟,水果,热情的服务,还有免费早餐,有两个餐厅选择,服务是最好,是我每次的首选,也会推荐给亲朋好友,很值得入住."	回复 每次我只要提到蒙牛~不一会他就出现。你好，感谢对蒙牛产品的喜爱呦，我是蒙牛微客服，欢迎关注我
裤子质量确实不错，非常满意，而且裤子还有弹性，面料也不错。	物流相当的快啊，自我感觉樱花亲爽的用着舒服点，是正品的，趁着活动买的好多，感觉超级实惠，送跟亲戚朋友们一些，用着评价也很好，推荐给大家，一直信任京东！	位置比较好找。房间不大，设施略旧。	没给发票 买完就降价 咪咕直播为什么打不开给个解释
非常感谢京东商城，物美价廉啊！好T恤非常好！	"商务间新装修很干净,就是房间很小,从床到书桌只有窄小的空隙, 如果房间都能像实景图那样大小就更好了。"	连上网但是咋也上不去网，玩手机没事，老是提示信号差，连接不给力，不知道是不是需要调换	垃圾电脑，希望大家都不要买，我买了一个月，修了一个月，现在东西被搞丢了，无法理解。
质量很好。准备再买一条，建议大家购买。	买回家今天才拿出来看。扫码是正平品。日期也拍出来了。给大家做个参考。	脑子进水=喝蒙牛喝多了=看新闻联播看多了=脑残。	真是醉了，又烂果，京东自营也不行了么?失望
裤子收到了，料子不错哦，老公很喜欢，我特意洗了而且还不掉颜色	和我买的第一条慕尼黑的颜色不一样。	有五个磕伤的，形状奇形怪状，最关键的是有一股类似药水的味道，不知道是不是防腐剂	没有比这更差的酒店了。房间灯光暗淡，空调无法调节，前台服务僵化。用早餐时，服务员居然叫我回房间把拖鞋换成皮鞋再下来，到底谁是上帝，这家酒店的老总应该马上辞职。建议大家不要住这家酒店，有被骗的感觉！
还没打开用呢，应该还可以，就是之前买都有赠品。这次没赠品呢，。。。。。？	反应很快。用了几天也没出现卡的情况。但是屏膜反光。储存卡无法用，。	HDMI连接不上，咨询技术服务，说产品太新，他们也不知道怎么弄，郁闷！	收到的火龙果非常不新鲜，还有烂的，坏果，坏果也是可接受，但是火龙果里边都有虫子，不仔细看都吃到肚子里了，想想都觉得恶心，投诉以后也没有合理的处理结果，太气人啦！
2015年6月买过1个1999元，一直很好用，最重要的是耐摔，摔了不下60次，屏幕完好。夫妻吵架手机被砸屏幕被老婆用菜刀砍破了。网上找了一圈还是感觉这个性价比高点。现价1299元也不贵，主要是省了换屏那个钱，看看这个能用2年吗	应该算是目前当地最好的酒店了。但不可期望值过高。宾馆反馈 2008年4月14日 ： 满足您的需要是酒店不断努力的目标。	写给老婆们的王者荣耀攻略：扎心了，老铁	穿着还行，就是质量问题犹如地摊货，不说了看质量???服务也差，不说话看图。
质量不错，不愧为品牌产品，尺码比较准确。	饭后一瓶优益C 快活似神仙 蒙牛?	怀疑是不是正品，用过之后头皮屑严重，掉头发，头痒。	码数与商家推荐不符合。差评
特别脆甜，直接洗洗吃了，不愧是原产地供货，物美价廉	价格比市场价是优惠了不少，但是貌似比我买第一台的时候要贵一些啊~要是再便宜一些就是绝对的京东了~~~	看看别的网最低才卖47块钱了，这里好贵啊	买加绒的给我邮夏天穿的，骗子
还行，不是太好吃，和实体店同价格的比起来不占优，果子有点小	小说一开始就写了一个很血腥的场面，拉到现实又是一样的血淋淋的画面，好象这个梵天之眼只能给人带来灾难，整篇小说读起来让我觉得很压抑，说不出来的感觉，作者写作有点过于神秘，有点夸张和造作之嫌，我感觉一般而已，特别是结尾，如果男主人公一直在医院，那些发生的故事，死去的人是真的吗，无法得知这个秘密是否真实存在。反正这样的结果我不能想象，好了就写这么多吧，愿意看的人可以买一本看看，感觉是不是和我一样呢	从重庆过来，机场下来已经是下午5点多了，结果房间没有打扫好， 半小时OK， 6点，还没有好，15分钟。 晕！7点， 还没有好，和总台交涉， “我也没有办法”，7点半才进房间。电梯上去走道黑啊。真不知4星怎么挂上去的？从来没有遇到这么差的4星酒店。强烈不推荐！！！	玩游戏卡顿严重，可否退货？包装扔了，本以为国产机器很好用的。手机还可以，平板真的很难用！
裤子非常好，穿起来很舒服，也很好看，物流也很快，卖家服务非常好，下次再来光顾	轻小可人，容量大，速度快，外壳色泽光感都不错…… 对于准备求婚的哥哥是个不错的选择哦！	商务房似乎重新装修了，还不错。自助早餐比以前丰盛多了。。。服务生的服务不错	送货物流很快，上午下单，下午就送到啦。包装很精美，还没用就先不点评质量啦
"大小合适，质量非常不错、穿上很舒服,"	包装精致仔细，不如上次买个头儿大，也不如上次均匀，	"多去了我春节前买的这个机器,毛病好多,MINISD卡坏了两次,通话音质不好,信号也不好,"	我要的洗发水，你捆绑变相加价以为消费者都是白痴？？
板子不错！很合手，而且配置也还不错	言过其实，内容挺丰富，但是色彩不是很好，而且图片显得较乱，不够形象。	拍照效果很差，不清晰。。。。。。。	刚买完就降价，心情不好。然后买的时候已经有心里准备，这个价格不可能分辨率，配置有多好但是也没想到这么差，屏幕很模糊，然后申请的发票也没有，也不让先验货总之，最后一次京东买此类产品了。本来想退货，怕麻烦……
裤子质量没的说。老公喜欢的不得了。还想买一条。给五颗星?	不错。有一点不好，我们在二楼餐厅用餐时，看到菜谱做的很精美，有漂亮的照片。我们想买下来做纪念，结果一个经理（可能）想蒙我们吧，说可以卖给我们，但要300美元，合2000多RMB.	位置比较偏，交通不是很方便，附近吃的较少…	我只想说，这本书是一个无耻之人的无耻自白。胡兰成这种人那时候有，现在也有。 贪婪混浊，自私无耻，还倍拿自个儿当根葱。
果子特别棒，比超市便宜脆甜多汁值得购买	外皮鲜艳，口感脆甜，大小均匀。潘石屹苹果不错	非常好，没想到京东自营的冷链运输这么好	看到读者好评如潮我也准备被狠狠感动一把的，但是却有点失望，越看到后面越有韩剧的影子。同样是写癌症的我更欣赏匪大的“佳期”，能感动得我得泪流满面的。这个故事里沥川虽然很深情，但是太固执了，什么是对方真正要的，他一直到最后才搞清楚，让深爱的人平白受了许多年的苦。读者看着也累啊，本来就所剩不多的日子，怎么就不相互扶持，好好珍惜地过呢？也许是我不认同沥川的做法，所以难产生共鸣吧。
双十一活动购买的，不错，买三免一活动，划算！	性价比高 linux其实也挺好用的 也正是由于linux是免费的 所以性价比才这样高	价格不算贵。质量还行。这个价位的质量还差不多。还没有洗过等洗过了看退不退色。到时候再来评价。	小！什么10斤，连包装都不一定有10斤！！要不是不方便出去买谁会在这买啊！垃圾 都别买！！！
价格合适，整体性能也够用了 外观比较时尚，散热控制的也不错	如果题目改成《高盛历史》更为贴切文本内容！因为，我按照这个题目，一直想找出，高盛究竟是用什么技巧、用什么深远战略赢得了先今的主导权。而本文只是在最后篇幅蜻蜓点水般一带而过，没有预期效果。但本书描述了美国投资业及高盛的发展历史和其不同的辉煌、落败，还是值得一读的。只是想劝诫当今文坛作者，起书名时，一定要对得起观众，而不能用名字先把人给吸引过来----名字要先入为主，但内容更应名副其实！	为什么喜欢在京东买东西，因为今天买明天就黑号。为什么每个商品的评价都一样，因为消费者在京东买的东西太多太多了，导致京东黑了很多号，所以统一用段话作为评价内容。	三个火龙果，一个是烂的，一个已放蔫了皮都干了，放了很久，就一个是好的。下面是那个烂火龙果的图，一个火龙果就烂了三个地方，完全不能吃，强烈要求退货!!!天气这么热，让快递小哥送烂水果，太过分太对不起快递了。
去年底给老爸买了一台，相当满意。现在又买一台给女儿学英语。家里人的手机也都陆续换成了荣耀，国产越来越好了	本次入住的是商务大床房，房间不错，很大，灯光协调，落地玻璃窗视野宽广，地理位置也很方便，服务人员非常周到（不小心把裤子的扣子绷掉了，呵呵，太胖了，服务员很快就替我钉好了），笑容也非常可爱，价钱在5星里面也算合适。大堂的装修设计应该有些年限了，显得有点过时和俗气，不过这到不影响居住质量	比超市便宜，还好，没有坏的，够脆够甜。	1.  锡箔纸 贴的 做工很差 2. 背板中一根线飞出来了  给我贴回去了 4. dvd上面的 贴膜 没有了   机器有指纹（不是我的）
质量非常好。真不错，老公喜欢就是好，以后还来。	本想订汉庭，地理位置不错的酒店，从汽车西站叫车过去15元，离文昌阁几步之遥，10分钟可到有名的福满楼，金鹰国际购物中心、时代广场近在咫尺。个园、何园、瘦西湖步行20分钟内均可到达，三轮的话5元没问题。大堂宽敞，房间设施符合三星要求，床铺整洁。只是卫生间略显成旧，用的是浴缸，不过坐厕、龙头都是美标的，水也不是想象中那幺小、凉，总体还算不错。10元的早餐内容较少，不过咱也不图这个对吧！哈哈，下次去还订那儿。补充点评 2008年5月13日 ： 本想订汉庭，预定已满订了红杉树。地理位置不错的酒店，从汽车西站叫车过去15元，离文昌阁几步之遥，10分钟可到有名的福满楼，金鹰国际购物中心、时代广场近在咫尺。个园、何园、瘦西湖步行20分钟内均可到达，三轮的话5元没问题。大堂宽敞，房间设施符合三星要求，床铺整洁。只是卫生间略显成旧，用的是浴缸，不过坐厕、龙头都是美标的，水也不是想象中那幺小、凉，总体还算不错。10元的早餐内容较少，不过咱也不图这个对吧！哈哈，下次去还订那儿。	机子有点重，不合适外出携带。京东客服电话太难打，基本是摆设。触摸板那里温度高。包装箱被拆开过，不知何故。	原以为京东自营的东西比较有保障，先不说东西怎么样，这没买几天，就降*找客服要差价，他理由真多，还没几分钟，价格*了，生怕我找他要回*，一点保障都没有，价格起伏太大了，又不保价，以后谁还敢买你东西！
t4200cpu不错，带摄像头，带dvd刻录，升级了内存。速度一流。带电池延包卡可以包1年。	给人惊喜的一款平板，比实体店便宜了几百块！照相、看视频，棒棒的，20块华为的活动价买了那半年的华为会员，可以看好多电影、电视剧！	好好好～都好，价格公道～物美价廉～亲们放心购买吧～京东太给力了～	餐饮较差
不错还好挺不错	东西蛮好的，只是安装人员的东西比较贵，材料太贵了。说是人工费不要的，其实比我自己叫安装人员，另外出人工费还要贵呢，一共200元安装材料费。占热水器价格的在分之一了。	比想象中小，80mm的这幺小，不敢想象70，75的会有多小。第一次买生鲜，感觉不太好	买三件送纯棉内裤一条，是假的最好别买
9号去京都自提，性价比不错，AMD的cpu性能不错，内存有些欠小，买时顺带买了根2GDDR2 800的内存，触摸板的小开关比较方便，无线网卡开关也很方便。摄像头和mic还没用过呵呵	苹果收到了，物流很快，我是吃了才晒单的，好甜，脆，吃完再买。	反应慢，还死机。	不是所有虫子都叫特仑苏 啊。。好恶心。。恶心死了，蒙牛恶心，虫子更恶心，对着虫子撸的最恶心！ 我擦。。这两天都在喝这个。。。。 再也不买了！！！
宝贝拿到了谢谢，昨天下午才下单今天就到了，是我喜欢的款式谢谢，一拿到手就试了一下网速，网速超快。	昨天下午下的单今天上午就到了，中午用了是正品，有需要的快入手了??	外包装太简陋了吧，连填充物都没有放，一个纸箱里直接放平板。等用过后再作评价。	一颗星都不想给，瓶子坏了，洗发水都躺出来了
商品不错，价格实惠，京东商城给力，物流很快，快递哥服务态度很好，给力！谢谢！	直接盒子送来的～没有包装～这个我是不在乎的～节能环保哈哈～里面是两瓶洗发水?一瓶护发素?五个小样～没用过沙宣～第一次尝试～和海飞丝一起下单买的用了券比较划算～	回复 原来你暴露了你爸是李刚，可是你应该被判刑3年啊，在牢里面还能认春哥？还能评论微博？ 回复 你这个吃蒙牛吃成痴呆的盲流，哎。。。	异味重 去不掉 买了直接想扔了
据说女人在家呆的时间最久的地是厨房，总是在里面忙乎，做吃的给自己或是爱的人。也许可以说，厨房里洋溢着爱的空气？也许厨房就是这样平常却不可缺少？也许平日里，我们都会说“我才不怕一个人呢！”但是某天，你真失去了所谓的亲人，变成了一个人，那会怎么样呢？装作是什么也没有发生似的接受，还是独自在夜里暗自神伤？我不知道会怎么样，因为还没有失去，但是可以想象的是会在某段时间讨厌一个人。也许我们都需要一个人或是一种方式，让我们在伤感中伴着怀念逐渐释怀。在某些时候，谁都可以给予温暖，陌生的气息却充溢着温暖。只要你愿意，你就可以重生，你就可以给予别人力量。文字间忧伤中的希望，力量，让人觉得很暖和，也许这就是我爱它的原因。没有刻意的展示，却点点渗透。	第二次买了，感觉没有第一次好	分辨率实在是太低了。	住过的如家里最差的一家，登记入住时说房间还没整理好，要等40分钟，等吧！40分钟后如果不是我主动去问，也没人来通知你可以入住了，也许又是40分钟！标准B间房间在一楼，较小，这倒无所谓，房间里异味较重，这也罢了，关键在于房间里闹鼠患！半夜2：30厕所里一声巨响，一看是厕所吊顶掉下来一块，小水泥块掉了一地，一只硕大的老鼠掉了下来，在房间里蹿了一圈后又爬了回去，第一次在宾馆里碰到这种情况，实在扫兴！建议如家能关心此事，灭绝鼠患。因为前一天住的是洛阳如家（王城公园店），两家真是有云泥之别！省会城市的宾馆啊！希望能争气一点！
京东购物实惠～一不小心就买了16部手机，接下来不用再买手机了！_(: 」∠)_嘎？	蒙牛去死吧	真他是骗1子又不甜，还小个。再也不在这里买水果了，买回来还有烂的	实在是垃圾，卡，而且屏幕分辨率实在是太低了，图片视频根本就没法看，都是锯齿和马赛克，真是倒霉死了！要不是急着出国，我肯定退货了！真是垃圾，千万不要买！
多次购买的了，个头可以，就是颜色比较红，同之前买的可能是不同品种，口感没前几次的好。	这个味道我喜欢、蒙牛优益C	"摄像头非常的不清楚,比我买的45块钱摄像头都烂多了,内存容易较点.电池3芯不够用"	买了三个坏了两个，都烂掉了，还没有客服售后，真是无语
手感很好，大小合适，速度挺快	"我是前一段时间在青岛国美买的,价格是1280,也是双电单充,反应比较好,彩屏颜色还可以,铃声比较大,总体来说挺满意的"	坑货 用没多久屏幕成这样了。	一块买的都撒了，本来想换货的想想麻烦只能差评
买给老婆用的。整体感觉高贵，各种功能齐全，散热方面比较均衡，接口分布合理，颜色很漂亮，外壳和键盘都是钢琴拷漆的。13寸的屏，黄金尺寸。	水果很新鲜，家人收到很满意，好评，物流超级快，昨天下单，今天中午就收到了！！！！！！	这个酒店真不错，房间超大，卫浴设施很干净，窗子很大阳光充足。美中不足，餐厅不敢恭维。但服务人员态度超好，本人在住店期间身体不适得到了家人一般的照顾，感激得很！强力推荐！	垃圾的一比，试了一下，上半截是什么布料，痒了我一晚上，百十块钱的东西，买个教训吧
宝贝收到了，做工很好，和 老板介绍的一样，穿着很舒服，大小合适，很喜欢！老板热情，物流快！	除有点笨重外，散热，屏幕都不错。能当台式机用。用了一个月了，还没发现有任何问题。	买假了！无语 外包装都被拆了 味道跟我在超市买的不一样	比宣传的小，重量也不足，口感是涩果（没有成熟）的那种口感，当然价钱不贵，但是宣传夸大了，这个在批发市场也就***/斤的价格，以后是不会买了。
东信EG818 GPRS双屏手机，4096色激情真彩，16和弦曼妙铃音，处处动人心弦。机身做工手感都很好，流畅线条，轻巧优雅，手感盈然，为你带来前所未有的激情体验。 屏幕大，支持10行中文显示，每行8字，支持WAP、GPRS、录音、来电防火墙功能，电池待机时间较长。	还不错，第2次买了，好用，价钱经济实惠，下次还会再买的	看过很多匪大的书 准确的讲是买了很多 但是有2本一直没看完或者说不敢看完 人间最美的爱情在最后都变成了凄楚 让人不禁唏嘘 而这本是匪大自称亲妈的作品 我很喜欢后面关于黑社会的篇幅 有美好的爱情 好的结局 让人看了 满口留香 回味无穷 但是如果要我说 不如上一本也是短篇 番外的当时明月在好 记得里面有一个写杨九妹和耶律的 还有纪晓芙的 都很让人感动 希望匪大多写点这样风格的书 满足我们读者	全国多少亿人包容蒙牛的毒奶？是包容还是无奈？
质量不错，款式也挺好，穿在身上挺舒服，没有异样感觉。满意的商品。	酒店整体都不错，住过两次。感觉360跟410的房间没什么区别。	这家酒店在滨州算是最好的了。整体服务水准还不错。房间一般，没有留下太深的印象，自助餐还可以，值得一吃。	一般般还不错。口感没之前买的新鲜好吃咯。个头也比较小
送货快，包装完好，搞活动的时候买的，还送了膜和保护套，非常划算，屏幕分辨率色彩也不错，华为大品牌买的用的时候也放心，不错的一次购物	周围环境比较安静，房间干净装潢较新，总的来说性价比高。 离九华山有30分钟的车程，没有车的话会稍微有些不便。早餐品种太少，不过看在是送的也就算了。	挺好的，好吃又营养真的是好东西。	第一买这个牌子，还没用过，但愿质量不错
磨砂表面真的不错，一点儿都不留手指印；自带的系统恢复软件让人觉得很放心；IBM的做工也不错；键盘灯蛮不错的，风扇真安静啊。	苹果很新鲜，脆，甜，水分足，没有一个坏果，京东自营水果值得选择！	各方面的准基本达到五星的标准，不过，每个城市的五星酒店基本都是万变不离其宗。房间：较大，特点是枕头极多，初步点了一下，一个床上有九个枕头。窗外的视线也不错，朝东的房间可以远眺金鸡湖。卫生间：较大，舒服。会议室：这次租用了半天的会议室，价格虽然很贵，但是基本设施和服务还是很到位的，酒店在从大堂开始到电梯到二楼的电梯口到会议室，沿途到进行了告示，老板看了感到很有面子。总之：如果是会务安排，公务活动，这个酒店相当的不错。	酒店比较吵杂，地毯没打扫干净较脏
京东自营的沙宣洗发水外包装盒很好，物流超快?现在还没有用，用后再来评价。全五分	试试看怎么样，长发用洗发水实在是太费了，不停的在买，这个优惠不错，买来给爸爸用	刚到还行，声音音质效果也不错	垃圾，用一段时间，用了后一直头痒，，，
非常好哈哈哈哈哈哈哈	本机有个优点不错，那就是自动省电的功能，主屏会在你停止触键后两三秒变暗一点，但不影响视觉，过了你设定的背景灯时间后会分四次逐渐变暗，如想再看屏幕就按任意键（只开灯，不会作任何误操作）．短信的单音是指有新短信只响一次，如果选周期单音就是在你没有阅读新短信的情况下它会隔一段时间响一次短信铃声，提醒你阅读新短信．	这样太差劲了，洗了头发两三天后发痒	这种酒店还有人给好评，我想说你没住过酒店吗？这种连如家，格林豪泰，都比不上的酒店，价格还比人家贵那么多，还是航空酒店。航空公司这么坑。如此脏乱差的酒店，再也不会来。
这个价买这个东东很值了，够用了	花园式的酒店，在城中，有点旧，但靠花园的房间不错！	这也就是涤纶面料，连棉都不含，更不用说麻料了，真是上当	太坑了，这是网球火龙果嘛，还没个橙子大，分量不足，超级坑，也佩服被你们找得到这种大小的果子，还中果~~自己看看这叫中果
这就是京东的包装送货。	不甜 不如之前买的好 不会再买了	里面什么也没有，像素太差，感觉跟翻新机一样	被坑了，不是说都是洗发水吗？
inter 的SSD硬盘 速度超级快，现在用笔记本在也不用像以前那样开机后就小心的放桌子上，不敢随意移动，可以到处拿起走着用，也不用担心硬盘被震动导致硬盘故障！全铝外壳漂亮不留指纹。	很新鲜，很甜，口感很棒！很开心的一次购物！	非常实惠，便宜量足，赠送吹风机，京东的快递是最棒的	像数太低，像是翻版机。真还不如5-600元的机子！ 商品满意度0分！！！！
裤子的质量非常好，很舒适，很有弹性，男朋友很喜欢。。	从来不喝蒙牛伊利	洗的掉头发，味道特别古怪	手机什么的，都不错，大小，功能，价格，等等我都满意！但是有一点我要问问京东，问为什么送来的手机贴好了保护的钢化膜，而不是运输膜，我还专门买了钢化膜都没用，这么多年在京东买东西，不要因为贪图利益而丧失我对你的信任，另外手机我也发现明显的bug，不知道是软件兼容问题还是显卡显示问题，更使我怀疑此机的……，希望不是问 题 回 收 修 理 机，整体我避开使用某**况，基本不影响使用，就不换了，但评价只能给1星了。写了这么多还不让发。
质量很好，很合适，款式很好看，很快就收到了，很满意	很不错，物流很快	真材实料，东西是好，可惜我搞错了，本想买夏天穿的，订了春秋穿的，就先留着用吧，继续购。	一半都是有伤的，太差了，再也不会买了
面料不错，样式不错，大小合适，以后还会再光顾的，好评	还不错，虽然个头不大，吃起来好吃！	质量还不错，款式也很好	自己看吧，第一次买的还好，这次买的不新鲜，都脱水了，不脆，已经提交了售后，看你们怎么处理吧，上次买几袋奶粉，有一袋是破的，买的词汇书也是旧书，我真服了，京东，你用点心吧
乱发货，运费还得自己承担	拿回来一看盒子是旧的，机子里还有下载的歌曲，操	真是垃圾，草，送了10天才到，问客服啥都不知道	垃圾绝对的假货！洗了头皮痒的不得了！还头皮屑多的跟雪花一样！大家千万别买！假货假货！
黑变大，俺其他的嘛，一般般什么技能啊，我靠翻译都分不清楚	应该是假的，味道闻的很奇怪	唉，不好吃，没有味道没有味道没有味道，买到算我吃亏......	不新鲜，昨天拿出来吃居然有一只已经烂了，还有两只是这样的，如图，看来也只能扔了……
手机的屏幕效果不错颜色比较鲜艳，而且可以调节自动关闭屏幕亮度功能，使用很方便。还是采用红色的键盘背景灯，金属质感的按键，灵敏度很高，用着爽。16和弦铃声，内置5款游戏：坦克大战、二十一点、小精灵、五子棋和仓库世家。自带的拍照相机所拍的图象也不错清晰的摄像效果，逼真地体现了生活的色彩，让心神回归大自然。内置30万像素的数码摄像头具有连拍、定时拍照的功能。除此之外，它还具备2段式变焦、3种摄像品质、4组环境模式和6组拍摄效果，并且可储存约60张的画面。	我只能说，这是我买过最划算最质优最修身，最好料最帅气的白色体恤了，我只想再买几件，明年夏天穿，这两件打底用！真心好，班尼路，之前在知乎上看过别人推荐的牌子，这是第一次购买！绝对推荐！绝对程序员必备品牌！大爱！    拍完照，发现最近胖了，为了这衣服，也得去健身了！！！???	系统反应速度，屏幕清晰！音质超赞！电池持久力正在测试！64Gsd卡总是提示错误，换上32G的sd卡就未再出现不知什么原因！	这个火龙果吃完了，真心不想给评论，火龙果不甜，还有股刷锅水的味
不知道什么时候能升到一mui5.1。系统用起来还是不怎么好用，娱乐兔跑了一下才5万多分。gpu，在1980×1080分辨率下有点卡。电池还可以用十个小时左右。	手机上都看不到别人的号码，竟然成了我的送货号码，我下单的电话号码都没打，弄飞机哦。掉了找空气吗？	并没有想象的那么好，GPU不行，玩崩坏3要卡。包装也不好	跟图片一点都不一样，基本没有弹性，懒得退了
好吃，苹果味很浓，甜，买了很多次了	该楼是目前乌鲁木齐标志建筑.交通位置非常突出.出行非常方便.周边环境非常好.红山.人民公园近在咫尺.二道桥仅四站路.非常好.有缘下次仍入住............	"无窗房,价廉物美,晚上8点入住,早上7点出门.对于一些仅仅是睡一觉的客户相当合适."	看你从哪面看结局，之前感觉很悲，但是最后想想可能这样的结局对于他们两个人是圆满的。在这个世界她背负了太多责任。
第一次买清扬樱花味的洗发水，用完确实不错，关键618活动价格更实惠！	苹果质量好，价格也蛮划算的，老公就喜欢吃脆脆的苹果！	跟同一条街不远的经济型酒店比较 我更喜欢假日之星酒店 我订的是商务大床房 相比房间面积大一点 感觉不那么狭窄 还有浴室提供吹风机 另家经济型酒店同类房间里也没有 缺点：大部分经济型酒店不提供早餐 还有就是房间的隔音效果做的不是很好 神经衰弱的不建议入住	衣服质量一般，里面的绒太假了，根本不像介绍的那样，不满意。不过物流很快，店家的态度不错
东西很好，大屏、速度也快，能打电话、能装内存卡，适合娱乐，很满意	"很仔细的读了序,也一口气读了小半本书。确如序所言，星辰也有忧郁的影子，也有不可解的迷惑，不可化的孤独与寂寞。明明是某时某刻的某种情绪，却也会变成理性思维下的分析与解读，却也无法排遣内心的怀疑和不安。不知道这是不是他的人生的低谷或者脆弱期。看着看着，又找到看鲁迅的感觉，一面理性犀利，一面感性柔软。"	感觉太一般了，绝对没推荐的那么好	包装虽然好看，物流速度也快，可是，哎，买了个假货，洗头发都是头皮屑，，我没有头皮屑的人居然被这个假货洗了有头皮屑，，我也是醉了，以后再也不贪图小便宜，不在网上买洗发水了，，还是到实体店里面买真货，虽然贵点，但是值得。。
比较小巧，白色的也漂亮。关掉蓝牙和摄像头，电池可以用5个小时不到。	"蒙牛出的牛奶就是不好,我从来不喝,我就认三元,伊利."	水果价格尾数都是9，多没意思啊！！！不如直接把9进上去，变成24呢？	产品如何，暂且不评价，一直在京东购买商品，看中的是自营物流快，这次中间环节出错误导致晚了两天收到货，收到的包裹包装是多垃圾的，此次购物真的是差评。。。。
裤子质量很好，穿上很舒服，面料颜色也好看。	与其他品牌相比，具有很大的比较优势。尤其是散热和静音，更是其他品牌无法企及的。	希望国货华为再精益求精，更上一层楼！	今天晚上控制住吃东西的欲望，以喝水和吃萝卜解决问题，冬吃萝卜夏吃姜，好事。早餐，一杯100克的蒙牛酸奶加半个煎饼，午餐，青菜为主加半碗米饭，腿还疼，没有运动。
送货速度快，本外观比较好看，没发现什么问题，自带的软件很实用。	还行不错不错，发货特快	性价比不错，但是就是货物从出库到自提点速度太慢了，我6月5日下的单子，到8号才到自提点	上面按压的那里根本不好使，两瓶都这种情况，我根本没时间折腾
拿到的是完美屏，速度也很快，因为原来笔记本就是Ibm所以用着也挺顺手。准备过几天改成xp。显卡是集成的，不过因为我不玩游戏，所以无所谓了。之前看了很多地方，价格都比京东上贵一些，所以这个价格我觉得还好	小，还有一个坏的，另外一个箱子没了拆开，味道我觉得还可以，就是个小个小个太小了	玩下消消乐就发烫的厉害。	真的，操作感还不如几百块的手机，国产平板太垃圾了。平板还是买苹果舒心
衣衣收到了，裤子质量非常好，卖家客服也很好，非常满意的一定购物，祝生意兴隆，以后还会经常光顾的。	质量很好，面料不错，大小合适	裤子质量不错，无弹，直筒，就是穿起来没有像模特那么修身，不过产品确实特别好，细节做的很到位	这是入住最不爽的一次，前台12个人，都不知道干嘛。流程原始麻烦，开个发票磨磨唧唧，说财务要求。财务要求和我有什么关系。
满意，好吃，物流快，下次会再买	这个苹果不行比洛川苹果差，这个苹果也不甜水分也不多，关键还是小很小。不值得	真心不怎么样太垃圾了	妈的，买贵了，就这两天降了*
酒店设施老化，电视看不了，wifi连不上。	对京东的信任全都被狗吃了	我觉得不好，和超市比，这个一点味没有，下次不回买	售后服务态度极差！表示以后不会在网购。
近年来都用的这个，滋源无硅油洗头水，虽然价格有点贵，不过品质效果是不错的，满减活动价格实惠。喜欢赠品发膜。价格合理以后还会买。	是以前的工人宿舍改造的，旁边施工很吵。酒店的设施也不是很好。	卡得一逼，开个UC和迅雷就卡死	昨天买的，今天就收到了，快递速度是没得说的，但是，打开箱子我就无语了，里面没有填充物，只有一个盒子，摇起来哐当响，而且平板电脑盒子是没有密封的，直接两边用胶带一贴就完事了，我都不知道收到的是不是买家发的，问客服也不知道怎么确定。本来对华为印象挺好的，现在直接就无语了。感觉上当受骗了。
大采购哈哈。京东的东西。一直是我信赖的东西。物流服务那是没得说。大小东西一切只有京东让我放心。	还没用，应该是正品，相信京东，，，。……………	没有包 我又单买一胆 但是适配器没地方放 郁闷中 但电脑极好 以后再买包吧 电池久一些更好	不怎么好很粘毛，穿一次就没穿了。
物美价廉，品质很好，晚上下单，第二天一大早就送到，服务好，水果新鲜。	6月28买848元，现在买799元，足足相差49元，申请价格保护，说不在保护范围，太不人性化。	玩啥呢！盒子里面堆里点泡沫不行么，就这么晃悠来的。我看这包装我就生气，啥玩意	太垃圾了啊，总粘毛毛
很好很棒很不错很好很棒很不错哦！	1.交通方便，靠近地铁站；2.安静、干净、舒适；3.价格偏贵（房价、餐饮、上网）。	京东快递真牛B，第一次因个人原因手机关机联系不上我，这是我的不对，后面我手机好好的，你们也不再联系我一下，把我的东西直接给退回去了，打你们电话也不接，你们真屌	平板用着还好，但是一次不愉快的购物，11月10下的单，期间多次询问客服，只是让耐心等待，可是到18日晚上告诉我东西丢了，让我重新下单，给我补差价，我认了，又下单，下完单又说，没货得等2-6天发货 ，郁闷，到20号还没发货，下单有赠品了，我问你没发货，能在发货给我赠品吗？答不给，终于收到货了，要差价时客服又说没用券什么的，气死了，最后解决了。总得来说不愉快，但客服态度挺好的。只好给差评了，平板用过了再评。
当时买这个本儿就是冲着它漂亮+电池，性能啥的小本儿也没什么追求 不过升级了2G内存+重装了vista之后感觉还是不错的 而且比较皮实，去电脑城看了其他品牌的上网本后，尽管这个当时贵一些，还是入手了	受同名电影的影响，在读的时候眼前总是浮现出爱德华诺顿和纳奥米沃茨的身影。此时我尚未读完，刚读到瓦尔特死去，心中感到既惋惜又无奈。毛姆的小说总是让我感动、感伤，读后常常陷入沉思，许久不能自拔。这部小说中对旧中国城镇环境和人物的描写令我不快，虽然也许是那时的实际情况，但毛姆似乎充满了西方人对落后中国的优越感，我这个狭隘的过分敏感的中国人颇感不爽。总的感觉是非常喜欢。	我试着卸载了默认安装的杀毒软件后。系统启动有时候进不去windows	不论产品的真假，这种气味就值一星*庭装一样的气味，难闻死了
和描述相符，物流速度很快，做活动买的，挺划算的	正装裤子，穿上很时尚，有弹性，朋友看了都喜欢	第一次看到青山七惠的《一个人的好天气》是《青年文摘》上的一段节选，当时就觉得笔下的文字如涓涓小河流淌进心里，淡淡的名单是挥之不去。第一天拿到书的时候，一个人坐在图书馆的沙发上，读着读着就忘了时间，不自觉的觉得自己就是女主角，一起经历着这一年的春夏秋冬欢笑痛苦哀伤，五味陈杂生活就是这样，慢慢流淌，遇到该遇到的人又各奔东西，留下无尽的怀念和记忆，美好而感动	上次入住时对这里的豪华自助早餐印象深刻，记得二楼四面环绕有三面都有各式各样的食品，中西皆有，琳琅满目，所以特别给家人推荐了一下，结果这次没那么好了，只有一面有食品，东西也少了很多，害我没面子！服务还是很不错的，下次有机会还会来的。
这是一个值得推荐的宾馆＃２楼标房仅280元确实是价廉物美，性价比很高，虽然卫生间小了一点。缺点是如果你带了很多行李就不方便了，我住的是＃２楼２层，实际上从大堂到房间要爬4层，还不算水平距离，好在还有服务生（这样的服务不给小费是不好意思的啦，仅管我没有付小费的习惯。）	说好的本市当天送达 上面也表明了 结果还是隔了一天。送货员 态度很好。	不好，有的时候wifi会断网，有时会闪退？	东西不好吃，运到的时候还乱了，给客服发信息没人理，差评，不管是服务还是质量都是差评，感觉被坑了，做为老客户，伤心了。
主要看中的是3600MHz系统总线，给升级预留了较大的空间，但还没做验证测试是否3600MHz的。性价比还不错。	都说薄荷洗发露洗完以后头上凉凉的但是这个没有不知道是不是买到假货了	充电插孔接触不良，问客服没人管，态度不行	一踏糊涂的地摊货，布料特差，没有一点弹性，做工也差
替朋友买的，这个的设计很方便，外观不落俗套，主要性价比值的了。	水份很多，很甜，这是第二次再这家店买了，真的很好吃，吃完还会再买！	唉！这次购物太失望！不满意，首先是裤子的布料不好，后面我又重新买了另一条比这条好多了！！太失望。。。	漏了，第一次碰到这么不顺利，给个一星吧
东西质量不错，40L的大小刚好够我们家的位置，热水器跟网上是模一样绝对是正品，售后也不错，我自己买的材料，安装师傅是免费帮我安装的，	快递很给力，看视频很给力	所有的房间里的设施不是很齐全！	便宜，大，有点后悔了，早知道买个其他的
平板好用，反正够快，玩游戏也不卡！照相也清晰非常喜欢，这款平板我看了好久的了，支持京东，一直在这京东买东西，可惜好多东西京东没有！	"东西很好噢,已经在这家买了好几台了.快递也很给力.上门安装的师傅也很好.没有乱收费的现象."	很稀，应该不是正品	我想请问赠送的那两瓶到哪去了？这不是欺诈吗
感觉很不错，闻着特别香。一直用沙宣的。	国产品牌算做的比较优秀了，相信华为的产品	收到东东好开心呀！物流很快，??新鲜！这次活动买的还比较划算！下次有活动再买！	拿出两个，一个坏心。是苹果坏了，还是心坏了?
1.铃声优美，音量较大； 2.支持关机闹铃； 3.支持群发短信； 4.按键较大，手感不错 5.屏幕显示效果不错；； 6.支持GPRS和WAP，GPRS 上网速度较快	京东价格便宜质量又好，物流快服务态度好	物流很快，很喜欢，一直用这个的	质量跟*有得一比，穿了两次就能破个洞。
还没有用，不过一直相信京东自营！希望不要让我失望！	艾玛。误导消费者。特小。不像图片辣么大	洗完了头发都粘一块，不用护发素根本梳不开，还不如国产牌子	这个是我在京东买过最垃圾的东西 ，苹果非常小，这也好意思拿出来卖，建议大家不要买
宝贝收到了。穿上试试，老婆说帅呆了。呵真心不错，布料又软。而且价格实惠，快递也是杠杠滴。	穿上跟合适，很喜欢，满意的一次购物，买了两件都不错	差评，越洗越痒，假货	你妺的 第一次在京东买到这种货 比地摊上差不多 这价钱在地摊上就可以买两条了现在京东也做假货了 差评 以后再也不在京东买了
绝对很赞，一直吃这个品牌，脆甜汁水足	冰箱里有蒙牛新出的奶，君乐宝新出的奶，打我记事以来除了喜欢蒙牛就只剩蒙牛值得我去喜欢了，一直脑残的偏爱至今，天凉了，您也来口蒙牛吧小伙	买的时候说秒杀，没收到就降价，还说秒杀不保价，真是醉了	和去年同价位相比不仅个小很多而且甜度也差很多，差评，必须差评！亏我去年在你这买了那么多。真晕！
宝贝收到了，特地用了几次才来评价，绝对正品，洗发露很好用，润发乳用了后头发很柔顺，用完了还会来	涨价没意思 包装都省了 很差啊	头屑过多，我不适合，下次不买了	房间太差，外面就是立交桥，吵的很，房内脏，味道又大，房门不牢，开关感觉都有问题。办入住的时候，前台给了房卡，打开房间发现里面已经睡着人了，这种事情怎么能够发生？
配置挺高，相当专业的娱乐本，特别是旋转屏和触摸让人耳目一新。还有钛合金的外壳和键盘！国产质量很难突破！	嗯嗯！这果个头虽然小了点，但很香、很脆、很甜……嗄吱，嗄吱满嘴果香！	挺慢的，建议买小米平板	提价再打折出，双十一用折扣卷的卖的和现在不用卷是一样价。.......
挺好的衣服，有点薄，有点长，还是不错的，性价比很高，下次还会关注	东西不错，价格便宜，买东西就上京东。	手机不卡.比自己在用的好多了	签收后充电器坏的，充不了电，联系客服，问我半天问题，最后叫我去联系京东客服，真心觉得服务差，质量也差
我觉得还是A96好。造型上，A810肯定远不如A96的；手感上，A96比A810设计合理多啦，手感很好；功能上，A96比A810全多啦，比如GPRS上网，短信防火墙等等。	买了这套书，里面的画面是黑白的，而且还有点点浅，不过画面的线条比较美。我是带儿子度假的时候把这本书带上的，在美丽琼海边上两棵大柳树下的秋千上一起读这本书的，我和儿子一起给书里的男孩、狗、青蛙取了好听的名字，然后美美的看着画面想象着开心的讲完书里的故事。儿子开心极了，因为故事是我们自己编的，我们都喜欢。不错的一套书，能给你无限的想象，也能给你无限的乐趣。	地理位置不错，在市中心繁华地段，去天津街、清泥洼都很方便，楼下不远就有有轨电车；我住的是个mini标间，但比想像中的要大，有17、8平吧；服务什么的也都挺好，觉得不好的一点，上网居然要收费，20元/天，不过我也时间上，希望以后可以免费；电视可以收到韩、日、美、港等台，但有些台不清晰	和主楼相比不是一般的差
"环境不错,地点也很好!下次还会入住!"	里面的内容很浅，而且没有系统性，没有买和收藏的需要。不过作者对生命的热爱还是很值得学习的。我相信只有热爱生命的人，才会用力地去生活。	什么都不想说买不到三个月不能多点触屏，说我附近没网点让寄修什么的被骗就这一次下次打死不买国产的什么都不想说	差评！昨天刚买今天就降价，真是无语，一天就蹉跎100元，比我工资还高，差评！差评！差评！
酒店还可以，早餐也不错，值得推荐，若价格能再低点就更好了。	舞台中央的奶滴形象真耀眼。这是今晚在发布会现场出现最多的图案了。由此可以看出蒙牛是真的决心从点滴开始改变了，也期待每一滴牛奶的改变和每一米幸福的降临！	衣服一般，跟图片不一样。	严重差评，物流慢，态度很不好
一直都在用清扬男士去屑，宇宙最忠实的清扬boy，在京东购买比在超市便宜很多，品质还一如既往的出色。	给家里老人买的，老人家太喜欢了，当时就让我给换了卡用上了，到那去都拿着，哈哈?	待机时间长，尽管没有用到9.5小时，但已经算够可以的了。性能对于处理办公软件足够了。	给家人买的，用着还不错
追加一点，早餐尽量不要在酒店吃。能吃的食物少的可怜，如果阁下是位正在依靠咖啡减肥的人事，这里是最好的去处，因为别的都没有，咖啡倒是可以让你喝饱。更要命的是要求添加些食物居然遭到服务员的白眼！交了钱得不到应有的服务和起码的食物供应，这是酒店给我留下的最深的印象和遗憾宾馆反馈 2006年12月11日 ： 感谢您提出的宝贵意见。点评中所涉及的相关问题酒店已给予高度重视并正对早餐等相关问题根据客人的需求和酒店的服务标准作出改进和调整。酒店质监部已加强了对服务质量的督导。	从当当网购书真是痛苦的过程。费劲周折才，历经一个月时间才拿到书。	垃圾平板，用了几次。屏都不听使唤了	"房间很差, 感觉像有鬼一样, 服务也很差, 水要自己要才给, 总之这个酒店绝对不推荐!"
这套书错过了好多次，最后还是在朋友的推荐下买了。真庆幸，没有一直错过。小时候，我最喜欢看瑞典的阿。林格伦的作品，什么《屋顶上的卡尔松》《淘气包埃米尔》，陪我度过了难忘的童年时光。直到现在，每当看到那个风格的图画，都会触动我心底最温馨的记忆。派老头和菲菲 也是这样的故事。幽默，温馨，女儿三岁，非常喜欢，常常要求我，看看那个发怒的公牛，看看菲菲斗鸡。相信这也会成为女儿温馨的童年印象。	我订了2套，只收到一套，怎么回事？，包装完整，发票、发货单标价都是50元	太薄了，与图片不符，价格太贵	买错了买成32我请你换下你不换 还发两条过来 我又寄回去换 说好的29又成30？物流也慢得要死 真不知道怎么做的
裤子质量特别的好，穿上超级舒服，表示狠喜欢！关键物流也可快，下次还来哦。	非常好，性价比高，100分，就爱华为的东西，电子产品全部都华为。	"电池续航不错. 看股票加上班时间可以一直用到回家.不错,早3小时,午4小时."	不好。垃圾货
第一次购买清扬洗发露，用了之后在评价效果如何。快递没的说，头天买，第二天收到?好评	不错不错很好很好我就这样凑够了10个字	整体还算可以，离市区稍远，环境不错，旁边有公园，酒店提供接机服务，如果有送机服务就更好了（打的到机场20元）	优点就是离机场近，有短驳巴士。
挺好的，很喜欢，但是失策，本来想用大王卡的，结果插路由器上只能走流量，下次一定买个插卡的，便宜还真有便宜的道理。棒棒哒，给宝宝们提个建议，多花五百，可能方便的不只五百。	位置太不方便了，门口单行线，出去近，回来远了一倍	20个苹果，2个坏的，卖家不厚道啊	大部分都是已经坏了的，没有水分，个头很小，建议大家不要图省事，在网上购买。要吃的新鲜，还是要去实体店购买比较靠谱~
老五星级酒店，358元标房，价格实惠，就是房间电视太小，其他不错。	虽然冰冰死了我很不爽，但我还是给了你一个五星级评分，以资鼓励，以观后效。	东西挺好的，就是送货没有按时到达，信誉啊，失望啊！	两个口袋都是碎得，开口，衣服质量真不咋的，还没开始穿了
两天就到了，很快，性价比挺不错的	总体来说还是不错的，就是酒店大堂设在商场里面给人感觉并不是很好，其他条件都尚可	酒店很老了，而且9点太这个房间给了我太远了，明明都良60两点钟入住拍个正面的房间。	我擦，就这酒店也敢卖500多元一间，太欺客了吧！墙居然是乳胶潻涂料的，浴缸不如别有，看了脏的恶心，还要站里面洗澡，一次性拖鞋，真叫我领教了什么是薄如蝉翼，不如小旅店的质量，打开塑料袋一股薰人的化工恶臭。满房子没顶灯，4台灯把插座全占了，你要绐手机充个电，〇k，台灯拔掉！上海人你精明的过头了吧！是不是觉得赶飞机的都外地人好欺负啊！走这么多城市住这么多酒店，对你们印象太差了！200元收费我给你3颗星评价，携程价500多元，有负分吗？我给你评负分，携程网网管我告诉你，别把我这条清掉，否则我找你们的麻烦.
快递大叔太可爱了，态度超好。    东西就不用说了 沙宣。    哈哈，好评 特别是快递大叔 圣诞快乐！??	这些都是很大很大的坑，所以有玉米帮着挤挤干水，整理了下。推荐给@简桢，比你看的小说好看多了。记一次蒙牛酸酸乳什么什么的没收集，因为不是我整理的。也没有收集到我从远方赶来这篇。	除了咖啡吧那硬硬的巧克力蛋糕，其他服务都符合喜来登的标准，有宾至如归的感觉。	因为它的名气，我购买了它。也因为它的名气我转送了他人。除了做份礼物送出，对我而言没有任何价值。文中所表述的一切男人女人的特性和家庭问题的解决对我而言都是空的。 没有任何价值来参考，也无法产生任何共鸣。。。。。。。
裤子很不错，面料很好，穿起来非常帅气，喜欢！	卖家服务好，东西质量也很棒，很喜欢，下次有需要的话还回来这里...	隔了一段时间，过来住，还是那样差，空气不好一直咳嗽，卫生很不好，味道很大，广交会临近没有得选择，只能选	差评 说好的赠品没有送 京东越来越不亲民了 以后在京东只能冲话费了
漫步者（EDIFIER） R10U 2.0声道	买了好几次这个牌子的了，不过这次怎么样用了才知道，之前买的和超市无两样，吹风机是赠品	usb接口太少了，而且都在左侧。 用时间长了键盘很热，但是运行稳定。 装ghost系统，会死机，要从官网下载网卡驱动。 内存只有1g。官网上的xp的驱动做的太烂了，摄像头到现在都没装上。	真的不想说什么了，发过来的苹果烂了好几个。无力吐槽，找客服，客服让我打电话找什么生鲜组。请问客服是摆设么？纸盒包装都扁的不行。就差破了。最不满意的一次购物。
一直有这个牌子 相信 效果很好 昨天拍的 今天就到了 今天下暴雨 快递员辛苦了	使用了一个星期，今天来评价一下吧:整体设计风格基本上就是华为mate系列手机的放大版，包括金属后壳，弧度设计等等！个人最喜欢的设计是前置那个触摸感应式按钮，交互设计和魅族手机类似！挺好用的。屏幕显示效果出色，系统升级到了安卓7.0，流畅度也不是问题！机子本身的做工很扎实，缺点是续航力很糟糕，2K屏幕的耗电量很厉害！还有就是玩诛仙的时候画面会有明显的卡顿现象（升级了系统后似乎改善了一点），王者荣耀还可以，发热范围也能接受。京东还良（keng）心（die）送了保护套等配件，至于质量怎样，自己看图吧，那保护套还不如去**自己买一个！	好好玩手机，现在真不行了，也就那样，用着，不是很好。	外观没有轻薄型的那种轻巧。有死机现象，需要关机再开机重启;有时时间还有重新调。按键不好用，每次输起短信来，感觉不如以前那个手机灵敏。不支持彩信！铃声不够逼真！使用导航键进行功能切换时，明显感到反应速度慢！查找联系人不方便，一页页地翻，累
穿了一个冬天裤子都快破了才来评价 好像有点晚了 暖和 给个好评	"庭院环境很好,房间也还可以,设施有一些旧了,总台有位小姐服务稍差了些，但总体还可以。"	房间小，没有窗，感觉比较压抑，早餐就是面包加饮料，性价比真的不怎么样，服务态度还好，早上的穿梭巴士也不错	买黑的适中款发个薄款牛仔蓝给我    裤子比例太差
618大促，京东超市对折销售，老妈正好洗发水没了，买了一套超级划算，包装和服务也很好。	昨晚下的订单，今天就到了，物流一级快，送货员服务很好，小样出差刚好用，下次还会购买。	"地理位置不错,下了高速很快就找到渡假村,去闸坡大约半小时.环境很好,空气清新,房间宽敞舒适!服务态度很差,大多数的服务员都是面无表情,说话冰冷生硬.水上乐园似乎是晚上8点后才开的,玫瑰牛奶浴又贵又不舒服,牛奶味道都没有.按摩也很贵,我们三个人,每个人只按了100分钟,按价格表的价钱,应该是394元,最后买单却是921元,大概收了很多房间费吧!总体感觉还是不错的,下次有时间还可以去玩,但额外收费项目就不敢光顾了."	还可以，价格便宜，快递速度也还行
想买很久了，终于在京东赠送很多东西的情况下，下了订单。京东总部自提点的前台MM都很灵的：） X200的外形比较经典，很喜欢非镜面外壳，CPU性能很不错	很不错，刚吃了一个，甜中带点微酸，是我的菜	朋友说不错	商品运到包装变形，内部洗发液已经渗出
这家的裤子版型很好，面料舒服，尺码标准 。好评！	"由于假日又要收早餐费又要收宽带费,所以选了这个酒店,感觉还是可以的"	"我在网站上预定的是一间大床房,到CHECK IN的时候变成了双人房,虽然后来给我调换了.酒店地理位置不错,门口时高速和轻轨.但酒店的房间整理装修时非常的差,非常的陈旧,完全对不住这个房价!!!!!以后也不会住这个酒店了!"	我这不知道那些好评是怎么来，用了两个星期，头屑增多了，但京东的物流还是不错的
听说屏幕叫“闪电屏”！很有兴趣。外观出色，很时尚！百万像素、26万色屏幕、64和弦，挑手机时觉得这些数值都是最好最高的了！色彩清新明快，景物清晰，十分满意！夜间拍出的照片也行了。	已经第三次购买了，苹果很脆很甜，很好吃！不错?	蒙牛伤不起啊！喝蒙牛更伤不起！	没味道，一点点火龙果的味道都没有，那幺小的火龙果第一次见到，这有350g?
披着文革外皮的《第一次亲密接触》……	有点卡不大好用	使用后发现洗完后头发油油的	很不满意，居然都坏了，变质起霉了
不错！618抢到的！大大的一瓶！感觉还是很划算的！京东物流就是快！隔天就收到了！	价格实在，挺好，惠普的机器就是装系统比较麻烦！是昆山的仁宝代工的，做个没得讲，散热还可以，不能将超好！	刚刚入住是发现房间的地毯和椅子都是湿的，打电话询问时前台只是说明了为什么椅子和地毯会是湿的、一点歉意都没感觉到。结果只给换了两把椅子，实在有些让人不爽。离五星级服务还有距离。	这段时间太忙了 也就没来得及评论 现在补上    第三次选择京东网购    本来觉得京东真的不错结果就给我来了个失望的网购    图片是收到水果后当晚拆开的场景 绝对真实    那两个苹果评论下来3块一个 我在水果店里买的    盆子里的水果是这次网购来的    无力吐槽 大伙儿可以自行看图    我都觉得是xujia宣传了    发货前就没看下有些苹果还能不能正常吃吗?
1、N940最大的特点就是能实时接收和收看模拟信号的电视节目，再加上其26万色2.1英寸的大彩屏，屏幕的色彩还原能力非常好，文字的表现也非常细腻，收看电视的效果虽不及在电视上观看，可在手机上能看电视也算是够爽的。2、N940第二大特点是手写输入，这在许多智能手机和PDA上都可以，算不上什么亮点，不过N940的手写笔同时也是电视的天线，二合为一的设计节省了空间。而且从实际使用来看，手写识别率还是比较高的，写得很潦草的字体也能比较准确地识别出来。3、64和弦铃声，由于有扩音器，所以铃声还是比较大的，而且听起来挺悦耳，看电视的时候也是一种享受。4、再值得一提的是N940的TTS功能和1000个联系人的电话簿，TTS功能也即语音功能（我只是这么理解，不知道对不对），阅读的声音比较自然，由于还没有来得及级细用，只用其看电视了~，所以等用后再补上~~~~。1000个电话簿，对于商务人士也是够用的哟。	比想象中的小，对克重没有概念，正好家里有个厨房用称，原来就应该是这个个头啊，不过按照这个大小，性价比很低，下次买大点的	什么都没有就一个充电器耳机什么都没有	缺斤短两的产品，什么都不知道的客服，绝配！
水果非常新鲜，送货到家非常方便，喜欢的朋友们不要错过哦。送货小哥给送到家里。不用领着种种的水果从超市到家里了。一直在京东购物，非常方便，日用品，什么的东西，都不用去超市，直接在京东下单，第二天就能送到家，对于懒人来说是一种福利。水果包装很好，就是猕猴桃有点生，需要放一段时间。给我们这里的快递小哥点个赞。	基本符合描述，70mm的有点小，有的成色不太好。	预订了标准房，付了押金，到酒店却给了大床房。设施己很破旧，淋浴喷头坏。住5楼，6楼噔噔的声音听到，吵。	战斗力低于0的渣渣，图片是休闲西装裤，楞是给我发了休闲裤，还是紧身的，我留你何用，直接进垃圾桶。
给老爸买来用的，听听音乐，看看文件，上个网足够了	很好的一个酒店。比路桥的南苑e家性价比要高的多。早餐非常丰富！超值！座便居然是带清洗的，我住过的酒店这是独一份！出门正赶上下雨，向前台借了一把伞，居然不要任何担保，这份信任让人感动！椒江、路桥、黄岩地区我肯定是作为首选了。补充点评 2007年12月20日 ： 光表扬，忘记批评了！酒店的空调不制热，问了前台，结果到我退房也没给我结果。还有个好消息，酒店换床了！据说被子也要换。那就更完美了！	用了才一个月坏了，通话时扬声器会突然自动一会儿开一会儿关	本人是在春节后2月27号入住的，该酒店很差；说是四星级，可是服务完全没有到位。我共住了五天；三天服务员进房间就是叠被子和补一次性酒店用品；地上都没有清洁过；我第一天掉的小纸屑到第三天连躺的位置都没换过；真可笑！晚上很吵，开门声音很响；实在很差；建议大家都不要去住了。
宝贝已经收到，时尚新颖，用手摸质感非常好，弹性也很好，也比较透气，穿着很舒服，与其他上衣很搭配，品牌的东西就是好，赞一个下次还来购买，非常满意！	外观漂亮，漂亮漂亮，轻薄。触屏林敏度感觉有点高。其他还是摸索当中，音质好听	对京东的物流再一次的失望了......	发票都没给我差评啊
周围环境有些乱，但是很热闹吃饭的地方也比较多。房间还可以。	还不错，标配没有东西送	刚到货随便挑了两个看还挺新鲜也没仔细看，今天拿一个出来吃一看是坏的了，幸好没有影响到整箱	拿回来拆开一看像六仔裤样
质量不错 大小刚刚好 面料很舒服	苹果挺好吃的，甜脆，比外面卖的强，下次继续买。	不好用………………11	现在京东越来越差劲了，大家都不要上京东买东西了，第一贵，二 服务差，京东配送更慢
挺不错的，好用还不贵哦，效果不错的，下次用完再来买………………不错………	太小个了，味道偏酸。物流很慢。有两个有点坏。总之来说一般般。	服务态度差	买完就降价，欺骗 消费者，垃圾
还没用，用过再来评价！看上去1000多毫升的洗发水加一瓶500毫升的护发素，还送了几瓶旅行装的！	屏幕刷新率不高，导致30万像素摄像头反应慢；仅仅支持普通短信，而不能支持彩信；不支持JAVA；	售后服务差，不建议购买，水果很小，不好吃。	送到的时候泵嘴就是打开的，而且洒了一箱子。是螺旋的开口，所以不可能是运送过程中打开的。找客服还自动接到机器人客服。差评！
很好很强大，购物就上京东！喜欢你没有道理方便快捷又安全，服务一流，品质一流！	没有耳机，前置摄像头像素烂的要死	第一次在京东遇到这么垃圾的东西！连包装都没有！	刚买就降价，差评。送货员，我催了一下下就挂我电话，差差差评！
真的很不错面料很好值得购买超级划算超级满意，想买的朋友不要犹豫快快下单(?? . ??)	宝贝己经收到，质量杠杠的，去年己经买过，这次复购2条，是绝对正品，下次购买还会选择这家！	总体感觉不错，特别是体现在酒店的服务细节上。晚上服务员送的牛奶，最后一晚的摆放的鲜花，给阿拉的印象还蛮深的，当然，只要是心情不错。呵呵	"物美价廉的酒店.酒店的硬件很好, 建议网友可以选择, 整体看物价还值"
单位买来做奖品的，大手笔哦～	1、速度太慢了些，一般要过一会有机子才会对刚刚的操作有反映。2、屏幕经常黑屏，用着好好的，自己就黑了3、返修好慢哦，我机子送去一个月了，电话过去，KF说还要再等等	良心评论，入住请参考啊。 1.设施是比较旧的，房间比较小，十来平。入住前看到有人评价冲凉痛苦，淋浴喷头得了前列腺炎。亲身入住后我敢肯定淋浴喷头就是得了前列腺炎。出水超级小，需要站在浴缸里面洗或者是放水在浴缸里面再洗，酒店的浴缸有几个人敢用的。站进去都觉得全身起毛毛啊。 2.毫不夸张的说方圆5里内是没有地方吃饭的，这句话是前台工作人员跟我说的，后来出去走了一段路，确实啥都没有，就只有公路。便利店都只有一个，在这家酒店的旁边，估计是自家开的，去了看了下没买东西。。 3.酒店的自助餐（西餐）和中餐价格不贵，可惜很不好吃，都是冰冻食品，濒临变质的状态。 4.晚上有一个航站楼飞机起飞后会从酒店的上空经过，对声音比较敏感的需慎重，我是对着窗户数了2小时的灰机，两三分钟一架。 建议：如果是赶早班机的，很早很早的那种可以住这个酒店，离机场很近，酒店有小客车接送，半小时一班。10分钟左右就经过1号航站楼再经过2号航站楼。	潘石屹你修你先人，这就是你代言的苹果？还有*你个瓜皮这就是你卖的*苹果？这一颗星是给送货师傅的，虽然苹果狠烂，但是下雨天还积极送货，您辛苦了，谢谢！ 以后再也不会买甘肃天水苹果了，烂，烂，烂……
是正品，修复受损发质功能不错，也喜欢香味	"房间比较大,设备中规中矩啦,值得称赞的是环境,花园很舒服,毕竟是接待政府官员的酒店,还是很不错的.推荐."	美国的侦探小说大多属硬汉派风格，例如开山之作雷蒙&#183;钱德勒，再比如布洛克的马修&#183;斯卡德探案系列。而这本女性作家所撰写的佳作，则展现了女性特有的细腻和执着，以及在一个男人世界中顽强生存和抗争的坚毅。当然，仍然逃不开美国文化特有的个人英雄主义情节。作为法科学生而言，阅读本书对于美国的法律制度倒也有一番另类的了解。非常期待本系列的其他佳作。	一直在京东买，但这次有一瓶洗发水按压的地方弹出来了，箱子里挤出来好多洗发水，也懒的换太麻烦了，希望以后检查好再发货！
不是第一次在京东上买东西了，但是这包装我也真是服气了，发个烂箱子就过来了，检查了一下东西没丢，也就没为难人家快递员，你们京东啊，如果评分能负数的话我绝对给你们负五星	用两个月就死机，商家不厚道，	我买的加绒裤，你给我寄条薄的，几个意思？	刚开始说好了，有一个四件套，结果给我忘了发，后来补发8天才到。还说什么浴巾就是两根破毛巾。质量也很差说什么四件套。热水器比自己想象的也小。服务也很差经常没有人回。发过来时包装也损坏，热水器油漆也被搞坏。 差
提供免费机场接送，早上出发时，接送的别克商务车随到随发，挺方便。	答应好的给退的，怎么回事？	蒙牛就算了吧，冒着生命危险不值得	啥jb玩意 非常差
表扬：餐厅，中餐做得很好，价钱也不贵，份量也不错，早餐也不错。和在天柱山大门口的农家菜比环境、质量好很多，而价钱也不贵，推荐。批评：中医推拿，不专业，可能还不如我的水平呢。另，洗衣服务虽然有，但加急还是比较慢。我出去漂流打水涨全身湿透，到酒店指望赶紧弄干，结果n个小时也没搞定。	房间非常小，一张床＋写字台就满了。对于只需要睡一觉，且想省钱的朋友来说，是合适的。Motel 168的房价比它便宜，房间比它大。如家的房间和它差不多，但是房假比它便宜。总之，挺干净，挺省钱的。	明天早上都喜欢蒙牛红枣早餐奶，味道不要太好哦！哈哈！@蒙牛乳业	小了小的小的
活动时给老公买的两条、质量很好是正品、先屯着以后穿	1、没有驱动，自己还要去下驱动。 2、屏幕不是主流的，这个是14寸，16：9的，看起来显得小了一些 3、键盘的感觉不是很好，是很容易进灰的那种	今天刚到，适了一下午，屏幕清晰度很差劲，速度一般，耗电量一般	前台服务态度好，但该店极不隔音，一夜未眠，走廊吵嚷声不断，隔壁说话声就像在自己屋里，关门声此起彼伏，刚入眠再醒，位置离各路公交站都不方佼。
房价干净，设施也挺齐全的。就是价格不算便宜。总的来说还不错	挺不错的，送货上门非常的方便，苹果的个头不太满意。	所以我都不喝蒙牛，一直不喜欢蒙牛。	才用了不到半个月，充电中屏就裂了，本身平板就有暗伤。。。联系客服叫我去售后维修，给家里老人买的，家里那边根本就没有维修点好吧？ 现在还能凑合用，呵呵，吃一堑长一智吧，一直挺信任京东的，现在就不说了，慎买，慎买！
新鲜，实质感不错，共16个，包装很到位，好评推荐……	酒店还不错，房间不大，但是比较舒服。酒店下面只有星巴克和肯德基，吃饭要到新世界那边有点远。	感觉不错，就是包装还是漏了些有点不好，希望改进。	"非常差的酒店! 前台竟然把预授权取消做成了一般消费, 现在还要通过银行来沟通. 结帐的时候, 不给看消费清单就要刷卡, 还把房间号给搞错. 入住用了一小时, 退房用了一小时. 太可怕了, 下次坚决不住了."
老牌子！每年都买不少班尼路！618价格更实惠！	有质量问题。	我真心的，真的不行，服务不行，快递不行，东西真的不行，卡的要死，还没东西送，就一个平板一个充电器。哎！早知道不买了，便宜就是不行啊！兄弟们听我一句劝不要买，真人评价。	这个宾馆的接待人员没有丝毫的职业道德可言。我以前定过几次这个宾馆，通常情况下因为入住客人少，因此未发生与他们的冲突，此于他们说要接待一个团，为了腾房，就要强迫已入住的客人退房，而且态度恶劣，言语嚣张，还采用欺骗手段说有其他的房间，先引诱客人退房。然后再说没有空房。这样的欺骗行为，造成了我没能及时定到其他酒店的房间！！！差就一个字！！差，太差！极其差！
物美价廉，快递及时，价格合理。	到株洲出差，可选的酒店也就是它了。虽然是株洲机车厂出资搞的，但是因为来往的内外宾多，总体感觉还是不错的，前台和服务员都还训练有素。	这家酒店有点差，1）登记大厅客人的座位一个也没有，2）房间味道大，家俱及装饰都很旧，不值得入住，3）前台客服服务差。	差差差，差到了极点，什么75毫米？有60毫米就算不错了，在京东买东西那么多，第一次遇到这么黑心的商家，记住这个品牌，以后再也不买了
是真品，一直用这个牌子的，看京东搞活动就买了一套，很好用。	好新鲜，爽口甜脆可口，吃完再继续买	方便，半小时一班车到候机楼，浴巾都是破的，房间空调很吵	别的就不说了！！零分！！发货前就不能看看吗！！有一桶到了以后已经给纸箱湿透了！！洒了半瓶，真是便宜没好货！！！！！失望！！！！！
京东活动还是比较给力的，送膜送皮套还有乐视会员卡，比实体店优惠多了。	买过不知多少次了，苹果很好，京东的水果可以。	苹果不大，但很脆甜。检查了一下，48个没有烂的，有个别难看的。总体上质量不错	分辨率不忍直视
酒店比较旧，服务还可以，附近也没什么宾馆了。	这发货速度真是无语了	实时网速竟然看不到，还有一堆功能没有，另有一堆垃圾系统软件删除不了，而却整天在用我流量，一个月一G流量不够用，	洗了头屑特别多，已经扔了！
裤子早就收到了因时间关系没及时评价，就是因为好的原因今天来评价！裤子太好了和描述的一样，质量好弹性大，裤型时尚，穿着非常合体！同时要感谢客服mm服务态度认真回复特快，等有时间我还来买别的颜色。物流给力5分！	像它的书名一样，非常适合作为“第一本”英语语法书。这本书很适合完全没有语法基础或者对语法概念比较模糊的同学，里面的说明通俗易懂，由浅入深，而且印刷精美，读起来很开心。不过这是一本“全但不深”的语法书，对于语法比较好，想拿来当复习书的同学这本可能太简单，推荐另一本《英语语法新思维》系列，分初中高级，讲解很系统，很详细，有点工具书的感觉。	布料不好，不值这个价钱	是不是翻新的，待机时间特别短不好用，手机还特别轻
大小合适，轻便，除非玩游戏，内存2G够了。	京东越来越贵，假货二手也越来越多，还有什么意思？	偷工减料，价钱便宜了分量也少了，这是欺负消费者！强烈投诉！	只能说无语了！别的不说 腰围跟上面的号码根本不对称 的上面写的29我看起码是31的。裤脚又大怎么穿呀！太坑了
这本书一到手，我就迫不及待地看起来，因为是奥普拉，曾子墨推荐的。这两位女性都是我极为尊敬的人。故事性阅读。不久之后我在写一个有关人的“用词”的时候想到这本书，于是又折回来翻阅这本书，体悟性的阅读。我最喜欢她在印度道场的那部分，奇妙的心灵过程，令我也有到那个地方去体悟一翻的冲动。因为她西方人的思维习惯跟我们有些不同，但其实她表达的东西很深刻。这是一本值得细细回味的书。	不错 用着很舒服 香味还可以 比较清香那种味道	衣服挺好的，我一下子买了两件	"机器6.18买的,9.19号就坏了,开不了机"
苹果不错，又甜又脆，闺女很喜欢吃。	物流非常快第二天到手，很新鲜很香。但是没有想象中那般甜	看着还行……，里面发黑烂了，苹果都是从果核开始烂的……，这个季节也是难免……	我订房间时提供了信用卡担保，酒店却擅自将我订的房间换掉，非常不愉快！
很好的裤子，穿上很合身，也很舒服。值得购买，很划算	质量不错，送爸爸的，哈哈，爸爸很喜欢，耐穿！	我是第一次住公寓式的酒店，感觉很棒。一进客房特宽敞明亮。我住的是一室一厅套房，干净整洁，服务员的态度非常好。我是和姐姐一起过来的，她喜欢看日本台，这里能收到好多国际频道呢！楼上的餐厅也是我喜欢的那种画廊式餐厅，非常Mordern哦，如果是一家人来这里真的很超值方便呢，值得推荐一去啊～～～～补充点评 2008年1月24日 ： 房间很大很超值，远远高于三星级酒店的标准，可以跟四星级的媲美了呢～很棒～如果下次到北京我还是会到这?	可能是因为国情不同，也可能是对这本书的期望过高，所以粗粗翻了下内容后感觉挺捻，教条太多！理论较强！
个头大小均一，色泽一致，卖相还不错！尝了一个，香甜多汁，口感好！赞！	6个包装很好，经常买的，喜欢这口味	不错，刚刚合适，就是不太后，冬天不太好穿。	生产日期很新，能用到19年12月份。还没有用，不知道效果1怎么样。
面料，款式很好，买了很多件了。	买给我老婆看电视的，怎么不可以下载王者荣耀	12个数量没问题，重量严重不足4.2斤，买了5箱加起来连箱子才21斤，这箱子可不轻的，味道可以，不介意这少的分量的人们可以选购，苹果的个头小，不用担心一个吃不了	wifi信号真差劲！！！！
勤劳的蒙牛在帮我们做酸奶	《阴阳师.晴明取瘤》这本书买回来放在书架上好段日子，我都完了是什么时候买的了。在整理东西的时候看到正好睡不着就看看吧。看完之后觉得有点搞笑。是古代得鬼比较蠢呢，好是日本那边得鬼比较蠢？因为看现代得鬼故事都说到那些鬼事很精明，而且狡猾。我想问的就事晴明不是有式神吗？为什么到有事的时候式神不帮忙?过总结都不错，让我有想买其他几部回来看个完整。	这个价划不来，还不如多花一两百买魅族的	真心不好。大家别买了。。。。。。。。。
一直从这里买水果，方便快捷，香甜可口，省了我们去超市的时间，有宝宝了更不能出门了。	京东的物流没得说啦！产品质量得等用过后再来评价。看这些东西就开心。以后遇到大促销还得剁手！没办法啊，平时的价格有一点高，哈哈，还是大促销的时候合算。	就是个子有点小，味道还不错，很脆，	超级小 超级差
质量不错，给赞 支持商品朋友看见也想买，强烈推荐	C208较之于其它的直板手机而言，拥有着更弦的铃声，一般的直板手机在铃声上多以4和弦及16和弦音居多，而三星在铃声的要求上，一贯都很前卫，C208直板型手机同样也不落后，其采用40和弦铃声，使它具有声、型、色于一身的完美结合。	我刚买来的手机就只能充电百分之四十的电量了，客服也没有回应，我这是第二次购买了，商家是怎么做售后服务和保证质量的	2-6天发货，非要第六天才发货，第七天才到货，明明有货拖着不发，自营这速度必须差评。
尺码合适，。穿上很舒服，很满意，质量不错。	不错。还没吃，六一八活动以后买的，都成京东粉了	裤子不错，一次比较满意的网购。	总体来说有点大小不一，没有那么登样，少了硬纸做的围栏只有塑泡纸保护。
洗发水是正品，价格比附近的超市都要便宜，京东物流很快洗发水有一点香味	不错不错，音质很好	我是五一到二王庙宾馆的，有个新发现：就是都江堰景区与二王庙景点相通的。如果你从二王庙宾馆出来向前走约50米，就可以看到都江堰的一个入门口，买门票就可以进入景区，沿着景区往下游玩的话，可以一直到都江堰的正大门，也正好是山下都江堰市区了。反过来游玩也行。所以如果想去都江堰玩景区的，住二王庙宾馆是十分的方便。而且宾馆内部环境很幽雅，绿树成林，早晨还有一种鸟叫，听起来象个男人在练嗓子一样，真是很好玩．	清晰度差些，这个价位的也不错了
看重的是这个套装非常实惠，总体很不错，家人的头发也很合适，头发比以前顺很多！总体不错噢，值得拥有！哪些个小瓶装的也挺适合旅行使用！	照相不怎么清晰 不怎么满意 还没苹果800万像素清楚	酒店房间太一般了不值这个价，洗手间一个字差	买了十二天，扬声器就坏了，联系客服也不在。想要换货，填了返修换货的单，想请问什么时候可以回复？
质量不错，款式好看，穿着也合身，很喜欢	酒店的环境不错，属于闹中取静。但是房间有点小，早餐太贵了，品种也不多。不过交通还算方便，离地铁不远。	太小了！太小了！太小了！根本不到75cm。	太差了，我爸非常不喜欢
包装很好，苹果很好吃，京东水果真不错	山不在高，有仙则名。水不在深，有龙则灵。斯是陋室，惟吾德馨。苔痕上阶绿，草色入廉青。谈笑有鸿儒，往来无白丁。可以调素琴，阅金经。无丝竹之乱耳，无案牍之劳形。南阳诸葛庐，西蜀子云亭。孔子云：“何陋之有？”	假的，好像穿过的，现拿出来卖的，我擦	特么的买一件破衣服，还那么大，给我退货，一天拖一天，真是够了，一直是退货，退了半个月了，一直都有说不完的借口，这样的店，希望大家不要上当了，
裤子很好，颜色很正，非常喜欢，准备再买一条，好评，绝对好评	不错，搞活动买的，还赠吹风机	当初无意在电视上看到对于丹的采访，满怀希望地买她的书看。看后觉得与电视中的讲演相距甚远！失望！	房间比较陈旧，没有无烟层，商务间和会议室在一起，白天环境很差，早餐非常简陋，服务态度先不说，单就服务质量而言就很不令人满意，客人大部分都是国内来开会的，不推荐个人旅行者入住。
蒙牛正能量，只为点滴幸福。	今天刚收到的货，穿起来挺舒服，物流也还可以，整体都不错，但给广大的淘友说一句选码数，尽量比平时实体店买的小个码数，这是我自己的意见，采纳不采纳随意	怎么一点樱花味都没。商品倒是完整无破损。洗完了并没有觉得清爽。 感觉是假的。都不香的.....很失望	无线基本不能用，电视基本没频道，周边除了机场，没有东西。而且，飞机很吵。
绝对正版图书，只要将三大本中的内容看明白、吃透，在辅佐些真题，相信司考定会取得极佳的成绩~貌似司考并不是智商的考试，而是情商的考核~很长时间的准备，关键在于坚持！希望同在司考路上的战友们，都将会取得09年的胜利。最好的学习反复是重复，司考一样受用。踏踏实实的看书，要想成为人上人，就先要过一阵不是人的生活~学习的日子是艰苦的，要耐的住寂寞，摒弃一切诱惑，踏实的看这本书吧！	外观时尚模具设计新潮 3D图形及游戏性能强大 机身散热出色	早戒了回复 蒙牛已经很多次问题事件了！ 回复 真是会害死人的 蒙牛啊 早点远离吧 对蒙牛早放弃了！抵制！	原来造假的根源来自教育，我们错怪蒙牛了么？
对比了好长时间才选择的这款，配置还是不错的，做工很精致，外观全黑很漂亮，送的赠品也不错，摄像头很清晰，.奥特蓝星音质也很好，性价比高	它的机身小巧玲珑，正面看很简洁素雅，只有中间的圆盘播放键比较显眼。内屏不是很大，但画质却是相当细腻，比较有特色的是在屏幕的周围有一圈镜面材质，可以当镜子用。按键的接触面积大，而且比较柔软却有不失力度，手感很好。在功能上，比较喜欢588人性化的音乐播放功能，简单易用的拍照功能和强大而丰富的女士生活助理。它的音乐播放界面活泼时尚，操作简易，欣赏节奏感很强的音乐时层次感非常分明，细节丰富而又不杂乱；用它拍的照片色彩还原真实，而且可以加上非常丰富的特效，使得照片更加可观有趣味；最为贴心的是“女士生活助理”工具了，里面的日程表，卡路里摄入量，购物列表等等都是很实用的。	借同学的w800玩了几天，觉得跟我自己的NOKIA的6230i比有几个优点。1.电池很耐用。第一次充电狂发300多条短信，打了几个电话，能用超过两天，期间还玩过几分钟的相机和WALKMAN。2.摄相功能：200W的像素自然比6230i好，有自动对焦功能，而我的6230i变焦功能就是摆设，在这点上NOKIA要检讨了。3.内存大 随机512M简直有硬盘的感觉 ，而且W800C还附送读卡器。	早餐是中式，有些东西很奇怪。住店停车还收费，不应该。
苹果品相好，汁多肉甜，物流也快，当天送到就送到，物有所值！	这次购买的裤子感觉蛮适合，蛮舒服，买了穿了好几次才评价，不过还是牛仔裤的通病洗时有点退色	键盘左上角稍微按下就严重下陷，唉，做工不敢恭维，跟我以前用的小黑键盘效果用天壤之别，难怪网上大家都不承认SL系列属于tinkpad	差评，12个果，两个烂，四个迷你版的。
裤子不错 裤子有弹性 穿起来很不错 码子和 下次再光顾	东西不错，就是京东的物流这次不知道出了什么问题，18号下单，22号送到	裤子还可以，只是前几天为了用店铺优惠券一下买了三条裤子，算下来还比今天的活动贵，不开心！！！	地理位置还不错，房间太小了，而且服务态度实在是太差了，我在全国住过很多酒店，第一次碰到，一到12：00必须退房的，一分钟都不能延时，如果需要延时需要按钟点房交费，当时跟前台理论时，大堂经理给出的解释其中有一个是：因为是携程用户，这个酒店对待携程的客户真的态度很差，因此建议携程的用户不要选择这个酒店，而且以后也不准备用携程卡订酒店了
看着挺便宜就买了，挺实惠的，清扬以前用着挺不错的。	"酒店总体不错,位置靠近香洲总站,房间安静舒适,床很大,有浴衣,美中不足是早餐非常一般,要去西餐厅吃.楼下的中餐厅提供早茶服务,需要自费不能挂帐.晚上叫夜宵到房间等了40分钟,都快睡着了.而且酒店附近没有其他吃饭的餐厅,美中不足!"	我不在家，我老爸接收的，说就一个好的，其他都烂了	不好，按头刚用就坏了
绵州酒店算是绵阳市区最好的酒店之一，但是毕竟是四星级的，品质不可能太好。优点：1、服务态度好，接受信用卡付帐。2、位置优越，在市中心，靠近购物中心、火车站、市政府。3、出租车充裕，停车场面积大。4、3楼的中餐厅不错。味道好，价格优惠，值得去吃吃。5、房间面积特别大，住起来特别舒服。卫生间也很不错。缺点：1、电梯速度特别慢，上楼需要10分钟。电梯太慢了，让人无法忍受。2、早餐9点就结束了，而且早餐非常单一，只有包子、榨菜、米粥。这相当于招待所。3、大堂的面积有些小。大堂的厕所也太小了。	售后不好，摄像头不小心进灰了，想去客服地方清理一下，人家说要掏钱，一次50元！我说这是三包日期之内呀，人家说这个不在三包范围内！老实说，这机子并没网上说的好，手写笔不合手，把握起来写不流畅！拍出的照片没有官方网上那样漂亮！	质量很可疑，香味刺鼻，洗完了头发油腻腻的，洗不干净。	你们的裤子质量好差，穿两天屁股后面全起毛，以后不敢买了。
不错，家里老人用着好，喜欢，价格超实惠的。	京东自营的速度确实快，真不是盖的，苹果个头确实不算大，味道还可以吧	质量太差啦……	感觉不是正品，洗发水买了很多次了，第一次在京东买沙宣，没想到从来头发不痒的一家人洗了这个沙宣，第二天就头发痒，还有头皮屑，多年没有头皮屑了！一家人！是一家人都这样！
代朋友买的，收到货后试了一下感觉很合身，满意。	人品还可以 没啥烂的 不过也是不是很甜 个头比较小。放公司里吃可以吧	应该不是我第一次评价这个酒店了，没办法再次补充如下：1、早餐真是超级垃圾，做得真的感觉和猪食差不多，不知道请的什么厨师？2、仍然是早餐的问题，在大堂旁的一个好象是叫‘玛格丽特的’西餐厅；1>光线特别不好，谁都希望早上起来有个明亮的环境用餐，但这里肯定不是；2>给食品加温的不是电热式，采用的是燃烧腊来加热/保温，弄得餐厅里面很浓的一股腊燃烧后的气味，让人感觉非常不好；3、真不知道这样的酒店怎么样就能够评上4星？哎。。。	价格高 房间及服务差
超喜欢这个苹果，大小对我正合适，一次吃一个。这是脆苹果，咬一口嘎嘣嘎嘣，一口汁水四溢，特别是再冰一下，太爽了	作为一家两星级酒店已经不错了，我订的是套房，房间很干净也很宽敞，卫生间很大，还带淋浴房，服务也很到位，毛病就是服务员的普通话需要加强	不错，裤子很结实，怎么撞都撞不拦	不好，京东马扁子，图书优惠券一张都抢不到。
老家的烟台苹果，从小就在吃，还是那个熟悉的味道，在外多年，感谢京东，让我可以吃到最正宗的家乡特产，价格也比外面超市便宜，真的是太棒了！	今天带糖果去超市，她眼尖看到了健达的那个新款蛋形巧克力，指着对我说，妈妈这就是电视里广告的那个，给我买一个吧，前段时间老问我妈妈你知道怎么样才能长高变聪明吗，喝蒙牛QQ星，都是广告词闹的。	不帮忙拿行李，从主楼到东苑很不好走，早餐一般还贵	房间细小、地毡恐布，空调不够、服务差劣。应立刻取消预订服务。
东西很好，性价比超高，值得购买	比较划算、用的不错，控油效果好	感觉没有什么深度。不知道为什么会成为畅销书。	京东标错价格让我们消费者买单，899买的，下定金之后变999，客服就只会在那重复几句话，定金不能退，而且不是当天到的，别找什么借口说你们物流压力大，那是你们的事，与我无关，后台一个多小时后才把价格改成999，也是够慢的，话说前段时间*标错价格就安标错价格出售了，差距啊，还有这个客服，简直了，一开始对我爱答不理的，发现是你们京东的问题才说话，十分差的一次购物，不过东西还可以，性价比不错
昨天收到的，还没用，在自营店买的，应该是正品，比超市便宜多了，物流挺快。	今天收到货了。还没使用，感觉还行，用后再追评价！	发票没有包装太差	因为一直信任京东的自营产品，苹果一下买了2箱，基本不能吃，水分少，而且有其它怪味，只能丢了，简直是昧着良心赚钱。
相对于市场上的其他手记功能还是比较强大的，音、像强大，实用。	这次的苹果地摊货都不如，可能时间放的太长了。箱子底部有洞，苹果有摔坏的痕迹，还有几个有腐烂的痕迹。京东自营又怎么样，上次买的橙子放了两天，一个人都烂了，放冰箱也没用，以后真不能网上买水果了，不要抱着侥幸的心理，不然会很失望额。供应商客服说了跟没说一样，好在京东售后保障比较靠谱。句句实话，有图有真相。	质量真心不咋的，比超市买的稀多了，上当	我也是醉了，两个订单一块付的款，这个西柚不喜欢，而且还没出库，就申请退款了，客服说两个订单会一块被取消的，那也没问题，关键是最后不想要的到货了，而想要的而且出库的被取消了，这是什么逻辑？之前跟客服都白沟通了吗？
二十四史，整整63本，中华书局。这些惹人的字眼，怎能不心动啊，象极了小时候买一套连环画的过程：先到书店选好了版本和价格，然后一次次去翻，最后经过多次的比较和选择，最后再寻找机会向父母提出要求。跟老婆要求后，立刻从股票收益里面拿出部分，多买点，这些东西可以留给儿子的，也可以影响他的成长。搬到家后，立刻吧书橱里面的旧书挪到床底，把这些煌煌巨著放在显眼的地方，好一个“喜新厌旧”。	混血蒙牛：这种改变我很喜欢	这个是LW，期待我艺能得奖～ 各位童鞋，这个是不是很好猜第五届蒙牛酸酸乳音乐风云榜新人盛典的阵容会逐步公开，大家要持续关注哦！	骗人的问他能穿吗说能，邮过来这幺小
很新鲜，从杆子看得出来，没有任何碰压伤，味道也脆甜，价格也便宜，比水果店的性价比高很多	质量好，价格便宜。大品牌值得信赖。	买的第二条了，速度很快，质量也行，	我定的是32的，你给我发的是34的，我给差评！
1.整机显得清爽简洁。2.柔软的键盘手感不错。3.显示效果相当不俗。4.价位厚道。	冬天吃雪糕才是王道。一直对蒙牛没好感，但老冰棍我非常喜欢。童年的味道，十五年前一毛钱一根，现在要两块钱...	"我的订单号是1401482205~书倒是蛮快就收到了,可是少了一本.钱是没算啦.那这本怎么办``?"	就这样的歪瓜裂枣 还有一个是坏的 京东就这样坑客户啊
京东快递速度很快，一直很满意。京东经常??搞活动的时候满减和优惠卷会很优惠.质量不错。总体评价五星好评	还 可 以 吧	在潮州可能也找不到更好的酒店了，感觉不如白玉兰。	总体很满意，但有一点需改进，我在9楼入住，走时到1楼前台结帐时由9楼层服务员检查房间，发现我有零星物品遗失在房间，我当时请他们送下来，结果答复是到4楼客房服务部去取，我到了4楼，又说服员员没时间，又要到9楼去取。当然这没什么，但是如果他们给东西送下来，哪怕是到4楼就取到了东西，我会对酒店有更好的印象。
我是严歌苓的忠实追客。从5年前左右第一次读到她的人寰，雌性的草地，就开始一发不可收拾的追她的每一本书。她的小说题材基本可以按照她本人生活经历划分为军队文革题材跟留美寄居题材。追她的小说很大原因我想在于她很能讲故事，比喻总能让人耳目一新。这部穗子物语里面，我最喜欢她们一帮子女孩在作家协会大院的生活。笼罩在父辈罪名的阴影下，依然活出了属于她们的童年。	现在用了这么长时间还可以	第二次购买这家苹果 打开后和第一次天壤之别 24 个 烂了一半 沟通希望重新邮寄12 个 对方 又是 客服 又是 打工的 直接和稀泥 这样的态度京东缺失自己砸自己的品牌 ，第一次质量个头好 第二次一塌糊涂 失望	差评，用了头痒，我去超市再买一个牌子的，用了不痒
宝贝收到了，好喜欢啊。质感超好，无色差，穿上显得好有档次。买了它是正确的选择！	卫生设施太差，毛巾又黑又硬，下水道堵塞，床垫不好，睡上去不是很舒服。觉得服务态度还可以。对面就是长途汽车站，出租车蛮多的，出行还是很方便。	感觉有点假，洗过之后跟我店里买的不一样，这个洗完头皮痒，还有头皮屑。	垃圾，面料那么差劲，还敢冒充品牌
这次到酒店就告知免费升级到套房，确实是一个惊喜．早餐比以前丰富些．房子隔音不太好，早晨外面卖菜的声音都听的很清楚（我在九楼）．	我觉得这次买的假的洗发水，和我先前买的不一样	实在太差劲了哦！照片好看，实际的还没有商场的好，还比商场里贵好多，	性价比差，吵，隔音差，楼道里一群人说话，睡不好
我现在最喜欢的洗发水，特别好用，虽然相比其他有点儿小贵，但是也值。	很好吃！我很喜欢买了很多！吃完了再来……	不太好用用了之后头发好干也没有感觉头屑去了	物流真不咋样，不送货上门，让用户自己取货。
非常好，水果很新鲜，口感香甜，值得信赖京东配送就是快！物超所值！价格便宜！	还没有用，等用了再来追评吧！活动买的，很合算！	商品还不错。 实惠。以后多光顾商品	为啥刚买两天就降价了，不都是双12前嘛
苹果很好吃，下次继续购买，快递员小伙子人很好送货时正赶上我搬家具，他帮了我很大的忙很感谢他。给小伙子5分。	很好哦的苹果，是京东统一配货的	不错好用！音响效果不错。	长癌了 不敢吃啊！好失望 第二次 再也不想买了 香菇蓝瘦
不错，送货挺快的，质量挺不错，包装挺好，比商场便宜好多，相信京东，应该是正品。	入住过几次，房间还是不错的。但是早餐质量是江河日下，一次不如一次。	不怎么样拉，都是很烂的笑话加几个单词而已，贵哦。得考虑呢。。。	质量不好，面料缩水厉害
三十年前就喜欢这牌子，它不张扬。    穿着它柔软、舒服。	这个出版社是我经常光顾的 我觉得他们的题目都是从基础开始的这本书分为3点：主干知识、点击思维、零失误训练。主干知识我都是在预习前做的 都是基础题然后点击思维是在第一课时结束时我复习用的 也是基础题 只是有些是复习概念用的最后零失误训练我都是堆积到周末做。。是对这一整课的总结总体说我还是比较满意的不知楼上那位是什么教材 人教版的教材不就是有勾股定理吗？？	刚买一天就降200，郁闷	垃圾 又降价 111111111111111111
好吃的东西，喜欢吃，老爸也喜欢吃，囤给老爸吃的。美味可口。	喝完酒额鸡尾酒阿胶阿胶饿就饿经济额接娃经济忘记忘记玩几把网吧网吧我积极忘记我	我前几天发表了我的看法，竟然被当当工作人员删除了。多的我就不再说了，我只想再说一句：这本书真的不值得一看，文笔平淡，情节做作～这么多名人推荐，我只能说出版商厉害！！	质量很差 和图片根本不一样 想退太麻烦了 算了 别买
果子个头比较小，不知道味道怎么样！希望不要酸呀，看样子，一般吧！价格来说还算可以吧！	酒店软硬件都不错，游泳池更不错。只是周围没有吃饭的地方，一定到打车出去。另外，酒店不让出租车在酒店门口待客， 客人要走到马路上打车，是法国人的新招吗？同酒店服务的档次严重脱位。	屏幕色彩非常糟糕，不建议购买。真实评价	物流极其慢，蜗牛速度，差评，一个星期才到
收到啦！，摸起来面料很舒服，质量也很好，老公穿起来很喜欢，也很好看。需要的亲抓紧啊！	今天刚买的孩子特别喜欢用了之后在来评价	首先其他的不说，就刚买回来就已经是有音量健是坏的，可惜的是我太信任华为了，那时没发现，就已经把包装给扔了，否则绝对退货	洗发水，刚拍下还没收到货，就降价*和客服说也没给我处理，还让我怎么下次去购买
外观硬朗大气，商务气息浓，适合男人用，配置绝对够用，做工精良，散热很好，键盘超爽，值得购买。	从2004年起每年都会入住或介绍朋友入住，在豪生管理---退出---又接收管理的过程中，明显有不同的感受。现在豪生重新管理酒店后在软件服务上有明显的进步，但硬件设施有待好好维护和改进！至于对酒店的评价以前不同时期我都有评过，总的来说在上海市个不错的休闲度假酒店，特别是晚上吹着清新的海风，听着阵阵海潮拍打岸边的声音，会让长期在都市喧嚣中受煎熬的心顷刻安静下来.......	颜色发过来不是看到的啊	太坑了，买了东西以后价格就下*申请价格保护还不通过！后来和*较一下，也要贵一些！这次京东购物很不满意！！购买时说什么六一八活动，结果还被坑！
这次入住非常仓促，但是印象深刻。房间设施很新，卫生间和床铺非常干净。家人都很喜欢。	送货及时，包装很好。屏幕无亮点，散热做的不错（原本有些担心，有的评论说华硕本散热不好），噪声小。配置高，3Dmark2005得分8600，功能全，性价比高。总之不错，比惠普和联想性价比高。	东西不错头发很顺去屑效果好服务好比超市便宜包装好味道不错是正品套装很实惠	"拍照功能不错,但内屏只能用于自拍太浪费."
新鲜配送货及时，比超市便宜，口味口感好。	买了3盒，太给力了。表面看着好像大小不太均匀，量了一量，说是75mm的果，其实比这大的数量不少（偷乐ing……），小的也达到75mm。吃起来鲜甜可口，甜中带酸，口味不错.	这是我住过的这一级别的级别的酒店感觉最舒服的。虽然大厅及外部没有那么华丽，但是房间干净、舒适，而且服务也比较好。下次我还会住这个酒店。	机器用了两天变弯了，会不会越来越弯？？？
包装的挺好，东西也好用，味道也好闻，是在同学的推荐下买的	酒店周边环境一般，酒店内设施不错，感觉还挺新，价格也尚可接受。	尺码不准确，平常穿两个x，这次的大很多，退货换货又很麻烦算了	苹果很一般，不值这个价。个小，皮糙。
是在2008年4月27日入住的。订这家酒店是因为想在深圳市区待上一天，在携程上看了酒店的介绍，觉得价格还算公道，也是家四星级的酒店，特别是因为是深航和锦江的牌子，才决定定了这家酒店。入住后总体感觉是还可以，但是也有一些地方不是很满意：1。酒店的设施有显陈旧，当然不是古董的那种，只是略显的旧一点点。2。酒店的门童的态度不是特别的令人满意，不会及时地为客户开汽车门。3。酒店的房间靠街道，有一点点吵。以上就是我个人的感觉了。当然，总的来说，还是不错的，性价比高，离机场近，景观不错。	还没有怎么用，希望有不错的效果，再来	不能发短信，不能拼中文	包装太简陋了，打开都坏掉了，郁闷
质量很好穿着很舒服卖家服务很好大小合适尺码很准的一次愉快的购物	个头大小均匀，包装完好，好不容易等到促销才买的，家里的苹果都快断粮了。希望活动更多一些。	一直信赖这个牌子，以前都是在实体店购买，第一次在京东买，如果穿了以后质量可以的话，以后还来。这次购物发生了一个小插曲，一个订单分两个地方发货，收到第一件时以为卖家搞错了，经过沟通后才知道是分开发货。	服务态度几把烂，号码错误说已备注！结果还是没有更改备注货被别人签收？垃圾
裤子质量特别好，穿起来很舒适，洗后不掉色，卖家服务特别好特别热情。不厌其烦地解答我的问题，真的良心卖家。一直买这个牌子，杠杠的。	1 原材料用量的排版，正文制作过程的字体、字号及排版阅读很方便！2 最可贵的是制作过程都是写在相应图片下方，非常方便阅读和制作，制作流程清晰明了，贴近烘焙新手，而且图片非常详细精美，让你跃跃欲试。3 书中有文字错误，估计校对的人早已被图片上的美食弄得心猿意马，好在有大量的图片作证，稍加理解还是得心应手。在购买的西点类书籍中，从书籍印刷装帧质量还是在排版、文字、图片、制作流程介绍，我还是给这本书五星推荐。4 佩服作者的坦诚虚心，提供了邮箱和电话反馈意见。我想，这就是本书能够编纂到位的关键，不愧是名符其实的一本烘焙宝典！	这本书是我无意中从网上发现的，看了简介觉得不错就继续把整个故事看完。里面的情节让人觉得伤感，特别是后半段。因为以前没有看过师生恋的故事，觉得觉得作者写得不错。但唯一觉得不好的是那个结局。就像香港的连续剧那样留下一个悬念让你自己去发挥想象。其实这样是最让读者讨厌的。因此，个人认为虎头蛇尾的结局是这本的书的败笔。另外，我有点奇怪为什么当当的书的纸质有点怪怪的。究竟是不是真货啊？	发货太慢，没货就不要拿出来卖了。
评价晚了，搞活动买的很实惠，用着也很不错。	轻巧，方便，随便往包里一塞就OK，电池耐用，买的是LINUX的版本，又花了100多请华硕的人装了XP的版本，用起来很方便	很好很强大！加热也很快啊！气温高能保温两天，低一些 一天。我是和洗头发用，太方便了！	牛奶，永不喝蒙牛！@蒙牛乳业
买回来的裤子和卖家的一样 质量不错 裤子颜色也是我喜欢的 总体来说还行 穿出去也倍有面子	4000多元的手机，感觉有些贵得没道理，拍照效果不好，和同学拿的二千多的手机差不多！也没配手写笔！什么电视频道的，现在并不实用！	没有生产日期，不知道怎么办？	"酒店在桂林站正对面,出站就能看见,适合第一次到桂林的人.那晚我八点四十左右到的酒店,总台一字排开有六人,其中三人问了下好.但都没问我是否需要入住.可能生意太好的原因,让来的人觉得爱住不住.终于有人为我办理了入住.房间是一如概往的小,厕所的地上居然就有二根长头发,喝水杯底部的灰洗都洗不掉,给我感觉相当不好.遥控器也是坏的,根本不能遥控.换了电池后也只能坐在电视跟前才能勉强调换频道.真要晕死.早餐的品种少得可怜,而且超级难吃,还不如就在酒店后巷吃碗米粉来得舒服.看着房间的评选微笑服务人员的东西,才真的觉得好笑.可能是我运气太好,从头到尾没有一个人笑过.所以不评也罢."
裤子非常不错，布料摸起来非常舒服?。质量不错值得一买。而且也不贵。物流也超快的。	这次买的苹果也挺好的，跟以往一样，各大又脆又甜，橙挺好的啊，味道很纯甜，物流超快赞一个	支持红外线传输；并且有一项限制功能非常好，可以给相片册、国际长途、短消息联通无限等13项设置密码，可以保护住隐私（很不错）；支持自动应答，不方便接电话时还支持电话录音功能。	屏幕连个保护膜也没有。
货到速度快，包装好，现在做套装速销，超值	好几年前偶然读到落仔的《我只想做你们的百万富翁》，当时感动得眼泪哗啦啦地流，心里很欣赏这个女生，居然可以把这样的感情写得这么细腻这么温暖，于是，狠狠地喜欢上了落仔的文字。看到不朽里有曾经感动过我的文章，于是毫不犹豫地买下了。不失所望，还是很温暖。比落仔小6岁，我也是80后的女孩子，对她文章里所描述的情感和故事很是熟悉，很窝心。喜欢落仔，喜欢那种温暖。	酒店设施一般，老酒店。但是去机场很方便，有免费大巴，只有10分钟	差差差差差差差差差差差差差差
相信在香格里拉这么个荒凉的小县城来说，这间酒店相对比较好，餐厅吃得也不算贵。总体来说是算比较舒服的，	新购入好吃的噻...左边的是光明酸奶保质期很贴心的是150天哦..盒子也很心水.味道超级棒哦...当然价钱也贵一点...海鲜面我还是最爱了...一会儿把它搞定了...蒙牛的大瓶酸奶味道也不错很便宜...喝起来也很有感觉..推荐光明的酸奶哦	很一般，口袋都破了	三个，其中有一个是烂的，直接都不想吃了
个头大小适合我(*?-?*)早上吃苹果是“金”，还不用担心苹果个头太大吃不了。京东自营的送货就是快，让几点到就几点到，还直接送到手上、又优惠???以后就在他家买水果啦……超级脆甜多汁	平板收到了是原厂正品！很好用！很漂亮，很喜欢！第一次在京东买平板电脑。真心的不错！以后可以放心的在京东买电器了。之前看到有些不好的评价犹豫了很久！现在看来不管什么还得自己亲身经历，光看评价是不真实的耽误事！	上周二又来住了。这次住的是大床房。有个最大的问题，给了我一间装修味道很浓的房间，进去以后一下子鼻子很不舒服，开窗开了大概半个多小时后才稍微好些。也没和顾客说最近装修啊，以后能不能不要给有装修味道的房间？	收到包裹打开箱子满箱子全市粘糊糊的洗发水，一起买的别的东西也都污染了，洗发水撒了半瓶，狗东！
屏幕不错，只找到一个坏点。用新萝卜家园的XP盘装的系统。用起来不错。屏幕还够大，键盘也行。配了一根2G的内存加上原来的有3G了。速度还行。没有卡的感觉。	系统vista需要适应好长时间，没有预装office。所赠送的软件礼包其实不是免费的，诺顿才90天的使用期。机子重了点，厚了点。	京东商城卖的就是狗屎	一个人住第3年，希望越大，失望越大是么？这本书，觉得不知所云，或者，所云无用。觉得浪费钱，适合随手送人。
定的景观房，但给出的房间基本没什么景观，两间都是这样，也懒的找前台再去理论，下次要住定标房就可以了。酒店的其他服务还是很好的。	第一次在京东买水果，买了三个，送来那天吃了一个没什么味道，今天去拿全发霉了，看来这水果不能在京东买	怎么投诉？京东越来越差了，这么差的商家也让他卖水果	那是什么垃圾裤子，尺码差那么多，裤子30码的给我12岁儿子差不多刚好。一颗星是给物流的，裤子也丢垃圾桶了，不退了麻烦
买的第2个epc了，第一个是第一代701，如果想买笔记本请不要购买epc，如果是移动办公、经常出差，epc是最好的选择，华硕的品质，是其他国产贴牌上网本无法比的，物美价廉。	没豆也评。一般一般，胜在性价比高了。苹果季节已过了。	"易死机,经常查不到SD卡"	京东就一滚蛋，居然没理由的把我的号变成黑号了，抢购的商品都是购买失败的，把我的钻石号废了，可怜我一年也贡献好几万购买力啊！
挺好的，几十块钱买这样的衣服不错了	"环境和地理位置很好,房间有点旧,浴室也比较简单,出门TAXI不方便.这次公务,要是去旅游还是住那里."	怎么书的质量这么差啊！！！封皮很薄 而且里面的切割还有碎末  一点也不整齐 是不是盗版的啊！！！！！	太差啦，屏幕一般般，关键是漏光，按键一点弹性都没，喇叭放大点声还破音，刚买就降价，在京东最差的一次购物
比超市的便宜几块钱，还有就是多送了两个小支的，用小支感觉还好吧，性价比不错！	第一次买，再也不会有以后了。小的跟我的拳头一样大，有的表面的霉斑都满了。还不如去超市买呢！	真难吃，有的都快干了 ，又硬，最差的一次	东西收到了，外表有一个都发毛了，不是一般的难吃，一股捂了的味道，一颗星给快递小哥吧
非常好！性价比高！比超市便宜！还送几瓶小洗发水！！！！！	好小，除了核没果肉了，下次再不买了	衣服穿了一个月已经有破洞	电池太差，MP3音质太差。
老客户了多次购买果虽小但是脆甜可口偶尔有个别不怎么好	入住这个酒店，应该算是被携程给误导了，把它放在了第一选择位置。如果酒店介绍加上一条说明“紧邻坟场”，估计生意全没了。丽悦（还有丽都）真该好好感谢携程。	这泥@马包装！没谁了	太无语了，基本每个苹果都有烂掉一块，吃的很难受
恨不错的热水器两个人用刚刚好，物美价廉&lsquo;	裤子挺好的，版型不错，很保暖	一、散热不好 二、玩3D游戏老是一卡一卡的，XP系统和vista系统都试过了，显卡驱动也更换了不少， 就是解决不了问题	最最不能理解的就是这次的购物，洗涤用品与食品竟装在一个箱子里，然后竟没做任何防撞措施，所有的饼干全一个粉碎，连铁的外包装的也凹凸不堪
稳定、噪音小、发热也小，屏幕看起来很舒服，亮而不刺眼，感觉很润。键盘手感也不错。	"帮朋友买的,她犹豫了七八天,终于在18日下定决心,3299,用了张2000-100的券,3199拿下,19日下午就开始断货了. 性价比很高,三千出头,DVD刻录、视频头、高清接口、无线 办法挑剔了，而且还三年保,帮人帮到底,花了一个下午装上xp，跑起来感觉还挺快，驱动也不像大家说的那样难装，建议还在摇摆不定的朋友，如果有货就赶快抢。"	这个松云街店的日月明环境真的不咋地，房间隔音太差了，总体上没有二部的日月明好，也就是便宜吧，119一天，	不好版型不是正版
交通方便；环境很好；服务态度很好房间较小	宝贝已经收到货了，看着不错，只是刚买完就降价了，心情瞬间就不美丽了，不嗨森！	京东还可以！就那快递员每次送快递连两毛电话都省了不打电话！放东西就走人！特别不负责任！	客服回复慢的要死 这速度……客服跟摆设一样，要干嘛使……还没纸质发票 丫的 出了问题去售后岂不是很麻烦 让自个打印 丫的自个打印的发票纸张跟你们的一样吗 难道还要去那买个发票打印机不成 为毛不在客户购之前来个温馨提示呢？这服务忒有点跟不上吧！最后，产品包装相对比较简单哎 ！物流……太不让人放心了！
套装很实惠，性价比很高，很喜欢！	在哪里是中果啊，分明是小果，在外面水果摊上买也不至于是这样子	包装二个装在一起，送货的时候只有二个包裹，导致收获的时候以为是二个产品，沟通的时候态度恶劣	京东垃圾以后不会买京东的东西了。
味道不错，价格便宜，约6元每斤。可以值得拥有，秒杀摊贩。	以前从来不写评论，现在觉得好不划算，因为写评论，可以给正在考虑想买的人一个参考，而且自己又有京东拿，这叫一举两得啊！很好的苹果。	"边框太粗,相经放在一起的T40,边框有点过份了 系统vista home太鸡肋了,装2003花了大量时间,建议没有光驱的同志做好准备"	有没搞错？31号下单是*次难忘的购物。
实物比图片看起来好看多了，甚是意外。钢琴烤漆的外壳，丰富的接口，实在感到意外。	房间设施老旧，但还算整洁。周边有很多商场，方便购物。我把买的东东放回房间，继续Shopping，无非是过个人行天桥而已。交通便利。早餐实在是伐善可陈……	酒店的服务员口音比较重，听不太懂总机（好象是总台）说的是什么，多问一句她还不耐烦，这是酒店吗？晕！！！	这个酒店啊，不务正业!奉劝该管理层，心思用到正地方。
还不错?，所有洗化用品都在京东上买的。每次用完换一个品牌。	大小合适，值得买	产品质量还不清楚，有点大忽悠压根没有生姜的味，控油用后再说，还比市面卖得贵95元买一送一。这是商家抓住控油做文章，购买一定小心，当洗手还不错，我都不知道姜味在哪里？	刚刚收到货就降价*。真是让人心塞。    在也不会买了。
"价格比中关村便宜，电池容量真不错，看电影在6个小时左右，外形比较喜欢，个人觉得比NC10好看，屏幕色彩不错 不足： 显卡真是不行，看rmvb电影时如果有其他操作 画面也会卡一下，不过毕竟是上网本，可以容忍 总结： 虽然只有10寸，但屏幕字体清晰，丝毫感觉不到屏幕很小，总体很轻快，携带方便，在中关村转了一天没发现比这再便宜的价格了,值得购买"	洗了好多头皮屑哦、、、、、、	苹果收到。有21个，包装蛮好的。听说是十斤，有吗？商家请问有八斤吗？并且有12个是烂的。物流也是够快的，**买水果三四天，你们听说是多快好省也只用四天。	他们家的服务太差劲了，搞活动也全是糊弄人的，下回不会再来买了。烂客服！
打开包装有股清香味，吃起来很甜，确实不错！	打开包装，没有出现漏液现象，东西比较新。瓶盖处有少量灰尘， 挤出一点和超市里买的比较了一下，感觉还不错。质量如何有待使用，用过后再追加。先商家点个赞，希望你们一直都能诚信经营。	刚收到时，看了下，表面上觉得还可以，可是这是吃的第三个，就是这样的，不知道接下去的是什么样的！求京东给个说法！有图有真相，希望大家在京东生鲜买水果或者其他的东西的时候，下手要慎重！	垃垃圾垃圾垃圾垃圾垃圾圾
首先东西非常好，非常满意。但是但是购物时候的体验有一点点不是很好，本来下完单前显示当天可以，结果我下完单之后就显示为第二天可以到。另外显示可以十二期白条免息，但是我支付的时候仍然要加收利息。好在，平板还非常满意，快递小哥也非常不错，多等一天也就算了。玩了有一个星期了，目前没发现什么问题。大小也觉得刚刚好，还是比较值得入手的。	1G内存稍微小点，计划增加1G改成xp后，有两个硬件无法识别，不知道什么东东	打开箱子时东西破了！快递员也不知道？	苹果心里面都是黑色的了。。。差评
牛仔裤颜色挺好看的 喜欢 版型也不错啦 码正好 这次购物很满意 以后有需要再来你家	很好用啦！性价比很高啦！支持华为啦！	垃圾中捡出来卖的垃圾	差评 ！！ 刷单 刷单刷单 ！呵呵
质量挺好的，面料弹性很好，码数很合适，穿起来很好看	很不错，送的钢化膜很好用。第一次买华为的产品，希望不要让我失望。	散热不是很好，不过送的散热器还可以将就用用，到天热的时候再看怎么样了	假货，用了头皮痒，起头皮屑，还掉发，必须给差评
最大的优点就是电池待机时间相对来说比较长！做工十分精致，很小很轻便，携带方便！风扇声音很小，功能也比较齐全，速度与其他上网本横向比较相对较快！	VISTA系统用起来不熟练； 对比了一下，2G的内存运行VISTA系统还是比较快的。	一般，可以啦，各人口味会有所不同的，但爸和儿子都喜欢吃这个。	续航能力也太差了吧，看视频1个小时就25%了
裤子非常的好，这是第二次购买了，值得大家购买，而且裤子不起球，质量非常的好。	京东购物就是快，购生活用品超级方便！	用了很舒服，之前一直用潘婷，	那不是很大，但是味道还可以，嗯。那你买起来都很方便，亲自迎的货，送货速度也快，睡的放心，不错。
物流神速，昨天下单，今天就送到！	宝贝收到了，挺失望的，与正品的味道差距很大，但物流超快	客房陈旧、服务响应慢、游泳池维修中，还停水导致没有洗澡、还好最后补救	怎么总觉得作者的书总是充满了悲情色彩的呢？我以为《迷魂记》就够灰的了，可这本居然还从头到尾都是压抑......每每以为有新人物要出场时却发现怎么又是已身亡的状态...但从气氛的营造上来说真的非常到位，心情一直徘徊在紧张害怕与同情之前游走可惜故事一副还有续集的样子，也没有提到结果，一些决定性人物个性摇摆不定......特别让人气愤的是对《迷魂记》中人物的后续提及得太少了！
裤子的质量很不错，很显瘦，朋友说非常的喜欢，而且卖家态度特别好，问那么多问题也是很有耐心	就算是在上海也是非常好的酒店哦，虽然价格高，不过个人感觉对得起这个价格，这次非常遗憾，来黄山什么都没有看到，下次肯定会再来，而且下次肯定也是住北海啦！！！！	这是75mm？瞎呀！你说的是周长啊！    我在京东买这么多东西了，这是第一次让我失望并且愤怒的！	"隔音太差,值班人员整夜看电视的声音,吵得我一夜未睡,床单有异味不干净,早晨起来身上都是红疹,"
满意，还没用。看着不错。一直用清扬！第一次买这种樱花?的，希望味道好闻。	昨天订，今天收到，日期很新鲜，７月１６号包装，京东配送非常快速，配送员服务非常亲切，棒	天府阳光的价格比较合理。硬件也不错。服务员态度都很好我入住的时候，大堂在装修。这家饭店是涉外的，很多外边缺点在于：早餐比较简陋，不是很好吃	感觉买到假的，洗了全是头屑……
特别好，买了好几条了，弹性大而且很透气，适合夏天	出行非常方便，离地铁很近，酒店后面就有酒吧一条街，房间还不错没有想象中小，被子超软，很舒服！以后我还会住这里！	在吗是快捷快递送的货，不是京东快递吗、京东快递倒闭了吗/	太差了，想下手的别买了
屏幕清晰度很高，大小正合适，上网很流畅。	对于大部分不抽烟，不喝蒙牛的朋友，这条的启示是别吃隔夜菜。	只有吊牌写着南极人，裤子上面没有标示，而且码数偏大，28的相当于正品29的码那么大，很失望的一次购物，裤子扣眼被剪开了，也不知道是商家细心帮忙剪开的还是别人试过或者退换的。	没良心卖家，颜色不对，连牌子都换了个垃圾牌子，你是想关门回家了吧！
"一直都在使用这个牌子,收到之后味道还是一样的,还很划算哦！比在超市买的便宜多了，值得推荐"	"房间隔音设备是个很大问题,据说酒店今年要装修,的确,不装修改善一下对不起""四星""以及镇江当地""最好酒店""的招牌;服务还是可以的.总觉得镇江当地的服务不会像上海这些地方因为见多了贵宾而显得骄横.很有亲和力房间洗漱用品是不够格的,太寒碜了.和经济型酒店的类似.用点类似""六神""一样的品牌不会增加多少成本;早餐/自助餐性价比不错.服务也尽心,看到苍蝇飞过,不应该.住的2522房间,大堂副理电话中问个人的总体感觉,理由是:以后可以改进.这点态度是值得称道的.给我留下了良好的印象.其实宾客就是如此.哪怕你不做改善,但语言上的""改善""也给了人""努力""的感觉.加油,很看好这个酒店!宾馆反馈 2008年6月19日 ： 尊敬的宾客，您好，真诚感谢您入住我店，并感谢您对我店服务上给予的认可。下半年饭店将进行装修改造，届时您提出的房间隔音效果差的问题将得到有效解决，洗漱用品差，饭店也正在考虑逐步更换。餐厅蝇虫问题饭店一直都在积极联系卫生防疫部门，对蝇虫进行消杀。最后再次感谢您光临我店，恭候您的下次光临。"	洗了很痒，完全没有广告说的效果，不知道买的是真假，活动期间满减买的，不会回购！	太太太恶心了。。蒙牛，去死！
收到货了，很不错，应该是正品，亲戚正好来家里，说划算，送了两瓶给老人试试，到时候追加评价。	货品收到了，很满意，原来使用过，不错，好评！！！	支持SD/MMC卡，可扩充内存，最大优点；mp3播放效果还可以；更换铃声和背景可直接使用内存卡里的，比较方便；屏幕比较大，看起来舒服；26万色确实比6.5万色的好；滑盖使用方便，有质感。	女孩子用似乎稍显大了点儿，而且系统装起来正如传说中的很麻烦．
还好吧，流畅度一般，有时会卡机	618 坑人的	才用了一个多月，手机的扬声器就没声了，就只有听筒能出声，真的后悔买了	老板你看看你们衣服质量，客服没在线，我希望给一个解释，刚洗一次全部开了，我电话13718139512等看见信息来电话，大家也看看这样的衣服你们敢买吗
配送员服务挺的，东西用着也不错	有了京东商城，一个月都可以不用出门，只有你想不到的，没有它没有的哈哈，赞一个京东商城	系统，外观都是挺好的，就是内存凭空消失了4个G的内存！说好的16个G都没有，而且我是在25号早上定的，明明显示是当天到，结果26号早上才到，我希望客服能给我个合理的解释！	看个电影各种卡，真心便宜没好货！！！ 另外，估计现在的上市时间长了的机器 很多都是翻新机
为什么南方的冬天很难买到雪糕？想念那种围着火炉吃雪糕的感觉！伊利、蒙牛，我的最爱。我们很快就会再见了！	6月17日入住两天，订的是半海景房。去的那天下着雨，因为不熟悉，坐地铁到上环站后走了二十多分钟才到，还淋了雨。前台接待态度非常好，可惜他说海景房满了，不能升级，比较遗憾。半海景房落地窗，能看到海，但与居民楼很近。房间比较干净，床比较大，和国内比显得房间有点小，不过据说在香港这样的大小房间已经很不错了。酒店服务很到位，坐酒店免费班车，送我们到港澳码头，就我和老公两人，司机态度挺不错。酒店出门左转就可以坐当当车，交通还算方便。而且后来才知道酒店离香港大学挺近，本来可以去港大散散步，下次有机会还可能再住。看了别人的点评，发现678的价是比较高的，携程在价格上好象没有优势。	酒店还不错，服务态度也蛮好。早餐不算丰富但也凑合。不过有一点非常不好，就是房间隔音非常差。第一晚隔壁那个小孩晚上哭了一晚，早上比闹钟还准时又哭一大场。第二晚隔壁住了韩国乡巴佬，叫了小姐，又是吵吵闹闹一晚上。唉。。。基本上隔壁发生什么事情，这边都能听得清清楚楚。	能再小一点吗？我不知道是苹果还是枣！这是潘苹果，和我以前超市买的完全两个标准！
看起来不错，希望自己能抽中	应该是翻新机，里面有11年的视频、音频都没册，	VK的手机一点都不好，我的是VK530，刚买几个月，经常死机，有的时候手机明明是开机，人家打电话竟告知是关机，彩信只能在短信里，就是存在多媒体管理里，根本设置不了屏幕和铃声。	刚买没几天就不能使了！使用频率还不高呢！就是放在店里摆着给客户偶尔看看图！居然连这么起码的简单要求都满足不了！超级差评！这么支持国产品牌结果令我很失望！没给过这么差的评价！还没几天触屏就不能用了！还间歇性的自动重启！输密码都输不了！指纹识别进去之后就没有之后了！什么都操作不了！联系客户也没什么建设性意见！只有等有时间自己去找售后了！以前很支持京东自营！失望了！除了产品外其他的都挺好
岛上没有像样的宾馆，这家马马虎虎过得去。硬件设施很差，没有暖气，最多只能算1+。	时间太慢，而且2499居然连套都没送，而且新机子就有点卡	本来不想评价的，还是说几句吧！背心穿在身上很有型，也挺好看，但是材料真的不好，健身完了脱衣服的时候把我的手都染成了黑色，小伙伴们以为我中毒了，也是醉了，洗衣服的时候也会掉很多黑色的毛毛。建议大家要买就买品牌，最起码质量有保证。	第一次买很大很好吃，第二次有好几个上面都有指甲印记，个头明显不如第一次买的，你叫消费者怎么敢吃？何况我还怀着孕阿亲！！
宝贝收到了 ，大小正合适，质量很好，价钱不贵，全五星，好评	"周边环境优美,交通便利.早餐种类较少,前台服务态度一般,如多一点热情微笑则更佳."	还可以，就是面料硬	服务态度不好，说话不算数！
刚到手，老婆很喜欢，感觉很不错。	嗯不错用起来还行不卡的	洗完之后头发会痒，感觉不是正品	这手机确实一般，分辨率低，照相模糊不清，垃圾手机。
非常好 香 甜 脆 我买了很多次了 真的很好吃	苹果大小均匀，水分充足，脆甜，快递比较心细还拆包一个个看	总体感觉还不错，唯一的不足就是酒店给我的房间不在主楼，而且正对电梯大门，晚上感觉有些吵，窗户打开面对的是一个垃圾场，无法开窗比较煞风景，可能通过携程预定的酒店都给安排这种房间，不过在香格里拉能住到这样的酒店已经算不错了，据导游讲这可是当地市政府办的酒店，平时开会都会安排住这里，还订不到房呢，在这里除了天界神川就属龙凤祥还行了。	差，特别差，非常差，衣服质量不好，衣服又大，发货速度又慢，什么都差
首先性价比很高，这个价位买512独显超值了；其次品质还是很不错的，毕竟惠普的牌子还是值得信赖的，不愧是世界第一的笔记本供应商。	第一次在京东买，物流很快，并且送了很多小包装，给力，下次还会再来	看了头几页，觉得有点空洞，被搁置了	反应慢，外壳易变形
小巧实用，两人正合适。售后安装太快啦赞一个。材料费收了113元	酒店不错，房间干净整齐，服务也还好。希望在硬件设施上能再多多加强，那就好了哦。	"这个如家实在是太小了,房间很小很小,就不舒服了"	手机没啥问题！就是京东的售后很垃圾！建议不要在京东购物！
苹果不错，很喜欢，味道很好，包装也很好，送货也特别快，很是喜欢，还会再入手	3月8日礼物，一直用潘婷，真心不错！	看上去就像吃 个头儿不大 正好一次吃一个	我是查看了点评之后才选择入住天鹅酒店的，但结果却大失所望。我们的车到达酒店门口后，行李生盯着我们看，却不主动上来帮忙拿行李，我走过去问他，“酒店没有行李生吗？”行李生才恍然大悟说，有有有。一推开客房门，就一股恶臭扑鼻而来，令人作呕。房间很陈旧，隔音非常差，不知什么电机还是什么设备运转的声音轰鸣一阵停一阵，又不时有重物敲击的声音，反正吵得一夜无法入睡。第二天一早6点多赶紧起床退房。原来我们是交了2晚的订金打算住多一天的。因为工作关系经常出差，这家酒店是我十多年里住过的最差的酒店。简直难以想象，挂牌四星的酒店，硬件设施及服务都不如一般的招待所。
用了一段时间了，还不错，电池很耐用	房间很大，很安静；餐厅的菜量很大价格合理，服务也不错；地段去王府井地区非常方便；但房间的宽带收费不合理（10元/日），应改成免费的；开车去注意有60米的单向行驶。总之酒店不错很满意。	非常滴好，170，126斤穿M	假的！洗了头痒死了，而且容易油！
环境不错，空气新鲜幽静．离市中心有点远，但交通路况不错，适合有自驾车的城市人度假休闲．服务好，销售部的周小姐百问不厌，出门步行约５分钟有太湖船菜河鲜一条街，二十几个饭店营业到晚上十点，河鲜新鲜价廉，在湖州很有名．晚上停?	刚在当当买下这本书，但实际上我已经详细读过了，只是因为喜欢，所以想自己也拥有一本才买的。作为母亲真的感觉教育孩子是件难事，而作者的教育方法，自己是很难学到，但也有不少触动。值得一看！好几年前看过池莉的《牵手》（因为电视剧没跟上，给错过了后面的剧情很不甘心），当时却更喜欢蒋文丽的表演，看过《来吧，孩子》后才发现池莉的文笔很好。所以，现在又在看她的另一本书——《所以》。	房间、服务尚可，就是电视频道太少，门童不是很积极的服务，可能天气冷？	真心不咋地 买了屏幕是坏的 虽然是退货了 但是中间也隔了好多天 新机器 一充电屏幕立马失灵 华为的手机屏幕是通病 让人捉急啊
买来用了半个月才来评价，屏幕清晰，指纹反应快，唯一的缺点就是电量不耐用，其他都是满分，总之挺满意的平板！	蒙牛的也不错，不是所有的iPhone5都叫特仑苏	苹果?当天收到，搁一会发现表面有水珠。应该冷藏保温的。味道不错，脆，不是很甜。就是个头有点小。我拍照显得挺大。运费6元。	火龙果没熟透，还是生的，可能是还没到季节，不过确实不好吃，不会在买了。
物流太慢，裤子还可以	刚买没几天就降价了，好不爽，亏大了！！！！！！！！	凑了单礼品没送，套路	挑选的非常不满意。大的大小的小。歪的歪。还有两个烂掉的
"收到了,质量不错,穿着挺合适的,尺码挺准的,面料手感不错,穿上感觉挺舒服的"	"在CBD温特莱还是性价比比较高的,位置也不错.房间在三星级里是好的."	酒店的服务是越来越差了	没有分组铃声，不能下载，总是死机，总而言之，谁买谁后悔。能不能招回呀？
很不错，屏幕没觉得有问题，950速度可以，玩王者不卡，但是WiFi真心差手机，同WiFi下平板延迟好多。	收到了，拿到手上感觉透气性不太好 没有手提袋送人很不上档次	"不知道是不是因为订的是168的168元特价房的关系,前台的态度非常之差,冷嘲热讽的,弄得好像订他们168的房占了他们天大的便宜似的,这么不情愿那干脆取消掉好了,弄出特价房本来是好事情,却这种态度,鄙视之~"	差评，衣服掉毛
以前也用过无硅油，刚开始还行后面就不怎么滴，希望这个不会这样。	物流太不给力，乖了一个多星期！	为什么洗完了之后头发更痒，头皮屑更多了？	货收到后，打开为什么平板上没有保护膜，而且有明显的擦过和手指印的痕迹，应该是之前打开而且用过的吧，京东应该好好反思了！
沙宣的洗发产品很好用。一直都用。618搞活动买很划算	非常好用，功能强大，大小也很满意，相信华为的品质。现在价格又便宜了可惜买早了！	房间真的很不错，非常干净，特别是床大，睡得很舒服，就是隔音差了点，外面一点点声音里面听得清清楚楚，有点吵。总的来说性价比还是比较高的。	京东把我的货发到哪里去了
花花公子旗舰店    值得信赖。要是不掉色就更好了	换个马甲就以为消费者不认识啦？ 凸凸 哥们儿是从小蒙牛喝多了吧··· 回覆 这话你自己信么？ 回复 新蒙牛，新变化。http:t.cn/zWBhkvl	我只想说，京东真**的有点坑人啊，小果一个个小的要命，上周刚从烟台回来，这果在烟台顶天也就卖*	我呵呵，京东真够垃圾的京东真够垃圾的京东真够垃圾的京东真够垃圾的京东真够垃圾的京东真够垃圾的京东真够垃圾的京东真够垃圾的京东真够垃圾的
物流很快，商品质量很好。	包装是打开的  外包装条码被撕 掉  里面也有个条码被撕掉   但是机器没问题   看了评价 很多人 都是这样	份量比较重。屏幕边框太宽。外壳容易印上指纹。蓝色指示灯太刺眼。只有一根内存插槽，不方便升级。	再也不会在京东买东西了，价格不稳定，什么6.18比平时买的都贵，产品上连生产日期都没有，太差劲了！
4月中旬，恰逢阴雨连绵，张家界别样的山水风光令人流连忘返。入住湘电酒店：1、房间舒适，一觉到大天亮；2、离景区非常近，凭《度假休闲客人证》可多次出入景区；3、免费机场接机，省心省事；4、大堂周经理等人的服务态度一流，有宾至如归的感觉。其它：1、宾馆部分尚在装修，稍有杂乱地方；2、记得带上两张一寸照片，做《度假休闲客人证》用。	很普通的一间酒店，应该说不值这个价格。酒店老，房间小，早餐差。周围正在修路，乱得一塌糊涂。想找个好一点儿的饭店，很难！在酒店吃了一顿饭，居然连正规的餐牌都没有，蹊跷！不过服务还是不错的，这也是唯一值得称道的地方！	珍惜生命，远离蒙牛！ 擦！汉奸！拒绝蒙牛 什么玩意 @天山网	不怎么样！卡机
买个平板是学习，看视频用的，屏幕很清晰，挺有质感...屏幕大小合适	入住的主要原因是方便。机场巴士就在楼下，适合短暂停留，不适合常住。周围没什么我喜欢的吃饭的地方。拐到后面一条路上，有家粥店不错。ps：上网速度还行	"买手机不带发票,联系客服一天了也没给回复,开个发票那么费劲么?京东默认不给纸质发票,鄙视鄙视"	物流是发给我了又退回去，联系了好多次才给我补发回来，来来回回就买件衣服折腾了十几天才收到。之前从没有遇到过说是派件超区，可我之前买的发的都是同一家快递都可以派送，而且就算超区派件也没有人打电话或者发信息联系我，直接就退回去了。反正就是各种不顺，这次购物让人感觉极其失望，下次要慎重考虑在班尼路买东西了。
性价比好，酒红色适合女生用，很拉轰，键盘手感不错，屏也没坏点	一直都相信花花公子的质量，值得购买	身为三国迷，我对这本书充满期待啊，可是看了有点失望。人物太少了，而且一些人物的冠饰部分尤其怪异，比如关二爷、夏侯惇和周瑜（当然比起光荣真三无双里的人设正子公也的还是正常多了），唔，可能是我自己太缺乏娱乐精神了吧。还有，旁边配的文字太小了，而且还配英文让我觉得很怪异。不过，画面效果还是挺有冲击力的，色彩也很好。再啰嗦一句，想象中古代英雄骑马载美女都是美女坐前面，为什么书里那幅貂蝉坐在吕布马后的图，让我不自觉想到男生骑车驮着女朋友......	掉色严重，不怎么好看。
洗发水用着很好，洗完头头发很理顺，秒杀价格很便宜，五星好评	我不知道为什么大家都评论说这书好，但我个人只能说一般而已，起码从一本小说的角度上讲，作者的文学素养真是不好意思恭维……	不是吧。本来就没头屑的，用了这只之后反而有头屑了，吭死了。之前用普通的清扬粉红色的没有这样。	本书有删减，也就是出版社的编辑自律加觉悟高，或者说是被“和谐”了。买这本书建议大家三思。而我还是去香港买原版的吧。
第一次京东生鲜，看上去还不错，还没吃，味道应该还不错，包装很好，都是双层的，京东快递物流也很给力，很完整！	刚开始安装XP系统的时候蓝屏，还以为是硬盘出了问题，后来上网查了查，所有华硕都有这个问题，修改Blos就解决问题了。	有塑封，没漏。这次要吐槽京东的快递了，一个订单里都是京东自营的，分3拨给我送过来，以前从来没有过这种现象，都是第二天一起送过来的。关键是，最后一个包裹放小区自提柜台了，明明送第二个包裹来知道家里有人，在没有打电话确认家里有没有人的情况下就直接存柜台了，最后送过来的时候发现根本不是京东快递员，什么情况！！	虽然预定比较方便，但是宾馆的对顾客的关怀不足，房间冷得让人睡不着觉服务人员还说暖和的！！！
京东很快，信任京东，潘婷很不错，喜欢用！	大家都喜欢吃随便，蒙牛公司怎么做的来……	太贵，洗发水不好洗头一天就油了，	洗完有头屑还头皮痒
第一次在网上买水果，大小不一，还行啦！	就是网线上网的有效范围太小了，路由器在卧室，在客厅就上不了了	假货，严重掉色。	苹果质量非常差，又快要坏的，而且没什么味道。
非常满意喔。物流超级快，下单一天就到了，质量超级不错，老公穿着特别帅，大小尺寸都很适合，颜色也很耐脏，喜欢的亲们都可以赶紧购买了喔	马先生的收藏系列，一一读下来，看到这本画册，虽然价格不菲，仍然忍不住要买一本。自己本身并不是学建筑或相关的专业，但翻看下来仍然觉得叹为观止。正如马先生所说，中国史五大建筑文明中唯一以木质建筑为代表并完整存续的文明，而有趣的是，中国自古以来，并不将建筑作为艺术的一种，认为是“匠人之作”，而偏偏这些匠人们，创造出来让现代许多建筑家惊叹不已的作品。中国古代的门窗，除了承担出入、透气透光的功能以外，更因为中国文人形而上的追求，被赋予的多种含义，今天看马先生的书，不但了解了中国门窗的演变，更能细细欣赏门窗雕刻工艺之美，加上书的印刷精美，马先生的文字洗练，确实是物有所值。	分区时出现拒绝访问，怎么分都不行，请求帮助！ 送的1G内存条，怎么安装呢？应该不能自己擅自安装吧	麻痹，差评，箱子里面竖对角线放着，填充物没有，把你爸爸压坏怎么办
收到了衣服很好，穿上很舒服面料不错和图片一样，大小合适店家服务态度好	这款分辨率低，像素不好，买的时候忘记看了！有点后悔！	现在快递（小袋鼠）太垃圾，不送上门，还让下楼取，这是快递吗？要是买大家电之类的，又在高层就惨了。	第一次买手机是看不了小说的，我也是无语了，任何小说软件都调节不了模式。最后一张是正常的手机看小说按右下角健的效果，不想评价什么了，要不是着急用手机，想退啊
性价比不错，本本的外观手感以及性能都还不错，到底是大品牌的东西。 送货速度快，头天中午下单的，第二天下午就送到了。	苹果很新鲜 第二次购买了 又爽脆又甜 一家大小都喜欢吃 下次还来	我的1770两电一充数据线和盘	没搞错吧！昨天才到的货今天就便宜了*元，搞什么名堂！！！相片不清晰，发货倒还是蛮快的，前天中午下单，昨天中午就到了，因为在单位上班，晚上回到家才试用，今天下班回来继续试用，内存的电源还没用完，居然就死机一次！
这个平板总体不错，就是有点好发热，。不过物流很快，服务也好！	很好很好很好很好很好很好很好	衣服收到破的怎没人管了	烂苹果，不是一般的差，长得丑，而且很干，没水分！
刚用，分辨率不是很高，摄像也不清楚，不知道怎么搞的	抵制日货的同时，一起抵制蒙牛！	拿到手第一感觉就是塑料外壳，不是说是金属机身吗？感觉骗我	差评，真的差评，买给爸爸用的，想想华为这个老人用用不会差，但是一个月还没有到，我爸就说，待机时间基本6小时左右就没有了，老人家，也不玩什么，打打电话就没电了，还在要老人家跑来跑去的修理，这老人怎么懂～本来是京东方便的，这搞笑了，反而麻烦了～
很满意的一次购物，很不错的宝贝！这样的价格实惠，质量不错，穿着舒适，物有所值啊！五分好评！	超级好用 自己买了一套后也给了妈妈买了一套 便宜用好用 真的很好	在各大书店都看到过金波老师的名字，但一直没有看过他的故事，这次买了这本书，主要是认为有必要培养孩子丰富的语言表达能力。买回来看了以后，发现大人读也很好，可以回忆自己的童年梦想，而且读诗需要放松心情放平心境，可以让自己焦躁的心平静下来，非常好。决定每天早上都要起来读一首，让自己一天都能心平气和，不要为各种琐事烦躁。	我到货2天就降价*元！！！！退钱！！！！
感觉洗发水味道不对，没有上次买的香味纯正	京东做大了了，牛啊，自作主张取消客户订单，618纯属刷单。	长城一贯如此，烂中最烂，真不知道怎么还有人喝蒙牛？	以前对华为的产品质量很信赖。通过这次购买的华为荣耀平板2，我热血的心一下凉了。先是卡槽的问题，再是屏幕分辨率问题，客服只会解释，不会解决问题。客户花钱想买一个省心，客服只会让你浪费时间和路费，让你去网点检测，然后再给你一大堆的解释。
这家酒店非常不错 硬件方面比较好，尤其卫生间比较有特色，是干湿分离的，而且是用玻璃隔断的，视觉上比较有现代感。事实上这样的卫生间布局是比较占地方的，需用面积比一般的用大一点，所以给人的感觉不错，而且两人入住的话，在使用上不会互相影响。	很好，很好，很强大，不错不错，很不错。继续努力。	气愤，连续两次都发烂的，越来越不靠谱了，上次就忍了，这次又一样	之前买的都很新鲜，这次怎么这么烂?六个果只有两个没长毛只是干巴了些，其他都烂到长毛了还发给客户?一颗星送给配送员。以后再也不在这里买鲜果了。
很好用 玩梦幻西游 光明大陆一点都不卡 很喜欢	感觉苹果包装很精美实用，也没有过度包装。味道，主要是味道，有的特被甜，有的普通甜，	地址位置可以，但是房间没有窗户，还是有点难受的；刚进去气味有点次不消，太闷了！ 介意的旅客就不必考虑了	唯一的优点是离机场近有免费往返酒店机场的班车，司机师傅非常好。但酒店本身真的不怎么样，卫生间卫生做得不好，放浴巾的架子都生锈了。设施老旧，床被不干。以后应该不会住了吧。
钢琴烤漆的外壳，透着水纹肌理，感觉不错。这款笔记本的配置也不错，甚是合理搭配！物有所值！自己装了XP系统，运行很流畅 ，一般办公用足够了	还可以。。。。。。。。。。。。。。。。。。。。。。。。。。	XP下如何用指纹，有人才告诉我一下吗？IBM有软件打开的ACER的好像也有个软件，装了却打不开，点来电去没反应。散热量跟我THINKPAD X200比太热，跟我的COMPAQ V3803TX比还算好的	提个意见，这个火龙果首先是小不好吃。其次，前天送到，开箱就坏了一个，好，我就算是压的吧，把那边削了吃了。今天从冰箱拿出来，到处就是烂的疤了。怎么，基因突变吗，才过了两天啊。
第二次来了 感觉很好 物流也很快	苹果的个头有点小，味道还可以，甜，但也有的是不甜的。	超市依然正常销售蒙牛的产品	买这本书是因为它很热，在榜上呆了很久，也是因为个人对文史的喜爱。但是，真的到了看它的时候，我觉得失望。当然这更多的是和个人爱好又关系，不是很喜欢它的语言风格，缺乏一种真实感。不过，它流连榜单那么久，也许又它的吸引人之处，不过目前我还没发现》
第二次买了，不过这一次的苹果个头大小有点不均匀，然后不是那么红，不知道好不好	对于第二天赶早机特方便，但服务员态度太差了！	啥呀，，虽说不是太值钱但这包装也太小了，，而且还什么也不带，我都差点以为没给充电器	很差，超市一块一斤的苹果，水果还是实体店的好。
"很快就收到了，质量非常好，做工精细，款式简单大方非常满意,真的很发货速度非常快"	连个封口都没有真是气死人了看看漏的快递小哥你能不能温柔点	刚买了1个星期不到就降了100，还不能申请价格保护，价格保护都是你家说的算，朝令夕改，毫无诚信可言！！！在京东累计购物几十万了，对此表示很失望！！！支持华为，鄙视京东！！！	黑边真的很大。第一次参加抢购，荣耀x2 *拍到但就是不给形成订单直到价格变回*才形成订单。唉，有意思吗？不是真的何必耍我们呢，好歹我也是老钻石了。
香港回归的结果附加费更快更好看过了就好看了感觉良好健康	还算可以吧，质量与发货速度都还好	我只会玩电脑不会装啊 所以系统是个麻烦 得周末拿给我妹去弄 所以还不清楚其它方面怎样了	我要的M号给我弄个L号，乱来
今年一冬的水果基本都是在京东买的，省时省力，品质有保证，值得信赖！	裤子收到了，说实话这个价位能买到这样的质量真的不错了，自我感觉挺好，服务也挺好的。	这本书非常好，给我们谈了很多作者自己的编程经验，还有10个实例。我觉得这本书好在理论和例子相结合。本来我是在看电子版的，后来觉得要支持作者的辛勤劳动的成果，如果我们都只看免费的电子版，就没有好的作者给我们写书了。还有就是电子版看多了对眼睛不好，所以我就买书了。如果有朋友要买书，我还是希望他们先大概看哈电子版的，那样你才知道好不好。如果好就买书了哈	没有诚信！！买3件没送内裤！！
彩屏，和弦，关机后有时钟	用过的感觉，包装脏脏的。。画质也不咋地。。	房间隔音实在太差了，我住的是最贵的了，隔壁有人上网，他们的QQ好友上线的提示音都被我听得一清二楚，搞到半夜三天钟才睡着，刚睡三四个小时，就听到外面服务员拿着扩音器大喊某某房间的住客起床，就好像部队里早上叫军人起来做早操一样，居然用扩音器大喊，操操操，这种怪事都有！难道不会打电话到他们房间叫他们起床啊？为什么叫一个人就得用扩音器大喊，弄得整栋楼都无法入睡！！！我第一次入住如家快捷就遇到这种情况，以后免费我都不会入住如家快捷了！！！	两个月就坏了谁买谁煞笔谁买谁缺心眼，还不给维修，一共几百的东西，维修费就要我700多，希望大家不要购买，一直买京东的东西，现在开始不会再买了
经济实惠，这牌子没得说，赞！	"房间设施不错, 前台服务也不错.交通方便, 停车场很大."	比较甜，可能每个人口味不一样，我有点吃不惯。	买回来手机7天，音响就破音了，让人很无语。京东自营的质量也没有保证了。建议不要买。
裤子已收到，质量真不错，穿上刚刚合适，长短也合适，包装也很好	"个头比上比75mm,的果大，五个有个大约80mm,剩下在70到80mm, 大约2 8kg,不算运费，一斤五块多，加运费一斤六块多，特点比较酸甜，汁水很多，新鲜！个别显青的放几天就变甜！尝尝鲜，不错！上次到手75mm,不少果很小，上次快递包装给拆开了，这次有改善！要不是怕和上次一样包装给拆了，我就买俩了！希望包装考虑快递易收货的箱子的大小进行包装发货！"	住了两晚，宾馆的墙除了外墙外，基本上是由木板隔成，隔音效果较差。房间里打扫不够干净，卫生间里的长达20来CM的头发就这么放在地上，是不是现在的经济酒店都不用打扫地面的？早餐对于南方人来说，有点不习惯，两天的早餐都是在外面解决的。酒店的设施有点老化，电梯味很重，受不了。	本来挺喜欢在京东上买东西的 但是这次的购物体验真的太不愉快了 并不推荐
好小巧玲珑呢~精致~没有噪音~散热好~ 刚开始拿到手里，以为是假的呢，因为太小了，像是小孩子的玩具呢。女孩子用刚刚好呢~太pp了~~我的小白~联想的这个机子，超值呢~喜欢死了~~吼吼~方便呢，可以放在随身的包包里头~~	给4岁的儿子买的。故事的内容很实用，上幼儿园啦，海边堆沙子城堡啦，幼儿园挨罚啦，商场走丢啦，都很切合孩子平场的行为，基本都碰到过。就是现在孩子有弟弟妹妹的情况不多。故事语言很孩子化，图片也非常生动，儿子很喜欢的。不过一本书的内容并不算多，感觉刚上幼儿园的孩子会比较适合。对4岁以上的孩子来说，稍微有些偏简单。	今天准备用，应该是很好用的，用了再评	很棒，可惜不送钢化膜和耳机，就一个普通膜。运行速度挺快，屏幕清晰，色泽鲜艳，快递也很给力。
小巧轻便，竟然比我的X61还轻，做工一贯的好。屏幕比X61亮，分辨率也高。	漂亮！ 重量轻巧，外接电源也很轻便 键盘足够大，用起来比别的上网本爽 自带了一个白色的包包，不用额外买了 随机的小游戏和大头贴软件有意思 本本用起来温度低，不烫手 性能还好，一般的上网应用已足够 无线网卡信号不错 电池续航时间长，一般的上网应用在最低亮度、关闭蓝牙和无线网卡下5个多小时吧 驱动都已经装好，摄像头白天还将就，晚上用起来像拍鬼片 正版winXP家庭版	说是送果盘，到了房间根本没有，打电话问了几遍，开始还说马上送，后来有说下班了，第二天才给送来，而且水果都是整个的，没切。但总体还算物有所值。	在超市看见蒙牛牛奶依然上架感到很奇怪，超市人员说：＂自有人买的。＂对哦，萝卜青菜各有所爱，我不买蒙牛，不代表别人不买。再者说，在中国喝什么牌子的牛奶都没有安全感！
裤子的码数刚刚好，材质也不错，穿起来挺舒服的	屏幕不清晰	这个酒店是我住的酒店里最最差的，居然在半夜里装修，给前台打电话居然说，他没听见，不知道他是聋子还是傻子，那么吵闹的电转声音竟然没有听见，我上到五星下到招待所都住过，还没见过半夜三点装修的呢，大家千万别上当了，支持下啊！	非常失望，一，水果质量差，二，快递不知道用的蜗牛快递公司，十天才收到。
活动价很值，发货送货很快，屯着慢慢用。	"很不错,性价比高,还没装上.改天再评"	我猜最担心蒙牛。	红外线不能接收mp4短片；；；；；没有按键音；；；
这本书本身是个短篇小说集，只是以其中的一篇《少女小渔》作为命名。所以我记忆最深刻的竟也是这个短篇。。。小渔的形象，象生活中某个肉乎乎的邻家女孩，谈不上思想深度和生命高度，就只有明澈的眼睛和内心，随波逐流（非贬义）象是活得没有目的也有几丝无奈，但从来都不曾放弃过什么，也不刻意坚持什么，象柔软的柳条，春来绿秋来黄。少有能将这个一个没有个性的生活中典型写的如此令人印象深刻的。。。	老者还知道你很好奇，知道你有疑问，他还允许你提问，然后他会用他渊博的见识，耐心地为你分析，合情合理，还不乱下结论，好像在和你互动。	三个火龙果都坏了。熟透了，还有虫趴在上面???	很不满意，很失望，和图片以及评论很不符合，怀疑评论的真实性，这是在京东第一次买水果，苹果很小，如图，不比我的拳头大，果皮有瑕疵，削皮后，很明显看到有磕伤的痕迹，虽然快递给力，但是感觉不比超市*一斤的苹果好，成本都是快递费和包装费抬高的，很不满意
把晦涩的理论知识串联在一个故事里虽然故事的情节比较戏剧化不过看的出作者是为了把各种知识都能汇在一起 并且结合发生到一个人的身上而编这样可以不使读者产生角色混淆而不能体会书中同心圆的由内而外的变化作者建议阅读这本书的时候可以读几章然后停顿回味其实也没所谓第一次通读一遍然后再反复阅读几次同样能够体会到温故知新的意义	单位用户千万别买，支付太不方便。 一定要支票到帐才发货，结果给了支票，居然两天不到财务那里，找了一天才找到支票在那里。 18号下的订单，28号才送到，而且还是支付的现金，支票依然没有到帐。不知道那个单位可以忍受这样的服务。	最最垃圾的产品，还**。头发洗了特别干燥，建议别买	非常糟糕！1。我们通过其商务中心包了一辆车游西湖，该车拉我们去不正规景点买茶叶（我们买了），然后在中途突然说家中有事，最后中断了包车服务。你能想象一下在人生地不熟的地方，被扔下的感受吗？ -- 过后商务中心致歉说该司机惦记着回家打麻将！2。客房消费说明单有手工涂改，极易误导 - 酒店之后也承认这一点，说今后改正，但是，误导的消费仍然强迫顾客承担！-- 标准的小农意识管理型‘酒店’！建议你去订正规/国际型/连锁型酒店，通常有误会/不清楚之处， 顾客利益在上！
不错，没几天就到了，很效率。宝贝大气美观，而是正品，很是喜欢	很流畅，系统更新以后更好。看电影一点不卡。尤其是音响很好。	很好用，泡沫丰富，洗完了头皮不痒，头发顺滑	说好了以后都不碰蒙牛、伊利还有光明的，结果今天超市蒙牛买1送1，我老妈没忍住，我的心理防线也被攻破了，罪过啊罪过，对自己很失望。
性能只能说中上不过值这个 做工很完美 屏幕显示效果和音质真的很棒 特别是两个扬声器的位置摆放很满意 8.4寸对我来说也是刚刚好 还有就是屏幕比例打手游看电影也是很棒的	比较透，质量还好吧，过得去，衣服非常合身	到货查看了cpu是高通615，反应迟钝，没网上评价所说的那么好，将就用吧！	环境吵闹，服务不周到，态度不和谐
潘苹果，不错！包装好！水果新鲜！喜欢	牌子，做工与质量不比其他品牌差。当作家居服，舒爽透气。	"总体比我想象的要好.不错,下次还会考虑入住"	买了太多次京东商品，这一次觉得京东恶心了，售后服务超级差，一星都多余
我不是白领，也不是写字楼里的袅袅婷婷的女人们但是这段故事，仿佛自己亲身经历了一样，北京的各色建筑流离其中，感觉这个故事就发生在自己身边，有趣的是，程睿敏正是上一本书《曾有一个人，爱我如生命》中男主角的发小儿，是啊，每个人的生活，就是一本书，看自己是否用心的记录，并感动建议朋友们看一下，感觉非常精彩，尤其是心里描写和职场的一些斗争，绝对的受益匪浅	抵制蒙牛 无耻了无敌了，打死也不能喝蒙牛了。	打开包装前 沐浴液已开启（不知是否邮寄颠簸导致） 且有大量漏液	火龙果超级小 还少分量，说好每个最少450g，专门买的大果就给这幺小的，我就想说你家小果卖的是火龙果种子么？
平板运行速度很快，看电影很清晰，特别是音效很好。	房间还可以，不脏；热水放了30分钟后才有点热，洗的不爽；早餐就凑合者吃吧，有就不错了；补充点评 2008年3月21日 ： 还不可以刷卡	苹果太小了，估计四个能有一斤，味道一般吧，买水果还是在店里买吧。真感觉都配不上这快递的纸箱	我买的裤子颜色，大小号都不对，京东的衣服真的不怎么样~~~
在携程上定了豪华大床房，要求A区6楼的房间，可惜到了的时候，由于都满，只有3层的，虽然视野不够开阔，还好也能看到湖，景色很美。服务也很好，服务员都会主动问好。打电话要风油精也很快送到。中餐厅太小，而且很吵，还要自己跑去点菜，鱼头汤味道不错，其他很一般。花园风景非常漂亮，游泳池很晚都有人在游泳，可惜这次时间不够，只在室内的游了游。网上介绍有烧烤，结果打电话询问说根本没有。晕。总的来说还是非常满意的，男朋友跟我一起回国三次，出去旅游了三次，这次是最满意的。特别是看到孔雀，兴奋不已。拍了很多照片，说下次还想来。	东西不错，不过有人不太喜欢镜面的，我个人比较喜欢，总之还算满意。	不喝蒙牛 很久没有喝蒙牛了，喝的伊利不会不晓得放心不哦 至于你喝不喝，反正我是不喝了	以后都不喝什么伊利蒙牛。现在听到都想作呕
已经住过很多次了，几乎每次来东莞都来宏远，房间很宽敞，布置也很好	?苹果还可以没有坏的，就是个别有小的。水分多甜中带酸。好吃	我要求纸张发票！！！！ 请客服联系我！	超级差评，才用了一个多月，就坏了，而且还不能退了，超过一个月了，还要客服没有告诉我，买差价险，都降价了两三百，差评差评，不也不敢买华为了，也不在上京东了，还是**好。
这话真有深意啊 珍爱生命远离蒙牛，远离纽崔莱	看着外观还可以 ，还要等几天再用。不知道效果好不好！京东自营的应该是正品哦！	很好很好很好很好很好很好很好很好很好很好很好很好很好很好很好很好很好很好很好很好很好很好很好很好很好很好很好很好很好很好很好很好很好很好很好很好很好很好很好很好很好很好很好很好很好很好很好很好很好很好很好很好很好很好很好很好很好很好很好很好很好很好很好很好很好很好很好很好很好很好很好很好很好很好很好很好很好很好很好很好很好很好很好很好很好很好很好很好很好很好很好很好很好很好很好很好很好很好很好很好很好很好很好很好很好很好很好很好很好很好很好很好很好很好很好很好很好很好很好很好很好很好很好很好很好很好很好很好很好很好很好很好很好很好很好很好很好很好很好很好很好很好很好很好很好很好很好很好很好很好很好很好很好很好很好很好很好很好很好很好很好很好很好很好很好很好很好很好很好很好很好很好很好很好很好很好很好很好很好很好很好很好很好很好很好很好很好很好很好很好很好很好很好很好很好很好很好很好很好很好很好很好很好很好很好很好很好很好很好很好很好很好很好很好很好很好很好很好很好很好很好很好很好很好很好很好很好很好很好很好很好很好很好很好很好很好很好很好很好很好很好很好很好很好很好很好很好很好很好很好	父母自驾去北海游玩，于2008-5-24晚入住该酒店，订的是豪华大床房！第二天下午就接到妈妈的电话，说这个酒店的“豪华房”简直不是为人准备的，是用来养鸟的，据她说整个“豪华间”面积大概不到15平米，尤其是卫生间，最多2个平米，实在无法舒适使用！于是第二天他们就换了宾馆，随便在市区内找一家只要100多，还送双早！此家宾馆唯一的优势就是离海不远，周边环境比较宁静，但是提醒要入住的朋友，一定要记得先看房间！！！
环境不错，设施也相对齐全。菜肴也比较美味。价格也适中。不错！强烈推荐！	"不错的选择,气派的大堂,干净的房间,卫生间也很大,玻璃墙.缺点是卫生间的装修有点旧了.地理位置也很好.对面就是青龙超市,补给很方便.在宜春,还是很推荐的.补充点评 2007年5月5日 ： 晚上也可以在酒店里吃饭,"	什么破4星，热水要10分钟后才来。没有中央空调。	为什么和以前的差很多，面料差很多，而且还有黄斑，几十块的东西就懒得换了
收到了，质量没的说，颜色柔和，料子舒服，是正品哦 送长辈的！大小也合适，棒棒哒！以后还会光顾哒！赞一个！	用了一个50元券，花了2649入手的，价格而言是无敌了，当然你要是3199入手，价格上就没有优势了，产品秉承了华硕的一贯品质，各方面做工都优于MSI的，为什么要拿微星的来比较，因为之前我买过微星的U90和U100各一台，应该是具有发言权的，电池更是达到了难以想象的八小时以上，作为上网本，基本上可以横扫其他品牌了，2649的性价比超乎想象！！	1.屏幕效果一般。2.内存不足。3.价位有点不合理。4.待机时间没有网上写的长，来电提示音不大。5.电量不足时报警太频繁、烦人得很。	没用呢，收到就一瓶打开的，客服是虚拟的根本发不出信息
裤子很好，质量也不错，没有色差，穿着很舒服，也不会掉色，棒棒哒	衣服质量不错大小很合适，做工挺好的，面料穿起来很舒服，很适合我老公穿	非常好的一本书，值得购买！专门买来送给我的宝宝，他2岁了，很喜欢看书，知名的图画书几乎全部看了，而且记得非常清楚。图画书真的很有魅力，它表现出来的东西非常深刻，是语言所不能及的，孩子很小的时候，也许有的东西用我们的语言将给他听，他不明白，但是通过这些有艺术和文学价值的作品，却能让他感受的到。而且，即使是成年人也可以从中感悟出很深刻的东西，不愧是大师之作！	给儿子买的，儿子说非常好用
一直购买，性价比高。一直购买，性价比高。一直购买，性价比高。	昨晚拍的，今早上就送到了，快递员很尽责，送到的时候让打开检查一下，没问题才离开～小苹果都很好，没有破损	头次买，不知道怎么样	酒店没有想象中好 而且设施很不好 房间很差 wifi也是巨慢 不值这个价钱 有些失望
比较古朴，具有俄罗斯的风格，坐落市中心秋林附近，靠近松花江，环境优美。	手感不错，声音效果也行，发短信方便	1.全银色设计很时尚，刚买的时候感觉很有面子，不过现在都兴没天线的了，呵呵2.双屏的，外屏也是带彩的，很漂亮，但是双屏也是费电的根本原因3.语音报号不错，来电话不用看也知道谁是谁了，不想接的直接按了，省事4.铃声好听，音色不错，目前调到最大声，也还行，以前用的那只最大音量就要有爆音了	非常非常差的机器，不知道是不是京东卖的是返修机。朋友在华为官网买的用的很好，推荐我们买的。收到机器的第二天，系统就提示“检测不到“SIM卡”，重启后好了，开始没在意。到了第八天，开始反复，频繁出现“检测不到“SIM卡”提示，立刻申请了售后。京东的售后人员打来电话，说不在7天退货时间内了，只能换，然后就挂了我的电话，就没有然后了。。。。。京东，你们好自为之吧
从广州第四次来仙湖。仙湖不仅环境好，还可以随意停车。（主楼的停车场有保安看守）广州来这里几乎全程高速。渔人码头物美价廉，我儿子非常喜欢吃那里13元的扬州炒饭。而且餐厅外有停车场，并设有棚帐，不怕烈日炎炎。只是自助早餐一般般。总体来说，真不错！补充点评 2008年8月4日 ： 我们入住的是378元的悠闲高级房套餐，住在北楼。	挺好的，大小合适，质量也不错，值二十块钱	生活永远是最打动人的。不管在哪个国家，亲情的道理是一样的，陪伴玩耍、护佑、教育、关心、糊涂……点点滴滴，尽在纸端。更让我感动的是，这部不朽的漫画，诞生于德国最黑暗的时代，作者颠沛流离，生活动荡，可是，爱的力量超越一切，它埋藏了苦难，把温暖、温情、温和的情感永远保留下来。现在人们生活好了，可是却好像不太会带孩子了，“亲子”成了一个市场上的商业品种，啼笑皆非。	送蒙牛...健康才是最好的礼物。
用了几天，比前几天退掉的ipadmini好用，护眼模式在晚上光线很暗的情况下，用半小时眼不会累。确认好用了新买了原装皮套，也比较满意。值得推荐！	衣服还可以，就是穿着稍微有一点小，如果肩宽和身材好建议买大一号的。	以为是为孩子们准备的书，即使有些教育父母怎么给孩子读书也不错啊，没有想到，居然就是一本说教的书，很遗憾，下次会好好理解简介导购的意图，不知道能不能退货？？？	拿回来是开了封的，而且用了头皮很痒，卖假货，找客服也不理，真不晓得好评是那里买来的
哈哈，折扣时候买的，挺好的。面料挺好的。	完全无误，这是蒙牛啊！喝着这玩意儿幸福有什么意义？ 事实就是英文有误。。。只是蒙牛觉得丢脸，拒不承认，就好像自身的质量问题，发生了，但是不承认。蒙牛的公关部门存在的意义就在于否认问题的存在么？？还好国外人民不怎么知道这牌子，所以，这英文标语意义也不大。	质量太差，7月12号买的9月10号坏了，收不到无线网，现在正在维修，郁闷	很久都不评论了，特别生气，评论一下，一共用了俩次，头皮屑猛掉，不得了了，假货假厉害啊，受不了了，今天还要去超市重新买个，不敢京东买了
面料好舒服哦!不错，给个好评!	中左同你分，小叶子 为了牛奶~~ 我们将抽出三位幸运者，奖品是一箱蒙牛优酸乳欢迎大家参与投票	"性价比极低,根本够不上4星的标准.送单早,早餐另外收费,68元/位,上网收费,60元/天.下次再也不住了!"	垃圾正中垃圾，布料差码数偏大
轻巧，电池强劲，键盘尺寸够大，打字不吃力，cpu性能够用，WLAN性能不错，摄像头比较垃圾	脆甜可口，买了好几次了。这几天不便宜。	从拿到书到昨晚读完，用了不到一周的时间。我已开始运用书中所描述的方法，来改变我的日常生活。虽然知道要达到那种平衡的状态，我还要修炼很久，但我感觉现在的我比以前平和、积极了很多。它让我明白，如果你从内心让自己喜悦，这种感觉是任何人都夺不走的，不管你周围的事物做着怎样的变化。我会把这本书推荐给我亲爱的朋友们和家人，愿我们都生活在爱、喜悦和希望里。一定会。	开机就花屏，根本不能看。由期望转失望！值得赞的就是京东的送货挺快！
非常好用，已经N次买了，就是喜欢这个牌子。快递非常快，晚上下单下午到货。	酒店在喷水池旁边，之前住过，这次感觉服务一般，房间内没有矿泉水，结账时服务态度也很一般	果然是假的，和我在实体店买的味道不一样，	这是退货后再买的 第一次买的颜色明显不对 米白色 却十分的黄 不好看！ 而且前后两次买只是换了个颜色，布料手感厚薄都不一样，很难想象是同款不同色!!! 令人怀疑第一次是不是装错货了 !! 拉链较短 有退货过程让人很不愉快!!! 只能说这件穿的感觉舒适度一般
虽然不是618当天买的，但是159也很便宜了，而且套装还赠送了一个礼盒和两个试用装，再加上当天满金额还可以选择一个礼盒作为赠品，真的很划算。	"不错,很好！！！！值得推荐！"	裤子到手只穿了两次，背面接近裤裆的地方就破了两个洞。申请换货，给我的理由就是“衣服吊牌未拆，全新，未穿着未洗涤，不影响二次销售即可帮您退换货的，不然我们会拒收哦，谢谢您对京东的理解与支持！您已经穿过 是不予退换的哦”。我就纳闷了，我买的是裤子又不是装饰品，我不穿又怎么知道质量这么差？敢情质量差了，还是我个买家的错了？虽然拿了钱就不认账的事见多了，但是自己遇到就是很不爽。在此警醒各位买家在此店消费的时候要慎重。	差评，苹果小小的，根本不想图片上的，发黄
一直在用这个牌子的洗发露和润发乳，这次还送了发膜。很高兴，送货员把货送到楼上，很辛苦的。送货员服务态度也好，客服亲切。希望再接再厉！如果拉直过或者染发后发干的发质可以用的，很有改善的效果。要按说明用的。	质量挺好的，一直信赖京东???	离机场比较近，第二天早晨赶飞机方便。周边太荒凉，买不到东西。	选购，下订单一切正常，可就是收不到书，打电话才知道已经缺货，且近期不可能有货。
宝贝质量不错，送货神速。快递服务态度很好，而且价钱便宜，品质有保障，京东值得信赖，	活动价格买的，比较便宜，京东送货速度就是快，用着不错。	很好，很不错，这个牌子的洗发水很好用	洗澡热水还不错。客房的空调太响了，很难入睡。床垫凹凸不平质量一般，睡得不舒服。
晚11时到前台，小姐笑容可掬的告诉我，我的预定携程并没有确认，不过可以为我安排。虚惊。这是黄金周出行第一站，27日金华。酒店大厅确如楼下所言，大而无当，亦不够明亮，由于到时较晚，行李员下班，我们是自己推车上了五楼，再下4楼（4楼的房间安排比较怪异）时，才匆匆跑来一个小保安，非常卖力地帮我们包大包小包全部搬到房间。家庭房的位置虽出入不便，但房间足够大，卧具柔软干净，设施齐全好用，对于自驾走南闯北的行走族来说足矣！而且酒店还是浙江省旅游局《自驾车旅游服务定点单位》。在此特别感谢27日晚值班的前台，就是她看到我们自己搬行李后马上冲到电梯口帮我们唤来了保安，还要感谢第二天的行李员，不但把行李车推到车前，还帮我把行李全部装好车。如果有机会我还会再住这家酒店。	"空港机场,很一般,服务上比较值得推荐的是有免费班车接送,还比较人性化,可惜的是位置不是很多,很多弯下来的人都没有位置了."	送货速度，削皮发现苹果肉有内有损坏，且苹果太小个了，与超市*一斤的差不多，包装好看了点	房间长时间没有通风了，只有个小窗户在床背，进去后发现整个房间一股霉气，听总台说是因我来迟了，好的都住满了，留下的是最后二个房间了，一楼的。虽然我来迟了点，但是用信用卡预订的，怎么会是最后最差的二个？
哇，真的太便宜了，比超市便宜好多好多倍呢，总共买了总共买了一套，京东搞活动的时候买的，我从来不评价！第一次评价！真的很不错，向大家推荐！还有就是我的电话号码填错了，京东的快递员也非常有耐心！	电脑性能不错，很实在。 5月5日晚上下的订单，5月6日下午在亚运村提到货，速度很快。	送货很快，只不过是不是低配版没有耳机啊，有点失望。具体细节体验后再评价	垃圾网站，欺骗消费者。。
在读完之前就向同事推荐这本书，同事看了不过瘾自己又去买了一本。给自己安排了一个闲暇的时间和空间，坐下来认认真真地看了一个下午，用彩笔在书上画了好多线，然后推荐给先生看。总的来说，还是受益非浅，很多婚姻中相处的原则和要点值得借鉴。书中是一个个小故事，作者化身为子木先生或子木夫人给出分析评论和建议，很值得一看。	正品，好用	宝贝第三天就到了。物流很快，质量也不错。很喜欢，还没穿，好穿的话下次再买	环境价位还是不错的，很满意，服务态度真心差，找不到接机大巴，打电话问吧台的，语气非常不耐烦。差差差，希望你们好好改进。别人不知道才会问，花钱是为了舒心不是找罪受。下次再也不会去了。
好，商品不错，值得拥有。第二次买了	还行吧，搞活动时买的，价格优惠，还没开始用，用后再继续评论，	买来是坏的，被京东坑了，而且特别小，真是不值！	1月21号收到货，2月11号屏幕出现一条垂直的粉红色亮线，人格担保平板没有任何磕碰，多次联系客服无果，京东客服就是以不说话结束对话，我买来平板20多天就坏了，结果就只能去维修？华为的东西使用期就是20天吗？还不给退货
口感蛮好的，脆，香，甜。略小。	还没吃，个头比较小，一般，不是特别新鲜，这几天要抓紧时间吃完	所有的都差也就算了，居然标间只给一张餐券！	有烂的，反应了情况也不解决问题
不错不错不错，性价比还行，苹果用多了用用安卓也不错	尺码偏大一点，别的都很好，建议大家买的时候，选小一号的	衣服太少了买来没法穿呀。偷工减料的产品怎么行呢？	非常不愉快的入住。朋友是晚上11：30左右到达的，此时的柜台服务只有1人，连服务生整个大堂只有3个人，因为年纪比较大，本来行李想让服务生帮忙，招手示意后他们竟然不理睬并且跑开。check in的时候连刷两张信用卡竟然说信用卡不能用，很莫名其妙。房间的设施极差，灯光很暗，酒店的东西非常破旧，真是有损5星级的标准。难怪朋友会说这家酒店的客人非常少，都吓跑掉了。还是在繁华的南京路附近，真是丢人。
机器很好，正品速度快 包装精美 会一直来京东采购	水果水汁多特别甜很喜欢买了很多	使用一般，和国货区别不是很大！	物流特别慢，留了个快递单号其实是没发货，服务态度差！裤子品质一般！
很满意，运行很流畅！赞赞赞	不错！一直在用这个牌子！价格还是可以的！	"是我住过的所有旅馆里最差的一个.预订时说希望要无烟房,结果开了房门以后被烟味及各种体臭味搞得一夜未眠.旅馆可能根本没有无烟房,但携程竟然也没事先说一下算是失职.设施破旧,毛巾都是发黄的.床单及被套都旧旧的,搞不清有没有换洗.服务人员全是?"	垃圾，跟图片差一点就算了，差了这么多，满满的白印，档还开的死大，谁买谁吃亏
1 有品牌优势，做工细致 2 CPU散热好，声音小 3 USB接口左右均有，设计较合理 4 键盘较舒适 5 附送1G内存，售后不错，帮我安的内存条，安上后用VISTA系统快了不少	已经在使用了从5.26开始就读了《端午节的故事》开始小傢伙并不喜欢呢后来慢慢引导，孩子会针对每本书后面的“换一种方式看看”的小图片进行“看图说话”还是很有收获的！虽然孩子并没有表现出巨大的兴趣但我觉得这种文化是需要一个长期的接触，才能称之传承我不急哟~~再说孩子对这本书表现出“看图说话”已与其它的阅读书目不同了！书好，我的引导更好！呵呵~~	还不错！只是收到价格就降了。	效果一般般，味道跟商场的不一样，使用后没啥效果，感觉买到假的啦
给男朋友买的。我看了看裤子质量真心不错。然后男朋友穿起来挺好的！打算再在这家店铺给男朋友买一件衣服！因为男朋友也很满意这次买的裤子！????最主要的是老板很热情！服务态度很好！哈哈。	电池续航能力偏弱，用不到两个小时就没电，没系统光盘，机器上容易沾上指纹	照实物比收到的苹果也差太远了，尝了一个味道也没啥突出的，感觉掉沟里了。	服务态度极差，员工素质太低，房间阴暗压抑，停车不方便
货已经收到了，跟网上描述的一样，刚刚试了一下，比较合适，并且裤子也有一定的弹性，价格比较实惠，很好。最后祝卖家生意兴隆	回购，虽然很新鲜，到这次的果子好小啊	送个什么吗给我？无语 两个我才能穿的下	之前在*买了一瓶，效果很好，这次买的用了超级痒，假货
是正品，用起来效果很棒，老婆很喜欢	我推荐大家先去了解了一个萨提亚，可以看一看她的那本《萨提来冥想》，对于希望能够自我成长和认识自己的人来说，这是一本非常捧的书，文字中透露着宽容和爱。看完后你会明白她要传达给人一个什么样的信息。然后再来看《家庭治疗模式》这本书，你才可能有更深的体会，其实当你决定要想来看这本书的时候就已经有了一个渴望，那就是让自己幸福，让家庭幸福。所以，试一试吧，不会后悔的选择。	觉得不是正品 买回来一直没用 在那放着 前两天拿出来用结果发现照相特别不自然 特别 准备拿去华为售后检修 估计是组装机 现在也退不了 认栽	京东快递不送货上门。差评。（本来就买回老家的，我父母在老家收货，京东快递还打电话给我爸爸要我爸爸过京东快递分店取货，老人家了还要来来回回跑，现在京东都做到这么差劲的地步了吗？未送货过上门怎么知道收货地址在哪里，在京东买四五件货物都是不送货上门。）
非常好的裤子 质量很好客服态度很好 很快就安排发货了 快递速度也挺不错的 五星好评啦	宝贝收到了，老公非常喜欢，穿着很合身，样式好看，他喜欢我就很满意噢！必须好评！	好吃，不贵！！！！！老百姓喜欢！！！	对于死机，我是痛不欲生啊，发短信，看图片等的时候多按几次中间的那个摇感键就死机，或者是随便震动大一点就死机，这机子真是把死机表现得淋漓尽致了！再是电池，反正我只要一闲下来都是让手机冲着电的，在学校天天冲，时时冲还过得去，一出去，简直就是拿一个模版机！像素太低，现在１０００左右的３０Ｗ的多了是了
京东自营的苹果很甜，漂亮，闻着味道很香，上午下单，下午就收到了，吃着安心，放心，家里的多数家电，食品等都是在京东选购！京东自营您值得拥有！	订的￥230普通间，先说不说房间设施一般，在前台的服务简直无法理解，站在接待处时，服务员将在我后面的3个人先办理（续房），但总有个先来后到吧，不理解。	"阅读此书,本意是想增加点知识,了解自我的,可是结果目的没有达到,文字冗长,内容也不喜欢,感觉不爽~"	感觉不是正品，味道和以前用的沙宣不一样，很糟糕的一次购物，绝对的差评
"餐厅的服务员态度不友好,免费提供的早餐有的在早上八点就没有供应了(蒸鸡蛋和炒米粉),小妹与服务员交涉两次未果,早餐供应时间是到上午九点结束的.希望该酒店应对早餐供应有所改善.对客房服务员要进行培训,当客人房门门锁上挂了""请勿打扰""的字样,希望不要再擅自进入客房,这是对客人的尊重."	我买了两箱怎么只收到一箱啊。快递员的电话是多少啊	彩韵688属拍照手机，但拍照及不清晰，还不如不带拍照；手机开机后反映很慢；内屏虽属彩屏，但彩色及清晰度都不好。	垃圾，穿了3次就起毛球。地摊货
快递速度和服务态度好的真是没话说了，很开心这次购物，以后还会再买再买的?，打开就可以闻到苹果香味了?，苹果正常大小，刚好一次吃一个的样子。	仙美苹果烟台红富士12个装 新鲜价格美丽	效果远远没有宣传的那么好，头发依旧很干	正不正品不知道，反正不好，洗了还会头痒。
好用，已是购买的第三台了。	作者的观点独特，语言犀利，深刻的总结了男人与女人之间的是非恩怨，把男人与女人在生活中积累的宿怨一语道破---原来非本质问题，而是双方本能。此书不足之处乃后面章节雷同，越看越有寡味之感，但是还是要感谢作者带我们游览一次男人、女人的本能世界！呵呵，建议读者可以看一看，有则改之，无则加勉！！	洗发水绝对是假的，头发洗过后就像淋了雨一样，很不舒服	今天收到，就拆开吃了一个，谁知马上就中奖——烂苹果一枚！上次买的*也是，连续买了两次，都是这样，RP差，以后暂时不会考虑在这买apple了
"很多时候,当失去时,才知道当初的懵懵懂懂多么可恨、可耻。可是，已经失去了，你不得不眼睁睁地看着心爱的人，远远地看着，没有任何办法。有多少无奈啊这个人生。你多少次都做梦回到从前有了从新选择的机会，可只是梦，只是梦。梦醒之后，拿着电话却不知给谁拨，更确切的，不知道能给谁说。你无话可说，只有保持沉默。甚至做一个越来越厚的壳，让谁也无法透视出壳里的心。谁都以为你无法捉摸。你却纵酒高歌。"	"这个作家的书真的很一般,除非和她有交叉的经历,否则很难找到感觉.细腻是日本人的长处,但很平凡,并不动人."	有一个烂了，这批次的不新鲜！有无的赔？？？	7.21早上九点下单购买，7.23下午两点才送到！火龙果已烂！
每次去都是住这家酒店， 决定环境很棒， 服务也非常到位， 性价比不错， 而且经常会有意外惊喜的upgrade!	外观很漂亮，比较轻，，这样的价格能买到这种性能和配置的本本，已经很不错了	自己买了个，帮别代买2个，反应快，就是大了点，偶有视频播放不出的情况，但耐摔。	质量还好，主要看洗了会不会变形。
感觉相当不错，比较快，稳定，无卡顿。	平板漂亮好看高档主要是使用起来流畅反应快不卡！	什么4星级酒店，30年前的四星级酒店，老旧不堪，被携程网的服务员忽悠了！	好想哭，刚买完，第二天就降价*元，太恶心了吧，京东，我都快郁闷死了
"在保定,应该说是最好的酒店了,那里的餐厅给酒店加分不少."	我买的949元当天下午三点到的，可是我在登上京东的时候手机就便宜了50元！说让我申请价保申请了说1-3天到账可是等了4天都没到账不知道搞什么。	商品是假的…京东真是垃圾到家了	姥姥的，烂死了了，差评
面料不错，颜色正，我非常满意	无论从软件还是硬件该酒店都达不到四星标准。电视机无名品牌色彩很差，电视节目没有任何国际卫星电视节目。如何带外宾入住。标间618元。哈尔滨随便都能找到比它好的。最无法容忍的是我公司两个部门共六个人入住共六间标间，都是通过携程订房，2月5日晚是五个人，另一个部门的三个人是四百多元，而我们部门的两个人是618元。这样的差价叫我们如何提交给同一个外国老板签字报销。我只能理解为黑店斩人，斩到一个是一个。哈尔滨宾馆林立，我是绝对不会再次去金谷挨斩了。希望其它客人要小心，货比三家，并要核对不同的时段，切防挨斩。	差距太大，都是又小又生的，一点也不好吃，别说7.5cm就连5cm几乎都没有	绝对的假货，和以前用的不一样，因为以前实体买的还在用，这个用完头太涩，明显假的，京东重视！
牛仔裤版型很好看，老公穿了非常合适，物流也快，这么便宜买到合适的裤子真的不错	烟台的苹果味道真心不错，皮薄酥脆，大小合适！下次还买！	第—次在京东买水果，很满意，比外面新鲜，送来还冰冰的，打开一看个头均匀一样大，孩子喜欢吃！会再来！谢谢快递小哥还发信息提醒生鲜商品要及时处理！	本人是第一次去襄樊，记得那天到襄樊已经是10月3号凌晨三点多，我通过携程定的是10月3号的房，酒店不知道我这么早就到，当晚没有房间了，前台服务人员很热情，通过请示值班经理，后来将值班经理休息的房间腾出来给我住，也是一个大床间，房间很大。并且到4号凌晨退房，也没多收房价。房间里还有免费水果并且晚上回来床上还会放一朵玫瑰花，显得非常温馨。下次去襄樊我还会住那儿，因为性价比高，酒店能处处为客人着想。
六一买给宝贝的儿童节礼物，这可是宝贝的第一件电子产品，玩的倍开心。我的手机就是华为的，信赖他家的产品。	不怎么好，美团都进不去，定不了位	噪音大A面有点太轻飘，塑料感太强。打着HP的牌子做的却不像大品牌做出来的东西。个人推荐宏基，此机配置虽高但与价格不符，不值。本人推荐不要光追求大品牌。华硕和宏基就比HP强---起码在做工和声燥方面。	买了才几天，就降价了，还不肯退钱，还找各种理由。垃圾，劝大家还是不要购买
苹果不是很大，但已经ok了。口感还不错，挺脆的，甜度也ok	蒙牛，我早已从失望到绝望…这个行业怎样安慰我们受伤的心？	网络信号太差劲了，经常没有网络上网，卡得要死，还不如我的三星呢	60MM的果子，冒充80MM果子，京东的领导层就不动脑子想想，，12个80MM的果子，正常情况下，净重是不可能低于3KG，正常情况在3--4KG，京东自营以总重量2.6KG去冒充，不知道是领导欺员工，还是员工忽悠领导，总之消费者不是傻子，，，，，2箱果子里，只有一个是80MM的果子，投诉了也没有用，，伤心，又一次受伤，
不太像真的 跟超市买的洗完不一样	很肤浅，论述特别像小学生范文，还是那种很模范的议论文，总分总，中间几个例子。有种上当的感觉，不喜欢。	对于京东现在越来越失望，东西品质越来越差，从去年开始我订的数码产品全部要售后！！这个华为平板更是可笑，用了不到10天又卡，触屏不灵，闪退，黑屏！！别的也不想多说，希望大家谨慎购买！！	平板真的很差劲，新平板关机充电都这么慢，半个小时才充电%4，估计是次品机器，建议大家不要买，谁买谁倒霉，退货都退不了，我实名评价
沙宣的洗发露味道比较清香!质量很好！	好东西大家分享呀！儿子很少把自己的爱书拿出来让他的小朋友一起分享的，但是这次他会把神奇贴纸放在床上，和几个好朋友一起做贴纸游戏。海边呀、精灵王国呀，都是孩子梦幻的地方，和小朋友玩的不亦乐乎，孩子自己都觉得这样玩贴纸比自己玩的更开心啦！	衣服质量不错，穿上很舒服， 老公很喜欢	还不错，就是品相不是很好，味道还可以。
虽然酒店的房间一般，略微有点潮，有待改进，但是服务很贴心。性价比不错。优质的服务让人非常满意。满足需求，想人所想。赞！	也就那样吧。没看出来有多么多么好，一般般。	我头发是属于非常枯燥的哪种，习惯性的每天洗头发，用了很多次才评价，第一次用过这么奇葩的洗发水，这洗发水泡沫倒是很多，但是洗过头吹干之后和没洗没区别，甚至比洗之前还油，看着都恶心	一颗心都不想给，并不便宜，主要是苹果是粉的，而且还很小，这个价格希望你们不要在这家买
很棒，已经使用了很长时间，没有任何问题，家里人很喜欢！	苹果非常不错，已经第二次买了。大小合适，口感脆，不错的。	还行吧，希望裤头的细节处能处理得再好点………	刚买不到一周，现在报价已经降了300。我是5799买的 。挺恶心人的 。
"刚拿到书的时候,感觉一般,因为它的外表是那么朴实;刚翻开前两页的时候,感觉是那么平常,因为何老先生用的语言是平淡而又显得“古朴”，让人感觉本书可读可不读的。等到从第三页开始，我便觉得放不下此书了，这是一本让我如此着迷的书，每天看完一部分，在吃晚饭时都会讲给先生和儿子听，全家人都喜欢。我尤其喜欢何先生讲他在西南联大读书时的经历和感受，让我受益匪浅。好书，自然有好的口碑！"	比水果店里买的贵多了，还有就是有烂的地方	服务态度太差，去哪网让我在酒店大厅等了一个小时，酒店太老超级垃圾，几百套客房就一个人服务	一点也不满意，本来是挺相信京东的，产品才一天时间用着老是卡死机，找售后服务又没人理，估计我以后再也不会在京东买东西了，处理售后太麻烦了
而且，这不是读后就扔掉的书，每次看，都会有一种全新的感受。尤其是每一个故事的后面都附有一个简单的评论，孩子读的话会理解的更好。唯一的缺陷是书中有的故事我们以前也在别的杂志上看过，当然，这绝对的暇不遮玉。	"非常一般的体现,质量一般般"	除了位置，其他无一满意，不值！	此酒店简直就是糟糕！环境很老久，离市区还有点远！住在里面的是大量的旅行社的团队，乱糟糟的。上网的话价格贵的吓死你！对于携程优先推介此酒店非常不满，绝对是给的返点比较多。不如住火车站对面的如家快捷商务酒店，上网还免费！不知道携程怎么搞的！自己的合资酒店不推介，搞个这个破酒店。
离机场很近，房间里的床很大，里面还有一面镜子	"#股市-汇市-期市-行情#中国人的记忆力太差了,想伊利蒙牛双汇这种企业就应该让他倒闭,现在的所有白酒股也一样,一文不值"	"商务生涯20年来国内最差的一次体验.前台席姓接待斜着眼说话就当是低价酒店的服务也罢.当整夜的飞机轰鸣加上半夜12点还有整批延误旅客的入住的喧闹和争吵让人更本无法入睡.恶劣的是下水道还有回臭,关了卫生间也挡不住.后悔没住其它经济连锁.永不再住!"	穿了一段时间2件衣服后背都不同程度出现微小孔洞，和客服联系，超过7天就和他们无关了。他们是做一次性的生意的，请慎买。
（1）外观时尚，键盘独特，色彩亮丽。 （2）性价比高。 （3）功能齐全。 （4）散热效果非常不错。	酒店的地理位置尚可，顺着情侣路很容易找到。定的是三人房，典型的２房１厅，房间偏小，厅不错。设施一般，只是电视频道非常多。HBO、BBC、成人电影台都有应该说３人房的价格还是比较有优势的	拍了一件这款班尼路/Baleno夏男装 纯棉圆领短袖t恤男 小清新韩版潮流纯色体恤 56G深墨绿 XL的，以前购买过这品牌的体恤衫，感觉还不错哦！	垃圾平板
当当网给我发错书了，收快递的时候没有打开看，我哭	穿着很不舒服，色差也大！已经没穿了！	6.18下的单，其它几件水果都收到了。两件车厘子19号物流显示已到家附近站点，6天过去今天24号，仍没收到货。打了好多电话，一直没结果。太生气了	很差，店面差，设施差，服务差，只是离地铁近点，最多就是如家档次还取个名字让人一不小心看成中南海酒店
一直想给妈妈买个可打手机小平板，首选华为荣耀，对比一下，还是买了这款，最后一部我买到了，妈妈用的很开心！	这本书故事情节不是很强。人物简单，说不上有什么波折。亦舒新经典中，已经很少有《喜宝》，《我的前半生》那样一波三折，一唱三叹的故事了。不过，主人公在主持信箱过程中，表现出来的思想，与处理问题的态度，还有很有意思的。不用学不必学，因为有些未免极端。作为书架上一堆亦舒的小说中的一本，这本的确是为了买而买的，谈不上喜欢，也谈不上不喜欢。等下次有心情翻起，不知道是何年何月了。	烂了，无语，装箱的时候不知道看的吗	不愉快的购物，买完，几天后，突然发现屏幕有坏点，建议买这手机的人看好屏幕里面，而且售后不赔钱，退换货的话我的隐私全在里面，能放心吗，而且退换货，我就没的用了，你们也不管，行啊，那我只能差评，无数的差评给你们，
第一次购买生鲜产品，价格实惠，京东配送物流给力，包装完好！买了好几种水果，五六个包装箱，没有一个碰坏或者变质的！特别是京东的快递师傅会等着客户当面检查完才走，态度好！有耐心！真心点赞！非常满意京东的服务！五星好评！	第二次购买了，感觉很不错，物流也很快。	虽然是女士的，可是男女都可以用，没什么本质区别	700的房间不值，太老了．房间小，后悔选这家了
跟描述的一样，水果很新鲜，京东自营的产品质量都有保证，送货又快	短袖收到了，质量不错，材质柔软，舒服。	商品本身没什么问题，不过京东商城的配送服务要提高质量了，原本用EMS的，商城疏忽给我改成快递了。好在交易结束后退还了邮费。	很好 出了问题一个个的推卸责任。自己的问题让买家承担中途费用，费用且不说在这买就是图个方便快捷，现在倒好。我想问下现在京东是不是想店大欺客？？？嗯？？？连个耳机都没有 我真是呵呵这京东了
香梨和苹果一起送到的，香梨看似正宗香梨，很甜超甜。	啦啦啦啦啦啦啦啦啦啦啦啦啦啦啦啦啦	蒙牛伊利都不要脸！越来越不要脸！抵制！坚决抵制！！！	一起买两条不同的裤子，回来发现货号一样样子一样价格不一样。坑
不对称的键盘设计让人惊叹，阿尔卡特OT 557将3组功能键设计成了竖行的3列，而不像756那样设计成3行横列，而这样就成就了围绕五向导行键的不对称分布。很有时尚的风格，现在的手机玩的就是心动与个性，阿尔卡特OT557就将两者有机结合了起来。	和楼下的朋友感触差不多，这个酒店的硬件和服务都一般，住15层豪华单人间，电视不清楚，床硬，被子薄，空调温度不够，晚上睡的不舒服，冷。卫生间设施还比较不错，装修不久的缘故吧。经当地人的推荐，我下次来这个城市会选择，新开的赵王或者开发区的皇冠，也向大家推荐。	没有想象的那么好，产品布料质量不好	好丑，以后不能在京东买东西了。
挺好的 父亲节送给老爸用的	还好很美观，安装费太贵花了190元。	"感觉环境,服务方面还不够位,房间里面的洗浴设施有点发黄,需要改善!!"	"对书中内容的科学性有些怀疑,而且书中写的一些穴位等也不是很容易找准,所以个人认为实用性差."
最终没能忍住就买了。首先，比较好看，系统也很流畅，指纹识别真的是快，比我cool1 dual快多多了，基本上是碰到即解锁。音质也是非常好，音量也够。续航方面，不玩游戏的话应该挺好的，没发现有什么硬件问题。	没之前再上面买的潘婷好用，不说顺滑，用了护发素也是不够柔顺	不是不喜欢，而是故事内容的展开太乱，给人一种纷杂的感觉。由于我的个人文学修养还没达到一定程度，所以我的个人评价是：一般！	包装被打开，而且东西还少了两样，差评差评，感觉被骗了，气死我了！！！
华为反应快，不比mini差，值了！！！	一次性买了好多囤货，价格划算，服务到位物流快捷虽然是618，但是在京东各个领导的带领下，货物还是得准确到达，感谢京东的支持，以后还是会继续支持继续购买，相信京东会给我们带来更多的惊喜，谢谢再见。	华为值得信赖物超所值给儿子买的儿子高兴坏了	今天我用吸马桶的棒子买了一个我喜欢吃的蒙牛大果粒。。。好有乐趣啊。。。吸着它走了。。。
裤子质量不错，版型很好看，值得继续支持，非常好	物流很快，包装完好，配送及时。快递员送货上门。苹果都是完好的，没有烂的。但是吃起来有点面，不怎么脆。	为什么我订购了此书却没有发货给我???	苹果口感很差，烟台苹果要这口感还要名声不，京东不要自甘堕落。
收到货了，晚上下的单，第二天中午就到了，活动很划算，比超市便宜，用了在追评	该酒店地理位置不错，离浦东机场不远，主要是周围环境还不错，而且干净，酒店服务就更没得说了，非常到位！	稍微有点小卡，给老人用，包装真是一个差劲，扔地上估计都没人要	"觉得不太好,搞不懂为什么那么畅销."
很喜欢很合适，尺码非常准，非常满意，物超所值。比外面专卖店卖的便宜了好多。细节设计也非常棒。总体来说，是一次很愉快的购物。	蒙牛喝多了。	作为plus会员，我对此一生黑，都烂掉了。，**	刚买就降价，差的还不少，不想多说，差评
机器性能很好，散热也很不错，平板很好，够用，值得推荐	划算，还没用不知道效果如何，买来囤货。包装有点磕碜，快递寄过来就是红色盒子，没有额外包装。保质期挺久，都是到2020年。	不错 朋友很喜欢	不知道是我头发不适合还是怎么的，洗了第二天头发又是湿哒哒的，非常不舒服。个人用起来不满意
衣服很不错大小合适，手感很好值得购买，穿着很贴身也很暖和做工精细，跟店里买200多的差不多颜色也很正，喜欢的朋友可以放心购买购买	在湛江应该算是比较好的酒店了，在霞山和赤坎中间开发区内。服务生的态度，大堂的环境都还不错，就是酒店外面的停车乱一点，应该好好管理一下。	给妈妈买的，刚买回来几天电池坏了，通话经常听不到声音	我订了4件货，就只收到了1件货，没有任何解释，打电话过去询问，就一句话，没货，网页没有及时更新。如果想买，再重新下单。哈，真服了当当了，从订货到收到那一件货，足足半个月的时间，网页都不更新，不知是什么速度。这是我第一次在当当买东西，估计也是最后一次。
质感面料都不错，卖家态度不错，面料不错	质量很好，也好看	一夜没睡！！！飞机飞不停，这种设置还要叫4星，我也是醉了。只有洗头膏沐浴露，很差劲的那种，下了地铁只能打车过去，唯一好的就是有机场大巴。	背后有片油污，洗了不知能否洗掉，差
虽然不是最新款平板，但是性能还是杠杠的，很好用0，便宜，性价比高	不错，不错，挺甜的，不过话又说回来，苹果不是很大，苹果肉有点紧，需要用力咬，哈哈，下次想吃苹果时再来买！	超实惠、是正品和我之前在沃尔玛买的一样、快递小哥也很好、早上没有联系到我、下午专门送货上门	流量卡都用不了，累
宝贝已经收到，质量很好，很满意！很正点的。卖家的服务很细致、体贴，发货也很快，总之是可以让人信赖的好店家。还有快递也很给力！好评，下次还来	非常好，特别好，老公穿起来帅帅的，赞....质量真心不错	机器工艺、设计很好，虽然是12寸宽屏，依然很轻薄，ThinkPad的风范依旧。	刚用两天，外观不错，手感也好；缺点是系统太占内存，竟然用了8G；分辨率略低，不过也够用；色素低了。总的说不错的平板。不知道耐不耐用。
给老公买的，老公特别满意！穿着样式也好看，老公说我特别有眼光，嘿嘿	从五年前开始用清扬，那时是去超市买的，750毫升52块，到了前面突然就涨价了，82一瓶，于是就从那时开始买京东自营的清扬，一直在买，一直在用，像这么热的天我洗澡也是用清扬洗发水洗澡，那感觉真爽！好评无限！！！	平板不错！一直都在用华为系列的产品。	屏幕显示效果不好！很不清楚！拍出的照片效果差！机子比较重，165G，而且宽大，很不方便带！机子反应速度慢，存照片的时候慢；菜单切换得也不是很流畅！
质量非常的好！纯棉的，颜色也很棒。	24块6个和23块12个的区别。这个比较实惠，经济实用型，追求口感和美观的话不适合。	环境一般，卫生间不够合理，服务总台的服务待提高;距离浦东机场较远。	说实话，这裤子做工还有材料都很差劲，首先做工有一些零碎小线头没剪干净，然后就看到后面口袋那里有一个破洞，翻开一看，里面有一大堆线头。再说说材料，布料摸上去是发硬的感觉，并不是那种柔软带弹力的手感。穿在身上不是太舒服。
S800造型是典型滑盖手机造型，外型细部都显得非常顺滑。按键部分布局非常的清晰，按键手感很好，在配合蓝色背景灯光设计，朴实简洁。屏幕区按键区的外部造型非常相似，在手机滑盖关闭的状态下两个部分浑然一体，紧密结合。	苹果虽然个头小，但是非常的好吃，汁水丰富，颜色正常，包装也好看，京东的快递小伙人很好，把东西帮我搬到电梯口了！	多次购买，很难相信有这幺小的，太迷你了	房间太过老旧 设施也表较差 建议翻新 客房服务差
衣服质量很不错，穿起来舒服，好看，大方。。大小也合身。。	东西是给父母买的，本人没看到实物，只好叫他们用微信大发了几张图过来，听他们说东西用的还不错，一如既往的好评！	房间很小，设备很旧，感觉不到家的温馨，环境一般．	感觉是假货，洗头发没啥感觉，没有以前用的欧莱雅的有感觉，连一点姜的味道都没有，ps头发很油
质量很好 材质很好的 穿上很舒服 大小码合适 做工细致 与卖家描述一致！	快用完了，是正品，配合护发素用头发洗完香香的，很柔顺，用完还会回购的。	环境比较糟糕	酒店最大的特色就是房间大。问题在于，我在前台明明刷了两天的预授权，但是服务员却只给我做了一天的房卡，我每个月都会至少住一次太平洋，每次至少3天，每次只做一天房卡的事情发生也不止一次了！！而且楼层电话是坏的，没办法打到前台区，每次都害得我跑到大堂去重做房卡，这样的服务是在是让人气愤！！
1.外观小巧，靓丽。机器应该是珠光白，有光的时候会略有珠光的反射。 2.机器配置对与女孩子来说足够了，考了部720p，4g左右的电影文件，播放流畅没有延迟问题。 3.无限网卡的信号很稳定，满意	蒙牛地沟奶的黄曲霉菌毒素超标很多！，容易致癌我宿舍还三瓶1L的 良心企业	洗完后头皮屑很多，头皮很痒！唉！	垃圾衣服，大家别上当
好多年以前买过这个牌子的衣服，感觉质量不错，所以这次买几件试试，穿上还是比较舒服的，价格比较实惠，版型也非常适合。不错。	样?不错..朋友陪我去自提货的.一看到机?朋友说颜色漂亮.但我自己是觉得外壳有点土土的.但是里面有点渐变的感觉很不错.键盘手感很好呢!	总体感觉还可以，就是觉得性价比不是很高！如果价格可以再低点就不错了。	这款平板屏幕有严重拖影现象！！！咨询华为客服叫升级系统可解决，可是系统升级显示最新你叫我咋升级？而且华为客服说这款平板全部都有这种现象！！！后进购买者注意！！！拖影目前没有解决办法！！！一星都不想给！京东强制最低一星！！！这次是购买华为最差体验第二次！第一次是麦芒4！浏览器滑动页面卡屏！最后说明，不是黑这款平板！！！
第一次在京东超市买水果果然没让我失望，好吃又甜又碎	还不错 物流一直比较给力	质量还好，毕竟这个价。物流也很快	苹果点都不好吃 小还不甜 像没熟
挺好的，我用这个牌子的洗发水，沙宣	手机带电不行，一天都不到，不知道是不是翻新的	目前打开都坏了了一半了，之前买的挺好这次买两箱，目前已经坏了两，本来坏一个忍了，这直接从外表坏了，我信任的京东啊，咋回事	这个我连一个?都不想给，买了6个，其中有一个还是坏的，很酸，水分少，还苦。买了多年京东的商品，这次买生鲜很失败，以后都不会买了
裤子非常好，有弹性，尺码和平常穿的一样不大不小，最最重要的是不褪色，非常好	"我是7月30号买的这款机子,原本没想买这个牌子的,最后对自己说:支持国货.毕竟是中国人嘛,怎么能崇洋媚外呢!可结果呢?不到两个月,就跑了两次维修中心,郁闷啊!一次是导航键进入拍照后,反应就特慢,可能这也不算什么大问题吧!毕竟花了那么多钱买的,也很是喜欢,所以稍稍有点问题就去问问是怎么回事也情有可原吧!可第二次是真的出现问题了,机子不能待机充电了,当我拿到维修中心,好不容易轮到我,也好不容易等到最后却没能拿到机子,人家说主机板有问题,得等几天,我一问,居然说得7到20天.修机子事小,可心情很遭,想着当初没买这款机子的话,就不会这样了,唉!也许是自己倒霉吧.看看夏新机子的评论也不是很遭嘛!最近的坏心情有所好转.一句话,国货也不是很差!只希望这次修好了,以后不要再往维修中心跑了."	这次苹果的质量很差，有几个都变色了，怪不得今天又突然降价啦	有史以来最坑的一次购物，感觉被坑了，各种坑啊，穿了一天就扔了，不想多说什么，不知道你们昧着良心给好评是啥意思，我是真的无语了，地摊货都不如，感觉不会再网购了，店家打电话给我我也不改评论，一直以来都是信赖jd，以后不会再来了，悲了个剧的店家，如果有零分我绝对毫不犹豫给零分
用拜，做工都还不错，一次买3件。	本书读大学时曾经买过一本，盖因仰慕东坡人品之豁达坦荡，诗文之汪洋恣肆。十年光阴，一晃而过。前段时间忽然怀念起老家书橱里的东坡传，于是又购一本，半送老公半为己。较之以前那本，我实在想说这个版本设计太花哨，纸张太差，排版太密，尤其是，翻译太不明白晓畅。是为对文豪和作者的不敬。无论如何，有内容和作者的见解在，究竟还是瑕不掩瑜。这是苏东坡自身的魅力。	清晰度比较差，送的东西都用不着，没有站在顾客角度考虑问题。	"给本酒店差评.遭遇如下:1.入住时被告知没有预订的'园林景观房',理由牵强,说是携程的订单不清楚.无奈,准备接受.2.进房间发现一个房间在一层,很小,没窗户;同事的房间在另外一座楼,没宽带.提出调换,前台语调柔和,态度强硬:只能按'酒店价格'加钱. 想和领班领导'商量',不可能;同行的男同事急了,声音提高了两个音程,前台才打过电话,竟然当面断章歪曲事实,称'有两名顾客,非要换房型,还不加钱.'..我们顿时气得无语! 持续近40分钟的争执终于引来了一位'管理人员',听我们说明前因后果后,给我们按原价换了'酒店自己的园林景观标准间'(不明白通过携程订的难道不是酒店自己的房间?...)3.进入新房间,发现这才是所谓的'园林景观标间', 还不错.可是...到了晚上,发现宽带不能用,据说系统刚装,还需调试,另外一条电话上网线(ISDN?)和我们公司的网络设置有冲突,网管人员倒很好,帮忙调试了一个多小时,又拿来电脑测试, 已经快半夜12点了才终于成功..4.早晨起来,贵而不实的早餐让我们对酒店的不满更添一层.是有始以来,因为酒店而感觉最郁闷的一次出差."
速度快，质量好！	美的美好专卖店美的美好专卖店	房间有味道，服务实在不敢恭维，预订的房间给卖掉，好在给免费升级，还算不错。就是实在可气的是退房后我忘在酒店了衣服，在前台办理手续的时候不予提醒归还，行李存放了将近三个小时后依然没有归还，直到我离开哈尔滨后回到父母家里两天后整理行李的时候才发现，电话过去才说有看到衣服，这样的服务实在是太差，衣服给我寄回来还要我支付快递费用。	第一次买的很好用，这是第二次购买涨价了不说，垃圾的要死。洗了头屑超的头又痒。感觉是水货。
屏幕大确实感觉不错。看片打游戏的感觉很爽。散热也还可以，开了一整天也不是很热。散热声音不大。去中关村鼎好，海龙等看了看，这里价格比他们还便宜一点儿。	幸亏周末提货了，买完广州就断货？酒红色外观很不错。fashion。	让我怎能不喜欢？超赞的价格，值得一入，好评！	东西还可以。很正
拍照时总会延时3-5秒.其他操作也有些不便!	隔音实在太差，隔壁房间人睡觉打呼的声音你都能听见，就象在你耳边一样，一个晚上都没睡好，晕～实在差强人意，下次不会再住了！	以前我从不在网上买洗发水，但听说京东卖的都是正品，所以看到活动价，比较划算，就买了。但老公用它洗了之后，待干了后，我吓了一跳，头发从未有的枯黄干燥，以前老公的头发都是乌黑发亮的，还不敢确定是洗发水的问题，我过了几天也用它洗了，干了后，叫老公和婆婆来看我的头发，老公直摇头，婆婆说好黄好黄（注：我没有染发），跟刚染烫了一样，说没有以前的头发好，后来又用了几次，都是这样，我现在已经不敢用了。    敢问：京东自营，难道卖的是假货？？	真心不好吃，这样做生意 纯是砸京东招牌！京东啊 你长点心吧，卖这破烂货 掉价啊！
"系统要自己装，没有时间自己弄，在外面花了30块钱装了一个xp,毕竟不太熟悉vista的使用。"	同为30万像素摄像头，CCD的本应好于CMOS的西门子CX65，但拍出的照片效果没差别！内置的铃声不能删！不支持免费资源丰富的JAVA功能！下载BREW的多数收费！打开图片时，画面不流畅	"酒店除了地理位置靠近火车站(50米)以外,没有任何可圈可点之处了,房间还算干净,但是设备和面积都不是很符合性价比, 卫生间的马桶还有时堵塞; 房费里包含的自助早餐更是差, 还没到早餐结束时间,所有的盘子就都空了, 只剩下咸菜和牛奶了...下次不会再住了."	还有烂的，联系客服叫我找售后，服了
给妈妈买的礼物 很不错 妈妈很喜欢	女朋友收到，果子都烂了差评，也就几十块钱而已，下次不买了	3个烂了俩，吃了一个全扔了 再也不买了	谁买谁后悔 生气 这就是自营？ 太让我失望了 这能吃？ *
这苹果挺好吃的，口感不错，水分也很好，没有发现坏的，都挺好，快递也很给力，拿到水果时候都感觉水果冰凉凉的	称了一下一箱苹果的净重是2.1公斤，这点跟宣传的2.8公斤相差太大。苹果水份足，但是不是很甜。包装很好没有磕碰的，但是有些苹果的卖相不好。	刚买就掉价。。实在不想多说什么了。东西其实挺好的。就是价格经不起跳水。	连接无线平板会卡，质量太差
性价比不用说了，4455买的，配置也比较正常些，工作娱乐看电影玩些弱3D游戏都OK。键盘是个亮点，击键幅度小，没什么声音，打字手感不错。不过那键盘容易进灰，所以建议宏友们都去买个键盘膜，现在已经有4736G专用的。	希望京东给个说法。说是3G系统？16G内存存储？总共才10GB存储，有图有真相。希望京东补充我损失。（内存卡）而且显示屏非常迷糊 暗	本来我对华为的印象缓蛮好的，毕竟是国产的大品牌，可是，太让我失望了，机器质量太差了，只用了两个月，机器就不行，出现了质量问题，服务也不怎么样，我想换一台，他们生硬的跟我说，不行，这就是我有好感的品牌，太让我失望了	京东买东西说好7天退货，15天换货，都是狗屁...买了个碎屏幕平板，因为送人的，趁活动优惠提前几天买了，拆开碎屏，客服说这不是它们责任...什么狗屁客服，叫我们自己华为网点修，不修就再买一个了，听了都想打人！算了，京东这种服务，900当打水漂，捐给京东这种无良企业！望后面买这种产品的人注意，简直*斗机！这种三无产品，无发票无保障无服务。差评！极差评
"外观漂亮,白色键盘抢眼,功能键设置合理;键盘材质好,触感扎实;触摸板做了凸点处理,手感也不错,同时具备简便的触摸缩放功能,比较实用;P7450是酷睿2目前最好的低功耗处理器,512MB显卡玩游戏很好很强大,同时显卡在这个档次也是比较高端的了;试用了一下,在日常使用的条件下,电池充满电在平衡设定时可用4小时;加上电池也不重,兼顾了性能和重量."	额，我这都吃完了才想起来评价，还不错，个头有点小，不过挺脆甜的	叫萌仔~名字M打头……叫“蒙牛”最好了……转发微博	第一次买的还不错，所以买第二次，结果送过来的像社区超市挑战打折的，太让人失望了，还不好吃，涩。。
包装很好没有损坏，一拿回来就用了，感觉棒棒的，和实体店没有差	我参加了蒙牛#中秋月团圆，点滴秀幸福#活动，快来秀出你的点滴幸福，百部平板电脑等你来拿呦！ http:t.cn/zlQzW9I	质量非常号，有线头，估计会掉色	这书不是很喜欢，我女儿5岁了，这书我认为不适合中国的儿童，其中有一本，完全就是学英语的单词书，如果要教孩子必须要求家长有标准的发音，这对外国孩子来说也就是一本2岁以内的识物书，没意义，如果要学英语，同类的专业教材要好的多，而且有很多情节和中国国情不同，孩子不好理解。
这是一部非常贴近现实的官场小说，就像书后常智奇先生说的那样，顶着子夜的寒流，撕破黎明前的黑暗，塑造了一群在历史的剧变中形形色色的人物，凡人都由七情六欲，不知道人之初性本善，还是性本恶，难道在人的骨子里都有潜藏的野性么？也许有吧，可是人也应该有遏制野性冲动的理性，难道人性的思想，精神，情操就固守补了诱惑麽，，，，这本书让我对人性有了重新的审视，，，让我若有所思，亦有所慨，，，	感觉买到了假货，洗这个很容易长头皮屑！！！	苹果买回来严重缺水，干的很直接丢垃圾桶，就是垃圾一堆	同一款两个大小，一条根本穿不上去，还不给换，够坑，谁买谁知道，品质不是一般的差。。。。一星都太多，想给零分的
宝贝收到了，质量很好，比想象中的的还满意，整体感觉物超所值，掌柜的服务态度还是挺好的，没什么好挑剔的，给五星好评，赞一个！	平板挺好看，速度也很快，小朋友很喜欢。	满意。就是颜色我没有选对，有点小遗憾。	太差，又小又涩，第一次差评，真的不推荐购买
家里的洗发水同时都有好几种，沙宣从来没断过，一直都有，好产品无需多说，有活动就屯货！	很好，没有色差，穿着很帅气，儿子很喜欢。	1、X500机身方正，外观设计精致、线条简约、流畅十分符合现代人审美观念。而85×47×22.5mm小巧、灵动的体积也着实扩展了X500的消费层面。2、在整体做工方面表现不错，制作精美，机身各个接缝处理紧密，滑顺的滑轴自然、顺滑。3、65536色的彩色屏幕显示效果较之“X移动”系列其它手机产品而言有所提升。色彩过度自然、显示内容清晰，文字锐利。4、X500内置30万像素摄像头，具有较为强大的拍摄辅助功能，不仅支持景物拍摄功能，同时具有无声动态影像拍摄，4倍数码变焦、五种趣味相框以及多种拍摄效果增强了拍摄的趣味性。5、手机具有JAVA功能，一定程度上增强了游戏的可扩展性。	以汽车为主的绘图形式，不适合中国的女孩子亲子阅读。我孩子就新鲜一会儿，再也不愿看了！
酒店的环境住宿和温泉都很好，服务更没得说的，很体贴！自助餐品种很多，也很新鲜！我下次还是会去的！宾馆反馈 2008年5月29日 ： 谢谢您的惠顾，我们将会继续努力，提供更完善的服务！	还行吧。看电影还行的	"万豪的酒店硬件设施应该是相当不错的,只是因为春节入住的缘由吧,显得异常冷清,几乎看不到其他客人.大多数配套设施也歇业了,除了健身中心.健身中心的女清洁工居然对客人问及拖鞋和浴巾在哪里置若罔闻,回答说你自己找.找不到.害得我女儿光着脚丫,只穿了游泳衣穿过长长的过道进入泳池,除了冷,还有不雅.太过分了."	太让人失望了说好的有弹性，，却是一点弹性都没有，简直就是骗人，欺骗顾客
酒店房间邻湖，南湖美景一览无余，我订的大床间，房间很别致，价钱便宜。送餐很及时，西餐匹萨做的不错，服务很到位，送餐的不能作电梯，就跑上来，很敬业！宽带很快，电脑桌在窗边，可一边上网一边欣赏美景。	本本很好，屏幕比ipad mini只小一点点，触屏反应无障碍，和iphone、ipad没区别。看剧非常爽！	没有看到使用截止日期，说好的赠品也没有，还有待进一步使用。	一.没市场上的新鲜 二.不甜 三.贵到*
买了很多水果，新鲜又实惠！比超市还便宜，满减活动很划算的！	自动窗帘，窗纱，遥控开关台，是太子酒店独特的地方。演艺馆很有特色，专业的歌舞杂技演员给人留下非常深刻的印象。早餐也非常丰富，不过不够精致，有点大锅饭的感觉。另外，园景房的窗外景色也非常不错，有超大的泳池，园林，还有儿童乐园，我朋友还曾经跑去园子里摘过荔枝~	买了一个月声音就坏了，差评！	33实际上30太小，裤边上有十公分白线，做工差。差评
买了看监控的，很好，满分	还好，稍微有点卡，给家里老人买的。够用，价格合理，耐用，我家人手机平板都选华为。支持国产！	不送包，感觉美中不足，不过多花几十块买的联想的原装包还是蛮不错的！还有就是包装到手时封条有点问题，快递说是提的时候掉了，我看联想的原包装封条帖的也不是很好，而且到现在还没什么问题~~~~~~~	我一个月前订了这本书，可说是缺货，至今都没有收到，也没有留言告诉我什么时候才能发货，还是要退货，对你们的服务不是很满意！！！找半天没有找到提问的地方，就写在这里了，往尽快处理！！！
很好，不错，值得推荐，值得信赖，值得拥有，值得购买，赞赞	酒店前台效率比较低，我们在CHECK-IN的时候，有另外一个老外在CHECK-OUT，那两个前台前前后后忙活了好久，几乎就没把我们当人！相当气愤！在办理入住的时候，她们竟然连句抱歉都没有！！房间呢，还是不错的。我们是圣诞节入住的，才700块一晚，觉得很值，呵呵，这个价钱平时可是想都没法想的哦~	第一次收到这么暴力的快递	去年买了一箱，感觉蛮好，故今年准备苹果多在京东买了，结果很失望！苹果不像当年的，好像是隔年的，干巴巴的，还有好多烂点。
衣服质量不错，款式时尚，穿起来很合身，和定做的一样，卖家发货很快，我很满意！	硬软件都相当好，房间环境优雅，服务温馨体贴，早餐也很丰盛。只可惜门口的道路成了单行线，有点不便。但性价比绝对高，下次去沈阳，我仍会坚定不移地选择这家酒店入住！！	是我到目前为止住过服务最差的五星级酒店，气温下降空调没热风，冻得直打哆嗦。按摩小姐无孔不入不管男士客人是否与老婆同行，即使在电梯里也疯狂的推销要不要按摩。妈妈桑更是夸张竟在我们房间门口问我先生要不要按摩她是妈妈桑可以安排最漂亮的小姐。 有问题找值班经理，值班经理根本不予理会。不知道这个酒店是怎么评价成五星级的。	内容空洞，讲得道理都是平常人都知道的。不值得买，没事可以到书店翻翻，不必浪费这个钱。
屏幕很眩，铃声立体感超强，游戏也很好玩。	"好评!真实惠，平时也挺喜欢用清扬的，这次可真的可以用好久了牌子也不错的，拿到快递沉沉的，分量很足好大一箱价格也划算！是正宗的。包装结实，外面还有一层泡沫包装。最重要是比超市便宜呀，下次还来这里购买。这次是很愉快的购物！跟图片上的一模一样,期待店家多做活动."	还不错哦，下次来你可要优惠哦^_^	慎重购买吧，腰正好了，腿紧得要命，什么玩意
小巧，电池强劲。720P的电影都能正常观看。不玩大型3D游戏的话。日常应用足够了。送货速度很快。	帮朋友买的，看着还不错	裤子质量很好，就是颜色有点深在浅点就更满意了:快递员很快，快递员态度非常好给满分	房子还凑合，但是硬件不行，不象4星酒店，服务还可以
这款还可以，比较实惠	还是有点贵，要是白色和黑色一个价格就好了~~~~最好再送膜啦，键鼠啥的，那样会更开心点~~~~	觉得里面的图画有点杂乱，孩子不是很感兴趣！	满心欢喜想看这本书的，想不到当当哪个家伙竟给我送了两本完全搭不到边的书来！！在当当买了这么久东西，这事还是头一次遇到。气死我了！！
1.铃声效果很好； 2.屏幕显示效果出色； 3.通话质量不错，声音清晰； 4.游戏可玩性高；	收到了，质量不错，物流快，满意	华为的产品买了售后服务有人管！很到位！京东自营产品更过硬！买得放心，用得安l心！	1、做工精致； 2、开机运行时间差不多4个小时，基本够用了。不过要注意头几次充电要充分，以激活电池； 3、其他的就是优派自己介绍的机器卖点了，另外送的电脑桌确实轻便，就是小了一点点。
发热量不大，键盘手感不错，笔记本的客服很专业，外观很漂亮，至少比市面上的价格低300-600元左右	该酒店的环境真的很不错，贵宾楼的房间挺舒服，宾馆的服务也挺好的，坐车好像不是很困难，要出租车时打个电话给服务台，很快就叫到车了．下次到黄石还想住这个酒店！	我订的是430元的房间，宽敞舒服，也没有一般酒店的气味，环境很不错。还有迎宾果篮，2盒酸奶+2包炭烧咖啡+1包薯片，如果能换成饼干，可能作为第二天的早餐更实用些。洗手间的配置也比较齐全，干净。我最喜欢的是床垫不是太软，结实，睡得很舒服。唯一不足的，就是床单有些脏，看上去还是血迹，虽然不是太大的痕迹，但第二天早上发现时，心理还是有些不太舒服。希望布草房的同事还要努力了！宾馆反馈 2008年6月23日 ： 首先谢谢您能选择本酒店入住并能给我们的服务予以肯定.我们将针对您提出的宝贵意见进行改进.期待在您的下次光临之时能为您提供更优质的服务.点?	毕业到现在，用京东8年多了，钻石会员好几年了。突然对京东很失望，我发现很多满减都是先涨价再满减。另一个网商也一个德行！我傻乎乎的为了凑满减而消费，最后发现，比不涨价的满减前的还多花几块钱。失望透顶！！！
原来一直用丝蕴，这次同事推荐用的，洗完后头发很柔顺，很好很好很好	散热一如既往的不好，同方的机子就是这样，不过还是建议支持一下国货 另外，建议京东别送CD包了，送个散热器吧，没有几块钱的	一个字差 和照片上完全不一样	超级迷你袖珍火龙果，还坏了一个，白对你们这么信任了，以次充好！！！大家千万别买，品质不如超市里！
一个字，好。流畅，颜色啊，声音啊都不错，大爱华为啊	很好(?▽?)，京东商城购物就是便捷	比上次买的ideapad s10重不少。有点厚，不过都是为了电池，欲与熊掌不可兼得	袁文诗Vincy:回复 真的好负责您好，感谢您对蒙牛的支持哟，我们将会继续努力。
卖家服务态度好，发货速度快，质量不错 ，很满意	收到货品，密封状态很好，日期也新鲜，是次日到达的，快递直接送上门。关键价格也便宜，尤其是搞活动时，真心忍不住手去买买买，当囤货啦！	LINUX的系统，装XP不好装，外接电视有死机现象，可能是我不会弄。另外配置有很多种，安装系统的时候不知道选哪种驱动……	已经不买蒙牛好几个月了，坚持到丫倒闭
618大促销时候买的，真的很划算，量大有没有，东西也是正品哦。	老公一直都是用的清扬，但这次的感觉没有之前买的好，不知道是什么原因，还是相信京东的	坐早班飞机方便，其实不行	由于是早上7点15的飞机所以在订酒店之前打过两次电话得到的答案是早上5点有第一班班车开往浦东机场。抵达酒店后再次询问得到的也是5点就有班车，结果在第二天早上说最早的班车是5点30才有而且酒店里打不到出租车，最后在正午顶着烈日带着两个小朋友跟一堆行李换酒店！PS 酒店服务员态度好差！
裤子收到了 确实是很不错 材质和裤型都很时尚也显瘦 喜欢的朋友可以下手了 物美价廉	非常棒，已经买了大半年了，每次都很满意，家里都爱吃！	"2017-01-15 14:59:28订单号：48543319839 荣耀 V8 4GB+32GB 铂光金 移动联通4G手机 双卡双待双通    收到货打开包裹 当时就惊呆了 ，屏幕居然是碎的（当时第一反应：暴力快递真是坑，因为里面包装盒是开的）    但马上深思：荣耀V8就这个质量吗？给京东打电话 投诉，售后，一直不处理，就是各种刁难，就是脱    骗人死全家，上图为证,这种残次品大家还买吗？？"	第一次给差评 拍的时候说带壳子带钢化膜 收到货的时候说没有 那卖得时候可以说没有啊 一起买套餐就好了 这骗来骗去有意思吗 五一送麻麻 难道五二五三再送个膜 再送个壳？？？？？？？？客服不要说我这儿看不见信息 我想问看不到信息 那还要客服干嘛 有没有货你那都说不清 那还用客服干嘛 我自己看页面介绍就好了啊
物流挺快，晚上下单，第二天早上10点多就到了，开机用了2天，反应较快，续航给力，看书观影都挺好，比较满意	做工不错，大小合适，穿在身上很舒适！	最难受的时候，一定就是喝了蒙牛之后。	这个宾馆太差了，厕所感觉不消毒，而且房间里面任何吃的东西都没有，连水都没有，电视而且都不清楚，门还不用，马桶的水要等半个小时在按才可以下去，如果不是车坏了别的酒店都满了，我是实在不想选这个酒店，宾馆服务人员态度不好，这
包装完好，配送快，甜脆可口。非常好。	非常好，之前买了一部N8的手机，现在又买了M3，华为确实没让人失望过，赞。	下次再也不会买了，差差差好小好小，还摔烂了一点	自量差的很，而且物流超级慢，查看物流查看不到，信息更新慢吧…一次无语的购物
小怪兽为了满足自己的口腹之欲，吃掉了所有的黑暗，这让所有的动物所有的人都变得混乱，而小怪物并没有因此得到满足，却变得更孤寂。直到他付出了爱，虽然又变小，但是，包括他在内的所有人和动物都变得满足安详。几米的画很美，故事的内容更蕴含深意。儿子三岁，刚刚接触已经很喜欢这本书，而且对黑暗的恐惧减弱了，相信这本书，到他成人了来看，还能给他更多的感触。	东西不错，质量也挺好，有机会再次购买	店大欺客，物流慢，遇事推诿扯皮	买了一个月，总是自动关机，和商家沟通，找各种借口，华为太不靠谱了，卡成啥样我也就不说了，以后再也不买华为了
不错。交通十分方便，房间较宽敞，特别是卫生间，中心房没窗户，但并没有明显的不通气的感觉。我住的那天有许多貌似中东来的客人，不知平时是否也是这样。	酒店大堂很大，显的很气派，服务也不错，我们是半夜将近12点到的，前台服务人员仍然很热情，速度也很快，房间设施很好，我们的窗下就是酒店的餐厅，服务员仍然提示晚上要关好窗，不知为何，难道真的那么不安全吗，我们听从了劝告....	酒店员工的外语水平需要加强，和外宾交流不畅，其他的服务还是不错的！	非正品沙宣，不好用，洗完一天头发就很油。差评
洗发水很好用，价格不贵，实惠，值得购买。要是有几种效果混装就更好啦。京东的物流，没得说，就是快。	虽说是特价房，也太坑爹了，这是上海的酒店？睡都不敢睡被窝里，睡的被子上的。	都要烂的4个火龙果还卖40多元！！！开始说2kg.现在给4个！！！以后大家别买了！！！烂水果	假的，洗完头特别痒、而且头皮屑特多，一把拉头刷刷的掉头皮屑、（先说一下我是2天洗一次头）、以前一直在京东买沙宣洗发水、没想到这次买了假货
裤子质量不错穿着很舒服 样子也好看 性价比超高 真是物美价廉啊！！！	朋友推荐的，还拍了视频给我秀了一番，到货一看，确实蛮不错的，价格也划算	还没有用哪，也不知道好用吗？	东西收到了 非常不满意 掉色而且还很薄 裤子后面还有折
好，第一次买水果，送到家还有点冰冰凉，果子都很好没有破损	送快递，昨天应该到的，今天才到，到了有地址不给送到，不给打电话，自己点了收货了。放到别的地方，我要不打电话，估计这辈子都收不到	一颗星都不想给，实物和照片出入很大啊，水果一点都不新鲜， 表面都有霉斑。主要的是切开过后味道一点都不甜。谁买谁上当	纯误导性消费，12月11日显示参加双12活动，买机器送皮套，12日送到，包了个包裹，以为皮套在里面！拆开后没有，问客服，说没有活动！13号又来这一出，又买机器送皮套！差评，严重差评，一星给快递师傅，大冷天的，辛苦！
大小刚好，一次吃一个，味道也挺不错，京东的服务真的没得说，超级棒！	一开始对CPU没报太大的希望，但是后来装上XP之后发现还是能满足一般需求的，看看片子、处理处理文档都没有问题，游戏就不知道能不能适应了。 外观很不错，键盘还算舒服，不算太小 硬盘很大，很实惠，比起同档次160G的主流配置算是性价比凸显了	这条裤子会使你腿看起来更加修长、整个人都比较活跃、年轻，裤子是给男票买的，他超级喜欢	喝过伊利还是蒙牛的有理牛奶，就是香蕉味的 宾格瑞香蕉味儿牛奶，老好喝了@未央暖
大小不一，没有磕碰的，这个比较满意，明天尝尝看。	这个产品还是挺好的，你值得拥有。	号偏大，买大了穿不了	很一般的书，女儿不是很喜欢，看介绍买的，以为应该不错的，但是拿来一看，故事不是很有趣，卡通的形象也一般，比较呆板，女儿似乎只有刚买来时候有些热情，翻开一看就没有热情了。可能是文化不同导致的吧，国外畅销的，呵呵。相比较而言，女儿还是非常喜欢嘟嘟熊系列的书。有一个问题必须提一下，比较让人反感。作为儿童读物，尤其是幼儿读物，请出版社能不能控制一下油墨的质量，比较这书的价格很高了，哪怕是在儿童读物里，但是油墨的味道还是这么呛人，味道太大了，我看都觉得熏眼，孩子那里会愿意拿啊！我放在客厅里1个星期味道才基本可以拿来看不呛人了。用这种油墨印幼儿读物有些太什么了吧？
和我想像的大小有差矩，期待效果	蒙牛丢人了…	东西还没有去拿，只是超级不满意，买了3次退了两次，还不知道什么原因退的，问客服还没回复，还说是自营店，凡事不过3，终于成功一次，真想投诉，??	质量太差，设计偷工减料严重。 我1月15日拿到电脑，到6月18日，5个月的时间。维修了4次，硬盘坏了3块。
外形简约稳重；做工不错，用料扎实，被我不慎摔过N次了，还进过水，照样很“健康”，按键也很有手感；待机时间一般情况下也有三四天左右，在彩屏手机里算不错了。	中煤大厦在同价位的酒店中，个人感觉性价比还可以。只是我住的房间临街，晚上比较吵。	吹风筒是坏的，打客房服务 过了很久一个阿姨才来，敲门粗鲁讲话大声直接冲进来。。。。。。。。	实在是不喜欢，绝对的没看头，浪费我的精力，看了一般就放弃了。有空还是看看旅行手册也好
活动买的，算起来价格还是合适的，日常用品，都差不多	每个东西见样来一个，都不错，孩子喜欢，放心，方便，懒得去超市买，但是这个苹果好像没那没好吃	"全都坏了，三个没一个好的。,真是无语"	夏天真的不能在网上买水果，才一天时间，买了六个烂了三个，个头又小还酸，这是我吃过最难吃的红心火龙果了，剥掉皮的果子比鸡蛋大不了多少
不错，性价比高，反应灵敏，音质好，赞	7月份住了2天。是我住过最好的4星级宾馆之一。交通非常方便，离榆次老城非常近，走路5分钟可到达。房间里面还提供杂志和旅游指南。地毯很厚，而且非常干净。住的很开心。下次绝对还会选择这家酒店。物有所值。	宝贝穿起来舒服，客服好，价格实惠，满意的一次购物，值得推荐！	住的是闽西宾馆新的六号楼~~新楼的装修、房间设施都很好~我开的是标间，房间够大，床也非常舒服，室内的灯光很柔和，窗外的夜景也不错，室内设施比较全，能上网，网速不错（网线可以找服务员要，不过长度只适合在办公桌上用，如果想在床上上网，建议大家带自己的网线）~比较喜欢它的浴室，通常一些宾馆不是淋浴房（太小），就是浴缸（总觉得脏），它的较简单但是感觉舒服，设施配备也比较齐全~~六号楼的早餐不错，是牛奶和糕点之类的~那的自助餐不错，最喜欢三文鱼和生蚝，冰淇淋也很好吃，还可以向厨师点东西~~
苹果好吃！12个都好，没有坏的。进囗的橙子很甜又不酸！也是12个完好！不像个别国产的:未成熟就摘。	蒙牛这新包装挺好看的，被它吸引	好东西要分享 特别好 非常满意 京东购物 好快省。又一次满意了购物	没系统 对菜鸟来讲是种折磨 还不送XP驱动 官网上的声卡驱动不对  找了会才找到对的
强势点一波赞！系统是熟悉的EMUI5.0，应该是5.0，就最新的那个。因为用的华为手机所以操作习惯并没什么区别，一如既往的流畅好用！屏幕清晰！夏天了，室温30+℃发热也不高！电池给力，满电能用两天！就是充电不是太快，可能因为不是typec。躺着玩pad不如躺着玩手机，这个pad有点重，躺着玩累！还有外放音效！给力给力给力！比什么皮皮虾iPad强太多/斜眼笑。APP实测，主流应用和非主流应用都很顺畅。游戏实测，阴阳师是不卡顿的别的没玩。	裤子老公已穿了一周，是比较满意的。因为长短哪啊！宽窄都比较合适，与实物相符，这次拍的宝贝，顶，顶，顶。这个照片，可是洗过的啊！	其他的都还好 快递小哥服务太差 你东西放我家店里不就行了 我爸妈都还在店里呢 我刚好在上卫生间 一直在那儿哇哇叫我名 接起电话都能听到他在那儿哇哇 好笨的快递员	合下来*一斤了，苹果却很小，无光泽，外观也不好看，反正不是红的，难看死了。很不值这个价，超市里*的也比这个好太多吧，两个字，差劲！！！！
个头不大，脆脆的，带点酸味，总体上口感还好	有停车场，房间干净、安静，各方面还算不错只是价格在肇庆来说还是偏高了些。上次我们在肇庆皇潮搞个活动，房间设施各方面比星湖大酒店最起码高一个级别只需260元。	打字的时候，键盘左半边有明显下陷；屏幕两边有漏光；等货的时间有点长，第六天才能自提。	蒙牛你太无耻！
上个周末去无锡，看了诸位网友的推荐，住的友谊，总体感觉不错。总体情况基本上前面的网友们都说到了，酒店的周边环境一般，当然和风景区不能比，也不能算嘈杂，一般的市区非繁华地段大抵如此。好在酒店弯在里面，所以基本上没什么影响。酒店边上有可的便利，稍远一点有乐购，交通也很方便。房间床比较硬，卫生间比较小，电脑病毒比较厉害，不过总体来说瑕不掩瑜。我们住的2号楼商务房，房间大而且干净，卫生间也很干净。酒店的服务态度非常好，check-in和check-out的速度也很快，特别值得一提的是中餐厅的菜很不错，至少很对我们的胃口，听边上的一位当地人说这边的无锡菜很地道。是一家性价比很高的酒店。	房间很干净，条件比较好，上网速度很快，早餐很丰盛，但在徐州这个位置，价格偏高，要是在200以内就好了。	褪色厉害，下次不买了。	质量太差了，洗一次就起球了！
真的非常不错，太高兴了，既然有如此划算的一次购物，最最成功的一次购物，用手扣了几下，裤子还不褪色，穿上非常好看，还富有弹性，质量还不错	质量不错 屏幕清晰 系统流畅 赞	还行吧，用一段时间再评论	手机性价比超低，我觉得声音非常小，问问怎么弄，说是老年人耳朵不好使啊！要求发票，现在都糊弄，华为已经不如之前了！最喜欢糊弄老年人，以为老人智商低，这样的商家注定走不了长远的！无壳子，无屏保，三无产品，怎么弄，糊弄!
好好好好好好好好好好好好好好好好好好好好好好好	给阿妈用，希望是真货，屈仔卖几贵下	感觉是假的，因为我用了现在头好痒，买到假货了	一开就漏洗发油了，太差劲了，想退货
还可以，下次还会来。	奸商啊奸商！这就是蒙牛冰+？？ #Camera360照片分享#	服务态度差，房间在环线边上，噪音非常大	质量真心差！特别薄，线条和线缝之间只要稍微一动感觉就要裂开了，蹲一下起来，裤子全部邹巴巴，更别说洗一次根本就是变形，好垃圾的裤子，还敢卖这么贵，*都不值！！！特别要说的是：客服态度不是很友善！总体感受就是花钱受罪！
这个从外地寄过来的哦，物流很快的，今天买最最晚明天就到了，苹果真的很好吃，下次继续买京东水果，很满意	宝贝收到了还是蛮喜欢的送给宝宝的礼物爱不释手	商品已经收到，还没有使用，看外观和超市里面一样的，日期也比较新鲜。	外包完好，送货速度快 但是没有给我发票-.
"包装的很精致，打开包装一点气味也没有，质量很好，款式好看，颜色和图片上一样，大小正合适，穿着很舒服，感谢店家服务也好，满意"""	住来住去还是最想念豪门。尤其是他们对待常客的优惠态度，check-in的时候不用押预售权，不用证件，就可以办妥。时间快得很。	苹果居然少了一个！！！这能给解决吗？到底是哪个环节出了错啊？	真垃圾，中国还有这样的洗头膏，这是瞎眼了，第一天晚上洗完，第二天早上头皮屑都一头了，真是的，别买!
机子小巧玲珑还可以	房间有异味	一般般……不会再买了！	这次的火龙果，一颗星都不想给，给一颗都是给快递员的，果子又小味道还差，还不如超市几块钱一斤的红肉火龙果
新鲜，清甜爽脆，连皮一齐吃亦无问题，非常满意。	商品包装完好，发货速度快，去屑效果好。服务态度好。	评论之前已经写过了。看看大家的留言，好书真是不用作广告啊！今天专门补打分“5星”。	苹果烂了一个，本想退了，嫌麻烦就算了。而且这个苹果太小了，味道不好。感觉很失败的购物，太差了。京东现在除了快，就什么都不是了。
物流很快，质量很好，已经买了5件了，很喜欢	手机效果不错，华为的品质真心不错	太小了，根本不值这个价钱，还没我手大。坑	苹果缺点：个头太小，像是筛过的，全都是小个，也难怪，24个平均下来不足200克一个，不可能大；形状有一半不规则，更像是筛过的，和宣传的差异太大，下次绝不会再买。
"酒店还是不错的,房间挺大的,床很舒服,服务人员的态度很不错的,有问必答的,周围交通很方便,离码头很近的,而且门口就有去大三八和妈祖庙的公交,不错"	一个字爽，可惜就是没有配套的皮套卖	买本新书刚打开包装袋就看到破损，感觉挺不舒服的	黑色的裤子，洗几次就掉色了，差评
平板很好，屏幕很大，也清晰。看电视眼睛一点都不累！	房间一般，进去有点味道，环境和服务还是不错的。	效果不好，总是掉头发，怀疑是假货，极度郁闷中！京东越来越让我失望了...	号黑了，京东还不承认。为了不浪费免邮券，只好买点*用券再加支付减免反正我不会赔。不会再买plus会员了，巨坑！京东商品价格波动巨大，一瓶李锦记 味极鲜 特级酱油黄豆酿造 *
"偶认为手机最重要的作用是通讯，因此拥有较长的电池待机时间、良好的通话能力是鉴别一部优秀手机的前提。K618电池巡航能力强,电池经过三次完全冲放之后（座冲），现在可以做到薄电70小时以上，厚电120小时以上的待机时间（平均每天3个电话，5条短信，连线30分钟）。信号稳定，通话失真率低，通讯质量让人满意。"	太吵了！受不了！隔音设施不好！	心好几个发黑的。潘石译太差了！	货收到好久了才来评价，说实在的一点都不好，刚收到的时候是青的没味道，等过了一段时间青的还是没味道，发黄的是甜了但是中间都烂了，下次不会再买了
这已经不是第一次了，上次套装还有一瓶没用完呢，很实恵真心喜欢，我买了两个套装，棒棒滴	衣服还不错，穿着也舒服，就是气味重了点	质量不是很好，不值这个价位，差得很，	垃圾京东，白条不能价格保护，流氓条款！
非常喜欢这套书，两本，包括《闲情偶寄》和《漫话》。放在枕头边上，随手就拿过来翻一翻。不仅仅是内容，看着的时候就感觉像自己也生活在其中一样。每看一次都会发现有不同的小细节，比如阿乔被扣在了大罐子里，我是看到第三次才发现的，笑了好久。我家先生和我说，下次不许再买漫画书了，有机会一定拉着他下水，好好看一看，再出这种漫画他不肯我也是要习的。	看起来和摸起来不错，就是不知道耐不耐用，物流很快！	两个字：差评	差评！发票没我随货一起寄，耽误时间！
不错的衣服。白色T恤嘛，随时可穿，价格也非常合适。满意	裤子挺好看，质量也不错，老公搭配衣服挺好看也很喜欢穿	裤子手感不错，现在穿很合适！活动也不错！	垃圾得要死！褪色，掉扣子，散线，布料比踩脚布还差！
受益，受益匪浅我以买了一本，朋友看了又叫我替他也买几本送人	通过携程预定了一间政要套房。入住当天（7月23日）我们一家四口加个保姆共五人，在十点半左右就到达了酒店门口。虽然说我们预定的套房还没打扫干净但很快的又给我们安排了另一套，服务非常好。从大堂到房间需要乘坐电瓶车，虽然进出要坐电瓶车，但只要拨打0号叫车，车子很快就到了还是挺方便的。有车的能自己开车，走路到大堂其实也不远，但夏天太热了还是坐车好。房间很干净不大但也不算太小，两房两厅一卫还有厨房。对我们5口人来说也正好。中午就迫不及待的跳到酒店的室内泳池里游泳。感觉水有点凉了但还是在里边泡了将近两小时才起来。回到房里果盘已送到了。在这里要吃海鲜很方便，酒店对面有海鲜大排档。到了晚上这里好热闹哦。早上的自助餐只给了两位，所以还得给保姆买一份88元，两个小孩（5岁和2岁）共58元。早餐88元一位感觉有点贵了，食物有待改进。希望下一次来会更好！总体来说对于选择了上海豪生棕榈滩大酒店我是很满意，下次再来还会入住这家酒店。	有折衣服的方法，挺不错的但是，我觉得编辑似乎忽略一个群体，大学生。老实说，我用那些方法叠衣服是把衣柜整理得很整齐，但是，厨房啦地板这种，还与我无关，我还是想知道，怎么洗衣服才算最干净的，那些本本的线怎么拾掇才能整齐，手提包的东西应该怎么放才不乱，书桌应该怎么整理。现在大学生的书桌和衣柜基本都是这样了，所以读者应该还是挺多的	*的，买来通话就有回音。。。哎没来的及退货。。。坑人啊
起初见到这本书是在学校的图书馆，没来的及借上。回来在当当上查，竟然有，而且还是四五折。书的印刷质量绝对不容置疑。最让人陶醉的不仅仅是介绍的100幅世界名画，还有细腻动人的描写，编者的文字绝对可以与这些经典的画相媲美。插图后传神的介绍使那些离我们已久远理解起来已生疏的画面的每个微小细节都显得那么熟悉和意味深长了。它应当是你要读的100本书中的一本，它有资本会受到每个热爱艺术人的肯定。	我们是幸运的一代人，见证了国美，苏宁的兴衰，joyo，当当的崛起，京东的反击。见证史玉柱的起落奇迹，看到了马云，淘宝，阿里的神作，看到了蒙牛牛根生的崛起，也见证了光明，伊利的开拓，珠江的固封，蓝月亮的创新，超级女生，中国好声音的创意，flacebook，twitter的崛起，人要敢梦想，敢追寻	呵呵。也就*！跟雨衣的布料一模一样。卖128真他么黑	假货！对京东实在无语了?，买了两次尿不湿是假的，都退了。这次买的洗发水又是假的！洗发液稀，洗完头第二天头皮就痒痒！！看来以后不能再在京东买东西了！还是京东自营产品！
第二次买套餐了，这次没有送的小瓶装的护发素，东西挺好的	给朋友买的，肉疼，肉疼	"房间小,风格老.特别是服务糟糕.我是3月初住的,当时房间空调吹冷风,跟服务员反映三次都没任何效果,管他们要被子也没有,差点把我冻感冒.本来是订的三天,结果第二天一起床就""落荒而逃"",去了五华.性价比太差.相比下五华好得多,同样的价格房子大了一半不止,而且风格很家庭化,特别是我住的是拐角处的房间,大弧度的落地玻璃将芙蓉路与河西景点应收眼底."	在当当买书无数，唯此书最垃圾，样样数百页，有用者不过三两页，愤怒之情无法用语言来表达
很不错的一家酒店在三亚湾那里，价位很低，服务也不错。	很好，质量不错，店家态度挺好	还不错，一直信赖京东，以后还会继续支持，送货什么的都挺好的，快递员也挺尽心的。	衣服挺好的这个价位还算不错的
第三次购买了，在京东购买自营商品，满意，赞！	这质量不好，直接想退货了，	"酒店前台小女孩子服务太次, 态度很差.好象没干过这行. 建议经理好好管理管理.酒店位置好, 别的就没有什么可以赞扬的了."	数据线拿到就是坏的，充不起电。客服也不换，给了一星，已经很给面子了
裤子不错，摸着面料舒服，五星好评	走进生态园路口环境比较不错，但往里走有工地在建设，通过了解是由于为了2010年休博会的建造，相信在不久的以后这是一个旅游度假比较不错的地方。酒店房间较宽敞，比较适合居家旅行住宿。酒店服务员服务态度较好，服务很有耐心，本人较感动。本人愿意给朋友介绍此酒店。	包装像是被拆开过，机器目前没问题，懒得折腾，相信京东售后，有问题再说，先赞	苹果很差，自营有几个牌子这种价位的，这个第二差
完美屏，很帮的音质，我没有换系统只作了些优化速度很快的。等P9400正版芯片便宜了就去换一块。从测评来看这款配置和高配比起来性能其实在普通使用上差距不大，性价比超强。如果自已换高配的CPU的话要比直接买的话要便宜一千多块了。	"房间以及环境都不错，用房卡到四楼的五指生足部保健还可以打折。就是退房时速度有点慢！免费注册 网站导航 宾馆索引 服务说明 关于携程 诚聘英才 代理合作 广告业务 联系我们Copyright? 1999-2008, ctrip.com. all rights reserved."	订了三本书，却只给我送来两本！！！缺了这一本！！真的不明白！！明明定单上是成功下单的，但却送少了一本！！无奈！！！需要改善系统！！谢谢！！	垃圾，什么鸟东西
物流很快，裤子不错，是我喜欢的款式，颜色和图片也没有色差。而且这个价格买一条这样的裤子也很划算。质量不错，摸起来也很舒服。	作者对于某些电影“表面粗糙”、“内里光滑”的分析，可谓入木三分，为理解那些貌似触及现实而又让人觉得哪里不对劲的影片提供了一个清醒的视角。这个角度在导演来说也许是讳莫如深的，也许是不自觉的。而不管是回避还是无意识，这种对于现状的屈服都是有害于艺术真诚的，或者他们所做本来就与艺术无关。	我没有想过还会买蒙牛，可我控制不住，太狠了…	一分都不想给，连个快递都不会送，第二次送到家，要是别人不告诉我几别人百块钱就白花了，
毛巾质量很不错的，用了美妆券，价格很美丽，还想再入！	不值得这个价装修很一般酒店外是烧烤一条街早餐非常简陋，没啥吃的。下次决不选择它。连申请延迟退房都不肯	这是最垃圾的一次网购，火龙果小的跟橘子一样，客服也不搭理人	大家看看这就是自营水果，不要被蒙**了，绝不是水军，冲着京东生鲜来的，结果还不如不于马路边上2块一斤的水果，，真是坑了爹了，想爆粗口了都，最后一次逛京东了，评论完，立删App ！！！！！大家不要上当受**了
"大床房房间很好,住的很舒服;卫浴设备比较新不错,达到了三星标准;早餐不算太丰富,最好的就是很安静.周遍是最繁华的解放路和鼓楼等,方便出行.房间的宽带极?"	"日本人真的是超多,老酒店房间布局还可以，就是地毯怪味太多,房间空气不太好，窗户不好打开。服务还行，交通方便，去火车站、快轨、景点都很方便，就是在火车站旁边环境比较乱。房间价格稍贵，基本上还比较有竞争力。"	去死吧，垃圾食品企业一徐福记、蒙牛、双汇	"本来一直对京东电子方面,比较认可的,这是最差的一次.我前前后后加起来,不知道有没有用到一个月,就不能充电了,不能用了,很无语,本来一直支持过货,没想到华为太让我失望了.最后也不想麻烦,也没有时间去跟商家闹腾,直接扔了.总之评价差,差,差"
因平时都是先看点评，后决定订酒店。开元的口碑不错（徐州的同学也赞赏有加），所以就定了。房间的问题有：1，蚂蚁的问题我也碰到了，但我想：一来，此酒店依山傍水，我们白天出去时，很多时候是把阳台门开着透气(不仅仅住一天)。那么，可能，蚂蚁是这样被我们“请”进来的——当然，请进来容易，请出去难哪！二来，在其他宾馆也遇到过（连在埃及的五星级酒店也见过此小东西），好在它的活动场所仅在卫生间，见怪不怪了！2，淋浴房做得不太好，洗澡时水会漏出来。不该啊！不该！唯一的瑕疵！值得一提的是该店的服务质量真的很好!在我住过的无数国内酒店中，仅次于桂林漓江大酒店！我定了面湖房，但到时，总台的服务生查下来告知面湖房的角度不好，问我要不要重新考虑。尽管后来，重选了面山房。但人性化的服务让人很舒服！这次旅程还有让我觉得美中不足的是：携程的价格并没有让我觉得很实惠，因为在徐州的朋友可以拿到更低价（598--518），当时都可以退订，但想想诚信原则，就算了。但心里还是有点不舒服啦！	为啥重装XP系统就一定要关闭sata呢？现在没了番茄花园这些组织，装个系统都超麻烦。这个模都是在键盘中间会有凸出，之前买的hp540也一样，敲到中间的感觉不爽，三个usb太接近了。	没有变质是因为防腐剂多吧？牛尿是不是也有啊？？还有，你们肿么确定的消费者的名单？赔偿多少啊？是两箱没有过期的蒙牛么？？别太扯，小心你们蛋疼！	京东现在做大了，变得太差，从物品到包装到物流，没有一个是满意的。一个平板连个原装耳机都不带，你设置耳机孔干嘛呢？包装简直看的我醉了，商品都快露出来了，物流小哥更好，教训人起来了，这就是你们的服务？
甘肃啊，老婆很喜欢，味道很赞。	手机到货很快，外观很漂亮，就是屏幕点大平时拿着有点儿费劲。	酒店离徽杭高速出口很近，很容易找到的，离黄山市中心也不远的	产品很棒，只是没有保价。一买完就降价。
裤已经收到了，很不错，很柔软，已经试穿了一下，大小刚刚好，颜色也很正。	质量不错，款式很喜欢，发货快，包装很好	收到水果已经冻了，还有冰，化了切开后冻的地方是坏的，两个都切去了一半，省了两个半拉，还特别酸，最差的一次网购水果。	假货，牌子都是贴上去的，对京东失去信心了，就是这么欺骗消费者的，一百多买俩假洗发水用，洗完头皮还痒，味道特别恶心人，售后特别不负责任，你说是正品，当我没用过正品沙宣吗？你们这种掩耳盗铃，不负责任的态度居然还能干售后，干客服，以后坚决不会再买京东自营的东西了，**，真的一颗星都不想给，祝京东这卖假货的网站早日倒闭破产，不要再欺骗消费者，不要让假货横行，不要让人们对网购失去信任，你们也就干这一锤子，买了两次假货，谁还会买第三次，京东你们这样透支消费者信任，是在砸自己招牌，断自己后路，抵制京东自营，抵制假货！
京东一如既往地好！支持！囤货中！	宝贝刚刚收到还没用，物流挺快的乡村小路都亲自送到手里服务杠杠的	我继续购买我青睐的产品，棒棒的，希望京东做的更好，价格更佳	国庆期间订了副楼套房，差得不止一点点，家俱破旧，电视机小得不得了，想象不出的简陋
京东自营水果，果然有保障，而且也很重视额，好的。看得见的新鲜，忘不了的美味。品味鲜香水果，让美味犒劳自己。健康水果的世界，世界的健康水果。品质水果，源自大自然的馈赠。绿色好水果，果真很出色优质的水果，为健康时尚代言。品质果肉，美味领鲜。美味水果，果然新鲜美味品领“鲜”享受	早就想买的，家里原来一直用燃气的，以为网上买不方便，结果比在实体店买还方便。快递送货到家然后我立马打了美的的电话申请安装，过了一天就来装了，很快就用上了，真不错。就是不知道一年一次的内胆保养美的公司提供服务不？对于我来说，可以是有偿的，这样用着就放心了。	"容易进灰.严重质量问题.10月7号买的用到第十天也就是昨天,突然开不了机也充不了电,刚送去检测.到时我一定要求退货."	洗发水肯定是假的，每次洗完后，头就特痒！各位别买！！！
性价比不错，功能全面，而且没有亮点哦~~~~哇哈哈~~~~~~ 服务也很到位，1天就到了，不错，很方便，省的我到处乱跑被忽悠~~~~~	henhao henhao高清大瓶，音质立体感，完爆其它品牌，因为区区百十元的差异，可以的	上星期刚住过，地理位置方面。夜市近在一分钟之步程。北部湾广场亦只需行5-10分钟。但早餐有待改善！所谓自助早餐，一共只有10来款之食物。其中一天因有数团旅行团入住，食物更出现不足够之情形。	总体卖相还不错，还没吃，结果打开发现有一个烂的！这是第一次在京东买水果，买到烂的！有一点小失望！
加在购物车里的，看到降价了赶紧买了一组，很划算。昨天晚上下单，今天早上就派送到家了，由于家里的门铃有问题，快递小哥就发信息提示把东西放在楼下小超市了，京东的服务态度很好，有需要回购，好评！	把喜宝的评论写在了这里。我的前半生，看完后，心理很暖。女人真的需要靠自己，只有自己才有安全感。一向我对婚姻都保持着理智态度，但遇到了对自己好的人，就觉得会这样一辈子的被宠爱下去。其实哪有这样好的人。总有一天，你变得不再新鲜。	挺好用，不错不错	不甜很酸不好吃 一星给京东快递服务
酸酸甜甜便宜又好吃以后常来，好新鲜卖家态度也很好，快递员性格很好服务也好，姓赵的那个快递小哥谢谢啦	给老妈买的，用着不错～	好不好，也就哪样，跟华为一千多手机一个样，就屏幕大点。。	只有快倒闭的商家才会用快倒闭的申通，双十一当天的订单，26号才收到货，中间联系商家四五次都是几个小时才自动回应一句。说实话，京东第三方真不是个东西，打1星都多，祝早死早脱生
赞一个吧，这个季节的苹果还很好吃。	总体挺好，不过里边有个别是坏的	个太小，而且不是脆甜的！口感较酸！	"就是我买了以后不知道安装瑞星杀毒软件,没有ID号,把哪个包装盒扔了,就难道不能安装ID号了吗?激活不了ID号了?请教高手?"
宝贝质量很不错哦，卖家态度也很好，会回购的，支持！！！	质量一般，不知道是不是正品	就那样吧 坏了一个 还是自己去水果摊买的划算	味道太大了，不敢穿，一分钱一分货，不是B类，贴牌的
《生命的教导》上册是一个人类工作者开悟的成长历程。他把赚钱更多的是当成一种社会生存的工具。一次偶然的机会，我经历了生命的蜕变，瞥见了自己的完美，虽然我现在依然徘徊在需要被需要的层面，但那动人的生命之源让我无法停止再次见到它的渴求。当我看到了瑞哈夏对内在存在执着的探险，我为此感动。那也会成为我的路。我也想成为那样的一名咨商。在这之前，我先要成为自己。	鄙视蒙牛！再也不买蒙牛任何产品！！！！ 人渣！ 转发微博	跟地摊货一样，质量太差了。	无窗房空气流通极差，房内留有极度严重烟味。房内空气流通设备无效果，室外温度15度，房内高达29度，空调都没用，绝对的黑名单
裤子穿着很舒服而且显得腿长。洗了一下也没什么褪**况，真的是五星好评！！！物流快卖家服务态度也好评	感觉真的好合算，还没有用，用了再评价。	"物流很给力，穿着很舒服，也很好看。布料也相当不错，特别是客服,热情好客，服务态度一流"	不错 质量和好 之前买大了 换货很快
好像早饭没有以前好了，品种也少了，居然没有煎蛋。星级酒店里很少碰见。房间有异味。打扫不够彻底。	产品很不错，唯一不满的是保修条款第八条：背贴被撕去，或背贴模糊不清的，不在保修之列。我估计没有几个人不撕背贴的，华为是在变相逃避保修责任吗？	客服太差劲了，维修弄了半个月也审核不通过。建议嫌麻烦人不要买，机子才用半个月主机就坏了，不能开机也不能充电。	买六瓶发三瓶 京东售后处我提交多次申请查订单 没 回复 实在愤恨 差评
裤子质量杠杠滴！舒适度杠杠滴！商家服务杠杠滴！物流速度杠杠滴！我心情度数爆满滴！毫不犹豫甩五星	儿子最喜欢吃苹果了，这个希望他喜欢	送货速度快，东西看着很不错。结果削开皮全是伤痕累累。很不满意	在充电时老是死机，任何按键都无效。机子买回3天就发现死机，来回检测好几次，检测人员才承认机子有问题，1个月内换货遥遥无期，机子广告宣传上有真人来电照片显示，调了半天没有调出来，设置的外屏图片常常会无缘无故的跑到内屏下方，有时内屏字体是颠倒反面的。
"质量很好,穿着舒适,大小合适 款式也很喜欢.是一次满意的网购,有需要的亲们赶快下单哦"	苹果一般般，外观挺红的，味道有一些挺甜，一些没那么田，有一个心黑了，不行，下次不买了。	头发洗后，满是头皮屑，都打开用了，也没法退了，又买了别的洗发水，郁闷呀！剩下的都不知道怎么处理	苹果放时间太长了，苹果里面都干了，大量水分流失。真是便宜没好货啊
很不错的裤子，穿了舒适合身。	房间环境不错，但是外面走廊七弯八拐，让人晕！	苹果太小了，有很多苹果样子不好。	关于携程：携程在如家的价格谈判能力值得怀疑，这次订的是套房，通过携程订价格289，网上未显示门市价格。到了如家局前店后发现门市价为299元，携程价格仅优惠10元。再后来常州的朋友（就住在如家旁边）告诉我，如果直接预定，能轻松打到240-250的价格折扣。这样我就非常怀疑携程的价格谈判能力了，通过携程预定是为了经济，但拿到的价格之比公开的门市价低10元，根本不具备价格优势，甚至通过当地的朋友都能拿到比携程更便宜的价格，那我们还用携程干什么？关于酒店：套房设施太为陈旧，实在与289的价格不符，尤其是一楼客厅的沙发，简直是房间的最大败笔，灰绿色的沙发，实在很像从垃圾堆里检出来的。套房在1层，是上下层的复式结构，上层无窗户，下层有窗户，窗户外1米是一堵高墙，可以依稀透进来一点光线，感觉就是地下室。睡觉前在屋子里拍蚊子，拍死不下20只。住如家住了不少店，这样的房间还是第一次遭遇，出游不想影响心情，所以回来后再投诉，希望如家和携程能有所反馈。
到达绍兴后，只要给这个客栈一个电话，十分钟之内就会有一辆小面的来接你，很方便。“老台门客栈”是由一家古老宅院改装的，三进的四合院两层木板瓦房，石板砌成的庭园，木头柱子立在鼓型石基上，木头窗户木头房门，开门和关门的时候会发出响亮的吱吱声，保持着古老纯朴的气息，院子里暗装了几个小音箱，不停顿低声播放江南丝竹乐，很有点气氛。清晨和黄昏只要你有兴趣，都可以坐在院子石凳上发发呆，或者找个对手在那张已经看不到原来油漆颜色的乒乓球桌上打打乒乓球。房间里为客人免费提供电脑可以上网，与现代信息时代挂上钩。干净清爽的床铺，热水和空调也陪备齐全，洗手间里有一体式的淋浴间。客栈提供免费的白米粥、油条等简单的早餐。客栈邻近鲁迅故里和咸亨酒店，走远一点还有沈园和仓前直街。	还可以，就是照相不怎么样，续航满意，打2把王者耗电10%	不知道是不是正品，快递也可以，根本找不到客服，没人搭理我，但是看着包装不错，看到商品是送发膜，可是送到了没有，但是有两瓶小护发素，挺好的，到时候看效果是不是正品就知道了，会追评的，如果可以以后还来买。（图片是已经拆了包装拍的）	配送的速度真的太慢了 ，从下单到收货5天的时间；还有这款笔记本的电池一点都不耐用，买了不到半个月，电池用不到2个小时，至少嘛3个小时以上还可以。还有摄像头上面的200万像素，其实只有30万像素的效果
不错呢才的水果，好吃新鲜送货快，赞！	一直用沙宣，套装应该也不错，大大小小六瓶，期待中	大过年的，附近的商店都关门了，想要屯点水果自己吃，招待客人，发现居然没得卖的，赶快到京东上找找，发现有这个苹果，挺满意的，赶紧团了四箱慢慢吃。	火龙果不怎么样啊，个头不论，居然皮上有虫眼，不会回购，其他的水果还可以。
"东西总体不错.是320g硬盘.带摄像头,罗技带工鼠标,HDMI接口 比较安静"	畅享6，版本同网上介绍的不一样，没有“拿到耳边”那些功能，没有美颜，美肤效果比普通拍照还差，给厂家客服打了一天电话，技术人员也没回复解决。	发货严重超时，晚了6天，货也送错了。	京东购物几年了，第一次差评。实属无奈和气愤。618抢购，过后就降价，让消费者心灵受挫。那也就算了，清水漂洗一下，一个裤腿发红，竟然变色。只有差评，不是系统要求，一星都不给。历年来最差的购物。
外观很漂亮，自代的VISTA也不错，这个机器评分能到3.8很好。平时办公足够用。	产品不错也便宜。不知道是不是正品的。试过后再说，送的那两瓶也太小了	苹果不熟，酸不拉几的！真是小爷命不好啊！	质量差有点像地摊货
今天下午买的，晚上就送到了，这个物流速度也忒快了。洗发水很好用，用量不多，泡沫丰富，关于改善油性发质，需要时间的检验，拭目以待吧。	这本书很真实细腻地反映了花季少女在患白血病后的心路历程和经历。我感叹于作者怎么能在40多岁的年纪还能用10多岁少女的口吻写下这本书。这里虽然充斥着死亡的恐惧、对上天的抱怨，但是我看到了更多的是人性的光辉，不论他是由什么东西表现出来的。看到泰莎最后能那么安详地去世，我悟到了可怕的不是死亡，可怕的是在临死之际还有很多为了的心愿未完成。这是一本很值得一看的书。珍惜当下，珍惜生命吧。	这酸酸乳要火~	物流时间很慢，等了四天才到
一看就喜欢上了，反应快，音质好，看电影和听歌很棒！	感觉还不错，一直喜欢用潘婷，但洗发水要经常换下用用。小瓶的主要是为出差准备的，三天左右的出差，不会带行李箱，100毫升一下的可以直接不托运带进机场，直接过安检。	蒙牛要幸福。。。	分辨率偏低，而且刚买完四天就降价，客服还以秒杀不参与价格保护为理由拒绝客户的合理诉求。
第一部已经看完，对第二部满怀期望。合上书本，盛宣怀、张蹇、荣宗敬、宋汉章、陈嘉庚、范旭东、卢作孚，........一个个熟悉的名字从脑海里一一闪过。如果这些为国家和民族做过不同形式贡献的人们，知道在今天这个物欲横流的现代世界，依然有人将他们的名字、他们的事迹传播在广大读者当中，为我们所纪念，他们的在天之灵也应该感到欣慰了吧！	很好，我很喜欢，送货快	火龙果买过好几次都不错，但这次不太新鲜，不如以前的好	"入住退房慢,电梯慢,超市破,房间旧,服务态度差!"
平板速度快，系统流畅	这家酒店是我在携程定的酒店里面是最差的，房间设施太小气，环境也不好，特别是我住的那天先是第一晚停了一会儿电，第二天停水，没法洗嗽，就连厕所也没法上，糟糕头顶。服务还可以。	买来就是烂的	很不爽的一次购物，整的什么赠送皮套，还赠完即止，结果我还没有收到皮套，我就想知道有人收到皮套了吗？恶心的活动！
房间内的家具确实够老了，而且被子有的地方没弄干净。但总体来说服务不错，前台小姐很热情，虽然出了点小问题。早餐还是比较丰富的，但显然是给外国人准备的。中餐元素太少。不过看老外的架势，我们以后一定要吃好早餐啊！宾馆反馈 2008年7月14日 ： 尊敬的宾客：您好！烟台中心大酒店非常感谢您对酒店提出的宝贵意见，并将完善好酒店每一个服务细节，期待您的再次光临！	"总的来说,这家店不错,就是环境有点吵闹,设备坏了也不维护,我洗澡的时候,差点被懂感冒,洗浴室的窗户把手坏了,冷风直灌,哎,不过早餐还行."	不好，一点香味没有，大家一定不要上当，都是骗人的	京东快递送的没京东标识就算了，这水果前天中午买的昨天上午到的打开一看有一个坏的离谱（发霉了?）这苹果估计是打包好久了吧 还鲜品我都不想多说 这个都不知道放了多久了 这坏一点还是可以接受的问题是你这坏的腐烂了
趁着活动买太实惠了，哈哈哈，还送一个吹风机	原来总穿这牌子的衣服，现在街面上好像没看到有班尼路电子了，不过衣服质量还是一如既往的好。	在携程定的价格和直接到酒店前台给的价格是一样的，没有优势。	没收到货就显示订单已完成，已签收.....什么意思嘛
裤子质量特别好，物流也特别快，客服态度也很好，问了很多问题都特别细心的回复了，裤子穿上很舒服，上身效果超好，不显胖，特别满意的一次购物，下次还会来～	不错，做工精致，系统流畅，支持国货，支持华为，支持京东。	2008，7，19，长沙国贸惊魂夜。我与同事入住后外出一个多小时间，两间房被陌生人轻易地通过前台接待“请”服务员擅自先后开门，贵重财物（电脑等）被盗。报警１１０，并有监控录像和笔录为证，相信人民警察能为民除害。国贸酒店＂引狼入室＂，玩忽职守，到目前为止没有一点真诚的道歉、赔偿损失的态度和行动。但事实能赖掉吗？法院见。唯一评价：＂黑店＂。ＣＴＲＩＰ也该反思了。	东西很一般，像素不好，也只适合我们这些穷鬼用用，建议稍微有点钱的还是加点钱买好一点的吧。还有:卖家为人不厚道，我这是双十一买的，里面就有个充电器和数据线，而11月12号早上我再次逛京东，还是双十一的价格居然送保护套，我想问问商家:我是少给钱了还是怎么滴？？？凭什么同样的价钱你双十一不送套子，过了11号你12号居然送套子，你们这搞的是什么意思？？？这事搁谁心里都不舒服，并不是我买不起那几十块钱的套子，你们这样做对吗？？？总之这是我很不愉快的一次购物，祝早日关门大吉！！！！！！！
"看携程上大家的点评不错，就订了间阳面220的房间，慕名前往。结果大失所望，灯光昏暗，空间极其狭小，床垫质量恶劣，房间还伴着一股霉味。原预计住上个把星期的，结果住了一晚就退房了。其实原本想着也就将就了，也许皇城根上这个地段这个价格就只能是这种水平了。但转机是在入住后第二天早上，我出宾馆在新街口大街上溜达，没走两分钟就发现一家连锁宾馆——欣燕都总店。看门脸不错就进去看了看房，顿时喜欢得不得了。房间设计简约而时尚，宽敞明亮，床也很舒服，同样有宽带。正是我喜欢的类型。赶紧回护国寺宾馆，上携程查了查，单人间的才200，套间竟然才240。超值！！同样的地段，更优越的条件，更低廉的价格。二话不说，立马下新订单，退房，拖着行李就搬去了欣燕都。而且欣燕都交通更便利，就在新街口大街上，门口就是公车站、出租车站。斜对面是新街口超市，新街口百货，而周围同样是典型的北京胡同。提醒一点，携程协议上""欣燕都""是没宽带的，但实际现在""欣燕都""是有的。说了这么多，该如何选择，大家应该很清楚了吧。（感觉自己像枪手似的，呵呵）另外，也希望护国寺宾馆能向竞争对手学习，好好改善改善。"	回复 好的。PS：反应真快！大家娱乐娱乐就好了，小编的意思是：用实实在在的心意做好产品，也请关注蒙牛的新变化 http:t.cn/zlwxz2P 谢谢。 后来删了，不了解自家商品有关的社会舆论。蒙牛真自信啊，完败切糕。	快递到我手的时候已经剩半瓶了！另一半全洒了！	收到货看到前中那个钮扣都掉了，差差差！！！！
刚收到水果很新鲜，送货很快，给快递师傅点赞！	削了皮吃，还是有一股农药味。而且一点不甜。剩下几个没吃扔掉了！无语	洗发水是假的！跟商场买的不一样，二维码也扫不出来！	根本没休闲的根据，一星都不想给，只能说。。。
酒店的地理位置确实不错，离南京东路和福州路都很近都只走几分钟路了，特别是上海书城就在不到一百米远，旁边还有浦发银行和民生银行，酒店服务不错，以后可能还会住了。就希望早餐好点！	住中天也不是一次两次了，觉得不错才继续住的，这次回国在重庆转机，而且离车站又近，又是购物中心，所以这次仍然又选择住在中天，但是这次发生了件超不爽的事情，当天下午到达中天后，我们就去吃东西了，当天，重庆下着雨，天气变凉，就打开旅行箱加了件衣服，因为想到说一会儿就回来了，旅行箱就没有锁起来，结果等回到酒店后，酒店内已经有人来过了（出去的时候门是锁好的哦），而且里面添加了两瓶水（应该是服务生进来的），结果再看旅行箱，电话记事本竖着放在旅行箱拉口处，东西翻得乱七八糟的，倒还好，我给爸妈从美国带的保健品--老人服用的善存带的五瓶却少了一瓶，钱倒没有多少，200左右，但是超不爽的~建议酒店，下次在客人进住安排服务生把所有的东西都弄好，不要在客人入住后外出的情况下，让服务生单独进入房间，发生这样的事情对谁都不好，钱倒是小事，但是都从美国带回重庆了，结果就这样不见了，特郁闷~~~~~当然酒店其它方面还是不错的，下次还会选择入住 ，但是就是记得带把锁~~	洗完总感觉是腻腻的不清爽 以后不会再买了	这次京东的货太差，包装都烂完了，居然也发出来
性价比比较高，配置也比较平衡，看电影玩普通的游戏都比较流畅。很实惠。在这样的价位上：双核处理器，3470独显，250G硬盘。已经非常可以了。自己加了两条金士顿2G-800，无兼容问题。	性价比很好，优点大家都说了，不再赘述。 各位如果想用XP一定用SP3的，所有的驱动都涵盖了，不用上网找（可能会出现一些细小的不兼容）	很好啊，帮别人也买了一个	只会说一句话：我们不提供！之后就不理睬！破酒店，床都不干净，睡一晚满身都养，螨虫一定不少！
用了十几天了。真的不错！屏大，机薄，电量足，上网速度快，价钱也实惠。只是如果想扩容就别用双卡了。但我32G够用了，所以我还真没觉得有什么缺点。总之非常满意！	谈什么公平？整本书都在买广告，每件事都在为自己辩护。拜托，家事就在家里解决好了，出什么书啊？还起了个挺哲学的书名骗人。	布料什么都能粘上，褶子特别多。垃圾！！！	手机设计很垃圾，音量键在中间，经常误按。流量信号很不好。经常断。我之前的三星不会这样。相同的环境。别说我路由器的问题。大家不要买。
特意用了好多天才来评价，待机时间很长，我买来看电视用的，很满意	差差差差差！卫生极度差！没有早餐配送，	假货！！！！！用了这么多年潘婷，从来没用问题，这次买的用后居然头皮发红，发痒！！！强烈要求退货！！！	一分给京东，越来越垃圾了
很好很快！又脆又甜，双层包装，大小统一，赞一个?！	这是第二次看到战败国士兵写的回忆录，另一本是日本人写的《诺门槛战役的回忆录》，再一次感到震撼！从失败者的角度去体会战争的残酷，没有了英雄主义的花哨，按照一个正常人的视角去回顾战争的残酷和无意义，可以粉碎所有战争华丽的外衣。战场双方都是正常的人，但在战场都变成了野兽！好书！推荐！尤其是给所谓铁血的愤青们！比国内的铁血文学真实太多，国内的战争作品比较下来很多都是YY！	奶奶的，刚买了就降价	性能太差劲，用半年换三个主板厂家连个正规维修单子都不给。真是垃圾产品，天时达508，奉劝各位千万不要买啊谁用谁知道
音质好，屏幕清晰，看片神器。	速度没啥说的，甜度一般，水分过分了！足足足	WIFI，蓝牙开关都打不开，发给了我知道次品。真失败。	不按客户要求发货、尺码不对、咋个穿、我晕、我要33码、发给我31码、我吐……差、差、差
去成都住的较多的酒店之一。行政房不错。普通房间里的设施比较老旧了。出门打车基本要等，现在修地铁，门口改了单行道就更不方便了。	"产品性能可以,样式也不错,比较好用,发短信,上网都可以"	质量有点差。而且版型很不好	外面看不错里面太陈旧，以后不会再住了
这本书带给我不一样的职场小说，也让我学得一点经验，它是最贴近生活的，就是我们生活中会发生的事情，不象有些小说那样的浮夸，这本书就是很简单，很温馨，很有趣，又能带给我快乐的享受，看着米娅的蜕变，但她始终坚持着自己，选择适合自己也是自己想要的，没有被环境所完全的左右，做个快乐的职场人	不怎么样。这样的裤子也有	卧槽，快递递太慢了，用了了9天，我就操了	不想多说
线条硬朗，轮廓清晰，做工上乘。转轴可把屏幕以180度展开。键盘手感极好，打字噪音小。三星完美屏。磨砂屏，适于商务应用，长时间使用不易视疲劳，可自动调节屏幕亮度。电池容量高达56Wh，续航能力强，可使用3～4小时，电池芯是韩国的，控制芯片是三星的。内存是三星的，双面8颗粒，时序6-6-6-18。硬盘是希捷的。光驱是三星的，模块式。电源适配器为薄片式，由台达代工。笔记本整体散热极好。	"装到U盘果然这次认到了马上格式化然后进行GHOST,嘿嘿结果大家该猜到了装好了，不过后头的事情还有很多哦，装驱动是最最麻烦的了，"	一般般，不知道是真是假的？	以前我请你喝蒙牛，现在我请你吃肯德基和蒙牛！！不信，你还不死！！
裤子质量很好，夏天穿很舒服哦，并且卖家发货速超级快\n\n\n\n\n\n，最重要的是它不起球，下次还在这里买	果子大小合适，个个完好，确实脆甜好吃，下次再买。	物流很快，平板用着也挺好，就是没有数据线，，，	不行，也不修身。买完就降价30。。绝对差评。
第二次购买了 很好 老公也很喜欢用这个牌子的	好用 是正品 京东值得信赖 快又省	基本和大家的评论一样，交通比较方便，去上下九 地铁站都很方便，广州的地铁站标示太不明显了。坐地铁出行很方便，不过由于地铁站在沙面的一边而宾馆在另一边所以每次要在沙面里面走挺长一截。不过路上大树很多走起来也挺不错。房间的卫生间很大，老婆比较满意。有冰箱夏天去很方便。由于没带笔记本 网络没有用。唯一的问题就是由于在沙面水果还有一些小的日用品购买起来不方便。要买水果必须到街对面去，而沙面只有两边有桥能过去，要走好远。建议出去逛街回来的路上就买好水果。另外 在沙面照婚纱和模特取景的真的挺多的 呵呵	位置较偏，晚上吃饭没有餐馆，很不满意，房屋设备较差。
环境很不错，。。淡季携程的价格也蛮有诱惑力的过程中遇到了一些问题，。。不过携程还是有一点影响力的，。。在反复督促下，还是比较圆满的解决了。。。表扬一下五星级确实不错，温泉值得一泡。置身于森林中，。。面向翠湖，。。细雨纷纷，。。和热腾腾的汤池。。。十分享受。。。由于是内陆城市，。。消费水准还是低于沿海城市的酒店的服务意识不错，。。性价比很高。。	我终于知道为什么我们学校蒙牛的酸奶那么便宜咯，因为蒙牛的酸奶厂就在我们学校旁边 我在#包头医学院# http:t.cn/zOgJuEk	这包装能在简单点吗？	今天刚到的平板，开机好慢，充电太慢了，用电好快，是拆封用过的平板
物流挺快的，衣服质量也不错而且也不粗糙，布料很好，穿上挺舒服的有需要下次还会再来	儿子一岁八个月。这套书，儿子每天都要拿出好几本来让我给他讲。而且对孩子的行为举止有很大的影响力呢。比如：睡觉。孩子每天总是玩到十一、二点还不肯睡觉，昨天我看他还很精神，可时间也不早了，都十一点了，我于是就让孩子躺下，关了灯，边拍他边跟他慢慢将此系列里“睡觉”故事，唉，他好快竟然就不闹了睡着了。要是平时他可就是躺下来半个小时也安静不下来呢。	还没有收到货，就自动完成了，打配送员电话没人接，怎么回事？	这店里卖假手机吧，4000毫安的电池这么不经用。对京东很失望
超爽啊，比我之前用的三星好多了	自由是令人向往的，但是有时我们会很盲目，以为自己的自由就可以代替天下人的自由。自由是什么呢？自由是在不影响他人的自由的情况下的自由。这是一个复杂的体系，非三言两语所能解释的清楚的。但是，我们必须牢牢记住，我们的自由是得之不易的，别人的自由也是神圣不可冒犯的。在尊重自己的时候也得好好的尊重别人，这是我们获得自由的必要前提，也是我们获得自由的重要保障，没有人可以为所欲为。自由是我们人类的重要的福祉，没有自由，我们的个性将被泯灭，我们的行动将被制约，我们的财富也将由于这些而减少。社会的福利由于创造而生，由于无为而灭。谁能够承担得起这样的责任：消灭社会的财富！我们是社会的功臣，更是自己的功臣。我们劳动，生产自己善于生产的东西，交换自己不善于生产的东西，因此，社会的效率提高了。这得益于自由的环境，我们能够自由的生产自己想生产的东西。我们排斥邪恶，它使我们社会的总财富减少，因此，我们限制其自由。其目的是为了更好地发挥自由的功用。	投诉@蒙牛	昨天收到打开一看，就发现有一个苹果是坏的，生气
搞活动买的，信赖京东，这个洗头膏挺好的，就是有点干了	很多年对于官场的潜规则总是有些认识的，但是还是困惑并且迷茫中，看到如此容易而且理所应当的正义在某些时候是遭遇到很多的阻力。于是糊涂，现在看了这本书，真的是很清楚看到了这些阻力，潜规则的存在让很多小人爬了上去，无非也就是迎合那些潜规则的利益。看完这本书，有点透心的寒冷。不过也好，有些透彻的寒冷好过死得糊里糊涂。	"房间地毯还有沙发都很脏,床的弹簧都要出来了,很不舒服,以后不会再住了"	商家能不能走点心，打开发现盖子是松的，都漏出来了，漏的不多换货也麻烦，懒得换了，不会来买了，差评差评
沙宣的质量毋庸置疑啦！就是好。日期也是新的。京东自营的有保障。快递更是有力的！	不错，水份多，酸酸甜甜的，不是很酸。孩子很爱吃	一次买了很多，囤货中慢慢吃，会继续帮衬	潘苹果质量还是保证的，这次的苹果酸味多一点，可能是成熟度欠缺吧，总体还是满意的。
赶上搞活动果断下单，很划算看着很喜欢！京东快递快昨晚下单今中午到了。以后买东西就上京东了	1、金属质感、拉丝表面太完美了 2、全键盘，按键也很舒适 3、有两个USB口还算可以，还有VGA可以连电视机啊	第一次遇到这样的情况，打开后一箱12只居然少了一只，仔细检查原来纸箱两边有撕裂的痕迹，包装简单，只是在中间贴了一条胶带。是否应该缺一罚十啊	很难喝，不如蒙牛的奶特? #美图秀秀iPhone版#
东西很好哟，是我老公权志龙代言的，好喜欢，以后还会再来的，喜欢权志龙，喜欢沙宣	这平板到底什么鬼？ 平常用没事，怕弄坏了买了个保护套。然后套好了触屏怎么点都没反应 取出来又没事。 要是不放套里把屏幕压坏怎么办？	根本就不是佳农的东西，心思东西口感只要一样也行啊，打开了一个白心的吃了，特别酸，一点甜味都没有，红心说是大果，还没有白心的大。送货还给送错地方了，以为京东买东西能放心一些，结果还是很失望！！！	最差的裤子，比路边摊还差，今天刚收到快递，前后洗了十几次，依旧严重掉色。直接当抹布，谁买谁后悔，实实在在评论，不骗谁，不相信抱着我想试一试，你可以去买.
清晰度高，具有来电视频功能	还好，质量不错的样子，但是夏天估计用不上了	打开包装，发现电池已经装在机器上了，而且没有如何安装光盘，请问是否都这样？我上个月买的ASUS笔记本，电池不在机器上。	质量很差，没有想象的那么好
衣服大小合适，面料柔和，穿上后给人一种惊艳的感觉，一点也不臃肿，总之满意十足	酒店位置不错，环境也很好，干净！ 前台男生服务一般，爱理不理的样子。	果实不正，有霉心病。基本每个核都发霉了	订的东楼！结果却说东楼没房，换主楼！结果主楼房间就在楼下的士高楼上，吵到天亮才睡着！中国的生意人就是用骗的！可恶到极！
裤子质量不错，挺好的，版型也很好，很适合我这种比较瘦的人穿，裤子洗了也没有掉色，超值哦！	"今天交了2680元领回一个529,使用半天下来没有达到我原来的期望。先说优点：一：支持蓝牙，就是冲这个功能买的。二：屏幕和声音不错,随机的MP3和MP4放的效果不错。三：做工还可以，只是屏幕容易粘手印。四：手写和键盘输入速度和操作感手感都还让人满意。"	打开快递包装盒，看到的竟是瓶子全部被打开，液体外漏。	"这个果小, 确实是小，估计是这一个品种里面的侏儒。最重要的是不但小，而且还有洞。这种产品估计在路边是不会有人要的啦，白送都没人吃。"
花花公子牛仔裤，搞活动99元买的，面料不错，大小合适，质量不错。	散热良好，运行速度快，这个价位对应这样的配置，没得说的！！	华为的东西做工真是不错，后背还是金属的质感好。但是侧边塑料的感觉稍微有点low。给老人买的，声音比较大。老人听了还可以。	酒店位置很好，去火车站、机场、逛街都比较方便。设施什么的也很好。在这个位置这样的价格真是银不错了。如果不是正好有个工地在边上，应该会十会清静。服务员的态度也挺好，只是结账的时候因为不知是谁在服务指南内页上用原珠笔划了不到2厘米的一条线，查房的服务员反应十分过度的不让结账，说要赔偿，虽然最后经过交涉没有赔款，不过心里十分之不爽，下次入住前如不是要把房间检查个底朝天谁敢住进去。希望这次的经历也使酒店执行制度不会再过度僵化。除开这点不愉快，其实还是值得推荐的。
一下子下单这么多东西，快递依然那么快，服务依然那么好，苹果很新鲜哦，快递还提醒说让我打开看下，有问题可以换的哦！真是服务到家了，大爱！超喜欢的，这次下单还有赠品呢，一盒油画棒和两个手机支架！	装系统麻烦点，不过要有外置光驱就很easy了，没有的话就得有点技术了，不过现在U口驱动装系统也不是很麻烦。	我也觉得蒙牛不应该犯如此低级的错误，应该是假冒的报警是正确的，营销微博，你们小心了！	包装实物还可以，但是我和我老婆用完之后头特别痒而且头皮屑特别多，差评，不会再买了
散热做得很好，屏幕效果绚丽没有坏点，杜比环绕效果也很好。换了XP+3G内存PS、Dreamweaver打开速度相当流畅。功能键非常实用，接口也挺丰富。。	放假连续两日系度奋战呢本书，确系搞笑！里面既男女主角都几贴紧生活，虽然我未接触过黑社会；至于女主角，身边都有甘既人存在。其实失婚女人没什么大不了吧，能够认清楚呢一刻身边既最爱，已经好好啦。男主角都系，关心爱护心上人。我中意里面男女主角一起既情节，距地既对话有时同身边既朋友好相似。吾错啊！希望作者可以再写多点类似搞笑，但又贴近生活既作品。希望大家都中意呢本作品啦！	不知道什么原因，空格键不能正常使用，只有中间按下去才能用，左右两边按下去没反应的，客服说一定要检测后才能换货，联想客服检测说不开检测单，新的买电脑拿去检测被折开了键盘，虽然回来能用了，但总有点阴影	东西不行，袖子上面有抽丝一样的印子，比较隐蔽，不仔细看会忽视掉，具体大家看图。
速度快，效率高，服务态度也好，就是漏了，这次居然没有带买的减震的小袋子，好评吧，毕竟618还能第二天到还是不容易的。	裤子质量不错 发货速度也挺快的 客服态度很好	该酒店的地理位置很不错（出门左拐就是漕宝路），出门打车也很方便（地铁稍稍远一点，大约一站路），服务员的态度也相当热情，早餐的性价比较高，值得推荐！！宾馆反馈 2008年5月20日 ： 尊敬的宾客：您好！感谢您给予酒店这么高的评价，酒店会以此激励每位员工做的更好，您的评价是对我们服务最好的肯定。谢谢！希望您的再次光临及更多的建议。	太平铺直叙，文字就只是文字，很多道理大多数人都懂，其他书已有过类似的道理，没有精辟、独特之处！后悔买此书！
送LP的，她非常喜欢，外观漂亮，装系统也很方便，跑XP速度很快。	货物来的晚了三天。索性用着和以前的没两样，挺好	性价比较高!现在看都没有了!庆幸自己出手了!自己用着非常不错!就是不知道为什么没有进网许可	收到书就随手翻看了个大概，觉得一般，感觉有那种各种中医书上再摘录整理，用自己的语言加工过的感觉，而且写得很粗糙，像是随口说说，而不像书。后悔买！不知道作者的工作什么是什么，但就此书看来，非常不专业，也许是想出点书也过过出在的什么人都能出书的作家瘾吧！
很喜欢这款，质量不错，穿上去很修身，很满意这次购物。	坚信品质！我喜欢！已记不清第几次买了！	我看是这个人脑子有毛病。 内蒙基层官员：蒙牛伊利没任何毛病 源头不安全 http:t.cn/zjzXSgs （分享自 @新浪财经）	电话一旦接通后根本无法根据语音进行操作（因为根本找不到键盘了），也无法回到拨号界面，这么低级的错误真不知道厂家是怎么设计的，好像CECT其他手机都可以在通话同时继续操作，只有这一款不行，居然还让用户一次把所有分机号全拨了再呼叫，那我反问一句“我要给手机充值得一次拨多少个号码啊！！”而且一个号都不许错！！错了全部冲来，这不是拿用户当傻子么！！！
照相、声音都很不错的机子功能齐全容易上手	超级超级满意！！！！很有气质呢，我们办公室的同事都说好看，还问我要了链接，照片就不付了，进来的朋友可以放心选择，是个良心卖家呢	不错，朋友都说性价比高，又买了条给表弟	感觉没商场里买的好用 洗完头发不清爽 还很多头皮屑
针脚不够好，左脚裤线有处感觉是乱缝的，很多外露可以拉扯的线	质量不好、不喜欢！	都烂完了， 包装太差了，都没有保鲜袋，水果基本上都烂了	机身弯曲，大家不要买
刚开机便升级了emui5.0系统，没用过苹果，但感觉很流畅，没有卡顿什么的，续航只能说一般般，HD软件比较少，其他的还是很满意的。特别。看视频特别清楚，音效也比较好	新的旧的一共十几件，还有一些在衣柜里面，我还是喜欢前面有个标志的那一件。感觉那个布料更柔软，更舒服。不过现在好像没有了	对我使用这么久来说我觉得不怎么样。洗后并不顺滑。有点干的感觉。所以对于这个品牌来说并不理想。	火龙果太小了，我在超市买，一斤左右很大的果，这个太小了！要是在超市，我肯定看都不看一眼！失望！！？
大小合适，没有色差，穿着很舒服，老公喜欢哦	挺好用的，赶上活动还赠送外壳和贴膜	"我们住的是13楼,不过因为是延马路,所以到了晚上还是有很吵的声音,隔音不太好,房间内的设施很旧,有可能是年代久远的缘故,都不及如家,莫泰168....性价比很差另外还有?"	京东的服务越来越差了，原来对客户的承诺在客户不知情的情况下随意更改，也不事先通知一下客户，对客户造成的损失也不进行补偿，只会说“对不起”，有用吗？1.原来的钻石用户在购买第三方卖家的商品发生无理由退货，京东补偿邮费，现在改成非质量问题退回不补偿邮费了，你们通知客户了吗？2.原来的钻石用户是拒收商品多少次，都不扣除京豆，我清楚的记得，以前在拨打4006065500客服电话的时候，客服不止一次的告诉我，钻石用户不受拒收次数限制，现在不一样了，每次都扣除500京豆，客服态度也变得恶劣了，变得会撒谎了，不知道规则从什么时候修改的，也不通知一下，发个短信通知一下说规则改变了，就这么难吗？这是一个上市公司的形象吗？单方面修改规则，不通知客户，和单方面撕毁合同有什么区别吗？
这是第二次买资源生姜的洗发水，第一次用那种感觉很不错，味道淡淡的清香，嗯滋润度也挺好。	外观漂亮，做工精致，键盘用起来舒服，没有太大的拘束感．女孩子用还是很不错的．它的尺寸个人认为并不影响使用．反倒是携带方便．同类商品中做工最好的一个，不过价格也是最贵的．	京东物流就是给力！货已经收到了！试了一下挺合身的，	前台手续复杂且慢，用两个房间要签三次字；有客人刚办完入住手续就发现房间冷而要求不住的，服务人员坚持按已经住过收费，让人感到是“可下子抓住一个客人决不放过”；我们入住和离开时分别看到有客人不小心弄脏了毛巾、床单，看上去洗一下也就没事了，可服务员一定要客人赔偿，且价格不低，一条白床单要价180元；携程的价格高于该店的优惠价。
颜值很高 收到每个都完好无损 赞	发货速度快，价格实惠。 品质很好，一直在京东买。相信京东。	"外观时尚,功能强大,质量还好"	苹果全都压坏了，三件就4个是完好无损的，其他的都压坏了。
这一套书，到了之后，我一本本翻看。然后每天一本带回去给宝贝女儿看。我喜欢的，也是她喜欢的。卡梅拉说，下蛋下蛋，这世界上一定有比下蛋更有趣的事。卡梅利多说，睡觉睡觉，这世界上一定有比睡觉更有趣的事。在我们日复一日的学习工作后，这样的童话书给我们新的梦想和对生活的新的体验。生活中总有闪光点，但首先要有一颗带童稚的心灵。	"入住这家挂牌四星酒店,与三年前感觉明显高了几个档次,大堂温馨,客房也不一样了,新改造的餐厅风格很不错,我很喜欢.服务员的微笑如浴春风,随时都有问候.性价比挺高,值得推荐."	不错，正是自己想要的	某些酒店人员对待顾客不诚恳。说给你换房间，骗你说是价钱贵的房间。其实是把你的房间档次调低了。没有房间就实话实说，别骗人啊，什么态度。有些房间的隐私性也不好
不错，挺过非常新鲜，非常好吃，已经吃吃苹果，经常在京东上面购买，还会再来，购买了非常不错的头街，购买隔天就送到	的新专辑《年轮》发行后备受好评，在刚公布的2012年度蒙牛酸酸乳MusicRadio中国TOP排行榜入围名单中，《年轮》获得内地最佳唱片和内地传媒推荐唱片大奖两项提名，将与许巍、曹方、曲婉婷、郁可唯、尚雯婕等一同争夺。竞争激烈，无论获奖与否这都是对雅莉歌唱事业极大的肯定。@黄雅莉歌迷会	蒙牛回收篡改奶：何不重罚以儆效尤？	很一般，总共2个，有1个到货的时候就比较蔫了不新鲜，另1个也不甜。
性价比高，送货速度快。前一天下单，第二天中午就到了。屏幕很好，看电影很舒服。	用了几天平板电脑挺好的。一点都不卡。	不错，还会购买。品质好服务好。快递小哥服务更好。	向加多宝、太阳雨太阳能、四特酒、蒙牛和其他默默无闻的企业致敬。也感谢那些默默无闻的制作团队，为我们呈现了一幕幕的真善美！
待机时间长，屏幕调到最暗，待机时间可以到9个小时。买给老婆的，女孩子用白色的小本本很合适，白色确实比黑色好看点，巧克力键盘也不错。电源适配器够小。	"酒店每天提供浦东机场和酒店的来回大巴，免费的哦，所以这点还是很方便，真的很近。毕竟机场边上的酒店到机场十分钟，住在那里很方便，条件还可以。环境也不错,非常值得推荐。"	使用时间不长，就是联想自身的软件太多，多但不专，暂未发现其他什么缺点。	到手没有磕碰坏的，还没吃不知道甜不甜。看下新鲜，就是果子形状歪歪扭扭的
很不错，这个套装挺实惠的，很大的两桶，够用一段时间了，旅行装很可爱	和地摊货差不多，多了个牌子，不知道是不是真的。	本子外观不错，可惜显示稍差，真心这个价位这样的显示效果，我只能说，太差	苹果都是坏的，有虫，有的直接就是焉的快干了，无语，基本上苹果都扔了。
慢慢慢慢的很	送货时间太长，从订货到我手里足足用了6天。还有不是说免运费吗？为什么还收了我8块钱。	这次买的感觉味道不对，洗发水明显稀一些。假货么？	不高兴，第二天买的就有赠品了，而我没有赠品，还要自己买贴膜！要多花*，非常非常非常非常不爽。京东也不支持补发赠品，差评，退货重新拍好像很麻烦，申请了一下还没回复
"酒店离市中心虽然远,但门口就是地铁站,对与没车或不喜欢坐出租车的朋友来说是个好地方.酒店房间设施不错,我定的是大床房,感觉很舒服."	是清凉的感觉..第一次买这种的，还行	服务态度不好，裤子回来不能穿，但也没退货，太麻烦	护发素被打开了，都不是新的，买的同款洗发露是新的，且有放压包装，这个护发素很糟，还京东自营发货，新的都不给
这套书是送给孩子六一的礼物，正如读过的朋友点评的那样，确实是套值得购买的好书。刚拿到时，我还担心因为没有拼音孩子读起来会比较吃力，事实证明我的担心是多余的。从打开那一刻起，象散文一样的、故事性很强的内容就把她深深吸引了。。。连着几天已经看了第四本了，到了睡觉时间还不肯放手。。。今天一早起来，孩子睁开眼第一句话就是：“妈妈，我喜欢阅读！我喜欢我的儿童节礼物！”这话让人很是欣慰。	虽然是蒙牛的，但素真的很好喝，感觉比棒子的香蕉牛奶味道还要浓郁些，最后谢谢费老板金钱支持感恩诶！	"招待所改装,确实是不行。以后再也不会住这里了。建议携程取消该定点，否则可能连带损害携程的声誉。"	我就搞不懂了 为什么这个会那么脏 ？到处都是划痕 ，瓶子还都是土 ，我想请问是扔掉又捡回来的吗？差评！又不是便宜货
挺好，卖家态度也很好	颜色和实图相差较大，洗后会缩水，质量不好	经常死机，买了不到一年现在就不能用了，因为完全的环了。都不能开机了！气愤阿！	很信任京东，所以选择自营店下单，本想是一次愉快的购物，如今产品出现质量问题（电视内屏破损），结果飞利浦商家，及京东自营店都在推卸自己的责任，投诉了很多太，也没有处理，还承诺7天无理由退货及保修。这就是一种赤裸裸的欺骗消费都行为。是没有道德的商家行为。 每一张是通电前，（完好无损） 第二张是通电后（发屏，内屏明显破损）
"质量非常好，与卖家描述的完全一致，非常满意,真的很喜欢，完全超出期望值，发货速度非常快，包装非常仔细！！！"	儿子能来听歌	"首先是对快递不满意,本来货到了应该给我送来的,可快递员请假休息说第二天送,我等不及自提!开箱打开笔记本看到键盘帽都跳了出来,肯定是摔引起的,不过机器没毛病.京东为什么把华硕应该送的笔记本包给贪污了呀."	不好，个头小而且不甜，有点微微发涩，表示不会再买第二次！
到手还没有用，期待它的效果哈。	说多了都是泪啊 真的	应该不是真货，首先，闻味道和在商场买的不一样。其次，洗完头之后没有顺滑的感觉，之前用过很多次了，都不是这样。大家不要贪便宜吧	真是太差劲了，收到货全是烂的，这样的水果也拿出来销售，欺骗消费者
"机子整体感觉还可以，83×45.5×20mm 的三围显得比较小巧秀气，很适合于女生用。 打开翻盖，1.8"" 的超大内屏占去了翻盖的大部分面积，本人认为比起一般的128*160像素的手机内屏要大，65K色的屏幕看起来还比较艳丽细腻，由于使用的是STN材质，因此图像看起来没有TFT屏幕那么鲜亮饱和。30万像素的摄像头功能比较齐全，无论是动态还是静态拍摄效果跟其它的30万像素手机没什么差别，在手机上看还比较令人满意。键盘按键手感较好，而且各个按键间隔都比较的大，输入文字不容易按错，操作非常舒服。40和弦铃声听起来还比较清澈、悦耳，但和三星的比还有一定的差距，这不能比啊！通话效果还可以，声音比较洪亮。电池待机时间晚上不关机待机时间应在三天左右。也许是这款机的屏幕休眠模式在发挥作用，在不动任何键的情况下，屏幕始终处于休眠状态，不会显示，非常省电，这是C8090的一大特色。"	不错很好，京东快递给力棒棒哒	我现在都不喝蒙牛了！老出问题！太不让消费者放心了	穿三年的裤子都比这个好，大家千万不要买，黑心的商家，老子诅咒你
"住过很多次了,基本上还是挺满意的,交通也很方便,而且离建筑双年展非常近,我带着一家人散步过去很舒服.唯一不太好的地方是价格好象越来越贵了,看来我还是需要再发掘一些性价比更高的酒店."	整个房间潮湿 有些潮湿的味道 床被褥也感觉不干爽 除了卫生间有两个插座 （床头柜都没有插座 太不方便）竟然整个房间都没有找到插座 电视没有几个可看的频道 整体设施陈旧…前台几个服务员看着都不专业 像小孩子 …唯一一点就是离机场近 价格还算可以 有机场大巴车	给老人家买的，收到后反应三个问题：1、首次充电很快就没电，而且发烫，随机APP太多。2、自动关机。3、最后一次自动关机后WIFI无法连接。怀疑不是新机，非常失望，过了时限只能换货。换货确认当天取走货物，效率还可以，看看后续换货的情况，再做评论。	已经发霉了！让我怎么评价！一颗星给快递小哥辛苦。。上图正反面的发霉照！！！
苹果30块钱真的好划算，是脆的，味道也不错，挺好吃，拿上来就吃了两个，推荐购买。	看到这套书的时候，立刻就有了购买的冲动，因为这好像就是我童年记忆里那套带给我很多快乐和疑问的、让我至今难忘的书。一个个传说和故事，自小就在我的心里扎下了根，和那些精美的图画一起。虽然新版的图书有点贵，还是毫不犹豫下了单。拿到书的时候很开心，书的质量很好，翻看书页的时候，就像是翻开了童年的记忆，一个个故事跃然纸上，收藏了~~~~留给我的孩子看！	收到后有一瓶已经有从瓶口漏洗发水出来了。洗完头发挺软的，但是头皮会很痒，头屑也开始有了，可以退货吗？	假货不是正品，假货不是正品
东西不错，貌似号要稍微大点，是棉的，物流也快，应该是年后第一波吧	只想爆粗，你妹	手机一般般，没想到的是下单过几个钟头后就降价，问有没补差价，客服好像一个只能问一次，在问又换客服，所以一点结果都没有，失望!	简直了 收到苹果是哪种又小又丑的 我知道图片与实物有出入 但是你这个苹果差别太大了 简直就像路边五毛钱一斤的 我发誓 这是我买过最差的水果 大家买的时候一定要考虑清楚
京东物流够快，送货小哥态度也好，平板用着很好，屏幕非常清晰，用着也很流畅	相当不满意啦，个头小的要命，包装袋倒是很大，不如店里买的好啦，有点酸	说好了32G内存，只有12g而且只送一个充电器。什么也不送	差评差评差评，差太多太多了，说16到24个苹果，5kg，收到只有10个。。。。。。你们短斤缺两也太厉害了，恶心……
好友托我买孩子的书，在当当网找了很久，似乎好书真得是太多太多，但是这套，我被它的插图和简要的文字描述所吸引，毫不犹豫就下了订单，预期希望朋友的孩子能喜欢。果然不负我所望，上星期拿到书后，朋友告诉我，孩子每晚是在这几个重复的动人的故事中入眠，成为她枕边的最好的朋友，所有的故事人物都是那么可爱而生动，所以的故事都是那么简单却又令人感动，孩子喜欢，连讲故事的大人都被激起了童心。	东西不错，价格实惠，为什么没用收到吹风机	之前一直信懒京东，现在哈哈……宝宝用了京东自营的花王纸尿裤，红屁股很严重，小家伙难受挠的结痂了，京东还一直推脱责任，失望，现在几乎不会在京购了，钻石会员良心评价！	奉劝大家别买这款手机了，手机自动弯曲，售后不保，用着憋屈
刚买了就又降价了，太讨厌了，而且有时候接受信号不是特别好	没有，前几次买的好总是，能遇到，里面是烂的	火龙果不新鲜，表皮都已经有白色的烂点儿了，第一次在京东买水果，怎是一个失望能表达的，???！	"我是今年1月1号买的，三天就无声，还不给换（承诺是7天包退，15天包换）商家和售后相互踢皮球，差的把我跑死！过年老没信号，舅舅一打电话老说是关机要么打不通，（我的卡是全球通，基本不关机）掉漆掉的吓死人，铃声和图片说的是可以下载，我找了一个月却一个也下不来（我用的是宽带100M/s),至今我还没发现通话时间可以达到180分钟（最长的是充满电6小时可以打100分钟），待机2天就不错了，按键反应还不如乌龟爬，还没有手机密码和短信密码，没有隐私保证。声音小得要死。"
拿到个完美屏，比较清晰细腻，LED背光+16：9看HD电影不错 散热还好，不好不坏 键盘看起来挺好，用起来还可以 这个配置可以玩一般3D，对游戏要求不高的话这款够用了，性价比还行	能再轻一点，能送些配件就好了，买了笔记本还得配好多小配件，选东西很麻烦呢	有些热，装XP麻烦，驱动也不好找，买的最好买个外壳的彩绘的保护膜	总重1.1kg，这就是总重的东西，大的里面参个小的，小的不能吃，还卖大的价格，京东上买的最垃圾的东西
一下子买了2套囤起来，比零售划算多了，用完了还来买。	很好，很喜欢京东的自营所有物品。感谢快递师傅的快速送达。	我十分怀疑这个苹果给我发错货了。京东描述的是80毫米的果子，收到的时候看着小小的，没在意。刚又买了一批苹果，山东苹果，也是80毫米的，人家比这个大了不止一圈。	这苹果太差了，不会再买下次。一整箱都是这样，小又硬，跟超市处理品似的
挺好用的，高清，超薄，运行速度快，我的建议是不要升级系统，一旦系统升级的越来越高，配置不匹配，容易拖慢速度	比我想象中好吃太多了！下次还买	东西一般洗后2-3天头发还是特别的油	因为两岁半的儿子非常喜欢车，看到大家的评论，买了两套外加一本本系列书。拿到手上的第一感觉是轻飘飘的，尽管书的开本很大，但纸张一般。跟它的价位相差太远。翻开轱辘轱辘转这本书，因为当时是冲这本书买的，果然像以前很多买家评论的一样，乱，太乱。画面太满，情节不清晰。最重要的是很多车跟我们中国的完全不符，比如：出租车、吉普车，我儿子最喜欢的皮卡车，在里面没有翻译，多翻译成小卡车或**运输车。对他来讲比较迷惑，我讲起来也很费劲。也许我的孩子太小，不适合这套书。总之这系列书买的比较不值，性价比太低。
香香的苹果，水分很足，脆脆的，满99减20	裤子收到了，替朋友买的，朋友说质量非常好，以后会经常光顾的！大赞！	包装完好精美。第一次开机提示系统升级，不过速度很快，也就不到十分钟就升级完成。手感不错，比iPad略轻。操作方便，试试电话功能，只能免提通话，但是声音清晰，也很大。	差评 绝对的差评
做工真的很好，音质很赞，屏幕素质很好，16-17年第一国产品牌平板当之无愧。	追了两天剧，感觉挺清晰的，追剧够用了。电池充满后一直追剧的话几个小时。声音还行，耳机还没有试，看着样子不错。游戏下载了，还没有玩，不知道速度怎么样。对于我追剧的人来说，够用了。618买的，价钱还好。	洗完头痒，除非隔一天洗一次。不知道咋回事。	为什么商品描述是酷睿双核，而我拿到后发现是迅驰？ 打电话给客服，接电话的只会装傻，非常让人恼火！！！ 没人处理我的投诉……
评价晚了，苹果都吃完了，苹果、脆、甜、水分很足，以后还会再来	酒店很不错，性价比很好的。虽然在洛阳繁华的路段，但晚上休息非常安静，睡的很饱。同时去龙门也比较方便，有公交车，乘坐出租车去龙门24元左右就可以到达的。	"火车的声音没有想象中的大,下次去还会考虑住这里"	酒店不开夜床，我大约晚上11到酒店，发现房间和出门时一样的乱，没人来打扫，浴袍是坏的（有两处破损的地方）也没人检查，早上用餐时被告之只含单早，后来把大堂经理叫来才弄明白，要登记的时候出示两张身份证才能含双早，（但问题是我在办理入住时是给了两张身份证，但大堂的登记那位说只要一张身份证就可），堂堂的世界一流酒店管理集团希尔顿酒店会发生这样的气愤事件可让人无奈。。。。。。。。。
裤子收到了，很满意，有一点弹力，就是舒服，应为我以前买过，穿快7个月了，完全没问题。 洗的时候用盐水泡下，以后几乎不会掉颜色	一个字，太慢，王者荣耀能卡死，唉	看电视超棒，看一整天都够电量。玩农药王者5个小时。一点也不卡。不爽的是加购的钢化膜。居然这么用意碎爆。39块一天没用的就爆了！那个气呀！	很差，刚刚买回来屏幕老是按不动，垃圾
不错，码数标准，有弹力，修身	"预装的系统改装VISTA,WXP很麻烦。但，花3小时还是可以全装好的。 屏幕反光厉害，长宽比例很奇怪，所以没找到合适的贴膜。 按键有时不够灵敏。 底部前边用久了，热。"	和苹果还行，看看火龙果吧，都要烂了还发货，第一次遇到这种情况，由于火龙果不小心给了五星，所以只能这里差评了，反正都是一家商品，郁闷死了。。。	还行，不知道华为是不自信还是怎么的，给弄一堆华为的软件，还不允许卸载，又不好用，这又是何必呢，都什么社会了，要开放，开放。所以给一分。其他OK
京东物流快，产品质量不错，都使用几天了，给老人买的，挺好！	1、26万色内屏显示效果一流；2、网络切换方式快捷方便；3、电话本功能齐全；4、外观成熟大方。	10斤苹果只有不大的11个也太坑了吧	Cnmb，没见过这么差的苹果，无良店铺，死全家，
超薄，方便，物美价廉，看电视看电影玩游戏一点也不卡	性价比较高，硬件设施比过去更加改善。满意！	已经收到洗发水啦，等用了才知道好不好用，如果好用会继续回购的。	还可以，不知当地价格和这相比如何。分不清是哪个了
物流速度快，码数扁大一点，衣服也带长一点。细棉，车工整洁值得购买。	"好,史上最好的国产手机!!!支持国货,振兴中华!!!!!"	裤子下面带卷边的，与图片不符，裤子很脏。	我只想说，按键怎么会如此松动，就像用了很长一段时间了一样，请问能退点钱给我去修或者是退货吗
价格便宜，同时外观和配置都不错。虽然没有附带系统。但是附送了windows系列的驱动非常方便！	东西还不错 可以 小巧 东西还不错 可以 小巧 东西还不错 可以 小巧	撒出来了，赠品，希望下次包装好点	一直在京东买东西，物流很快。这次买的还没有，我一直用的都是清扬
纯棉材质，穿着舒服	第二天住的豪华间还比较不错，比第一天的豪华间好多了。酒店离市中心很近，总体来说还是比较方便的。只是感觉价格在徐州来说算是比较贵的了。	唯独感觉商家预装的linux系统实在用不惯，以前从未接触过。建议商家以后预装别的系统	一个做护肤品洗发水的朋友说这是假货、真的瓶子不会这么薄了、字体也清楚点、我去商场比了一下真的是假的、可是我已经用了一半了
刚到货尝了下，不错果果又脆又甜。	昨天垫了个键盘膜，改天再去贴个屏保，要是这些也一起配送就好了，呵呵 还有个问题就是昨天晚上用的时候，听到本本发出的运作声比较响。同事跟我一起买的那台就没有这个问题，不会是机子内部哪里不好吧？？	大体感觉外观设计比较粗糙，快捷键的位置手感不好，右侧的插鼠标的U口偏下（在光驱以下）使用起来困难，由于是新品改装XP系统比较困难，需从宏?香港主页下载驱动	我觉得很一般吧 不是贴身的而且还有点短
作者结合希尔和卡耐基、汪中求等大师的一些观点，结合中国的实际情况，给渴望成功的青年指出一条实实在在的路。我也看过不少成功学著作，只有这本书的作者是企业家，感觉他说得比较实在，其实我们也不指望成功就一定要和比尔盖茨比，能实现自己的小小梦想就行。如果说希尔等人的著作是习武的总纲，还需要你研究推敲一下，那这本书就是本武林秘笈，你只要照着练就行了，至于成龙成虫，就看你练得如何。	性价比还可以的，就是16g买回来就剩下7g可用了，看来后期还是要买卡的。运行不玩大型游戏不卡。	挺好的…这个价钱买这个配置差不多了	这还真是不要脸了，这幺小的一个果子？放到我们这的超市都没人会买！
压坏了盒子，手机好像能用，不知道有影响没有	闹心，昨天买的今天就降价了	在网上综合考虑后，并打电话给汉庭，汉庭说靠街边的窗户都换成双层窗户，隔音很好，也有停车场，汉庭极力推荐自己的会员卡，但是我没采纳，还是通过携程订的。1》汉庭给了一个紧靠酒店灯箱广告的房间，电流的低频噪声不是一般的小。也没见到双层窗户，的确是非常吵，一大早，对面一家2元店就开始营业了，郁闷的想下去砸人家店，呵呵2》停车场，唉，正规的停车位只有8个，我出去一趟回来再停时没地了，汉庭的工作人员让我停在对面的小区，说可以报销，我按照他们说的做了，拿了一张5元的发票，到前台报销，前台说等结帐时一起报，第二天结帐时说我的发票兑奖处被我刮过，他们财务规定不能报销，天啊，我都干财务多少年了，这是一张多么正规的发票，竟然不能报，而且前台的服务人员那种不爱搭理的感觉，让人很愤怒，算了，那就把发票撕了，走人吧，还好，俺不缺这5元钱，只是他们的承诺。。。	空尤其是三立电视台女主播做的序尤其无趣像是硬凑那么多字
感谢京东，天气炎热足不出户就能吃上新鲜美味的水果	不错不错，简洁大方，尺寸刚刚好	加绒，绒在哪里	垃圾平板。我就下载了一个游戏卡的不要不要的，卡起来屏幕戳穿都没反应。连个wiff平均一分钟断开链接一次然后重新连接然后在掉。什么都玩不了。
平板很不错，很满意，分辨率也挺高的，也比较清楚。发货很快，很快就到货了。	支持花花公子，支持京东，小哥服务没的说，下一次惠顾。	这个价位值得拥有	1、音乐功能不支持wma格式的音乐文件，太孤傲2、键盘外形有点不人性，单粒键盘尺寸缩小一点，就不会太挤，造成按错健
24号买的，手中不小心滑落屏已经碎，时时刻刻，分分秒秒做好换屏的准备。	没什么好说的！不喜欢京东！东西本来就比别家贵！我一个账号可以领好多优惠券！一个账号一张都领不到！客服给我处理了四天！没有结果！说不是每个人都抢到！我赠送分享优惠券！说系统要处理24小时！因为是京东e卡，所以必须在这购买！	既然叫朗读手册，应该是一本可以朗读给孩子听的书吧！翻开才知道原来全书都是在围绕“大声为孩子读书吧”这8个字写得废话，只有最后几页读给孩子听的推荐书目列表还算有点用处。总结：这是一本毫无价值的标题党垃圾书	盒子里什么都没包，平板电脑直接放里面，配送员还得我主动打电话联系，还说找不到地方，箱子上面都压扁了，屏幕分辨率很差，看的眼睛疼，果断不用了，虽然便宜也*洋，看电影都难受。
嗯 华为的机子现在越来越好了 前些天买了一个揽阅10.1寸的 因为屏幕太大不方便携带 就放在家里给妈妈用了	炒的很热，就买来看了看，但还是不太接受，也不好看，比当年看的《飞龙全传》差很远。	唉，这是单果450到500？？这么贵这么差？？？	感觉不好，洗了头发特别燥，一点都不好打理
用了好几天才评的，主要玩王者，手感不错，还有用联通卡我用三星s7e在室内网络一直跳，m3的话稳定的不行	外观好看 系统也很流畅 物超所值 但还有一些细节做的不好 屏幕玻璃感觉歪歪斜斜像手工贴的 最上面贴近听筒那个位置缺了一大块 很影响手感 再就是用的时候有出现闪屏闪退的情况 再就是手机不能更新 老是弹出来就是更新不了 这些问题希望华为改进一下	以后不会再京东上买了这幺小的苹果卖这么贵，	苹果很难吃，超一半都是有碰坏，一个削完剩半个，口感偏酸又不甜，跟我之前在山姆店买的华圣苹果无法比，返还了部分钱，还是不值，跟商场卖的特价处理品一样。
"我入住是南楼,房间确实是小,但娱乐设施方面比较丰富,人工湖很大,人造沙滩也比较吸引.早餐产品品种丰富,总的来说推出套票形式还是物超所值的."	"看介绍的功能还挺多的,于是就买了,花了1700.刚用了一个月,但必须说些什么,不然心里太不平衡了.买回来才发现和想象的差太远了,汗.....大头贴不能用拍出来的照片.电池太小了,听上半小时MP3差不多就要用1格电,而且电池还发烫,害得我都不敢听了.电话簿实在烦呀,不管是添加还是查找都很烦琐的,也许是我用它的经验还不够吧...耳机插口不是那种圆形的,只能用海尔的那种,耳机上不好调音量,我用最小音听都觉得声音好大(也许是我个人原因).....滑盖可以左右摇动,不紧,我真怕把滑盖哪天就掉下来了...这机子反应速度有些慢,有时按了键后要过几秒才有反应...闹铃和短信的铃声只可以用手机自带的铃声,不可以用下载的....虽然有PC同步功能,但没配软件和数据线,要自己去找去买- -~ 用数据线传上去的图片只支持JPG格式,会动的那些图案一概显示不出来.....虽然是200象素的,但是拍出来效果不好,连颜色有变了,比较暗淡....播放3GP视频时经常就卡了,然后播不出来,我下了大概有10个,在电脑上播是效果都挺好的,传到手机上只有2个能够完整的播出来...还要说一句,不要错买了,它没蓝牙也没红外.....哎...."	真的不怎么样 头发用完了很干枯 味道感觉也不对	买的牛仔裤，发过来休闲裤不说，联系卖家换货时，客服的态度让人恶心，运费还要自己承担。我都不知道原来卖家还可以这样真是垃圾一堆。
裤裤收到了，非常好！腰头踩线不错，不像有些裤子穿上老搁肉，这条穿上很舒服！好评一个！	屏够大，老人家用合适。	一箱六個核桃 一箱特侖蘇 一箱真果粒 一箱好吃點 一箱八寶粥 一箱蒙牛 兩箱早餐餅 兩袋北京果脯 一袋蘋果 讓我如何拒絕 以後該怎樣	距离浦东机场有一段距离，但有机场接送巴士，这点还不错。 设施感觉一般，前台服务态度比较差（感觉像国企，不知道是不是），另外打电话需要另外加押金。 卫生条件很差，有点像八九十年代很差的招待所，传单被套泛黄，地面有很多污点。
很好用，物流给力，还有不同的赠品，这次买的媳妇特别喜欢，非常棒的东东！	快递小哥很棒，水果也很快就到了，前天晚上12点多下的单，今天中午就到了，挺快的?水果看起来也很好吃，是秒杀啊，一下子买了两箱???谢谢店家的优惠?	颜色不错 穿上很舒服 质量不错	平板挺不错的，要吐槽的是包装，纸箱没有平板大还硬塞进去！
位于徐家汇中心地段，房价经济实惠，环境也很好呢！	作为一般家用价格适中，花哨的功能一个不多，实用的功能一个不少。	"当年明月用通俗幽默的语言,为我们还原了那段历史,那段曾经辉煌,最终却归于沉寂和消亡的历史..爹比我认真,五十岁的他没戴老花眼镜,没日没夜的读着..我很惭愧,因为我用很多的时间上网,搞些没用的东东,虽然自己是爱书的人,可如今却很难拿出时间静下心来对待文字..爹说他年轻的时候,用了好多时间来看书,现在都清楚的记得.是他的财富..年轻的我们要多读书,读好书,当年明月,加油哦~!"	房间没什么特色 位置也一般 建议价钱可以下调啦
"L7700处理器虽然标称频率是1.80Ghz,但HP生给降到1.60Ghz...虽然1.6G完全够了，但是..浪费啊...1.8的硬盘确实需要有点耐心..."	"地理位置不错,房间对着中央大街,隔音玻璃还不错,街上的声音房间里听不到.需要提高的是卫生间里卫生纸的质量,实在太差.而且卫生纸快没了,也没有及时补充.早饭还不错,但橙汁是冲泡的,估计是果珍之类,而不是纯果汁.品种还算丰富."	一般般，不咋的这衣服	和石头一样硬而且味道也就那样！幸好没买那么多！
不太好用，电池也不行，而且用起来不好！	垃圾 有问题不及时处理	不满意！发票怎么不开	1、插笔的地方用不到百年就松动，已经丢了两只笔了2、运行速度慢，经常假死3、电池盖不久不久就变形，现在中间凸着4、中间层掉漆5、键盘是个鸡肋，根本没什么用处
换XP搞费劲的 颜色我一直以为是黑色的 害的我弄了一层膜上去 声音的触摸键不灵 散热不是很好 风扇声音太大了	"给朋友订的,原来计划2天,结果入住遭遇使得第二天改到凯悦了,1)送朋友入住,所有的车位都上锁,只好找别的收费的,其实在同一个院子里2)办理入住时竟说没查到有订房,不知是携程还是酒店的原因3)房间的床上竟然有一条很长的血迹,恶心4)所以要求换一个房间,被很不客气的告知只此一间,感觉给我房间是给我很大的恩惠和施舍了5)竟然没有热水洗澡,朋友强烈要求以后不要再订这家酒店了"	第一天来开机用了一个多小时 以后就卡卡卡 第八天死机了 呵呵 现在不是死机就是黑屏 太不靠谱了	非常不满意
位置不错...到八万人体育场也不远..就是高层公寓吧，服务没什么特别的因为都没带酒店里，呵呵	有一些页面的文字很模糊，印刷质量很次，内容还可以。	第一次被坑的这么难受，客服让你没有一点脾气	东西是没有什么问题的，但是不送货到家，没有办法取件，只能放在了镇上的其他快递服务站，收取了*的取件费用。一单分2个快递*，上次那个快递更是收了*。快递费用过高，应该采取措施，如果实在不能送达，应该在镇上设立服务站，或者和其他服务站签订协议，降低取件费用。不送货上门还另外收取快递费用的做法，让我的购物体验很不愉快，即使商品没有任何问题，也只有负分数。
非常满意，性价比很高，质量真的不错 比想象中的要好噢	整体套装，大瓶小瓶不是一个日期，不知道是不是正品？没使用，不知道效果如何？使用后，再追加评价…追加追加追加追加追加追加	这本书没有我想象的好，书本身的质量和印刷还可以 ，但内容与书名不符，应该改名字；而且有很多牵强的地方，有的地方有点鸡蛋里挑骨头（拼写错误也要拿出来说...）；感觉作者有点勉强的凑内容，想让书看起来厚实点？ 个人建议，仅作参考；	太垃圾啦，实物和图片差距太大，失误的一次购物
已数次买这潘苹果了。味道纯正，酸甜都好。比山东，陕西红富士康都好吃。挺新鲜，放冰箱可保锋很长时间，但必须好冰箱。潘苹果值得买！	发热是有点大，特别在玩游戏的时候，显卡有70多°C，不知道正常不正常！不玩游戏的时候50°C左右，还算可以！	好评，这是一个隐藏在差评里的好评！不要问我为什么！	包装很low 让我很怀疑产品质量 正品与否
很不错的手机，用华为已经3年了，非常不错	"质量非常好，与卖家描述的完全一致，非常满意,真的很喜欢，完全超出期望值，发货速度非常快，包装非常仔细、严实，物流公司服务态度很好，运送速度很快"	好小，很不划算，最可恶是有烂的	特别差 客服也不好
散热效果很不错，机子配置不错，价钱相对便宜，性价比不错 ，值得推荐！	上午下单，下午就送货到家了，价格很实惠，购物首选京东	苹果还行，口感很脆，也比较甜。有两个看着卖相不好，但其实吃起来口感也还不错。	苹果真的很小，在我们大陕西都很便宜卖的，那么差的苹果，我算是见识了
用了一个多月，非常满意，外放音质不错，声音挺大的，看视频听音乐都很好，我不打游戏性能不大体现得出来，系统使用非常流畅，待机耗电少，续航控制的好，我是用来看电子书的，大小很合适，外接SD卡相当于带了个小书库，出门很方便。wifi信号非常的不错，连接速度很快，支持华为出更好的产品。	这东西太垃圾了建议大家不要买，差掉色厉害。	太差。真不知道哪里来的苹果，一点食欲都没有	看到***的了之后瞬间感觉被骗了，同款一半的价格就是一半，大家去别地买吧
比超市便宜，头发很顺，护发素不错，包装好，品牌好	给儿子买的，秒杀的，虽然味道很淡，挺好的。	除了充电器有异响外，其他什么都正常。还是值得购买的	我也是醉了，一打开就这样，说不是徦的都没人信，一颗星是给快递小哥的！
1.超薄设计，轻巧灵便。2.屏幕显示效果不错。3.MP3音效相当不错。	还不错～～～～～～～～	很大的味道，直接全部扔掉，好在京东客服不错，申请了售后，很快解决了^_^	一分钱一分货！送快递的兄弟态度差！
很值得一住的酒店，安静舒适，有特色！	包装比较不错，用塑料盒装的，不会碰破。	在当当买这本书还是物有所值。暮光之城系列中最后也是最厚的一本，让我等了好久，终于等到了。作者对人物内心世界的刻画还是那么精微，但是最后大决战的部分写的有点弱，她要是看过金庸就好了，决战靠着贝拉的超能力基本没怎么动手嘛，相信很多人和我一样，唯恐天下不乱，希望看到精彩的对决。感觉意犹未尽，还有线索人物没有细说，不知道作者想不想继续下去了。希望还能继续看到此系列的故事。	看起来不错，还没吃呢，如果好再来
我买的潘苹果 甘肃天水红富士苹果 12个装 约70mm 总重约2kg 新鲜水果，质量好，包装好，很好吃，非常好！	水果很新鲜，送货速度快，京东自营生鲜不错！	"裤子效果很好!，颜色没有差别, 图片跟实物无差别    质量也很好， 穿着也舒服还会再来的,"	发的什么破包装.拖影是有的.果然和别人评论一样，封条好像动过.md我没有当接盘侠吧！
裤子质量很好，是有弹力的那种料子，颜色也很正，长短正好，穿着很好看	东西收到了，裤子质量不错，穿着很舒服，大小也合适， 下次还会再来的	刚拿到手没升级emu5.0和安卓7.0时连WIFI上网连视频都看不了，还很卡，花了两个小时升级之后真的很让我意外，不仅上网速度提高了，而且运行非常流畅，王者荣耀也很流畅，不过在自带的应用市场没有王者荣耀下载，我是去百度下载的，好多游戏在华为应用市场都找不到，这点很遗憾。	没有QS的在京东买的，另一瓶有QS是在商场买的比京东买的好用
这个居然是国产的，我以为韩国的呢。本身还行，不过我觉得没有the body shop 家的生姜水洗发水好用，毕竟那是明星产品。所以我每次洗两遍，希望能尽快用掉	酒店确实不错。出行也方便。自助晚餐没有去吃，不知道如何。早餐就餐环境不错，但是有人在里边吸烟，不爽。服务员不热情，没有主动提供热饮，比如茶或咖啡等等。住的A，不知道其他两栋怎么样。房间舒服，但是宽带似乎不太好用，经常莫名其妙断线。下次还会入住。补充点评 2008年7月8日 ： 哦，对了，值得一提的是，１５％的服务费问题。我那天去得比较晚，２点过没吃午餐，就去了２楼的西餐厅，吃了一个咖喱牛肉饭，很不好吃。牛肉我基本没动，老，而且没味道，相信收盘子的人看到了。咖喱汁也稀稀的，不成功。耗时３０多分钟，里边的土豆并没有很熟。希望改进。１５％的服务费，得有服务，如果借鉴国外的做法，再结帐单上，有一栏小费，如果客人觉得好，就写上一个数字，奖励给酒店，比这种强行收取来的好。所以这里要扣分。	垃圾，商品为假冒伪劣商品，商品查询码网上差不到！！	京东垃圾客服言而无信，购买前一套说法购买后一套说法，有聊天记录在的情况下还拒不处理拖延时间，有证据的情况下都尚且如此，其他情况还不是能赖且赖，这样的平台迟早要被京东自己给弄垮。
当时收到货是在外地，家里人签收的。回家看到商品那苹果颜色倒好，就是很多淤印的，根据包装程度确定不是物流问题，是商品本身就是不好的，很不好的一次购物。本来行投诉的，好像过了时效，因此作罢。	不好，有碰坏的，有的很小比鸡蛋大些，有的表皮麻麻的有的裂纹，这次购物很失望	太差，穿一次穿皮带那扣就线崩了	太差劲了，实物于照片颜色差距太大！简直坑人！收到我直接捐了！真是不值得！骗子
对这次购物非常满意。裤子质量非常好，男朋友很满意。物流服务，和客服态度也都很好，在京东上购物有安全保障，放心！！想买的朋友别犹豫了，不会让你后悔的！	好用，老公一直用这个牌子的，这次是买给老爸试一试，夏天了，用这个比较凉快一下！	*上次买有*，个包装非常好这次买20个包装垃圾的*	手机很好，就是客服垃圾特别是元豆，蚕豆，蜜桃三个垃圾处理个问题一直不处理我一星都不想给，就因为这三个垃圾让我往后再也不会买华为任何手机了
哟哟哟，好评，早上下的订单下午就到了。包装精美，还自带发票。主要就是超值。六件才不到一百。我是看了广告才来买的。我发质本来就不好，后期再追评?	个头不算太大，裹两层保护膜的时候感觉很大一个。	"经常去海口出差,但从没住过该酒店.看外表感觉一般吧其实酒店里面还真不错,房间是新装修的(我住的是20楼商务楼层),很干净,隔音也很好,基本上没听到马路的声音.空调的声音有一点点大,呵呵但是上网的电源比较麻烦,找不到插座,要把电视的拔掉再充电.还要钻到书抬下面去弄,不爽!!洗澡水的据说是温泉水,呵呵,不是很习惯,感觉老是滑滑的,像没洗干净一样:)补充点评 2008年4月9日 ： 还有,今天本来还想订该酒店的,居然没看到有商务大床房了~~郁闷~"	降价也太快了吧！！！！！！别的华硕系列的如N80都没有这么快降价这么多，超出了我的心理承受极限了啊！@！！！！！
这个房间的性价比真是太差劲了，这个价格在西安可以住四星酒店了！房间（305）浴室的下水道是堵的，洗完一个人至少要半小时后才能洗第二人，房间的隔音几乎是没有的。这样的房间简直不能忍受！但据说是他们最好的宾馆了？？？	刚买完就掉价，人生中最失败的一次交易。	我这一单最差就是这个火龙果 又小 又不新鲜 还不甜！！！	刚拿回来就是坏的，一开应用就黑屏，联系客服让寄修，确定不是开玩笑，妈，蛋，这就是华为，坑，爹呢，1588.
键盘设计得很不错，比14寸的还好用 几个快捷键是感应的，实用 小巧	“主管会计必读”这本书独具匠心，一改革以往这类版本书的编排风格，从内容上编排上更加贴近实际工作。是一本难得一见的好书。是我们会计人员身边不可缺少的工具书，也是我们会计人员的良师益友。作为会计人员手边有一本这样的书，就等于免费请了一位好老师。对提升工作效率增强自身竞争力有百利无一害。一个好的“主管会计”可以增强企业的竞争能力（人才的竞争），化风险为效益。和乐而不为呢？	不错。。。。。。。。。	像一条工作裤，与商家描述大不相同，
包装精美，又甜又脆，送人非常好，价格不贵下次还买，	一次偶然的机会让我看到这本书，这让我这个非常怕进医院的人眼前一亮，这里一再提起的现象不就是我们常说的有毛病，医院的各种机器又查不出来的“亚健康”吗！我也想通自己的手来医好我和周边亲人、朋友的“亚健康”，于是我通过“当当网”买了一套，看后非常喜欢，于是又买了若干本送给朋友和长辈，相信他们也一定象我一样喜欢这本书。	还不错	建议对心理学感兴趣的还是买专业的书看吧
酒店在当地来说还是可以的，位置也不错。餐厅吃饭价格偏高了一点，网络不是很稳定，老是断断续续，经常上网的不是很爽！	原本服务还不错，酒店也安排了车。本人原本计划航班为23:45抵达浦东可以乘坐酒店班车，可是由于航班延误01:25到达。所以为了赶上酒店01:30的末班车，致电酒店麻烦师傅等10分钟，可是上海人做事的一贯风格，抱歉师傅要下班。无奈排了140分钟TAXI长队到酒店已经2:30.站在客人角度上下次能否灵活一些。不在乎打车费，因为距离机场很近，司机一般不愿去的。	外观时尚经典，几年前我就钟情于此机，但当时三四千元的价让我感到力不从心，但它的靓影一直在我心中。现在看到它都跌到这个价位了，正好我也要换手机，所以毫不犹豫地买下了。可用了几天后才发现功能太差了。	买东西好不好全看运气 就是花钱赌一把呗 上次买很好。这次买三个坏了两个 皮很多快有腐烂 还很多霉点。生鲜搞618物流跟不上就不要搞，头一天中午就显示在配送 第二天才给我送过来（深圳市区），这种夏天搞生鲜连冰袋都不配备，你们对自己的物流很自信嘛？
个人觉得味道太难闻了	这次买的不满意，瓶上都是脏东西，磨的都是痕，感觉像用过一样，洗发水都净出来了，瓶口瓶盖都是洗发水，所以不满意，没在实体店买的好	收到的苹果有发霉坏的，给客服发照片，客服看了发霉的苹果照片，说洗洗还可以吃，不影响食用。很无语。老板招了这么好的客服，你MA知道吗？很无语。。。	实在不好，差，电话难打，服务不好，客人退房时，服务员检查房间，只检查宾馆自己的东西，客人的忘记在房间的东西也不管，过后找时，说没看见，极差。望大家三思，不要住不负责任的店。
京东速度就是快！好大一套，够用一阵了。小的出去玩携带方便。包装好，满意！	价格便宜，服务好，早上买，下午就到家，非常方便，京东的东西质量非常好，一直相信京东的产品，下次还会在京东上买	sony的笔记本就是样子漂亮，不过买笔记本这点我觉得非常重要，所以选它了	速度还是很快的，很郁闷的是苹果的一些游戏华为是不能下载的
裤子很快就收到了，即使是国庆期间物流也很快，裤子的料子不错质量可以，版型也正，洗了几次色泽一样好，好评！	"我住的是商务大床房,房间虽不是很大,但感觉蛮温馨的,有免费上网的电脑.就是中午退房时总台只一个服务员(可能去吃饭了),等了会时间."	火龙果都烂了，一个没吃，当花钱买教训	就值*一斤的苹果 很小就比猕猴桃大一点点并且不够甜
质量不错，款式漂亮好看，穿上很舒服很喜欢	京东商城的东西我是很放心的，是正品，价格也实惠，快递没得说，一个字 快！	其实我也不知道说什么 我就是瞎评论 快递小哥挺帅 虽然我也是男的 哈哈哈哈哈哈哈	一看就是退货过来的，连包装都没有
买了十几次了，新鲜、硬脆，每天吃，非常好，不大不小	之前买单瓶的都很好用，这次买套装的感觉头皮屑特别多。	住的是一楼，房间太小，窗户对着一堵墙。以后不会再住它了	性价比较低。更像公寓酒店一些，与价格不符。如果是四星酒店，显得很寒酸
晚上12：30到的，前台不错，打了好多电话问路一直耐心回答，房间也不错挺干净，早上结账的时候太麻烦，态度也不好，地点离我要去的地方太远，建议大家第一次去问清楚，不要以为县政府就在边上就好像中心了，跑了一晚上的山路...	第一次买的很不错，这次明显降低好几个档次了，不仅个头小了，而且参了几个陈年老果，里面黑心了	1.钢琴漆外表面就是指纹收集器，手随便动两下就惨不忍睹了； 2.外表面lenove的标不好看，Thinkpad的i上一点还能亮，对商务本来说有点恶搞； 3.显示器的显示有点惨白，色彩有些失真。	味道不好吃，苹果个头特别小，吃了这个苹果感觉自己不喜欢吃苹果了，唉，很失望的一次购物
物流挺快的 裤子料子也不错 摸着很舒服值这个价 店里的其他东西看着很有品味 以后就这家了	很满意，第二次购买，以后还会来	包装很精致，用了一点试用装，觉得味道不是很香，不知道大瓶的是不是也不香	裤子一般般，不值这个价，后悔买了
东西很惊艳，做工没得说，音质好，不过电就没那么耐用了！！	裤子质量不错，穿着也挺舒服，下次还会再来的	看看建国饭店色图UI哦哦看那八嘎国际卡克拉拉李娜娜	条件太差！房间面积太小，简直就不象4*酒店！
一下子囤货囤了好多，主要就是便宜。另外也是我喜欢的品牌。送到的时候还凉嗖嗖的，服务挺好	到目前为止感觉买对了，到货一看比期待的好。外观设计进步，不像以前的华为那么乡土气了，简约大方，做工在国产机中算比较细，屏幕和苹果清晰度相当，不过宽屏幕在看电影时会比苹果mini更大屏！声音比苹果可牛多了，是立体声哒！emui系统和小米的miui系统一样都是超级超级好用！缺点拍照像素低，但是我一般不用，主要是买给老妈看微信用的。	特别特别好 快递不错	像素不好，下载软件也不行
刚收到宝贝，还没有使用，以前用过这个产品，第一次在网上买，希望和实体店的一样好，物流很快，昨天拍的今天就到了，根据我的性格还是先给个好评吧！	给力的产品，给力的鬼子！支持日货！	现在的孩子要自杀的方法越来越坑爹了，过量饮用蒙牛	好评都是刷的吧！苹果难吃...并且十斤水果还坏了几个...商家不诚信...谁买谁吃亏...
刚拆开，盒子好脏，像是被别人用过一样，物流倒是挺快的	"我是四月十三号入住的,挂牌价是258元,经询问服务员才知道携程价228元是扣去早餐费30元得出的.服务态度不冷不热,通知六点叫早,竟然等到六点半才叫.浴室的门打开后人根本没办法进去,水是忽冷忽热,一个澡洗下来,居然洗的皮肤烫伤人又感冒."	疑似假的，头发掉的厉害	两件产品一个订单下 另一个还没收到货 订单就显示已完成 物流信息也查不到了 客服挺无语的 问半天回一句 差评
环境相当优美，性价比很高的一家酒店。客人来我会首先考虑的一家酒店。。	性价比超高 结实 稳定 安静 嘿嘿 最关键的是我是5488块大洋入手的（6.11限时限量抢购） 没人比我低了吧 哈哈 超值 可惜现在没货了 本来想加个1G三星内存的 奶奶的 从199块涨到269块咯 唉。。。后悔当时没出手	不能打电话，缺点 别的还可以吧！	运行速度太慢了，京东的服务也差劲，购买商品时申请发票，结果没有，信用呢?以后再也不到京东买贷了。
昨天收到了，质量不错，以后会继续买的。	好漂亮的包装@蒙牛	"可能是别人的评论给我的误导,这本书还是没多大意义,流水般记录一个没啥特色的女人的绘画图!为啥会出版这么多 ,奇怪中!"	今天早上定的，下午就到了，一打开心就凉了半截，这样的包装怎么能确保是正品？任何人都可以灌进去！晚上还是不死心试了洗，彻底崩溃了，洗完之后头发又干又硬，真心无语了，上面还打着资生堂旗下品牌，这是在京东上最失败的一次购物了???
东西不错哦物流也很快东西不错哦物流也很快	环境一般	今天刚收到货就发现降价了，咨询了一下也没给出个答案来，第一次看是899搞活动，等我反应完问题立马改回了949.还没过两分多钟，页面就没有搞活动的情况了，真后悔没截屏下来，这价格是你们随时可以更改的呀？原来支持国产就是这样的啊？心里失落感十足。差评差评差评、京东的东西就是降价太快，有时候买的东西还没用就折钱了，伤不起！	差，停车厂很小，才几个车位，到了酒店还没有保安迎导你，并且还要收费；房间酶迹斑斑，还号称高级房，换了一间还一样。建议携程：宁缺勿烂。
裤子质量真心赞，摸起来很舒服，而且感觉很高大上，100分	华圣苹果，香，甜，脆，非常可口，是至今为止，吃过最好吃的苹果。苹果的包装非常仔细，非常好，没有一点碰伤，苹果非常新鲜，感觉就像刚从树上摘下的一样。反正非常不错！	如果不是太挑剔，都会对绿舟别墅比较满意的。只不过因为玩的太累了，没有享受那边的早餐及赠送的饮料。补充点评 2008年3月5日 ： 忘了还有一点。从绿舟的门口走进去比较远，步行大概15-20分钟左右吧。如果天比较热的话，建议大家还是自驾吧。	刚买回来咋就中病毒了？
物流服务态度挺好，就是给送到乡镇，送不到地址信息位置	收到裤子后，我打开快递，一看成色简直惊呆了，简直是牛仔裤中的极品，话我就不多说了，好的一批	所有按键经常会神出鬼没的失去功能	这个酒店是我住过最差的酒店，虽然到了机场有免费接送的车，但是到了房间一看，充斥着臭味不说，洗澡的水龙头居然是坏的，只能下面水管出水，搞的只能蹲着洗澡，也是醉了。餐厅虽然挺大的，上菜的速度真是一个慢啊，服务员在那边嬉笑打闹的。本以为是航空公司自己的酒店会好很多，没想到这么烂，再也不会去第二次。
给孩子买的玩具，，我给试了下，运行速度挺快的，像素也高，	这机子外边的透明窗设计的不错，不用翻盖看时间，对屏也是个保护，还省了一个屏，这样也省电不少，银子也一起省了，触摸屏感觉不错，总算不用按来按去发短信了，只是还没用熟，感觉错字多了点，铃声一般，内存小了点，能下游戏我很开心	关于吴信如的这本宏观经济学我决定再评论一下：我不知道他这本书在市面上有多大的影响力，也许很多高校的在校生之所以买此书是因为它是华东师范大学经济学相关专业的考研指定参考书吧，虽然还没有通读此书，但总体感觉也还不错，我唯一感觉不爽的是书的印刷和排版，让人看着不是太舒服...提醒一下考华师大经济学相关专业的学生，认真的复习叶德磊的那两本书，这本书不是重点，学有余力时再好好看吧	就是个垃圾，谁买谁后悔
裤子的款式漂亮，面料不错，穿上很舒服	这个华圣的苹果比超市的便宜，但是没有超市的大，不过也可以了，挺新鲜的！	"新酒店的内部各方面都不错. 服务也还行. 行李生不会帮客人拿行李, 只能自己拎上拎下那台阶. 最不好的是, 旁边一施工工程(海景房对着), 日夜奋战呀!!! 睡着了, 也会给吵醒! 还有夜间工地汽车喇叭声! 下回最起码也得等这工程完毕才能住."	酒店过于陈旧，不满意。
用过一次感觉洗头蛮舒服，618搞活动又买了两瓶，蛮划算的	平板很好 系统流畅 一直回购	*两瓶，说实话，价格上并无优势，商场做活动也是这个价！就是冲着赠送吹风机去的，谁知收到的却没有电吹风！瞬间感觉被坑了！洗发水用着一般，感觉没有清扬男士清爽去屑那款好用。保质期到2020年，这是我在京东买的最扎心的一次！凑合着用吧！	亲们自己看看这火龙果有多小，和我买过的300g的差不多大，绝对没有450到500g，卖家还非常有理的说让我称，特别理直气壮，欺骗消费者没好下场
质量很好，做工精良，穿着很舒适，买的很超值。。非常喜欢。老板人不错，发货快，物流也很给力呢。。五分好评！！	相当不错，是正品，老婆一直都在用，这次又买了一套确实很好	就是安装XP系统不方便，并且华硕官网没有这个型号的专门驱动，只能下载近似型号的。	打开吓我一跳，一瓶漏了一半，把其中的一瓶盖子打开就是这样的，你们包装的真好啊！！！
蒙牛的这个不错！	华君酒店也可以说就是公寓式酒店。酒店交通还是比较方便的，距离八佰伴，东昌路地铁站以及陆家嘴金融区都不太远。看过以前住客的点评，觉得现在酒店的服务要好很多，大概是节前客人比较少吧？！前台办理入住手续很快，且很热情。客房服务也不错。只是房间看上去有点旧，早餐一般，感觉不值68元。不过作为一般出差的选择还是可以的。希望旺季价格不要涨得太多，否则没法报销啦！	是假的吧用完好不舒服再也不在京东买了第一次给差评	差，聊视频都会死机！一星都不想给！！！
补充装，好用！还送2包，好划算啊！一直喜欢用滋源的无硅油不刺激，发货快，质量好！继续买！	使用效果还好，就是一个大版的华为手机，流畅。	潘苹果，不过如此，而且还有压坏的那种，那种现象。嗯，但并不是物流压的，可能就是，或者是苹果放的时间长了。	差，电话一直打不通
昨天到货，用了一天，暂时没有发现什么问题，像素还行	其实觉得到了破晓，故事开始变得滑稽。如果说贝拉拼尽全力生下尼斯，只是梅尔想为雅各安排他的烙印，然后让雅各开始对贝拉的感情变得模糊虚无，我倒希望梅尔安排雅各为对贝拉的爱情痛苦一辈子。那么，谁对谁的爱情是可以确信的呢？如果雅各曾经那么爱贝拉，可见到尼斯之后怎么又会变成那样呢？我倒觉得还是因为梅尔太善良了，她让每个人各得其所。这个故事真不应该再写下去了，还是给人留点悬念比较好一些。	说明里的水果没送，第一次去问说送过来，第二次问就说没有了，给不起就别承诺	怀疑买到**货！一点都没效果，用了等于没用
脆甜很好吃很不错(*?╰╯`?)?	这个是500ml的，比750的小好多，不过整个套装一起也算比较划算的	机子不不错、	冲这个标题，连一颗星都不想给! 确定这是170-210g的??!!    还酸不拉几的
相信京东，相信华为，相信自己！	地理位置：正对长春火车站，优点：方便乘火车的朋友，缺点：感觉环境有点乱，物价较高，但周围各种饭店很多。房间：大小一般，被褥比较干净，离马路有点远，晚上比较安静。卫生间马桶和浴缸有点旧旧的感觉。隔音一般，走廊没有地毯。我们正对电梯，所以电梯停靠和人声比较嘈杂。含双早，种类比较丰富。服务：中规中矩，没什么特色，门童是女的。	刚一买就减价，绝对的坑货！	开箱即发现USB口一个是坏的，触摸板左键也是坏的，惠普的质量控制体系可以用垃圾来形容。要求换货还要客户跑到厂方维修部出检测证明，换货过程中返修单留言多日无人回应，售后电话等待时间超长，服务承诺10天完成换货周期实际用了15天，换货过程中间价格降低400多没有价保（一次都没有用到），商品服务都是垃圾等级的。
裤子很好，面料很柔软有弹性，无色差。第一次买小了，173高132斤换了31码的，刚刚好。建议比较有肉的买大点，这裤子比较修身，大腿太多肉会不好看。	先不说产品怎么样，23号晚上卖的24号该送到的，结果25号才送来，京东配送也不能相信了，送的太慢了，这样也收运费	太差劲，太差劲	要求退货。质量太次。死屏，听歌自己就跳。字太小，没法用。不值
速度快的没话说，东西也不错，挺理想的	第二天就能收到了，感觉真的不错，用了一下	看了就后悔，除了把单词用语言串起来了之外，什么都没得了，还不如直接把那些个单词一一罗列的实在。想增加词汇？靠他，实在是不行，至少是我，看了一篇就没什么在想看下去的冲动了。为了不浪费钱，就用来当本小型词汇表，有需要的时候看着目录查查了。学习英语，特别是记单词，还是没什么捷径可走啊~~&#183;~&#183;	妥妥的差评，看你介绍的和发来的是一种吗？ 大街上甩卖的都这样吧？
裤子不错，穿着挺好，快递也很迅速，发的顺丰，好评	质量不错 款式新颖 大小合适 继续关注	太后悔，在这个店拍东西，拍完不到两个小时马上（降价）如果我迟两个小时拍又可以小200元。	也就拳头那么大，味道也一般，切开还有烂的，门口水果店*的货色，以后还是老老实实水果店买苹果。
第三次购买了，跟原来的一样东西不错，老板态度很好，值得购买。	总的来说，印象很好，房间干净整洁时尚，网络速度很快。对有些要求较高的客户，需要注意的是：洗浴用的花洒是固定的，不像一般淋浴头可以拿在手上冲洗。	不带，机子质量蛮好	我不知道是华为的问题还是京东问题，电脑后盖有细微的划痕，电源插头处有用过的痕迹。这毕竟不是在华为官网买的。
家里一直用的清扬洗发水，喜欢这个牌子！！！快递小哥辛苦！！！！天热也按时送达！给个大大的?	配置还行了，最满意的是京东的工作效率前一天买的第二天就到了！	有蒙牛无幸福	写的要赠的两套茶籽的套装去哪了！？
键盘有点粗糙， 安装无线网卡时需要手工安装，不然重启XP后无线受限	待机时间也太短了，撑死40几个小时（在几乎除短信和偶尔的电话外啥也不干的情况下）。电池不禁用……晕！	最不要脸的价格！还不如一个橙子大小，看准了不会退的吧，也不在乎这评价了，建议千万别买，这是我买过的最小的	差评，表面已部分霉烂，非常小，第一次京东买水果，非常非常失望
物流真给力，京东的物流一直都很棒，东西也很好，满意	酒店周围环境好很好，是个度假的好去处。打车直接让前台叫就可以，还比较方便。房间比较干净，面积也挺大，比一般标准间要大一点有个单独办公桌，很方便。	"酒店的环境非常好,但是房间装修一般,比较旧.服务也不错,有24小时送餐服务.虽然设施陈旧,下次还会选择这里,因为酒店的环境吸引我碰巧是桃花开花季节,非常大的桃园,开得很灿烂的桃花!值得!"	不好，不好，，，，，，，
牌子是一直想买的，但是比较贵，所以一直没有买，这次活动就买了，还送了小瓶	手机用着挺好，送货员态度也很好	京东和盛世竣峰店，不发货，却完成订单，当心，受骗	酒店相当难找，房间很闷，沙发也看起来很脏很破旧。发票只有手撕发票，请帮忙重开发票 居然跟我说要我先寄给它税率的钱。搞不清楚手撕发票也要收取税率么？反正入住不愉快，下次再也不会选择
包装完好，经济实惠，物流速度快，味道很好闻。很好的一次购买。	不错 很合适 一直用沙宣恩品牌 比丝蕴强百倍	卖家态度很好呀，质量也不错的！	啊好用？不好用，服务不好，不满意！！！！
机器买了十天了，这些天一直在用，确实不错，做工很好，外观很棒！重量也控制的不错，电源很mini	外观没问题，下面让大家看下系统和内存，感觉很好，打算买个键盘和鼠标?	太小，口味是酸的，个头还小，比实体店卖的贵多了，不值勿买！	手机外形还可以，价格贵也没东西送，而且耗电量太快了，只能用几个小时就没有了，完全不敢用手机听歌、看电视啊，难不成一买来电池就是坏的吗
送货速度很快，运行流畅不卡，屏幕清晰	1.机身轻巧，手感不错；2.按键手感舒适，键盘背景灯亮度很高；3.内外屏显示效果都不错；4.铃声优美动听，音量较大，支持MP3铃声；5.拍摄功能强大，支持视频拍摄，回放流利；6.支持miniSD卡扩充容量；7.可通过USB数据线连接充当移动U盘使用，数据传输速度较快	已经第二次购卖了，很好用，很好！	"入住当晚,因火车到达得较晚。到酒店前门一看，感觉就象烂尾楼，黑灯瞎火的，还以为出租车拉错地方了。后面到总台一问说是大堂搞装修。上到房间一看，房间内的设置就更差了。地毯上到处是补丁，一股子霉味，我住的还是豪华标双。不晓得普标哪得成什么样？两百多人民币还不如现如今的经济型酒店，太失望了，货不对板(跟图片上比）。"
30多元的衣服，感觉还不错。一下买了2件。	在整个一本书中，色戒只有几张纸。用它来做整本书的名字，太过分了。	一点都不修身，丑哭	感觉不是真的，味道和超市的不一样，并且用过之后头屑很多，头也特别痒，家人用过也是一样，上当
没色差，款式也不错，穿上很舒服	产品质量较好，质地柔软，暖不暖和就另计了。但码数会偏小，买的时候建议买大一号的，免却退换之烦。	非常差 没有窗户 一点也不干净	假得要命、今天洗头，今晚就痒得不得了，头屑也多，这是我对京东失望的原因，不打假吗？现很少上京东了，太假了
质量非常好，面料摸起来很柔软，与卖家描述的完全一致，不错哦，老公穿这很好看	自带驱动光盘，光盘上有VISTA和XP驱动，还是傻瓜式的自动安装。安装完成后，完全可以正常使用。 模具和F80一摸一样，没有区别。 散热尚可。	当初怀着很激动的心情买下了这本厚厚的书，后来学完了才发现，其实笨书并没有想象中那么完美……不是很详细，有些地方还有错误……也许在所难免吧……不过，这个世界上没有绝对完美的事物存在。一旦你发现什么事情好像很完美了，其实它就哪哪都是漏洞。我买此书是为了自学。现在也觉得收获挺大。并不后悔当初的选择。对于学习者来说，真正的乐趣在于学习本身。仅此而已。	不好用，洗一次就没用
酒店周边环境很好，主楼房间比较旧，床还是比较舒服的。但交通不太方便，需要走出去坐车。	"去的时候 ,酒店大厅和餐厅在装修,感觉大厅有点挤.由于餐厅装修本来该享受的早饭,也没有享受(他们是8点开始每个房间送,但是我时间来不及了)不过前台服务员态度好!"	不新鲜，外皮都暗黄枯萎了，吃起来味道也不浓，本来以为网上买的会新鲜，没成想还没超市卖的新鲜	没找到生产日期截止日期果断差评
很不错的东西，经常买，这次飞碟活动买了一大堆！！！后面还会继续支持京东的，么么哒。	衣服不错，挺喜欢的，下次再来光临	再加一句，好像上网也没有收费。最初是20元钱，但最近几次我入住的时候，直接连上网线就可以使用了。希望能够在洗浴小用品上多加改进。	差评差评差评差，物流慢，所以差评差评差评差评
果特别小啊，跟想象中完全不一样，跟卖不出的一样	不满意，都起毛了，有点白	感觉体验度很差。运费，服务，都在下降。坏了一个。	地滩货，垃圾，亏我一直这么相信这个品牌，在也不买这家的了
首先，物流是真的给力其次，裤子也不错，拿到手洗了一下也不怎么掉色，而且穿着也跟舒服，真的物超所值，强烈推荐！！！！	买的套餐95块，很实惠。很大一瓶，还有一些小样，出去旅游带着很方便。	又单独加了条2G的kingmax内存（非thinkpad专用），性能稳定，使用了快一个月，没什么问题	X77该产品经常莫名其妙关机
宝贝质量没的说，大小合适，无色差，和图片一模一样，做工精细，值得推荐	外壳很漂亮，钢琴漆，很有质感。键盘也很舒服。拍照，速度。。。。各种，我都觉得不错，最重要的是，老公很喜欢。O(∩_∩)O~华硕这款还是挺称心的。	这个品牌的苹果买了好多次了，味道好，家人都爱吃。	用了一段时间，系统用的流畅，不卡顿，整体感觉不错？
越来越支持华为了。老人用的手机好几年不出问题，路由器也换成荣耀的很好用，这个平板的性价比确实很高，做工精致，虽然是给爸爸用的，但真心支持！	送货速度快，包装完整，苹果也不错！	一直用这个牌子，很好，第二次买了	洗头的时候用了很多，但是泡沫很少，怀疑是不是质量有问题
包装特别好 快递员也特别亲切 打了两次电话让我及时找快递，给个赞。苹果比较小 但大小刚刚好	钢琴的底漆似乎惹手印和指纹，磨砂的表面应该会更好吧？呵呵，我只能贴全膜了，全副武装。	没有上次效果好，洗发水太稀了	送货什么的都很快，可是用后头皮屑很多，头皮很痒，之前在屈臣氏买的用了两瓶一点问题没有，在京东买的不会是假的吧???
感觉不错，第二次购买了，相信京东	好吃好吃好吃好吃!!!!!吃了再买，很喜欢	"这样的酒店一般,前台服务员善意提醒预定房间有些吵(靠近高架),因为只有这样的房间才有收费的宽带,查看房间后感觉还可以,可服务员就不能等待10min再下楼登记,而是要求必须马上登记,好像担心我们会偷他们的东西似的."	洗发水漏了 差评差评差评
帮朋友购买的，朋友说运行速度快，屏幕大，喜欢	用着很好，应该可以用很久了，不错不错? 京东值得信赖 ！！！那么两大瓶子洗发水，味道很好闻呢，宝贝儿也喜欢	便宜，物有所值。早餐：相对比较单调。	为什么东西撒了，也不给个说法呢
做工一流，外形漂亮，显卡很棒，奥特兰星品牌扬声器，手拖处有金属质感，各种接口比较齐全	个头挺大个的，但是一点味道都没有，进口的都这个样子吗？	"屏幕有点小,市场同价位都是TFT屏且相素在20万以上"	酒店太老了，设施都旧了
除了百香果有两个稍微不大新鲜，其他都堪称完美。	"不错,的确不错,很方便,也很安静,空气好~!唯一不足的是,床垫对我个人来说有点软(我定的是大床)"	到货玩了几天，玩玩王者有点卡顿，其他一切都好。不知道能不能换	哎，大家莫要买了喝喔。蒙牛应该也有问题，我喝还是不喝啊？
买值了，大小颜色都很满意，上身效果挺不错的，一次愉快的网购，赞	房型：江景双人商务房/2006、2008（440元/天、间）客房服务：服务员态度很好，但很挑剔，我故意搞脏一点的小毛巾居然被他们发现了要我赔了5元（我到每处酒店都喜欢玩一玩），宽容度太低。建议非要入住的客人自备洗脸毛巾。前台服务：入住、退房、接待及时态度非常好！很有修养！客房：室内温度太高不能调节，整夜打开窗户还凑合，但下面锅炉房轰鸣声甚大。要外出的话穿衣动作一定要迅速，否则，会汗流浃背（室内外温差约50度）！地面看似干净，不小心很容易带上毛发上床（但被褥雪白雪白的，超干净！很细的毛发都能显示得清清楚楚）。窗外松花江太阳岛一览无遗，可看日落！早餐：超级不好，品种少的可怜（比三星差很多），比如牛奶只能说是有牛奶味的开水（很凉）。芹菜抄肉片的芹菜是黄黄的，肯定摆了不少天。餐厅服务员除了收早餐票的，都无精打采。	说的过去，不支持mp3	全都漏出来来咯，搞的什么！
面料很舒服，质量也还不错，大小刚刚好，发货物流也快	非常好的地理位置，住的是豪华海景房，打开窗户就可以看见栈桥和海景。记得很早以前也住过，现在重新装修了。总的来说比较满意，以后还会住	太差了，简直就是蒙人。和标准间一样，坑人，宰客。	待机太短，反应太慢，死机太易，录音太吵，空隙太大，信号太小，游戏太辍，无聊太多，壳材太逊，卡位太紧，护镜太空，国产太流，广告太假，用时太烦，售后太夸。
虽然有点贵，但是确实好吃。物有所值。	包装好，送货快，没有坏果，但是味道一般吧，一分价钱一分货，总的来说还可以	比较薄，容易退色，不理想。	这件起毛毛厉害，价不对货
水果是越来越差劲了，坏的太多了	真的差，都不想在班尼路买衣服了	头发从没长过头皮屑，用这个洗了两次，头发全是头皮屑，真是要疯了，是不是假货，大家用过就知道了，京东除了配送快估计没别的了	这简直是垃圾，全是皱皮的，味道还差的很。这是买过全世界最垃圾的苹果，像树下捡来的。。
一直都用这个牌子，洗完头发很顺，香香的喜欢这个味道。物流也是一级棒，昨天晚上十点下单，第二天上午不到十点就到了，太迅速了，超赞	给老人买的，很好的东西！	一个位置不错的老酒店，还可以。但是价格不算便宜。	假货，洗完油油的，，，，，，
衣服很舒服，穿上很修身版型也很好，很显身材，而且质量还不错，以后需要还会再来的	一直听说生姜洗发可以防脱发，这次有活动买了试试。	很棒，还要买..........	6月5号收到一张发票号码：10342543（金额为3217元）属于订单号：4491950 但是今天财务拿到税务局没法通过认证（密码区有一行字不清楚）真不知道你们公司的开票员干啥吃的！！！！！！
第三次买了，一如既往的好～满意满意满意满意……	蒙牛真果粒、美丽有新意。	"没住过苏州其它的五星..但感觉万丽还是不错地..至少环境比较好..拉开窗帘入眼的就是金鸡湖水..周边也很静..噪音几乎为零.不象住在市区那般吵闹..周末价比较超值..和心爱的人相拥而眠,再去逛逛江南的小桥流水,怎一个惬意呀..."	以前一直在实体店买这个牌子，发觉网上便宜许多，就果断下手买一单试试，如果好以后就它了
还可以，关键价格超便宜，用京豆抵了*，拼单又少几元，那么几瓶才*！拿回家迫不及待的用了，使用起来和在超市买的一样！味道正宗，洗后头皮不痒，很清爽！	"如此高配置,声音这么小"	紧邻马路和高架，房间非常吵闹！严重影响休息。	很不满意，像穿过的口袋都是脏兮兮的熨衣服的痕迹很明显，无语了面料也不好
这是一部奇书```贵在它的勇气反封建反礼教 请问 五四运动是有意义的么??如果当今又开始重新推崇“君君 臣臣 父父 子子”那么 谭嗣同“请从嗣同始”的一批有为青年的牺牲是为了什么??历代统治阶级编造的所谓“二十四史” 都是为了统治的假历史鲁迅说“翻开.....我所见到的只有?吃人?这两个字....”不想多说什么 只希望那么被蒙蔽着双眼麻木了的人好好看看清楚这种可贵的自由精神的勇气````	这是啥苹果啊，甜不甜酸不酸，跟吃蜡一样，再也不会买了！	这次在此住了9个晚上...房间虽大...却有蚊子..隔音太差...向柜台询问可否能给个电蚊香...酒店柜台居然说没有(实际上是有的)柜台服务员太懒惰....之后经反应...将我的房间换到其他间..住了2天居然被房间跳蚤咬了整个大腿14-15个苞...给柜台看着我被跳蚤咬的苞...柜台人员也没说什么...实在可恶!!还要我事后打电话给酒店经理处理....住了整整9夜...由于来上海出差18天...之后就改去别家饭店~~结帐后...由于我的卡(不是境内卡)需要打给银行确认..柜台值班经理居然要我自行拨电话回台湾....服务品质跟房间卫生实在是很糟糕...	屏幕总闪，估计快坏了，用了不到3个月！质量差！
嗯，裤子很漂亮，穿着质量很舒服，而且质感还很好，嗯现在现在穿刚刚好。好评。很满意的一次购物	还没用，感觉不错。保质期要到2020年了。	再也不喝蒙牛的了。 谁敢喝？ 蒙牛为什么还在销售？为什么还有人买啊？ 抵制蒙牛抵制蠢货！这比抵制日货更为紧迫多了！	大家别买根本不是生姜洗发水
快递不错挺快的，裤子拿到手马上就让男票是穿了，不错不错，挺好看的摸着手感也很好???么么哒	继续再次点评，其他都跟以前一样，只是对于前台的服务速度希望再快一点，多给人一点笑脸！亲和力不够！其他没什么，还是值得推荐！	念晚，对他的哥哥，是真的情到深处！从头到尾，我就听到一次他叫他“哥”，却是死前最后的话。我对他真是惋惜到底，作者也真是够狠心！心肠再硬，就冲他那声唤，也得给他个好归宿啊！一篇好笑的文，就在最后演了段悲伤话剧，却是真真实实的发生了。痛，是我看到念晚死去，唯一的感觉了。	京东无耻，卖返修货
屏幕刚刚好，不错	信号太差基本只有2格	和图片上的不一样 而且不是我想要的修身款，非常不满意	不得不说此次购物非常垃圾，首先苹果太小，其次味道很不好，有股异味，像是放了很长时间，不新鲜
苹果还是比较新鲜的，个头比较小，我比较喜欢小的，一天可以不同时间段吃两三个	王蜀黍：今天有幸能参加蒙牛举办的三人篮球赛，“客队”第一个亮相，经过一天的比赛，终于闯进了6强，等待我们的是明天与其他学校的对决，加油！——同意：11人 http:t.cn/zjh516R （分享自 @深大小评论）	一送到 就裁开洗了，一次两次感觉不到什么    希望有效果 一直掉发希望有缓解。	陕西富士居然是面的，卖的是土豆吗？自营生鲜还行不行啊！
湖光山色几乎可以用完美来形容，客房是实实在在的江南木结构民居，非常干净，环境保护得非常好，员工也非常礼貌、服务不错，特别大的停车场，非常适合自驾游的朋友，其实酒店就在景区内，不过去景区需要买票。	以前名字叫吴宫喜来登，现在改名字了，酒店位置是绝对好的，离开盘门景区是零距离的，住店的客人可以免票进景区的。景区是古色古香的，是古物。现在的酒店的酒店的设施明显是老旧了，下水不是很通畅，水管的水量不是很大的。可能是春节期间，住店客人多，我们是下午2点多道就酒店，等了将近一个小时才有房间的。早上的酒店自助餐和五星级的差距是有点的，品种不是很多的。酒店的游泳池是不错的，是个很好的锻炼的场所。酒店的服务员和管理人员还是很专业的，这个给他们点个赞。希望硬件设施可以得到改善。	"非常的好,服务很热情,房间很新很干净,交通也算方便"	房间挺好，但是内部的电视太陈旧，紧靠马路非常吵人，玻璃也不是双层的，但是吃饭很方便，就在背后有一条街都是
用了两个月，感觉还行，就是系统有些老，华为手机都6.0版本了，这个还是4.0	裤子送来有损坏	一点都不好看，裤子特别薄，像小孩穿的	味道不甜，样子也差。而且还小，服了
还没有用，期待效果吧！毕竟是冲着口碑去买的！	其他都挺好的，这个要给差评，寄给妈妈的，结果我妈说都烂了给扔了，也没拍个照片	物流太慢了，三天才到！！！    不是说京东自营10点前下单当天到吗？？？    **，早知道还不如**超市买了，    还坑我一个plus会员！！！	总结起来四个字：小、硬、酸、涩。还坏了两个，跟我买的另一种苹果一样难吃，打出一星给快递师傅。
裤子很不错，穿着也很舒服，没有任何的色差，料子也很不错，非常喜欢，大爱	集合两岸三地的艺术家创作插图，每一本都风格独特。字号大，跟小学课本文字大小差不多，并且是注音版，尤其适合小学低年级的孩子阅读。能增加孩子阅读的兴趣，而且能增加传统文化修养。书的选择也非常好。如果说有什么遗憾的话，那就是缩写得太历害了点，对于要真正了解传统文学的中高年级孩子，更应该阅读完整版本。是一套质量上乘的儿童读物。浙江少儿出版社一直有很好的表现，值得肯定！	特意用了两天来评价，程序运行很快，不管是玩游戏还是看视频都很好，就是平板屏幕比较大，图片有点失真，但不影响使用。已经关注好久了，华为MT3果然没让人失望。	货已收到，蛮好用，像素挺满意。实物与图片一模一样
裤子穿着超级舒服，很合身，布料也很好 。值得购买 下次还会来的！	颜色不怎么样	真是服了，这包装，搞得我一身过敏，一下午全身都是疙瘩，图片我后续补上	"非常不愉快的一次经历!!!酒店的服务一塌糊涂!!!在下午3点左右入住竟然没有打扫好房间!办理了手续(付了押金),然后晚上再拿房卡.如此一来,竟然对携程说我没有入住!!!折腾了一周多才确认!房价对比酒店而言并没有优势(非常客观!并没有恶言)相隔一条街新开的酒店比比皆是!除了房间大,其他都一般,特别是隔音差的不能再差,对有时间且喜欢听隔壁做爱直播的是个非常佳的去处!我""欣赏""了一晚上!""身临其境""的感觉!!!总之!我再也不会去这个酒店了!!!"
收到货后非常之好，我用之后再评价。大品牌。	还不错吧，刚开始用	原以为红心会比白心的甜，实际切开尝了下，啥味道都没有，第一次京东上购买生鲜，体验较差	没窗户，不好，真的不好！
酒店环境不错，地理位置很好。设施不算旧，还有一个小院子。早餐18一位，粥 糕点 咸菜 样式还算多。唯一不好的是服务员的态度太差了！！！	衣服有一股怪味 感觉不是纯棉的	电池太不经用了，一天都用不上	狗屎 一样的选择，连续买了3次生鲜，真的要放弃对京东的希望了。
拿到这套书时非常高兴，两本一起价格不贵，拿到书之后两天就读完了，真希望这本书能再厚点，尤其是活法1写到的做人做事的理念和方法让人看了之后豁然开朗，非常钦佩稻盛和夫，他不仅仅是经营之圣，而是一个智者，向我们传授道的智者，如果企业家都能做到他这个程度，那么不会再有尔虞我诈。这本书值得久读，里面讲得道理耐人寻味，烦躁空虚之时翻一翻这本书，你会被他感动。	今天做过一个测试，结果出来确实B型人格，当时觉得怎么也不靠谱。明明本妞很A的啊？直到发现《A型人》说明书，才有种感觉：终于被人理解了：）听说亚洲人口中，大多数都是B型人，而朋友也无一例外的似乎都划分在了B的范围，B型人的热闹、B型的喜欢出风头，实则让A们吃过了不少苦头。有时，会觉得在B型人的社会中，A型总会显得有点怪异、过于缄默、很是黯然。所以，当拿起A型人说明书的时候，简直太开心了：	尽管摄像头达到130万像素，但拍出的照片怎么看都不够专业，这可能和它摄像头本身的材质有关。还有内存不大，无法外接存储卡！没有MP3播放功能。上WAP时，有断线情况。有过自己关机的现象！	无吸引力，被书评蒙骗了，不值一看。只是讲道理，无乜实用性！
不错，房间很大，设施比较完备，地理位置也很方便。电视机稍微差了一点。	这次买的洗发水 怎么用了后头皮痒 还有头屑 一下下单的还有另外两瓶 欧莱雅的 怎么用了后头皮痒 还有头屑	使用了刚刚一个月还没评价就黑屏了，送到华为售后检测，说是排线问题，现场没有配件，要从总部调，需要一周才能修好。买机器的时候购买了两个延保服务，结果也用不上。	苹果也很好    差评，果断差评，习惯差评.神一样的帅刀    客服请不要回访    谢谢
套装比起超市，商场实惠多了，之前用过几次沙宣，洗头效果不错。	商品很满意，质量很好，而且配送速度快，配送员服务态度也很好。	很满意，其它的用后再评。	手机没有想象的那么好
一直都用这个牌子，味道很好闻，这次活动浴液的赠品很丰富，京东送货很及时，支持京东?	物流快，东西不错，颜色柔和，视觉舒适，很满意。给五个星下次再观顾	衣服不错，穿着很舒服，是自己喜欢的类型！大小也比较合适	我买这个不怕过期，2020年3月到期，套装还比较划算
妥妥的好家伙，华为品质，希望这个平板能让我省心，持续关注华为产品。到手两天，一直在用，暂时没有发现缺陷。声音好。	包装完美，挺不错的，之前用过清扬的喜欢这个味道	说实话 现在用了之后跟我之前在屈臣氏买的完全两样 不敢恭维	垃圾，才买就降40，还不支持价保，限购商品，太坑，说下商品，屏幕分辨率确实一般，屏幕灵敏度低，比较卡，优点，屏幕大，就这一个
尺码：衣服质量不错，穿起来很暖和 里面加一件内衣就好了 特别舒服 赞一个 良心卖家。	物流很快，质量不错，头发柔软。	酒店位于东方绿舟边缘，环境优美，空气清新。方便之处在于可直接从酒店旁的小路进入东方绿舟园区，无需门票。	不知道‘秘密’的作者有没有采访过本书的作者，从时间来看本书作者应该是更早了解了宇宙的秘密：‘万物皆为一物。当你想要某种东西时，整个宇宙会合力助你实现愿望。’初读会以为是一本像‘壹千零一夜’的某个神话寻宝故事，其实书中的故事寓意深刻，非常耐人寻味，对于想了解人生意义和追求自由快乐人生的读者，本书不会让你失望。读罢本书，我有一个冲动，很想立刻去做我想了两年也没做的事。
住的标间，比较干净，餐厅的菜价格和味道都还可以，也比较新鲜。总的来说，性价比高。	非常不好用，洗的头发特别枯	没见过洗了5次掉色这么严重的裤子（看图），平时把手放进裤兜拿出来手都能变黑！！历史第一次给差评，，这裤子买了就是浪费钱，就地摊货，奉劝各位别买，如果你不介意整个下身被墨水染黑当我没说！差评，差评，差评！！！	差评，差评……京东客服差评，需要的修改寄过来发票每次都说得好好的，一直说开具了，每次十多天没收到
酒店房间确实是干净，没问题，就是要仔细看这个水是偏黄的，热水保持的时间不是很长，住在顶搂的房间，当天正好没有很多的客人，晚上开房门想看看走廊的设施的，结果一看，估计一个搂面就我一个房间有人，十分的可怕，太安静了，安静的我没想法了，酒店里的MINI吧～～看看是几几年的？2年多了还放着，真节约，太节约了，总体感觉不错的，值得一住，但是里面细节做的细致的话，我会经常去的～～	不知道配置的情况下盲约了M3青春版，人的青春期是很冲动的，18元为冲动买单，华为大概就是抓住了这一点，结果很惊没喜！降低屏幕，内存做法很合理，也就差价300而已，但是还用了骁龙435如此强大无比的CPU，不愧为我国之华为良心之作，堪比一代神机再现，水果机都要拜服于此，如此神机给我太浪费了，真还不如买m2，金属机身，麒麟930，用了一周，游戏一点都不卡，活动950+拿下，非常有性价比，就是这系统更新跟不上啊，配置不低却不升级emui5.1，良心的华为。	酒店卫生不佳，地毯很脏，虽然房间感觉还不如经济型快捷酒店的卫生。	京东垃圾
交通很方便，房间小了一点，但是干净整洁，很有香港的特色，性价比较高，推荐一下哦	包装可以，物流蛮快，快递小哥蛮好的，快递到了还打个电话通知一下。值得表扬，味道可以，甜，脆	昨天订货，今天就提了，价格保护做的很到位，昨天定的是4999元，今天用价格保护降了100元，够买个1G的内存条了。	很差的衣服掉色，一个身上都是的。
，蛮不错的，质量和做工都可以 性价比很高哦！	嗯，我觉得这个苹果真的很好吃，而且带有很浓的苹果味也这么新鲜，我还想再买，这个真是不错	"不亏是园林酒店.酒店面积超大,住宿区分很多楼,并有面积不小的绿化.非常适合休闲度假,唯一欠缺一点的就是不直接面对海."	一样的尺码，上次买的刚好合身，这次买的竟然腰宽了8公分，裤腿长了3公分
一直比较喜欢沙宣的润发乳，用完头发特别丝滑，有光泽，味道也好闻。京东品质一直有保证，送货速度飞快。	到了，很好，不多说用后才知好不好，就是多了点三大两小，看样子得用一段时间了，味不错量也够确实华算。如果好用以后就在这买了。看这大盒子。。。。	每次看到好铃声，我都会很感慨，用不到我的机子上啊！！如果是VMD格式的超过70K的真人真唱铃声我机子都不能放，上传可以，但是没想开机，晕	不满意，换货的太慢，己经寄回去换货有4，5天但现在还寄回来，跟踪不全面，下次不要再来，
酒店的服务非常好，工作人员很热情很有效率。大厅超级大，房间装修有一点点旧，不过不影响本人对这家酒店的好感。酒店离机场10分钟车程，非常方便。门口是在建的高架，周围环境目前一般。	没有感觉到薄荷，难道是因为现在还不够热	奉劝大家都别住这么脏！破！差的酒店了，别信什么四星级酒店，住的都快恶心坏了，卫生差，被子破，服务差，隔音差，地毯有虫，一股腐烂味道。	就是个垃圾手机，京东就是个卖废品的，没一个月就烂了，还要自己去检测，差评，非常差评零分！
春节特价入住套房，含早/晚餐，服务非常到位，只是由于酒店有些老，但是设施还算不错！只不过这种春节价位希望酒店能够实现春节特价周末常态化，这样会吸引大部分旅客！	他家特逗，酒店在晚上七点就给我打电话确认入住信息，告诉我房间开好了，已经开始计费。我们在半夜11点半到的酒店，七拐八拐的到房间门口，那两个站在走廊吃东西的房嫂是怎么回事？看到了人装无视继续吃	酒店位置还行，就是服务一般。我在携程上预定的两晚房，却只给我登记了一天，第二天中午续房收了押金，结果服务员晚上十一点还跑到房间来收押金，说中午续房的押金不够：（。	没有HDMI。还有就是下乡补贴产品，怎么没有那个卡呢？还想补贴一下，结果没找到卡，奇怪！
宝贝已收到，京东商城还是一如既往的优秀。包装很好，服务很贴心。快递小哥憨厚温暖，给快递小哥32个赞	京东上的活动，到了年中都会购些囤起来，价格实惠。	一直用这个牌子，适合我的发质。换其他牌子就不行	空调声音特大，上网不方便！
去开展会，住住还行。距离会展中心不是很远，交通也比较方便	较享受这种写法，虽然引经据典，但并不枯燥，感觉作者似乎在用一种翻译体的文字在写，把自己置于一个客观的旁观者角度，似乎书中的一切皆为真实，不过我猜很多神话并非是人类的幻想，人类可能有过那样的人神共处的时代，有过一切皆有可能的神奇时代，只不过今天的我们，多半不会相信了而已，其实究竟有没有，不过是一念之间，如果认为有，就可以找到证据，如果认为没有，那就一切证据都值得质疑。	小编太贱了！太贱了~~喝的是蒙牛、伊利？ 巨胸90后成吉林松花湖形	卡的要死，不如4年前的老机器快，卡的要死
还可以不错，看电影比手机要好多了。	头一回用华为的产品，刚收到正在前期使用中。	房间很一般，不过离机场近	前台领头的瘦瘦高高的化个细眉毛那个，对客人的态度太差了吧。我们好言好语的跟她讲，她倒叼起来了。说2点前退房，我们十一点前就跟客服打电话说要续房，她倒说客服说的没用。那你们不是一个酒店的？最后跟我们说我们的房间被订出去了。在别的客人订房之前，问客人续不续房这是最基本的，你们都做不到。
订货到拿到货物只有两天时间，分盘，安装XP速度还可以，不像楼上所说的那么繁琐，在网上安装驱动后一次搞定，3～4小时，机子速度比较快，运行了一个1G多大的的电影，从打开到播放缓冲了5秒钟，非常好！	先后买过两套《不一样的卡梅拉》，因为不仅孩子爱看，大人也爱看，里面的童趣可以唤醒每个人内心中最纯真的一面。画面精美，语言特别适合孩子阅读，我大侄儿特别喜欢这套读物，反复看，爱不释手。所以今年过年我又买了一套送给朋友的孩子，希望他们能健康成长。	帮朋友买的，朋友很满意这个平板。	突然觉得有点不好意思……回复 不客气…………………………………………………………………………………… 感谢您对蒙牛产品的支持。
买的是正品，质量很好，京东商城的价格便宜多了。	洗发水套装实惠好用，效果很好。	开始想退掉的，结果今天中午给送过来了，打开以后很惊喜，非常不错的平板，国产能做到这样真的超乎我的想象，还有强调重点，京东这次没有给我发二手这次！哈哈	商品不是真的！上当！618活动是不真的！上当！上当！上当！上当！后面的人注意！！！没有泡沫！没有香味！只有味道难闻！！！
用过之后很清爽，喜欢这个味道，洗过后头发变得比较柔软，淡淡的薄荷香味，十分舒服。	宝贝收到了，感觉还不错，味道也ok	散热最好，CUP跑了100%10分钟还是60度，历害，设计还是我最喜欢的铝合框架。	我去你mlgb.百分百是贴牌货.包装盒是打开的.一直用沙宣.这次味道完全不一样.此单后不再信京东.
送的单肩包不好用，说明书不详细，出厂默认的红旗系统没有完全安装好，要进入自带的BOIS设置安装碟为光驱安装，挑碟，该笔记本只适合DIY及对电脑有中上知识的人群。	刚刚拿到机器，开了好几次机，就是启动不了，进不了系统，不知道是什么原因	**店铺，从购买到换货不负责任	买了这么多次，这次收到的苹果竟然是湿漉漉的，这不是重要的，有严重的药水味道，不知道是不是为了防腐烂涂了或泡了什么药水，非常失望的一次购物，再也不打算买他们家的苹果了。
买了好几次了，孩子很喜欢吃，有特殊的香味	1.按键偏小，手感一般，键盘背光灯不够均匀； 2.电池待机时间一般；	望蒙牛伊利杀入国际市场也定坑爹价(￣▽￣)	优点：价格适中，位置方便；缺点：房间奇小，怪味刺鼻；周围施工，吵闹非凡。结帐奇慢，开个发票半小时。
裤子收到了哦 宝贝很好 质量超级好～客服服务态度棒棒的 物流也很快 很满意的一次购物……非常喜欢	裤子收到了，没有色差，穿着舒服，很好。	和第一次买的大相径庭，歪瓜裂枣，太失望了	两条牛仔裤的裤头钮扣都是已经开了的，居然发这样的货给我，必须差评
裤子真的是很不错呢，穿上也很好看，很有型，值得购买哦！！	去年1600多 用了一年很好用 今年女友换机 也要这款 才1300很划算 性能续航配置甩其他千元机器几条街 而且电话平板二合一 十分便利 在外还能随时进行文字编辑类的办公 我手不算大 都能极限单手操作 用习惯了 就真的回不去小屏幕了…	在本地肯定是不错的酒店了，去淮南的话值得一住。	严重怀疑产品质量，洗了跟没洗一样！
裤子挺好的 很喜欢 质量也特别好 绝对正品 很修身 超爱 五星好评 ～	"第一次去西宁，通过携程定的房间。我住的一个房间,卫生间的味道非常大,另外前台有个别服务员服务生硬,象是黑脸的包公,位置也较偏，总体来说与四星级的标准差距很大,性价比也不高。不知道携程怎么会把它定为银牌酒店，因为在西宁也没有住过其它酒店。"	2006年12月16号住了一晚，因为看过ctrip的住户点评区，直到比较吵，专门要了一间8楼的，不靠街面的房间，结果还是吵到不行。而且房间隔音很不好，室外的一点点动作都听的清楚。其次，水龙头的流水真叫那个小啊，虽然中央空调打到30度，淋浴的时候还是冻得不行了，只要随便冲洗一下作罢。	房价要四百多，但感到非常失望，陈旧，脏，比锦江之星还差。以后肯定不会再去了。这样的硬件设施和服务怎么吸引客人呢。
牛仔裤己收到，与商家描述一致！	苹果奇形怪状的（三角形的），看起来不怎么新鲜，完全没图片上那么好看	蒙牛已经不是第一次出问题了，个人永远抵制这种无良企业的所有产品!	太不好用了 难道是假的？ 洗完头皮很痒 很多头屑 尝试失败
不知道是不是五一期间的缘故，感觉性价比不是很高。住的标间B好像是原来的餐厅包间改的，超级大，但是没有窗户，冷气不足，唯一的好处就是电视节目有很多频道。浴室小，水压也小，下水不够快。但是地理位置就没得嫌。	坑，不想在京东买东西了，什么优惠套装，结果特么尺寸都不一样，是误导消费者吗	太坑人了，垃圾，尺寸大了，退货十几天没有处理，坑人的店，大家千万别上当，不要购买	差评，哪个接口一按就往外冒洗头膏，洗头膏味道也不对，包装也跟图解上不一样差劲?，
永恒之塔，魔兽都是可以玩的，非常不错了，极品飞车一样玩。哈哈	苹果卖相很好，而且很甜，很喜欢这个苹果，下次还会支持的	买来给家里小孩玩的，听说还不错！	"全银色的机身搭配纯黑色的背景，很有气派!粗而短的天线也很有个性!屏幕大,还有翻页,看东西很方便!手写功能也不错,手感好，反应快。屏幕显示的图片效果出众，字体也是端庄秀丽,不愧为顶极的26万色屏幕。拍摄没有过多花哨功能,重要得是清晰度,无论远景近景，颜色比较逼真!"
苹果脆甜可口，连皮都是甜的，买了N次了，非常满意。	清扬一直都用的牌子，价格实惠，用起来很好，可以用很长时间了	巨大的屏幕看起来很舒服，3g内存有点遗憾，不过也够用了	跟描述的产品不符，没加绒。
配置比价均衡，玩一般的游戏应该也撑的住了。硬盘250G的比较大了，可以多放好多东西。网络摄像头130万像素摄像头，读卡器，无线网卡该有的基本上都有了。  独立显卡ATI Mobility Radeon HD 3470 显存容量 独立256MB 算是同价位中比较高的芯片了。 华硕还是挺专业的！	我喜欢喝蒙牛大果粒！有心的人会记住(^.^)	洗发水不是正品洗头痒	我拍的是宝蓝色的薄款。而你发的是黑色厚款。这叫我大热天的且不要热死的节奏。而且办事效率太低下的很。我本想退货的，想一想还是算了。给你个差评，你们不会怪我吧。
在京东商城上买的自营商品，这次是京东6.18年中节活动价时候买的。感觉还是可以的。物美价廉，这次还是活动价，感觉还是不错的。挺划算的，挺实惠的。	一天一个苹果不用找大夫，送货上门很轻松啊	三个霉了两个，一个已经腐烂，一个上面都是霉斑	不敢买了 产品质量太差，第一次穿就发现裤缝这里一条布料都要破，而且已经破了！商家还不接受我的退换货申请！
第二次购买了，苹果很脆，很好吃。京东的送货的确没的说，送上门的时候感觉刚从冰箱拿出来一般，很赞！	"酒店硬件和软件设施都不错,服务也很专业,去香港会经常住这家酒店."	服务一般， 设施陈旧	太难吃了，一生都没有吃到如此难吃的苹果，根本就不叫苹果，不酸不甜没有苹果味，还很干，一点水分都没有，还超级硬。
外观很男人	就和远离蒙牛一样 正常人一定要远离@东方航空。	完全没有食欲，今天是25号，我是22号下的单，23号到的，打开后，是透气的塑料袋装着的，放着就没管了，今天想吃，结果，打开三个，每一个外面都发霉了。。。家里人本来就说我买贵了，我也很相信京东，这次真的大失所望	质量太差了，评语找人刷的，大家别买
很新鲜，这次的大小也很匀称，不用去超市了	系统操作简单，特适合中老年人使用，大小合适！	环境不错，服务也可以，不太好找，不能上网实在不方便	我推荐我公司一副总，他看了以后也说好书，现在都没还给我，他甚至不相信此书为一人所写，因为出版行业有时书的策划协作是团队操作的。
一次买了8台，安装师傅帮我装了接近一天累坏了，店家服务态度很好，我发票和磁卡快递给丢了，店家答应给我复印件底单，还打算再买一台自家用。	之前都用的另一款清扬女士洗发水，这个好像是新品，还没有试过这次正赶上促销，就立即抢购了两瓶。但是有一点不开心，晚上12点多才下单，早晨八点多看到秒杀就送吹风机，有一点不开心本来想跟客服商量一下能不能补发，但是京东客服说要需要商量待处理，然后下午就无货了，但是买的洗发水很很划算就不计较这些啦。总之，这一次买的超划算的哦	紧靠维港，风景非常棒。周边有钓鱼的老人，散步的游客，非常安逸的情景。酒店的服务不错，也很安静，就是逛街不太方便，好在有30分钟一班的穿梭巴士可以送到么地道和尖沙嘴的北京道。旁边新开发的黄埔新天地不怎么样，美食广场和商场都不怎么样。下次再去血拼，我肯定不住这家酒店了，虽然服务很好。	差劲！退色难
我仍在喝蒙牛。当年牛根生说，我们就是一家认认真真卖冰棍的企业。我听了很感动。 @蒙牛乳业	"酒店位于昆明中心区,地理位置不错,可惜酒店服务有些差,第一天晚上可能入住的客人不多,空调根本没开,打了电话问,说是中央空调要晚上统一开,结果晚上也没开,就热了一晚上,第二天有开会的入住,晚上就有了空调,不得不说酒店经济帐作的好.房间的床太硬,睡的不好.酒店的早餐就如其他人评价一样,想法的难吃. 不过携程的预订价钱还不错."	图案看着好看 实际裤子很垃圾	假货，洗了痒，还有好多头皮屑！
质量不错，卖家推荐的尺码也合适	可以，有想象中的质量！快递也快！老公也满意	送的赠品是没用的，坏的。	物流太垃圾，慢的要死
已收到，之前买了润发乳，感觉不错，用用看	款式很新颖，我很喜欢	名字都不写，害的别人拿走了今天才给我送回来！里面都拆开了	严重不想要，个头边还发霉，三个小的不要不要，好像那些挑剩的，
不错，昨天用了下护发素，今天头发就很顺滑，活动价也很实惠	裤子收到了，质量挺好，颜色和尺码也都很满意，快递也是飞快，第一次买这家裤子以后会回购的，推荐各位购买.	这本书我是非常非常的喜欢，看了两遍，并且推荐给了很多朋友，还有我的老公，看完后，有种豁然开朗的感觉，对于生活中遇到的许多难缠问题，给出了即简单又可行的建议和意见。建议：自己感觉时间管理混乱的朋友读读看；建议总感觉时间不够用的朋友读读看；建议常立志并且无法立长志的朋友读读看自我感觉，受益匪浅	仔细看有一个有点小碰伤，碎甜，值得买!
产品刚拿到，一看包装很好，拆开后拿去洗头，很顺滑，而且快递员服务态度很好，赞?	"还不错, 房间很大,装修家居都很好,唯一不足没订到海景房间,好像很抢手的说"	撒了收到。包装太简单	环境很脏，不干净，床单好象很久没换过，破旧不堪
功能很全，速度也还可以，重量在14寸里算轻的了。本来想买个更轻点，小点的，价格就高很多，还是它吧。	原来根本不知道有这么个地方，看到宾馆信息，突然想去看看。结果喜出望外，就是我想要的悠闲生活。空气清新得让人都醉了，我的嗓子、眼睛在深圳被折磨得不行，到了越王山就一点没提意见了。下次还要去！	用起一点都不舒服，头发巨痒，每天晚上还要扣痒，觉都睡不好	欺骗人，我订的慕尼黑黑，结果发的是深蓝，还擅自修改订单信息，有与花花公子客服聊天的截图为证。京东应该管管平台商家，太不讲信用了。懒得换，只是以后再也不会买花花公子的东西了。
商品质量很好，价格又很便宜，值得购买，下次需要还会光临。	宝贝颜色款式与实物图片一样，客服也很好	这酒店我一直觉得不错，但是这次住的房间实在感觉不好。门都变形，要用力推才可以。之前一定被人踹过几次。厕所电灯坏了一盏，住三天都没修。住的心情颇受影响	两瓶洗发水丢在一个小纸箱里，里面没有任何可以起到保护作用的东西，一瓶有生产出厂的胶纸膜，撕掉才能拧开那种，另一瓶连胶纸膜都没有？？？你们这样卖东西给顾客你老板知道吗？这样的东西你敢用吗？我一个你们京东的钻石会员，买东西从来没有差评过，一直信任京东卖的东西放心，你们就这样对待顾客吗？
东西真的很不错，性价比还可以	怎么说呢，洗后湿发是润润的，刚用一周效果还不清楚	没用上、好像地址给我发错了、用着怎么样不知道	东西太垃圾了，妈的，收到之后整个像是从土里拿出来似的，妈的什么玩应这样，一次倒霉的购物的，妈的!!!用着也不怎么样，过期了，花了129，买了一个教训
平板很棒，配了三星256G的卡，看视频的神器	屏幕清晰度还是贵两百的好。其他还不错。老人看剧。	刚开始在看介绍的时候觉得这样的一本小说非常不错，毕竟现在短篇悬疑小说好的太少了，小说的监制和主编都是本人也是非常喜欢的，而且一直觉得短篇小说没有长篇那样冗长，等待时间，而事实也证明了这一点，小说里有好几篇作品确实不错，很吸引人，一点都不失悬疑、惊秫和诡异，但还有一部分作品却是一般般，所以给我造成了好看的很好看，不好看的一个字都懒得看，希望以后的迷小说会渐入佳境	没有优点，从外观看上去，还可以，真正到用时才发现产品是多么的不好！手机里面许多功能都不能用，你们说是不是骗人的。其中的WAP就是其中之一。以后我不会再用波导 V10 ，价格高，又不支持下载，你们的手机能走到今天这种地步，也算了不起了。
这家酒店!只要是住在不靠马路边的房间!都应该称之为不错了!特一赞的是好餐!很不错!糕点很丰富的!值得推荐!!!宾馆反馈 2008年3月30日 ： 感谢您的光临，对于您的特殊要求，您在订房的时候可以提出来，我们会在接受预订的时候就给你安排好符合您要求的房间，另外非常感谢您对早餐的评价，我们会继续努力的，真诚期待您的再次光临。 PS 我们靠马路的房间其实光线特别足，冬天的时候特别暖和哦！	（1）按键不舒服，特别是处在边缘的四个健13*#越是中间的键越舒服。（2）制作上和国外大厂毕竟还有差距，上下两片弥合的不够紧；而且LCD指示灯闪亮的时候明显没有处在正中间。（虽然对我没啥影响，因为我不开那个哈哈）；还有就是那个OK按钮也没有方正，稍稍有点往右倾斜。（虽然不明显，也不只我说的这些是不是普遍现象）。有人提到，电池盖弥合不紧或者耳机插不进去，本人的机子倒没这些问题。看来还是个例。但从这些个例中也可见Lenovo手机的做工..........（3）铃声虽然号称40和铉，但明显没有我以前的32和铉的samsung手机好。高音太尖，低音力度也不够。反正听惯samsung手机铃声的朋友对这个肯定会有点不满的。（4）导航键设计得不太好，有点往里面凹进去，这样按起来不顺。	最初给我的270的大床间是临街的，要命的是窗户还是坏的，根本没办法隔音，所以要求换到了不临街的豪华标间，房间有味，所幸得是只需要住一个晚上，早餐另收了10元，结账时前台非常不专业，发票自己随手搞到地上了，还一个劲问是不是拿给我了，印象差	包装差劲，而且里面有土！袜子还是假的！
送货很快 直接送到五楼家里 水果很好	电池较差；说明书太简单（不过也没有多大用处）；没有内胆包附送	手机边有刮痕，应该是做工问题，充电线头有污记，给爸买的，说算了懒得退换	估计是买到假货了。根本不是沙宣一贯的香味，洗完也没有很柔顺，有种粘糊糊的感觉，感觉好像没洗头一样。连官网都卖假货，简直可怕
用了一段时间，效果确实挺好的，挺不错，还会再买这个品牌！	我用2051这款手机，虽然颜色不多，但很柔和，感觉还好，没出现过死机现象。洁白的外身和小巧的样式是令我着迷的地方。	买的适中款的，但是和超薄的是一样的	型号不标准，质量太差了，不值这个价！
总的来说还可以，就是早餐的质量和种类太一般。	速度快，要加钱，速度快，要加钱，，，，	裤子确实不错 快递太慢了。 客服服务态度也不行	没有想像中的好，也没有介绍的那么让人感兴趣．
暂时没什么问题，安装费也很公道	酒店离观全街很近，整体环境很有苏州小桥流水人家的风味，酒店内部环境幽静，园林式的花园就像住在古代大富人家的感觉，就是房间的面积很小，卫生间更小， 床是大床但也比一般酒店的标准尺寸小一些。	回复 下次要买真正的蒙大牛酸酸乳了感谢支持蒙牛(可这图片..)	没看清楚，洗发水是500ml的，比平时用的750ml的小很多，感觉不怎么合算，也不高兴退了
外观很漂亮，键盘很漂亮，DDR3的条子，蓝牙，WIFI全都有，完美屏。。	内存空间小，可以存储的东西少！没有红外线和蓝牙功能，无法满足急需数据或用本本传数据的需要！无数据线传输功能！不支持JAVA！不支持自编铃声！无录音功能！	不行，跟图片上不一样，骗子。	产品尚可，京东服务太差，相互推诿。发货太慢，等了四天才发货，而且期间问什么也不知道。
第二次买了，没买到第一次的版型，不过弹力十足，挺喜欢的	"书非常不错,坐办公室的电脑一族值得一看"	"房间小,服务不错,交通方便.应该说是自由行挺好的选择"	屏幕坏了不想说什么
没有系统这个不好，自己装挺费时间的，还有显卡跟摄像头的驱动两有问题！显卡得装两遍不然什么Direct3D什么的启动不了！	又小又干瘪 下次再也不买了 差差差 记得多年前去农村采果 这种小果都是果农用来喂猪的	腾讯视频会员用不了，联系客服说去核对解决问题，解决了一小时突然就消失不见了。华为还有这么办事的客服？真是醉了	品质很差，一般坏的，腐烂，还长毛
大小合适，质量非常不错、穿上很舒服	"我的没视频,装XP非常麻烦,当然对我来说是这样,我还特地请了人来帮我装"	请问一下潘萍果不是说不打蜡的吗，为什么我收到的货上面都有厚厚的层蜡呢，我真不知道该如何评价了，希望客服能给解释一下	真真恼火，看图说话吧，还没按就出来了
毛巾特别好用，京东神券买的。神券非常划算，可惜经常抢不到。京东确实不错，实在，也是因为有了京东，网购套路才少了些。	住的豪华大床房，房间基本无可挑剔，就是阳台脏了些。早餐要早点去，晚了连座位都没有。还是比较满意的。	东西已经收到.东西不错的	酒店牙具里面是空的，跟前台讲了，也一直没人换，还特别吵。
照相效果很好.	护发素送来瓶子烂的，流了很多护发素出来	太油了，不好用，一瓶还漏液。	跟想的不一样，一次失败的购物。
物流很快，内存占用较大，电池一般，但整体还满意。	"酒店服务人员态度不是很好,卫生一般,也因为价格不贵,所以如果下次有机会可能还会入住."	非常不新鲜，味道有点怪，吃完拉红尿	物流很快很好，发货太慢，差评
送货速度超级快，一天半就送到了。裤子不错的，合身，料子也可以，加绒的穿起来不硬也暖和，物超所值啦。客服很热心与负责，一次愉快的购物经历。	质量不错，下次还会光顾！！！！！	服务态度不咋滴，服务员不专业	机子不错不错，唯一的就是很容易坏屏，屏没用几天就坏了，没的腿，没的走，便宜货就是便宜货，华为技术真差，客服也态度也差，服务也差，京东遇见的客服直接说人工摔的，你**亲眼看到的
不错的一次购物，给朋友买的，朋友挺喜欢	选择珠江花园的原因就是方便，有电动扶梯直接到达海边，周围餐馆、食廊、商场、超市、摊位一应俱全。酒店装修一般，但还算整洁。泳池在大堂的屋顶，因此很小，不过女儿倒是喜欢。包的早餐是西式的，还算丰富。服务吗，一般	房间较旧，墙纸有霉变。环境一般，感觉不象携程上介绍的那样古色古香，而是感觉破旧不堪。不过周围交通比较方便，离景点和汽车站都很近。	这个旅馆没有餐厅，服务员让我们到他们的4公里外的天天福饭店吃饭，结果我们被宰了耶。再去入住者千万别受骗上当啊。补充点评 2007年11月24日 ： 这个小旅馆非常差呀，你们千万不要再去入住这个酒店啊，虽然很远就能看见了在房子上的招牌，但到了房前转了3圈也找不到进入的小门，还被警察以违反交通处罚了。好容易到了房子前，一看是一片乱地，到处是建筑垃圾，车无法进入，无处停放轿车。这个旅馆没有餐厅，出去走了1000米也不能找到吃饭的地方，到处是大商场和购物商店。房间内的设施陈旧的很耶，白色的毛巾已经变了黄色也不更换，毛巾的四周都是线了，甚至还破了几个洞仍在给我们擦脸耶，一想就恶心死了。携程怎么还能将这种民工都不去住的小旅馆给我们推荐，太不负责任了吧。赶快从定房目录中删除掉。
习惯好评，还没吃，吃了，再来追评！	地点很方便，就在火车站附近走路3分钟，但是因为第一次去竟然打了车被司机宰了个起步价，唯一的不足也是离火车站太近了，火车的声音比较麻烦，谁让徐州自古就是交通要道呢，呵呵。如果有可能下次还要入住。	不是特别好有开线的地方	网上买水果还是不太好，有虫眼，不满意
美味一直在发现感谢对蒙牛产品的青睐呦，图图也很梦幻	说是纯棉的，只有百分60，有点失望了	拿到手用了两次觉得不对劲，超市了又买了一瓶对比了下，对天发誓，肯定是假的，超市里买*，京东活动价*好像，以后再也不贪小便宜了。。。。。。造假的人你会有报应的	差评，没送到货就显示订单已完成，售后说要送券补偿现在还没送。
不错不错，很喜欢。质量也好，感觉挺好的。家里人都说好。个人感觉挺值的	1.机身采用烤漆工艺，很有质感。2.屏幕面积较大，显示效果不错，GX20N使用了夏普独有的CG-Silicon TFT液晶屏，26万发色数，绝无仅有的2.2英寸，240X320分辨率超高分辨率彩屏。3.按键面积较大，手感舒适。4.拍摄效果出色，GX20N采用的是35万象素CCD镜头，最高可以拍摄640X480分辨率的照片。拥有4X数码变焦，微距和连拍功能。除了普通的拍摄之外，GX20N同时支持有声摄像。同时七彩的辅助照明灯也相当炫目。5.支持GPRS、JAVA和红外。6.支持EMS/MMS，可发送超长短消息和进行短消息群发，20条预置短消息，可存储200条短消息。	一直用沙宣产品都记不清买过多少次了。像我们老烫头受损发质用沙宣真不错。	价格便宜，性能不错，就是装xp麻烦些，sata的设置费了点儿时间。
包装盒完好，没有坏果子，这个很满意，毕竟买水果看重的，就是这个的    说说送货速度，	太小了！跟水果店没得比，还贵……	这价格波动简直了，**感觉分分钟的事～还没寄到就掉了**手机电池很耐用，就是没有悬浮窗是什么意思～	不怎样，跟我看到图片不一样
性价比特别高。。 回来装XP，装ubuntu都特别好用。。。 不存在装系统的问题。。。	没有以前春节回家买的好了，但是买了6盒，苹果都很红很特别很甜，水分也很充足，大小较为均匀。    这次买的一盒，跟山东红富士外观几乎看不出差异了，不知什么原因，反正没有不红彤彤了，大小差异有较大的。    倒是没有坏的，苹果的方便之处就是不放冰箱也能保持7天左右的新鲜。	再也不喝蒙牛伊利的酸奶了，好难喝 @	登个华为帐号都登不上，送过来的时候连初始膜都没有。别人同一家买皮套，我的啥都没有。差评。
"一直很喜欢林夕所写的歌词,有些歌是伴着我慢慢成长的,所以看到这本书就毫不犹豫的购买了.几年前由于个人的原因,有一段时期感到非常的迷茫和困惑,相交多年的一位朋友曾经一直在开导我,但是我好象对他所说的不是很理解的接受,几年后的今天,在这本书中,阅读到作者的一些似曾相识观点时,我的内心豁然开朗,之前的困惑终于解开,仿佛一股清凉的泉水注入心田,又仿佛是一支来自心灵深处的声音,让人产生共鸣."	酒店离码头太远，建议有班车接送，房间硬件还行，早餐较差。	"160-180业左右的业张全乱了,怎样退货."	坚决抵制蒙牛牛奶！！坚决抵制！宁愿去喝妇炎洁，也不去喝蒙牛！！大家都说我笨蛋，思前想后，为什么我以前很聪明，现在总被骂笨蛋。想来想去，是大学一直喝蒙牛！坚决抵制蒙牛，频繁出问题的牛一定是病牛！
宝贝收到了。质量很不错，颜色和图片没色差，大小正合适，快递速度真是快哦，好评	物流快，东西是正品，信赖京东。	商品质量不错，配送及时。	哎，本来挺信赖华为的，结果买来用了两个月就黑屏了。要说黑屏就黑屏嘛，数码产品看运气，我也能理解，生气的是售后！手机修好后邮寄回来，打开京东的纸盒子一看，手机啊 数据线 充电头 早就从手机盒子里面掉出来了，难道修好手机后给装严实点，用透明胶把手机盒子给封一下都很难吗？第一次差评！
做工、质量都很好，跟描述的一样，穿上很舒服的	物流很快 东西用起来不错 清爽一整天没问题 好评。。。。。	"苹果还是蛮甜的,也比较新鲜.就是苹果偏小,其它都蛮满意的.凑单做活动时买的,有需要再来."	说好的换m号的，结果寄过来还是xl，我一个瘦小的身子就像是穿的睡衣一样！
配置一流，在我F8拷贝五分钟的文件，这台机只要30秒就搞掂，散热风扇够静，外观漂亮，屏幕好看，显卡不是一般的强大，很爽。	预装系统不咋地     XP系统BIOS改成IDE  启动项  第一项启动改成DVD  一切ok    没有像他们说的那么麻烦   光驱像发动机  哄哄的  送的瑞星真的很没必要  建议不要使用	服务很滞后，房间小，淋浴器在浴缸里，然后浴缸下水道是坏的，打扫卫生不加全洗漱用品和毛巾，拖鞋的，不好的体验！	京东就是不行，才用几天扬声器就坏一个，后面的朋友们，想买谨慎啊！
总体还可以吧。装系统搞了半天，总算可以了。没有包，有包就好了。	这个就不怎么行啊， 垃圾得很	刚买了两天就降价好几十，你们也太黑了	这是一个让我比较不满意的酒店。由于订酒店时太晚，没有订上隔壁的“君逸康年大酒店”，本以为天玺与君逸康年一墙之隔，不会太差，结果太令我失望了：1、酒店隔音效果极差，以至于直到半夜2:00还能听到走廊以及隔壁不该听到的声音；2、设备一般，设施基本都比较老化；令我非常恶心的事情是，提供的一次性牙刷非常软，而且最要命的是，牙刷居然掉毛，掉出的牙刷毛粘在舌头上能感受到却找不出来，让我漱口半天才感觉嘴里清爽了；第二天早晨换了另外一个牙刷，效果一样，晕。由于有了这恶心的经历，我才时隔多月仍要上来点评一下该酒店。这酒店对于长沙的住房价格来说，太名不副实了，如果大家非要在这附近住，我强烈建议到隔壁的君逸康年去。
水份很足，口感脆，比较清甜，好吃	味道蛮香的，之前在澳大利亚买过这个牌子的洗发水挺喜欢的，所以这次就毫不犹豫的下了单。说话的嗯，说话的时间蛮快的，速度很快，包装完好无损。	小说：青春万岁，活动变人形，恋爱的季节，变态的季节，踌躇的季节，狂欢的季节，青狐，应该称之为自传体小说吧？是小说，人物与真实贴近，呼之欲出，似乎又担心熟人对号入坐，更怕读者不明戏，书中的谁谁谁，就是现实中的谁谁谁。传记，这该直呼其人了吧？偏偏又欲说还休，深藏不露，打哑谜，把一大群读者打入闷荫芦，乃至打了赌：谁人能将书中的事与现实挂起钩来，揭破谜底，作者还有奖呢！高手？	商品很好，但是，页面上所说的什么赠满***赠两瓶，就是个坑，这个商品套装就是这样的，厂家设计的包装就是就两大两小，哎。
宝贝收到了 超喜欢 款式新颖 价格实惠 料子好 家服务态度好 物流也给力    很喜欢，上身效果很不错，衣服质量很好的。家服务态度很好	每一颗都很饱满，汁多味甜，送到的时候还是凉凉的呢，不错，第一次在京东买水果，没有让我失望！	一直以来都喜欢在京东购买所有 真的好方便	618买的，用了不够一周，就出现充不了电开不了的机的情况，直接换了新的了，然后小心翼翼又用了几天，没事，以为之前的问题是个别情况，这刚过一个多月，重新换的这台又出现相同的情况，开不了机充不了电，试过插电源直充、连电脑充、换不同的充电线尝试，就是不行，简直就是垃圾！！！京东居然没有评负分的选择！居然这么垃圾还要至少评一星！！！评这一星完全不是我的真实评价，只是因为要发表才点的，真是评价-5星吧，没买过这么垃圾的产品！
还可以啦！详细看图片，谢谢！性价比是有的。不行就退就可以了，信京东。快递员最好，尽职尽责。	官方给的VISTA碟子和驱动真是让人很郁闷，拿到还是自己重新装的好。送的鼠标十分垃圾。屏幕分辨率是1680*1050看字比较难受。everestultimate上看显存是DDR2，并不是说的DDR3。	颜色和图片不附	"书本是做为送给宝贝儿子的礼物的,但订了六天还看到,心情都变坏了,没看到就没法评论好坏啦"
非常好！运行速度很快，很流畅	1、T590整体造型设计简约、机身线条流畅，其最薄处比我们平时用的打火机高出2mm左右。边角制作工艺出色，具有良好的质感。2、CECT T590内建丰富铃音内容，其中含有10首短信音、30首40和弦手机内置铃声，以及丰富的个性化按键音内容。3、该机配置30万像素摄像头，支持标准、连拍、定时三种拍摄模式。同时具有定时、像框等多种趣味拍摄功能。4、CECT T590内置收音机功能，为其自身增强了娱乐性。5、“资讯时空”增值服务使用户可以随时随地的享受移动生活带来的无穷乐趣。6、T590支持GPRS无线高速上网功能，这样的功能配置无疑增强了其市场竞争力和性价比。	在酒店住了一夜，是因为这里是淄博排名前几位的酒店吧，总结起来有几点意见：1、总共在饭店门口下车四次，其中两次看不见门童，两次门童不理我。2、前台人员一般，着装较差，有个服务员的胸牌上“淄博饭店”中淄博二字被划掉了。3、客房装修一般，像是翻修过。门都有刷漆痕迹和掉漆现象。衣橱的一个门掉了。4、洗手间浴室。毛巾还行。马桶上没有一般酒店都有的“已经消毒请放心使用”的标签。浴池的下水口塞子坏掉了。5、电视机是老式球面电视，收的台倒是不少。6、因为去的时候淄博在进行文明城市评选工作。所有的娱乐场所都关门了。酒店的也都关了。没有发生什幺小姐叫门电话骚扰的事情发生。7、酒店送的洗浴中心的券没法用。8、早餐还行。我去的时候七点多一点，有的菜品还在上。9、所处街道环境很幽静。	我之前用过霸王生姜，一洗头皮就有点发热。后面霸王下架了，在信和超市买了这产品，用了同样的效果，但这次在京东买了，试用这么多天，没有一次是头皮有些发热的，感觉买到假货了，从没用过生姜是这样的，被骗了
VK800配备了两块锂离子电池，免去了再买备用电池的麻烦。并且此机器有MP3播放功能，对电池的使用会比较高，实际使用中，大概每天通话15分钟，发送短信20条，拍摄图片15张，MP3多媒体播放20分钟，电池能接近三天。如果不是太频繁地使用MP3功能的话，电池待机时间还是不错的。1.百万像素拍摄功能强大2.MP3播放音质好3.64MB大内存	看起来和专卖店的有点差别	华为荣耀7的平板屏幕很模糊，分辨率过低，运行速度慢，因为采用最低端的展讯方案，挺后悔买这款。	本来一直很信赖京东，但是这次令我太失望了，先不说平板质量到底如何，你们这种行为就是错误的，完全就是欺骗消费者，我非常清楚的记得我11.11早上买的华为平板M3日辉金，买的时候只有一台，我便火速下单了，拍完付款后，我还专门看了一下看是否还有货，果然显示无货了，我还说我运气很好，今天看见平板，居然颜色都不对，奇葩的是订单居然上面变成了皓月银，没货吧，通知我一声，看我是否还要货不行吗？以后要是还在你们上面买东西，看来得下了订单后截个屏做证据。服务简直就是差差差。
音质很好，老公喜欢的不得了！速度也很快！值得推荐！	老酒店，设施比较旧，空气流通不好，离机场蛮近，可接送这点好，	叫你们从小不喝蒙牛，不吃地沟油	买的时候175现在却是145，伤心。
很甜很脆，价格实惠质量很好，京东商城送货速度快	这机子够无语的，才用几天屏幕就白一片要么就是条纹屏幕看不到，真心无语。	假货，太失败的一次购物……	最烂的一次的一次购物，萍果小的比沙果大点有限。
不错，给弟弟买的，他很满意，送货速度也很快，昨天下午下单，今天上午就到了。	宏辉果蔬 苹果 烟台红富士 12个 约80mm 总重约2.6kg 新鲜水果	又脆又甜水又多，我每次都买这个苹果，简直甩掉富士几条街	东西不错，但对京东这次的服务不满意，页面显示有货，下单后却说没货，等了一个星期才发货，次日达变成了十日达。这是第一次给京东差评。
"我们入住的是家庭房,外部靠山路,本担心会吵,入住后发现窗户隔音还不错,内部环境尚可,早餐一般.卫生间的淋浴出入量挺大,沐浴感受不错.如果连续两天均要去海边,建议住在连岛内."	"2008年4月19-22日入住,因为搞特价活动,只花了HK100就升级到23层行政房,以下有几点总结:1.酒店有GINGER(姜)薰香味道,很特别,另人感到温暖2:行政房不算大,但大床很舒适,卫生间装修前卫简洁,与房间是玻璃之隔,一次用品也很周全,迷你吧有特有的咖啡壶和烧水壶,与众不同,可以自已煮水泡壶与烧咖啡.床柜有IHOME的可接IPOD NANO的音响,还有DVD与液晶电视3.早餐很丰富,服务很好,并有免费报纸4.有一点要注意,在酒店打LOCAL电话是HK5元一次,但如果拔HK IP电话,却收HK25一次,气死我了,早知就用HK手机卡打了,这个一定要注意5 购物方便,酒店与朗豪坊四楼相通,朗豪坊一楼是名妆店,二楼有BODY SHOP,欧舒畅丹,Khilds等,吃玩都有,很方便6,酒店对街就是SASA,卓越,许留山,7-11便利店,离旺角地铁店只有二条街,二三分钟的路,我很开心,离女人街,电器街,庙街都很近来HK五六次了,我感觉还是住郎豪超方便超舒便,下次还是会住这里,"	总的来说苹果挺新鲜的，不过卖相不好，有几个碰伤了，有两三个不是很新鲜。毕竟分钱分货，等吃了再来评价。	这次买的，很多长得都很丑，感觉就向外面买的次品一样。失败的一次购物！
1. 这本书对王守仁的思想做了很全面系统的介绍和评价。2. 指出了守仁进步的一面和局限3. 对后世批判守仁也做了全面的介绍和解析4. 当年明月对王守仁的思想理解有些偏差，王守仁同样讲“去人欲”，不可不详细研读5. 无论后世怎样评价王守仁，都无法掩盖一代牛人的光芒。6. 至于对守仁的批判，作为学者的他，若地下有知，必然欣喜。	"貌似风扇声音比较大,还有电源接口在机身后面,个人比较喜欢在侧面的."	不想多说什么 明明拍的是黑色的 给我发了个蓝色的 你们也是真瞎 不建议大家购买 质量也就那样	我在当当买了三本医学书，这本是最差的，感觉作者是个江湖骗子，语言没有可读性，推荐的健康方法更是匪夷所思，本人不敢尝试。看看当当的销售排行榜买的，上当了，不是我要的书。
活动时候买的，感觉挺合适的，一直在用清扬，挺好用的！赠了几瓶小瓶特别适合出去玩带着用！客服也很贴心！物流速度也可以！	裤子超级好的。布料很舒服。不掉色。物流也很快。喜欢的赶紧买赶紧买！！	在电视上还挺喜欢于丹，买了书发现，不差，就是觉得有点不值。内容少得很。	东西收到后很不好 都烂了 也有没烂的 不过口感不好 唯一感到满意的就是京东的服务
裤子收到了质量真的很好，摸起来很软，穿着活动完全没有紧绷的感觉很舒服，已经是第3条了，价格也比较合理，牛仔裤弹力超棒，又很修身	4499元买的。整体性能比较均衡，音响不错，外观漂亮，键盘的手感很好。试了一下播放几个1080p高清片花，都很流畅。	总体来说我对这个酒店十分失望。靠近立交，车子来往非常吵。我入住的810房间的阳台门锁是坏的，完全不能锁门，漏风很严重。3楼有一个ktv，我住在8楼还能听见咚咚的节奏声。不知道有多少时间没有清理过这个房间了，在被子里居然有巧克力的碎屑，把我的衣服都弄脏了！！空调只有在12点以后才能开，而且只供应非常有限的几个小时。千万不要去开卫生间门口的声音旋钮，他们一大早就会放音乐。早餐少的可怜，完全没有东西可吃。完全看不出来是07年刚建造的，地毯又旧又脏	客房环境级差，房间里时常可以看见“小强”，新铺的床单上由占整个面积3分之2的不知道是什么液体留下的印记，还夹杂着3、4个黑鞋印，恶心之极。卫生间所有的下水都很慢，在浴缸里冲澡每5、6分钟得听一小会儿，要不就水淹七军了，毛巾都是灰色的，实在是差劲。建议想入住德请慎重考虑。
资源品牌的生姜洗发水还是很不错，很好	"门口服务很好,一楼的湖南菜价格也不贵,味道很好!尤其是菜单上没有的菜,他们会安排二楼的餐厅去做.一个人吃饭的话，汤可以按碗来点,这个很爽! 有8元/10元/碗的汤,很好喝.早餐简陋了点， 我喜欢喝酸奶, 可这早上不提供.房间也是挺干净的.我当时是去电力机车厂办事,很近! 只是叫的有时候真的不很"	住过几次了，谈点儿意见：1.交通方便；2.房间够干净；3.有报纸看；4.窗帘拉不严，住过的房间都这样；5.早晨8：00不到，服务员就来按门铃、敲门，问有没有脏衣服要洗；6.服务员有时在楼道里大声聊天。	房间设施陈旧，服务一般，由于中午到的酒店，网络调试需要帮助，居然说中午人都休息了，得等1点以后上班，靠。早餐还是很丰富的，下次不会住了，性价比不高。
酒店很新，离市中心也不错远，以这个价格在杭州住这样的房间，物超所值。不错！	华圣苹果，不二选择………    为啥呢，因为好吃啊……………………	还是和上一次的一模一样。物美价廉	能不给一星吗？想买的朋友希望慎重！！！！！！
"海景房果然名不虚传, 可以看到整个港岛的景色.服务也很周到.交通也算方便,就是打车去港岛成本比较高, 购物很方便,酒店旁边就有SOGO. 总体来说,非常好的酒店. 绝对值得一住."	我想说 确实很快 什么都好 除了这个推脱责任的态度 不就一个赠品吗 要不要都行	跟桃子大小差不多，品相实在差劲…京东这项业务算是砸了自己招牌了	味道非常大，地毯很脏，屋里很闷！性价比极低！
喇叭音效非常棒，屏幕显示效果也很好，挺流畅的，我不玩游戏，平时就上上网看下视频，物有所值	不错，对比了很多款，最后买了这款，，真的很不错	一点都不好，特别卡，不好用！今天买来十来天了，现在已经冲不进去电了	商品太差了，不建议买，不好穿，没法穿
味道我很喜欢，包装不错，是正品，京东比超市便宜，送货又快，太值！还送了小，有2大3小了。	沙宣质量不用说，送的东西也多。总的来说不错。值得购买。	一边是不停地搞些宣传活动，一边是质量问题频繁被曝光，蒙牛很忙啊，品牌形象不是这么树立的	闻着太臭了，让人很不爽，
"功能强大,键盘舒适,外观也不错,性价比很高,强力推荐"	两天的时间就这么过去了。。。。开始期盼着下星期的到来。。。。同事极力推荐的香蕉牛奶还好啦，还是比较稀罕蒙牛滴香蕉牛奶	有褪色，一般	京东买的苹果手机自打买了就一直有问题后来问题越来越严重，没办法京东申请售后了，从3月18日开始返厂，中间经历了四次连续返厂，每次15到20天，到现在我都没拿到手机，我要求第四次检测后如果有问题进行多维换新，结果京东和苹果售后没有跟我取得任何联系的情况下再次给维修了，并且过后还很强硬的告诉我苹果不支持中国的三包政策多维换新，在京东买苹果的后果就是手机去维修还得准备个老人机备用，现在还不让我在苹果订单那评论了，忘京东有苹果订单的朋友帮忙转发评论
本来浑身不舒服，老妈给的那口白酒真管用，现在小饿，一口气喝了两盒蒙牛。今晚能睡个安稳了，明天工作状态……	位置非常好，就在西街的街口，但是却闹中取静，环境很清新优雅。只是前台太窄，前台接待总是手忙脚乱，客人都一排站着，大家都不排队，谁脸皮厚多叫就能给先办。入住和离住手续均办了半个小时以上。酒店房间还比较干净，没有中央空调，手动空调，呵呵。该酒店胜在环境和位置。	没有蓝牙，没有自带操作系统，光驱工作噪音大，开机较慢，安装GHOST时会重启，要多几次才可以成功（盘没有问题）可能和光驱振动有关。外壳容易留下手指印。	两箱火龙果每箱3个，每箱里各有一个烂的，而且明显不适摔的，就是在外面放置时间太长导致的，请问怎么解决？
非常棒，很大的果子，一分钱一分货这个没啥说的，京东快递也靠谱，早晨下单，下午就收到了！	"比较高的性价比,环境服务都不错.68的自助餐也还不错,每人给10块钱的抵现券,58/人.就是不知道有没有停车场,大厅门口的停车位非常有限.宾馆反馈 2008年7月31日 ： 感谢您选择国宾大酒店入住，并对酒店予以认可。酒店负一层有专门的停车场，门前、后院及负一停车场都能供您停车使用。期待您的再次光临！祝生活愉快，工作顺利！"	不好用 硅感太重 洗都洗不干净 一股子残留感	不将信用的商家、说好的送皮带、一千万个理由不送、我倒是电话费花不少、
房间舒适，环境不错，离火车站近，夜晚还是很安静的，很满意！	蒙牛核桃牛奶。一定要智慧出众呃。。	看着大，实际上太小太小了	给女朋友寄的，苹果不好，还有坏的，现在女朋友还正生气呢，真差劲，千万不要寄给女朋友。
儿子的生日礼物，喜欢华为，支持华为，儿子非常喜欢	东西感觉一般 快递也慢 没感觉出这家店东西多好	配置马马虎虎，经常出现卡顿，电池不耐用，两天充五次电，与官方宣传差太远了	差评，真的不好，样子太土，和图片差别太大，不好，还不如路边货了
"酒店在五一假期前后开始降价促销,感觉不错."	首先一个星期的发货速度已经无法接受了，还有就是你所说的棉质弹力是什么意思，根本一点弹力都没有。更是无法接受的就是蓝色的裤子洗出来水竟然比裤子还要蓝。	产品还OK，就是这个包装，已经不能用一星来评价了，太垃圾的包装了，还有东西都漏出来了，我都没有拍照，如果不相信可以核实送的人员，还有居然用邮政，也是慢慢的，醉醉的	给一星不是因为你的手机不好，是因为还没送到家即被掉包了，收到的是杂牌水货手机，连接WIFI显示的是无线小伙伴。希望京东整治发货送货渠道，不要让你的底下员工断送了京东的美誉。。。。。。。。。。。
裤子很好看，质量不错，客服态度很好，快递挺快，好评！	"裤子不错,物流很快,性价比很高,不掉色,主要是穿上高大上"	手机份量重，而且平常拿在手里，也是腰圆粗大的，没什么好的手感呀！没有任何其它功能！三天充一次电，有些烦！没飞利浦的手机强！	玩个消消乐都一卡一卡的，不知道是不是正品，哎，超级失望。
作为第一部真正意义上的电视手机，NECN940的设计是成功的，其真正的电视功能让我们看到了未来手机娱乐的又一方向。同时，NEC手机向来出色的屏幕显示效果也得到了很好的延续。	因为套装很实惠，所以下手买了，够用一阵子的啦。至于是不是正品我还不会鉴别，不过看着包装还挺好的。	太多惊喜太多意外了，声音太美了，美中不足屏幕有黑边	没有发票，就这一点，差评，
物流挺快的，质量也挺好，和卖家描述的一样，好评，推荐给大家	这套书买的时候还担心宝宝读是不是有点儿科了，到家以后发觉故事很简单，宝宝易接受，还能从中学到很多知识点，现在垚垚通过这套书，知道：1  什么动物夜间活动，还有各种动物睡觉的姿势2  大象平时喜欢做什么，小蚂蚁在要下雨前要做什么3  蛐蛐是用什么发出声音的4  壁虎的尾巴断了还会长出来，还有什么动物会为了保护自己而丢掉身上什么部位5  云是怎么样形成的，为什么会消失总体下来，这套书真的很不错	太卡了 我就玩个手游真的是太卡了 真卡 玩游戏还是不要买了	前台服务员太坑人！入住的时候告诉我们可以送迪士尼！第二天早晨下来时候接近六点让我们去门口等！六点半的车！六点半的时候告诉我们预约了吗？我真的非常生气！害我们等了半个小时到最后还不承认
包装挺用心，收到检查外观，没发现有破烂或磕碰的。主要是甜，带一点点酸，水分充足，吃起来挺脆和解渴。甜度适中，另外有个特色就是核心很小，所以果肉相对占比多些。还不错。	裤子品质优良，老公试穿很合身，舒服。	买完降价 根本不知道京东自营商品为何不宣传	第一次在京东评价，东西还没用，给妈妈买了看电视用的，暂不评论好坏，但是京东换购的活动是骗人的，噱头，我本来选择的是保护套，结果送过来却是保护膜，咨询了n个客服结果都说我选的就是保护膜，他们系统没问题，我想说没问题为什么选的时候是保护套，下单就变成保护膜？写这么多就是为了讲一件事京东存在欺诈客户的嫌疑，如果换购的商品不能如实相送，就请不要放在选项里让客户选。
1、第一次入住这个酒店感觉很好，房间的设施高级，很温馨，酒店的客房服务很细致，无意中与服务员提到房间的空调声响，下午回到酒店就得到了解决。2、酒店的中西式自助早餐丰盛，而且质量不错，特别是当地特产的云耳、笋等天然绿色食品很棒。3、酒店在交通上非常便捷，离机场只有7公里，到旅游景点仅20分车程，而且酒店有安排免费接机服务，司机李师傅很有礼貌，热情周到。4、特别值得一赞的是酒店的客房有免费提供拨打国内长途电话、水果、免费品武夷山岩茶等超值服务，总之相比武夷山其它同级酒店性价比高，非常值得给大家推荐。5、武夷山之旅非常愉悦！补充点评 2007年11月2日 ： 非常好的酒店，房间舒适，服务好。中西自助早餐也很丰富，还有免费水果及茶艺棋牌室消费券。白天游山玩水，晚上活动也很丰富。总之一个字“好”。下次去武夷山再选择住海晟酒店。	华为质量不错支持国产这平板还可以打电话，京东快递速度特别快。	离机场近，有车接送，半小时一班	我想给零分的，可是没有零分这个选项。这台机真心让我很失望。
1.显示效果方面：屏幕色彩显示艳丽，色彩的过渡自然真实，色彩层次感表现的很好，就是在户外光线比较强烈的环境下屏幕也挺清晰细腻。2.特色方面：TTS功能的运用，当按下N940的侧键时，就可以享受到使用语音对短信息等文字项目进行人声阅读，其阅读效果也十分出色此点可谓方便之极。3.操作速度比较理想。	东西不错，售后太差，安装一个热水器400块钱，像话吗？钱给完了发现被黑了！	"质量太差了,穿了一天线就开了下次不买了"	垃圾中的极品。通话质量不好，通话动不动就断线。动不动就自动挂啦。有时还听不到声音。不知连这问题都搞不好，这手机又啥用
本本比较漂亮，适合女孩子用。 键盘超级大，使用起来会相对方便些。 装了xp系统后，没有出现网友说的驱动不好装的情况	裤子收到了质量不错，挺舒服的，物流也挺快的	"哪里象个4星的样子哦! 至少是我住过的4星里面服务最差的. 根本就没有服务! 总台:没有问候, 没有笑容, 没有道谢. 象机器人. 到处空荡荡的.浴缸坏了, 我都懒的叫他们来修, 因为我已经脱了衣服了.真的很差, 那早餐的情形跟个大排档似的.补充点评 2006年10月24日 ： 当然总的来说, 作为中等城市的酒店, 大概都差不多是这个样子的了. 至少安全, 还算舒适."	差评必须的，原因稍后上图，打着纯棉的广告误导消费，还不肯承认错误，我让他们解释下:纯棉:这两个字是什么意思？就无声了…
"首先酒店不好找,说是吴中路,其实应该是在在万源路上,其次,房间给人感觉不是很干净,墙面上的墙纸有点掉下来了,淋浴间的地上黑黑的斑点让人不敢蹋入,可能是装修时流下的油漆或是别的什么东东.......最恐怖的是睡到凌晨4点左右,好象被什么东西咬醒了,开灯一看,尽然是?"	屏幕显示模糊有重影	拍出的照片能和GD88比吗？？？？松下先出了GD88，我们同事用了，我和其他手机比较，它拍照片相当清楚。于是X88一上市，我就去买，它在照相机功能数据是和GD88一样，买来用了以后才知道上当，还不如其它便宜手机。不要说我的手机正好不好，我们公司有4台X88。全在1年里去维修过，我的用了1年，维修已经4次。	就一酒店式公寓，而且维护太差，空调制冷超慢，卫生糟糕，还有蟑螂
中间没有硬心，味道还可以，蛮新鲜的。听说维生素很丰富，吃起来酸酸的，有点粘，总体来说挺满意的。	发错了，不要紧，你到是给我解决啊，没人管了呢	很薄，软绵绵的，颜色很不符合，不值得	太玄了，反而不可信。给爸妈买了有一个月了，还是全新的，完全不敢兴趣。我看那么多人追捧，一直建议他们看，可自己看了几页，也扔到了一边，浮夸-----
很好，参加活动比超市便宜，还不用排队往家提，有了京东，超市再也不去了，好评！	玩游戏 发热快	赠品比想象中要小点，目前没有使用	洗完头发有头皮屑，真心瘆得慌，已经买了也只能这样了。
不错不错的，送朋友家小朋友的，很好啊	送给朋友的，不错，很喜欢，下次再买。	酒店位置一般，好在有定时班车接送，来去机场的时间较有保证。这是最好的一点。房间不算太小，但设施较差，至少看到的三条毛巾是破了洞的。亟待改进。服务还不错，前台人员订、退房干脆利索，班车司机态度较好。卫生实在一般，浴室地漏不灵，水下不去。还有最奇怪的一点：为什么水池上要注明“非饮用水”？难道这水不能喝的？非直饮水就非直饮水好了，非饮用水问题就大了！	用了6天。坏了。自己去检测。厂商换了一台。
这个真心好吃。很大个，很脆很甜。儿子特别喜欢吃。建议购买。	苹果好吃，新鲜，脆甜，相当棒！	离故宫不太远，走路大概10分钟不到点，环境还好，有一点非常不好的是窗帘就只有一层，早上很早就被刺眼的阳光给折腾醒了，郁闷```	不是正版的Lee
苹果的包装真的很好，看着挺好吃。第一次在京东买水果，还不错。	中国消费者对蒙牛的信心是催不毁的	"待机时间一般,扩展性一般"	这帮评委蒙牛喝多了吧。。不会吧。。。
"我也来说两句，用阿卡835两星期了，觉得这机子有不少令人兴奋的地方，显示屏颜色非常靓丽，看上去很舒服，就像是小型的电脑显示器。外形设计和做工以及烤漆都非常好，听说容易掉漆，用段时间才能知道。铃声也很悦耳，体现了40和弦的优势。还有信号和通话质量比较好，以前用okwap 710,信号不是很好，阿尔卡特 OT835 比他强多了。"	特意用过之后再来评价的！很香！好多泡沫！还行很好用！还送吹风机还，就是小了点！给孩子用可以！京东自营就是好??????????	蒙牛!好可怕…!	差评，到现在都没有收到货态度差
这套书目前是我5岁女儿的最爱，每天要要求我给她讲上2本。这套书用“化身游历”方法近距离接触各种科学知识，真是非常奇妙的创意！看得出出版社也很用心，每本前都邀请相关领域的科研人员写序言。总体内容适合4岁以上的小朋友，因为内容还是很丰富的，也需要有一定的理解能力，太小的孩子可能会不感兴趣。总之，好书值得人人拥有。	一般，毕竟价格这样	不新鲜 像放了好久一样 不甜而且还带酸 尝一点就扔了	第二次购买，这次买了三份，每盒两个，超厚超大的包装，每盒里总有一个小的可怜的迷你小火龙果，攥在手心里几乎看不到，多年的京东老客户，最失望的一次购物，哎。什么也不说了
酒店的设施还是不错的，大堂的布置的比较气派有气氛，房间虽不算很豪华但各种设施很齐全。但可气的是原来看到订酒店有送１００元的餐饮消费券，但你不问就没有得送，因为有这项优惠，我们就去西餐厅夜宵，消费了近３００多元（东西超贵的）．而且走的时候，也没在系统上显示出来，有个大姐级的人物还斩钉截铁的地说自己是大堂经理，从来没有不知道这项，搞得好象是我在无理取闹一样。结果还是在我坚定的要求下，才去咨询其他人员，其他很多人都知道是有的，最后才免了１００元，浪费了我好多时间。	老牌宾馆，设施很旧，两百多元一点都不值，网速较慢。	我以前买过也见到新笔记本都有屏幕保护膜，这次没有，不会是返修或用过的吧，肯请大家告诉你们也是吗？	绝对差评。除了快递大哥还可以。你们客服小雪有问题的。有没有赠品都他么给老子说有。差评差的就是这口气
性价比不错，3DMark 06 5022 Cinebench R10 4021 在浏览网页情况下，电池可以支持2小时20分钟 完美屏。机器散热良好 屏是友达，2006年第一周，色彩一般。 装XP比较麻烦，驱动要用户自己去找。 触摸板离键盘太近，打字容易误触。 键盘手感一般。	第一次在自营买水果也是醉了，虽然有重寄但是心情大不好，是送人的呐，一开箱都是烂的！	有差距，下单下的二条一样的尺码，结果，带欺骗性。	"一个字:差,2个字:很差.3个字:非常差.实在不能住人.哎!要不是其他饭店太贵的话，我是绝对不会定这间的.CTRIP没有把真实的房间照片反应出来."
物流很快 卖家的服务态度也很棒 裤子洗了一下 没有太严重的掉色 而且裤子也很软 弹性也很不错 总之 很棒 值得购买呦	苹果很好吃，很甜也很脆，大小都差不多，	不能给人什么深刻印象，老五星，价格比较低。。。可以入住。。	惠普预装的软件太多了，竟然有72个进程，vista又太垃圾了，cpu是单核的，特效全关机子跑的还是有点慢，新上市的本本驱动又不多，想换xp只能先等等了！
很好，挺不错，很喜欢	买的大了，纯白色显得有点单调。	可以用不到的。紧来？	严重差评，3个都坏了，还很小一个，物流太慢。
"房间舒适,宽带够快,服务员素质不错,还可以免费三餐.入住第一天有免费饮料送.餐厅的自助餐味道不错.出门打的也很方便.就是酒店暂时没有娱乐设施,除了KTV."	反应有点慢，分辨有点低	这个火龙果不如另外一个牌子好，建议别买。    太坑人了，把很小果子包装了几层装大盒子。    不如去外面店里买的好。	酒店设施陈旧，卫生条件很差，电视不清楚，去酒店的道路特难找，携程说该酒店近劝业场，我打的去１０元钱，大家说近不近．不过酒店的保安服务很好而且热情．定了２个房间，晚上问前台要根网线上网，告知上网不是免费的，要收１０元钱，靠，网吧多钱啊，真黑．劝大家一定别定这个酒店，后悔死你．
衣衣质量很不错，穿上大小合适，款式好看，和卖家描述一致，老公很喜欢，赞一个！	特意等手机用了一周后来评价。发货贼快，上午下单，下午就到货。手机总体不错，适合看视频，京东网站最后一部手机被我买到	晚上有电话来！！ 一个字，烦！！！！！！！！！！！！！！！！！！！！！！！！！！！！！！！！！！！！！！！！！！	9月20日入住。总的来说：失望！开始拿到的房间，房间内充满很强烈的烟味，实在忍受不住，要求换房，不知是否前台有意见，给换了一间比前一间小的多的房，算了，将就一下睡一个晚上吧，心想。但一躺到床上发现不对劲，床垫中间是凹下去的，没办法躺的舒服，又不敢再叫换房了，不知再会出现什么问题。只好整个晚上睡在床垫的边上（那里没有凹），但整天晚上提心吊胆的怕掉下床！郁闷！
个人觉得还是国产的好吃一点！这进口的烂的很快！感觉味道还没有国产的甜，个人觉得国产的要好吃的多！	手机还好 像素1300万 我想说有300万吗 还没有我已经用了两年的800万的好	酒店真的一般，手机信号不稳定，无线网络连不上，卫生不好，唯一优点离机场近些，价格588，个人觉得不值啊?	1 房间很小，地毯很脏，白毛巾显黑色2 中央空调有异响，后半夜只好关掉3 洗澡水忽冷忽热
发货特给力，换好的衣服非常满意，款式颜色都中意，店家的服务杠杠滴，绝对值得五星好评。	发货速度一流，苹果稍微比较脆，口感不错，还是可以的！	屏不错，，我装XP很顺利，不知道别人怎么装的；数字键偏软，主要是看重电池，不过到底好不好要多用一段时间才知道	质量太差，物流太慢，下单后第三天才发货，颜色误差大，明明买的是蓝色，收到货一看成绿色了，很失望的一次购物
屏幕很亮丽，非常悦目，各项指标都在购买前预料中，质量不错，外观也秉承HP的传统机型	本次入住酒店的网络不是很稳定，断断续续，希望能够改进。	要加绒的收到的是没加绒的，.图片上的颜色与实物相差太多	我感觉京东卖了电商装清扬，一点都不凉。以前三哥前几个月买的那个也是，是不是假货我都不知道，我都不知道怎么说好了又没办法去验证是不是真的。
裤子质量很好，颜色正。稍有些大，整体不错。	不是每个人在成长的时候都有一个美好的环境，指引你走向健康、成熟的心智旅程。也许一些坎坷、挫折在心里留下的影子并未随时间流逝，而你又无法自己解脱。苦苦寻求外界的帮助又迟迟得不到要领。某年某月的某一天，无意中翻到一本书，那似曾相识的场景，那些捅破多年来心里隔阂的窗户纸的文字，带着感激的心情用心浏览一页页解惑的篇章。感恩的心，感谢命运，感谢有你，让我有勇气做我自己...	装系统麻烦，XP要改IDE装，然后再改回ACHI 装Vista有点慢，而且搞不定激活	穿一次扔了，各种沾毛，黑变白
大品牌值得信赖，京东购物方便快捷	还是不错的.	裤子要粘毛不好	佩服京东，这么袖珍的小苹果是在哪里进到的货？还敢说是红富士？当别人都没吃过红富士是吗？那些评价说苹果个大又好吃的人，你们是京东花银子雇来的吧？
蓝牙，WIFI，摄像头，SD读卡器，还有E卡插口扩展。1G内存，250G硬盘。1024*600的标准10?屏分辨率。真是全了。	目前使用还不错，颜色大小正合适。	水果很新鲜，像新摘下来一样，酸甜可口，就是个头有点小	屏幕质量太渣，分辨率屎一样
与描述相符，通过京东秒杀买的，便宜实惠，个头有点小，两天邮过来的，天气太热拿到手里热乎乎的，还没吃放冰箱里凉一下～信赖京东，好评！	苹果很漂亮，包装很结实，京东生鲜靠谱。	挺好吃的，价格也不贵，快递非常赞！	最近用了几次这个洗发水，还可以，京东做活动送货也慢了啊
"< 考拉宝宝吃饭了>的绘画风格是我很喜欢的.比较精致,色彩和谐鲜亮的一种风格.考拉宝宝和小仓鼠皮皮还有考拉爸爸,考拉妈妈的形象都很可爱,很有立体感.我给女儿选书都喜欢精致的漂亮的书页.考拉宝宝的饭是土豆泥和豌豆.看了书,我也马上给女儿买了豌豆和土豆,做熟了以后,她很爱吃.应该两岁以上的宝宝都可以看的.纸的质量较为厚实,但晚上在灯下面看会有反光,不知道是不是对孩子们的眼睛不好.因此还是白天看吧."	以后再也不喝蒙牛了。。。一天拉了十几次。。。难受啊。。。	短信铃声只有一种，很单调！电池不稳定，明明显示充满，可不久又没电了！一旦没电，马上关机，连个提示都没有！和其它牌子相比，这点太没人情味！没有自动开关机功能！显示屏不清晰！拍出照片不行！没有夜拍功能！没有彩信功能！菜单默认为英文，每次都要切换！电话薄太弱，查找联系人只能从上到下地翻看！短信只能存100条！不能录音！	一点都不好，连耳机那些什么也都没有，别人家都送好多东西
质量不错，做工精细，穿上很舒服。	太小不划算，还不如去超市买的，价格一样，比这大也比这好，水果还真不能从京东上买，	酒店服务让人很无语，把东西落在了酒店，退房酒店服务都没有通知，打电话询问前台说明天给个答复，然后就石沉大海了，自己又打电话再次询问，还是一样的说辞，又等待了两天，依旧石沉大海，再次打电话询问直接拒绝来电了，真的是让人很无语，东西丢了就丢了，但是诚信丢了就无法再弥补了，真心觉得酒店的管理者该关注一下自己酒店人员的素质及管理了。经常到深圳出差，对深圳的服务印象始终是不错的，结果这次真是让人大开眼界……另外，酒店一直没有发票，看到很多人都在排队等，商旅乘客得谨慎了	很普通的酒店，收费竟然这么贵，连三星都不够，总之就是太差了
桃红色的看起来好Cute，屏幕色彩绚丽细腻，拍照效果很棒.我买了之后很多人都夸	拿到手就更喜欢了，漂亮的外观，运行流畅，值得，华为没话说	1.8月入住的该度假村，环境确实如网上大家所述，不错，挺满意的。省道上的标牌也够大够明显的。2.入住时可能正遇上该度假村接待一个中行的什么活动吧。说是网上预订的风景房，结果给的房间只能看到浓密的树杈！（莫非这也是一种风景？）3.尽管服务员帮我们换了个树杈不是很浓密的房间，但离我预想的风景房好像还是有所差距的。最后给的解释是：要看风景最后还是到屋外去。晕！4.早餐尚属一般，但服务各方面都是不错的。尤其是停车场，还要求我们按其要求的一致方位停靠车辆，够可以的，赞一个！5.该村最大的优点就是，风景不错，有点世外桃源的感觉，尤其是还有室外游泳池和网球场。（尽管我没机会享用）	6芯电池太重了了。。虽然续航时间长，但是未必所有的用户都会需要这么长时间，可以考虑提供3芯和6芯的一个选择
京东商品和服务一直很赞，速度又快，完全没意见，只希望发票能更方便一些，不要零碎开那么多张	装修中，预定酒店隐瞒真相的	朋友转机，帮朋友订的，据朋友反映酒店卫生条件不好，设施陈旧，主要离机场近，价格不算太贵。唯一优势，有往返机场的机场大巴车坐。	质量实在不咋地，刚买了两天就天天死机，什么软件也没有安装，真是够了
待机时间太短了，不连接网络不玩手机只能待机一天，问了客服，客服说，这手机电量只能用一天，我也是醉了，挺失望的	Wifi网络不稳定，垃圾	不好，明明买的是领般的牌子，发过来是利堡，跟图片不一样	这也居然说是大果，和平常买的小果一样    而且皮都蔫了    这次是买水果最坑人的一次了
服务态度好，宝贝好，全部5分。	快递很快，头天买，第二天就到货，京东就是快。给儿子买的，不知道好用不，用后再来评价	今早去楼下买袋牛奶，老板问我要什么牌子的的，我说蒙牛的吧。老板又问是否我钟爱这个品牌，其实我是不愿意被人选择。@陈涛涛227	衣服送回来褶皱很多，我用清水泡了一下晾干还那样，联系客服，客服同志也是据理力争，为客服同志这种维护本单位利益的行为点赞！对我来说，如果不是特别看不过去的事我是不会找客服的，甚至很少在京东上评价，但这次确实是差了点，让人不满意，不过因为工作忙，没精力，这次就算了，不计较了。
"挺好的，穿1,2个冬天还是没问题的"	待机时间短，又常死关机。	我付款已第三天，至今未收到货！由于点错了，才进到这个介面的。无奈中！！！	当时下了单，没过一会申请退单，骗人说钱立马到帐，说订单己取消，订单钱没立马到帐，还继续发了货，这不是强买吗？这什么服务态度，再也不相信京东。?
一直都是穿班尼路，很好，喜欢，一直都是买这品牌的衣服，好评	味道不错。以前一直买红旗坡苹果，现在也试试其他的品种	质量太差 太薄 与图不符 物流也太慢	看图！头一次见火龙果叶子如此多！这火龙果肉如此小！再也不会去购买了
裤子质量很好，穿上正好合适 很满意	价格偏高，且没有赠品。 运行vista有点慢，最好装个DOS好了，也可以降降价。	买回来给老公出差备用的，几乎没用过，听筒声音太杂，说话都听不见	穿着不舒服，不是棉的。尺码太小
给母亲看电视用，收到后包装完好，屏幕有的晕眼，相对1000块的东西非常不错了，很满意。	这本是依晨的求学日记，安排得非常紧凑的纽约客生活却充实至极通读完，会觉得这个女孩子比电视中、比想象中更真实，更贴近我们的生活。依晨对新知识的渴望和对新生活的期待，让我也觉得读书真的是一件非常快乐、非常带劲的事情呢！果然，要经常看一些可以鞭策自己的书籍啊~虽然很多人说明星的书很多都是代笔的，但是，我觉得那么真实的感受，怎么可能是代笔的呢！支持依晨——因为你的文字！	感觉也不算５星，还不如协议的好呢．看来只有我们协议稍微满意点	买回一看，跟夜市买的一样，*
苹果特别好吃，特别脆，特别新鲜，味道特别甜，价格又便宜了，建议大家买	很划得来的一次购物，经常在京东这家店买洗发用品，信得过	各种励志，成功学的书汗牛充栋。自己多年以来也读了不少，后来干脆对于这种书敬而远之。因为，这种书中往往是自我催眠，各种雕虫小技，给人以智慧的实属凤毛麟角。但是郑老师的书，以佛教智慧贯穿，融合现代人的感受和困惑，帮助人转识成智，读后让人觉得内心温暖，同时又加强了智慧的判断力。台湾人的人文主义教育，传统文化的教育，对于人内心世界的关怀可能要比新富的大陆的更加进步一些。	还不错，布料还可以，腰也合适，就是裤脚长了点！！！
裤子质量很好，做工也不错，穿上也合适	东西绝对正品，赠品也很棒，给岳母的母亲节礼物，她老人家很喜欢	东西挺好的 很好看的版型虽然分辨率不高 但是这个价钱值得了 给老人看视频用的 自己用用也还行	80的果子还是很不错的，甜脆，70的感觉就不是一家人了
包装完好。一打开盒子，看到红红的诱人的苹果，心一下放下来了，因为第一次在网上买水果。这苹果看着不错，闻着也有着苹果的清香。待尝过后再追评。京东的服务超一流！	酒店五一期间不对外打折，经过电话咨询后，酒店和携程沟通后放开了空余房间，我们顺利的预定了二间房间。酒店硬件还不错，但床不是很舒适的那种。可能是五一期间，早餐品种不多且新补充食品似乎不能及时。我们退房时候匆忙，忘记一个房间内柜子中放置的备用衬衫和裤子了，幸亏服务员查房比较仔细，在结账时及时送还了衬衫和裤子；但我们将一本考试用书忘记在另外一个房间的桌子抽屉了。我们在第二天晚上20:30才发现，当时已经到太原了，电话联系酒店大堂副理（男的），对话里对话先是推托说明天再答复，后来说查一下告诉我结果。后来打来电话说客房没有。我又打电话问了客房部，客房部的一位王姓的小姐告知我他们发现的该书，问如何给我。真是感谢她！我请她代记录下我北京家的地址和邮编，请她们帮忙EMS快递一下，邮费由我出（选择对方付款）。第三天上午，我再次电话给客房部，说书已经送达前台了，真晕。幸亏碰到了大堂经理李小姐，她答应用EMS给我快递，并垫付了邮资（因为当地没有对方付款选项），我当晚在石家庄上网后，通过网站银行给李经理的账户转账了邮资。感谢李经理！同样是经理，差别怎么这么大呢？	一直都用这个牌子，生过小孩了头发掉得厉害希望有所改善吧！	像超市的特价水果，蔫的一塌糊涂，还都发霉的。不值得买。差评～～～
几天前买了一条，穿起来舒适、有弹性，款式也新鲜，大少刚好，比本地商品便宜，有超值感觉！三免一也值得推荐，店家厚道，给你一百个赞！	潘苹果真的很好吃，一打开箱子就闻到浓浓的香气	苹果新鲜、好吃、非要好、满意。	假货！假货！假货！千万不要再买了！还不给退货！最后一次在京东卖洗发水了
料子穿起来也很舒服，老公很满意	货品没问题，就是京东快递员态度太恶劣	太啃爹了第三天就降价一百，无语了	缺点太多了，信号不好，经常死机，待机不长，，最主要的是天线的那个头经常掉，我买了不到一个星期天线头就掉了，质量真是差的可以，气死我了！！！真后悔买这款手机！！！！！
第二瓶了这个牌子的产品还不错?还有赠品送哟	质量好，穿起来舒服，只是领太高，冬天用来打底，见到领口	重量不到1kg，表皮多黑斑，果品很蔫，对此货物不满意。	一直在京东买施华蔻的产品，这次是最差的，每一瓶都脏兮兮的，明显有擦过尘土的痕迹，既然擦了你们倒是给擦干净啊，严重怀疑是积压产品或是产品的真伪！
宝贝非常好，价格合理质量保证，我喜欢，给好评！	很好！！！！一整个箱子！摆放得也很整齐。	大果和上次买的中果没差别，价格贵很多。	灯不亮，地毯脏，前台服务差，没有发票，不值得！
华为的做工确实不同凡响，国产标杆。特意用了一晚上才来评价，性能杠杠的，价格也非常实惠	酒店设备不错，也干净，但离地铁站还是有一段距离，要穿过好几个小商场，没什么路标指示，还是要问一下人。但这样的价钱，性价比算不错了。而且用港币付款，兑成人民币很划算。	说真的，第二次买了，就上面一层个头还不错，下面全是小的	烂了的也要往里装，信誉还不如这几块钱吗?我买了两次，这次让我很失望，都长毛了，不合适率50%吗?我很少给人差评的，但是为了大家不上当，必须给，有零星吗?
相当不错了，好赞，安卓系统平板中的战斗机。。。。	看着还不错！活动套装还可以，好用下次回购！	买来看考研视频 但是播放视频时会自动减音量 调都调不回来 必须退出播放 会不会再次减音量完全看人品。和客服反映了两次 先是说第三方播放器的锅 再换成自带播放器还是一样 又让我换成第三方 最后成了耳机的锅?有没有大神知道这个是啥情况 求解 ??	文笔一般，写得也一般，史料也不详细，网上评论言过其实，业余作者玩票性质。不建议购买，下载看就可以了！
很好的平板，速度还可以，清晰度也还行，看视频不卡！玩游戏一般般！虽然没有光线感应器，合上皮套不能自动熄灭，但是这个价格在这里摆着，还要啥自行车啊！有GPS，16G内存有点小了，需要加个储存卡，总体来说推荐购买！	买了一份，的确不太新鲜，当然，水果这个东西保险期短，也是可以理解的。	热水不热，服务态度差	京东拍卖超垃圾，东西不让评价，收到的有质量问题都不给退，垃圾，败坏京东名声
京东物流太赞了，快且方便，虽然还没用，但感觉还是不错的。	第二次去住，带着狗狗，保安说不能进去，我告知迟一点会交给朋友带走。保安无进一步意见，前台也未作任何提示，顺利入住。从进房间开始，就不断受到关照。1.一分钟后敲门告知要记得带狗狗出去；2.五分钟后打电话告知要带狗狗出去；3.十分钟后打电话告知要亲眼见到狗狗出去；4.十五分钟后告知如果没见到狗狗出去，他们要进房间检查；5.二十分钟后，再来电话，俺提出退房；6.三十分钟后电话告知退房要收人民币壹佰块！7.四十分钟后，朋友带狗狗出去。ps：期间狗狗没有发出任何声音，就好像是一条哑巴狗。不会再选择这家酒店了。	挺好用的，但是出厂为什么没有保护膜，屏幕有小划伤，不仔细看，还不知道，充电插口不好插，我一向是给京东好评的，但是这差评是给华为的，京东物流就是快！给物流点赞！	华为真是大骗子，明明摄像头拍照质量极差，还要硬说成是单反级效果，跟普通的数码相机拍摄的效果差了十万八千里，就这样还吹，吹，吹，不是无耻的骗子是什么！！！
酒店条件一般，不过地理位置很好.出门就是超市和水果摊，买东西很方便。超市关门时间比较早，不过水果摊倒是到很晚还有的。出酒店走5分钟就是万胜街，有很多小饭店和当地的快餐。总的来说还是比较适合旅游居住的。	平板大小合适，就是分辨率不太高，	好小的门面，没有电梯，房间也不是很一致！最郁闷的是我不知道我们公司跟他们有合约，他就让我的客人（另外一次）直接用我们公司的名义住的酒店，而没有通过ctrip。还好第二天ctrip打电话给我确认，让我退单了。	坏果赔偿两块钱，奖励的京豆也扣掉了，真是恶心*
宝贝收到，立马试穿。做工精细，用料考究。款式升级，价格厚道。此店商品，件件点赞。    衣服不错质量很好很喜欢穿着舒服好看朋友问在哪买的正推荐呢很好的卖家很好的一次购物下次还会光顾的	还不错，没有发现外表烂的。不知道里面如何。	苹果表面好，心已经坏了。再不买了	没诚信，没诚信，没诚信。
超级划算，赶上618买，一直用沙宣的洗发水，好评	看清楚一点，买蒙牛雪糕里面还送螺丝....太吓人了！	真他妹的苦，皮比图片厚太多了吧。不好吃，比朋友老家带来的红柚子差太多了。。。	1。外壳钢琴烤漆，确切说是指纹收集器，记住是指纹收集器不是指纹识别器。 2.买了两台都有亮点，没啥说的，说我人品差，我认了。 3，液晶屏侧面漏光，这明显是做工问题，比同事的神州都严重
苹果很棒，保存的很新鲜，没有坏的。	买这本书是因为柳云龙，他在《暗算》中的精彩演绎让我很发了一阵花痴，他演了山楂中的老三。看完之后才知道，没有人能演绎完美的老三，静秋何其有幸，能够有这样一位男子爱她，为她付出。或许生于80后的我无法深刻理解他们那一代人的的理想与信念，但爱情的主题永恒，不分时间与空间，她就如蔡琴的那首老歌：是谁在敲打我窗……，徐徐道来，如泣如诉……	看了后，觉得这本书有些名不符实，没有什么触动心灵的东西	搞啥啦？没有多少能用的啦！都冒出来了。
大品牌。值得信赖，一直买它，很好用啊！！！！！哈哈，，不错，哈哈！！！	這是北影的教材，北影的攝影專業的實力應該是全國最強的，所以它的教材也不會錯了。這本書的作者是顧錚，瞭解攝影的人都會知道他的，他是我國目前比較權威的攝影史和攝影理論家了。這本書的條例很清晰，語言也很簡潔，沒什麼瑣碎的話，作者的一些看法也很勁道。但唯一的缺點就是裏面的黑白版的圖（最後又十多頁是彩圖，前面都是黑白圖）印的過黑了，有點失真。	坑人的蒙牛！！	"定单5216523与6月3号要求处理补发赠品.现在已经20号了,仍然未补发!现在都出了大礼包了.要求给一个满意的结果.不要一拖再拖!!!(而且我们拿到手就发现键盘问题,已经拿去修了.才买几天啊?)"
京东商城自营店买的就是放心，很不错的哦，以后都在这边买了，赠品有多，东西也多，还便宜	2——10岁是什么意思？我不认为有一本书可以覆盖这样的范围，事实上，我两岁的女儿不能理解这套书的内容，我试图给她解释，可是要用一个两岁孩子听得懂的语言来描述那些故事的内容，是很困难的。我猜测为什么这本书能够在西方风靡（书评写的），可能西方的孩子生活环境和东方的不一样，教育的背景不一样，他们知道农场是什么样的，而我们更理解乡村或者农家乐。换句话说，文化差异导致了认知差异，所以翻译不能只是语言的一一对应，而是文化间的跨越。	按键在短暂使用后会出现多个难有效输入的问题。短信功能不行。无红外。易死机。	怀着十分激动的心情放映，可是看着看着发现，在放映完毕后，出现一集米老鼠的动画片！开始还怀疑是不是赠送的个别现象，可是后来发现每张DVD后面都有！真不知道生产商怎么想的，我想看的是猫和老鼠，不是米老鼠！如果厂家是想赠送的话，那就全套米老鼠和唐老鸭都赠送，只在每张DVD后面添加一集算什么？？简直是画蛇添足！！
又大又甜，超好吃呀，嗯给家人吃没几天药吃完了，下次肯定还会再来的，强力推荐啊，这个真的是良心卖家。还会推荐朋友买了，挺好吃的。	各方面条件都不错，只是房间、卫生间较小。干净整洁，隔音效果好。	很好吃的，也很快就到了，也很便宜，	一般般，薄荷洗发水没想象中的凉快
收到本书，非常兴奋，带着梦想与期望迫不及待的打开包装开始阅读。觉得书中各部分都是不错的，但是缺少发动机和航电系统是美中不足的事情。另外就是其中的现有工业范例太少，很多新型结构都没有展现或者提示，也许是我们的技术封锁太久太久了。不过黑鹰直升机也是一块很经典的机型，如果能好好解剖这款机子，对我们发展民用直升机是有相当大的帮助的。	胡兰成看似有情，实则无情。胡兰成处处留情，用情不深。书中不光写了胡与张的爱情，同样写了胡从小的生活感受。此书宣传过于大量渲染胡与张的爱情，书中更多是一些别的东西。文笔细腻柔和，挺适合中学生阅读提高作文水平的。个人认为，偏重喜好情节取胜作品的读者，还是别浪费时间了。	老公说洗了头发很痒，这两瓶怎么办？	酒店设施不错， 服务很好。 但是交通不方便， 出租车不好找。去朱家角要计双程。 且酒店没有什么娱乐设施。 晚上比较无聊。酒店靠近东方绿洲2号口。 2号口里有出租自行车的地方， 强烈建议不要去那里租车。 车子很破，服务很差。 且4：30 就关门。过点就没办法还车， 押金就算买它的破车！？ 可以到1号口或者在酒店里面租车。
裤子大小合适，客服非常nice，质量好的没话说，已经买过几次了，下次继续买买买。	不错!就是洗澡的地方小点~~下回去还住这家~~	东西还行，毕竟就几百块钱的东西，不能和几千的去比。想说的就是京东的打包也太不负责任了，下面附图说明	按照预定的时间去住宿，携程却说我的订单取消了，对携程的信誉产生明显的怀疑。不是一个值得信任的网站补充点评 2008年1月24日 ： 给携程的800打电话，得到的却是一些冠冕堂皇的敷衍的话。
很舒服，纯棉的，贴身穿很不错的选择，大家可以试试，很实惠！	挺好的，比超市便宜。买了几次了。无硅油，不刺激。哈哈哈	还是那个味，618买的挺实惠。	挺好的，挺好的，买了几条穿起来都比较舒服，以后都还会光顾的
总体配置不错；外观也很漂亮；连续使用了十来天，还算稳定；送罗技鼠标，别的小附件，比如屏幕擦、绕线器什么的的也让人觉得很贴心，服务不错。	衣服还不错，纯棉的，版型也还可以，价格在这里，挺薄的！刚到拿手快递就一个袋子感觉跟纸差不多！	"这哪里是适合油性发质啊,比我之前用的沙宣还要油很多"	最差的一次购物体验，包装的箱子里连泡沫都没放，有一瓶压坏了，而且上面全是灰。我地址写的清楚的，快递直接把货放到门卫那里打个电话叫去拿，不知道送到门口吗
比超市实惠，超市一瓶750毫升的就*。京东商城买的放心	第一次买平板，不是怎会习惯所以有待评价	"我觉得它很时尚,功能也还行"	"前台服务态度如晚娘脸孔....房间小 , 卫生间有一股油耗味,另人想吐....原本住4天 , 住一天就跑人....."
京东618，感谢卖家的优质商品和低廉的价格，物流小哥很给力，在家购物不用出门了。	真是不错，我就是一直都很信赖京东，到目前为止我也只有京东这一个网购平台，所以每次购物都是感觉很愉悦的，谢谢京东，	看了大家的评论后买的，可书拿回来后孩子不太感兴趣，给他讲也是总心不在焉，等他大点再看吧。	裤子不是很好，面料也没弹性，版型也不怎么好，和图片也是两回事
第一次在京东买水果，超乎想象的好，特新鲜，汁水多又甜，个头均匀，不是很大，一次一个正好。    还有就是快递师傅特给力！超赞！	苹果不是很大，但是味道不错，就是有几个有磕到，不过还好不影响吃，很甜的喔……棒棒哒……还会再买的	有蒙牛，我不怕不怕啦 感觉我的前途一片黑暗…	差差差差差差
大小适合 质量也很好	不是棉的，卖棉的价格，跟纸一样！	服务有出错，让人大跌眼镜的那种，房卡会被搞错！	清明前几天买的买回来 拆开盒子 手机表面套子感觉灰蒙蒙的，不知道以前拆过还是怎么的，手机表面有自带贴膜不知道你们有没有。电完全不够用 ，还不如荣耀6P。 有时候充电到百分之95感觉就充不进去，到充满最少要半个小时。因为前一个手机被我搞坏了，就将就着用了，感觉这次买了挺失望的，我估计也是第一次再京东评论。
款式挺新的，大小也合身，穿着还行，快递不错，尺码很准，价格也合理，还是蛮满意的。	服务周到，地理位置很好，无论是在环市东路、淘金路这一带逛街或者吃饭都很方便。而且在房间里上网是免费的。	还不错?就是电源按键要用比较大的劲	分辨率差也就算了，卡，卡得人想砸。
这个价格太优惠了，超市要比这里贵很多， 我相信用起来也不错，大家快动起手来买！	屏幕亮度不够亮，其他还好啊	蒙牛就是傻比	没有收到就显示签收了，害我白等一天，快递说因为电话没打通，，，，没打通就签收么，打不通就不能再打一个，客服只是让等，拆开包装后，上有一个指纹，不知道是不是新的，对京东刮目相看了
这本书连着看了两遍。为那些如同发生在身边触手可及的案例，为那些为人父母很容易走偏的路，为心爱的孩子—希望自己能将书中的菁华尽量多地吸取到生活的言行中，真正成为陪伴孩子快乐健康成长的同路人。“大道至简”，这本简洁实用的心理书籍，可以推而广之地运用在众多关系的处理上，因为只要你用心读，你愿意实践，就能掌握那些高效的方法。她确实是一本不可多得的好书。	颜色比想象的要深得多……感谢快递员，每次都非常好	该款偏小，同时露在外面线的颜色，与衣服的颜色不一样，太难看	送过来都烂了，第一次在京东购物就出现这种问题，很失望！
平板还不错，屏幕清晰，用了十几天感觉还好，物流很快。	吃过京东商城自营的苹果很多品牌，基本上都好吃但是我感觉华圣的更好一些	迷之屏幕分辨率，包装差评，使用情况略差	质量非常差，不透气，严重不满！！！
有弹力，穿的比较舒服，下次还会来购买	货品都有腐烂！把客户当拾荒的，过分！ 差品！	你要买你就看完！我只是实话说！最后悔，最失败的一次购物，的确失败。别的不说，买回来音量键就是失灵的。申请退货鬼都没个，打了华为售后，磨磨唧唧说去附近华为售后，第1次去，检查后额等材料到了再来，材料到了再去又说 主板出问题了，等了两天催着我去第三次，这次买个手机真心累！ 用的心里慎得慌！白瞎了，当初看上这机子这样折腾到时候还怎样都不知道！？	差评。买错了申请退货。没人回复。
快递昨天收到了 京东快递就是快没得说 收到了晚上用很好用	裤子不怎么好	像素低的很，还有破损	差评差评差评差评差评差评差评差评差评差评差评差评差评差评差评差评差评差评差评差评差评差评差评差评差评差评差评差评差评差评差评差评差评差评差评差评差评差评差评差评差评差评差评用过之后没有头皮屑的越来越多，头皮痒得难受！
不错，京东商城服务态度很好，发货速度非常给力，物流速度非常快，不错，京东商城一直是我购物之选！！！不错，非常满意，京东商城618加油！！！618加油！！！！不错，满意！！！	苹果爽，脆，甜。就是有点小，不错。快递小哥很给力！	"12个苹果都是60mm,购买时看到是75mm的苹果，要求退货"	分辨率果然如大家说的不行啊，全是颗粒感。买来就是追剧的，下超清的看上去只能勉强是高清。充电真的慢，5分钟充一个电，这也就算了，耗电也太快了吧，3到4分钟一个电，这还怎么玩？收到货打开看上去像是别人的退货的。本来想买小米的，就是唯一一个不能接受，看电影黑边太大了，所以才买了这个。说真的，很后悔。早知道分期买苹果平板了。对了，我是劵后969入的，一分钱一分货吧。不推荐买。
特别感谢工号0649的崔小姐（手机号136134462**），下次到太原出差一定要当面感谢她的。我是4月10号入住的，11号一早赶班机，把一条项链丢在了客房，直到回家都没有发现，还是崔小姐主动打电话和我核实，而且自己掏钱帮我寄了回来，并且多次去邮局帮我查询，这种精神太难得了。非常感谢！酒店门前确实有黑车，本来对酒店印象很一般的，但有这样的员工很让人感动。下次去太原一定还会入住的！	超好吃的苹果， 够新鲜，    唯一不满意的就是贴苹果上的那个小标签，撕掉的时候那个胶会粘在苹果上洗不掉	感觉不是太好，充电要三个小时，太长了！才用了几天，老是卡机，感觉不好，很失望！家里人都用华为的手机，第一次这么失望！还没有我上半年买了1600的华为手机好用	用了几个月，不好用，不好用，不好用，一星给快递
装系统比较麻烦，建议找专业人员安装。 桌面图标太大，不太美观。	看到网友评价说最好不要3楼和5楼的房间，但是不幸还是被指定为3楼，问前台，问了还是等于白问，就是告诉你没有了。房间设施一般，洗面盆的冷水超级小，只有热水才是大的，害得我洗衣服超级不爽。服务还可以，给了小费后房间服务员立刻多给我们3瓶水。酒店最大的好处就是离DFS超级近，大包小包可以放回房间后继续去其他地方逛。	不建议买，首先是样式不好看，其次卖家态度很差，最后物流慢，不想匿名	很差，瓶子和二手矿泉水瓶子一样残留着没干的胶水还有手印，好像被人踩过一样，外包装像捡来的也留着胶水，一看就不是原厂出来的，真不知道哪里来的货，好好查查这家店，真差，不想再买了
裤子质量挺不错的，料子很舒服，穿起来棒棒哒！显得腿型特别好，也不褪色，不错哦(-ω-`)建议大家购买	用了几次才评价的，真是大品牌，物有所值，以后就用这个牌子啦！	下单3xL的尺码，到货的实际尺码与标识不符，换货了也是这样，与标识不符！	客服在这玩文字游戏呢，说好送这送那，最后加了个送完为止，结果真的为止了，毛都没有啊，直接说没有不就行了
电话预定春节初一到初四入住，标准房338元，含双早。初一晚11点到宾馆，因房间满免费升级至商务房。房间干净。离地铁站近。仅打了一次车，从西单民航大巴车站到酒店打车13元。到ikea 不到一个小时。但现在酒店房价上调，如价格合适，值得选择。	平板是挺好的，但是说好的21号送货，等在家却一直不送，电话也没有一个，我再三打电话去问客服都说不知道帮我催，但一直没有回音，到22号最后好不容易问来了物流电话，物流告诉我平板套子没到所以没有送，一起下的订单你分开出货不会分两个订单啊，问客服一问三不知。	东西空洞，浮夸没什么实际意义她所写的我们都想得到	不好，拿到手电源键有问题，不好用
前台没有传说的那么慢，我去的时候还可以。整体服务还不错。当时是3月份去的，房间有点冷，洗澡的时候直打哆嗦。网速还可以。	我们是6/23(一)入住的，我住5楼，房号忘了，我的评价极差1.当天我们是晚上10点check in，前台服务人手不够，1个服务员，我前面排了两个要入住的客户，我足足等了15~20钟才办理入住手续。2.房间里居然没有附赠水，不过后来服务员有帮我们拿过来。3.最糟的是房间的清洁，床单、被单、抱枕，都有留下疑似「月经」或「精液」的东西，前者可以明显看到红色的区块，后者则是一块块不规则的区块，令我们觉得很恶心。4.唯一ok的是，请服务员来换床单与被单，手脚很快，态度亲切，其实当天已跟服务员抱怨过这个状况，并请服务员与酒店反应，服务员看到一块块的东西后也是一脸尴尬并满口抱歉。5.长城是4星酒店，我们希望能有4星以上的水准才对。	这苹果太差了，这种成色的苹果都是没人要的，有一个都干瘪了，京东拿来骗人。包装还没隔断，大部分都碰坏了。	非常糟糕的购物体验，吃了三个，全是烂的！根本没法吃！
第二次买了，一如既往的好～满意满意满意满意……	很合身，颜色差了一点点，还是可以，不愧是大品牌，包装很好很规范，企业就应该这样，细微之处见真章	物有所值、每次都去超市买、正好京东打折、而且送的小样、可以出差带着、特别方便、还送一个发膜、下次还会在买。	质量太差了，我买的新机W800I，用了15天就坏了，一开始是一照相就死机。刚修好三天，就又出毛病了，总自动关机，又发回去修了一个多星期，发回来用了两天，又出现开不了机的毛病，什么破烂呀！发回去，维修的人说我传MP3传上病毒了！！真是奇迹了，听个MP3能听出病毒来~！一开始以为水货质量不行，后经自己亲自把首行货维修站的大门~！豁然发现原来大家都一样~！！行货也是维修的人不断~！时而排排长队，大家一起等待。只不过是行货能及时维修而已。哎~！已经买了，十分无奈。
裤子收到啦，质量不错，穿着合适，卖家服务态度不错，值得推荐。	第二次洗沙宣咯，这次还多了润发乳和发膜，这两个就是第一次用了，不过味道挺喜欢的沙宣	位置较好，在老城区内，后面就是景区。但是设施较为老旧，早餐选择很少。	以前京东买东西付款可以分两张卡付款，现在居然不能了。不知道是送货人怕麻烦而不愿意还是京东的系统越来越差。
世界上有两种人：一种人喝牛奶，另一种人不喝牛奶。我想把这两种人变成一种人，就是每个人都喝上牛奶。借用蒙牛的一句话:只为点滴幸福。	地面卫生差，到处都是头发	实不相瞒 我之前的沙宣都在澳门买的 我这次比较赶时间网购了一次 洗完身边的朋友都说衣服都是头皮 我很是尴尬 是不是假我不知道 我用几次就丢掉了 也许不适合我 洗完都是头皮 差评 就这样吧	盗版的用不到一个月屏幕就卡在那了卡死了不要买
以前也用过，洗发水还可以吧，碰到做活动就买了一瓶。京东快递还是比一些快递配送快。第一次在京东购物	还不错，孩子用	这本书好像不太适合2岁多的儿童看！！	很容易痒，不知道这两大瓶怎么弄了
三毛的所有作品几乎都读过觉得这本最好。其实每本都爱不释手。三毛三毛与荷西每一处地方的生活与朋友对每一个地方的敏锐细腻的情感让我感觉这一生，其实，可以有很多可能。我们还可以有梦。有一天，我们也可以去流浪，足迹或心。感谢生活感谢有一个叫作三毛的女子	"交通方便,门口有到黄河边去的34, 9路公交车, 到市中心的1路车。酒店房间设施陈旧，进门插钥匙牌取电后，竟然发现开水壶在空烧，后来知道水壶有故障，不会自动断电，向送早餐的服务员说了此事，未见反应。床头靠背软垫是破的。可能由于水质关系，洗脸盆，浴缸， 马桶痕迹很多， 显得很脏，地毯也不干净。早餐按客人要求的时间（7：00 - 9：00）送到房间，数量之多根本吃不完， 质量就一般般了，好象就是火车站旁边市场摊子上卖的那些东西。房间押金是一天一天交的。要注意的是， 结帐时服务员会问你要不要发票， 要发票会自动在原来价格上加 2 元钱一天，事先并不加以任何说明。"	不知道产品怎么样，送单员直接扔保安室了，被别人拿走怎么办？	太差了，物流好慢
京东超市前几天发了满198减100的优惠券，立刻就上超市里来抢购洗发水了，直接五折入手，价格非常实惠，没有什么好挑剔的哈哈哈	现在孩子还小，不能读，我自己却读得津津有味。极富想象力的图画，鲜明的色彩。简单的单词具有极强的韵律。有些人说这些书不知道说些什么，前言不搭后语。其实他们在用中式保守的思维在读这本书，并且是只读了书的中文部分。建议读英文部分，有一点英文基础都能读懂。我现在给孩子朗读一些押韵的句子，他比较感兴趣，但更感兴趣书中的图画。	还不错哟，，，味道可以。。。包装扎实喜欢的人下手吧	非常不推荐圆床房，装修显得很廉价，连个可以舒服坐下的椅子都没有！浴室的布局就更不合理。床也硬邦邦的，一晚都不想多待，实在不象将近700的房间。
来蒙牛酸酸乳音乐风云榜撒~~~好近~~~哈哈哈	读过作者之前几乎所有的中长篇著作，如果没有记错的话，这部作品应该是作者第一次完完全全的以第一人称来撰写，从一开始就深深的陷入作者的迷局之中无法自拔，相比之前的作品，本作的文笔更为成熟老辣，故事架构布局更加巧妙新颖，由于前段时间蔡大师喜得贵子，从新作中不难找到他身为人父后的心情痕迹，对生活的新的心态及对人生的新感悟，相信这又将是作者的一部成功的超越自我之作，期待后续作品早日问世！	2016年3月29日晚上7点左右的前台态度极为恶劣。强烈要求酒店整顿。	唉，不买不知道，一买吓一跳，袖珍型的苹果吗？水果店要是卖卖这种水果还开的下去？最小的一个小手指头那么点长。而且专挑歪瓜裂枣卖个我们的？就欺负我们买之前看不到摸不着？店铺里描述的就是这种苹果？这还是京东自营的啊！东哥的情怀呢？说好的什么不要看钱赚的多少，什么为社会创造价值的呢？就自营卖这些货？哪怕你价格高了，能卖正常的水果不？
令人感动的，不是行文中的文字，而是这些文字组合起来的故事。人生，经历了如此多的变故，蜕变成沧桑的脊背与老牛相依为命。是乐观？不尽然。只是一种状态，一种活着的状态，没有评判，只有叙述，过去的终将过去，悲伤着继续还是真实地回忆？没有谁能主宰一切，没有谁不能承受生命中的变故，只是，经历过之后，你能否依然挺起脊梁去迎接斑斓的阳光和寂静的黑夜……	肯定配不上4星级酒店的称号（携程注明可是4颗星）1.大堂太小气，跟汉庭客栈差不多。2.check in时间太长，永远只有一个接待，一边登记，一边肆无忌惮的接电话，手忙脚乱，才不理会有多少人在排队。3.客房的电话没有快捷键，用起来太麻烦，还得去找分机号。4.卫生间的淋浴不能调节方向，居然还正对着门。5.上次IT告知不能用VPN，有没有搞错，很多大公司要用VPN收邮件啊，要工作啊！6.本想预订回上海的火车票，被告知只能预定飞机票，不能订火车票，岂有此理！哪有四星级酒店不能预定火车票的，没辙，只有自己打的去趟火车站。	用起来有点卡，而且玩游戏不是很好	待机时间短，死机，开机速度慢，有时找不见存储卡，MP3音乐文件经常出现损坏。
给妈妈的，她很喜欢，挺好用的，屏幕很大，适合妈妈用	3月12日入住。价格方便，在哈尔宾算比较高的，而且是比较老的酒店，设施比较的旧，隔音的效果不好。前台其实还不错，没有前面的哥们说的那么寒碜。交流下来还是挺愿意服务好客户的。晚上没有骚扰电话。应该说如果你觉得价格合适的话，应该算比较不错的宾馆了。火车站去那边8元的起步费。飞机场的话，做门口的大巴到火车站，只要20元，然后再打车。交通还是比较方便的，步行就是秋林，远大。吃饭的话去远大楼上也不错。	最好不住这家酒店，位置很好但服务不是一般的差，牛逼哄哄的，爱住不住。	半个月才发货，，到货后还全部破损，，，这是最不愉快的京东购物体验，，客服还嚣张跋扈的
收到了，挺好的，一直都在用，改善发质值得拥有	独特的钢琴漆镜面，很另类，开始上面粘了胶还以为是划痕呢，虚惊一场；有着Thinkpad一贯的厚实感，虽然是这个品牌的低端产品但是也好过于其他的品牌。	转机，无奈的选择	真心话 绝对是吃过最难吃的火龙果了，价格不便宜，但味道真心连普通都及不上，最差的一次购物，连一星都不值。
刚在当当网订购这套书时，就跟儿子说我给他订了一套书，里面有小汽车，还有很多好听的有事，儿子非常高兴，这本书到了后，儿子非常喜欢，特别是对轱辘轱辘转这本书格外喜欢，在里面找金虫子乐此不疲，晚上到不肯睡觉。	500毫升感觉挺小的，不过总体还是很实惠。 一收到马上就用了，效果杆杆的，柔顺不掉发，头发像喝饱水一样有弹性。 比那个百年润发强多啦，修复了干燥毛糙的头发！	给老婆买的，不知道用起来怎么样，反正她说只要是我送的她就都喜欢	包装看起来挺好的，东西也多，就是感觉比超市买的香味浓一些，只有我有这种感觉吗？
质量好 做工不错 样式 好看 材质舒服 我满意	好舒服好舒服好舒服好舒服好舒服	质量有点问题容易爆线	假的，和在屈臣氏买的完全不是一个感觉，用完头痒到不行，用了两次扔了
屏大；和弦声音不错；录音可以做铃声；电话本分类多；电池不错；红外适应能力强	自已没文化吧。受不了高文化的东西。	刚买了，就降价秒杀。不高兴…………	不怎么样。男的我觉得看的没什么意思。
棒棒哒 包装很给力 量足 货品全 大品牌值得信赖	1.夜间拍摄的图片差劲。2.不支持红外和蓝牙无线传输。3.文字输入反应偏慢。4.查找电话本效率太低。	这种东西以后还是不要在京东买了吧，质量好差，感觉像歪货，大家不要再买这东西了	差评，别的卖家两瓶，我的一瓶
环境很好，花园很大，服务生态度也很好，距离机场很近很方便，不错，下次考虑再次入住	一箱有一半的都是不好的，有碰伤有坏的，个头好小，有点酸不是那么喜欢。	**手机发热太厉害都不敢用，真怕用着用着炸了	第一次买京东的水果，一共买的香梨苹果橙子青见柑，苹果是最差的，一股腐烂的纸板味道，没有正常的水果香味，和京东客服反应，客服说是尾货，言下之意这都是正常的。。。拉锯了几次才给处理，还得自己电话追着，实在是很失望。
比想象的差，没那么便宜，这边超市也这个价	活动的时候买的，标价三百多，现在189，都是骗人的啊	不好 穿着不舒服	没想到这家火龙果这么差劲 失望了
刚收到货，儿子怀疑是假的，打开用后，味道清新，头发柔顺飘扬，物流也挺快，态度很好.	最早认识张曼娟，是在张清芳的CD上边，作为一位写词人。细腻的文字连歌词也写得像情书，小女人的楚楚婉婉。后来才知道，张曼娟也是作家。于是，开始计划读她的书，挑了这本很奇怪的名字。《张曼娟妖物志》——写妖物，也写人——最喜欢里边的《永恒遗失│女螺》。张曼娟的文字没有讲过大道理，但是留有思考的余地。“也许错身未知；也许缄封成秘；也许不愿承认，妖物活在你心里。”	可以装xp，但内附的驱动盘是vista的，要自己到华硕官网上下载xp驱动就可。内赠送鼠标的，害我另外多买了一个。	说实话，我是满怀期望等到书，发现里面得内容最多三分之一是讲治病方法的，剩下的只是作者的主观的比喻比喻再比喻，再加点遐想 特别繁冗，明显在凑篇数。悲哀。。。
"交通挺方便,酒店里面装修还比较新,适合出差住"	还不错。和苹果相比，电池不经用，容易发热	"结合梁先生的<<初等数学复习及研究(平面几何)>>,发现了这样的一个问题:现在市场上的中学生所学的教材中平面几何内容实在是太肤浅了,甚至有不少有名的重要的定理在教材大纲中都删去不学或者设为选学,这样一来,不少难度较高的平面几何试题都不曾碰到,在考试中都不考,这是?减负?,但对于爱好平面几何的数学优秀生是很不利的."	洗了好多头皮屑、、、、、、
甜又脆，很新鲜，苹果吃的是健康吧，第二次购买了，继续加油哈	电池电力很好，还有就是信号强劲，在几乎完全屏蔽的地方竟然还能接打！	刚收到货，还没用，后面再来评价	同时买了两个牌子的苹果，价格一样，品质差别立显，这家个头略大些，但是放了两天几乎集体长脓疮溃烂，可能和我没放冷藏有关系，但是另一家同是常温放置为什么没问题，苹果本身有问题吧，果子味道倒是很新鲜，又脆水分又多，不是很甜
不好意思哦，现在才来评论，裤子很不错，买了好多条了，也没有色差，尺寸也刚合适。	物流给力，十五日下单，次日即送达郑州家中。包装是大箱套装平板盒，且有防震发泡膜包裹，机子象光术品，手感细润，机速超快，画面色真清晰，声音精准再现。为保险未激化，过七天再说。	包装不好'用过后也不是很好	掉色极其严重，洗上十多次都无效。真不知道那些好评是怎么评上。
给老爸买的。穿起来很合身。裤子也非常有弹性。比在实际生活中孩合适。老爸大爱	耐着性子看完，不知道作者想表过什么，内容离我们的生活似乎太远了点。	额，包装不怎么样，用起来一般般……	买了两个，一个还行，另外一个就呵呵了，屏幕不好用，客服推三阻四每个解决办法，玩了游戏闹心！
此型手机样式挺好看，轻薄，机内功能多，支持真人真唱，40和弦铃声，拥有5倍数码变焦，5级亮度/饱和度调节，5种拍摄模式，多角度自由拍摄是个挺不错的手机。	老公很喜欢这裤子，本来打算给爸爸再买一条的，结果涨价了，裤子的价格也不贵，质量挺好的。好评五星	618好给力，叠加活动券下来就*，可惜券不够呀，送货快速，态度好，价格便宜，没理由不买那，日用品都在京东买了，超市不用去，还送到家门口，给力。	快看完了，虽然有些地方不是很明白，但是，也从中学会了认同和放下。有的东西，不是你想要就一定能拥有；有些事情，不是你一直抓着就会幸福；有些人，不是你珍惜他就不会走～我们要学会认识真正的自己，知道自己究竟是谁，然后正视自己，正视他人爱过。痛过。哭过以后欣然接受，你会发现你的身心将无比轻松。。。
手感好	瓶口坏了，漏了一下子洗发水	实物没有质量认证标，但是宣传页有，且无说明	便宜无好货，退都懒得退
苹果很甜，水份足，京东购买方便，物流快！	经常在京东上买东西挺划算的三大瓶，还有小瓶的试用装，洗发水闻着挺香的，还没有试用，希望是正品	走廊真心小，房间一般，设施设备老化严重	刚买的就降价， 99买的第二天就79，质量一般，用完有点干！
样式沉稳，适合男人用，送货较快。加了2G 三星金条，系统很快。	穿了一次，下水洗了，才来评价。版型不错，尺寸合适，就是没达到我想要的弹性，不掉色。好评吧	这手机够大啊，和平板一样，还行吧，平常用用也够了	超级恶心的一家宾馆，入住后发现写字台窗台上到处是灰尘，非常恶心，向总台投诉后，才打扫干净！服务非常差，房间也非常差，进去后还有异味，而且床非常不舒服，感觉床单也不干净，个人感觉根本够不上星级！太恶心了，这么破的地方，晚上竟然还有人打骚扰电话，问要不要服务，什么破地方！早餐也非常恶心，根本没什么吃的！！?
沙宣的味道真的很好问，很喜欢，和超市买的一样，价格比超市便宜，还送货上门，真的很好，一直相信京东自营!	具备现在时尚的MP3、照相、还有U盘功能。双屏显示。价位低廉，款式简洁。	不值得 电话的废话都觉得好的	苹果真不怎么样！还有不成熟的，小的可怜！
快递员非常给力，京东也给力。	地理环境不错，但对面一直在盖楼，门前的街道打车不方便。	散热较差，2400XT待机状态下60度，CPU也60度，很烫 音箱效果太差，声音太干，这是唯一让我不满的地方 内存是单条1G，要升级成双通道，不好配内存	为了赶早班飞机而入住的，条件真的不咋的，态度也有点生硬。
【荐书】人手一本一点也不夸张，就是你需要读一读得好书。	我是早上7点的国际航班，但是班车最早只有5点半才有，而且这里没法定出租车，只能叫朋友4点半开车过来送，太晕了。酒店就不能给安排个小车接送有特殊需要的嘛？额外加钱也无所谓的，本来以为距离近方便，结果反而不方便了，有待改善，对于早上要赶国际航班的不推荐，国内的时间倒是够的	一般吗，有异味，下次不再购买这个牌子了	耳机没有，连发票都没有，搞得什么东西，必须差评
优惠时买的，质量不错，在看书看视频，方便。	N多次购买了，很好用，小瓶的试用装方便携带，挺好的…～…	买手机不给耳塞是不是耍流氓行为	一般，收到货打开看太薄了，手摸上去薄到很容易烂，这个货还要*一点都不值得。
本次购物十分满意，裤子质量很好，做工很细，颜色也没色差，大小尺寸也很标准，客服态度也很到位。是一次很棒的购物，以后还会光临本店。	首先感谢京东物流小哥，非常非常负责任，等我下班后亲自送到我手上，！！支持华为，不比苹果差！！音响效果非常非常好！！！希望京东一如既往的好下去	太好用了，玩游戏一点也不卡，如果玩王者荣耀都有点晃眼，屏幕像是10寸的给力	"差评,连个耳塞都没有，手机最基本的东西都没有"
虽然赶上618购物狂欢节购买的，但是也没有耽误送货时间，很快就收到了，就喜欢京东购物，其他快递公司物流太慢，赶上其他节日更慢，这次购买的商品，价格力度比超市便宜很多，还松一个小吹风机，很实用。	房间在一楼，非常小，晚上休息不好，因为离机场太近，整晚都能听到飞机经过的声音，吵的头疼。好在打车比较方便，酒店也有班车接送飞机。	哈哈～我不喝蒙牛的！ 太惊悚了 @凌乱的vinal	房价无窗哇，感觉好阴森
太恐怖了……太恶心了……誓死不喝蒙牛了…… 消费者喝蒙牛牛奶喝出活虫子	感觉像假的，洗完头皮很痒痒	衣服一般，服务很差	快递太差 没收到都显示本人签收 到了连个电话都没打 什么快递公司啊 简直是垃圾快递 一个星都不想给
尺码合适，做工也不错	买给父母的，非常满意。	蒙牛也不可信	超级变态。苹果基本都有摔过的痕迹。
裤子质感很好，没有色差，穿起来舒服比较潮流。清洗过也不会褪色，这价格质量还是很保障的，可以入手。	就是离机场紧，其他都一般般	"我买了一部用了50天,主板就换了,来电不能接,关机不能开,也是其品牌的通病."	我是冲着这个华为牌子来的，但是很失望，用了没一个月就卡的不行，真的是正品吗，我很怀疑，也许华为技术是靠吹牛吹出来的，反正以后不会买这个牌子了
衣服款式很满意，儿子穿上很帅气！质量做工都还不错，包装完好，发货快，客服态度很好！好评！	记得刚给她买回来时，是和《我爸爸》一起拿回来的，当时问她听哪本时，她就要听《我妈妈》，讲完了要给她讲《我爸爸》时，她说“讲《我妈妈》吧”，第一天就听了四遍。我给她讲时都会加进一些能和生活中联系起来的内容，这样她更愿听，讲到最后孩子爱妈妈，妈妈爱孩子时，我都会告诉她“就像妈妈爱你一样”，然后宝宝就会说“妈妈，我爱你”，听了以后，心里特甜蜜。	坑人的裤子！吸尘器似的！难怪掉价了！买了两天就降价了！现在99，买的时候119	东西不咋的，看起来像人家穿过的一样，连扣子孔都剪开了，无言！
位于鹅岭公园边，比起市中心的酒店安静很多，重庆都是山路，所以汽车起步上坡噪音很大，这里会好很多，尤其是靠公园的一面，装修不错，房间也挺大的，由美国豪生集团管理酒店，所以服务总的来说还是满意的，最值得一提的是4楼早餐厅，外面一半是开放的，直接对着公园，只有一门之隔，喜欢接近自然的朋友一定很喜欢的，虽然种类不多，但是环境一流，住了5天，看到很多结婚的生日宴会的，看来他们也是冲着来的，有些遗憾的是空调似乎不太足，我是很喜欢低温的，也需一般客人足够了，还有花洒似乎太花哨点，有两层可以出水，但是也许管道太长，调节水温很不敏感，必须要在水流边等很长时间才有变化交通方不方便看你自己，打的到大坪，然后做轻轨到朝天门最方便，打的也不贵15块钱而已。总的来说值得推荐	"从北京开车过去还算方便，比较好找。车可以停在大门外也挺放心房间装修一般，三星标准应该是有的。毛巾都很新很干净，这点特别让人舒服。因为是临街，同伴说晚上听见噪音，我倒是一点没听见，睡得挺好。也没有骚扰电话之类的打搅。BTW,马路斜对面有一家东方削面馆，好吃！哈哈！"	掌柜人不错，质量还行，服务很算不错的。	买了三条裤子，就给我发回来两条，客服说给我补发，我等了三天裤子竟然发到福建去了
东西收到了，宝贝也不错，款式漂亮价格合适，满分满意！	包装可以没漏，使用感觉渐渐舒适，618购物速度也快，两三天，用劵物美价廉	没想到午夜下的单 第二天就送的了 机子很好 喜欢 ???	一直都是在用清扬控油洗发水。这次本来是想要赠品吹风机的，可到货居然啥也没有，好失望啊
很满意这次购物，裤子很舒服，快递也很好，客服很耐心，建议喜欢的亲可以入手哦。	这鞋穿起来很磨脚后跟，根本就TM不能穿。。。	真的很差，昨晚洗头第二天上午就不香了，这种味道不好闻	差评差评，东西没给我送完，客服没人理
苹果脆脆的甜甜的，快递小哥态度很好，送货到家	虽然我住的是豪华房，但是房间的设施还是显得有些陈旧。早点并不是非常的丰富，不过我想对于在四星饭店里的50元钱的早点，可能是我要求过高了。不过这个酒店的门脸可这是够背的。藏在了一个小胡同里面。不过还好出租车司机都知道。	*还送套装*，感觉上当了	脏的不行 应该这个衣服发过好几回了 这都拿的出手 *我也是醉了
如果带蓝牙就更好啦！液晶没有IBM的那个宽差十几MM，长度差不多。价格如果可以更优惠点就好啦！	宾馆的周边环境比较好，只是隔墙有个大型公交停车场，有点吵。可能这宾馆有很多长租的客人，很多房间的门上都粘了纸信箱，感觉有点怪怪的。房间的装修很旧，没有连锁宾馆的干净。卫生间洗澡房地上的去水堵的很严重。总的来说对这宾馆的印象不太好。	分辨率实在是太低啦，看的眼睛疼，希望华为能够改进	比想象的差太多，而且价格更没有优势
用了一好长时间来的 感觉还可以 虽然没有某果屏幕好 但是基本上还是不错的 挺喜欢的 大小合适拿着也不重 偶尔带着出门也方便 买的4g的偶尔手机流量不够用它共享一下	于丹的，讲教还可以吧译注的当然是比较不上大师们的了。比较适合学生吧，做人做事的道理。	物流快，东西看着还可以，没有试，价格有点小贵，不知道质量怎么样，用了在追加评价	裤子有个洞，退货很麻烦，下次再也不买了
活动秒杀，自营放心又保证，值得正品	一般，果子的质量真心一般，包装但是挺好的	不好看，颜色不对，色差大，而且尺码买大了2个码，并不修身！	最差的一次购物，说是80MM，其实只有60~70MM，比外面5块买的还难吃。
重量还是有点重的，不像想象中的那么轻，不过放在背包里也感觉不到。比公司里的Dell轻很多，比其他上网本还是要重一些的。 只有一个内存插槽，不过标配的1G也够用了。 Atom的性能还不是特别强大。	书中的内容总结起来就是：20岁的女生要学会圆滑处世，要懂得为自己“着想”，这样才能创造出一个成功的人生也许正是因为它所要求的圆滑处世是我做不到的，所以我不太喜欢这本书	不好吃，麻的，吃了一口，直接就扔了	很明显携程的客人没有受到礼遇。用了8年的携程，第一次怀疑是否有必要继续用携程。2星期前预订的是大床豪华客房要求面对泳池，两大一小，下午3点托人办手续入住居然给了一个1.5米床的单间，至11点回酒店时发现不对经交涉才换了一间边远地带对着住宅的两张单床豪客，理由是有会议没房了；晚上11点拖着行李箱和一只伤脚还带着闹着要睡觉的小孩在酒店奔来奔去绝对令人愤怒。致电要求大堂副理上门解释没有下文，向携程投诉的结果是酒店不会道歉不会免费升级不会减免房费但可以免费送个果盘……靠！当咱是讨饭的呵！这种服务态度不会再来了！当然酒店可能一样不在乎你携程的客人来不来。
活动的时候，真的便宜到没朋友	一个星期两支蒙牛优益c，身体都健康滴	包装还很好，看起来很红很诱人，拿了两个准备去公司吃，就是有点小	这衣服质量没的说，垃圾。。。没怎么扯一下，一个痕迹，然后回不去了。。。
是正品，和我在超市买的一样，比超市便宜，以后就京东了	实物牛仔面料还好，微弹，牛仔面料已洗过水比较舒适，没有什么异味，本人感觉这个价格比较贴合买家，希望店家多出好款式！	个人觉得非常适合4到6岁的小孩。对这个年龄段的孩子来说，过于繁复和专业的知识恐怕无法吸收，书中文字内容很适中，图片精美，相当不错。书到的时候，小孩正在闹脾气，赌气说要把它们扔掉。我随手拿起一本，打开来看。小家伙眼睛瞄了一眼，小脑袋立刻凑过来了，很快就沉浸在书里了，早忘了刚才生气要扔掉书了。呵呵！对了，这套书的价格不菲，这是唯一让作父母的心有戚戚焉的地方。	酒店条件不错，如果一家人入住的话还是可以推荐的。交通还可以，吃饭不怎么方便，周围没什幺小吃。不知奥运会的原因，反酒店前台服务热情，房间也比较干净，宽敞，舒适。下次一家人去北京，还是选择此酒店。
用**券，不错，挺合适的，便宜很多，没用过，听说好用，超值！	2g拖vista还是有点吃力的，后盖里面金属框架确实有点像翻新的，寒一个。	苹果个头不大！常温下食用不好吃！放冰箱后再食用脆甜！买水果这事儿还是实体店直观更靠谱！！！	比较差的苹果，失望至极，颜色差，味道差，个头差
很轻薄，漂亮。看片音响效果好，色彩也不错，全家都用华为，都感受很好，支持国货。	好看又好吃，包装又精美！特感谢送货大哥，风雨无阻，谢谢！超赞！	"每次去济南我都会住在山东大厦.酒店设施周到完善,服务员服务到位,很多细节上凸显了酒店的人性化考虑,总之,非常满意!"	够用一年了，小瓶更精致，，，，，
母亲节（Mother's Day），是一个感谢母亲的节日。这个节日的传统起源于古希腊；而现代的母亲节起源于美国，是每年5月的第二个星期日。母亲们在这一天通常会收到礼物，康乃馨被视为献给母亲的花，而中国的母亲花是萱草花，又叫忘忧草。[1]	充电也太慢了，两个小时才充了百分之二十的电，画面清晰度也不行	不好！水果大小不一！而且还不一样！有的皮厚！最大的也到不了75最小的可能只有65多点！不像商家描述的全是75果经	更不不是亚麻，骗人的质量，不想退了 凑合穿，打算买的亲友慎重……
潘苹果 甘肃天水红富士苹果 12粒装 约75mm 总重约2.25kg 新鲜水果	一下买了好多，结果家人说，除了苹果其他的都不新鲜，狠心塞	因为之前买过觉得不错就买了好多，结果这次苹果特别小，而且很硬，不好吃不好吃，2个坏的总的来说几率算低的，但是太难吃了，再也不在网上买苹果了，不能挑还不能退	国庆期间买的手机，刚俩月，现在手机不仅卡，而且简单的录个视频，手机就死机、发烫，现在对于华为也是呵呵哒。问客服，让自己找售后。。。。。
"性能很好!配置不错!自带系统,开机可以用.VIST比传说中的好用.送货很快!当天14点下单,次日早11点到货!"	苹果个头一般，一个人吃一个正好，也比较新鲜。	不能下载、不配置耳机。太厚太重太大。时常死机。短信息书写字数太少，只有一种书写方式。色彩不好。	烂成这副恶心的样子我只能说超级无语
一次性购买这么多，你看，口味肯定很棒棒哒。回头客很多。	一分钱一分货啊，有钱还是买个配置更好的！这个也物有所值！	搞活动买了好多，之前用的滋润效果不错，就是这个去头皮屑的用了反而多了起来，不知道怎么回事。	什么京东自营的广东省内跑了两天多，什么京东自营都是
东西不错，物有所值。	装修旧了，性价比不高	一般吧，配的东西垃圾，不能用的就不要配来	没有说的那么好，内存只有10G很卡
秒杀价买的这两箱，很划算，个体大小均匀，没有坏的烂的，包装大红色很喜庆，生产日期也很新鲜。	洗发水收到了，包装很严实。快递也很快，很超值的一次后续。很赞！	从未去过深圳，通过携程看红桂酒店不错。感觉是大堂很气派，象个4星，服务也不错。房间（我订的标准间）是小了一点。我很满意！	实惠的套装，洗发护发一步到位都有了。味道挺好，唯一不足的是刚刚收到货竟然降价了，心里塞塞的55555....
和目前同类定们的比，价位勉强可以接受吧。整体谈不上精致，也不粗糙，算过得去。	这个布料这价格高了点！不值得	优点：（1）房间还可以，比较宽敞。（2）洗浴不错，水比较大。缺点：（1）门口的门童就是SB，看到我拿箱子也不帮忙，连门都不给开，严重投诉。（2）严重崇洋媚外！！！！看到韩国人就跟狗见到主人一样，严重鄙视！！！！你给韩国人提箱子也没有见给你小费阿，溅！！！！！！（3）定的是标间，苍天啊！！！从大堂开始左传走30米，右转走30米，在左传，再右转走30米，然后提着大箱子上楼，什么烂酒店！！！！！连个电梯都没有。（4）还是门童！！让他们帮忙叫出租车，全是黑车，周围比较偏，自己根本叫不到出租车！！！！严重投诉。到机场也就70块（带高速费），被骗了100。！！！！！	什么东西，苹果小就不说了，还酸的不得了，水果店里也就两块多的货的，真的不值那个钱，还要*的运费
非常好的果子，快递员也非常负责，给京东点赞	位置还可以离解放碑地区不远，打车起步价（5元），房间价格236元，我的房间还可以看到江景，电视卫星频道不错选择很多，房间不算大，洗手间很小，但还算清洁。总得来说性价比还可以。	第一次入住宁丰宾馆，地处市中心，购物很方便。房间装修时尚、温馨，用品干净舒适，而且有鲜花和水果赠送，有家的感觉，服务热情周到。唯一不足的是门口修路，不过听说五一就可以修好。住后感言：同样的服务，他们更惊喜；同样的微笑，他们更真诚！	第一次入住，说实在话就是图个方便就近，因为离我学校很近，而且听说还不错！但是入住以后才发现服务态度是不错，可是效率和处理问题的能力太差，入住那天天气那么冷，宾馆的空调不开，还是冷风，说是中央空调定在那个温度，强烈要求下答应给我调高两度，但是等了一个小时还是那样！第二天再次去电话，他们大堂经理说空调一直在维修！我不知道到底怎么了，但是认为这样肯定不是合理的！所以下次应该不会选择这样的饭店！失望！宾馆反馈 2008年1月18日 ： 首先感谢您入住本酒店，看了您点评后，经酒店调查，该天空调确在维修清理中，故十分抱歉影响了您休息，若您下次入住，本酒店可为您免费升级您所订房间，以做补偿，希望您下次能再次入住本酒店。
价格变化太大，还什么618活动呢，现在居然比活动价还便宜。	包裹拿到手时箱子角已破洞，没有这么大的箱子硬要把pad塞进去，就不能拿个大一点的箱子吗！！我不知道是在快递过程中包装破损还是因为箱子太小挤压破损，但是拿到包裹时我真是气的不要不要的！！	非常一般不值得这个价格	和图片相差甚远，质量不好，还是在网上少买为好！
非常好每一个都很新鲜饱满，颜色很正非常爽口甜脆	性价比很高~~~显卡是3430 不错~~~~~装一个萝卜花园的ghost版就全部驱动都有了~~~很方便~~~比HP的方便多了~~~	活动时买的*，收到货时才发现超值，次日达，包装精美。	不好，头屑多，原来没有过
收到了，质量不错，比想象中的还满意，上身效果非常满意，大小合身，很喜欢 重点是保暖 老板人很好 嘿嘿。。。	物流很快裤子试了一下很合身，做工也很好。	和华为手机的用法一样，给我老公办公用的，用来看excel表很合适，开会拿着又方便，用了这么久也没说不好，另外有两个音箱，听歌效果不错哦	希望京东严把商品入场关！
挺不错哦，个大多汁，红红的，很好	清扬去头屑不错。京东自营放心，是正品，在农村，送到家门口。	我觉得比苹果好，价格比较亲民，打王者荣耀不卡，内存小的问题可以通过扩展解决，电子产品更新速度快，没必要买贵的，5V2A的充电效果不错，平板连续玩一天，续航还可以，就是没有指纹解锁，所以每次都得按电源键亮屏，不过可以通过买皮套解决。总之国产的东西越做越好了。	酒店服务特差，班车接你得打电话，根本不是30分钟
裤子收到了质量非常的好很喜欢送朋友的他也很喜欢	衣服不错，发送时间长了一些。	还没打开包装就闻到了好大的味道，心想不会是露了吧，没想到打开一看，心里拔凉拔凉的	标准间的卫生间居然热水都上不来，后来叫来了服务生和经理折腾了半个小时才弄好。。。 第一次住这么差的房间！！
以旧换新重新购买的，原来也是同一型号，现在换成电话版的，支持国产	这个苹果可以，又甜又脆，一次吃了两个	蒙牛高管撤出蒙牛后做的，最近很低调的火了！	布料太次了，便宜货就这样，看来不能买
很好很喜欢，穿上也帅帅哒！继续买你家东东！	很大概率不是华圣，在天虹买了这么多年华圣，还没吃过这么软的华圣苹果	码子短了，而且裤子内侧有破损，懒得退了……	我主在709房间，该房间空调声音巨大(门外都可以听到)，浴缸没有防滑垫，浴缸水龙头把手轻轻一碰便会整个脱落，房间没有灯光总控制。电话竟然是坏的，没有声音。饭店入口很难找，前台不但小，而且一片混乱。
裤子质量很好，真的不错，款式也很漂亮	视频不清晰 分辨率不高 电话功能不行	裤子不行，完全是热天穿的，	差评差评！！！！！妈的买回来就贴好膜了，上个微信还说这个手机绑定过微信，你**别和我说这是新机子
囤货囤货，用够一年不是问题哈哈哈，每次都很喜欢这样的促销，也很划算，旅行装带去出差也很方便，好喜欢潘婷，一直用了5年了，很喜欢很赞，味道清香，用后头发也滑滑的不枯燥，很信赖的一个品牌	"距离浦东机场近，10分钟车程到达到机场，半点和整点有车来接. 缺点是不含早餐，而且房间设施实在是不怎么样,一点点小遗憾."	apple品牌机所用的os系统需要好好研究，并且好多软件跟pc不兼容！	完全无语了，除了壳都没肉了吧，太小了
"环境很好,房间大但旧,服务还好,基本满意,下次可以再住."	不是很满意，为什么没配平板电脑套和耳机线，认我有些想退货的感觉，我现在就差这两样东西，你看有什么办法，给我配个粉红色套和耳机线	此款洗发水，就是越用头发越油，而且又痒，保你难受，便宜没好货，	"5月2日入住标准间。其网站(,更别想有浴缸之类的设施。2.所谓的按四星级打造，床竟然用未油漆的木工板拼凑而成，大失所望。3.5月2日杭州气温最高31度，房间里中央空调出来的居然只有自然风，没有冷气。晚上只有不盖被子睡。4.早餐一般，想吃个煎蛋？抱歉，没有。补充点评 2008年5月4日 ： 其网站介绍是""一家按四星级打造的精致时尚型酒店"",严重名不符实。1.首先房间太不。是我住过的酒店里面最小的.两个人已经很拥挤。卫生间移门是坏的，更别想有浴缸之类的设施。"
质量很好，穿上很舒服，面料不错，很喜欢	包装精美，我买的品种较多，我吃了皮蛋和甜瓜都不错，很新鲜以后就到京东了	好好好，囤货囤货，这次京东的力度竟然与x猫持平了，有些竟然还比x猫合算。	快递小哥速度到挺快的 但是感觉洗发水是假的，之前在商场买的用了很香 头发也挺顺的，但是这次买的用了不但不香 头发还很毛躁
不错，确实是正品，好货	性价比方面比较好，独显是最大的亮点之一，带摄像头+耳机不错！	裤子很好看，穿着又舒服，质量也不错	早上挂的单，下午就去取货，机子性价比很高，用了10天了，才上来评价，发现这机子京东还没有降价，心里很高兴，只有一个扬声器，音效还可以，没有网上说的那么差，重装系统后运行很平稳，没有什么问题！
酒店很不错，硬件很好。自助餐厅早、中、晚都有很方便。性价比很高！	屏幕清晰，运行速度流畅，软件较多，音响清晰，对得起这个级别这个价格，	还可以，打王者一点都不卡，追剧也非常之好，我用了两天才来评论，非常不错！	还好，就是通话质量不太好有回音，上网卡卡卡，比较不man?y
"每次去河南基本上都住这家酒店,环境设施都不错,房间宽敞,服务也好!"	用了一年半的 e680 终于送小偷了。刚刚买了一台e850，用了三天，说说我自己的感受。1：速度。首先是开机速度。这个PPC的手机不能和Linux的比。e680的开机速度和运行Opera的速度快不只一倍吧。2：耗电，初步比较应该是 e850 强。使用1100的电池，是比e680 750 的电池还是强很多了。3：屏幕。光从色彩上说，e850全面胜出。但是e680的触摸屏的灵敏度搞过了e850。4：做功，个人觉得 e680 比不上 e850，但是 e850 好像单薄了一些。5：摄像头，当然是 e850 强很多。200w6：电话声音。这是e850的最大缺点。不过还是可以忍受。7：可操作性。个人认为 e680 全面胜出。e680的电话分组十分方便，操作也很简单。e850的电话分组我还没有找到（可能是我不会用，希望各位朋友多指点）。e680 的Opera操作也很方便，可以用单手操作（因为有手势功能，可以用单手方便退回上一页，不知道e850是否有这个功能）。8：软件资源，当然是 e850 胜出。不过我觉得 wm5的资源还是少了一些，希望朋友推荐几个站点。9：可玩性，e850全面胜出。因为软件比 e680多得太多了。	不好，好像是假货，玩一下，充电都发热。	超级垃圾洗了一次衣服领子变成红色得就是掉色了啊垃圾垃圾垃圾垃圾垃圾垃圾垃圾垃圾垃圾垃圾气死人了
华圣 高原红富士苹果 ，好吃的苹果。	贴牌标的，洗了两次全部是头屑	华为产品是我用过的最垃圾的电子产品，没有之一。比山寨机还垃圾。	不是说够*送礼品么。。礼品呢。。两个订单走一个快递。。差评
质量不错 版型不错 穿起来很时尚 哥哥说穿着也很舒服 好评好评好评 重要事情说三遍	太神秘的酒店，位置一点也不好找，出租车司机都不知道，前台告诉我就是这么幽静的酒店，厉害	服务还可以，饭菜价格也挺公道，就是早餐品种少了点，没啥吃的，而且都是冷的。被子没洗干净吧，枕头和被子都是臭的，没法睡	"设施陈旧,早餐不太丰富只能说是一般般了"
我有点后悔把跑步机装到你宿舍了，它应该待在我宿舍，这样就可以无聊的时候玩玩。话说你宿舍阴的感觉，大热天的一进去有点凉飕飕的感觉，都说好阴森的感觉。从 一点出去到三点回来，好热的说，来罐蒙牛酸奶冰一下，好心水的感觉	其他都不错，就是隔音太差，几乎相当于没间隔。隔壁住的是小情侣，闹腾一晚上，害的我一晚上没睡好	腾讯视频会员卡呢??给不起就不要写上去欺骗消费者	一起卖那么多次了，一个店铺同一种尺码。2件不同颜色，居然小那么多，穿不了，不多说，大家看图，还不让退货。
纵然是再娇艳的花朵，作为和亲公主的皖雅，也逃脱不了所谓“贡物”的命运，绚烂一时的爱情，到头来终究抵不上江山一角。爱情，如此完美却又失落，皖雅的结局，苦涩却又实际地描绘了宫廷女子悲婉的一生。看尽世间无限遗憾，只因爱情如此脆弱。三个男人用不同的方式爱着这位花神，她本可换种选择使自己轻松，可她还是执着于她的爱，终究她的爱害了她，爱情总是这么威力无限！	还没有用过这个牌子，所以试试好用再来评论	"整体用起来倒是不错，就是质量堪忧。50天后系统出现跳屏(屏幕不受控制)现象,返回京东代修，刚刚邮寄回来(为什么发票不见了。。。），再使用一段时间观察观察吧。 国产手机能让人省点心么。"	大家小心京东商城了，他们说话不算话，千万不要上当，在处理事情当中告诉我说3-5个工作日给答复通知，到了第5天什么答复也没有收到。不好意思正在为您处理当中，可能会处理到2055年.京东商城告诉工作人员一句话不好意思就什么也不会说了.大家千万要小心...尤其是白条可千万不要用只要你用了就会冻结......
很好的平板 超好用的 外观好	样式不错 颜色不错 穿上很舒服	外面看到挺好，切开中间都烂了。。。。。送爸妈的，结果好没面子哦	我等维修结果！谢谢华为，让我认识了国产机，以后应该不会再买国产机
宝贝收到了，实物很不错，质量做工都挺好的，面料很舒服，大小也正合适，性价比不错，老板服务也很贴心，满意的购物！	我是给公司买宵夜发放的，一直都在京东买水果，每次都坏果……	收到了，没有姜味，不好用。包装不好，漏出来了。	你敢相信没sim卡槽 这是为什么敢告诉我不 用了这么长时间刚想安卡 结果居然这样低级错误都有
"热水器非常好,40L的大小刚好够我们家的位置,客服服务也非常好,送货的顺风快递以及售后安装人员服务都极好，从买到装全程服务非常好，会推荐给身边的同事朋友，祝卖家生意兴隆哈！"	外包装盒被雨淋湿了。15号订的货21号才送到，后订的货早到了，还是自营的，第一次遇到这种情况。东西还没用囤货的，先评价了。	京东什么时候把赠品也拿出来卖钱了！	没送大礼包！！！骗人的
上次买部不带打电话功能，刚好这次618京东做促销又买打电话功能m3平板电脑，质量一级棒，做工挺好的，就是没听筒，自营送货就是快上午下单下午到，	赤裸裸的商人 有一半是特别差的 明显是专门好坏放在一块 差评	这个一星是给京东的包装，没有填充保护，盒子边角变形压破了，东西还没用，用后再追评	评分是给快递的 苹果有很多是烂的
果好大，送人不会小气，又新鲜，相信京东。	今天刚拿到挺不错的哦很喜欢	刚拿到手就有一个亮点还在屏幕中间，很刺眼。。。还不是PUMA 平台。 发热也挺大	太差劲了连个膜都没有坑人啊便宜没好货
1.外壳采用银纳米涂层，具有抗菌功能，还能够阻绝电磁波。2.电池待机时间比较理想。3.屏幕面积较大，显示效果不错。4.拍照功能较强，效果也不错。	书是基本阅读了一遍。这已经是第二遍了。尽管内容相对杂些，但读起来较容易，语言温和，吸引人，内容生动，基本上养生治病的经验总结，同时辅之以基本理论的支撑，较容易上手，总体感觉不错。1、只是真正做起来可能难度比较大，需要改变个人的生活习惯；2、中医太深奥，经络部分，我是基本读不懂，需要花费一定时间学习；3、同时我已经在马老师的个人网站上诊病了，非常满意。	包装完好，苹果都是好的，支持一下，你们的品质有保证，以后会越来越好，越来越强大	1、自助餐：自助方式很经济，但是每个菜都要刷卡，麻烦！酒店员工不知道礼让客人？首次遇见啊！各位如果想知道被服务员拥挤的感觉，请入住该“汉爵”。
满满两大瓶洗发水一瓶护发素，还送了另外一些赠品，包装完好，一次买这么多东西，还另外有一大桶赠品送，可以用一年多了，真是又好又快又方便。	做工精细，运行流畅，64g通话版，不仅仅是一个平板，其实就是一个大手机！功能齐全。	不好，用了还是好多头皮屑	真的不行，一股霉味！洗澡换衣服后就躺在床上玩手机，哪里睡的着，只能等飞机临时钟点房而已！
挺好吃的，不错。还是有点贵，就贴了个商标。	这次的苹果比之前的都贵些，但口感没之前的好！	跟朋友买的，没选好码数偏大一码	质量一般般，价格再底点就好了
裤子质量不错，颜色很正，还会来光顾的，给我五星好评！！！！	快递好评，产品勉强好评。	东西一般，速度就是龟速！	手机有点弯弯的，很失望，华为
酒店各方面都很好，尤其是前台服务员英语都不错。CHECK　IN　、CHECK　OUT的速度很快。	活动又买了三箱。一冰箱都是苹果。一天一个。    新鲜、脆、甜、多汁	不像是正品，洗了头发比较干燥，没有以前在超市买的那么好用	巨大的箱子放这＂都漏了！阵垃圾阿！第一次觉得京东垃圾！箱子还就是一个破旧的！太生气了！ 里面空荡荡完全没有任何保护措施！C A O
选一件就是套餐，洗发水质量非常好，包装的很严密，一看就知道是正品，下次还会购买。	蒙牛赞助的？	这是一本捡别人漏沟水的书，非常后悔买了这么一本毫无看头的书，请大家别再上当了！！！！	第一次买，好伤心，上面看着好好的，理想与现实的差距啊！以后再也不会在这买了，质量差也就算了，做工手艺还这么差劲，线头，烧焦的，还留有余布，这是要我自己修改吗？妈的，价钱是低了点，可也不至于这样吧！直接没好印象，真想开骂，差评差评差评！
第一次在网上买超过1000元的商品，反复看过很多，最终还是决定买了，就是感觉屏幕小了点，总体感觉还是不错的，客服很有耐心，把我的疑惑都解决了，没有了后顾之忧，先用着吧，目前还没有什么问题，看电视反正还是不错的，祝店家生意兴隆	很晚到的酒店 酒店一般般	商品没有收到，怎么让别人而且不知道是谁拿走了，我没有听到过电话，别人拿东西走，你们干嘛不查一下手机号了，签名一看又不是我，我不是很冤枉啊，到底谁承担责任了？	这两个不是一样的吗？一个是双十一的价格**，一个是今天的价格**感觉被骗了。都不知道是不是正品。
本子的酒红色没有想象中的好看耀眼，没啥软件，都要自己装，有点麻烦，呵呵！另外，试机的一会功夫，就蛮热的，似乎散热不太好！	伊利问题奶，大家看看，中国人就是要欺负中国人。巨大的牛奶漂浮物，死人也是死到中国人a，愤慨转发，保护国人转发，灭绝黑心企业转发。蒙牛可以借鉴别别抓到。#黑心伊利漂浮牛奶，亲身体验。 我在:http:t.cn/zOxvRjw	可以这样评价是我们住过的最差的酒店，简陋的大堂，肮脏的房间，可怕的卫生间，绝对是一场恶梦！！	差评，衣服老掉毛
机子到手感觉很好，快递速度也是很好的，非常快。	东西还不错，和原来的味道一样，期待效果	蒙牛怎么可以这么做呢？？？？我呸！抵制蒙牛！	十分不好的购物体验，已经不新鲜到极点了，绝对不会再买了，大家也不要买。
"看视频超爽,接wifi信号强，价格有点贵，操作与手机一样，其实就是大屏幕手机。"	怎么说呢......这也叫三星？比较象招待所，还有，井冈山的东西那可不是一般的贵！！！！！！	苹果还可以、味道也不错，就是无语，有一箱少2个，有必要吗？？？？？？	收到时已没包装，另一支就包装好，不知道是不是退货的商品，连包装都没有真的是太差了
还行 续点 背心男 无袖背心男夏季宽肩v领男士健身休闲汗背心	洗发水不好，没有泡沫	不新鲜的，大家不要买，京东不知道是不是要倒闭了	料子和拉链的质量都很差，与路边***的货差不多，做工差线头特别多～将就穿，以后都不会买这个牌子。
好吃，虽然个头不大，但是味道很好 很甜 就是挺贵的 呵呵	就这个价格来说，很不错，性价比还可以	续航时间略显不足，但也还可以接受了。显示效果差，只适合文字处理上网。图像处理严重不足。	1、门童不专业，我们是晚上10点到的，下出租时，没人开门不说，连箱子都要自己拿。2、房间太小，浴室也小，不象是四星的标准。3、结帐时竟然说两间浴袍不见了，我们入住时根本就没见过浴袍。还想问酒店要呢！4、入住和结帐都慢，总之以后再去，不会再入住了。
裤子真的不错，洗后也能一样保持版型	小潘品质不错，包装好，吃口较好。	就是图离机场近了，但这幺小的房间这个价实在有点贵。600虽然在上海不算多，但选择面实在也不少，主要考虑飞国外怕误机，以后住2号线沿线也可以。	质量不错，值得购买，下次还来的。
不错不错！这次尝尝甘肃的苹果啥味儿！	我是今年3月1号买的机器，当天买回来的那个的确有死机的情况，后来我去找东信的售后，他们给换了个新的，后来这个用的还好，一直都没有大家所说的死机的情况。	"预装vista系统运行较慢，我改装了XP,费了很大劲，驱动就需要一个一个的装，很麻烦。钢琴烤漆的外壳漂亮但是容易留手印"	一直买这个苹果，这次的色泽和味道和之前不一样，不好吃
首先确实要夸奖京东快递真得非常棒，送货小哥的态度也超级好！	"房间装修很好,尤其是床垫,住起来很舒服.卫生也很好,很干净.服务还可以,结帐速度挺快的.酒店的位置也可以,交通还很方便.餐厅海鲜的品种有点少,朋友聚会也挺好的.最主要的是价格实惠!!呵呵!!!反正总体感觉还可以,在秦皇岛的三星级酒店来说,性价比还是很高的.推荐!!!"	中号的这幺小 晕!这是我见过吃过的最小的火龙果了 失望	（接上面的） 最后才发现左侧用了双面胶，这是什么意思啊！不想让我换内存？？我最讨厌那个东西了，这个东西意味着短时间看不出来，可是时间长了就会发现，这明显是厂家的态度问题，敷衍了事！
神速的快递小哥，谢谢！物美价廉，值得拥有	"大虾们帮帮忙了.  刚买,今天进行分区,想增加E盘,操作错误,结果连原来144G的D盘都不见了,现在只有1个C盘,怎么恢复呀?"	收到商品与图片不相符	一点姜味都没有，洗了滑油油的，没有控油作用，好失望！能退吗？
这款性价比高，而且反应还行。值得购买这个，华为还是不错的。手机也是在用华为的	"小巧好看,特别是针对女性用户推出特别功能很有人情味,功能简单使用,是比较适合女性使用的一款手机"	"天好冷,突然觉得蒙牛好温暖啊蒙牛蒙牛"	"网上的东西还是不靠谱,失败的一次购物"
#我渴了# 除了晶钻奶茶 我还有个很爱的饮料就是蒙牛真果粒的芦荟味，虽然是蒙牛的，可是真的哈好吃啊。但它们绝对都超越不了百事！	"他们家的床太硬了,睡得腰算背痛!房间有些陈旧,隔音也不是太好,半夜正好有几个人入住相隔的房间,那个声音啊,反正是吵到了(不过这和入住人的素质更有关系)!房间内没有电热水壶,只有一壶?"	首先我们只是住了一晚 是艺龙推荐的 我们本来订购的是五星级酒店 原因我定了三个房间全部没了才订了这个酒店 酒店很旧 卫生只能说一般 服务人员不苟言笑 事实评价 可能没有星级培训欠缺 第二天早上我们就离开了 打包好行李 把老公戒指手表放桌上 老公因为怕我们等走了很急 带了手表忘戴戒指 我们的戒指是周生生限定版 价格在四千左右 无砖石 回到家我们第一时间就联系酒店 酒店工作人员说还没有人入住过 去找戒指却没了 因为东西小我们怀疑是阿姨打扫没看清而扔掉 工作人员就一直说找 说会联系 后来过了两天也没有给我们回应 我就自己在一次打电话回去 酒店没有抱歉也没有说赔偿 就说找不到就完事了 那我是不是也可以认为你们阿姨实质或者是自己拿了 要不每一个去住的人丢了一样贵重的东西你们都这样处理 那你们这样我也可以理解成中饱私囊吧 我们没有那么无聊 没事来找事 毕竟我们不是宁波人只是去旅游 还带着2岁半的宝宝 以后我们不会来你们酒店 甚至我觉得要去旅游的也看一下 毕竟出门旅游安全感很重要 不推荐 去住个五星也贵不到哪里	总是死机
换可以吧，虽然没有想想中的好，但是一份价钱一分货。包装很好，快递很快	退货退一个月，也是醉了，比国家领导人还忙？	刚开始的时候看到这裤子多好的，29号下单，然后心里一直挺乐的，就坐等京东物流送货过来，可是，现实并不是这样，一等就是一周过去了，到今天4号下午到了，在这期间我不想多说有多少失望。但是当我去拿包裹的时候，我的那个心情瞬间就滑落到历史最低点，包裹外那么大的洞，而且裤子是旧的，完全看不到一点新的样子。而且最可恨的是裤子上没有纽扣。我的那个心情真的不是滋味。朋友们，不要被这家给忽悠了，噢，多么痛的领悟！	本来我是很支持华为的，手机也一直用的华为包括我爸妈用的也是都是华为的，但是个东西太让我失望了，买了差不多两个月多，一玩游戏就开始卡的了一卡一卡的那种特别不爽，然后又经常突然断网，玩游戏玩着玩着突然网络就没了过一下又突然满信号我也是呵呵了，别跟我说是信号不好，之前买的荣耀v8到现在也是屏幕不灵，沾一点水就开始崩溃，曾经我也是个华为铁粉，但是从今天起我不会再买一件华为产品
10月底刚住了3天，感觉真的不错，房间够大，很干净，虽然靠街，隔音效果还算不错，至少我住的时候服务态度很好，让拿个吹风机很快就拿来了，拿几包茶叶也很快，唯一的遗憾就是不提供信用卡消费，不过在门口就有一个自动提款机，还有不能延后一小时退房，说是电脑系统问题。总体感觉230一间很好。	一直都在用清扬，别的品牌都不太满意，。。	东西是好的，可惜这快递的速度差评！！！！！！	差差嚓擦差差
速度很快呢，次日就来了。收货时，京东人员帮助检查了质量，这叫安心收。基本没发现坏的，苹果颜色也比较红润	忍不住说两句，这里的性价比的确很高，院内幽静、安全，走廊也十分安静，透着私密性，房间中配备吹风机、小闹钟、台历，还有免费咖啡、矿泉水以及擦鞋服务，感觉很贴心。我住的是古典大床间，但床不是很大，“古典”不知体现在何处，另外周边200米内似乎没有早点铺，或许因为春节期间全关门了。	内容很平常，不觉得有什么新意。而且有些地方的理解应该并不符合原意。不是一本值得买的书	商品太次，尺码不对！32的尺码小了4公分！穿不了。
买了2箱，一个坏的没有，个挺大的，好吃再来	感觉不错用一段时间再说	"很一般的商务型快捷酒店, 地理位置还可以"	好吵！不停的有杂音！
质量好，裤型不错，修身，穿着舒服，做工好，满意的一次购物。	原先看了别人的评价，做好了不怎么样的准备，到了之后真的有惊喜的感觉，在富豪酒店住了3天，（我们也是住在三楼，）房间虽然不是很大，但也够住了，房间是新装修的，很不错，也蛮有情调的，四面都是镜子，感觉不错，服务人员的态度也还是不错的，第一天到酒店时，忘了行李，酒店还专门打电话询问呢，一个老先生还帮我们收好了行李，CHECK-IN 的速度也很快的，也没有什么说普通话被歧视的感觉，交通离地铁远了些，但周围公交和小巴很方便，我们一共去了五个人，所以打车去地铁站比做小巴和公交合算，周围的又一城和新城都是购物的好去处，附近的小吃，茶餐厅，甜品店很多的，一家叫口香舌滑的甜品店里的榴莲飘飘很不错的，总的来说，这家酒店的性价比还是很不错的，以后还会去的，另外在酒店还可以定去迪士尼的直达车，也很方便的。周围环境不是很现代，但也没什么影响。	产品还没用，但是我都没拆包装，快递把东西搞得到处都是。液体都出来了。有点小失望	下单第四天才收到货这服务佩服，还未用不知好用唔好用。
手感不错，操作起来比较方便，音乐播放的效果对于我这个外行来说很满意。	东西用了一段时间了，感觉很不错，支持国货。	我喜欢这个酒店，因为那里有笑容！因为方便！因为价格合理！还有登州路56号的青岛啤酒！到芜湖，经常因为仓促而订不到国信。一大憾事！	请问你们就这么给包裹啊，都碎了，太差了
房间小但很干净。入住时办理手续的时间较长，退房办手续时速度极快。总体基本满意	"房间紧张---由于地理位置,这个酒店的房间通常都很紧张.房价高---285虽然不多，但是要记住这个是经济型酒店.在这个价位不太经济.布局好---本次的房间有一个办公桌,足够大,比以前在电视前面打电脑要好多了.服务一般---这个如家根本没有任何服务可言.推荐入住."	Vista太慢 装xp系统参考http://nbbbs.zol.com.cn/36/32108_358696.html  4芯电池有点小 没有HDMI接口 没有读卡器 有一个亮点（幸好在屏幕的边缘）	本来是送给老婆的生日礼物，结果才用了11天就发现不能往里面传输数据。经过检测是主机的原因，幸好服务中心的人服务还算不错换了个新的。同事的索爱也经常出现按1出2，按2出3的毛病。看来索爱的确是质量爱出问题。我用过NOKIA3部机器，每部都用了3、4年，就从没出过问题。这坚定了我一辈子用NOKIA的决心
唯一感觉不足的是硬盘就分了两个驱，每个100多G，要是能分成3个或更多就好了，呵呵	一定要住主楼 副楼别提了 后悔死了	没什么故事情节，都是主人公在叙述，身边的亲人一个个死去了，唯有他还活着！真是太累心了！受不了这样题材的小说！	裤子质量差就不说了，说着修身，买回来一点都不修身，我买的还是最小码，而且还发错货，退货太麻烦，就不多说了，再也不买了
"我和我老婆4月4日至6日入住该酒店，非常满意该酒店的服务，环境，服务都没得说，Check in和Check out的速度都是非常的快，早上9点多到酒店的时候，由于已经住满暂时没有房间可以入住，就先交了3000的押金（声明一下，这个只是用信用卡做个担保，并没有过账，所以感觉很好），然后可以免费寄存箱包，等到下午2点左右逛街回来，顺利入住，并且还免费提升到18层行政房，房间很宽敞，很干净，各种设施都很齐全，我和老婆住了两天都觉得非常满意，感觉物超所值，一晚上也只要961港元，换算人民币还不到900，在香港住感觉算是非常超值了，交通也非常方便，下楼就直接可以到旺角东站，直达罗湖，往返国内非常便捷，另外，出门就是注明的花园街（很多运动品牌的,价格比较公道），去尖沙咀的话，走十分钟到太子地铁站或者旺角地铁站都可以的，另外酒店还有定点免费到尖沙咀的巴士，由于我们一般很急忙的就出门了，没有来得及感受。总的来说，推荐大家来香港的时候尝试下这个酒店，价格和享受到的服务确实是成正比的。"	本本来是买来送人的，结果没送成自己吃了，特别好吃，各自个头又大	酒店比较一般，隔音不是很好，比较令人不满的是早餐，口味及品种皆不理想，希望能够改进。	不好用！反应慢，分辨率低！后悔买了！
1，外壳晶莹剔透，注重外形的人可以选择； 2，显卡属于中端卡，一般3D游戏基本没有问题； 3，散热效果很好； 4，usb接口五个，连接比较方便； 5，音响效果确实不错。	为什么光明走不出江浙沪？而蒙牛伊利我印象中问题更多的乳制品企业却已经跻身荷兰拉博银行全球乳制品公司前二十？	这酒店不是一般的坑。6.50的飞机，提供送机4.00钟，还要求我提前20分钟去退房。下面一班送机的就是5.30的，又打不到车。本来还想住宾馆早上多睡会，那就是明天早上要3点就起床。一点都不人性化，叫加个5点送机的怎么都不肯。早知道住家里4点起床也来的急，这鸟不拉屎的地方。携程真差劲，以后再也不会用了！	我敢肯定是假货 垃圾京东 GouRi的 还卖假货 洗了头痒 瓶子上的说明书还可以撕掉 真垃圾 卸载京东 各位不要买了 真的
电池待机时间长，机身小巧时尚	两个人同行入住，应该安排不同楼层，保护各自隐私，香港大厦似乎不知道这个惯例	"怎么没光盘,光盘竟然在第二本书里面!逼我一定要买两本,商业诈骗"	垃圾京东，垃圾
做工精细穿起来很舒服，质量很好	参加6.18活动买的且还有赠品一电吹风。	不好，卡球了	很不新鲜，好多烂的，还是小小的！
收到了 送货的速度还是没得说的呀 比想象中的好很多哦 随书还赠送了速查的挂图 方便及时查找每种病编写都有这几部分组成：症状表现，产生原因，并发症，易发人群，应对方法，家庭护理。对于年轻父母来说，介绍了一些基础医护知识。	在南山区办事的话住这里还算方便，门口往哪个方向的车都有，就是稍微有点吵啊	第一次吃这么难吃的苹果，我都惊呆了。这是如何做到的	垃圾自营店，买的时候联系客服没人，要个纸张发票难死了还得自己t出运费，买了这么多东西，这次第一次给差评，没发票卖个毛线啊，坑人的玩意，东西也不咋地，垃圾死了，一星都是给快递的
挺好的，就是买过之后，就促销了，早知道就晚点买了，总的来说好评吧	此本做工非常好。人见人爱，花见花开啊。 自从购买了此本后，腰也不酸了。腿也不疼了。工作也有劲了。 等着数钱呢。	"房间还不错,就是电视有点高,看着有点累,前台服务还可以."	可能美国的男女和中国的不太一样？对于一个有丰富生活阅历的人来说，这本书里的很多东西都不太实用，唯一实用的一条建议就是：时刻记着，男人和女人是两种完全不同的生物。
大牌就是不一样，信任京东，物流太给力了	有两个苹果有点坏不过其他的还好	最差的购物体验	个头实在是太小，完全没甜味，跟吃萝卜一样，一星给快递小哥
散热很好，风扇声音很小，价格还可以，喜欢小黑的外观。没想到抢购送货还这么快。	A660正在电视上打广告哦，我也用了一部，提醒机友们，A660千万别跟尖的硬的东西放一起，我的机子，个壳就掉漆了，一直心疼呢，还有A660的充电口/数据口的保护胶皮，大家取下来要保管好，上次我乱放就差点找不到了，用完及时装上，保护数据口的干净。感觉电池后壳很薄，大家用时要小心保护。标配的TF卡兼容性不是很好，也根本就不够用，所以建议大家换个大的性能好一点的TF卡	酒店外表及大堂看上去挺好的，本来对它也挺有信心的，而且就在市中心，出行挺方便的，可是从进电梯开始就比较恶梦了，那电梯一点都不像是酒店的电梯，而且从电梯到房间都是一股浓浓的很难闻的味道，很恶心，我订的是标间，设施陈旧又简陋，实在不敢恭维，还说是三星，我觉得它只比招待所好一点点而且，248的收费简直是太过分了	坚决抵制蒙牛！ 我绝不喝蒙牛！也劝身边人不喝不买 自三聚氰胺事件开始就已通报全家禁止买蒙牛所有产品.蒙牛不破产倒闭还有天理吗？
裤子蛮好的，比奥特莱斯买的宰人货强多了。	预定了书，但是没有拿到书，郁闷！	这个是真的是沙宣吗？这只是标志贴上去的吧，又坑人了	帮朋友订的 结果半夜被虫咬醒 卫生太差 就给了早饭当赔偿 服务也差
外观很漂亮，货到了，表妹就迫不及待的拆开了	屏幕清晰度不高，而且运行速度巨慢	草草通看了一遍，太一般了，和末流仅相去步武印数多，卖数也多，如此炙手不知何因，虽然出版商外加某某的热炒吹捧实在也不妨碍它成为一本快餐书忝列论注，实为末流	太差了，空调基本没用，噪音大，价格贵，还不如如家环境好呢！价格这么贵，真恶心
很不错 宝贝很好 老公穿上很修身 物流很快 推荐	洗发水，日用品，第一次买清扬，试试怎么样	材质很一般，穿上去嫌热	希望大家不要购买蒙牛和伊利的产品，对无良企业说不！无良企业，一错再错，屡教不改！还口口声说：只为点滴幸福！都是扯
很高兴看到药药终于完成了这部新作，也算是填补了国内bjd娃圈专业书籍出版的一个空白，为新入娃圈的新手娃妈或即将变成娃妈的亲提供了一份较详细的养娃指南，值得鼓励。书中，药药以自己的口吻生动道出了一个娃妈养娃的心路历程，如数家珍的介绍了她家的少爷们，同时，也让大家看到了药药的一份执著和热诚。衷心希望药药和紫玉继续努力，打造出属于你们的完美华丽的娃娃世界~	酒店设施很新，细节问题处理非常好！服务人员的态度非常好，很喜欢，已经多次入住，以后还会作为杭州出差的首选酒店！宾馆反馈 2008年8月11日 ： 非常感谢您对酒店的肯定和支持，您对我们的肯定是我们前进的最大动力，我们一定会再接再励努力为客人提供高品质的服务。忠心期盼您的再次光临。	酒店位置很好，中山陵里面，梅花山旁边，走过去很近。但是房价和价格不成正比，大堂很豪华但是冷清；528的房间很干净，服务也不错，只是设施陈旧了点，比如马桶盖居然是看起来旧旧的塑料盖，房间里面的椅子也很旧了。若价格降到300到350还差不多。	不好的一次购物，内包装差劲，打开包裹发现有泄露！已经联系售后换货！
苹果没有菜市场买的味道甜，但是送货很快。	我是给我弟弟买的，他说裤子可以。	"该店的环境出乎我的意料,楼道里是有鼓很难闻的气味,早饭也不是很好,我就没吃.但是房间比较干净,我住得是单人房,网速也蛮快的,房间插头没欧式的,本人建议有电脑的朋友带个欧式过去.离王府井也就十来分钟的路程挺方便的."	"质量次,样子货,买了就上当"
昨天用了，挺好，头发挺顺滑的，味道也挺好闻的。快递给力，半夜十二点拍的，下午就送到了。昨天用了，挺好，头发挺顺滑的，味道也挺好闻的。快递给力，半夜十二点拍的，下午就送到了。	买前是看中了这款的样式，3G内存说实话不是主流了，屏幕分辨也不是很高，货没到之前非常纠结，想像着屏幕会是什么样的，收到货以后，下个王者，很不错，和我IPAD操作差不多，不卡，屏幕刚看会有些不适应，毕竟看习惯2K的手机，确定有区别，但使用一会儿后就可以了，3G内存比手机的3G要抗用一些，开几个后台的话1.3G左右，（顺便问一下店家，我的发票呢？）	酒店的设施是很不错的，房间大，设施新，床和被子都是很新的。洗手间也是干、湿分离。服务员态度也是很好，出入都会打招呼。就是餐厅大堂中，适合2－3人吃饭的桌子太少了。还有就是房价在衢州应该属于偏高了。	环境不错，服务太差，态度生硬。
我觉得这是本家长和孩子都会喜欢的图书。针对生活中孩子会面临的各种问题，我家宝宝看过书了，如果遇到类似的问题，他也会想到书中是怎么讲的，就不会那么紧张了。	鲁迅曾经把某些人叫做流氓才子，胡兰成无疑是其中的典型范本，如果说有不符的是，他还多一个头衔，那就是汉奸。无论我们是多么的鄙夷，他们确实存在的。而胡兰成对我们的可贵之处在于，我们可以知道一个真正的“流氓才子+汉奸”的人，他眼中的世界是怎样的。他们的眼中也有美好的事物，也有恬淡的心情，并不一位凶神恶刹的，或者恰恰相反，还有更多的温情。而真正的勇士，象鲁迅，象其他很多真正的知识分子，因为要直面惨淡的人生，因为要正视淋漓的鲜血，有太多的惨痛和苦闷，反而更少了那种闲情意趣。反观胡兰成，在于张爱玲订立婚书以后，身为汉奸，在战争面临失败、独居武汉的时候，能搭上同住一楼的护士小周；在战争已经失败，身为汉奸被通缉的时候，急急如丧家之犬四处潜逃，再度搭上千里相送的秀美，生活来源却要靠张爱玲写作的接济。书中不以为耻，流露出的却是光荣和自得。这哪是任何一个有所担当、有责任感的人所能做出的事情。时势之下，有的人成为汉奸，不失为一代枭雄，象吴三桂，有的人成为汉奸，仍不过是流氓文人，如胡兰成。	假的，用了特别痒，头皮屑也多，这么信任京东，不会有下次了	烟台苹果有很大的浓药味，在京东上买过几次其他牌的都没这种情况，这次买的仙美烟台苹果差得切底，建议不要买！差差差
很实惠，还有旅行装的小的，够一家人用了。唯一缺点是包装太简陋，都破了。	正品会是半瓶的吗？我的护发素买来就是半瓶的！大家说说真假吧！	酒店特别坑 网上贴价三百多 到店了才说预定失败 需要给六百多换成豪华大床房，感觉这酒店专门坑刚回国需要订酒店的。豪华大床房给我感觉也是三流的快捷酒店，被子感觉好脏，手机没电找不到插头充电，还是把电视的插头拔了冲的电，整个房间找不到明亮的灯，目测全是10w的节能灯，颜色灰黄，看书一下子就睡着了。当天预定酒店很多时候都会预定失败，希望elong快点改进，增强用户体验。	非常一般，不推荐，不要贪便宜
"总体来说,还不错,就是价格不怎么样,如果能再便宜一点更好,呵呵"	手机按键过小，排列过密，使得输入比较困难，听筒设计过于简单，音量较小。总之实用性并不强。	一个钻石客户对京东彻底失望了，以后不再京东购物了。	"我的一部中兴890机子,刚用时便出现通话质量差,通话时时断时续,用了不到2个月便出现不能送话,无网络的毛病,送修后说是换了主板,可用了不到几天,便又出现了通话时断时续,好像结巴似的,而且大多数情况下是无网络无信号,打了中兴的服务热线,说是让我自己送到专业的检测点去检测.我的天,一部破手机折磨的我痛苦不堪,还是跑老远的路去检测,所以决定,以后不再用中兴的机子,任它是舌灿莲花."
东西不错很好用	很好，不错，但是有一两个是有一点点的坏点	有摄像头没有麦克风！触摸板不好用，而且发热量大！（硬盘在触摸板下面）风扇噪音有点大！	不便宜而且特别小，我在别的地方买都比这便宜还大，不怎么甜
环境很好，紧邻太湖二桥，湖景房，房间不错，但不显大，电视节目不够多，还有就是携程的房间贵了，朋友电话直接定房，700元的湖景！	拿到手充电时，电池热的厉害，风扇也转个不停，不知道是不是电池的问题？	老妈用了四五天说电沲不耐用，一天没怎么用就没电了，远远比不上前一个荣耀X4。	对京东自营一直很信任 而自营水果我感到失望
不错不错，平板很给力，价格又便宜，拿来看看电影打打游戏足够了	一个月内住了四次这酒店，我都认识前台这几个人了，可每次入住时，前台无论男女都低着头冷冰冰的，甚至连你好都没有说，不知他们在干什么。这是我见过的唯一一家4星酒店，结帐后只说可以了，从不说欢迎下次光临。我曾经观察过10分钟，这这期间结帐的几位，最后一句话都是‘可以了’，而且大多不看着客人，只是整理手上的东西。另外房间太昏暗，很压抑。	音量键处翘起，跟X1一样的毛病	分辨率太低，规格参数里又不标明，换另一款也不行
一收到就立刻开机，换装了XP SP3，使用将近十个小时后才进行收货确认。 散热不错，键盘使用起来比较顺手。 有外接显示屏的接口，SD插槽对我来说很有用。蓝牙驱动装好以后，我自己因为有购买蓝牙装置，所以比较实用。 开机就进行了出厂和驱动的备份，所以光驱用起来还行。一般的本本光驱都会有一些噪音和振动，算正常。没有坏点和亮点。自己下载网上的驱动后，用起来还蛮顺手。	"附带的XP驱动盘没有正确的无线网卡驱动,也没有快捷键等软件,需要自己去网站下载."	质量太差，掉色非常严重，穿了一会手上都是裤子的颜色。	这次买的水果最差超级差的就是这个火龙果了 不仅小还有一个坏的 都皱的不成样子了都不知道放多久了 打开一开直接都扔了 还不如水果店十元三个的 闹心啊 从来没有这样闹心过
平板用总体感觉还不错，就是WIFI经常自动切换无线网，不知道在哪里设置。。。	快递就送到楼下 说了来半天才送上去  还说要加钱才送上去   热水器还没用  等用了在说	没想象中的好！实体店四五十的东西！	想给零分，没有，买完就降价，完事根本没人管，京东の客服就是没啥意思
这是时隔两年第二次入住这个宾馆了。环境依旧很好，第一次和朋友入住时一致认为很灵，第二次陪老妈，老妈也认为很灵。早餐比两年前有进步，但就四星来说仍有不足。相信会再次拜访这里，因为优美的环境。	于丹视而不见《论语》里的许多糟粕，把它吹捧成了指导人生的宝典但不能不承认好的一面说的也有些道理	离机场近，有免费巴士接送，有wifi。但房间隔音很差且住客都是赶飞机的，从临晨开始就不停有开关门声，拖行李声，大声喧哗声。另外我们订的是无烟房，前一天还打了电话确认我们要的是无烟房，但当天晚上到时却被告知无烟房没有了.	实在太磕碜，条件太差，不值这个价钱
住的东苑，应该不会住第二次了。	但是感觉不像真的，洗完了起头屑	屏幕不怎么清楚，摄像头不支持夜拍，不支持红外和蓝牙！	Wifi连不上，房间插座都没有！最坑爹的是二楼的中餐厅，点的烤羊排，上来的是水煮羊排，服务员还睁眼说瞎话是烤过的！从没见过这么坑的饭店！
跟5.5英寸比起来大多了，看电视剧舒适，系统运行流畅	我很喜欢这本书原因有一下几点：我和喜欢《富爸爸穷爸爸》这本书，他教我认请真实的世界：而这本书又是中国版的很符合我国的国情，而且也教我怎样理财，所以我很喜欢。段老师的作品我一向很喜欢，因为我将到他的身边参加培训，所以我必须对他的书有所了解。我对理财方面的书想很感兴趣，只有理财的人生活才会自由。买了这本书我不后悔	东西还行但是送的快	这么快就降价了？？怎么回事？价格100
住了几次了，价格倒还可以接受，不过在这里觉得再低些可能会更有竞争力。不过，令人惊奇的是：3天内在房间里打死了2只蟑螂！	交通方便，设施尚可，就是这次定的房间都是靠路边，太吵！！！！！！！	感觉一般般“”	官方通报酒鬼酒含塑化剂事件：每天喝1斤无害----评：真不知道这些混蛋官员是怎么混上去的！！和曾经解释“蒙牛”是一个腔调！有害就是有害，祸害就是祸害！！你他妈的非等喝一斤才叫有害吗？！
宝贝收到了，发货很快，包装很好，味道也不错，应该是正品，赞一个	有点小，字体看着不舒服，习惯了就好！毕竟够轻薄。 京东的送货要批评一下，星期六下的单，星期三才到。 价格贵了点！	购买了一件回来，但是一个苹果看起来很不错吃起来不是很脆，水分不是很多。然后越放?久就越粉越来越不好吃不知道为什么。送人送礼看起来还不错。如果自己吃得话还是觉得口感一般哦。	不想说什么了，买到了假货，用的头发不舒服，还有头皮屑，之前一直用沙宣都没问题。希望京东给个说法
自营的苹果我吃着放心，真是肉嫩水多	散热一般， 待机一般（不足2小时）， 开机很慢， 运行速度还可以。	水果还是不要在网上买了，收到的水果宴了吧唧的，都快坏了。	住了今晚三次了，每次都不甚满意，房间贼大，设备却陈旧，而且价格不低。这回订的套间，还竟然连个穿衣镜也没有。这么大套的房间，有大卧室一间，大客户一间，还有更衣室一间，还有个厨房（只对长期入住客户开放），竟然连个镜子没有，只有洗衣间的一个半身镜。
洗发液已收到，物流很快，质量很好，卖家服务也很好给个赞，下次还会光临。	119买的，物流很快，包装好	天呐天呐天呐，这么多东西104你信么？那个啥还真是力度很大呢，我很满意！京东小哥人好送货准时，更换地址毫无怨言，点赞！101个！白色500毫升清扬是赠品哦～	"老外关于情感的书,大部分都写的十分具体,理性.就好象一本操作手册那样,一看就懂只要照做就可以了.可能是由于他们追求最高效率决定的.这本也不例外,一本<男女情感说明书>.里面对男女感情问题也理解很完善很具体很深入了,如果想男女之间感情上少出问题,照着做就行了.呵呵,就看能不能做得到了.印刷版本还是很不错的,如果想了解男女情感的题的值得读一读,但是如果想找些能感悟出新思路的,这本书肯定会让你失望.."
很好，京东自营值得信赖，快递小哥也很不错，物流很神速，各种满意，什么都来京东买了	物超所值，材料费只花了60呢	价格挺** 到货后发现一瓶竟然已经漏了 很气人	不满意，用的我头发好差，头皮好痒。给我同事用了，和我一样。假货。真的太假了
屏幕大小正好，速度飞快，看电影不错。	性价比较高，买了后就升值！安装搞了半天，一定要XP SP3版本以上的，否则硬盘不认。	订的豪华单人间，进房间居然是两张床的标间，到总台交涉说是没有了，差点让我换酒店，最后把豪华套房给我住了，按原来订的价格算，前后时间花了不少。第二天结账刷卡的单子打不出来，据说是纸没装好，看看都打电话给农行了，我就先去办了事，中午回去拿到了。感觉服务人员设备使用方面有欠缺，这么个小设备几个人都搞不定，晕。	什么烟台苹果，太失望了，个小，不脆，不甜，大家不要上当
父亲节购买的，物流挺快的，挺满意的一次购物。	产品不错哦，这个洗发水价格非常的便宜，而且非常的实惠，洗完过后，头发非常的柔顺，而且不打结，味道也非常的香，什么也不说了，看图吧	优点1省电，10%能用一小时左右。2屏幕看时间长，眼睛不太累3金属外壳，美观。4声音确实不错。缺点1一个手不太好握(没用外套)，一是因为较大尺寸，还有就是大黑边2时间长，手酸，还是重了点，部分原因是金属壳。3有程序闪退，现在不能确定是平板问题还是程序问题，当然这是个别现象。	"质量和速度是不错啦,就是圆通快递太差啦,单上注明是本人签收的,可快递员随便一个人就给签啦,一点责任感都没有!"
京东自营有保障，挺新鲜的，包装可以，汁甜大小均匀，非常的好。	质量存在一些问题，软件不是很好，尤其是铃声，有是来电铃声不响，照片不是很清楚，买了以后感觉不是很好。	严重掉色！！	如果不是有人送我张礼品卡，我永远不会知道京东为什么永远*，千年老二还是有原因的
高品质杜比音效.采用联想全新高触感键盘，新键盘无论在布局、键帽形状、键程手感上全部进行了人性化更新，不仅满足输入速度快、输入正确率，更能满足用户输入舒适的需求。 人性化一键静音设计。关键还是不错的散热，做工，设计，非常适合家庭娱乐使用。4099抢的。还算比较的有性价比的机器。	非常好的一次购物！送货速度快！产品质量好！大品牌就是值得信赖！	考虑了苹果和华为，最终还是选择了华为，价格还可以，618活动加上券1720，还可以，配送没话说，包装盒里送了膜，挺人性化的，4g运存够用了，又买了64g的TF卡，这会爽歪歪了，一开始找不到返回键，后来才注意HOME上拨上返回，长见识了，还以为和手机一样有虚拟键。。。。	买回来的裤子里面起毛，差，差，差。
交通方便，房间舒适，服务周到，总体感觉不错。	国航坚持送蒙牛，我批评过好几次，可惜他们不听我的，哈。支持老罗促进国内航空业的服务质量。	尺寸完全不按常规的做，实物远比图片上要难看	比枣大一点，以后都不在京东买苹果吃，垃圾。
收到了不错 一个盒子里装的 挺满意的	感觉还不错，和之前买的一样，之前买的89一瓶，6.18搞活动两瓶才95还送了一小瓶，还送了吹风机	"一般,周边比较荒凉"	瓶子本身包装外观还可以，只是买了两瓶，有一瓶送来的时候居然漏了，发票也泡坏了，不满意这次购物
东西很超值，买了几件东西，用了一个2000-100的东券，节省了100元，哈哈。感谢这位会员提供的京东券：http://club.360buy.com/person/grbkrufw-1-1.html	不支持MP3，现在太多手机都有这个功能，我朋友说，许多都是免费下载的，而且他机子还有SD存储卡，羡慕死了！！！	线头多多，掉色利害，异味重！不值这价钱！懒得退货！总之不太好！	买了没几天就减价了，差评，联系客服态度恶劣，还不退差价
这个很凉爽的夏天用，看到有活动199-100就果断下单啦哈哈…	还没用，刚好有活动先买了囤着，用后再来评价	刚那到手还么试穿。裤子的纽扣就是碰了一下就掉了。我也是醉了	裤子又大又长，那里像休闲裤，妈的，还修身呢，真是够了
"房间设置不错,感觉比较新.洗手间很宽敞明亮,美中不足是洗手间的地板,稍微沾上点水就容易滑倒.早餐不错,品种比较多.服务员,门童都很热情,总得来说比较满意."	好久不买蒙牛了！	第2次购买了，这次使用后，头皮屑反而越多，感觉买到假货一样。不知为何？	一大清早，尝鲜买了，真是巨难喝，坑爹的蒙牛！
我一直用linux，觉得比xp快很多，很喜欢；键盘比我以前的三星小一点点，轴很结实，屏幕感觉挺舒服，但是厌恶输入法	"1.外形设计相当有个性。2.支持RS-MMC扩展。3.手感良好。4.最大卖点：双喇叭设计与3D环绕立体声配置,音效效果酷似专业级音源。"	位置挺好，标准间特宽敞，服务水平一般．若到星海广场玩一天并晚上观看剧场真人秀可选此店入住．	配送速度快 服务态度好 配的赠品不对！
只能说不喜欢，不喜欢，不喜欢	不好用，用后头发没光泽，摸着头发柴柴的，而且洗不干净	买了两瓶，用了另外一瓶，实在是我用过最差的洗发水，洗的过程中和洗完吹干后头发都结成一坨拉不开，用护发素都没用，还干枯打结，虽然这瓶没用，因为另一瓶给我的坏到极点的印象，我也要给这个差评！再也不用滋源！我的第一个差评就给了它了	你妹啊！才几天就降价成*给我补偿！差评！
裤子很不错啊，穿上显得超级有气质，而且质量也很好，比我之前买的牛仔裤手感好很多，不经常给好评的，强烈推荐啊	近火车站，位置方便适中。以挂三星之酒店尺度及价格置评，平心而论，委实不错，中规中距之余，简直超值，是携程的好推介，谢谢。大堂不豪华，但宽敞舒适，坐得久了，服务员奉来热茶。花园停车场，从客房外望，视野空间，并不侷促，而且恰当绿化。提供免费上网，偶有故障，服务员都迅速有礼地协助，态度友善温文，殊堪嘉许。客房设备足够，卫生洁净，是踏实的良好服务机构。来大理而又不坚持住入古城者，请考虑。补充点评 2007年10月22日 ： 同意先前有网友推介餐厅服务亦算不错，但菜色欠吸引。	收到了 包装日期有些久 坏了两个 不值这个价 很一般	呵呵，发错货了，全程居然木有句道歉的话。你们怎么不问我离快递公司远不远，退货是否麻烦。你们可知道你们的失误，我需要花费相当的时间，我很困扰。难道不该道歉吗？    第二，我要换的货*而你寄来的*然后你说反好评，退*。呵呵，好精明啊！直接说本公司不接受补偿，只换不就行了。    本人也是做销售的。所以有个执着。看来花花公子还不成熟啊！本来一直用花花公子的内裤，所以牛仔裤试了试。唉，离高端距离好远
太薄了，尺码不标准	这个也太夸张了，刚买好就降价，而且还送东西，真是无语，亏大了。	有多少老外闲的没事纠结蒙牛的广告语？又拿消费者当傻子，看蒙牛唱独角戏！	酒店设施陈旧，服务态度那叫一个恶劣啊，真没见过这么拽的。还要客人反过来低声下气的跟前台好好理论说话。以后打死也不会住
可以说这是我看过的最好的一本有关孩子教育的书，关键是教会父母们改变了一些心态和观念，比如说“不管是是最好的管”，“拒绝惩罚作业”等。作者不愧是一位教育心理专家，可以从孩子心理的角度来思考和处理问题，让我信服。一口气读完，还想一读再读。推荐给国家教育部领导们读一读，也许对中国高考（现如今的科举制度）改革能有一些启发。	收到，给老爸买的。希望他老人家越老越可爱	这是什么西柚？整个苦涩的味道！怎么吃啊？	态度超级不好 买完东西退货不能还原 ！很恶心
很漂亮哦，黑黑样子，我喜欢 另外为这个本子单独定制的LINUX的操作系统，也非常适合这种小家伙	性价比高，外观还是不错的。GF130M显卡在笔记本里算是可以的了~T4200性价比要比T6400高很多，也就在2级缓存稍微差点。	品牌商品就是好 高端大气上档次啊 用完继续买	房间设施偏旧，洗澡设施太差
颜色正，质量不错，摸起来很光滑，手感不错，一次买了两条，一个黑的一个蓝的，物有所值！	你的时候就是一起的士上午去掉缺点的机会？在你面前	太亏了，买了不到一个月就降半价，品牌也不可行。	客服真的差 尺码不对 客服鸟都不鸟你
又甜又脆！80多岁老太太最爱吃的苹果，买过多少箱都记不清了。每天一苹果医生远离我！老太太每天都吃确实身体不错，天天外出散步精神状态很棒！80多岁都懂得买生鲜上京东买的好吃?！	新鲜，好吃?，方便了不爱出门的人	帮同事买的，据说不错就是买40升有点小	跟图片上的一点都不一样，看上去好旧，就跟穿旧的一模一样，特别不满意
苹果不错，品相很好，口味应该也不错	以往，还真没有看过医学一类的书籍。前几日，听朋友说，《求医不如求己》很实用。于是就购买了一本。真没想到，看了就爱不释手。书中没有深奥的医学知识，作者用通俗易懂的语言和小故事把我们身体中经常遇到的病症解释的淋漓尽致。重要的是我对中医没有什么了解，经过大师的点拨，充分认识到我国的中医具有多么神奇的效应。建议大家都来读一读看一看。相信我，没错的。	"房间潮湿,设施陈旧。"	态度超级不好，我订的普通标准房，结果去了说没有了，说免费升级豪华双标，我一定要有网线的，结果第二天告诉我不能用网，而且房间在附楼，超级远，我东西超级沉，一个姑娘就这样抗着都没有人管。第二天说给换房间，结果打扫人员愣是听不懂前台的普通话，让我扛着行李来回的走，不知道在干什么！！！！结果换了2次，换成了标准房，我怕标准没有豪华好，结果一进去发现不仅在主楼，而且比前一天的豪华好多了！！！！！！至少窗户很大，网线也能用！对于第一天的入住超级不满意，感觉被骗了！！！
华为荣耀平板真的非常不错，不仅在价格上有优势，做工精细，开机之后，画面华丽，运行流畅，功能强大，京东自营正品，送货速度超快，购物满意，总之机子超级喜欢！	裤子有点薄，颜色有点暗了。还没穿	郁闷，昨天下单104.5，今天就95，真是无语。	本来对这本书感觉还不错的，可是还没看几页就发现这么大的问题，居然直接从14页跳到了23页，我说怎么看来看去左右两页对不上呢！不知道这个问题该找谁解决一下呢？
清扬用了好多回了 很不错活动买的 很划算，自营送货快，非常满意。	这东西也就一般，我估计不是真的，跟其他店20块钱买的衣服一样，会起毛	生产日期也没有，扫了一下条形码，在 *，京东*，我对京东是伤心了	严重不符，才12个，完全没有16到24个，个头还小，怎么可能有10斤？12个小苹果，10斤，你在逗我，值50？
还可以，老人家用	希望再接再厉	画册略显简单一点，画面也不是很生动，宝宝看一会就没兴趣了。	外包装跟旧的样，真差劲，物流慢，产品搓！！
买过多次了，甜脆水分足，串门时提几箱也行，不错不错～	信赖京东，质量保证，物流快，儿子说苹果好好吃，会继续关注购买	烟台苹果也是很有名的一个地方，苹果品种，第一次同事买了甘肃长的和烟台厂的第一笔到底自己喜欢吃哪一种，他这个是烟台山品牌之一，是来自山东烟台半岛的嗯纯正自然香甜第一栋烟台苹果中的苹果的原产地山东烟台股民总公司出品，但愿不错吧！签名	不新鲜，还比较脏。京东外包装很好，但这种货不值得采购并用这么好包装!
一家人都是用清扬的。头发洗的顺顺的，不会痒啊，用的很好，还会一直关注	配置比较超值，发热量比我用的联想E390小（CPU待机40度、最高71度；GPU45度、最高70度），风扇声音也不大，而且不经常高速运转，3dmark06：27XX分，在4K以内的机器中还没见过，接电视播放1080P基本流畅（硬解cpu占用率没超过40%）。做工说不上精细但也还没什么发现什么缺陷，操作系统安装顺利，附带DVD中有全套XP、VISTA驱动。	性价比很好。一个月前有促销活动，总共花了4430，现在还4800，有点小幸运。呵呵	还可以，买给爸爸用的，他挺喜欢的，希望可以用久一点，感觉在家这边弄京东保修的事情很麻烦。
字很大，买一本放在家里给孩子查，另一本小的让他带到学校去。从1年级下学期开始老师就要求不认识的字要自己查，问题是作业里的生字太多，孩子的眼睛哪经得起这样折腾。孩子现在二年级，上次检查班上已有不少孩子视力下降，有的已戴上眼镜，所以赶快买上这本大版的字典。各位本爸爸妈妈注意，因为大、小版的页码不同，所以小版的也要买一本放在书包里。学校里老师有时会有查字典比赛什么的，页码不同又麻烦了。	使用时间不长，没发现什么缺点，只是有点热，屏不太理想，背光的。	发货挺快的，东西也还不错。挺满意。就是刚买就降价太气了。	绿野芳香，一点味都没有，日本鬼的货太差了
读了第二遍，比较喜欢Edward和Bella感情发展的细节描写很喜欢，反复看，还下载了英文版对照着看，赞~~~	总的来讲整个酒店的服务还不错，不能说是热情，但至少是非常职业的礼貌。看得出来老外也挺喜欢它，让我比较动容的是在酒店里面打国内长途和市内电话完全免费，宽带免费而且配置了无线。但是仍然存在问题：1.早餐是发现一只苍蝇飞来飞去，服务员当作没看见；2.浴缸掉了一小块瓷片，露出黑色的内芯，一开始我还以为是什么脏东西；3.申请了延迟退房，但是钥匙在12：00就不能使用了，十分不方便。	价格偏高！无线不好！手机上不了网！上不了星！收挂星的价格！！！	"差得要死买回来有一个都不能吃了,很不满意"
"很不错的饭店,在市中心,由于主干道很多地方限制左拐,所以开车去的一定要选择好路口.房间很干净,也很大,我住的豪华单人间,不错!床很大.早餐到是很一般,服务生很忙,把我的房卡和其他人的搞错了,害的两个人打不开房间.餐厅的服务员很好,我们晚上吃饭聊天一直到12点,他们就不下班,等我们,一点怨言都没有,也没有提出交我们提前结帐或者提前离开.总之够4星标准,不到500元的价格也可以接受.走的时候还送了餐卷,因为近期不会再去郑州出差,所以没拿,但是感觉不错..."	没用过樱花的，试试，价格是商场的一半！之前在京东超市买绿色包装的那款不错。买两瓶大的送3瓶试用装好划算。	"酒店性价比极底, 早餐品种单调,老外一般只吃早餐,可这次不得不吃午饭;入住豪华层可房间很小,转身都困难,两张床只距离15CM远;马桶竟然没水;门弄了很久才打开;总体感觉是园林虽小还算可以,房间装修粗糙,我以为海德的产品一定不错,因为我住过398元的义乌海德大酒店,而扬州这间这是失礼人了.还收600多一晚"	根本就没收到&#183;&#183;&#183;&#183;&#183;订了两本书 结果收到的只有一本  幸好是到货付款 当当难得也有出错的时候啊
赠送的小包装赠品不少，价格也非常优惠，还是非常给力的	物流很快，上午买下午就用上了，赶上618活动买的，很优惠，希望不要出现质量问题，信任华为	真得大差了，	老死机，蓝屏，太刺眼了，信号不好，没有扬声器，通话时声音太小，１６和弦，太单调，发短信不方便，不像三星那样没有下一个字．
"非常甜脆，还比超市便宜最满意就是物流京东就是NO,1"	质量不怎么样。问题是里面居然有个钉子！这算什么？？？	晚上11点左右入住，发现卫生间水龙头有问题，通知前台以后半小时都没有人来修理，服务效率不高	垃圾，垃圾码号不对
尺寸合身，裤型还可以，但是这种颜色有些太暗，有色差。	一般吧，和教课书一样，人物只有作者的性格没有自己的性格，纪实总结小说，呵呵	非不得已不会选择的酒店。	用完起整块整块的头屑
清扬洗发水就是好，用了几天，效果果然挺好的。	挺甜的，还是比较好吃的，下次继续买	服务人员的服务态度很不好，不按照酒店规定收取房费，并且乱收费，	这包装也没谁了，图片做的那么漂亮，广告打的还行，为啥我打开一看，就觉得我是不是买到假货了，挤压头都弹开了，各种磨损。问了官方的客服，给我来一句不影响使用，要想退货找400客服。你就这样甩屁股走人，你们还想不想在京东商城混了。
这应该是儿子最喜欢的一套书，从买回来，几乎每天晚上都要看，一个故事要看好几遍也不烦，看到儿子这么喜欢这套书，我把这套书向儿子班上的家长推荐，我的同学推荐，还有我的朋友的女儿，这些孩子都特别喜欢《神奇校车》，我朋友的女儿说：“我也想去那个学校上学！”这套书包含的知识点特别多，但是孩子很容易接受！还要说一点，当当的送货速度非常快哦，这是我最满意的一点！	质量和做工还行，稍微有点薄。	宝贝收到了，很满意。但是可不可以再便宜点．我带朋友来你家买。	太黑暗了，色差那么大，还起毛，比路边摊的都差，京东的东西越来越差了！
宝贝收到了，包装很精致，老公穿大小合适，做工精细，质量不错，非常满意。	"酒店很新,房间大设施全,离汽车站很近,不过地点大概属于城外了.下次还是会选择这里"	一，铃声太小。据说把环绕关掉之后会大一些，但还是不够大。二，对mp3支持尚不够理想。需要DM格式，还不能大于192Kpbs。不能随心所欲想要什么铃声就什么铃声。三，输入法设计的不太科学，需要长按数字键。四，我用蓝牙传文件老说蓝牙文件传输服务不存在，连接失败，有蓝牙拨号网络服务和对象交换服务，就没有文件传输，我传不了文件。	用了几天，真心垃圾，谁买谁后悔
房间干净、舒适、典雅，地理位置绝佳，携程的价位合理，值得入住。卫生间稍小，块头不要太大的人，应该没有问题，呵呵。	好大的一部手机，适合老人家用	"这次订的是豪华商务房,干净,设施也齐全,免费宽带可以使用.感觉是小一号的索菲特.很不错.唯一不足的是电视的频道非常少,国内三星级酒店都有的凤凰卫视居然没有.但是对于商务人士来说还是可以的了.交通也非常方便,地铁,出租车等非常方便.由于没有和酒店的服务人员打交道,所以服务方面就不评分了.建议前台多增加人手,在办理CHECK IN 和CHECK OUT的时候都是一个工作人员,时间太长乐.宾馆反馈 2008年7月25日 ： 前台人员少确实是暂时的问题，我们重新调整了班次时间，尽量让您满意。给您带来不便敬请谅解。"	先声明差评是给京东的，不是给商品的，年前拍的，承诺年前到，2月6号就到哈尔滨了，2月13号刚收到，耽搁8天时间，物流没有动态，也没有任何人联系过送货，打过2次京东客服，只有派送点地址，没有电话，找到地方之后，派送点关门，门口贴着春节休息，12号营业，拨打门上留的电话，不知道货物去向，给了我另一个站点的电话，也不知道货物去向，又给了我快递员电话，辗转打了3个站点的电话，又联系的京东客服，没有人知道货物去向。中间催单客服也受理了，让我耐心等待，受理后也没人联系我，跟没受理没有区别！我想自提都不知道去哪提…中间有1个电话都没有，货物位置没人知道，也没人联系派送，可能我是个例，可也反映了京东派送环节的漏洞，如果无法承诺年前到，就不要打出广告，没人强求，大过年的快递员也都不容易，承诺不了起码提前告诉一声，这样杳无音信的是什么意思？货都收到了，京东客服才回访，问问收没收到…早干嘛去了
酒店环境不错哦，在市中心，但是很安静．因为占地面积很大（保安说酒店有250个车位orz~~）．和一般的酒店不一样，闽西宾馆有６栋楼，可能是价位不同的原因吧．因为这次是自费的，所以选了比较便宜的５号楼．房间还好了，倒是边上９号楼前的小花园很讨人喜欢；还有５号楼后面的农家屋，葡萄架后是古色古香的矮平房，很有＂曲径通幽＂的味道～～特别要表扬下５号楼的服务员小妹，人很好哦～我笔记本坏了，她带我去６号楼商务中心上网（住客都是免费的～）还帮我找了个技术员修理笔记本～多谢哈～～	朋友住下来说比莫泰的好！其他的也不好说，自己没住过！宾馆反馈 2008年6月27日 ： 感谢您朋友对本酒店的认可，我们期待您的光临。	我收到的机器是裸机，没有预装系统，也没有给安装碟，装系统害苦我了	"去了没信号的地方,再回到有信号的地方竟然成了关机,太荒唐了,什么万一破手机,"
裤子质量也不错，穿上很是合身是正码	这款平板美观，音质好，音量大，也比较清晰，是一款比较好的平板。	"比较新鲜,脆脆的,微酸,没有上次买的甜."	性价比还可以，赠了几个小赠品。不过不能用满减券。
黑边不恐怖的，电影院都有的。可以忽略不计。挺好用的。	华为平板购买使用近二月了，始终没出现任何问题。开机运行流畅，声音不错，图象清晰，使用方便……，总之购有所值！不过我希望电池容量还能大些为好，轻薄固然称道，但为了电池容量大些，平板运行持久些，厚点也无妨！中国的华为继续努力，扎实学习德国产品的创新、制造与质量，？永攀高峰不造假，这才是中华民族的希望！！！	酒店的设施稍显陈旧，但优质贴心的服务弥补了这次不足，前台入住及退房服务很迅捷有效，很赞。check-in的时候旁边有位客人在抽烟，我被呛了一下，前台马上问我是不是对烟味敏感并立即打电话对我的房间进行无烟处理。酒店送的小苹果很好吃，烟台苹果名不虚传啊。由于所定房间只含单早，叫餐厅把早餐送了上来，量不多但搭配还过得去。车子要经过一个陡坡才能开进酒店后面的停车场，挺悬的，而且停车场对着厨房的大抽油烟机出口，很怕车子熏一晚上油烟的，建议能改进停车场地。	除了离酒店近一无是处，毛巾里有头发，被子里有头发
好东东!名牌苹果，好产品，销售优惠幅度大，方便快速，产品极好! 京东销售的商品好，京东活动多多优惠多多! 京东快递服务好速度快，赞一个。 祝京东发展壮大	物美价廉，不错 以后还会光顾！物美价廉，不错 以后还会光顾！物美价廉，不错 以后还会光顾！	目前为止，是我第一家还想下次去的酒店。无论是环境还是服务，都能让我感受到5星级的服务，尽管我去的时候是春节，一部分餐饮关闭，但是服务生快速的应答到位的服务还是让人感到贴心。	强烈关注 强烈谴责 蒙牛就是一坨屎 一辈子也不会喝蒙牛一滴奶!
仙美XM 苹果 烟台红富士 12个装 水果新鲜，又脆又甜小孩最爱吃，特别点赞物流员罗后彪服务态度真的很好	做工不错，就是黑框大些，总体还行。	"本人住过国内外酒店过百家,在珠海都住过好几家,我们4大2小于国庆节入住这家挂牌四星公寓酒店的豪华三人套,现和大家分享一下：好的方面:1.酒店是由几座商品房改造的,外部环境不错,绿树成荫,房间面积大(2房一厅);2.酒店的康乐活动有保龄球,高尔夫球练习场,网球,游泳,等等,(须另外收费);3.酒店的停车方便,而且不收费;4.客房内的食品价格不高，5.服务态度好,服务员会带客人上到房间,并介绍房间设施,入住和退房较快.不好的方面:1. 设施不豪华,只能算舒适,客房内的厨房如要使用另加30元一天,2.客房内毛巾清洁的不够专业,床和床上用品质量普通，3.客房内的保养做的不足,如睡房内的床头灯不能调节光度,4. 如有小孩的,睡房内的窗户打开后一定要小心,因为窗户距床很近,不要让小孩子一个人在床上玩(酒店方面应该要有提示,或将窗户做成只能打开15-20厘米).补充点评 2008年1月11日 ： 总的来说,这个酒店的硬件最多3星水平;最大的好处是周边环境比较好."	东西可以，就是说话和放屁一样
酒店位置好，环境可以，房间就是小了点，不过出差住在这里是很不错的选择。	手写发消息快，功能多	"携程推荐不怎么样,总台登记后房间在打扫,让在大堂等一下,但等了一小时也没人过问,经过与大堂副理交涉亲自领进房,说赔礼送水果,等退房后没见水果送来,如不送就不要说,下次不会在住此酒店了."	本人用了这款小灵通一年多，总的感觉这款小灵通很差，首先让我最不满意的地方就是电池容量小，特费电，待机时间超短，朋友用的其他小灵通24小时开机都能用一个星期，而我的在电话非常少的时候（每天2-5分钟）待机最多36小时，电话多的时候一天就没电了。失望！其次是信号不好，通话和送话声音特小，平时接电话的时候基本上都要把另一个耳朵堵上才可以勉强能听见，在嘈杂的环境干脆听不见，送话器的声音也太小，每次都要把嘴凑的很近，还要很大的声音才可以。信号也弱，通话的时候经常有嘟嘟声，经常掉线。再有就是铃声很小，虽然说明书上说是40和弦，但根本感觉不到是40和弦的声音，在稍微嘈杂点的地方都要放震动，否则休想能接到电话。总之本人对这款机器的感觉只能用两个字代替：后悔！！！！！
这本书是具有开创性的介绍性著作，内容全面，很多是第一次被译介到国内，值得一读。如果跟编译者之一张长军博士的另一本著作《美国情报失误研究》对照阅读获益会更多。推荐这两本国内不多见的态度认真的著作。问题是，这本书还有很多明显的校对失误，如果有机会再版的话，应当好好修订一下。此外，相关研究领域好像很不为人所关注。但是，我认为这个研究课题是很重要的，希望更多的学者能参与进来。	环境还算可以，房间也算比较干净，因为住的时间短，所以没有特别的感受，服务还是可以接受的，在南三环这样的酒店还不错了。	从最小说连载开始，我就对这个故事特别关注。刚一看，我还以为讲鬼故事呢。看仔细了，我才发现自己太肤浅了，在灵异故事背景的后面，是一段穿越时空和生死的爱恋。略一熟悉那段历史的人，都知道林怀锦是有原型的，作者按照这个原型创作了一个感动天地的爱情故事，在我看来，这值得人尊敬。听过很多人说，这本书写的不好，是纯粹的抄历史材料。可我认为不是这样，在大量的历史材料下，作者锐利的笔锋，鲜明的人物特点，都抓得很到位，她的写作风格也是我很欣赏他的地方。也许，不懂爱情的人，可以看看这本书。看完后，才知道，到底什么是爱情？即使没有在一起，缘分终究会把他们牵扯在一起。就如同书中的林怀锦和锦佩之，他们虽然从来都没有在一起过，可是他们的孩子替他们完成了他们的梦想，这也许是爱情的最高境界。	书不错，但是没有送我挂图！！！是什么原因？？？
比超市便宜 不错的东西 很满意	"价格上太贵,比宏基的贵...整个机器的硬盘就分一个C盘,带VISTA家庭版系统,要改装其他系统比较麻烦.要保留C盘数据,无损分区,还有多操作系统启动问题...XP系统下,电脑音箱音质明显降低...."	物流还可以商品不大满意	收到货，然后心情更差了，口袋那里暴线了，唉
基本上没有缺点，因为他的缺点是所有笔记本的缺点：为什么还不能升级其中的硬件以便做到永远不过时呢？（基本上是一种梦想）	"环境尚可,房间也够大,但地毯较旧,够得上五星,但是酒店里的食街较贵"	就是接打电话而已，新机子为什么每天都要充电？很不满意。不建议购买。	3个火龙果中1个烂了没法吃了，想找客服也没有。奇葩
上午下单，下午到，不得不说京东自营的物流效率，快递小哥辛苦了，洗发水第一次用，以后评价～	回来时打开盒子是漏的	这个约一点一公斤差得太多了、商家要做实事、不要做假	京东太坑了。双十二比平时还贵
苹果是最受家人欢迎的，又新鲜又脆，一会儿抢光了。很赞！	这个酒店给人感觉不错，位置也比较好，硬件也不错，总体性价比较高，只是卧室如果有电视会感觉更好。	蛮好的，用起来很方便	当时看广告，说得挺好，买了以后才发现，许多弱点连提都不提，不能群发短信！电话薄无法分组，也没有添加联系人的项目！信号也不是很好！售后这里没有！
下雨天师傅骑车送来一箱5l*4的饮用水。两桶5l的食用油+两瓶大号的洗发水。真是太不容易了～态度还非常好～真是太难能可贵了～100个赞给派件员。京东自营商品本身就很不错。就不多废话了。618买的特别划算。特意晚些时候配送。	刚刚到手，限购降价，申请价格保护不通过	会自己黑屏，平板长度太长，宽度不够，手感不强，不过显示画面可以	一星是给快递哥的，平果不好吃，很小一个。
裤子很好看，特别喜欢这个颜色，没有色差，和图片上一模一样，客服的态度也很满意，很愉快的一次购物下次还来。	质量不错，挺合心意。腰围裤长正好	蒙牛绿色好心情！	真心不好，穿了三天就三天，裤子就被磨坏了，而且还掉毛
衣服很不错，尺寸很合适，赞一个	还不错，尺寸标准，和介绍的一样包装比较满意	物流快，价格实惠，还木有用其他没什么评价	质量一般，快递慢。
货真价实物有所值快递小哥的，态度更好。包装完好无损下次还继续购买沙宣。	蒙牛老冰棍挺像小时候吃的。。	苹果外箱有点压瘪，果子有大有小，不太均匀，而且果面不光滑，有黑点。不太满意。较以前的差了些！希望京东加强选果管理，给用户一个好体验！	要求更换物品，4月份已经寄回你方了。到现在没给我任何回复。钱早给了。东西也没有，回复也没有。有这样做生意的吗？这样的交易还需要评分才能发表。垃圾！！！
PDA功能齐备丰富、屏幕显示效果出色、外观成熟尊贵。	衣服不错，质量很好，穿起来感觉很舒服。	这家酒店虽然设施比较老，价格比较贵（很小的经济标准间还330），但是早餐很不错，服务更是不错…………服务生很有眼力见，主动过来帮忙拿东西，临走我想把车里的垃圾找垃圾箱扔了，正找呢，服务生又主动过来问情况，然后帮我把垃圾拿走扔掉了…………过了一个小时，酒店打来电话问是不是衣服落他们那儿了，可是我们上了高速回不去了，于是留了地址请他们寄回来，结果第二天一早衣服就到了，所以感觉服务很好，还特意打电话回去感谢他们…………这服务啊，跟那个啥交通大厦对比一下啊，那个天上地下啊（停车没人管，然后前台非说没收到携程的订单还不跟携程联系非让我自己联系，手机给她后她倒聊上了，于是我生气出门走人，结果就十分钟的停车保安竟然敢管我收5块的停车费！）这个价格高一点房间小一点我也认了…………强烈建议携程把交通大厦从合作对象中剔除，实在有损携程形象……我想点评交通大厦来着，因为很气愤就没有住，所以不让我点评，不过我给携程写了意见了……也建议大家不要订交通大厦，即使携程推荐…………	"因为看到有免费巴士接送机所以订了这个酒店,但非常失望.前台服务员态度很差.携程上说的礼物都不给,问了才给了一份787梦酒吧享用(我们一间房2人)房间内迷你吧软饮免费畅饮什么都没有,问了说马上送来,也就是一罐可乐和雪碧,结果到11点我们都睡觉了还没送来."
弟弟说除了舒服还是舒服，非常非常喜欢，穿起来非常非常修身，看到弟弟喜欢就好了，千年买到他喜欢的衣服，赞赞赞，以后定会多多关注这家店	客房设施很不错，价格也很适中，令客人住的很舒服，服务态度也令人满意，就是在电视收看方面还需进一步改进。	怎么说呢会卡了屏死屏黑屏	模发过来居然是被折过的，贴上后就一个很大的气泡！差评！！
京东速度就是快 头天订昨天就收到 还没有用不知怎样看包装是不错的说洗了再评价	东西本身还不错，但是卖家的各种促销活动真是让人呵呵，一次性买了5台，说好的赠品一样也没有，说是赠完为止，真是搞笑。还有亲们一定要一个一个的下订单，不然你买100个也只会给你算一个活动赠品，而且还会“赠完为止”	裤子太修身了，修的穿不上，上当受骗了。	这个就是京东直营的东西，不会在购买，差评，差评，差评
对于了解中国的古代工艺有很大的意义。发现古人非常重视经验的积累，对于很多工艺的问题已经有了精妙的解决方式。但是同时，也发现古人对于工艺程序中的安全和环保问题大部分是忽视的，比如用汞提炼各种东西，以及镀金，这样操作，少活20年吧。还有采煤的坑完全没有通风，死亡率应当也是相当的高。古之君王，重农轻工，也不是没有道理，因为农业相对于工艺确实是一项更安全的职业。	酒店很干净，服务不错，所以决定今晚再次来入住。宾馆反馈 2008年7月31日 ： 感谢您多次选择国宾大酒店入住，并对酒店予以认可。我们将一如即往，以优质的服务，热情的微笑期待您的再次光临！	洗发水已收到，都没装满，不知道够不够量	连个视频会员也不送给个差评
首先外观确实漂亮，全金属外壳加上窄边框，屏幕特别清晰，没有传说中的拖影。日常用起来也流畅，WiFi信号也不错。有一个缺憾就是电池不太耐用，不过这么高的分辨率耗电高也正常，加上这么轻薄的机身，电池小也可以理解。总体来说挺满意	很划算，一直在京东买洗发水，信赖京东	"因高速路堵没有在预定时间到达,和酒店携商廷后无果被强行取消订单。锦江以后还能入住吗？望给个说法。"	"这次入住有个问题,我们有位同事去前台咨询早餐在什么地方,前台服务员头也不抬,用手一挥,说在左边.让我同事很不满,希望以后要注意"
这条裤子质量非常好，弹性好，以后会光临店铺，希望生意越做越好。。	洗后头皮凉凉的，可能要用的多久才有效吧？	不好的，319房间有故臭味。要求换房说满了，我是3月去的。在路上认识了一个上海人，他说他退房前也住的319，也是一股臭味。而且这个去不掉，特别是晚上，很浓。不知道是厕所的还是窗外的。服务一般，门前有绿皮公交去莫高窟，不过敦煌宾馆也有，下次住敦煌宾馆。再也不住这个酒店了，热水要放半个小时才有。	东西太粗糙了！！还大了！！衣服的直码都不一样！！买了都没穿！！一直放着！！最失败的购物了！！
机器的发热量小，比意想中的小很多。噪音控制的很好，运行的时候基本听不到什么声音。双核的速度不错。官网上的XP驱动也比较好装。	用过了才来评价，挺好用的和我在商场买的一样，应该是正品，烧水也快。五分。	每一本都是这样的，简直象是盗版书，如果是正规出版印刷，这样的封面质量怎么出得了门？！儿子才6个月，里面怎么样还没有看，以后看了再评论这套书的“内涵”吧。。。。真是的，拿出来把我吓一跳	早饭太差啦～连个正经门面都没用 一个房间只给一张卡
常用这个牌子，不错。价格实在，东西多，下次还来。。。。。。。	外观很漂亮 性能也不错 重装xp系统 也没出现什么问题，驱动都装的上的 不过不是sony的 sony只提供vista的驱动 xp驱动需要自已去网上找 呵呵	绝对是蒙牛的老酸奶比如实好吃。	质量太差了，象堆积过旧货，扫兴
全新，主流，不卡，流畅，喜欢，实用。	挺好，不得不说京东的效率真的杠杠滴。	很小，完全穿不进去，很窝心。	1.服务意识太差，；通过携程订了一间大床房，进房间后，发现房间的地毯脏的实在不行，和值班经理交涉，要求换房。回答居然是：现在没有大床房，要么给你换豪华大床房，但要补差价，要么就是换标房。搞不懂怎么做服务行业的？由于自己的工作失误，给客人带来不便，好象是应该的，还很理直气壮。2.环境太吵 3.早餐只能用惨不忍睹来形容，不吃也罢。请大家还是远离的好！！！
这次买的苹果超好吃，一个字值了！希望商家生意越来越 大！快递速度真是快京东！	"不该是五星级酒店,该属于四星级吧!城区边,消费不方便,但真是个休息的好地方,性价比还可以.似乎服务跟不上,我们一行带了点东西到酒店,没有一个服务生主动来帮忙提箱子的."	我买的正好穿的可以，物流速度也还可以，东西还算不错吧，试穿了一下，还行	质量很一般，有线头，有褶痕，和地摊货差不多，真叫人无语啦，给差差差差差差差差........评
非常喜欢这件衣服做工比较工整，然后款式也不错，这个价钱相对来说性价比还是挺高的    物流公司服务态度很好东西样子不错，包装很好，质量也不错，东西也挺好的，反正我喜欢给好评	内存有点小，不过现在内存白菜价，可以随便加。另外电池让我稍稍失望，只能支持2个小时，显得有点不够。sis的主板有待验证，希望不要像传说中的那么差。	现在蒙牛很低调 不喝蒙牛，死不了的。老袁，咱没得选择啊！	拍照模糊，手机分辨率很低，看视频什么的一点都不清楚，还真是垃圾，劝大家不要买
白色的10寸上网本里面，就三星的这一款的漆膜最漂亮。 送给女朋友确实是一个不错的选择。	性价比挺高的 很实用 我在决定买它之前都没有听说过这个牌子：-）有点孤陋寡闻了，买了之后还是挺喜欢的 用了一个多星期也没有什么异常情况出现，希望以后也不要出现。	位置好，就在地铁边，床是两张床拼在一起的，很大，早餐还可以。一早上就在电视墙上看到一只拇指大的蟑螂！	第一次开机过程中死机，第二次还是死机，不知为什么。 第三次才开机成功。笔记本是没有拆过的。
水果很新鲜，味道不错，挺好吃的，很脆，好吃，吃完了还买	这书可能是按外国的格式编写的，个人感觉不够有吸引力，不如国内的儿童书籍趣味性强，不适应中国国情。	"如果用保护壳，没有休眠功能，声音不如手机大，绝大多数软件都不支持横屏，基本上只能在初始桌面切换横竖屏，爱奇艺初始页面画面很模糊，分辨率不行，看视频不模糊，内存是10G,续航时间也就凑合事吧，比苹果的稍微强点，"	打开变这样烂了，汁液都流出来了，下次不想再买了
我是四月中旬入住的，是朋友介绍的，朋友说干净、没有骚扰且饭菜不错才预定的。我的评价是：服务态度很好，有好多老外都喜欢住在这里；饭菜不错，尤其是早餐还是很丰富的；干净整洁较新，卫浴设施还是不错的；缺点：房间较小，不过一个人住足够了！隔音十分不好，隔壁说话都听得见！值得一提的优点：有免费报纸、每晚有免费热牛奶，倍感温馨！还有就是我那几天身体不适，五层的服务员对我无微不至的关心我很感动，在这里谢谢你们！~总结：值得一去的性价比不错的酒店，推荐！	信，德，过，	东西应该是正品，味道好闻，不过箱子是吉列剃须刀的，胶带封的地方有之前粘胶带撕过的痕迹，怕是中途被拆调包，心里有点打鼓，但，也许是京东旧箱子换京豆，将旧箱子再次装货利用的情况，我希望是这样，不过如果是用过的旧箱子也希望京东注明一下，不然真会以为是中途调包了，增加退货的单数，也会造成京东不必要的损失。我信京东所以也就没考虑退换货的事	感觉不是正品，洗了头发很粗，还有点头痒
裤子质量不错，穿着很舒服，客服服务态度也好，物流也快，给满分。	质量很好，面料很好，穿上很舒服	我住的是全海景公寓，离海边很近，出门过了马路就到海边了，下水就可以游泳！全海景房可以一览大海的美丽，有山、有水、有帆，很漂亮的景色！房间环境也不错。离市中心也很近的，方便。	"时尚,便携.散热较好,20度室温下使用一个小时,键盘冰凉,触摸板两侧微热。价格平易近人，作为上网本很合适。包装内附送白色人造革内胆包，有MSI标志，和机器很般配。接口充足，3个USB，1个读卡器，外加LAN和显示器接口，满足基本的外设需求。使用时，顶盖上的MSI标志会发光，在光线较暗时很显眼。旅行重量在2kg以内，名副其实的超薄本。总的来说，这是一款定位明确，价格适中的上网本，"
苹果大而脆，好吃。几个果子大小均匀，无一个烂果，赞?。	近来一直在京东上买水果，口感好。	"我订的是298元的大床房,客观的评价说:1、房间装修还是蛮有特色的，深颜色为主，面积有点小，我想可能豪华大床房会要大点去吧，卫生间是透明的玻璃，有布帘，夫妻或情侣住住还是很不错的。2、地理位置很不错的，去西湖不远的，走走就到了3、房间还是很干净的，液晶电视，4、前台结帐有点乱，时间蛮长的，希望能加强一点"	谁买谁后悔，分辨率差的要死
对于二胡曲的精选，应该出版一个系列套装，可分别出售，单独购买。精品二胡曲是有年代和阶段性的，每一阶段都有代表性的精品，应按阶段编册。整个经典可总结性编册，这样对广大爱好者会颇有裨益，且可珍藏，一定深受喜爱。	总觉得没有以前用的好用，不知道是什么原因。	跟现在出的小滑盖比，这机子大了点，不过做工还不错屏够大!但是这机子的屏颜色差点，颜色调到最高亮度也不行，尤其晚上看，感觉颜色不正，照像不知道是摄像头晃还是我晃，出来的片子发虚，颜色也不好，现在早已不用这个功能了，其它功能，有红外，挺方便	携程的工作人员号称是按4星标准建，就非常放心的预订了，结果让人大跌眼镜。房间很小，卫生间设施一塌糊涂，热水龙头和下水都是坏的，叫来工作人员修了半天。房间设施完全不是想象中的4星，充其量2星最多。check out的查房也是一阵苦等。服务态度也只是一般，让door boy叫车，结果还是要自己拎着包走去街边等。第二天就换了皇冠假日，天壤之别！不推荐住此家
买了三瓶，希望真的管用，头发少掉一点！这款回来晚了很多天。	基本设施可以，服务热情。早餐一般，但有江西特色。我感到的问题在墙壁和门的隔音效果，不太好。	不知道什么原因，最近老掉头发，洗头的时候的用很多，少了都不管用，不知道是不是假的，	第二次购买了，第二次的裤子明显比第一条的差，颜色也不一样，对商家太失望了，以后不再这店里买，大家得注意点
一直用的这个牌子的洗发水，特地等到搞活动买的，很划算	这个套装很好，送有100ml洗发水礼品，产品与描述相符，发货速度快	裤子收到了啊，比想象的好啊，物流也蛮快的，特别喜欢啊	包装简陋！这次购买很失望、盖子一拧就开了、真像是散装的！感觉像假货！京东如果这样做下去肯定倒闭！
挺好的，还不错	1、预装的是VISTA，换系统要折腾一番；  2、触摸板不好掌握；  3、	说实话，不好用。以前没用这个味道的，觉得还行，现在用的这个，头皮屑明显多了，特别痒，唉……	差评，超级差！啥破玩意儿，服务态度还不好，跟说的根本不符，大骗子！！！！
挺不错的，价格也很合适，还送了一大堆的试用装呢	书的翻译语言一般，读起来不朗朗上口。我是看了评论才买的，但事实并不是如此，也没有太多的科学道理。不值得买。	假货，我爸和我老公洗了全部是头皮屑，搞得我不敢用了！	严重差评，态度一点不好，没买的时候，问很快就回了，买了过后问什么都不回，留言也不回，这是第一次在京东买东西，严重的失去信心了，也不会再有下次了。
苹果好脆！个头有大有小，口感好！用来榨果汁可以，甜度一般！	酒店的环境服务能满足四星级标准，房间虽然比较小，但设施还不错，酒店内中餐厅菜的色香味还不错，可能是生意比较好的缘故，所以上菜速度有点慢，价钱和市中心的酒店差不多。服务上还是出现了一点问题，通过携程预订，入住首日酒店赠送每房VIP水果一份和价值50元的桑拿按摩券一张，入住期间酒店每天赠送每房价值288元中秋月饼礼盒一盒。水果是打电话到总台才送来的，桑拿按摩券和月饼礼盒连提也没有提，而且听口气好像总台并不知道要送什么东西。总体来说算是一间不错的酒店，下次还会考虑入住。补充点评 2008年7月21日 ： 酒店提供的早餐质量一般，而且品种不全，比如就缺少豆浆和豆腐花等中式的早餐品种，我观察下来吃早饭的老外并不多，应该可以增加一些中式的早餐品种。	"刚收到、看起来不错、还有""赠送"	机子反应慢
性价比还不错。。。算是当地最好的酒店了如果是第一次去的话，可能会发现不太好找	裤子不错，比想象中的好，本以为*左右的牛仔裤一般般，没想到面料还真好，穿着很舒服，性价比还行。对了，快递挺快的，顺丰就是快。	可能是主板比较特殊，很多Ghost启动光盘不能识别光驱，不过好像萝卜花园的可以识别。	接二连三的出问题了....不过早已不吃蒙牛的东西了 要吃也是伊利的
散热好..样子帅..性能也不错.造型有商务风格。小红点不错 一直用它呵呵.还有原装鼠手感很好..	去丽江住此酒店不错，整体环境非常好。交通便利，性价比适中，物以所值。无论是公费商务，还是自助旅游，建议到丽江的朋友选择该酒店。补充点评 2008年3月24日 ： 风格别致，由很多院落构成，相当的安静．不像别的酒店是大院构成，噪声很大。	总体感觉很不错，酒店的地理位置很好，出行很方便，而且对面就是市政府，景观效果很好，房间面积也很大床很舒服，整个房间给人的感觉很干净、舒适，最值得一提的是酒店的服务，每个服务人员都让人觉得很亲切，因为我带个小孩子，吃早餐时服务人员对我们的照顾更是无微不至，真的很感动，下次来威海我还会选择该酒店，不错不错补充点评 2007年9月9日 ： 还得补充一点，退房时相机落房间了，服务员能及时送还，值得表扬	还可以，不过买完过几天就降了几十块钱，感觉有点亏，这款这个价格性价比算可以了，只是画质没有期待的那么清晰，有待提高。音质，连接家里的蓝牙音响放出来挺好的，单放就一般，自带的应用市场里有些APP找不到，比如说王者荣耀…，浏览器上搜索也可以下。内存再大点就好了！
非常满意，喜欢。这次是帮别人买的裤子。听说很好，朋友喜欢的不得了，哈哈哈。可以去她家买裤子噢噢噢。	太小了，而且不新鲜了，像是过季水果了，吃了一个了，味道也是怪怪的，没前2个星期买的好吃了，除了可送到家没啥性价比了	果子不好吃，酸的，孩子都不吃，这一颗心是给物流的，物流比较快，东西实在不敢恭维	差评和图片看起来差远了大裤脚掉色*本想一分钱一分货不直！
手感舒服，质量很好，做工很讲究，布料很软穿上很舒服，大小合适，不错	【荐书】喜欢王尔德唯美风格的朋友一定不要错过，童话集大人小孩都适合您读。	最差劲的一次购物！苹果小成这样，还好意思打广告！	去检测，检测结果有坏点！京东知道我去检测后才同意退货。劝大家一句，不要买这一款，我到华为那边去，销售说这款机子停产好久了！款式也是旧款！而且京东并没有给我合理的解释，为什么两次机子充电插口都有使用过的痕迹？不是告诉我说是全新的吗？一部全新的机子有坏点我可以理解，但是为什么所谓全新的机子插口会有使用过的痕迹？？口说无凭，发图片你们自己看！
收到了裤子，裤子质量超好，弟弟穿上好看，洗了不缩水不掉色。很喜欢	买的是荣耀畅玩2高配版，京东自营送货超级快。宝贝收到包装还可以，平板外观漂亮、做工精细，开机后系统运行快，唯一不足的是屏幕太镜面感了发光严重。整体而言还是物有所值。	"环境还算可以,但收费的网络居然还不行,速度不但慢,且收费高"	住的标准单人间实在是小，房间里一张大床已经塞得满满的了，设施极其简陋除了电视机和烧水壶其他什么都没有，说是四星级标准实际还达不到中等三星级的水平。最差的是酒店临街，大堂居然有三个门而且只有正门有人看，测门对着酒店电梯任人自出自如，半夜三更也不上锁，安全太差。
苹果质量很好，下午收到还是凉的，包装结实，没发现明显磕碰。	非常满意的一次购物，宝贝真心不错	好小 ！一开开以为挺大 但仔细一看 每个苹果用两层兜包着 我买的不是75mm的吗 随便量了一个 55mm都没有！	不好～像*～这么贵的洗发露怎么不是很混合～还有线条撞～假货～和上次买的海飞丝一个样～头子露点出来过天会结块～香味也不正常～压根不知是啥味～以前用完才开瓶～不然退货了～只比超市*还卖假货～呵呵了～以后还是去超市买吧～～
洗后头发顺滑，有独特的香味。好好好	因为手机也是华为的，所以平板也选择了华为，本以为不能按时收货了，结果快递哥哥晚上八点半了给送过来，好感动，也辛苦快递哥哥了	苹果有好几个都硌坏了，就两三个大点儿，符合标准，其余般都是小的，最小的仅是最大的一半大小，大差啦！	我还没收到货，你们什么时候送过来的，没有人通知我。
货到很快，这个裤子很值，真心的物美价廉，甚至可以说超值，面料也很好，准备再买一条。追求经济实惠和时尚的淘友果断拍吧！	刚刚到手，打开第一感觉还不错。试了一下大小好好。挺不错的一次购物，物流也很快	这本书观点不错，但举的论据似乎不是很好。比如，女人的外貌很重要--其论据就是某某整容之后交了多帅的男友等等。。。不是特别喜欢	"实际上，该显卡是没有XP系统的官方驱动盘的，就是装上了XP,也只是样子上是，其功能（显卡驱动只是兼容）会慢慢会显出残缺。所以京东介绍该品时，要先交代清楚，免得人家误入歧途。只有装VISTA一条是正路。"
京东购物就是快，昨天下单今天到，是正品	货刚到，送货速度非常快，很满意。	发货速度慢，个别客服服务态度差，遇到问题相互推诿，满满的失落和失去下次购买欲望，唯一值得表扬的是电话投诉过处理很快，不记得工号了在此感谢	如果可以一星都不给，我就不会给，就算不用手机，充满电的情况下，一天电也会耗尽自动关机！！！
宝贝收到了，衣服不错，价廉物美，材质及做工也可以的，比想象的好	帮朋友买的，自己大致翻阅了一下，自己更喜欢曲黎敏老师写的，不过朋友很喜欢。这本书最大的好处就是有一套人体穴位图	一般吧，价格变动太大，有时候还买不到，购物体验不好	"本人正是受当当网各位评论的误导,以为这是本不买不看就会留有遗憾的好书,发现后便赶紧买下。看过若干页后,真是大呼上当.这哪里象是一本讲述历史的书籍，通篇调侃的风格以及所使用的网络语言、大白话，甚至许多句子多含语病，真是误人不浅。"
一只用沙宣的产品一如既往的好，包装真是超级赞，容量很大，特别满意，以后出去旅游可以带上便携装，小瓶的旅行可以带上。很小巧。以后这样的活动还要多多参加，今年不用买洗发露了哈哈哈哈。	"房间很大,床很舒服。有个天井,很奇怪,影响手机信号。早餐一般般,应该还能更好些。"	普通！很普通！不方便！	1.裤子质量根本就不值这个价格，还有一股胶水味。    2.尺寸大了想换条尺寸小的，然后给我寄过来一条别人穿过的开裆裤。    请尽快接受我的退货申请。
好好，平板好看，操作系统流畅，不卡	周六下的单，周一到货，很满意这个笔记本，也感谢京东，下次再来。更感谢其中一个男话务员，帮我询问运货情况，并给我打电话回复	系统安装还算顺利，网卡驱动怎么一直装不上。郁闷。fn+f11也没用啊。	什么玩意100就这样了？看是京东自营的，评价都没有看就买了。
很好，屏幕很牛，清晰。音质有种戴耳机听的感觉，很适合影音娱乐的平板，不比ipad差，运行很快，一般3d游戏流畅运行。	这次苹果较新鲜！味道酸甜，好吃！	"苹果质量还行,嗯，里面十二个，有四五个是小的,味道还行烦，毕竟一分钱一分货嘛。"	1.表面手摸过后不易擦拭 2.预装系统启动太慢 3.原装包有点薄，稍装点东西就鼓起来 4.价格内不含鼠标，有多景售票之嫌
1、待机、使用时间令人满意，每天打2小时左右地电话，全天待机，一般可以使用2－3天。2、铃声是和弦铃声，虽然是最低档的和弦，但效果还说的过去，特别是里面的预制的铃声，都挺好听，都让人觉得很欢快。3、通话效果在网络信号较好的地方，效果还不错，不会出现断音的现象。4、网络方面，在城里、三环以内效果都较好，一般不会出现长时间无网的情况，城里开车时使用效果也很好，偶尔有些杂音。而且在网络不好时，手机会发出嘟嘟的声音，提示你换个位置或方向。如果时通话时，出现暂时无网情况，当网络恢复后，一般通话不会断，还可继续畅聊。5、虽然是低端产品，但是包含内容功能确实很多，如发、接短信；计算器；闹铃等一般常用功能有所包括。6、价格很低廉。也是网通做什么促销、送手机之类活动时的主打机型。7、质量不错，多次失手坠地，但手机依然没有任何问题！	柏杨耗心力的佳作，只是书的质量一般，盼能改进。	苹果个头不大，吃一个正好，就是第一个里面是坏的，希望后面不会有了！	这次购买非常不开心，平板很差，连个膜都没有，只有一个充电器，你们干脆连充电器也不要送啊
裤子穿起来很舒服，很显瘦百搭款，弟弟很喜欢，以后会经常光顾店家……	送给妈妈看剧用的，她说很喜欢	苹果很甜品相很好，快递小哥很细心的跟我说要尽快收货，不然会不新鲜	酒店前台服务实在太差了
不错的裤子，很漂亮，质量也不错！	初次入住京华大酒店感觉大堂非常的靓丽，房间够大非常整洁。东芝液晶电视，HBO。酒店三楼中餐厅的扬州狮子头爽嫩滑口。酒店出门就是商业中心，步行至瘦西湖也就10多分钟。	天啊，，，，，房间地毯非常的脏，有灰，污滓，毛，烫痕，好象从开张就没有吸过和保养过。床单是新换的，卫生间就是地狱啊，墙上都是死蚊子的血和尸体，镜子脏的要命，所有含铁的地方都是锈（卫浴架，横杆等）墙角都是黄色的污垢。餐厅吧台服务员一边化妆一边和客人交流，我找一位女服务员要盐，她说问吧台，我找吧台，吧台问让她给我拿，她就指使另外一个男服务员给我拿的盐。 前台服务急差，过了1个月我还清晰的记得那天早上搭车去机场的人很多，前台就1个服务员，我排在第3位，轮到我的时候有个日本人站在了旁边，我说我先来的，她就先给他退房，人家理都没理她，把房卡放在那就走了。那服务员给我退房时，摔摔哒哒的，把我的票往那一仍，签字，好像我欠她100万。天啊，那叫个任性，什么样的酒店培养什么样的员工。无组织无纪律。无语！！！！！ 电话中携程工作人员给我推荐的酒店因为我们临时在上海住一晚。 携程怎么会和这样的酒店合作？影响自己的名誉！！！！！	买这本书的时候，还没有读完张爱玲以及关于张爱玲的书。只因为看了这里的评论似乎还不错。也因为急切的想了解关于张爱玲的一切。待读完张爱玲以及关于张爱玲的作品以后。真没有心情也没有兴趣看这个垃圾写的书了。淡定！淡定！既然买了，就看一下吧，从另一个侧面了解一下也好。可，才看了一节，就不想看下去了，于是丢在了某个角落，再也不想去碰。都说他是才子，我倒觉得其文笔实在拙劣。絮叨、杂乱，庸俗，不知所言！将其猪脑子里所有自认为华丽的词语堆砌到一起便成了所谓华丽的句子。总的评价：垃圾
京东超市618活动领神券买的，超级实惠，基本上市一半的价格。只是神券太难抢，一共抢到两张，送了一张，买特价洗漱清洁用品，比实体超市便宜多了，关键是省心，送到家门口。而且是正品，质量没的说，售后无忧。服务越来越棒。相信京东，支持京东，希望京东发现越来越好。	房间很大，两个房间，但总体感觉价格上比较贵了点，性价比不高。	文字可开悟，行事太矫情。影响好感。	订的普通双床 酒店给的是东苑未评分的房间标准 价格不一样 商家偷梁换柱
东西倒挺便宜，收了283的安装费	房间太小，服务态度差，行李没人帮忙拿，	这根本不是小脚裤。还不如说是直筒裤比较实际呢。。	绝对是假的，味道都不对，感觉里面像是飘柔的味道，真是太失望了！！！！！这里面的东西真的少买，网上买东西真的是让人心酸。
满满的惊喜，又大又甜的苹果，为优质的生活加分，苹果，还是甜的好吃。	样子挺大方的，拿在手上有点分量。手写功能方便，手写笔也好用（比较长，好拿），只是识别差点，不过可以外接键盘来用，比较方便。	后面买的都有烂的，还不给理赔，要自己打电话去，都懒得打了。	"假货，太差了，烂了两个而且都很小，一个只有80-100g,最失败的一次购物"
老公用过一瓶了，可以减少脱发控油。很好用的一款洗发水。	脆?，甜，水分足，个大，超值的一次生鲜体验。	用后再说吧，反正用的都是华为的，平板第一次用华为	去**的 13天才到。真尼吗壁的快
酒店距离九寨沟景区仅仅2公里，附近是各式各样的酒店和购物街区，出行很方便。服务素质很高，早餐品种丰富，性价比不错。	图个便宜买的，不咋滴。	简直从头到尾垃圾，从客服到物流，不得不说让人恶心至极	差评 在哪 我要投诉 第一次给爸妈买手机 竟然少发了耳机 自拍杆 保护套 欺骗消费者 可恨
呵呵，又住了回豪华双床房，感觉房间比标间大了，没那么压抑，床也大了，比较舒服。就是电视太小了，农村的朋友家估计都没有这幺小的电视了吧。卫生间还是太简陋了，和酒店的整体定位不匹配。衣柜里缺少浴袍，总可以提供两套吧，我住过的更便宜的酒店都有提供。	个头有点小，个头有点像新西兰苹果，可惜颜色和味道不像。	这家如家地段不算太好，所以感觉性价比不是太好，下次不去了。	发货速度慢，17号下午下的单。21号中午收到货。裤子感觉是别人穿过的。纽扣的那个是剪开的。
裤子收到了～很满意的一次购物，样式很好质量也OK，没有色差没有异味……穿着也衬人，?以后有机会还会再来的！！！！	很浅的一本书~当是漫画书翻翻吧~还是喜欢几米的书~	东西好，小孩喜欢，物流快，赞	很好，苹果新鲜，比超市好，就是快递员放楼下没电话也没个信息，小区门禁，别的顺丰为什么能进来呐
味道不错，口感好，孩子喜欢吃，京东的送货非常及时。	看着不错，老婆很喜欢赞一个	你至于我为什么要说这句话。就是因为我话说少了京东上不给我金豆。在京东上买了好多东西，从来没有晒图评论过。这次不知道为什么，可能喝酒多啦，上来就说了几句话。	一股异味扑鼻而来！外包装那层泡沫实在太臭了！没有坏果，不够甜。
在他的诗中始终贯穿着爱与美的主题，在对大自然的讴歌中抒发了对自由、理想、爱情与美得渴望，在对人生经历的描绘中无不蕴含着对人生真谛的探索。他对物欲、剥削、压榨、暴力的社会极端的厌恶，他离群索居，就是渴望内心的精神自由。他认为真正的自由意味着人性的升华，人主宰自己的命运。《先知》表现了万物统一和生命超越这一主题思想，他认为人类要实现生命的永恒就有超越死亡。	"总的来说比较满意，服务好，热情周到，因我们带了小孩，在我们出去玩好回来后，帮我们换了家庭房，房间干净、温馨。房间比较小，不过按这价钱，性价比还是满好的。因为酒店位置较好，离天安门10几分钟路程，离天坛也比较近。酒店东边的前门大街,正在拆了重建。如坐地铁，到前门站后，从到大栅栏那个出口走出地铁站，然后过隧道向南，一是往左一点直接走进胡同，往南一直走，看到门头牌子写着“大栅栏”，然后走进“大栅栏”，就是“粮食店街”，再5分钟就到了。二是往南沿着“煤市街”走，走到看见“云居胡同”就拐进去走到底。如坐汽车，则在“大栅栏”下，望前一点看见“云居胡同”就拐进去。如出去玩，可以走到前门乘地铁，或从“云居胡同”出去到“煤市街”、前门做公交，几乎能到北京各景点，很方便的。"	六个火龙果烂了两个！！！果特别小，绝对上当了。	太差劲了，根本和实体店的不同
宝贝质量不错，做工很好，是想要的颜色和款式，卖家服务态度很好。	衣服不错，质量什么的看着都还行，版型不错，穿着耶挺合身的，轻柔保暖 ，穿了是真的很暖和，面料摸着就不错，看样子挺耐穿的，物有所值	入住了行政客房，总体来说，酒店还不错，服务员的素质也比较高。尤其是行政楼层的服务员值得表扬。中餐馆的杭帮菜很好吃，环境也还不错，值得推荐！说说缺点吧：地方有一点偏，离西湖大约15分钟车程，打车不容易，不过与房价匹配来看也算合理。但最后一天退房时，我们已经提前和前台约定了车辆，可是到楼下居然还要等很长时间，实在是让我们本来的好心情大打折扣！	还没吃呢，看起来是不错的，味道还行
活动时买的，很超值，大大小小的六件套，够全家人用一年的了！次日送达，速度杠杠的！	"很宽敞, 非常好的地方。如果可能的话，希望能把洗脸处的存水盖子修理好。应该是件简单的事。"	小了一点，不行	这次太垃，圾了。难吃，不晓得哪儿捡来的，有苦又不脆
潘石屹家的苹果确实很甜，个头匀称，虽然不大，一次吃一个刚好	环境不错，很干净，交通方便。	物美价廉，顶顶顶顶顶顶顶顶顶	太坑爹了，我说呢，怎么喝了两口就没了，原来里面大有文章啊，怎么能这么欺骗消费者，我只能说：蒙牛，你太不厚道了
京东商城的速度没得说，东西也很新鲜，不错不错哦，值得推荐一下给大伙儿。哈哈，真心不错，苹果很新鲜。很好，赞一个啊！	蒙牛养牛场的牛很厉害 ==你真的看到了吗？？少年 轉發微博	不好，看电视，不是很清楚，反应也不是很灵敏	京东与商家都坏了良心，买的都扔了，不能吃。坑钱，以次充好，也是无语了... ...
《离婚》也读完了。“离婚”翻译成更明白的话，应该叫幻灭。所有的对生活的希望都伴随着该离婚的人的不离婚而破灭了。	东西不错，不过618所谓的满199-100，直接提价到128一瓶而且没有赠品。才过两天就变成79一瓶而且还赠送两瓶小的，提价再卖。以后再也不敢相信什么打折了。	京东这是最后一次合作 东西都是旧的	"2月10日刚刚住了,先定的2号楼的房间,进去一看吓了一跳!""号称挂牌四星,简直不敢想,就连招待所都不如!天花板的三角板吊顶是用胶带纸粘住的!赶紧加假换房,住了一号楼,还看的过去,大概相当于二星级!还有一点不满的是,房间里的毛巾特别破旧,跟招待所的毛巾有的一比!总之,我是不会再住了."
很好。买的L码子的，但有点长了吧，把臀部几乎都遮住了。我也是醉了。要是衣长短点就好了。总之不错。	第一次买无硅油不知道怎么样？希望不要让我失望！	电池不是很耐用，手机信号一般，目前还不能确定是不是手机本身问题	"不知什么原因,用这发水洗头越洗越油"
用了很久才来评价的，还不错，屏幕适中，握起来很厚重，还送了保护套，钢化膜，塑料模，乐视会员（一年），挺不错的。速度也特别快。	环境很好，早餐也不错，服务一般般，房间设施一般般。不满意的一点是对携程预订的，喜欢安排在位置不太好的房间，这好像已成许多宾馆的通病了^o^，携程的公关部门需要加强。	掉色，掉色，掉色。严重掉色，重要的话要说三遍。款式好看，很喜欢。快递很快（顺丰），服务很好。但是，这些都不是最最最重要的。	苹果都有烂果，送货非常快 服务态度好，但苹果有烂果！！！！
这个牌子挺好用的，买回来就用了，用完头发特别好	?非常甜，个头不大刚刚好，适合孩子吃，无限回购！！无限回购！！无限回购！！?非常甜，个头不大刚刚好，适合孩子吃，无限回购！！无限回购！！无限回购！！?非常甜，个头不大刚刚好，适合孩子吃，无限回购！！无限回购！！无限回购！！	我自己看错了没有现货，但商家也不能随便发一个过来啊	等啦一个星期才到，无敌的郁闷
"声音太小了,开到最大,声音都小得吓死人,最好是买耳机听歌,,视频晚上有点黑,亮度调到最大也有点黑,送的内胆包太差了,我买的白色,送的黑色的内胆包,而且内胆包还不能封口,我觉得不像内胆包."	分辨率那个低了去了啊。别说看电影，完全看不下去，连软件在里面都显得不清晰，朦朦胧胧的。最后斟酌再三，给退回了。	最后悔的一次预订，这家酒店卫生真的很脏，这是最公布的，最基本的卫生都搞不好，别的不想多说了！	为什么发给我的萍果这么差？？非常失望…无语…
用了几天才来评，用了后的确可以改善油性发质。以前一天就感觉油油的。现在用这个的确两三天都还行。但刚开始时感觉不到。可能得持续使用才能有想要的效果	电池下面有划痕，LINUX不是很方便装系统费了老劲了，其他都还OK！	房间里有冰箱，十分方便。但是离开房间后必须将卡插上，否则没电。正在部分改造，楼道有油漆味。房间比较陈旧里味道比较大，淋浴喷头是坏的。自助早餐，品种比较多。环境比较安静，中央空调运转正常。服务员态度很好。	我去年也住过北京昆仑大饭店，对比去年前台服务不好了。虽然我们一共有六个人，但是入住手续需要半个小时的话还算很慢，简直不像话的。目前上述服务来看，我认为不值得住。
裤子挺好的，男朋友试了一下觉得特别满意。裤子挺修身的，特别修身，显得人挺高的，第二次购买，相当脑子实惠这个价格能买到这么好的裤子，十分开心。	无宽带成为最大问题，周边无工商银行成为第二问题。补充点评 2007年1月13日 ： 无可吃的早餐吃成为不可原谅问题。	房间临街，隔音很差，加上外面施工，吵得很！房间门锁似乎有故障，插入门卡显示绿灯但就是打不开，服务员的门卡插进去马上就好了。由于只在携程定了1天，临时有事要加一天，前台办理时不爽快，第二天总是催问何时退房，很烦。	就是图片的样子，感觉被骗了，再也不买了
不知道是不是夏天的原因，有点热。 网卡是分intel marvell realtek的 有点不好区分，大家可以打800电话询问。 或者使用everest最新版进行识别，2种方法都是可以的。	"4999买的,来咬我啊4999买的,来咬我啊4999买的,来咬我啊4999买的,来咬我啊 还送包和鼠标!!!哇哈哈哈哈~!!!"	你们懂的，商家真的一点都不讲信用。。。。	京东服务越来越差了，特别是物流服务，一团散沙乱七八糟一塌糊涂。
外观上，苹果采用了13.3英寸小巧机身，外壳上是纯美的苹果经典白色机身。整机边角采用小弧度圆滑处理，线条极其简约。键盘触感轻柔，操作感出众！触摸面板面积很大。该机还配置了isight摄像头；；配置上，该机子配备了英特尔酷睿2双核p7350处理器，主频高达2.0G，3M二级缓存，1066MHZ前端总线，标配2G内存和120G硬盘，内置DVD刻录机，搭载NV9400独立显卡，满足日常需要没有任何问题！	房间很大，大堂很漂亮宾馆附近餐厅很多	搞活动时买的，买回来看了一下跟实体店的有一点区别，使用了一下感觉差不多，先赞一个吧！	很多!
朋友很满意，帮忙买的，运行速度快	京东的水果超新鲜，又快又好，配送人员态度好，会一直支持京东的！	清扬洗发露质量很好，价格还可以！洗在头上清凉，头皮屑也没有了！	我住的行政房是全新的，有五星级标准*v*。只可惜楼顶的中餐厅在停业装修，我挺喜欢这个餐厅的，正宗广东菜，希望下次来时复业了。似乎酒店花了很多精力在装修更新。
帮同事买的，看中奶牛的外观漂亮，配置在同价位的笔记本中明显高出一截，接口很丰富，买个HDMI线接口全高清的电视，看起来超级爽哦！比较超值。散热还不错，不会太热。有摄像头和麦克风，可以直接进行视频聊天，读卡器，能兼容市面上常见的卡，整体性能非常好	装个XP，结果好像是没有安装合适的驱动，所以打魔兽争霸都卡的要命，打华硕售后服务，原来在官方就没有针对XP的驱动，大部分都是VISTA下的驱动，因为看见许多朋友装XP都很成功，所以急切希望用S97V这款笔记本的朋友们把XP下的驱动共享出来，总体来说，不错	非常好，baleno完美。 下次继续。	房间不算太小，床不错，虽然不太软但也挺舒服，干净。最大的问题是上网太贵，HKD70/HOUR，抢钱似的，为什么香港的酒店都没有免费上网呢？
用了两个月，好用流畅，双十一买的实惠	一直穿这家裤子，穿着舒服不错。	收到货一打开好多，一年都用不完了，希望能好用。	怎么还有坏的耶 这是一次失望的购买
苹果还没吃，但个头均匀，看起来不错也新鲜	地理位置不错，就是临街有点吵，其他都不错	我们要了2个房间，一个有阳台一个没有，感觉明显有阳台的房间感觉比较舒服，没阳台的就很压抑。	萍果很小，重量不够4斤，只有3.5斤。
好东西就是好东西，又甜又脆，京东的物流速度杠杠的	机器不错，已经是第三台了	只有2个usb口，而且都在左侧，有些不人性！光驱接口处有很大的缝隙，似乎做工不是细致到让人满意！但只上网和打字从不玩游戏和看电影，也足矣！	房间等设施及服务员的态度非常让人满意，尤其是前一晚吃饭的时候我不慎将围巾遗失在吃饭的位子上，第二天在总台询问的时候，总台服务员帮我找到围巾，非常感谢她们。但一楼餐厅的自助火锅及自助餐味道不尽如人意。还有因为我们晚上才入住，居然无法在二楼中餐厅就餐，一定要事先订位，才能就餐，有些遗憾。
牛仔裤有弹性，上身效果非常好，质量不错，值得推荐！	早晨定，中午就到了，送货速度太给力了。    没有坏果，都挺好，就是因为天气热，高低温会有湿气。	珍爱生命，远离蒙牛……连晚餐也不放过？！	东西不好，感觉很像假货，连味道也和以前不一样，第一次给差评，很不满意的一次网购
收到宝贝了，质量不错很好，大小刚刚好	看这书的简介还可以，但是读起来不是很好，很多单词写的很没意思，没看完就丢在一边了	这个酒店很一般！甚至说不好！就有一点离“红门”很近，徒步爬泰山比较方便，但做车上泰山不方便，服务有好有坏，第一天凌晨到宾馆寄存东西，我跑了三趟拿东西，打搅服务员三次睡觉，但并没有不悦的表情，感觉很好！但晚上住在宾馆我提出用一下公用电脑到些照片，另外一个服务员，用话搪塞我！有点不高兴！其他宾馆都有公用电脑满足来宾的上网或倒照片的需要，他们却搪塞！很失望！还有宾馆的被子感觉不是很干净，还摆了些乱七八糟的东西（都是收费的），还有避孕套和男女洗液，很是搞笑！（当然这些都收费）！害的我牙刷都没敢用他们的，不是怕付钱而是怕脏！o(∩_∩)o...不过话说回来携程在泰安找的宾馆都不怎么样！	"京东不知怎么回事?我明明订的金色的,却给送个白色的,而且不好用,触摸也不灵、大失所望!差评"
信赖京东，上午下单，下午就收到了，包装完好。大小合适，拿上手感觉不错，打开各个软件速度都快，很喜欢。	沙宣的洗护套装滋润发丝，使用后头发柔顺，易于梳理。还有赠品	"设施不新, 房间大小适中, 都是侧看海景, 有无烟层.早餐比较普通, 选择不多."	不一样不要买
1.我用了一个月了，手机没进过灰。曾经以为摄像头进灰，后来才发现是内部的元件，不是灰尘。2.屏幕是不是斜的，没法测。我的屏保是专用的，但是贴斜了，没办法。不过很好用，沾指纹用纸巾一擦，干干净净什么也没有。3.在英文状态下，进如短信就是中文编辑，很爽哦。好多诺基亚在英文模式下，都不能切换中文，不知道为什么，摩托就可以的。朋友经常借我手机玩，每次都要改成中文页面，害的我虚荣心都得不到满足。哎！4.听原装耳机听mp3比较费电，我换了个音频转换器，用的森海耳机，可以用很长时间。5.拍视频短片，拍的次数多了，会死机，郁闷。最近在换主题时，偶尔会出现白屏。选主题尽量选反映快的。6.发彩信有些图片发不出去，不知道为什么。7.后盖有点松，要注意，不要经常用手去按。有时候换电池，不小心会把插sim卡的金属卡带起来，要留心。	装系统麻烦，至少要告知具体方法，比如要改BIOS中的硬盘IDE选项，非专业的人是想不到的，另外刻录机在读盘的时候震动非常大，我认为对硬盘肯定有损伤。	别上当就行 想买的 比平时大两个码去买 估计还会勒死人 简直就是杀人的衣服 都不知道哪些好评是怎么来的	货不对板，又老又小的苹果，跟广告页面完全不符，大家不要买，别上当了！
这平板很好，运行快，屏幕很清晰，音质特别靓，wifi信号强，除了没通话功能外其他都不错	快递人电话发来！	"最令人不能忍受,小日本把外观屏幕做的那么漂亮,但听筒声音小,而且走音,太差劲了,我让服务员给我试了一下,还给她了,她还很理解我的样子.本末倒置,听都不清楚,能称之为电话吗"	假货！洗了头痒！一天就油得要死！
质量不错 面料挺好的 很划算	裤子收到了，质量挺好的，我这样的瘦人穿上更有行咩了	洗发水一点儿也不好用，量也不大。	刚刚买到第二天就降价了，找客服都没人理
1.散热好，非常好 2.屏幕很亮很清楚 3.觉得键盘也不错 4.摄像头非常清楚 5.最重要的一点，性价比高	货不对版质量非常差衣服很薄很薄。。。。。。。	这是最差的一次购物，存在着严重的欺骗行为，电脑的质量没的说，华为的客服咱就别提啦，好在我打了京东客服电话最后才解决问题，素质有待提高呀	这质量，这布料，我只能说在也不想在网上买东西了，太假啦，根本不值***我都不想要。?
"依次是:铝合金外壳,可升级2年质保(还未验证),待机时间长,键盘比较大,Gb网卡,正版vista."	满意帮老公买的	才买两天，就开机开不起了，经过数次（N>3）取电池再上电池，才勉强开得起。出现一次是偶然，出现两次是意外，但出现了5、6次应该怎么解释？！已经准备去退了。	垃圾东西*都能买
裤子挺好的， 料子舒服的，质量也不错	东西是假的吧，洗了之后好痒。	这个火龙果就比猕猴桃大一点点，一点也不甜，真是让人不开心。一直信任京东，真失望	收到的货和描述的完全不符，这是我网购5年以来最后悔的了。居然还有一个苹果有个冻，比起超市    5元一斤的都要差。
平板，手感很好，音质超棒，给孩子学英语用。用后续评！	超薄电池镶嵌不牢，有松动感，另外也不支持彩信，仅预留了5个下载图铃的空间，但郁闷的就是宣传上说可以升级支持彩信，可以说当初买他这也是个促成因素，但找到KF他们说新软件还没过来，晕，另外就是铃声很一般，说的是40和弦，听起来音量太小，开到最大还有破音，也就I BELIEVE听着顺耳了	超级不满意，当工作服了，什么东西？这破裤子呵呵	刚刚用了一个月，昨天玩王者，忽然间右下角技能点了没反应了，我就退出重新登录了一次还是不行，再登录一次后才又好了，我以为是小毛病就没管，因为后面又玩了几把都正常所以没再管，今天刷朋友圈，朋友发的短视频打开居然卡帧了，这把我恼的！看来华为的平板质量真不咋地，关键是这价格还不便宜！果断差评！
短裤收到了，质量真的很好，布料摸起来也非常舒服！好评	外壳真是指纹收集器，一摸就全是指纹，好在包装里带了块擦拭布	对京东真是无语了.......	次货洗了有头皮屑！！
"早餐很赞,很有当地特色,房间内设施有点旧了,好在有无敌海景大阳台,好象新楼在建了,期待ING..."	买了4种苹果，4个箱子。都不知道哪个是哪个…初步看看，貌似还行…不知道味道咋样…	发票开错了，都不给更改，这也太霸王条款了。以后大家都要注意。	差评绝对假货 用完头发涩得不行了！还不如不用
给外甥买了好几套动画片，他最喜欢这一套，而且百看不厌。一张碟子能看几个小时。不断重复的放，他看了还是一直笑。	支持国产	果不小，买了两箱，没有潘苹果好吃	本来以为是搞笑漫画呢，看网上人气那么旺还一连买了三本！没想到只是像作者的生活小日记似的，写了一些生活中的事情，语言也很一般（可能是翻译的缘故吧），总之个人觉得有点无聊的，呵呵～应该适合小女生看吧～呵呵～（PS：本人18，男性）
与卖家描述的一致，个头偏小，很脆，甜又有点酸。	连个贴膜也不给啊，买家有点小气	衣服穿起来，身上好痒好痒	现在还没用 ，就是很不爽，买完就降价，恶心，必须给差评！
"又入住了，酒店总体服务还可以，前台客房的人还是很热情,只是这次的房间有点吵，大概是靠近马路吧，反正只是一个晚上就算了。入住的人明显比过年时候多了，房价也涨了，哎！"	不新鲜，外皮有地方腐烂了，里面还可以，但味道不甜。	假货，跟实体店不一样	太难用了，发根依然油，发尾要干死，不知道优点在哪
于丹的心得，在电视上看过，也上网看过，记得在大学的时候老师还放给我们看过， 现在看有书，就买了一本，翻了翻感觉挺好，还有书签，印刷是彩色的，也很好。	运行速度有点慢，免费的杀毒软件只能用90天，给了两张DVD盘，“鸡肋”没有光驱，如用还得用外置光驱，或合成USB驱动。麻烦。	非常不影响，都皱皮了，如果有实物是绝对不会买的	我买大了，与卖家联系换，可现在都快一个月了，还卡在快递那没拿到手。卖家态度没问题，但问题是我没拿到货
衣服尺码合适，。穿上很舒服，很满意，质量不错。	这套绘本很适合1－3岁的小宝宝，画面及文字都非常简洁，可给家长和小孩许多发挥空间。也许有些人会觉得内容过于简单，有点重复，但对于小宝宝来说，一次摄入不了太多信息，适度的重复更有助于她的记忆。宝宝特别喜欢看里面的刷牙那一本，结合平时看到大人刷牙，觉得更有意思，我们就借此机会每晚喝奶后给她漱口刷牙。推荐给大家。	第二次购买，品牌好，店家服务也好！	"早餐很差劲,不过一般这种地方的四星也差不多就这样了."
号小了，穿不上，懒的退了	八天才到，三个火龙果烂了俩！！！	真是真* *，开始买回来就有点卡，以为是新机有点不适应，这才用了多久，平时除了看视频基本就没有用，最近下了个* *，上个* *直接能把你卡吐，一直说应用没有反应，真是真恶心，一星都不应该给，真是大* *	一分都不想给，太差了，打开全都倒出来了，收拾了一天，最差的一次购物
裤子不错，颜色也是我想要的，大小合适，面料舒服，有弹性，喜欢	接口丰富，外观漂亮，性价比高（我在天津，自提比在商场买便宜），京东服务好。	作者完全是以一个过来的自认为是成功者的角度去写这个问题，感觉很不客观。虽然不是很喜欢，但是，有不少的观点还是可取的。	衣服款式做工都还可以，退色严重，衣服洗过的水就像墨水一个色，严重影响健康
裤子质量真的很不错，还担心收到货会不好看，没想到颜色也挺好的，很符合我得要求，下次还会再来买的	果太小了，太小了，一共买了6个，其中一个熟老了，一个根本不熟没法吃，以后再也不会买了	很怀疑这个图片是加胖过吗？收到后不过一个巴掌大小！这个价格真心坑！	以后都不会来京东超市，东西太差劲了，而且我买了荔枝，那里写着冷藏，打开发现，冰块包都融掉了，箱子里面都是热的。买的芒果更离谱，像是路边绿化芒掉一地的那种，还是绿色的，而且卖的比外面贵，这是第一次来京东超市，也是最后一次，买了一百多的水果竟然是这样的。具体的大家看图片，反正我是很生气。
第一次在京东买水果，还是不错的～挺新鲜～每样水果都单独装箱～没有烂的没有磕碰，送货快，挺满意～	一早赶往北京通州的 ， 这种邀请网友前往其生产车间参观，算上「微公关」。＂自由开放日＂蒙牛高管孙伊萍、王艳松、翟嵋作了详细介绍。消费者关心的「牛奶问题」，王总从根源上讲的＂以牛为本＂更是＂以人为本＂的消费者对产品质量的要求。	真假不论，漏了一半，气死了！！就不能好好包装？	昨天买的，今天东西就给我寄丢了，我都网上支付过了，非常不满意，就这水平有什么资格卖东西呀？
质量不错 料子挺好的 穿着也很舒服 老公很满意	酒店整体还不错，就是地段指引比较差，找一些酒店内的设施问好几个人才找到。比如游泳场就让我找半天，太偏了	"摄像头似乎有点问题,音孔太紧,开机太慢,刚买蓝屏一次,太巨型,光驱太劣质,接口没全开"	冲着网页上宣称的送吹风机去的 买之前还专门问了客服 结果收到货的时候就没有吹风机 送货也花了一周 差评差评差评
裤子收到了，物流很快的，质量很好做工也很不错，颜色没色差，穿着很合身，很满意，价格很实惠的，以后需要还会来的。	非常好用的平板，老电影非常棒	通过携程预订了2个单间，结果到了酒店，酒店前台告诉我订的是1个单间和1个标房，强烈交涉后，酒店还是给了我2个单间，但是里面设施极差，一进房门就有浓重的烟味和臭味，电视遥控板是坏的，房间的被子超级薄，不得不把空调开到最大。柜子里塞满了枕头却没有被子，洗手间的下水不畅，洗个澡还堵得地上都是水……唯一值得一提的是早点还不错。总结如下：1.房间预订有问题，携程已经跟我预订2个单间，但是到了酒店却变成1单间1标房；2.该酒店条件太差，根本不符合三星级标准，不建议入住	买完就降*本来想无理由退货从拍的，无所*块啦给东哥拿去疼女乃茶女未啦，给一星的理由是说好的赠品一个没有。机器看着还行。就是别在京东买。骗你没商量呀！无赖啊！
酒店处于市中心地段，吃饭方便。装修还可以，服务不错，价格合理。	做工什么的还可以 本人自己有USB光驱，装系统挺方便，自带XP驱动光盘	不过装vista系统是最好的，我安装了两次不同的ghostXP都有些小问题，最好只能装vista现在还未发现不妥的地方	我怀疑这沙宣洗发水不是正品?瓶盖和瓶身颜色都不一样，这个低级的错误，洗发水的气味与我在沃尔玛买的不一样?
最好是三本一起看。藏獒2主要是写藏獒与狼的惊心动魄的搏斗。场面非常的宏大，壮观，情节很吸引人。在藏獒救人的情节中，有很多感人的事迹，让人不由得黯然泪下。真的很向往在西结古草原上的藏獒，勇敢，机灵，忠诚。永远都是先人后己，无所畏惧的牺牲自己。特别是大黑獒那日，真的是让人感动，赞叹。还有很多很多的藏獒们为了人类牺牲了自己。品格高尚的藏獒们是大自然赐给人类的精灵。	嗯嗯 好 值了 正在用 但是 以前还送个钢化膜和保护套 现在都没有了 好吧 确实是比以前便宜了 东西 好 数码产品一直都信赖京东	内存较为少了一点，电池的位置比较导致掌托左边容易发热，散热在后面，但是USB鼠标使用起来的话，必须经过散热位，会导致USB线容易发热啊！ 还有就是显示器的缝合比较大间隙，所以磨具需要改进一下。	酒店服务还行，就是房间隔音效果不太好。房间内的电视具有数字功能，断电后重启不便。
裤子布料很好，穿在身上很舒服，也很有型，重要是价格公道，水洗不掉色。推荐购买	挺好吃，有点小时候吃苹果的味道。个不大，口感好，推荐买了自己吃的朋友买。	本人是一个军事白痴+经济白痴，本书的宋晓君、王小东两位著者说得赤裸裸的军事、经济论述，我等白痴都可以看明白。以前买的许多经济学的著作终于可以放弃不看了。当然，专门的经济学著作是很细致、具体的，但对于门外汉就很难入脑。尤其是我等不关心这方面的小女子。《中国不高兴》当然不是一本经济学的著作，它只是揭示了现阶段的国情、以及军事、经济力量的本义。这本书2009年3月出版的，新鲜之极。里面提到的2008年雪灾、西藏骚乱、地震、三聚氰胺、火炬传递、奥运，以及期间抵制家乐福等事件，亲切莫名。让我们永远记住2008，记住2008的激情，让民族之魂永远延续下去。看了此书一半内容，理解如下：军事是必须的。西方人的自以为是，是被我们惯出来的！！无坚强的工业及军事力量，就爽不了啦！所以制造业、军事都是我们需要努力的方向。中国要有伟大的目标：第一是要在这个世界上除暴安良，第二是要管理比现在中国所具有的更大更多的资源，给世界人民带来福祉。	人家最爱喝蒙牛酸酸乳了 找轮么？ 上面那个帅多了
宝贝收到，质量不错，做工精细	1、开机时读取SIM卡资料的时间还是比较长，整机运行速度不是很流畅特别是短信存储过多之后有明显的停顿感。2、和弦铃声不够大如果把阴凉调到最大则会出现破音。3、继承了OKWAP一些手机容易死机的传统，而且按键的反应也比较迟缓。	刚收到就降价了，这让人怎么觉得这么不舒服	差评，酒店很不人性化。
最成功的广告策划及文案，多年后蒙牛深得要领。在野的时候，他说了许多真理。	散热不是很好！！右掌托这里使用久了就比较烫手，别的地方还好！！还有屏幕晃动的比较厉害！！！这点没有thinkpad强！！	质量差，而且掉色很厉害	服务不好。乱收费，非常不满意！
牛仔裤质量不错，这个价钱超值，穿上很舒服也很时尚，店家推荐尺码很合适，态度不错，并且物流快	活动时买的比较超值，次日达，包装精美。	图片与实物不符 好像太大了	1、机身较小，散热差，右掌托较热 2、价钱还是贵的说，要是能在便宜1000 我再买台 3、为什么非要绑定全球通！强烈要求取消限制，不都是上网费嘛，绑谁不是绑呀 4、显卡性能还没测试，估计好不了
"快递的速度真的很快,本本也很漂亮，比照片漂亮多了！！很喜欢，家人也很满意！看来联想的东西还确实有实力."	拿回来就吃了一个，苹果很甜。这个价格水果店也能买，果不大，小孩吃一个正好。总体还是可以的，第一次在京东买，就是水果满100包邮，买了其他的东西还不包括在里面。本来想买点酱，购物车提交的时候还要付6块钱运费，想想还是算了。	房间还算干净，但房间内空气不好，有股空调里散发出的霉味；设施极其一般，淋浴龙头拧了半天也不知道倒底哪个是冷水，哪个是热水，到最后差点都关不掉了，估计冷热水龙头大概是装反掉了的；餐厅服务很一般，早餐质量极其一般，餐厅像大单位里的食堂。	房间卫浴水准太差，面盆的下水是坏的，居然要用手去把下水给抠出来。。。衣橱的灯的开关是坏的，把门关上灯还亮着。卫生间里粘两个灭蟑螂的盒子，让人看了很不舒服。
199减100.还能再用600减150的券，京东的送货也很好	质量不错，帮客户买的使用了段时间	商品展示的划横线价格为参考价，该价格可能是品牌专柜标价、商品吊牌价或由品牌供应商提供的正品零售价（如厂商指导价、建议零售价等）或该商品在京东平台上曾经展示过的销售价；由于地区、时间的差异性和市场行情波动，品牌专柜标价、商品吊牌价等可能会与您购物时展示的不一致，该价格仅供您参考。    折扣：如无特殊说明，折扣指销售商在原价、或划线价（如品牌专柜标价、商品吊牌价、厂商指导价、厂商建议零售价）等某一价格基础上计算出的优惠比例或优惠金额；如有疑问，您可在购买前联系销售商进行咨询	一是左侧手托处发热量有点大，许多人提过。二是音箱效果的确不咋地，准备买来大量欣赏音乐的朋友建议不要考虑这款。三是自己要装xp系统，对不熟电脑的人难度太大，不过这应当不算它的不足吧。
物流很准时。就是打开包装，瓶子上面有很多灰尘?	洗发水香道一般，像是地摊货，不值这个价钱	便宜是没好货的 假的假的假的 用完头发可涩可涩了 所以还是不要贪小便宜了 真的好难用	难吃。才吃第二个就是坏的，一点都不脆。水分很多，感觉好像打水了，里面。
活动促销时买的，超值，和正品一样。快递员服务也挺好，下次还来京东买	质量还不错，内容只适合边上厕所便消遣了	京东客服脑子有问题	前台服务太度极差，所为嘅经理，非常之臭串
各方面都挺好的，一直在用这个牌子，用起来也非常好。	房间总体环境不错，而且还有提供免费上网，现在入住价格还可以，不过现在可是大连的旅游淡季了．但是有一点：就是早餐不但没含房费里，而且３２元的价格也不低，但是内容实在是很简单．	也是觉得比较值，不过几年前在超市也是*还赠送了一辆小拉车。	快递包装极其简陋，送过来的时候都烂了，一部手机的包裹竟然没有一片防爆带。。。。真心不理解京东快递，是打算作死吗？不想好好干了是吗？别这么让忠实的用户心寒好吗？垃圾，垃圾，垃圾，另外，无线网一直断断续续，连接特别不稳定。
不好意思，收货晚了，最近太忙。东西很不错，同等质量便宜好多，绝对超值	M2性价比确实高。618大优惠给孩子买了个。很是满意，不过老板也太抠了屏保都不送一张。	真垃圾，用个无线网都用不了，一样的网络就华为x2用不了，这是为毛	购买一条加厚款的和一条不加厚款的，商家发货与购买物品不相符合，全部发送 不加厚款，咨询卖家卖家答复是按照下单发送，实物加厚款和不加厚款完全没区别，标牌几乎无区别，存在严重的欺骗行为
很好看的一本书。貌似言情小说，却又夹杂了很多的艺术与史实在其中。第一次真正感受到宋代皇族的生活，隐约觉得这样的描写才是更贴切的。他们的服饰、言谈、居所以及情感，与曾经的意识大相径庭。但是这样的一切是那样的神秘和吸引人。他们的情感与常人无异，但是他们的处理方式和选择结果却与常人太不同。无奈却又不得不为。其实，不光是皇家，即便是普通的人，又有多少无奈呢？	机子收到还没用一个月就坏了，拿到华为售后服务部维修的，说是平板的主板坏了，免费换了新的主板，华为售后服务不错，现在用着还可以	"交通不方便在其次;偶想说这家的沐浴房需要好好改进: 偶在不同的房间住过三次,有两间房的淋浴房会渗水,搞得房间很多水.虽然很便宜,但不太爽,凡事不过三,再也不会住了"	一分钱一分货，宝贝不是正品，没有上次买的好用，上次是和别人拼单买的。这次是到秒杀去买的，洗起来好粗糙，头发顺畅。包装是被人拆过的，只可惜当时没拍照片。
大小合适，无色差，朋友都说好看，摸着面料也舒服，好。	快递寄到时间非常快～而且客服服务态度很好，可以耐心解答。最重要是裤子穿起来舒服，没其他裤子一样那么邋遢，赞	作为一本西方人创作的心理学读物，还是以西方人的视角来看待问题的方式来阐述，目前刚刚开始读，但是感觉到作者对事物的描述还是偏西方化的。西方人观察事物喜欢抓重点，而东方人的习惯比较抓整体。这是开始读这本读物的感觉。不过西方的开放式教育模式，给这本重点教材添加了无与伦比的趣味性，和我国的教材体制有明显的不同。个人认为还是非常值得一读的好书。	三样东西就你烂，东西不好物流也慢
比想象中的要好	看看电影变黄色 不好用有时候运行漫卡	尺码不对 穿不成	真是垃圾货，差距太大。质量真垃圾，骗人的东西
酒店设施不算新，但是服务很周到。性价比还是很不错的。老外经常会选择这家宾馆。	质量不错 款收好看 下次有需要再来	洗发水不太好，洗完后感觉头发很粗糙，不知道是不是正品，本来有一个奔腾电吹风的赠品，但是赠品在下单后第三天就到了，而且我也收到短信说在派件中，又等了几天还是没有收到，我就打电话问了快递员，他说主商品没到赠品不能送，又过了十多天主商品到货了，快递员又说赠品由于时间太久退回去了，叫我打电话给京东客服让重发一次，我打了电话客服也答应重发一份，但是过了两个又有客服电话告诉我当时在手机上没有领取赠品不能重发了，我真的无语了，京东这样做真是让我们老客户寒心了。	前台工作人员都拉着死驴脸，教训式的口吻说话，问到儿童早餐的问题，死活也不告知1.2以下儿童早餐免费，还让我们多花钱买早餐！房间内手机信号不好，时有时无！无线网路非常差，朋友圈都刷不出来！卫生间反味儿，房间内都是臭的，还有蟑螂，简直就是个鬼屋！打电话向前台反应，前台说我们这儿就这样，我们都习惯了，我们就是挂了个上海航空的牌子而已！值班女经理说话阴阳怪气！千万慎重选择入住这个酒店！
特别大的屏幕，看电视剧特别爽，屏幕分辨率也还好，我觉得很满意！没有他们说的那么不清晰，除了照相的像素有点差！光用来看电视还是相当舒服滴！幸好买的9.6寸的，就是大！哈哈！	苹果很不错，大小均匀，红，甜！    第一次网购水果，没想到很成功！	一般吧，买的时候说当天下午到，结果下午到派送公司第二天早上才给送，味道也一般	我11月21号下单到11月27号才收到货成都到广安坐大客两小时就能到的送货送了7天，下单说今天下明天到的，下单说送保护套的也没送京东现在差差差
一直在吃，烟台苹果，味道不错，物流快	good	是华苑产业园区唯一的酒店，虽说有3星，但总体感觉也就比快捷酒店好一点。	我也不再喝蒙牛，但是话说回来，牛奶变质过期了，是超市的责任，跟厂商貌似关系不大吧 流氓蒙牛. 打死不买#喝蒙牛死全家# #喝蒙牛死全家#
"酒店设施还是很不错的,房间舒适,早餐也很不错;但温泉没有想象中的那么好,不管在设施还是在娱乐性上都不能和小汤山的比,不建议大家去泡....别的都还不错的!"	去住的话最好是住朝向大院的房间，因为酒店后面有中央空调的一些设备，晚上响起来的话影响休息的。早餐很一般，没甚么好吃的东西。酒店旁边有条小路，那里有几家实惠的小饭店，比如私家菜甚么的。总的来说，出差宜兴，国际饭店还是第一选择。	平板一般，玩简单游戏就卡。	待机时间比较短！还有就是感觉功能简单，既无可以免费下载的JAVA功能，也不支持MP3播放；也没有拍照功能！
不错。。。买给家里老人用的，喜欢	京东速度就是快，不错，价格还可以。	“在梦里，我们白天的劳动与休闲、欢乐和痛苦是绝不重复的。相反，梦的唯一目的是让我们从中获得解脱，尽管有时我们的头脑灌满了一些事情，或我们承受苦难的折磨，或我们的精力统统投入某件关注的事情，梦也是以一种象征的方式进入我们的头脑。”?做梦的人在梦中被从清醒的意识世界中带走;在梦里，那些我们在清醒中所记忆的有序内容及其正常行为都不见了。”你希望自己是在梦中吗？一本不错的书，慢慢读的书！	欺水的流氓货色，，，，，
掌柜太善良了，真是干一行懂一行呀。在掌柜的指导下我都快变内行人士了！    卖家服务真周到。以后带同事一起来。    宝贝质量不错，很喜欢了。谢谢掌柜。    货到了，比图片上看到的好多了3Q！	宝贝收到，味道和实体店一样，感觉挺好，量大划算，一直用这个牌子挺好。	门口有专车送到机场 10分钟一班 ??方便 周边没有吃的 房间只有两瓶小矿泉 不高档 没办法定不到了 都满了	"故事发生的城市是在大连,呵..D市,当作者提到希望广场\青云街\海边广场(星海广场)/展览中心(会展中心),时我觉得是那么的亲切,没想到作者竟然某段时间和我同在一个城市.作者描述的男主人公真的是很完美,所以我就在想魏成晨如果站在我的面前那会是什么样子呢?这么优秀的男人女主人公为什么要一再的拒绝呢?为什么这么优秀的男人我从来都没遇见过呢.很让我入迷的一本书."
一直使用的沙宣。相信品牌，相信京东。	孩子超喜欢这本书。也经常买一些评论很高或朋友推荐的一些好书，孩子也都比较爱看，但根据观察孩子看这本书的过程，我发现这是一本让孩子很兴奋的书，每看完一节，都兴奋地在地上又是叫又是喊。问原因说是因为书太好看了，而且很喜欢那个什么爪，勇敢、无畏是对那个书中人物的评价。而且连电视都不看了，一有时间就看，还把书放在枕头下。不错，虽然我没有看，但感觉一定是一本超吸引孩子的书。	吃了一个，把我和我妈苦坏了，不知道别的咋样	一般，下次不会购买，不能穿
宝贝收到了，裤子质量好，款式也不唱，老公也觉得不错！非常成功的一次网购，五星好评	个人很喜欢，很满意，服务也不错	中午刚拿到的，晚上就发现降价，还不给价格保护。降价后的商品也有同样的赠品啊，怎么就拿赠品说事儿呢	衣料很差，穿身上拉的难受
虽然书中案列都比较特殊，或者比较夸张，可是，我个人还是觉得这是一本很有用的书。对本书的看法应该是选择自己有用的信息，没有必要去争议一些无聊的细节或者案列的真实性。每个人的生活习惯饮食方式都不一样，不可能书中所以方案都能为你所用，或者，都能为你所用，这本书不是天书也该天价了，所以，平常心，这本书的内容对的起这个价格。家中备一本，有用。	用过再做追评，包装简单，希望产品好，毕竟买的不是包装！	来的时候是开的 都漏出来了 黏黏的	像素差的要死
京东快递就是快，平板很不错，用了些天了，没有出现任何问题，希望以后也没问题	平板很漂亮。像一本书。屏幕很艳丽。音质不够清脆，沉闷要改进。立体声效果好！前置指纹键很灵敏，再整合进电源键，上下左右键（鼠标键）就更好。视频不能全屏，上下有黑条，内容比不上乐视，乐见乐头乐Liv。用TYpc插口就好了，M3充电口太难插了。，这款平板值得大家购买，给五星好评，要是价格在1299就更好	不咋地 不象四星标准 也没按摩的 倒是有热水哪天	写的送皮套，钢化膜，什么都不给邮，把人当傻子！
酒店周边比较繁华，对面有必胜客。服务热情还可以，设施就不是一般的差，第一个房间网口坏了不能上网，换个房间，水蓬头不出水，郁闷，各位还是不要去了。	领子上很大一个洞怎么办？	"用半个多月外放硬件坏、麦克风坏,"	24个烂了3个，不会再来你家买了。
满意，支持国产。一点不卡。选华为没错，中华有为。	就在解放碑，房间挺干净。楼高，电梯慢。网线接口不好找，呵呵。	苹果的个头小了点，吃起来味道还行！包装看起来很漂亮！	第一次给差评，刚拿上打开第一个就黑心。差评。
首先，从外形上看，这款笔记本采用钢琴烤漆，显得格外时尚漂亮；创新的键盘设计颇感人性化，手感也尚佳。 其次，从配置上来看，比较均衡，并且据评测，显卡的能力要比105GM强；LED的屏幕比TFT感觉舒服，200万的摄像头也实用。 最后，这是一款商务本，稳定性强于家用本是不容质疑的；难能可贵的是，散热性极佳，我非常满意！	美银美林认为，蒙牛乳业今年仍处于业务转型期，全年盈利未能重拾增长动力，下半年毛利率亦会再跌，故把其目标价轻微下调2%至24元，评级维持“中性”。但该行同时认为，蒙牛将受惠产品组合改善，提升高毛利率产品所占比重，其毛利率可望于今年见底，2013及2014年可分别回升至26%及26.5%。	参差不齐！最大的和最小的几乎差一倍！！	屏幕垃圾的要死！太亮刺眼睛！对眼睛伤害极大！！！看久眼睛就疼！不晓得大家的本本怎么样！反正色彩是我采购的10多台笔记本里面最垃圾的一个！调了显卡设置也没用！颜色偏差很大！如果用来工作！肯定不行！
好板子，多多买	酒店已经很老旧，却刚刚评上四星，就这样的酒店，不如浙江的二星水平，房间卫生间异味很重，浴巾毛巾都有水毛臭，也许是鄙视携程的客户，给的又是一间最靠楼梯的房间，我没有提出换房，觉得下次不会再住这家了，连客房的沙发凳档次都低很多，枉我以前来鞍山都订这里，便宜真正没好货，楼梯道充满澡堂子的味道，商务中心都没有，发个传真还得去销售部，房间里却布满了按摩的纸张广告，有些滑稽。电视机的节目也没有四星标准，凤凰卫视的信号断断续续，还只有图象，其它几个卫星频道也是信号奇差，基本是夹杂着大雪花，没法看；早餐也是典型的东北杂烩，与一众泳客们对坐，实在差劲。我看，一无是处吧，除了便宜，但这样的便宜，不要也罢，我要退房。还想说，评星级的评委一定都各需要一只导盲犬。黑，忒黑。强烈要求携程在鞍山多搜集几家星级酒店，以便有选择余地。	我只想说！！！！用了头皮屑直飞，头痒，我而且是短发！最失败的一次购物！退也不能退了，毕竟用了多了，我以为事气候原因，才张再等等看！这应该是假货！	自己看图吧，有史以来第一次网购差评！
小黑 还是不错的~做工绝对一流棒~性能也很强大~U很强大~内存无所谓了，可以自己加~哈哈~抢购的，不错	超级喜欢！1，游戏特效基本全开，王者荣耀，崩坏3，诛仙等等，不卡而且不热。2最爽的就是听音乐和看电影，声场强大到超预期。3，屏幕靓丽，dpi351超级清晰，而且亮度高，看打游戏看视频超级赞。缺点：1，比想象中小了点。2，充电好慢。3，后置摄像头就是渣，前置就是神器。4，新机充电口有个凹，难道中了二手某东！	第一次买屏幕里有个灰尘，退了重新买了个，第二次竟然还有个，比较庆幸的是比上次那个小，懒得再退了，不过好评没戏了	质量极度差，极度薄 我买米白色的穿个深色内裤都可以看到缝纫更是目不惨睹 我不知道它为什么还敢报一百多
虽然这本书自己定位为大学入学读物，但已经修完汉语言文学本科的我，看着还是觉得新鲜。有很多知识都是第一次了解，而且有些知识也没看得很明白。之所以选择这个版本的书，一方面是因为有大量图片，更重要的是冲着王力先生来的。我的古代汉语老师很是推崇王力先生的著作，我也很崇拜王先生，赞赏老一辈的严谨细致的治学态度。嗯，一本让人受益的书，特别是对于喜欢古代文学的人而言，肯定是一本很棒的工具书。	我住的商务单人间，酒店周边环境一般般，但房间比较大，床软硬适中，上网速度快，早餐很丰盛是我没想到的。以后可能还会入住	不知道为什么，以前房间都有网络的，现在没有了。如果要用，还要找他们技术人员。以前一直住这的，看来以后要换地方了。 其实上网要做的事情不多，但是没有网真的不方便	6.18下单，6.19到货，6.20要吃的时候发现都是烂的。是不是借着618处理烂水果呢
店家老板服务很好，裤子质量真心不错，物流快递很是给力，很满意的一次购物	科学家们的口述史不仅说的是各自领域的自然科学史，实际上也是一部社会发展史、人文历史。比如本书主人公在西南联大读书时就参加了进步组织，57年被打成了右派分子，又像说到理学院长吴有训等等。这一段经历就不是单纯的自然科学，绝对脱离不开当时的社会。但从中可以看出科学家们那时候的真诚的爱国情操，也能从侧面对当时的社会人文各方面都能有进一步的了解。	三月29日手机下单购买，3月30手机下单就降价100元，我申请差价补偿，客服说收到货后才能申请，也没说需要截图，31日收到货后要求补偿差价，客服说需要截图，商品价格已经调回。这不是逗人玩呢么。	这一星算是给快递速度吧，唉，刚下单半小时就降价200，订单想取消都不行，商品保价都不能保，就是因为有赠品，赠品还没刚加入购物车时的多，少了几样价格还是不变，京东很强大的嘛。唉，本想拒收的，可快递来了，本人没签收就丢在公司前台，事先也没电话通知，这是最不愉快的一次京东购物。
优点就是地理位置，到外滩和南京路走路10分钟。房间比较小，楼层举架低，有点压抑。卫生间毛巾也许消过毒，但很旧，颜色发黄，没办法，我用的自带毛巾。服务人员都不太热情，办理入住的女孩子们还好，大堂前的服务生，问个路什么的回答问题时基本不正眼看我，很锻炼我的脾气，有利于修身养性。	刚收到货就降价，太气人了吧	很差的酒店	建议不要去买，不值，看图不错，到手就是很差，最后一次在京东买衣服。
买这本《穿越泰姬陵》是因为我非常喜欢泰姬陵，记得上小学的时候，第一次看见美术书中的泰姬陵图片就喜欢上了，真是一见钟情式的喜爱。虽然不知道它是在什么背景下建成的，但是却单纯的喜欢着，希望有一日能去亚格拉目睹它的风采。这本书，没有我想象中的好，但也还是不错的。因为从书中我了解了以往所不知道的内容，能增长知识。早就想看有关泰姬陵的穿越文，如今这个愿望实现了，真好。	我觉得这本书写的相当的真实，相当的感人，用看似平淡的语言，简简单单的话语，就将有关母亲的所有细节都描写的清清楚楚。用完美的文字表达了作者对母亲的那份挚爱与眷恋。虽然文章看起来很平淡，但是，说实话，我真的被感动了！！树欲静而风不止，子欲孝而亲不待，抓紧时间孝敬我们自己的父母吧！！！！	不买蒙牛很久了	太恐怖了……太恶心了……誓死不喝蒙牛了…… 消费者喝蒙牛牛奶喝出活虫子 (来自 http:t.cn/zWk74O6
设备散热处理的不太好 5月的天气 开机放一段时间CPU 58度  GPU60度 夏天最好借助散热底座来工作	有点小失落。自己穿起来没那么好看。不在给网上买裤子了。除短裤。	歧视消费者，钻石号领不到优惠券！这招太损了，请问东哥知道你们这样瞎搞吗？有碍京东发展。歧视消费者，钻石号领不到优惠券！这招太损了，请问东哥知道你们这样瞎搞吗？有碍京东发展。歧视消费者，钻石号领不到优惠券！这招太损了，请问东哥知道你们这样瞎搞吗？有碍京东发展。歧视消费者，钻石号领不到优惠券！这招太损了，请问东哥知道你们这样瞎搞吗？有碍京东发展。歧视消费者，钻石号领不到优惠券！这招太损了，请问东哥知道你们这样瞎搞吗？有碍京东发展。歧视消费者，钻石号领不到优惠券！这招太损了，请问东哥知道你们这样瞎搞吗？有碍京东发展。歧视消费者，钻石号领不到优惠券！这招太损了，请问东哥知道你们这样瞎搞吗？有碍京东发展。歧视消费者，钻石号领不到优惠券！这招太损了，请问东哥知道你们这样瞎搞吗？有碍京东发展。歧视消费者，钻石号领不到优惠券！这招太损了，请问东哥知道你们这样瞎搞吗？有碍京东发展。歧视消费者，钻石号领不到优惠券！这招太损了，请问东哥知道你们这样瞎搞吗？有碍京东发展。	这就是迟到了一天的火龙果，烂成什么样了，都发霉了，买家们，购买时考虑考虑这家吧，上图自己看
黑边是挺大的，但我可以接受，速度还是不错的，重点比起其他平板，它信号比较好，总得来说还是不错的	货收到了，但是还是有个别坏了，幸好快递员处理好了	没有什么感觉，不太实用，买了几个月了还没有看完，实在无聊才翻看	价格贵，咋不说了，苹果小，咋也不说了，吃起来苦就太坑了吧！这个差评必须给！一星都不该给！
很好，希望京东经常搞活动，活动多多，下次继续光顾	酒店有点偏，（没有地铁站），19：30后就没有shuttle bus了。大堂很小，也没有什么设施。不过，房间很好，也有海景。	用了之后感觉有点干燥，可能发质不好。	到三个火龙果，坏了两个，失望?，以后不会在京东买水果了
个头儿能够达到标准，挺新鲜。货真价实，物流神速，信赖京东，还会光顾，推荐大家购买。	很好 特地用了几天才来评价的	跟实体店买的香味不一样，用了以后头发狂掉	苹果不好吃'不新鲜 京东的水果 不想说
130万的照相还是不错的，性能也比较稳定。	不错，很好，望商家继续努力………………	离火车站比较近，打车的话起步费即可。但是吃饭比较不方便。补充点评 2008年8月6日 ： 定的商务大床房，在一楼，感觉暗暗的，窗户外貌似是楼下餐馆的某个储藏室，早上还有人会突然进去翻动东西	买了3件货、只发一件、显示订单完成、联系客服、说给我反馈问题、马上过年了、请问京东什么时能解决问题
比较适合国内客。一楼餐厅风格上有点南洋的味道	早上就到了一直到下午四点多才给送 因为有规定不给用手机用别人手机买的 11点多签收的 中午一直在等 等也等不来 下午来就来吧 还一直催 唉！	显示屏用的是次品，早晚还要去换，45度角看会有很多马赛克，颗粒非常大 第一次换XP系统比较麻烦 摄像头只有30w，不是号称的130w 有蓝牙线，也预留了空间，但就是不直接给装上 光驱读盘很慢	洗完头发跟没洗一样，油乎乎的，家里别人用了还起了头皮屑，一点都不好用
M3除屏幕在移屏时拖影严重点外，其它都不错，系统流畅，声音很赞，看片很不错。	脆甜多汁的大苹果，在这三伏天里离开冷库一路上也冒了大汗了，用干布擦擦，4个一兜儿扎紧冷藏，随吃随取，嘿嘿，吃完再买。	环境一般，设施较旧，豪华标准间看不出哪豪华来，浴室特滑，差点扭伤脚，以后不再住这了	差评。送货很快，但是没有发票，问了两次客服，到现在也没给解决！
清扬(CLEAR)男士洗发露 活力运动薄荷型(去屑+清爽)500ml(洗发水)价格比超市实在。	苹果?新鲜，就是有几个碰伤了。味道不错。	速度跟态度都挺好但是你告诉我穿几天就全是毛毛是什么鬼	与图片不符，不是黑色，图片是假的一颗星都不想给
这个平板呢，除了大黑边，几乎是完美的。曼哈顿的音响看电影，打王者都是很震撼的。后面的金属背面手感也是非常不错。 屏幕质量已经算不错了。打王者的时候基本没卡除了网络原因。学习的时候看ppt什么的单手拿看着很棒。	还算可以，值得购买，物有所值。	收了裤子没有收到赠品皮带哦	不要买，一箱3个，打开一个是烂的，汁都流在袋子里，另外两个又小又丑还一点也不甜，完全没有买的必要。这外观的火龙果，放在超市属于卖不出去的那种。
早已不喝不买蒙牛，流氓企业就让他灭亡！！	掉色，把白色鞋，染成黑色了。	为了打王者守卫买的，结果卡得飞起，简直想摔平板，一星都嫌多。	一星是给快递员的，装了卡后盖子都不能盖严实，跟客服反应问题一直跟我扯是卡的规格问题，microSD卡能有其他大小？
可以，舒适，不过有点长就是了。	装XP时候有点麻烦 要硬盘要改成IDE模式  一般盘子会报错 有点热量	哎，不好用，真不好用	东西一点都不好，假货，自己和家人用了都不好，不说别的，洗了第二天头皮很痒，一个人痒就算了，全家都一样，这个质量真假打假考虑，以为京东信得过，看来以后不会在这里买洗护东西了，假假假，怪自己贪便宜，打假千万不要像我一样
很不错，这次赶上活动买的，囤货，能用上好久了，京东买东西还是有保障的…	男人的事用男人的东东解决，没头屑，无烦恼，就是这么自信，你是我的小三，值得我用一生去托付，呵呵	第一次用华为，手机是新的，第一感觉还不错，	好好好好 挺满意 一直用京东
很满意，618快递也很快，服务很好，物品保存完美！！感谢京东所有工作人员！	不错，很有弹性很舒服，这个价钱很值	适合中学水平的读者，整个书很薄，印刷纸张还不错	商品太差，价格可以，就这样吧!华为产品一般。
住的是￥400一个晚上的豪华标准间，本来定的是￥380一晚的但是问了前台接待人员回答说靠着淮海西路，淮海西路是徐州最主要的商业街，怕睡不着就换了朝住宅区的，400块。不过这个酒店感觉很不错，首先是服务员的态度都很好，其次房间也比较舒服，配备比较齐全；再次早餐非常不错，东西很好吃。而且交通比较方便，离火车站不远，周围逛街也很方便。呵呵，可惜没有开在云龙湖旁边，不过开在那里就没有这么方便可以逛街了。呵呵。非常不错。下次有机会还要去住。这个酒店离主要的政府机关也不远哦。	东西挺好的 快递小哥态度很好！	2天前买的，今天买还好些，活动价**，东西还没用，囤着	非常小，非常迷你。一点都不甜，味道很淡
电脑非常好，物流速度快。	还没有喝，囤货中，京东的快递没的说，未来的趋势，希望都是正品，一定要坚持真货。。。。。。。好。。	唉…果子小的可怜…可能是挑出的差果！不理想…还是在实体店买的放心	包装可以。这个苹果我只想说两个字，垃圾，比超市下班时卖的还差，还红富士呢，京东快递还是一流，一颗心给快递
好便宜啊，比商场里好多了！京东商城品质保证，这个已经购买了很多次啦！	"内容只是一般,总感觉是翻译翻的不够好!语无伦次,没有重点.只是简单的把韩文翻译成白话文,没有特色!"	你们的货太慢了，要一个多星期才到货	"东东没收到,网上讲已送到,无语,以后必须货到付款."
物流快，质量好，款式靓。值得购买，穿着舒服。推荐！	我奶奶说就是可能是娜娜宝宝你手机上班	火龙果太瘦了（小），又干，时间长了！有黑斑，像坏了！	"正因为有如上那么多的优点,我不顾网上有那么多不好的评价之下,抱着侥幸的心态还是买了这款手机,10月1日买的,10月2日在一次和电脑的连接之后就莫名其妙的死机了,再重新启动后手机从此不发出声音了,打也打不通了,通了之后只有糟杂的声音,哎,还好在7天的退货期内,最后只有无奈的选择了退货!伤心啊!而且退货也是件非常麻烦的事情,郁闷中~~~~~~~~~"
配送急速，打开箱子浓浓的苹果香甜味儿，很好。会再来回购的。	跟在超市买的一样 家里一直用的都是清扬 包装很满意 我会回购的	电脑的包装纸盒上有个非常明显的鞋印，想象京东的包装和运输不是用手来操作的。送的礼包里的电脑屏幕保护贴是弯折的，没法用了。	这样的苹果市场*没必要上京东，太坑人，12个苹果给10个
房间很好，环境也不错，只是个别房间太靠游乐场，早上想睡懒觉会被游乐场的机动游戏声吵醒。	"位置比较怪,旁边是个菜市场,味道就...到达的时候下雨,所以前台有点混乱,等了10分钟左右,态度倒还好,房间蛮好,舒服.就是走廊的味道是我对这家店的印象降到底了,套"	房间配置很差，真可惜太仓没有如家和锦江之星，下次不会再入住这家酒店	房间里的蚊子连电蚊香都杀不死，一晚上被咬了满脸包，体验非常差
书很好，象卡梅拉的大小，而且这么多本故事，风格各异，小孩觉得很带劲。小孩马上就要上小学了，我的做法是先给他讲两次，然后让他给我讲。小孩挺乐意的，锻炼了表述能力。打算学拼音后把音注上让他读，那就真正能开展自主阅读了。有书评说比不上卡梅拉，个人感觉各有长处。卡梅拉更刺激些，情节性强；阶梯阅读更温馨可爱些，而且胜在有各种各样的故事。建议都买给小孩，书是不嫌多的。	颜色与图片上的一致，没有什么色差，价格也适中，第一次在网上买牛仔裤，质量不错，穿的好，下次还来。	太差 3G卡用不上	我实在是很生气！！！给我妈买的手机直接寄到福建，当天我家人收到货因为电话卡放反了去售后网点拆机，人家刚打开就说封条被撕了，是二手机！！但没有给检测报告，第二天去补报告，结果要各种手续，嫌麻烦就直接去旗舰店问，折价四百多给卖了，补八百重新买了一个。怕我难过晚上才告诉我，差点气死我了！电子产品从来都是在京东买，第一次遇到这么恶心的事情！！！！那么相信京东，那么相信华为！！！真的是受教了！！！为*块钱的手机跑来跑去，真是够够的！！！
一直在这买，不错。这个算下很合算。快递小哥特好，送家了。	快递神速，宝贝很好，非常满意的一次购物。	衣服不怎么样 穿了一次就没有穿了	这个掉头发太厉害了。不知道是假货还是本来就不行。
看着很舒服，功能也不差，价格合适	1.房间设施看得出来是比较久远了，但非常非常干净，润肤霜、沐浴露和洗发膏质量都不错，比很多5星要好，且味道很好闻2.地理位置就是坐落在商业中心，【强烈推荐】出了酒店大门往左绕到酒店后面的小路上，有一家【章鱼小丸子】，他家的鸡肉串和小丸子非常好吃，只是门面非常小，生意非常好。	一般般的商品，面料太差。	很差很差很差很差很差
第一次在京东买水果，真心好小好小的苹果??只有一个稍微大点	电池容量偏小，续航能力一般；30万像素的拍照功能跟不上潮流。	衣服透明的，也是偏大，不太好	包装差快递服务差。一颗星是给货物的。不是第一次买了
这本书是本好书，作者确实是亲身经历了很多地方，花了很多时间写出来的，真实性很强，把中国城市写的很到位，我本人对城市这方面的文化了解的很少，所以在读起来很多地方不是很明白，这和我个人的水平有关，有人说这本书的作者带有偏见，但我认为作者一点偏见都没有，真的，他没有刻意去说大陆和香港哪好哪不好，写的见解很真实。	果然还是华为的品牌好，辨析度还可以我现在评论就是用的这个，棒棒哒！	用了一个多月摄像镜头就花了，网上查了下很多人都有类似问题，不知道怎么办，这个属于外观还不在保修范围，真心不敢相信国产的质量了。待机时间确实够久，基本两天充一次电够用。	质量跟超市买的不一样
开机感觉不错，前面一台10.1寸的，感觉太大，这台手感不错，画面也好	非常好 比上次购买又优惠了些	非常好哦！很喜欢！非常好哦！很喜欢！非常好哦！很喜欢！非常好哦！很喜欢！	很好，挺实惠的，一直在京东购物
很喜欢，看起来就很喜欢，瓶身外就可以闻到香味，发自内心的喜欢，虽然还没有用过，但是已经想回购了。	比想象的要好。 看来金钥匙联盟还是有一定的质量控制的。房间设施还可以，就是烟味太重。回来睡衣上全是烟味。早餐很一般，可选择的东西少。不过那个巴基斯坦服务生态度倒是很好。就在鸭绿江边上，周边环境到还可以	"酒店大堂奇大,没有任何布置,空空荡荡,非常浪费空间,周边好像没什么吃饭的地方,房间对著西苑公园,景观还可以,算是洛阳最好的酒店了吧,服务真得不行,没有四星五星的水准,我们晚上下机坐的士到酒店,门僮站得老远没有走过来拿行李的意思,只好自己拉着行李去check in,前台小姐服务还是可以的,走时也一样,门僮也是站在一边看,很奇怪,这家酒店培训工作可能做得不够"	差评！！！空调只能到25度，找总机来了个什么都不懂的阿姨，屁都没解决丢下一句我们就这样爱住不住走了！本来订了两天，就只住一天，差评！
对苹果还是很满意哒，虽然大大小小奇形怪状的都有，但是个个都很脆很甜也很多汁啊。	不错，大小合适了，版型还好。暖和。	自带的Linix系统上上网还可以，想玩其他的功能毫无疑问得换XP.偶在京东订的时候为了装XP方便，一起买了阿帕奇的USB光驱。到货后，发现该USB光驱无法引导系统光盘启动，已验证过该光驱读写功能正常。	原来是钢琴漆的，不是亚光的，小小遗憾。 因为电池原因，稍感重了，没办法，与和熊掌的关系
好吃，很甜，好评好评好评好评好评好评好评好评好评！	不错了，价格和实物配得上。	前台接待服务素质需要提高，登记时等待时间较长，房间还行，	"4799下的单,收到的时候价格变成了4699,并赠送一张杀毒光盘,然后就因为新增加赠品的原因,我无法申请价格保护,这明显是京东逃避价格保护的小手段,让我十分的不爽!"
京东快递很给力 很划算 质量很好 整体感觉不错 赞一个	买了好多次了，送货速度快，东西很好，快递小哥人也很好。	东西很好 送货上门也很快 已经在用 非常好 给个赞	不错，快递给力，一直用这个牌子
包装的挺不错的，物流也很快，服务也挺好的，洗发水看起来还不错的，效果等用过了在说。	质量信赖京东商城，用完继续买，	质量很好，穿上也挺舒服的，可以购买	质量和包装，)就是不贴身还会考虑再购买
散热好，拿到手一天还未出现问题。光驱也未有别人说的噪音，屏幕同样是完美屏。比宏基品牌的本本好太多了。	完美。穿起来很舒服。超级实惠。	我不太喜欢这里，装修环境确实都不错，有免费的水果送，但缺陷是晚上睡觉时如果不关洗手间的门，会感觉很吵，管道时不时会传出像消化不良似的声音，一女的，住起来感觉很害怕。第二天晚上还是那样，也不想起来换，只有吃了点谷维素（调节神经，也算安眠的吧），才睡好，咳	苹果里有好几个都是烂的，其他还可以，上次买也有四个烂的，
用清扬用了好几年了，特别好用，别的洗发水用了以后都有头皮屑，支持清扬	总体来说还可以！就是房间稍微小一点，床也不太大，家具有点旧了，但是比较干净。服务还可以，饭菜的口味也不错。比较经济实惠！	如果不会装系统的话，会觉得很头疼，要在bios里更改，硬盘的类型为IDE，才能正常安装	拆开包装就看见小瓶的漏出来了！，我在京东购物第一次遇到，和客服沟通，客服好高冷！京东在我心里的形象降低了很多！
京东直营商品，商品质量好，服务质量佳，快递速度快，是品牌商家首选网站	京东太方便了，还没试吃，试吃一同下单另外品牌很甜，这个果子小，还有撞坏的，不过比当地店铺的好太多了。京东自营送货速度基本没谁，品质自营不能说绝对可以，一般应该没有什么假货，第三方就不一定，自营保修也是非常满意，就是价格可以再便宜点就更好。	背面不平。凹凸不平。。。。。	都烂掉了！还寄给我！完全影响了京东的品质！
太大的霉味了 难受	商品料子太薄，垃圾	太差了 还算国际连锁 弄的跟街边店一样的 电视没遥控器 热水器冷水热水标致相反的 害的我开了很久也没出热水 房间被子看上去很恶心 总之这种饭店呆一次就不会再去了。	买过最差的一次，竟然发个11号的给我，21号下的单，22号才收到，都发黄，有腐坏现象了，送给我都不想要。评分一分都不想给，以前还觉得在京东买水果挺好的，想想也不过如此。太差劲了
一直在京东买滋源 这次活动太给力	"性价比好的机器!再多上了1G的内存,跑起来也不慢...... 加上面运就更加优惠了~~~"	房间真差啊，我住的是高级大床间， 结果房间里一股油漆味...房间的卫浴系统太差了，都没能洗好澡，空调基本属于没有....	差，假货，香味太浓，闷    用了两三个星期了，头发还是没什么变化，还是很干燥
交通方便，房间比较干静宽敞，总体来讲还说得过去。	我是无语，裤子一下从*降到*？让我们买过的什么感受？我是不想说了，服务态度过于生硬，完全应付，什么好评*？缺你那*，裤子瞬间降价，裤子质量一般般，有何意思	手机买了二十天，一直网络连接不稳定，以旧换新扣一千块，这就是我们自主品牌，只要销量，不要售后售后服务，这一星都是给客服的，什么也解决不了，什么也回答不了，一直都祝我开心	差评！！！屏幕不清晰，看小说都有点模糊，伤眼镜
晚上下单，上午送到，送货速度点个赞。    随机称了2个：226g，216g	太差了！！！不知道怎么评的四星！！！肯定贿赂了评酒店星级的人。	商品应该没啥问题，但问题是说好的满128元送赠品，我赠品都选好了，也显示我已经选了一件赠品，可结果发现收到的东西里没有赠品，以为是漏发了，问客服，竟然说是我的订单里不该送赠品，简直瞎扯，后来我又跟她理论，他又说赠品数量有限，赠完为止，我去，赠完为止，没货为啥还显示在赠品选项中，没货为什么没有在我要结算我要提交订单的时候提示我让我换一个赠品，什么破活动！我刚刚输入一个词汇，还提示我是敏感词汇，让我重新输入，到底还让不让消费者评价了！	1.系统并不稳定，有时会出现死机现象； 2.内置游戏仅有一个，且不支持JAVA技术。
第二次购买，质量品质还是一如既往的好，卖家发货快，服务态好，物流也给力。赞赞赞赞赞赞！????	裤子质量不错，穿着很舒服，很合身	还行，给老婆买的，具体生产日期还没来得及看呢！	嗯，还可以....
很划算的一个套装，配送非常迅速，效果有待开发。	收到货了、只有3个字形容（高大上）！不到*得到这么多的东西！真是不错、不知道好不好用、用了再追加	火龙果不甜，带点酸，应该是没熟就摘，不好吃，不会再买	唉……气的我都不想骂人了 垃圾垃圾
质量不错，款式好看，做工很赞	收到了，穿在身上挺舒服的，很合身，布料也不错。	不知道是不是所有清华出的书都这么有用，精辟。这本书所讲的仿真主要是基于ORCAD为基础的电力电子仿真，在软件方面没有冗余的介绍，如果不熟悉这个软件的朋友，还是建议先进行ORCAD的学习，然后在去这本书。而具体涉及到仿真时，算法涉及的比较多，而对于各种算法都有比较，值得借鉴，如果对于建模一塌糊涂的话，建议还是好好看看这本书，书上提到了很多关于建模方面的例子，对我很有启发。	倒出来都能看见清晰的一摞一摞的稀释痕迹，京东你掺了多少水，京东居着庞大的消费群体肆无忌惮卖假货（特别打折时），包装越来越简陋、勾选的发票也木有，甚至连平时的发货单都木有——是心虚防止我退货吧，以前看到蜡么多黑京东不相信，现在自己踩地雷了，一般的价格买到一半掺水的我认了，恩，总之，京东活动购买需谨慎，说不定会中假，还是那句话（蝴蝶效应）买假多了忽悠客户多了京东你总要还的～
酒店地理位置很好，对面就是石家庄最好的商店——先天下。贵宾楼层客房冰箱里的软饮是免费的，还可以享受酒店欢乐时光免费茶点和酒吧优惠等等。总之是物有所值的五星酒店：）	住的是副楼，有味，位置没的说	很差劲，自己看电视，机子居然会自己关机自己开机	这是最后一次在京东买东西，买一个手机一个多星期才到，地址还给我搞错了，客服也是太无语了，说话根本不在一个频道上，还有电话客服说话那态度，简直了、接了一次，后面都不想接了……我发誓以后绝不在京东买东西……
质量不错，买给妈妈用的，晒单晒晚了	比在超市里买便宜多了，还没用过不知道，反正我一直用的是这个牌子，谢谢配送员	跟水之密语那款一样，真的很难洗，洗了头发好糊，原以为家里水质问题，换回原来的洗发水，就不会了。。。。。。。。。。。。。可以退吗	如果出差就不建议入住，1，无窗外面打仗都不知道！2，网络差，wifi弱！3，附近交通非常不方便 情侣开房或者适合点，看到很多学生开开房，还穿校服，不管制的吗？
裤子很合身。物流也超级给力！特别满意的一次购物！还会再来哒	虽然是四星级的酒店，但是房间内部装修比一般宾馆还差，但服务员的服务还是不错。	"交通:便利的,随便叫辆taxi,肯定知道的;装饰:格调比较深,风格吧.洗浴用品过得去,浴巾显得旧了;服务:订夜宵,能够给予明确的解决方案,让我们叫外卖,不过要自行通过114查询电话似乎有改进的余地;早餐:寒碜2个字.没啥吃的.同时,超过9点的话,几乎没东西可以吃了.和价位类似的酒店例如梅园相比,有很大差距.也是我在类似住房价位吃的最差的一次早餐;其他:check in 的mm值得表扬.携程电话订后10分钟到酒店,酒店尚未收到传真.能够帮我联系携程,而且态度很诚恳.check out的mm中规中矩.门童,出酒店的时候吝啬于说声:先生好再见 再见之类的话语.可能我吹毛求疵?"	收到了还算可以了，/份量不足，没有仿伪标志感觉像假货，大家请注意了！！！.
速度挺快的，反应比较灵敏，音质不错，希望下次继续合作。价格上应该没有很大优势。	标配没有耳机，加耳机要加180元，实际上手机拿到的价格在2300多（加耳机和TF卡）。屏幕较小，无法全屏播放视频，外壳颜色单一	很难看、货和图差别很大	酒店比较旧，靠近机场，能听到很大的噪音。空调也不开，关上窗屋内的气味让人头晕，开窗基本被吵的睡不着而且早餐非常差，简直就是没东西吃。
裤子质量不错，穿上修身还很帅气，已有朋友询问在哪儿才能买到这么棒的裤子，下次购买裤子还要在此店铺购买，预祝卖家生意兴隆！	快递小哥真给力！平板收到后正在研究，手感很好，速度快！！！	看着还不错，包装也行，个头不算小	看着不错，还没用，一直在京东买
买过好多次了一次四箱，独立包装很新鲜，个头很大口感脆甜，吃完继续	不错的苹果?，大小均匀，比较甜。	非常不错，京东小哥尤其给力，非常棒，很不错…信赖京东自营，非常棒啊！你说过年前啊巨头理论理论路上咯！	在灯光下的照射下看少了五分之一
很好用 一直在用这个 洗完头发非常柔顺	用着起头皮屑~~~再也不买了	既然送不到货，为何还一直坚称当天，已经5天了。客服说确认，有什么用。这算欺骗消费者嘛！	三个火龙果，全是发霉烂了，这吃下去绝对中毒    给一分都觉得多了
本人一次买了两箱。快递很快，赞。打开一看，还行。个头均匀，没有碰伤。吃了一个，很甜很脆，很爽口。吃完再买。	今早下的单5点多就收到了真的又快又方便	感觉描述的很肤浅，而且很多词句都是反复来说	应该是假的。。。一点味道都没有！
华为的最大特点通话质量好，应该是原封的，缺点是游戏会闪退，大黑边，不过很满意。	爱偷偷自动关机，键盘也灵，不能放在震动上要不一来电话就震关机了。	"质量差,服务更差"	这次物流不仅慢，中途就破损了。第一次这么垃圾
综合对比了好几家，最后选定了这家，结果真的让我很惊喜很值得，质量没得说，而且穿一起来非常舒服修身好看，亲们，快快动手吧。	真心挺好，没想到这么好，京东商城价格很实恵，苹果很甜很好吃，再追买几箱	服务及住宿环境都不错，如果价格低一些就更好了。	最不满意的一单！原先在京东买洗发水沐浴露什么的还都有保鲜膜包起来的！这次什么保护措施都没有！洗发水盖子转开一半，洗发水撒得到处都是！里面的牙膏牙刷盒子全部浸在洗发水里！本来想囤货的牙刷只能丢掉湿漉漉的盒子直接用了！忙着抢救那些，都没有拍照！
裤子收到了，物流很快，不知道甲醛有没有超标，这段时间看新闻超标九千多倍，希望花花王子可以让我们消费者，穿上安心放心的裤子	还不错，我买了好几个	视频拍摄虽然支持有声视频，而且每段15分钟的时间令人满意，但是清晰度低于拍照的效果，特别是在细节上面，“雪花点”明显增多。M760支持MP3铃声，而且下载方便；加上拍摄照片所占的空间，总感觉内存小，而M520不支持扩展卡，只能事先把存入机身内存的文件先删掉或者传输到电脑上，然后现下载音乐或者折摄，感觉很不方便！	位置在4叉路口，有高架桥（高架桥上车少竟然有摩托车！）安吉有许多改装过的三轮“汽车”，发出拖拉机的声音，当然不选靠马路的房间。室内装修在安吉可以算第一，但强烈鄙视卫生间的感应通风机，每次进去发出农村排风机的声音，第二次感应到人存在，马上加大马力的工作。有时会自动排风，估计用的感应器质量问题。我住的是靠内的3楼房间，下面2楼是连着厨房的，6个排风扇让我叹为观止！！幸好酒店的饭店是8；30pm就关门。但是白天实在吵人，只能开电视抵御。结论此酒店的装修布局存在很大问题，酒店人员应该看看别人的酒店是怎样维护客人的安静权力。 另外有骚扰电话，估计每位客人都能接到2，3个。吃饭：菜价格便宜，买一送一，量足。但是味精方太多，各位讲究的大大，一定要提前说明。
京东的速度，京东的品质，京东的价格，一如既往的好！	给力，比超市便宜，物流速度快。	外观很精致，外壳是硬塑的，韧性很好；我最喜欢的还是铃音，尽管是16和弦的，声音很大啊！对了，它的屏幕不是STN的，而是TFT的，效果挺好。别看它小，但功能一点都不少。自动开关机，关机闹钟，短信群发，机身可存100条短信。	这是我这三年来在京东上第一次买到质量如此差，差到极度的裤子，如果是买回来穿了十几天再破 我都无所谓了，可你这才穿一天就这样了，让人难以接受无法容忍。我想问厂家一句：你们的良心何在？难道就是这样欺骗我们老百姓吗？如果说你裤子质量好点，价格再高点我都可以接受。希望各位朋友多看看评论其实有很多好评都是假的
非常好用，屏幕大，系统运行非常流畅，指纹秒解锁的	逛街很方便，没有免费停车有点不方便，，，	"我为国外来的客人订了一晚,第二天离店时,客人说晚饭在酒店餐厅吃鱼吃坏了,肠胃不适.偏偏又要赶飞机,送到机场休息室又吐又泻.飞到曼谷就进医院了,住了两天,举目无亲的在泰国.接下来的出差行程也取消了,从曼谷回美国去了.弄得我又内疚又担心.你们这也算上海4星的水平?注:他们入境3周了,这是最后一天,不会是水土不服!"	店大欺客！～骗子！
裤子质量很好，颜色和图片一样没有色差 尺码很标准穿起来很舒服	买下这本书，是因为它唯美的名字，以及书后的张小娴，安妮宝贝等我喜欢的作者的话。这本书的故事还是比较吸引人，但是读完了的感动之余，我多少觉得它的情节有些老套，呵呵。不过对故事的主角孙嘉遇的刻画还是挺不错的，我挺喜欢他的，呵呵但是真正的感动和身在其中还是要看 《匆匆那年》和《山楂树之恋》！	不错，大小也合适，颜色也挺喜欢的	"这是一家性价比很好的饭店,是苏州闹中取静的一处福地.酒店有宽敞的停车场,绿地面积大,古木参天,绿草如茵.登上小山,还有可供游人休息的凉厅,山脚下流水淙淙.房间里布置典雅华丽,中式的且床头有古诗相伴而眠."
宏辉果蔬 苹果 烟台红富士 12个75mm 单果约170-190g 总重约4.2斤	快递公司瞎搞，摔坏了洗发水瓶子口	这个苹果长得真丑，在里面居然还有坏的，受不了了	产品质量太差，简直要没气死人，用半个月就要坏一次，用半个月就要坏一次，售后服务又差。
手感特别好，很薄很轻便，屏幕非常清晰，触感非常好，做工也很精致，国产品牌崛起	明天去蒙牛啦！	看了那么多成功的女性推荐这本书，我就想赶在自己二十多岁时看看，期待也看出个“获益良多”。可惜，当我看到一半（肯能还未到一半），我就跳着翻了，实在没心思一字一句认认真真地读了。因为那些所谓了例子及其所要说明的，不都是一些最基本的道理和一个正常人应该具备的素养吗？二十多岁的女人至于要人教这些吗？如果谁的答案是“是”，那她的人生我想也不过如此了。	订了一间420多的房间，房间较大，但地毯非常脏，全是水渍，很难看。服务方面不想提了，入住预授刷了800块，结果送餐不能挂房帐，只能付现金原因是预授太少，晕了。上午开通了长途电话，晚上回去又不能打长途，还要从新开通。早晨8点被吵醒，整个大楼都是轰鸣声，原因未知。电梯慢的要死，住14楼，平均等3－4分钟，来回做了6次电梯，有5次里都是挤满了酒气醺醺叼着厌倦的人，谈论酒店的mm，语言不堪入耳。结帐时非常慢，等了10分钟前台告诉我房间有消费，再等10分钟，才告诉我喝了2瓶可乐。最郁闷的是，8月8日奥运开幕式，电视突然没信号了！忍无可忍，前台的人解释更是牛，说可能是遭到不法分子破坏，听到这真快疯了。本来想打一分，可在电视信号恢复后，听到前台mm的真诚道歉，还给我讲开幕式前面我没看到的场景，气也没了一半了，服务给2分吧。
一直在京东买电子产品，值得信赖！	太差了，个头特别小，还是烂的，三个都是，对京东冷链信心减分。	京东自营的客服非常渣，一点售后保障都没有，物流显示签收了订单就自动完成了。 买的东西没有问题那是你点子高，如果有问题，别想得到满意的解决，京东客服的态度太牛气了。 买家都不能主动选择是否退换货。	给个差评吧！第一次发货给我发个坏的！虽然客服的服务态度很好，也给我换了新机。但是却给我造成了一定的经济损失！本来因为方假，出去玩打发时间才买的平板。第二天收到货机子就完蛋了！放假期间很巧妙的给必过去了！而且为了节省时间用的白条，结果白条白用了！还得多交服务费，早知道还不如放假玩的开心点，回来之后再买呢！简介影响了我出去游玩的心情！
很好，加上圈很便宜，送货也非常快，上午下单，下午就到了一直用清扬。	苹果脆脆的，很好吃，拿出来一层水珠，应该是从冷冻货仓运出来的，外表看起来很新鲜，吃了两个，不酸，甜甜的，辛苦物流工作人员了，几箱水果送货上门	裤子质量超级好，给男友买的 他穿上尺码也刚好合适，朋友还问我要链接 说是也要买	太烂了，打开都自己冒出来，一点也不好
很实惠的苹果，相比其他牌子的，个头大，分量足还实惠，送礼绝对不错。很想再多买七八箱留着过年送礼，担心家里没有冷库储存，优惠券马上又到期了，不知过段时间还有没有优惠？郁闷中！	《穆斯林的葬礼》我已闻名很久，只是一直没有机会去好好的拜读一下，也许是因为我这个大俗人有太多俗事要忙吧...这次购买此书是为了喜欢的女孩，她也是对这书仰慕已久，我曾想法帮她找到一本，可叹那盗版书不仅错字连篇而且还少了几十页没有结束，然后我索性在当当上买了这本，标准的正版书，价钱也超级便宜，我和她都很欣喜，抽空我一定会好好拜读此书，顶《穆斯林的葬礼》，顶当当网！	物流很快，不到3天就到了，而且这条裤子的质量很好，我很喜欢	苹果虽小，但是味道不错！发货还快！
我在这里看到很多不好的评论，比如前台小等。但是我抱着试一试的态度住了进去，发现房间的质量非常好，交通很方便，环境安静而且安全。我准备将此做为我出差福州的常住酒店。这类商务式或公寓式的酒店，就是提供一个方便舒适的住宿，没有其他更多的附加服务，所以实在不必有大前台等。各类酒店适合各类的客人，选择不同的酒店对不同的酒店应该有不同的标准。我想，那些失望的评论人，是误解了这类酒店的特点。	因为是新产品，XP系统驱动不完整。还有就是每台电脑配置不一样。	拿到的快递已摔坏压头！第一次！	线头超多，布料和想像中不一样。不建议买，真的坑
很好，还会再次入住。晚上有钢琴演奏。。。	裤子有点偏小，本来物流慢，不想换了	你确定这个不是假冒伪劣么？这的比较稀啊，洗过之后涩涩的。能退货么，这还是我熟悉的清扬么。	买回来觉得挺好用，充满电可以用很久，但是还没到一个月，里面的屏裂掉了，开不了机的，我滴个神，什么产品呀，这次的京东客服也让我很失望，不管什么是产品原因还是什么原因，只看了图片就是这个不在保修范围内，就这样不能修，还要自己直接去找华为的客服，7月份买的就这样完了。下次在京东买东西还是要注意，在京东还算是金牌会员，以后不敢买了！
反应速度很快，音效，画质都不错。娃儿做英语作业方便多了。相信华为品质，支持国货	我又开始喜欢喝调味酸奶了 真是物极必反呢 而且那种默默酸到嗓子里的感觉还蛮特别的 我喜欢草莓味的 还有我喝的是蒙牛的真果粒 从来木有吃到过草莓果肉 但是味道中和不至于喝一口就丢掉 更喜欢吃巧克力了 买了一大袋脆香米 便利店的小妹一看到袋子就知道是我了 默契源于习惯#吃了巧克力就有力气了噢耶#	好恶心哦，以后再也不喝蒙牛了	小的可怜，市场上也就是*的苹果，味道也不好
包装很好 苹果没有碰坏 味道很好 很甜 水分很多 好吃还不贵！	不错，不错。大小合适，一次买了四件，之前买过三件，买的看清对码，比常规偏大，对着码表基本还是没问题的，很好	脆甜的，有点儿贵，快递3天才到，时间久了点	明显有问题 气味不对 洗起来黏糊糊的    PS:赠品和大包装明显是有区别的 赠品还是原来的配方    弱弱的问一下 如果是换配方 为什么两种包装会有这么大的差别呢    最后不能打零颗星也让人很不爽。。。
不错，挺好的，面料挺柔软，穿着挺舒服，	宾馆的位置不错，可是房间里面设施比较陈旧，特别是卫生间，其他的都还不错，离西湖比较近。稍稍有点意见的是饭店的洗衣房居然也下班，而且我的衣服都装到袋子里面了，只是没有填上是普通洗还是快洗，就没有被服务员拿去洗。宾馆反馈 2008年6月12日 ： 酒店洗衣房的客衣洗衣工作时间为8：00-21：00。如果有特急物品，也可以通知大堂副理处理。有些客人喜欢将脏衣服暂时放入酒店的洗衣袋内，并非需要酒店清洗。也有过多起这种洗衣，事后客人认为没有这种需要，并在清洗过程中耽误客人的时间。因此，酒店在清理房间时，如果客人不填写洗衣单，是不收取衣服进行清洗。我们也尝试对这样的情况，对客人进行留言，再次确认需求情况。	唉 假的 希望大家也别买了 起头皮屑， 便宜没好货，最真实的，洗后感言，咱先别说多少钱，做为一个生意人，讲的就是货真价实，我给你的钱 是冥币了还是咋的	春节不打烊就是骗人的，七天都不送货，没办法只能自己大老远跑去拿，京东现在已经是骗子代名词，坑害消费者就是坑害自己
质量不错，物流还挺快的，卖家服务态度也很好，尺码也很标准，总体来说很不错。	裤子质量很好，修退，显得腿好看。物流很快，五星好评！	这个平板总体来说还不错，就是买了之后就降价了一点，并且机器里面背后没有保护膜，就是介绍那张塑料膜，机器前面也没有保护膜，感觉不是完全全新的机器，差评。而且，其他店里相同价钱有送保护套和钢化膜，这里什么都没有送。还得自己买，不是很划算，本来很支持自营的，现在觉得很不满意，下次不会选自营了。	质量确实不怎么样，不到三个月就坏了，返修还不知道什么时候去了？
还在用，暂时一切正常，不过和我以前用的苹果6比起来显得有些迟钝，而且买回来充电线是坏的，寄回去换了一条，这质量值得大家去思考和猜疑，国产的东西为什么就是比不上国外呢，因为中国人的做事思维就是将就，不严谨，能做出来好东西？简直就它M扯蛋。	都是买给女用的 男的不怎么好用 都是单一的洗发水好用 套装不好用	不熟不熟不熟，买了水果还不够生气的	京东的快递员太差劲，晚上我人在家，他居然只送到小区门卫，也不联系我，也不告诉门卫是几号门的，直接网上打上签收就算完事了，打他电话也不接，问京东在线客服，非但不帮我催问，让我自己找快递员联系，在那里踢皮球，发好这个评论后，直接删了这APP
我的730没有过重齐的现象，不过电池待机时间有些短，我看了一下，好象是因为超大高亮真彩屏幕的原因。	穿起来别扭！一看才知道根本就不对其！看边线！斜的！有图有真相！	用了几年的沙宣，就这次买的味道不一样，假货。	忽悠人的，说送吹风机，结果没有，差评。
裤子很修身。穿起来，感觉挺好的，轻柔软的。面料很柔软。很有弹性。强烈安利一下。	我要加棉的 给个薄的	到处都是灰尘，是从垃圾桶里捡出来的吗，怀疑是假货，京东能解释一下是咋回事？	全是坏苹果，外表好看，芯都烂的，没注意咬到了，恶心死我了
质量不错 尺码标准 做工很好 穿着很合适 满意	生鲜很好，快递很快，快递员速度很快。必须给个好评了。	上京东买了好几次了，这次还是不错的	"性价比高,外观好！还是要看看价格 毕竟3400的机器 同样配置的机器早就超出购机预算了 老祖宗说的好 一分钱一分货嘛！ 只要东西皮实 不出现什么大问题 就对得起这个价格！它的外观设计还是非常与众不同，机身中央的镶嵌的logo设计有点小资情调，配合机身润泽的钢琴烤漆，整体外观细腻精巧，让人爱不释手。"
裤子质量非常好，版型很正，看上去像两三百的裤子，老公很喜欢，透气性也好，穿上很凉快 ，果断好评。	收到书后我就仔细的读了一遍，感觉是一本好书，受到很多启发。	1，服务没有任何亲切感，生硬、机械。我们一大家人五口，其中一位大人和一位孩子没有带身份证，为此我们吵了40分钟才入住。打电话到派出所，派出所说没有证件就不能住。我们争辩说开了3个多小时车到地方，不让住有点说不过去，警察说这是规定。我们说希望你们警察帮忙，和北京核实一下身份，被生硬拒绝。最后酒店的一个服务生看见我们两个70岁以上的老人累得不行了，才办理入住，已是晚上11点半了。试问:拿着3个身份证开不了房，这承德还能去吗？2，房间不知为何评为携成4星。被子有烟味。设施陈旧。隔音不好。早餐水平比如家的十元的还差。服务员根本不够用，我自己收拾了一桌子，然后坐下吃饭。退房在没有人排队的情况下，用了20分钟，这样的酒店我可使用了610元/房。3，在携成提供的承德酒店列表中，这家酒店可能是最贵的，我本以为找一个好一点的酒店让父母住得高兴一点，看来是适得其反。希望携成在签酒店时还要多做考察，为携程的会员多作考虑。	只能使用配置的Type-C线进行充电而无法读写数据比如通讯录，部分功能隐藏且难以使用。
冷链配送，京东值得信赖。80的苹果大小正好，新鲜	刚到手需要Vista系统 自带的软件一大堆，感觉没什么用 硬盘没有分区 装了一个内存条，感觉速度还是慢	我终于知道了，这手机在来电话的时候，按下耳机上的按钮，是可以直接接通电话的，但是要按着不放，我现在是死按然后保持起码要1秒才能够成功接听，现在是刚刚习惯过来的，开始可是无比郁闷，以为耳机坏掉了，这可是新机！现在习惯了。这机子的耳机设计的最不人性化是，不能通过按通话键重拨上次拨过的电话号码，一定要打开手机翻盖，然后按手机上的上下方向键选择刚才已经拨过的号码，这样多麻烦，如果设计个直接重拨上次的电话多方便啊！	屏幕分辨率差，没有国产小品牌性价比高，包装也是破的。。。无力吐槽。
蒙牛出大瓶的yakurt，味道还不错！	我们的悲哀是：这些垃圾企业最后和蒙牛、伊利这些民族的耻辱一样屹力不倒	快递很好，只是电子产品还是在实体店买好，在网上买售后太慢了！哎	房间太小，设施很差，还贵
首先五维导航键的的手感反馈以及方向移动精确度都非常好，其次虽然键盘不大，但是手感非常舒适，定位也很准确，最后就是功能够强大。	孩子吃了说好吃，那我觉得应该真的好吃	洗发水不好用 洗了之后头好痒还有头屑	非常的不新鲜，不推荐在这里买水果，质量简直了......
有时候会卡，但是不知道是网卡还是平板卡，还有时候会打开微信有点久。正在用来煲新买的耳机	好像假的，好多头皮屑	这个膜垃圾的要死 完全对不起这个价格	差，有4个撞损，有一个有指甲扣烂。
运行流畅.上网快.华为不错.赞赞	除了有黑边较大，其他都满意。做工精细，音效很好，音量也大，游戏还没试，拍照效果满意，全金属外壳，高大上，续航也不错，50%电量视频|小时，音乐3小时，又待机了两天。先考虑小米2，光是小米2不能扩展就果断放弃，再说8寸的板子搞Win系统有意思吗。	哈哈，可以用很久了，送了三瓶小瓶装	太坑了，前两天88，这两天就69，价格变化也太大了吧
很不错，正品，使用后，效果蛮好，头发很顺，感谢京东给我们带来了方便，足不出户可以买到品牌产品，再次感谢！昨天订购，今天上午送到，物流超快，快递员送货上门，服务态度极好，给予全五星好评！	卖家态度很好，快递到揭阳大概一两天。裤子是买给我哥的，除了裤头有点紧，质量摸着挺舒服的。	小了点儿，不怎么甜。三个一起一斤左右吧。坑！！！！	比楼下百果园的水果还贵上百分之十左右
快递很给力，就是冲着京东快递买的	就是LINUX系统，不会用。USB只有两个，然后自带的驱动只支持VISTA，得自己到网上去下载。	买之前看评价有的买家说开箱是漏的 果然我也中奖了 再看后边商标贴的 哎 一分都不想给	很不满意的一次购物，首先拿到手，里面有几首歌，没开封的手机里怎么还有别人留下来的歌，电脑连WIFI信号不好，这不是什么WIFI不好，手机都能。还卡机，才一个星期不到，希望要买的小心了
老公选的，觉得还行吧。京东送货很快	"看这里大家都谈到刷机的话题比较多,我也谈些点个人观点： ( 1 ) 刷机到底有没有害处?刷机软件升级理解为,和电脑重新安装操作系统差不多吧,从WIN95、98到XP，漏洞少了、系统易用、稳定性都有很大提高。手机的软件升级也可以减少和修正一些BUG、稳定、运行速度加快等。 ( 2 ) A665刷A668的升级软件，个人理解为电脑32位硬件要安装64位操作系统一样，硬件不支持，假如能安装也不能使用。所以在硬件不改变,只是软件版本升级的情况下,A665增加一些功能如;菜单、快进、快退、保存、支持MP3以外其他更多音乐格式、更稳定少死机这些是做得到的。照相机的清晰度、MP3的音质想有多大的改善是不太现实的。就拿MP3来说，在MP3的放大电路方面，多数用户要求音量要大，但是本机喇叭直径又很小，音量大低音强，播放MP3时喇叭传出的声音肯定是破响，也非常耗电。所以在电路硬件上就得衰减低音，提升高音，现在反过来要通过软件提升低音，可谓收效甚微，很难。所以版本升级改变的也不会太明显。"	补充：大堂服务的人员太少，感觉不太像四星级酒店，早餐78一位，不知道是不是搞错，记得午餐只有38	卖家，请给我个解释，这针脚，这线头。。。。我不剪掉吧，难看，我剪掉吧，估计整个衣服都开线了。
一千个一万个好评，布料摸起来手感还是不错的，洗了一次之后并没有缩水和掉色的现象出现，给店家个五星的好评~希望店家继续加油哦么么扎！	活动之前买的没吹风机送，可惜了，其他还好	"标准大床间,面积较小.宽带每天20元(其他连锁店一般免费).床垫上只有很薄的床单有很硌的感觉.服务生年龄一般都很大,老油条服务,较差.步行到世纪公园站约5分钟.如果参观上海新展览中心而入住该店,性价比刚刚及格."	我买的全套，洗头有头皮屑，不知道我们一家人，是皮肤不行，还是你的产品不行。我在买一瓶香港的回来洗下看看。如果有头皮屑，就是我的皮肤问题，如果没有问题，就找你们官方。
发货速度超级快！晚上下单，一早就送货安装^_^试用一周，超级好。 客服人员超级有耐心解答每个问题，回复很及时。	苹果经常买，新鲜，拿到手还是冰冻的，果小核也小	特意用过了才来评价，没有以前用的顺滑，洗发水也很稀了，不知道是不是正品。还有包装也是都漏出来了，	裤子质量太差，布料没有图片上那么好
质量不错，外形好看，已经买了好多件了，这次看见活动买的，之前还有好几条新的没穿	酒店的位置不错，作为一家机场附近供旅客赶第二天飞机的酒店，最重要的服务应该是机场穿梭巴士服务了，但是今天早上很多客人就只有一个大巴，6点钟那一班我们挤不上去。我和朋友被迫打了个侯活的出租，60元到机场。 另外酒店的空调系统应该清洁下了，我都没怎么开，只敢开窗户，开窗户早班飞机又响。	刚买回来不到一个月就出现玩游戏卡死，反应迟钝过慢。。。暂时发现这问题，在用几个月看看，后期追加评论	糟糕的一次网购，吭爹！
"屏幕亮丽,上网.视频播放流畅稳定,用PowerDVD8.0播放外置DVD光驱中的蓝光碟也非常清晰流畅,这得益于9300GS。6芯电池保证3小时以上的使用时间,声音轻,发热量低。 到手后换了320G硬盘装XP很顺利,速度比Vista快多了,京东上购LCD保护膜自贴蛮难,手忙脚乱的,又购了一块键盘保护膜。HDMI输出音视没问题"	发货速度很快，用了两天，反应速度还可以，外观也还可以，通话还可以，就是发热问题控制的不好。	我买了才一个多月，感觉内存小，摄像头颜色不正，待机时间太短，原装电池充满一天就没电了，就输入法不好用	什么平板啊，发票都没有，像素差的不行，申请退货没人理，差劲死了，就这凑合的用的，
裤子很舒服，版型也挺好看，很好搭配衣服，穿着很好看，料子很舒服，买的挺宽松，物流也挺快，东西不错。	还没开始用，还不确定效果，另一款的买来用着还不错，是去油性的	"1.整体外观时尚大方,钢琴烤漆. 2.主流配置,DDRI3代内存.大大提升运行速度. 3.LED完美屏,亮度更高,更节能.使用寿命更长. 4.杜比声音,效果不错"	到手就有使用41小时！ 拆封刚好平板自动关机， 店家反应为出厂测试导致的使用时间！难道出厂测试是不关机的吗？外表有小瑕疵！
性价比高，LED屏幕比较省电，配置在相同价位中算是不错的。兼容性不错，创见和金士顿的内存都可以用。	京东速度快，包装好，质量比较有保障，一直用沙宣的洗发液，感觉还是不错的。	还可以，就是有点贵，再便宜点就好了．不过基本满意	就这个价格来说酒店已经非常好了。不过携程把地址写成以前的路名了，害得我的车载GPS把我往相反方向带了5KM，开到了一片待拆迁的地方，像个鬼街。把一车人都吓得不清。（当时是晚上9点多）。建议取消以前的地名，直接用现在的路名。
"目前景德镇最好的酒店,这次住的是358元的商务标间,房间和卫生间都比较宽敞,干净.但是国外的卫星电视节目只有NHK和CNN.两部小电梯在客人集中的时段要等很久.早餐的确很差."	看乐以后感觉是很傻的书，直接送给初中的小朋友了	面临着等半个月也不一定能收到货的风险，京东客服被我打电话催了多次的情况下，手机终于收到货，在这里要批评一下京东客服，在线客服根本都不会理你反馈的情况，当你打电话给客服，他们只会回复你要等一个星期，结果却等了半个月，最后通过投诉途径他们才会帮你解决问题。手机性能很好，外观很好看，拍照很给力，不过用电挺快的，不玩游戏也要一天一充，系统占用差不多10g的内存，要做好心里准备	我想跟华为说再见了～不解释
宝贝一如既往的好，这已经是第三台了，物流也很快	还可以，玩王者荣耀挺流畅的，期待未来的版本	苹果个子比较小，味道还可以；这次买的龙眼个小核大，而且果肉水分流失严重，外皮有些已经变干了，质量特别差，远没有第一次买的时候质量好	真的垃圾！！80mm，实际上只有70mm，tm的欺偏吧！！还坏了4个
前几天刚买了陕西洛川苹果，前天又抢购山东烟台苹果，想对比一下，那个口味更好。节日期间，送货仍这么快，昨天清早就送来了，送货员小蔡真辛苦!??	服务非常好，锦江大厨的口味也很好。吃饭时，在野兔煲里面发现一根兔子毛，我想看看这里是怎样处理的，就向服务员提出。服务员马上汇报，领班表示给重新做一份，并把菜放在我视线所及的范围内。直到重新做好菜并送上来后，才把原来的撤下。后来快吃完饭时，又在空心菜盘子里发现一个玉米粒大小的土块（泥块）。提出后，领班马上表示在给换一份，并一再致谦。看到他们的态度很好，并且我已经快吃饱了，就表示不需要。最后领班还表示多送一份水果，我谢绝了。就是电梯里面的灯有点暗，头顶像蚌珠一样有16盏灯，还是觉得有点阴森森的。顺便说一下，附近的蜀渔坊特别差，餐厅内热浪滚滚，仔细一看，原来是因为厨房没有门，热气全跑到餐厅来了。最恶心的是吃到一半，桌子上突然出现一只蟑螂，向我的碟子飞快的爬来。与店长交涉（等了他很长时间，他解释说很忙，也许有许多蟑螂...之类的需要管理），他竟然说：“活物是没法管的，就是卫生部门的人来了，也不会说什么。因为蟑螂不是在菜里面发现的。”我靠，难道他们还想卖红烧蟑螂不成？	自己开的，这个真的不如天毛超市，希望你们可以继续在这上面努力。	宾馆设施陈旧，卫生很差，被褥潮湿
现在的配送员怎么，老是说贵重物品多不方便送上来，下这么大雨还要自己下去拿……东西还可以	不多评价，看图片吧，臭的一晚上没怎么睡好，被子都是潮湿一股霉味，酒店有接驳车，但是只到1:30，我们1:40到的，只能打车，打车出租车一般都不爱拉，太近了，我们前面一对也是去同一个地方，司机不爱拉吵起来了，反正我们办好入住都没见她们到酒店，早上一大早就起床逃去机场了，根本没办法呼吸的房间	假货，洗完头皮屑特别多，头皮痒的厉害，真心坑死了，郁闷	不满意，码数不标准的，裤子又宽又大，颜色又不好
很好，一直都用这个牌子，味道不错，速度很快，快递小哥直接送到门口的，买套盒还多送了一小瓶	刚收到货，质量很好，物超所值，以后还来这家店买	奶制品一直是在京东买，主要是快递快，加个还可以，省的跑超市买，我老家的生活用品，电器，都是我在京东买的，快递基本上都是次日到，很方便希望京东以后也要注意一些细节，像包装就没某猫包装好	苹果太差了，以后再也不买这个了。
质量还行，屏幕开始有点不习惯，，看久了觉得很不错！！反正这个价格觉得很值！	屏幕清晰度好烂	想抵制日货，先抵制蒙牛先。。。	1、只有Dos系统，装Xp搞了我半天 2、外观部分颜色和所列图片不符 3、没有包
面料挺不错，穿就来挺舒服，很合身，物流也挺快	"外观很干净,很漂亮!!而且还支持mp3,竟然还是这么便宜的价钱!"	这个京东预期到达时间稍微有点延迟！收到后惊呆了！洗发水超级好闻！小瓶跟大瓶是一样的！还是以前用那个味道！很粘稠，不稀！就是有一点不好！邮寄的包装太对不起宝宝了！一个塑料的包装袋！宝宝好生气！??	哈哈，感觉还是可以，下次再来.
商品不错！已经是买第二台了！是给嫂子家买的！很满意！	1、位置：交通便利，距机场快线九龙站40港币车程，据铜锣湾时代广场80港币车程，海港城起步费车程；弥敦道步行即可，购物非常方便；2、环境：较为安静，适于居住；3、设施：维护较好，但设施已较旧，传统电视机；4、饮食：酒店早餐品种较多，令人惊喜；附近餐厅亦提供其他选择；5、服务：员工热情，主动；	机器到是可以，漂亮，耐用！	强烈要求蒙牛伊利三鹿执莅哎！ 。是这个理。 来自:http:t.cn/zYTaJ4D
618之前买的，说是保价，享受便宜价，结果618还是降价了。不过总的来说超值吧。两个750，两个100。以前经常用活力运动型，，现在换个樱花型用用，毕竟C罗也用清扬。不过到货的时候有点泄漏啊。	不错，物流也可以，毕竟这价格	不支持蓝牙红外，短信只有70个字，要精心对待不然就会死机，内存太小，网上很多的铃声游戏都不支持，没法从网上下载QQ软件	差评！联网真心不行！经常连不上网或者断网！手机卡WiFi都一样断网连不上
我买的是“亲子套票”。该酒店的硬件很好！房间的东西很新，而且很干净，不愧是国际品牌！对于楼下所说的那些抱怨问题，本人也碰到了。但都能很好地解决！在此建议大家在出发前多花点时间打电话和酒店预先沟通，就会减少麻烦！还能免费升级到行政楼层的海景房。	这本书最大的优点是所有的儿歌都很顺口，不是很长，一般读一两遍都可以背下来了，毕竟给宝宝念儿歌，一边念还要一边拿着书很不现实嘛；还有就是这些儿歌都有一定的教育意义，听得多了对宝宝的行为习惯还是有一定好处的。而这本书的缺点就是纸质不怎么好，被我宝宝（半岁）抓在手里一下就撕烂了，唉。	不到真的假的，就是越用头越痒，起头屑	超级大忽悠，色差大，质量差！！！
京东鲜果就是又快又新鲜 没有任何破损 买了四种水果 每种都满意	这是我买的第2件了，质量没有问题，夏天穿还是感觉有点厚，我认为比较适合秋天穿。	林语堂差不多写活了苏东坡，写出了一个有血有肉的苏东坡，一个绝世的天才，一个充满灵气的、可亲可爱的词人。读完这本书，一闭眼，感觉苏东坡就在眼前。似乎看到了他正在摇头晃脑的吟诗填词……但是有点遗憾的是，个人感觉翻译的不是很好。如果原本是林语堂用中文写的，那么一定更能表达出林语堂的本意。此外，林语堂用英语写原版，主要是面对的西方读者。有些问题可以更深入更全面一点	1.不显示短信数据统计，比如收件箱有多少，发件多少，草稿又又多少。2.查看短信时，不能直接上翻查看前一条、后翻查看后一条，必须跳出来一条一条看。3.默认的常用短句都是些废话，根本没用，还不能删，还放在最前面。4.输入法顺序是固定的，不可以调整优先顺序，每次默认都是“手写”优先；而且很多时候不能完全实现手写，有时要腾出手用键盘配合（比如标点符号的输入就必须用手按＃键去调用标点）。5.同一个标点符号居然有全角和半角两种，全角多占一格，根本就没用，不解...6.超小内存（实际空间1.7mb）导致拍照和录像空间都很不足。而且，这年头居然还用无声录像，才15秒，不知NEC怎么个定位消费的，起初高达三四千元呢？！幸好降价了...7.不够智能，只要退出拍摄功能重新进入，所有的上次设置参数都恢复默认，所以每次拍照都要设置半天，很麻烦。8.NEC内置的铃声都很弱智，数量又少；也是被玩家骂遍了的缺少MP3铃声的问题，我个人对这方面没什么要求——我向来不大关心过于炫的功能。
多次购买了，一如既往的好吃啊。	京东的发货速度和送货速度真心没得说！！！真快！！！    下午下单，次日下午就送到我这里的农村了！！！    帮别人买的，不知道味道如何。。。。。。    越来越觉得钻石会员和普通会员真心，没有区别?都是同等条件下才可以免运费，超重居然还要续费！！！	提货处试机时，第一次开机时按电源好几次，也等了很久，才突然自己启动，不知是什么原因；无调制解调器，虽然用的机会不多，但是偶尔需要传真时很好用；Y430有配鼠标，这个居然连鼠标也省了	服务非常差，服务特差
"这次有朋友来上海玩,我想离我家近点,所以就选择了粤海酒店。在携程网上有看到酒店的电子实景图，感觉酒店不错。为了实地感受一下，我还特地去酒店看了一下，还真是那么回事。帮朋友订了一间大床房，558的房价倒是不贵，朋友住下来的感觉也挺好。"	用到现在还不错。第一个买了不到一个月就被偷了。这次买的的侧面按键不怎么灵敏。其他还是不错的。看电影玩不错。	酒店地理位置比较好，交通非常便利。美中不足的是设施和服务希望更好些，虽然酒店比较老，但是还是需要与时俱进。	"不错的酒店,不过个别房间窗户只有一半,非常压抑.住了第二天赶紧换掉了.游泳池值得一去,比起一般的酒店,这个算是比较大了.不过要走过一小片健身区,路比较滑.有服务生一直在擦干,很辛苦,值得表扬.房价合理,还是值得住的."
质量不错，价格也合适，裤型也很满意。	老公很满意，说又实惠质量又好！不错！大家可以看看图	物流慢。这么久以来最不爽的购物！	不满意，与图片相差不多，太丑了。我都要求退货了，但是这么多天理都没人理。建议各位网友慎买这家货。
上网速度快，看电影不错，屏幕清晰，运行流畅，音质好。	我的2电2充带耳机和数据线、光盘，和诺基亚的那些小朋友的玩具相比功能太舒服了，适合商务人士使用，功能强大，可以当半个笔记本电脑用了，方便。	这个东西我刚买没多久就降价，反正价格也是贵，效果也就那样	太坑了，一次买了好多种东西，不一起送，让一个一个去取，还能再坑点吗，用得着这样折腾人嘛
不错的酒店。每次去泉州都住的。早餐很丰盛。门口有大巴车站，交通方便。（但是大巴是中旅的，习惯很差，喜欢在市区兜来兜去到处接客，从一个站到另一个站，非常耽误时间。商务客人最好去中心站坐车）	清晰度不好，触屏还必须使劲，真是一分钱一分货啊，肠子都毁青了。	时间怎么不自动更新我晕了，还卡的很，感觉不咋个样，	都是五分 但是唯独给个一分，是因为质量，同样是活动海飞丝甩他十条街(质量) 下次绝不再买清扬，希望不要在一直顶着二手懂这个光环
看过不少点评，这是第一次在携程上自己做点评，因为以前基本上没有订过酒店或机票，算是初用者。有人说好，有人说不好，但我看到大家指出这家宾馆的硬件不错，所以就选了它。去之前还有点担心呢。它位于市中心，若按郑州的古城墙的范畴来看，应该是在城内，要知道以前的城都不像现在这么大的。不过，现在的二七广场成了主角了。小浪底宾馆大楼在一堆高楼之间，建筑蛮特别的，比较以高制胜的大厦而言，似乎看上去给人一点不够宏伟的感觉。但是，走近大堂，服务员的温婉明眸一下子让略显暗色的空间亮了不少，check-in很快，网络上预定的价格也很不错，虽然我们本来是想找那种从七八百降到三百左右的房间，事实证明这间宾馆本身要价不算很高（我们住的普通标间大堂标价488）。最让人兴奋的还是诺大的房间，它的空间是配得上四星，设施也很不错，我们预定了两个房间，连经常出差住过很多酒店有国际标准的老师都说它够水准，尽管还有一些需要加强的，但是对于四星来说，基本的东西都做到了，而且服务也好。晚上我打电话要转换插头，服务员都很快的送来了。不过，似乎房间里没有snack bar和免费水果送哦。呵呵	只想说屏幕不直，在也不相信500强了，真坑，都换了两个都那样，同志们看下自己的都直不直啊	"太差,根本达不到5星标准,房间旧装修很久的了,桌子都是坏的,唯一的是宾馆里的环境还可以,标准间里就太糟糕了"	真不知道是怎么回事，发来的根本和拍的不一样！而且也没有发膜，和第一次购买的完全不一样！
不错，面料很不错，质量不错，以后会多关注	情节设计很能抓住孩子，6岁的孩子不仅让大人讲了又讲，还自己主动讲给好朋友听。绘画效果也还可以接受。孩子在无意间浏览了各个时期风格迥异的名画。美中不足的就是一套书中不同本的情节设计没什么差别，只是名画的年代或风格不同。遗憾的是为什么没有中国人的精美绘本，从创意、文字到绘画，好作品都是外来的，文化品位也是外来的，下一代都喝洋奶了，本民族的养分谁来继承？？！！！	包装不错，果子能吃，但酸度比较高。吃的时候还好，吃完了嘴巴里一股酸味。应该不是烟台苹果，烟台的吃完了嘴巴里是甜味。	想退货也不行，装软件也装不上
配送太慢太慢，做工一般	"就是纸张较厚又锋利,我小孩第一次看就被书弄破了手,晕死.........出版社没有一点安全意识!!!"	穿在身上脖子感觉有刺，不舒服，有上当受骗的感觉，物流倒很快	我也是秒杀里买的，为啥是*结果到手还没拆封，直接就降价到*有内存卡也是，*活动价，结果也变成*。。。你们这也太不保价了吧？还是说我直接退货重新下单呢。。。
买回来觉得还是挺不错的，这个价位就可以买到这么多东西，真是划算。	周边无吃的，吃货的地狱	刚买来吃着还好 过2天吃就一点都不脆了	洗了头很痒，充分怀疑质量有问题
质量不错，颜色我比较喜欢，听了客服的建议，大小合适，希望快递下次再快点	裤子收到了，快递速度不是很理想，可能是雾霾的原因！质量还是很好，只是颜色不是很黑！	太慢了，等了一个多星期	才用几天就屏幕失灵了，便宜没好货、玩游戏不行、还死机
大品牌就是不一样，运行流畅，声音澎湃	鄙视蒙牛鄙视中粮鄙视宁高宁	一句话形容吧：真TM是日了狗	严重差评！！！！！！！WiFi信号不稳定，下了三个软件，两个不好用，一打开就是说网络无法链接，可是我手机，我家电脑都好用，我关机试了，卸载重新下试了，就是一会有网络一会没有，可是两个手机却都有，我找客服，客服都不理我！！我真的是非常无语！！！！以后绝对不会再到京东购买！！而且绝对不会在购买华为！！！线上根本没有保障。我觉得想买的还是去下线吧，真的是太让人无语了。
套装很划算，日期也非常新鲜，小哥送货到家，态度很好！	ok，挺不错了	东西不错是正品，就是这京东的客服太差了，我要买的是中干性发质的，没注意买成了油性的。一直联系客服都没用，就这样凑合着用吧！退换货麻烦	我怀疑是二手货，一个是没有贴进网许可证，二是贴着屏保，不知道出厂就是这情况还是之前的买家贴的屏保。还有就是金色太丑了。
东西很划算，还有赠品，沙宣大品牌，值得信赖!	入住豪华房，房间很大，但是有些设施显得有些陈旧。拖鞋很舒服。淋浴房漏水。还送水果，很不错。酒店的送餐不错，价格不算贵，量也挺多，味道也不错。check out的速度很慢！	总体环境不错 服务也很好 细节上处理的不错	VISTA游戏真的很慢！！！开心玩偷菜都偷不到！！！ 用了10天还是换了XP
一直喜欢吃苹果，连续购买好几次了，脆甜，新鲜。下次还会光顾。	不错不错，比平时在路边水果店买的大多数要好，新鲜汁多，感觉刚从冷库拿出来的，好好好	苹果小得就好像野生苹果一样一样的，也就两块来斤那种，只适合喂猪	设施陈旧，没有网络，Wi-Fi也上不去，客房的服务员也够懒得，要啥只会讲没有。
这本书太棒了，第一本是在新华书店买的，虽然很贵，但是很好。作者用感情写大自然，读者也仿佛就是田野里的一只小动物，身临其境之感，而且，文笔优美，知识性、趣味性、文学性，都有了，后来给孩子买了全套书，孩子爱不释手。可以从7岁妈妈给解读，一直到18岁的孩子都能看。了解大自然，爱护动物，了解他们的生活，更加爱他们。	影响效果非常好，屏幕色彩艳丽，大小也合适，适合躺床上玩，看视频。玩游戏的话也不错，不过累点，没手机舒服。电量续航很久的。	价格实惠 ，味道还可以，物流给力	"整体环境不错,很干净,但叫花园饭店还有差距,绿化园景没则么看到,室内没有迷你吧(在四星级酒店不应该),两双拖鞋不同型号,一双有红边,一双没有,不协调,住在一楼,窗前一直有饭店人员走动(特别是中午),没有私密感,不敢开窗,配套服务很不错,但人手太少,我们两个人想去去洗个头,但只有一名服务人员,我只能回房自己洗.总体较满意,CHECK IN"
是正品，东西不错，包装好，值得购买	里面的设施还不错，地段也可以。会考虑下次入住。不过在人性化设置上要予以改善。宾馆反馈 2008年7月10日 ： 感谢您入住世纪大饭店和给我们提出的宝贵改进意见。在今后的服务中我们会不断改进，同时针对每位客人给我们提出的人性化建议进行改进，不断提高。 河北世纪大饭店本着一切为客人着想的原则，为您提供更加细致入微的服务！	怎么我刚才差评会不见了呢？？？	在你家买个手机、耳塞都没有、差评
京东快递的速度很快，平板很好用，经济又实惠	不甜带点酸味，还有磕碰伤的，之前买过甜脆的，所以再来，结果不满意。	什么玩意啊 稀碎啊 跟二手货似的	白边出现鼓包，并有裂痕，，希望这是华为的个例，，我一直用华为手机，帮亲朋也买华为手机，性价比很高，值得信赖。但这次还是给差评，因为换货周期长，先退货了，赠品也要退，现在买，不是耳机赠品。
有品牌优势，做工细致 2 CPU散热好，声音小 3 USB接口左右均有，设计较合理 4 键盘较舒适 5 附送1G内存	不错，质量好，穿着舒服也好看。穿着很精神。	苹果包装不赖，有点像礼盒，免除压损	假货，味道根以前不一样，而且不爱起泡
悲观的人不适合看，会产生厌世情绪。	当初看这本书是因为好奇。也是因为自己也是做广告的。希望可以从里面学点什么来。看完后。说实话刚开始没有什么感想。就像我看完了其他任何一本言情小说，玄幻小说一类的。在想想。这书写的太幸运了。对于女主人的幸运。不是所有的人都能和朋友在一个城市里瞎混，更没有一个青梅竹马的朋友能长久的在你身边陪伴。偶尔有他们的电话短信就要痛哭零涕了。	价钱浮动太大，打着双十一旗号欺骗顾客，很不满意	好失望的施华寇 味道很难闻，洗完头发痒死了，还有好多的头皮屑。再也不购买了
包装好，快递快，第2天就送过来了，这是非常好的！吃起来味道不错，爽爽脆弱的，甜味合适，这口感好！但是秒杀的却有三个摔地上的淤伤。	味道不如上次的好了，水分不足了，有点酸！	洗头膏是假的，不是真货，怎么投诉商家？低仿得！不会再买了！	房间非常的差，地毯都长毛了，最主要住机场酒店就为了赶早班机方便，但是他们却没有早班机的大吧，大家千万别住，住了就后悔。
苹果个头均匀大味道不错多次购买了质量没问题	试一下这个苹果。清甜爽脆。还可以。	环境很好，冰泉泳场的水很清凉干净，是山上流下来的溪水，天神沟探险比较刺激，要走钢丝，过铁索桥，美中不足携程提供的自驾路线不详细，导致我们在三水绕了一个大弯才找到321国道。	还好吧，就是膜不怎么样。，，还有就是没有耳机
这款裤子质量就是好，做工很精细，也不褪色。物流也快，店家服务态度也好，值得信赖！	废话有点多，见怪莫怪哈！见谅！总之看上了就买吧，不会后悔的！	我收到都坏了，刚收到，打开一看全坏了	各位亲，大概四五年前我开始用施华寇的商品。虽然洗头发的时候感觉护法素特别不容易清洗，但是洗后头发特别滋润，柔顺，所以一直都在超市买施华寇的洗发水和护法素用。最近为了省事，我在京东上买了这款，因为觉得好用，所以就买的组合装，而且因为是京东自营，所以根本没想过会不会是假货。但凭我多年使用的经验，这件商品绝对是假的！！特别是润发乳！首先，没那么粘稠了，关键是抹了很多在头上，还是没有润滑的感觉，清洗也比以前容易的多。尽管容易清洗，但却没有以前那种效果了！所以，我以人格担保，是假货！假货！
虽然还没吃，但一看就是脆的。苹果很不错，包装也完整。	房间里有电脑，虽然房间的条件略显简陋，但环境、服务还有饭菜都还是很不错的。如果下次去无锡，我还是会选择这里的。	第二次来了，这电热水器真的不错	平板收到了，超级不爽，包装摔成了这样，箱子里面就一个包装盒，连一点填充物都没有，幸好机子没摔坏
裤子昨天就收到了，今天特意洗了一下才来评论。裤子质量不错，不掉色，结实。老公说穿着很舒服，没有线头问题。老公稍稍有点瘦，所以穿这个码是可以的。	"城市不错,房间也很好,很大的房间和床,就是前台服务不是很及时."	非常不满意，实在太差了，蓝色都掉	破手机 刚买的就卡成狗了 我说换成别的 客服总是有很多理由
挺不错的，快递小哥特别负责，苹果上午送家去了，家里尝了一个全给宝宝蒸果泥了吃完再来	很臭   但是大多都是说中国人的中式英文有点耻辱。	第一次买还可以，今天是第二次，苹果一股味道，我承认是价格是便宜，那也不能这样糊弄人啊	"我买这本书感觉被骗了.什么公平定律,实际就是他的发家史.唉,没有意思."
很好，还没用，物流一如既往的快和准时，赞赞赞赞赞赞！！！！！	刚到手，包装很不错，产品看着很新，就是找不到生产日期。	夜晚到了酒店那么累还要找房间是件很痛苦的事情！房间太他奶奶的多了，是不是仓库改建的？指示不够清晰！	枣有打折，布料起毛，裤子只值*明显的自制裤子加的别人吊牌，退货麻烦，算了，后来者切记
个人认为对人物刻画比较细致和真实，身在官场中的人可以看一看，也并非没有可取之处。其中深意只可意会不可言传了。虽然这样说，仍然觉得看起来心情会比较不那么轻松，可能与自己有点悲观主义有关系。这种书看看无妨，至于有的人说里面情节假什么的，我倒觉得，大可不必深究，对于其中情节，也不必对号入座。至于其中值得学习之处，也是各人拿来各人用	裤子上有很多线头没剪	不是说生姜的吗？为什么一点生姜的味道都没有	再也不买自营的水果了。太小。和图片差别非常大。色泽口感都不好。差劲！！
这家酒店还不错，房间比较干净，服务也还不错，性价比较高，推荐！	京东618活动买的，超级划算的！比在超市买的便宜好多	质量还保持，价格也保持，多次购买。	裤子是不错的，但是大小不合适，我明明仔细对比过各种参数，这个裤子的码数偏小1个号。
味道不错，好吃啊，苹果正宗，味道不错，好吃啊，苹果正宗，味道不错，好吃啊，苹果正宗，	房间很大，可以和家里的媲美。进门就有种家的感觉，有衣物间，还有厨房。房间不大，但是客厅很大，很舒服。下次去还会选择这里。补充点评 2008年7月2日 ： 地理位置不是最好，有点不方便。前台小姐服务很好。	不错，我喜欢	洗了头又痒，头屑又多。
穿着很舒服，很修身，大小也很合适，很满意的一次购物。	非常好吃，味道不错，正味喜欢吃！京东自营商品正，还要继续买	还行吧，挺新鲜的，不过个头不大，没觉得便宜	垃圾服务员，挂我电话！
这水果包装很好，打开吃也很甜甜的，虽然贵一点，吃起来甜的不觉得贵了	用了一下感觉特清爽，下次继续，	近鹅岭公园是个很大的优势，算是闹中取静吧，但是作为豪生管理却显得员工培训一般般，亟待改进	卫生间有烟头，烟灰，比想象的要差很多，早餐品种太少，房间很旧，性价比差，环境还行。服务也不错
且不提它的字和画的排版，看起来那么舒服，光是那纸张摸着都觉得感觉很好。很久就知道有这本书了，这回是想送给朋友的孩子才买的，送之前自己就先看了。这一看不要紧，居然让我看着看着感触颇多，而且不知道该用什么语言来描述自己的感动和感悟，我只知道，看完一遍居然有一种心灵被洗涤了一次的感觉。但愿所有的人都能从书中得到最美的享受并唤起自己心灵深处的那份淳朴的不加修饰的真善美！如果那样的话，我们的社会一定会更加宽容和谐。	第一次网上买苹果，看来还是去水果摊自己挑的好，这个跟超市买3、4块钱一斤的没差别，不过也没有坏的，凑合吃	水果不新鲜，这么热的天，连冰袋都省了。不敢恭维	一颗星都不想给，衣服洗了一次，两个袖子下面的线就开了
裤子质量很好，这个价钱能买到这质量的裤子，真的是超值。做工完美，无论缝线还是质量上都很好。完美的一次购物。下次有需要定再来你家。	入住很多次了都忘记点评了.现在全部补上.从去年底开始基本每个月都去两三天的.	分辨率太低了	东西没有收到.我也没有看到…。给了钱？没有货.也不.这个东西都不知道什么时候买的.反正没有送到我手上..莫名其妙的.交易完成了.也不退钱给我
感恩不在于形式，重要的是心意。清晨，在茶几上为老爸、老妈准备一盒金典奶；出门前，细心叮嘱爸妈：“多注意身体”，对他们而言，反而更幸福美好。	包装盒子不是太好，送人不怎么合适，东西还是不错的	这次买的洗头之后起老多头皮屑了，怀疑是假的	完全不值一百多的价格，还什么南极人。就是街上便宜货！我穿着放线上班的，都比这个强。7块多的垃圾，和这个差不多！沾一些和灰，毛一看就是低端的！一点形象都没有！
很好，屏幕很大，就是相机识别率不高，反正也不拍照，给婆婆看电视用足足够了	"苹果非常新鲜,京东直采自营值得信任，因为是预定，所以送货周期长了些。"	蒙牛始终是个不诚实的企业 以后蒙牛也不敢喝了	骗人的他md，说买三件送内裤的，都没送，衣服质量也不怎么样，我朋友八块多买的都比这好，都别上当了，最多值5员
1、样子还算漂亮； 2、性价比还算是比较高的； 3、屏幕很好，亮度够；	京东忠实粉丝，超市就在家门口我也不去，就是要在京东买！！！	质量差，不建议购买	"救命呀，遇到黑店了,房间小而且脏呀,服务态度也差(员工都是上海人，没有客人的时候保安,前台服务员都坐在一起聊天),天拉!怎么给推荐这种酒店呀!"
很不错的平板。。。基本上满足需求，该兼容的软件也都兼容了，不像小米平板3真的不好用！	蒙牛广告开始走温情高端路线了。	但是感觉手写识别能力差，听筒声音比较小，而且我这个充不上电时好时坏，别人也帮不上忙只能自求多福了	有一个明显的坏的 发货没有仔细检查
搞活动买的，2件7折，挺合适！！！	蒙牛，你的牛奶有用处了，不怕抵制了。	男人不好用，稍微有点厚了，屏幕的清晰度比起其他品牌要差了一点，机身上鼠标的按键手感不好，1024X600的显示率用起来还是小了一些，玩游戏很不爽!	太坑人，买五箱，大多数1个不到0.7kg，明险是欺诈消费者。大家别上当。附张照片大家看。
1.装的Vista？有时候会蓝屏显示bad pool caller不知到怎么回事？有没有大哥有解决的方法？ 2.磨具有点粗糙。	短信息容量小，只有15条，平常不得不删除一些有用的短信息！不支持短信群发功能！内置游戏没有意思！没有最常用的GPRS功能！没有JAVA或数据传真功能，无法下载和传输任何音乐和游戏！	真实气死我了，大家不要在这家店铺买了	手机是帮同事买的，给一星完全是是因为包装！下大雨，配送的时候就是一个纸盒，里面是手机的包装盒，京东就特么的差一个塑料袋？！收到后，手机包装盒都湿了，还好手机没进水！还有，刚买一天就特么的掉价，京东也是没谁了！唯一的好评给快递小哥，下雨辛苦了！京东，垃圾！
很不错，很新鲜，老顾客了，买了很多次了，配送也很快，送过来有的还有冰袋。保鲜不错，很赞？	买家印象颜色好看做工精细比官网便宜无色差原装正品	离机场附近 无法选择	真的很失望。包装虽然是完整的，但是屏幕上有指印，还有被胡乱擦过的痕迹，看起来非常恶心，不知道是出厂问题还是京东的问题。东西没有用，扔到一边了，怀疑根本不是新品。失望。
这套书当真可以说是我的中国革命史启蒙教材。以前虽说也学过好多次'，但始终让我无法提起兴趣。这套书写得非常吸引人，很多以前一直比较困惑的问题都得到了解答，看来不管学习什么知识，兴趣的确重要，如果在学习知识的同时阅读一些相关的书籍（最好是趣味性的，但不要胡说八道那种），确实会对更深刻的了解所学知识有很大帮助。这本书用对比的手法为我们展示了毛泽东和蒋介石不同的领袖风采。新颖！	且试天下，众生在目，每个事的主角，雕刻地如此真实和感性；而每个故事情节，渲染地如此真挚而动人，没有华丽丽的辞藻，只有行文如流水的平淡和畅快，看了太多假意的精致文章，反而觉得这样的作品才是最弥足珍贵的精品。很欣赏这本书，一页一页翻过，就像翻开这代人的历史，翻开他们的故事，翻开而心底角落里的纯然的感动和朴真。我喜欢安哥写作的态度，我也喜欢这本书给我的念想，意味深长。	设施简陋，电源插座在写字台下边的墙上，需要客人爬到桌子下边后拔掉其他电器插座才能给手机充电，房间内很潮湿，霉味很大，要不是第二天早上赶飞机，绝对不会住到这，感觉十分难将就	送的梳子是坏的，拍照跟客服反应了，客服让我把所有货物发回去，他们在重新发过来， 真是浪费时间浪费人力，直接给我发一个不就行了吗？？送的东西都是坏的买的应该也不是多好，沙宣标识是贴纸贴出来的 超市里的标是刻上去的。。。
这是一次很愉快的购物经历，裤子的质量也很好，很适合他，快递很快，客服服务态度也很好，有需要会再来的～。	京东618活动买的，价格非常给力。就是送的慢了些。	感觉还不错，我一次买了两条，大小很合适	装修很旧，电视机还是显像管的，房价也不便宜，根本达不到4星标准。
看到做活动就买了，蛮实惠的。	这个苹果最好啦，没有打蜡，很脆很甜，个头也还不错，价格稍微高了一点点吧	哎，看一遍就差不多了，谁想要转送给谁啦，偶是武汉的，需要的联系我呗qq42950063	从武汉发货到随州用了九天，我真的是服！再也不在这里买东西了
因为看了中央少儿的这个动画片，儿子天天嚷着要看，可是电视的节目总要更换的。幸亏在当当网发现了这套书！真是感谢啊！！这套书儿子当做宝贝，几乎每天都缠着我给他讲小火车的故事，而且认识里面所有的小火车，有时候我都不能分辨哪个是爱德华哪个是托马斯，他却一眼就能认出来。邻居家的小孩来我家玩，也很喜欢，看样子这套书神的小朋友的喜爱啊！不错不错!!	凑单买的，京东物流就是快上午下单，下午就到了	不记得买过这本书了，可能是没有看的缘故？反正不记得买这个了。	配送员极度不负责任，未送货到家，且货物随处放置中途点
给男朋友买的，质量不错，用这个钱买太划算了，去实体店得一百多呢，给好评，希望店家生意兴隆，快递服务也不错哦。	蒙牛这次的活动非常有创意点滴幸福美好瞬间感染了偶‘瘦小’滴心灵	蒙牛真的很敬业啊 2月30号还加班加点！	地摊*，一水的衣服，当时就要求退款了，还是给发过来了。
清扬男士去屑洗发露好用，很喜欢！	以前，首信的牌子挺响的，现在好象不行了。不过V859，我还是很喜欢它，它的功能比较接近时尚，双屏了，百万像素拍照摄像头了，还有多种闹钟……	不带光驱，LINUX换XP有点吃力，需要做个U盘启动 屏幕太小，男同胞可能看不习惯	样子很好，只是布料不咋地
满意满意满意！！！大家都说很好看，穿着也很舒服呢，超级赞，值得购买，诚心推荐！！！	哇哈哈，这杯蒙牛雪糕咖啡味道不错！@汕头小顽童	感觉挺便宜的，但是没超市买的这么好，洗了没那么清爽，洗了不到一天就油了，郁闷	包装怎么就一个纸盒，而且不是翻盖式的，和留言的翻盖式纸盒，以及还有吸塑盒不一样呀？是假货？
很好吃，实惠，包装保护没有碰坏，很好！	非常满意，性价比高！很好的一次网购	好水果，可惜不新鲜，有臭味，生鲜水果重要的是鲜，革命尚未成功，同志还需努力	"个人感觉：1、条件差，房间小。2、服务不到位。钥匙老是需要到大堂刷卡。3、楼下是KTV,很吵。总体感觉：便宜没好货。边上的星宇大酒店真的是物超所值。"
这个是真好，夏天用很清爽，活动买的超级划算，我是干性发质用起来太赞了，推荐	洗头膏回来了，非常好，并且物流特别的快，主要是挺好用的，下一次还来购买	开箱一股泥臭味，苹果上有黑泥脏死了，形状怪异不规格，洗干净看到有烂的，吃了个味道一般，沙果，整体不满意。	“差“就一个字！以后再也不去这里了。价格还贵的离谱，感觉被坑了。
给老人买的生日礼物，屏大，待机时间长，老人喜欢！	东西收到了，物流真给力， 一次性把一年份的买了	质量不错，但是尺码偏小，商品介绍是120～140斤可以穿但是我才130斤穿在身上有点小，不想退了，说给别人了。	假货，真的太假了，跟我在专卖店买的差太多，做了比较，是假货，头发洗的一点效果没有，再也不相信京东
有人问，保证是正品吧！ 必须滴 ，根本就不用怀疑。一直信赖京东，头天下单，二天早上就到！	质量不错穿上很合适满意。	显示器盖子有点往外凸，合不严。有点扭曲的感觉。盖子外表面用手触摸，有凸凹的感觉。 有托板很松动，好像要掉下来一样。 反正做工不是很好啦！	掉色太厉害了！穿完腿上都是颜料！
这个裤子上身效果很棒，穿上很时尚，料子也很好，好评好评好评！！！！！！！下次还会光顾	价格实惠 家用实惠装啊 活动购买的 很满意的一次网购 家里人很喜欢用这个 好评 有机会再来了	双核独显，商务机，性价比不错，值得购买，放在家里上上网挺不错的	垃圾的平板电脑，正在看视频两分钟就黑屏了！系统有很严重的问题阿！
一下子买了2台，同事一台自己一台。。。总体感觉还不错。。电池耐用，屏幕好，键盘好用。	我想说，这是真正的经典。离奇的情节，完美的文字，无果的结局，青春的回忆。和且听风聆比，它情节更饱和，伤情更含蓄了。和挪威的森林比，它更悠长，更值得回味。：） ， 不是中年人，怕是读不深，但应该也能一口气读下去；如果没有读过很多本村上的书，怕是比较不了。好书，建议你可以买2本，一本自己读，一本留给你的下一辈读，或是送给心爱的人，比如告诉她，她就是你的弹子球。	看了1/3的内容了，感觉都是摘抄别书内容，没有什么自身美容经验之谈，凑字赚钱的嫌疑较大。	没有送膜和外壳，根本不是套装
最初读是在小学的时候，看了一遍心中不禁澎湃万分，却只是儿时对英雄的向往；初中时又重读了一遍，初步认识了什么是人间的善与恶、赏与罚；高中忙于考大学虽无暇顾及，但在紧张之余却可拿来玩味；现如今上了大学，时间重新多了起来，买来一本仿佛回到了少年，却又能用更加成熟的心态去审视、品研——MY LOVE!!!不管是印刷还是排版都很好，我看你这字体很不错，紧凑但不拥挤，看着不费力的。	优点：位置佳，房间大，网速快缺点：不太清洁(卫生间及餐厅地上均发现小强)，整理房间方面有些疏忽(沐浴液用光没补充、热水壶内的水已有一段时间无清理)，外面比较嘈杂但房间隔音差，离开办生续时用了20分钟。	只说两个字，垃圾	很不满意、第一次买的很好、所以才买第二次的、结果第二次送过来个头不仅小了、还不好吃、为什么会出现这种情况、因为第一次买的时候很好、才买的第二次、第二次送过来的竟然这种情况
把过去的浮华世事写得很精彩，能作为一本古代浪漫普及的书。不过作者本人见解再独到，终究有偏于历史，过于个人化，缺乏史料支持。喜欢诗词的人，真是一本很不错的书，遣词唯美淡雅，清丽而丝丝入扣，融入了深深的感情。基调大多是悲哀的，叙述着在那远远过去惊心动魄的爱情，心酸悲凉，用古典诗词带你步入古人的世界。	"酒店地段不错,在市中心交通购物都很方便.整体感受服务很周到,刚进酒店前台员工便送来冰爽的冷饮说是赠送的.到房间后大堂副理打电话亲自询问入住情况,还给我介绍携程客人可以享受下午茶和洗衣服等服务,感觉很亲切,还赠送了水果.下次来厦门我还会选择这家酒店!"	早餐一般。2次去住都碰上有会议，看起来酒店生意很好啊。	"一开始还挺感兴趣,后来觉得没意思,觉得她思考的东西,看问题的角度,特别不适合我"
物美价廉，穿着合适纯棉面料穿着非常舒服	保证游戏流畅下：中画质跑pes2009，低画质跑使命召唤5，高画质跑孢子	买了不到两天，就降价，当时还是秒杀价。。	很失望的一次购物，第一次给京东差评，打开外包装箱里面一点保护措施都没有，弄的纸箱内都溢出的洗发水，并且洗发水瓶的按压头都是放松打开的《如图片》，当晚使用了一次，一丁点生姜的味也没有，一丁点儿辣的感觉也没有，应该是买到伪劣产品了。以后再也不会再在京东买洗护产品了，以前对京东产品的信赖，荡然无存。
苹果真的很好吃，甜脆的，大小正适合。满意。京东自营就是快。到家还很湿润呢。	房间面积蛮大的，我住的普通房的洗手间设施稍显陈旧，但是很干净，看了一下商务房，是后装修的，很不错。网络偶尔不稳定，可能是插头的地方有点松，稳定的时候下载速度超级快，爽的！早餐中规中矩，还行。靠马路的房间没有入住，不清楚情况，不靠马路的这边很安静。可以订火车票，手续费收的不高，很方便。	屏幕上有一个坏点，不过影响不大；电池的确不禁用，也就是一个多小时；散热还可以吧，键盘右下侧有点热。	买的是2个多大的，给我发的是3个小的，太坑了吧
苹果酸甜可口，大小适中，好吃。	外面环境和门厅走廊还好 但房间没有窗 屋内有柱 住起来不舒服。	真实在 取消订单了都把货发来了	前台服务人员素质太低，打工心态，酒店冬天冷气召开，关不上，被子却很薄，无语
爱脸面必备。这款味道蛮好的。奶味很纯。护肤必须。最佳吃酸奶的时间是晚上。但在明媚的早晨，配一杯蒙牛纯甄酸奶是很文艺的嘎嘎	这包装立不住，得一直躺着，好不习惯	电梯太慢，需要等很长时间才能上下楼一次。房间门卡进门也不方便，需要试很多次才能把门打开。条件太一般！携程房价与前台价完全一致。	垃圾 掉色的洗了这么多次还掉色 对不起这个价钱啊
"房间每天都有免费水果赠送,这一点比较好.还有好多书籍和摄影著作摆在房间里,据说都是合庆董事长自己编写拍摄的,太有才了."	包装好，送货快，还没有用，等用了再来评价	一直买这个牌子，这次的没有以前买的好，这次又小又丑，还难吃，难道以次充好	买来送人的，没想到说包装的袋子是臭的。最糟糕的一次网购，在一个，送货员把号码给搞错啦，怎么给好评
快递很快，正在调试阶段，比较轻薄，有质感。就是不知道耗电量怎么样。	一分钱一分货，说实话真是挺垃圾的，做工也差，按键都松动了，屏幕触摸也不灵敏，垃圾	刚到前台，那服务态度，简直像大姐一样，态度还能再差一点吗？房间无线网不好用，给总机打电话，总机一点不耐烦的样子…你们的服务员是不是都让客人有种爱住不住 不住就走的感觉？	口感差、个头小、味道算。我要给差评。我算京东的忠实客户了。很少给差评。
离海边很近，但是房间的装修已经不是很新（海景房，1号楼），老式的宾馆，老式的服务。适合要求方便，但对房间设施不挑剔，要求不是太高的朋友补充点评 2006年9月3日 ： 比较过分的是所谓“海景房”（还要多加90元的）外面竟然首先是个堆放垃圾桶、扫把、拖把和打扫卫生者晾晒裤子的晒台，之后是个树林，再远处才是海，不知道这样的房间叫“海景房”合适不合适？；房间内霉味较重，打开窗户跑味半天时间也用处不大，个别墙壁角落处有霉点；床单、被褥的洁净程度很一般，比小旅馆还是要强，床看起来不是很平，但是睡着还凑活；枕套两套，上面的还算白（但是有洗不掉的污迹），下面稍灰；刚进入房间后不满霉味和所谓“海景”提出换房，当值的中年男人推诿多次无果，答应有退房的换，后来竟然告知一天都没有人退房。管理水平很一般，当然是和类似的小地方比，办手续的速度很慢，前台电脑里没有管理系统，竟然用的是word，好歹用个excel吧！这种管理落后的宾馆建议ctrip除名，要不以后怎么让人相信你们？	洗发水感觉可以，就是不知道是洗发水还是护发素不好，洗了头发一点不顺，打结，还毛毛躁躁的，我头发本身是很顺滑的，洗了这个过后惨不忍睹。	晚上几小时无热水洗澡，小洒店不如！贪平中伏！中伏！	垃圾货**的说是秋冬裤厚的，谁知道寄来裤子跟纸那样薄，颜色跟图也不一样，寄过来裤子颜色就跟街路边卖*一条一样，丑得要吐，**，下一个买裤的朋友最好不要买，太假了真的是假货，裤子颜色不对跟纸那样薄，想买的朋友要小心
用过的所有笔记本中只有thikpad的温度是我可以接受的，连续使用10个小时以后键盘表面温度和开始一样	"房间很大,设施很豪华,服务很好,668的价格.放在北京,同样的房间,估计要翻两到三倍的价格.建议订668不含早的房间,100的早餐,感觉不符实.两人住,双早,858,多花190,但是早餐真是一般.服务很好,退房时,竟然是一位小姐帮我拿箱子,实在感动,给了小费."	只有两个USB口，硬盘号称有320G，其实只有280多G。联想大品牌，用了不到一月就出问题，而且我只是在晚上上上网，看看电影，我只会认识是京东出的货有问题，我会告诉我所有的朋友千万不要在网上买东西！！	承诺的京东卡，腾讯卡一样没有，联系客户太度恶劣，不光推卸责任，竟然拒收我信息，不在乎赠品有无，缺少的是诚信，况且是京东自营商品，点滴建立起对京东仅有的好感，荡然无存
酒店的大堂真的很旧了，房间还可以，早餐的西餐厅比以前的就餐环境好了，以前乱哄哄的，（以前早餐是凭2张餐券，很多人估计叫外面的人来吃所以乱乱的），现在凭房卡就好多了。	不错，大瓶的不是很大，小瓶的有点小。	还可以吧 帮别人买的 没看到实物	我买的时尚休闲黑色 发过来为什么裤子上会有白点点 这是黑色吗？搞笑
到手空间可以自己算的，可以自己买个存储卡。不一定非要买大的平板。挺好用的，分辨率也可以。系统也很流畅。值得购买。越用越喜欢。	优点：1.地理位置好。在西街的入口处，离汽车总站步行5分钟之内即到。酒店对面是九九自行车行，不过通过携程订房酒店提供了免费自行车。晚上还是比较安静。酒店对面的黄记玉米汁店的玉米汁非常好喝，又浓又香。酒店的旅行社可安排银子岩半日游，很方便70每人包含往返交通，导游及门票。2.浴室的热水还是不错的，水量大温度适中。3.整体服务都不错。缺点：1.观景大床房的床非常硬，不是很舒服。2.酒店没有电梯。总之来阳朔玩这里还是不错的选择。	好好好好好好，五星	买过好几次这个品牌的苹果了，这次太失望了，整箱苹果的果蒂部分都是软的，一按发现腐烂了，最后整箱水果全部扔掉了。好在价格不贵，但以后不会再买这个水果了。
还没用几次，生发是没有的了，我觉得生发不可能吧，最多就让发根紧一点，少掉一点，反正现在没什么效果，倒是我老公用着不错，以前他用沙宣，现在他用这个，他说这个比沙宣好用。	没什么特别～还是买个CD、MP3自己练吧！	"一般我是懒的去评价住过的酒店的,这次选择""金泰海博"",是因为新公司就在对面,图个方便,但是,住过3天后,让我太失望了,我觉的不吐不快:1 酒店正门在马路背面,第一次坐车去会习惯的开到马路旁边的前面,结果发现是一个杂草丛生的停车场!2 我网上定的是一个大床无烟房,到前台一入住,告诉我没有了,给我一个没有地毯的标间,不得以,加了100多换成了豪华标间!3 豪华标间在8楼,走廊超窄,最头紧靠的就是一个大会议室,早上还没起来,外面吵吵囔囔,3天都有不同的会议在进行!出门再一看,是个公厕!4 比较晚起,下午4点叫服务员打扫房间,然后出去,晚上8点回来,整整4个多小时,居然房间没有打扫,想找人骂~~5 因为靠近马路,晚上你就算把窗子关死,你也能听到外面车子嗖嗖的声音,比较吵!6 我比较怕热,北京这些天也非常干燥热,可是到了晚上1点后,居然没有空调了,到了7点左右才开,TMD,他们晚上把空调都全关了~~开窗吵,不开窗热,你能怎么办,7 服务员长的那叫一个眼泪啊!这点就无所谓了!"	我想问你还有在垃圾点的吗郁闷
同学在附近上班，推荐的酒店。总体还可以，傍晚电梯旁有个穿白色礼服的小姐站在那里迎宾，那礼服怎么看都像婚纱，如果不是她旁边没有新郎样子的人并且她没有做头发，还真以为她是在那里办婚宴的呢。早餐选择少了点。	没有传说中的XP恢复光盘，好像也不支持802.11n和WIFI，请版主确认一下。	感觉像二手翻新机，信号不是满格，里面还有好多软件，**美团头条新闻等，以下图片可见，对京东都怀疑?	各种卡，就一垃圾货，买的想好了
"前台的服务员对待客人都是不耐烦的样子,会来住酒店的大概都是异地人士,请教一些当地的问题总是会的,态度真是不好;另外,居然没有帮忙电话打车的服务.....;房间及其他设施,总体算是还可以."	洗了头之后头发更油了，我不知道说什么	联合利华怎么会卖假货，用了6年的清扬了，这个洗澡的时候洗完头，后面从头上留下来的水辣眼睛，洗完第二天出汗，汗流进眼睛好疼。给朋友一瓶，反馈说越洗越痒。只能用来洗鞋子。确实不行，不是故意刁难。	10个苹果都烂两，物流也***慢。
这个套装很好，东西很多，价格也还可以，够用很久了，闻着挺香的，感觉是正品	苹果很新鲜，口感很脆，酸甜，这次买的水果里评价最高的	很好，这次入住酒店帮我免费升级为商务间，说是给携程的年终优惠，意外地满意。宾馆反馈 2008年1月16日 ： 感谢您对大连银帆宾馆的满意和支持！商务间是比基础房型豪华间高两个级别的全新房型，目前推出年终回馈498元商务间升级活动，希望大家更喜欢我们的新房间、新银帆！ 银帆宾馆欢迎您！	分辨率跟wifi接收信号给差评 ！！！
本来就是给老人买来和外甥开视频用的以前用的是红米note老人说反应慢看不清字小，心思给换个大点的，屏大了分辨率反而更低了有点乌将就看吧像素也不高。老人倒是无所谓，1400真的不值，性价比有点低。	入住时前台居然说确认的入住时间不对，出示了艺龙的确认单，上面还有销售的名字，查了半天才给办的入住手续，不知是艺龙的问题还是酒店销售的问题。房间设施和快捷酒店没啥区别，不少快捷酒店甚至更好。服务很国企，服务员一脸的爱住不住。	也就是离机场近 房间的吹风机跟抽油烟机似的 不知道之前用它干什么 太脏了我是垫着纸用的	做工很差，有的地方都开线了
配件齐全。照片效果不错，而且有自拍、闪光灯性能。手机的一般性能也行了，象信号，铃声都能接受。	宝贝很喜欢 质量不错 物流超快	"总体来说房间非常干净,卫浴设施也相当不错,交通也比较便利,唯一的不足之处就是早餐每天的内容都是一样的.实在让人无法忍受"	再也不买东信的东西了！我2003年4月买的，一年多了，几乎无法忍受！1、信号特不好，在同一房子里东信没信号，其他的有信号。2、总是在电源充足的情况下自动关机。3、通话质量也很差，通常只听到字的前半个音。4、售后服务不好，我在本地电信局买的。不能换，只负责维修，一修就不知道要几个月。5、不能下铃声，不能下图片，作为一款新出炉的彩屏机真失败，连早几年出来的黑白机都有下载功能。6、电源盖总是盖不紧，容易进灰。7、待机时间太短，我一般是用一天就要换电板。8、背景灯时间太短。9、游戏太少太烂，俄罗斯方块操作设计不方便，玩过的朋友都说烂。10、打电话时如果来短信，仍然是短信原始声音，耳朵不被震聋也会暂时失聪一段时间。11、反应迟钝，看以前的短信要等待几秒，取消拨号也是要等待几秒。
很大，很新鲜，快递小哥晚上八点多送到的，很尽职啊！	硬盘读写速度偏低，不知是否还和显卡有关，跑vista感觉还是有点慢	怀疑这是翻新机，新手机不会是这样，华为制造真不错，系统自带的高德地图还无响应，之前我买过一台x2，系统都不自带高德，	太差号根本就不标准
用了两个多月，买的是128gWIFI版，画质和音质都超赞，系统流畅，拿在手上好拿，大屏幕用得很方便，要说不好的地方就是电池的续航能力有待加强。够买一台手机的钱了，也值了，更多功能还有待我去发掘，华为还是很值得信赖的。	牛仔裤质量非常不错，很透气，弹性也好，果然很修身!谢谢店主，下次再买另一种颜色试试!	性价比不错，其实我一直关注Dell的XPS1330，不过性价比不好，一直犹豫未买。幸亏没买。	衣服的颜色相差很大，一看就知道一洗就会掉色的，刚刚试穿就掉了扣子！
不错，没有色差，布料也很好，穿着也舒适，快递很给力，以后还会光顾	蒙牛这香蕉牛奶太可爱啦	拿到的时候里面有一个小疤痕，不过感觉影响不大就不管了。 机器预装的linux太简单了，图形界面都没有，只能重装系统。 还有就是京东的价格没有优势，我是因为先前买了个电视有券才在这儿买的	叫早服务居然提前一个小时 六点就把我拖起来 还不承认自己工作失误 赖机器自动提前了 当我傻啊 之前要求把东西送到房间也是以 我们人手不足为由 要求顾客自己解决 早饭也是只有面包和咖啡两种东西 房间还没有窗
好看，穿着舒服。。纯棉。。好看了	房间设施质量不是很好，房间很大有20多平方，但感觉不温馨。酒店价格在当地来讲，不算实惠。	空调温度不足，很冷。因为宾馆在纳爱斯傍边，一早起来一股洗衣粉的味道，虽在丽水，空气质量却极差，纳爱斯要负责任的。宾馆管理不到位，8点多一点，客人还在吃早餐，却把电灯都关了，虽说节能，但感觉太小家子气了。	刚买到，就降价，找了客服不补差价也就算了，还左拖右拖就是不解决，说鉴于你是钻石?客户特申请差价补，这都多久了，也没收到传说的差价补，问一个要走流程，换一个说法又变了，反反复复，京东商城真是越来越LAJI
对宁夏大厦的的服务环境和设施都非常满意，有机会还会再入住的。也会推荐给朋友们！感觉很好！	宝贝真的很不错哦，老公穿上刚好帅帅的……以后买裤子就选你家了。	我还没看到货呐，怎么就自动接单啦	差评，京东超市的价格变动太大了，买了立马就降了*，一周之后又降了*
性价比高，用券后3199入手，装系统听说麻烦直接拿到电脑城里装，20块搞定，不过好像有个亮点。	华为(HUAWEI)M2 8.0英寸 平板电脑1920×1200 麒麟930 哈曼卡顿音效 3G/16G WiFi)月光银 ￥999 很好	各方面都好了 内附一张贴膜	"我是10月20日一家人入住的,北京五日游,从门童,柜台接待,餐厅服务,卫生,都比较温馨,热情,礼貌,给人一种宾至如归之感.入住,结帐都很及时,速度很快.到北京各景点交通很方便.周围的景点步行10分钟到达的有梅?"
前段时间，电信搞活动，机型是UT106，一直对UT的小灵通印象不错，所以有点兴趣，去看了看，机子很漂亮，这是第一印象，于是就买了~~100块钱，预存50块话费，免两年月租，挺划算的。已经用了有半个月了现在我想对它作个评价：1.机身小巧，耐磨。2.手机信号不错。 3.电池待机时间长。 4.支持IP直拨功能。5.支持中英文短信收发和存储(收件箱 100条/发件箱100条/草稿箱 10条) 。	开始看了2005年的几位朋友的评价，都不敢去入住。没想到现在改观了很多，房间虽小，但很整洁。下次再来的话，还会选择这个酒店。只是希望宽带能一直免费！	没感觉很好，上当了，是小脚裤	实在是不怎么样，一分价钱一份分货
太实惠了哦就是没信号好难修身为修理工的我们也真的没办法````谁有办法帮助一下哈`	黑色的裤子掉色比较严重，线头比较多，把汽车座椅都染色了，那穿之前洗一下比较好看的掉色怎么样吧	6.18下单，6.26号货终于到了，之间催单，打快递电话，打京东客服电话，不容易啊，不过京东所说的恶劣天气啥时来呢？（可能下雨就是）我没能理解	我和MM14日入住的此酒店，第一眼感觉还行，check in后发现房间极小，隔音效果极差，大白天走道的声音都特大，唉！郁闷啊。第二天我们下午回酒店时发现房间还没有打扫，问了服务员说是酒店要求他们先打扫退房的房间，人手不够所以就没有来得及打扫，酒店的管理和人员配备应该加强！！此酒店带来很多不便，下次不会再考虑入住
电池强劲，虽然没有达到9.5小时，但初次使用觉得6小时应该有的 。 键盘舒服，尺寸大小合适。	手机非常不好，自动跳转。不支持微信，等等软件！！	快递哥有问题，我还没签收，他自己帮签收了，快递还没发货，就一大早弄了发货通知，感觉被欺骗，感觉换了个快递哥，京东快递服务质量下降，让我考虑还买不买京东了	做婊子，立牌坊。恶心以后不住了。
搞活动买的，第一次买的这么实惠，豆腐价，是正品，物流又快又好，没有任何损坏，小瓶可以作为旅行装，天热了一定要用薄荷的很爽，绝对绝对好评	早餐不错，特别是当地的风味很好吃。但是二楼的中餐厅在春节期间的菜式品种太少。	"我订的是行政房,但酒店给我免费升级到公寓房,是他们新的房子,房间设施,装修都非常不错,而且可以延迟退房到3点呢,地理位置好,交通方便,餐饮附近也方便,如果下次去南京我还会住在这里的,我非常喜欢"	和图片差距太大了，根本就不值这个价钱！快递必须给五星！
很大气的酒店，房间设置布局很合理漂亮。卫生服务很好。	感觉不错，舒适、卫生、安全方面都不错，只是晚上夜深时外面马路的汽车路过声扰人。	相比索爱同端手机T618 T628却缺少红外线，而且蓝牙连接繁琐（输和入有两个程序）。导航键设计为凸起，设计不人性，有时手指会产生酸痛感（特别是在玩游戏时），而索爱以上两款就不会。程序反映缓慢，这个相信使用的朋友都会发现，发短信的时候几乎要等一秒多才能让程序反应出打的字词。自带游戏少，做为娱乐手机这点有些让我想不通，（随机带的游戏几乎是SB游戏）还需自己下载。同样的NOKIA3220自带三款游戏的基础上还有让用户免费下载本型号游戏的服务。机身容易进尘土。在同端手机都具有名片储存功能的时候，E398却还是以前的单人存储。DC照出的画面略显红色，且闪光灯还需手动开启，过于麻烦。	卫生差，床和被子不干净，性价比低
"用过华为的手机，这款确实是华为的feel,应该是真的，也不用验啦！用着还不错，挺流畅的，也很清晰，虽然是两年前的产品，说真的很不错！"	苹果还是可以，就是有点小，价格也得比较合理，速度也快。	送货快，但是像素真心太低了，反应也不是很快，给老人买来跟孙子视频用的，只能凑合用了吧	买4个品种的水果，收货的时候，出于相信京东的缘故，再者一一打开查看浪费快递小哥的时间，就没打开看，回来发现苹果少了一个，看来仓储师傅装货太忙，没数清楚，苹果又小又丑
东西收到了，试穿了一下，虽然拍大了一个码，但穿起来也不是很大，摸了一下质量还不错	苹果没有图片那么大个，不够甜但还算酥脆，一口气买了很多箱，希望下此买是甜的。	苹果还可以吧，但是有几个是青一点的，同时买了仙美牌的，比这贵一点点，但是比这个好点	中国真有恬不知耻的无良企业和人，比如6蒙牛，我去你妈！你还好意思吗？只能说国人忍耐真足够啊！草泥马，现在开始广告打亲情牌了，看见这么不要脸的人老子真想把你妈摔了！操！
质量很好，真的很不错，跟图片上一样一样的，码子也很标准，包装也非常好，    跟专柜的一样的 很好    感觉物超所值 服务态度是很好的，没什么挑剔的，全五分	裤子收到了 大小刚刚好 穿着舒服 款式也挺好看的 我喜欢	昨天收到今天就降价，太过分了！	我买的32的裤子给我发的33的，而且尺码上什么也没有，之前买的蓝色的32穿上刚好，然后买的黑色的32莫名的就大了一号，而且尺码上什么也没有
宝贝非常满意！味道很好闻！大爱！京东搞活动期间购买的！价钱很便宜！支持京东！	音质差强人意 物流配送不给力 扣一星	不是很好 比较老	酸和苦，就这俩味道，第一次别京东坑这么惨，一个都没吃完，全扔了。
搞活动买很划算，没用过，买来试试	星期六上午9点多定的货，当天下午4点多到手，没有任何催促，可以说是非常之快了，很感谢！	第一次在京东买水果，苹果是这次最满意的商品咯	圆通。。差差服务质量更差
收到货了，太划算了20多一瓶，京东商城太棒了，比超市便宜好多，以后就来京东购物了不用出门送货到家，好评	非常好的板。不管是性能还是其他的，支持国产，支持华为！	我的机子现在的状况是收发消息就会常常会死机，然后就是每次死机就会没有信号，需要关机后重启。最烦的的时候要想成功发送消息就要开关机N次！再有，只要打电话就不能查名片夹，这机子的转轴声音也很大，而且有越来越大的趋势	太难用了，油性发质特意买了控油效果的，结果洗后的感觉就是油乎乎，冲不干净，用不了，给人了。
"房间很不错,还是套间,前台服务员很贴心,因楼层少怕吵,特意没有安排向马路的房间给我。酒店地理位置极佳,就在七星岩牌坊斜对面,旁边就是华侨大厦。总的来说很满意,另外楼层走廊真的好长,开眼界了。"	中央空调噪声很大	去他妹呢，卡的要死！	质量太差了又小又全部不新鲜，各种烂的白点看着都不敢吃
宝贝很不错哦，物有所值，感觉很划算	由于奥运会的关系，北京的宾馆都好贵啊！公司出差，订了这家。整体感觉不错，房间虽然小，但是挺干净的，而且服务态度也很好。值得一提的是他们的餐厅，中午的商务套餐很不错，实惠、量足、干净。不久之后又要去北京出差了，可能还住他们家！	洗发水用了很油，我的头发本来是中性偏点点干的，结果，尼~玛居然油得必须天天洗	京东自营的小小苹果，介绍的和实物相差太大，太差了。本来一个星都不想给，但怎么也消不掉，留着了。
扬子岛酒店的位置很好，逛街、购物、吃饭、娱乐都很方便，酒店对面就是大都会和太平洋商场，背后就是美美百货。酒店的装修也很不错，干净整洁。最重要的是，价格也比较便宜。总之，作为一家四星级的酒店，扬子岛不管是服务还是环境都非常的到位，甚至感觉比一些五星级酒店要好。不过，扬子岛自己本身的健身中心、娱乐设施我们没有尝试过，因此不做评论。	包装不错 果子也看的还蛮好看的呢	刚收到一分钟，满怀期待打开包裹，然后。。实在是从来没买过这么丑的红心火龙果，我想问这还能吃吗。。。吓人。。。	7月4日入住该酒店，房间陈旧，一次性纸拖鞋是烂了个洞，卫生间的镜前灯竟然被挖掉了，线裸露在外面，看起来很糟糕，淋浴的莲蓬一碰就掉了，只能用一只手拿着洗，地板漏水...第二天一早吃早餐，等了很久，酒店的早餐豆浆没有了，因为早餐竟然是外卖的，这是我第一次听说。原本跟前台讲好的，推迟到一点退房，结果等服务员来查房，然后到前台办手续只晚了十分钟，竟然要加收半天的房费，而且前台的说法是服务员问了说没有人要退房，是房客的问题，差点晕倒，最后解决的方法是加收了三分之一的房费，不知道这间酒店是不是在房费的结算上有很高的随意性，因为当时急着外出办事，没有继续理论。总之，强烈呼吁大家不要入住这间所谓的国际酒店，真的很糟糕！
质量不错，适合3岁左右小孩玩。每一页边上都有已经打好的虚线孔，直接将页面撕下来就行，都是很简单的手工，练习孩子剪图形，折纸。我儿子3岁半，特别喜欢做，就是用剪刀用不太好，正好练习啦。有些东西做出来“实用性”还挺强，像太阳帽，刚好能戴在儿子头上，拖鞋，他也刚好能“穿”，儿子自己还说呐“大小正合适”，呵呵。让他练习手工的同时还有很多乐趣，超喜欢。	"书的内容不多，其中很多剧照，三两下就翻完了。中间部分的访谈比较专业，篇幅也显得比较冗长。从书中能感受到那个时代成长过来的不易,特别是写到演完《英雄无悔》之后成了红人，却还是住在旧胡同里的宿舍，与那些爷们冲凉，蹲茅厕，感受着别人的眼光和指指点点，蛮感慨的...通过这本书可以看到一个公众人物在平常生活的另一面，喜欢的可以买来翻翻。"	《资本论》与亚当斯密的《国富论》，凯恩斯的《通论》一样，只是一套经济学理论书籍。但在中国落地生根后，国人却把它作为一套社会制度的理论去研究，并出了很多衍生版本。金融海啸的冲击令我们反思西方传统-经济学理论，试图通过资本论去寻求现象后面的真理时，千万不要忘记，资本论只是一套经济学理论书籍。要读就读这种直译的原始版本..........	品相不太好，有的太小了，口感还行。
小巧，安静，外观漂亮，电池很持久  小巧，安静，外观漂亮，电池很持久，京东送货很快！	裤子不错，摸着手感很好而且还便宜，物美价廉呀！	拿到的时候感觉质量比想象中好点，而且挺轻的（这未必是优点……），屏没坏点，当然，最重要的是便宜实惠。	出差在外，本来很担心在酒店能否及时收到货。结果按时收到，以后即使出差也可以通过京东网购了?
货真价实，质优价廉，发货速度很快。	"质量非常好，与卖家描述的完全一致，非常满意,真的很喜欢，完全超出期望值， 发货速度 非常快，包装非常仔细、严实， 物流公司服务 态度很好，运送速度很快，很满意的 一次购物"	"总体还不错的.房间很大,很干净.价格能再优惠点就好了."	挺失望的，小瓶的都洒了！
外观还是比较漂亮大方的，价格也很公道。DDR3的内存，领先不少台式机。	到货很快… 个头很匀称… 苹果很甜	换一XP居然200块  敲诈嘛？？ 而且没分盘  还说外国人都只使一C盘  用着很是奇怪???	有一个最大的是坏的，太苦了！还太厚了，拨完皮就特小一个！还全扔了
大小合适，面料也挺舒服的，好评	总是买这种苹果，家人喜欢吃，甜脆。发货很快	夏天不要玩、会烫手的‘	小的很，大小不一。小的可以手掌包住。
"衣服己收到了,包装完整,和图片描述的一致，无色差、有点加绒起保暖！款式质量都挺好，做工细致，摸起来也很柔软，大小合适，价格实惠,物超所值!值得购买！"	苹果很脆，很甜。包装很好，每个苹果都有一个独立空格放，避免果之间磕碰。	买了5条换着穿，还不错，谢谢客服小怡	"服务人员素质好,彬彬有礼. 软硬件都很好的酒店, 早餐有很好的西餐, 也有当地传统小吃, 值得一住."
京东的订单处理速度有所提高。这次的服务还不错 不过这次意外惊喜是商品说明中为250G内存，实际到手320G. 另外还附赠VISTA光盘	卡槽晃动，试了3张卡都没有反应.快递小哥太度好.送货快.	买了无数次京东自营，回回次日到，这次三天后到货烂了七个！	位置挺好，可服务态度不行。装修的也挺一般的
一个人入住对于600元的价格觉得有点奢侈，但是环境还可以，比预想的好，也比较干净。水量很充足，床上用品据服务员讲是每日更换，听说山上的水48元|吨，对于等黄山的疲惫感来说，能好好的洗个热水澡，惬意的睡眠时非常重要的，总的来说还是很好的。	外观不错，感觉比A800那种正统外形显得活泼多了，喜欢！屏幕比较大，色彩也好，就是拍出照片效果一般，色彩不均匀，可能因为这几天我们这边阴天的缘故吧？！在室内光线充足的地方还可以的。我最关心的是声音效果，但外放感觉有点次，高低音仔细听都能发音质不纯净，用耳机的效果还行。全触摸屏很爽哦~~	珍惜生命远离蒙牛	被商家忽悠了 不好用 且贵
沙宣一直用着不错，618买了个套装，两大四小，相当于五折的价钱，很实惠。	体积小，翻盖，彩屏，16和玄的铃声，双电双冲，而且最主要的是价钱不贵，很适合女孩子使用的。	新机器包装里面有股臭味，仔细闻了一下。是内胆包发出的，今晚拿到凉台透透气	这火龙果也太小了吧，订单上写的是三个1千克。而收到的火龙果一个还没有女孩子的拳头大。我在超市里面试了一下，这样大小的一个只有三两多，三个加起来也只有500克吧，这明显着骗人呢？
比较灵巧，比较经，很好看。功能也比较齐全。	1.电池续航时间长 2.键盘的手感比想象的要好 3.N280的处理速度还能接受，日常办公的应用没问题	地毯一股脚臭味污渍很多……手机充个电还得弯着腰爬到桌子底下找插座，wifi等于没有，黑夜飞机起飞声音挺大的。	昨天一来空调是坏的换了一间房、还不如住如家、性价比不好
好吃看得到 嘣嘎脆鸡肉味！水分多 给力。还神速！京东继续保持！	吾消费京东商城数载，深知各产品琳琅满目然而唯此宝物与众不同，为出于淤泥之清莲。使吾为之动容，心驰神往以致茶饭不思，寝食难安，辗转反侧无法忘怀于是乎节衣缩食凑齐银两倾吾之所有而购之，掌柜之热心快递哥之殷切，无不让人感激涕零可谓迅雷不及掩耳盗铃儿响叮当仁不让世界充满爱，待打开包裹之时顿时金光四射，屋内升起七彩祥云处处皆是祥和之气。吾惊讶之余甚是欣喜若狂，呜呼哀哉此宝物乃是天上物，人间又得几回求！遂沐浴更衣焚香祷告与友共赏此宝，人皆赞叹不已故生此宝物款型及做工超高性价比之慨俱赞吾独具慧眼与时尚品位，产品介绍果然句句实言毫无夸大欺瞒之嫌实乃大家之风范忠义之商贾。	呵呵(^_^)(^_^)(^_^)苹果呢还可以，就是有一点点小哦！呵呵(^_^)(^_^)(^_^)不知道味道怎么样哦(⊙o⊙)哦(⊙o⊙)哦(⊙o⊙)哦！	屏幕边缘有一团白白的光，平板电脑其实就是一台大的手机。没有什么用
清扬洗发露以前也用过，一直觉得这款很不错，很好洗，这次6.18年中节搞活动买来【京东超市】多芬（DOVE）滋养美肤沐浴露套装 深层营润1000g+樱花甜香1000g送清透水润190mlx2+洗护旅行装实惠的，新包装樱花香型，应该洗着很不错的，陆续在体验当中。?	不错，本本超薄，携带方便。原本想买黑色的，收到货以后发现这个颜色还挺不错，不会太艳，也有送原装内胆包。	"散热口温度蛮高的,不过我摸过,底部温度还可以,可能热量基本及时散出去了的原因,没附系统盘,装系统要纯净版的,否则装不上,没XP的驱动盘,要从三星网站上下.但有VISTA的驱动."	这款平板电脑非常垃圾，想玩游戏的就不要买了，顶多看个视频，然后购买后客服不理人，多次询问客服在不在，都无人回应，降价厉害，建议大家谨慎入手。
很不错的平板电脑，这个价钱配置挺好，玩游戏看视频吃东西足够了，满意，京东值得信赖	这个配置和价位真的很合适，完全够用，而且小黑的质量非常不错。	小巧玲珑，适合某些场合使用。至于网友说容易留指纹，确实是，但是擦一下就可以了。2990的价格确实低啊，性价比不错。至于重量，还ok吧，关键是电池重而已。	苦苦苦苦苦苦苦苦苦苦苦苦苦苦苦苦
包装精美，苹果很甜又脆，超级好吃	下单等了三天才到，包装的非常非常好，纸盒泡沫盒袋子，没有碰坏的痕迹。到手的时候还冰冰的，保护措施很到位。苹果酸酸甜甜的很好吃，水分也很足。有一两个碰坏了的痕迹。	苹果?很好，京东生鲜真的很好，继续支持京东商城～	可以投诉吗？烂掉了一个，特别臭，说是70的果，实际上大部只有60，真是失望
赞一个，又香又甜，虽然不是很大，但是够吃，孕妇的我每一天一个，简直太幸福。	一直用的潘婷不错的产品，第一次在网上买看着还不错，不知道效果怎么样，用过了再来评价?	该饭店地点尚好，好像是军方经营，军官在酒店里不排队乘电梯。房间里的设施非常破旧，墙纸、地毯都肮脏不堪。照理说这样有历史的饭店该有待客经验，但运毛巾的与客人抢乘电梯。电梯来了，推毛巾车的大婶先把车推进电梯，回头对后面的一片抱怨声说，“对不起，你们可去乘后面的电梯！”令人目瞪口呆！！大堂只有一部电梯，每次等电梯都站到腰酸，加上军人和饭店人员抢先，往往还乘不上。我登记入住时，饭店正停水，前台也不说明，进了房间才看到一张道歉信，顿生受骗上当之感！晚上附近房间的军人好像在执行什么任务，气氛紧张，像是随时会发生枪战。只住了一晚，赶紧逃离！	物流速度太慢，足足等了8天，还是我认识的京东吗？？？
非常不错，一直用沙宣，洗发效果好，性价比高，送货快	还不错真的我买过几个了，质量还是过的去的。时间用的长不长现在还不知道。。。	甜是甜，但是太小了。有点不太值呀	如果就是差钱，买这个，要不千万别买，速度慢，屏幕清晰度差
性价比超高，好看	昨天刚拿到，性能总体不错，软件几乎都有，拿到就可以上网，就是OFFICE要自己买	这么烂的酒店第一次住到！连汉庭锦江之星等快捷酒店都比他好！	请大家千万不要再入住这个酒店了，不是CTRIP不好。是此酒店太烂。一条路上有三个马哥孛罗酒店，其中马哥孛罗港湾应该最好，马哥孛罗太子其次，马哥孛罗香港最差。至少是上个世纪90年代的装修了，非常差。房间很小，两张床并排放。隔音效果也不好。而且酒店后面有个工地，一天都在施工，吵得要命。入住时，持双币信用卡，前台问都不问一句，直接刷美元，而不是RMB。其它香港的商家或酒店在刷信用卡时至少都会问一句刷美元还是RMB？就这样装B。NND。太差了。免费我以后都不会住了！！！
裤子尺码很标准，卖家服务态度也很好，下次再来	这款平板放在购物车有快一年了，一直想买，可是最近看要出青春版就预订了青春版，结果配置出来真是寒心，18元不要了还不行吗，直接买M3靠谱一些，平板是给老婆看电影用，偶尔玩玩游戏，完美解决。很满意，京东买东西就是靠谱。	又不新鲜又小，京东的水果以后绝对不会买了，而且送货不及时	不知道是京东尺有问题还是*太蠢了。同样规格的苹果京东要小这么多，京东是觉得自己聪明还是当消费者智Z？ 苹果还行，但是规格绝对小了！！！
还没用但是这个送货素质真不咋地	与当时说的不符，事物差距太大	想说这瓶洗发水的质量真不是一般的差，和男朋友洗的头发都是干枯干枯的，对得起这个价格吗？	以前最信赖的京东，现在真让人失望。买了俩件就发了一件。多次联系客服，每次都说要核实查监控。我等了3天都没回音。不要在他家买东西了。差评！差评！差评！重要的事要说三遍！
速度快，音质不错，完游戏挺爽	坚决抵制傻比话！ 抵制蒙牛！	5.0屏跟别人手机太小了，手机整眼睛，功能有时候莫反应，再也不买了	NND，总结最多只让人写100字，不够啊，见总结！ 一，做工较粗糙！塑料感极强，整个一个塑料洗脸盆！机身衔接缝隙大，上下不齐！ 二，钢琴烤漆容易脏，容易刮伤！指纹就不用说了，才两天烤漆就刮伤了！
6.18买到现在才收到货！催一次！快递走一下！	码子不对，有点长 颜色不一样	包装一打开，瓶子外面很脏，就像很多灰尘一样，不知道是不是卖不出去的，感觉像过期的	双十一时下的单体现为送皮套和钢化膜，到货后发现没有，客服告知需要在结算时另行领取，京东钻石会员第一次遇到这么奇葩的规定，只能差评了！商品使用后评价！
不错，有免费宽带，很适合出差住的。离开发区很近，很方便。	裤子是正品，质量不错和描述的一样。一直都喜欢这个牌子衣服。	还没开封，还没开封。暂时五星评价吧。。。。。。	"如果你想一个晚上不睡觉想心事,强烈推荐入住该宾馆。同样是高架边的饭店，其他宾馆都采用隔音玻璃，而陕西大厦却没有采用，夜深人静的时候就听到高架上滚滚的车流声！"
非常好的酒店，服务没的说。到店后知道我们是第一次入住，给免费升级成公寓房，房内设施很好，装修格调我很喜欢。前台给送进房间，服务员帮我们换好拖鞋，泡好咖啡。唯一遗憾的是停车场比较小，大堂里面沙发很少，显得很空旷。下次有机会一定还来这里。	说实话，这个地段，这个价格，的确很有性价比了。内装潢比大楼外部的马相要好很多。订的是特价大床房，可能是因为心理准备比较足，进了房间觉得房间除了小了点，其实还是不错的，房型虽小，但环境给人比较舒服的感觉。就是浴室。。。莲蓬头用起来。。。居然会侧面喷水出来，也不高兴电话总台了，就水开小一点，侧面也不喷水了，各么。。。忍了。。。床感觉不错，电视节目相对也比较丰富。总之，我和女友都比较满意，以后有机会在市区需要入住的，相信还是会选择瑞峰的。到底是舒适度+地段+性价比，是对的起这个价格的。宾馆反馈 2008年8月4日 ： 尊敬的宾客您好！非常感谢您对酒店的意见和支持，如您在酒店遇到任何困难和问题都可及时拨打总机和前台，我们会第一时间为你解决，期待您的再次光临.	本本边缘外观有一点不美观，凸起一点。应是出产没注意，应该是我运气不好！个案，但我投诉说说，并不想换货，却没人回答，有人安慰一下或给点小礼品我也是很高兴的！但投诉始终无法显示和回答，这点希望京东能改进！	洗发水寄来时商标是坏掉的，瓶口那个螺旋的盖子是打开的，不知道是被用过还是质量就不好，差评
喜欢AMD的芯片，性价比不错。这款散热不错喜欢AMD的芯片，性价比不错	手机收到屏幕就是花的，数十刮痕，不值怎么回事？快递连个泡沫都没有，我也不退了，退货还得花10块钱。连个说明书也没有，	有时自动关机，有时关机后闹钟不响，重新更新时间又恢复，无规律。本项支持国货精品，但太失望！	漏了，漏了，漏了！！！！上次买的也是，而且是我放储物柜的时候漏的，等用完一瓶了，打开柜子！！**，牙刷，牙膏，洗发水瓶子上都是，损失惨重！买了一年全家人用的牙刷，都直接丢**桶了！这次次是收到货一开箱就是漏的！！！京东现在在包装这一块太差，以前还用气泡袋一个个的包，现在就直接丢在一个箱子里，**不漏他就是神了！！！金豆要有个毛用啊，你们自己看看，我这金牌会员什么时候用过金豆？？？？？
1：散热是最大的问题，左手托散热量太大，设计不合理。 2：奶牛本装xp很麻烦，不过买一个带硬盘驱动的系统安装盘，先将硬盘分区，在安装系统。	我收到货的时候，不怎么新鲜，不知道是哪个环节的问题；吃起来也是淡而无味，很失望 的一次网购。	"服务很差, 房间供暖不足。换啦两次房间才行。 态度恶劣。 新房间床上有别人的毛发。 叫服务员换还很不高兴。"	给个差评！这个差不是给华为机器，是给京东的发货工作人员，很没有责任心！这样精密的平板电脑，就用一个塑料袋包装送来，原厂的包装盒上有很多磕痕，今时今日这样的服务是让人鄙视的！
包装讲究，苹果完好无坏果，以后就你家购买了。手动点赞 。	房间很新，服务员水平也很高，物有所值。4楼房间太压抑，这次先进了4楼然后不满意很快换到10楼，感觉就好多了。房间临街不吵。酒店的资助晚餐便宜美味有很多海鲜，物超所值。补充点评 2008年1月2日 ： 这家酒店我经常入住。在开发区范围内是性价比最好的了。	这洗发水跟超市买的差太远了！！！！！	天呐，苹果非常小，直径连小芒果核大都没有，口感干涩，我觉得路边*一斤的苹果都比这个水分多，要不是生鲜我肯定退货，受不了，太差了！！！！一分都不想给！
"送到很新鲜的，还是凉凉的，常温保存了两天也没坏，价格也实惠,非常不错，会回购。"	裤腿太细，穿不上	就买瓶洗发水一共用了7天！！！ 用京东这么久第一次这样评价的！	连个包装都没有，收到货一看共3瓶，两瓶都是开的，这都什么跟什么呀
裤子真的很不错，穿着很舒服，料子很好，物流也很快，总之很满意，客服服务态度好，值得购买。	质量不错，版型好看，穿上很舒服	挂五星实在有些牵强。卫生间太小，还不如呼市国航四星的大，房间暖风给的太早，又没有冷风和换气，热的人实在难受，只得开着窗，开窗又太吵。早晨赶飞机结帐，必须等服务员查房，简直就是三星级服务，呼市的国航四星都不查房了，十几位客人在大厅里等，大家都很奇怪：这样的房间有什么可拿的？不知道他们查什么。唯一还行的就是410一天房价了，但当地人还是说太贵，等香格里拉开业，这里也就250了。	摄像头问题：感觉是个鸡肋！效果差，我是晚上试的，不过也是在灯光比较充足的地方，拍摄时我把它改为了夜间模式，要不然拍摄出的图片底色会变色，效果很不清晰。
质量好 舒服 做工细 很不错值得购买	很不错的 很省电 很耐用	还可以 应该算是划算吧 送的吹风机好逗	用了觉得味道怪怪的，后面特意在超市买了一瓶，味道和效果都有差，应该不是真的
这已经是我第二次入住该酒店了。酒店是在市中心，没想到这次入住酒店有了泊车服务，让人感觉停车很方便。办理入住登记时，前台小姐也礼貌热情。我住的客房是标准B，房间不错，退房结帐时行李员主动帮我提着行李，前台服务员操作快捷。总的来说，这家酒店很不错，听服务员介绍，该酒店还有更好房间，好象是贵宾楼的，下次我决定住住看那种房间。	"住的时候是4月底，800元一天，第一，大堂气派，第二，房间干净。但，第一，大堂太多蚊子，吃饭时咬了很多包。第二，早上吃早餐，食物上有飞虫。第三，房间内有个夜灯无论如何无法关上，第二天服务员只好拔掉插头，我的一个同事住在别的房间也如此。第四，洗衣，价格贵，但，裤子和衬衣，都是熨烫出三条缝，很尴尬。实在不值800元的五星级。宾馆反馈 2007年7月9日 ： 首先代表东莞富盈酒店管理公司感谢下榻我店及给予点评的各位嘉宾,对于各位嘉宾点评到酒店的不足之处,管理公司的领导非常重视并立即做出了相应的更改和改善,对酒店的认同和褒奖,我们将会继续努力和发扬,也会一直关注各位嘉宾的点评,同时望各届人士能继续给予宝贵的意见,我们将竭尽全力做好各项服务工作."	说好的弹力呢？还有一股超大的味道，裤脚不是很收，不太理想	不知道说什么，，，无语给一星不错了
好评！！！快递实在是太快了！！！！还没用！！！应该好用！！！	非常不错、喜欢、喜欢、超喜欢！！！	"屏幕亮度不能调节,晚上感到有些暗，想调得亮些，却无法满足这种要求！拍照需求许多内存空间（照片很占空间），可是它的内存并不大；而且不支持外接存储卡，拍照前总要考虑它的空间问题。还有就是用红外传输数据时，有断线的情况。还有就是价格不便宜。"	感觉假的 又不去屑又不止痒 又不柔顺 气味还不好
卖给小朋友玩的，不错，挺好用的，平时玩游戏，功能还不错。	包装完好 618购的 实惠 屯着以后用	很不幸，收到包裹时已有破损，包裹中有平板电脑，黑米移动卡，发票，京东广告一张，但是，没有畅读卡和腾讯视频卡，正在咨询客服。。。。。。。	好像不大适合北方的语言习惯，词，字搭配得很别扭。所以读得很累。读之前报的希望太大，所以失望越大吧。总之，不喜欢了。
我是在朋友推荐下买的这套书，女儿四岁，非常喜欢，每天都要讲至少两本才行。每个故事都很贴近生活，图画和语言都很生动有趣，既对孩子有教育意义，我自己也从中学习了如何应对孩子成长中的各种问题。是大人孩子皆宜的好书。每本书的故事都比较长，太小的宝宝不适合。有的内容女儿这个年龄还不太能理解，我觉得这套书可以陪伴她一直到上小学。	不错的酒店，就是房间较小了一点，床较硬了点儿，其它都还不错	我也是醉了，肥瘦正好，衣服长的和裙子似的，	垃圾产品，玩游戏卡的要死！售前售后都找过了，系统重置好几遍了！明显是机器不行。果然便宜没好货！而且过年买的，放完假又不能退货，虽说一直想支持国产，但是头一次就这印象，我实在不想说别的了。差评！太差了！玩游戏的都不要考虑这个产品了。还有。我不是托，我是一个有责任的买家！
酒店离报国寺和车站都很近；房间整洁干净；瑜珈温泉作为峨眉四大温泉之一，住店客人只需50元/人性价比较高；早餐非常丰富；唯一的缺点是１号楼楼道比较复杂，象个小迷宫，找房间花了一点时间．	速度很快，看着不错，用了再来评论	有毒么卖家，就这东西也要在网上卖，是不是应该摸摸自己的良心	配送速度慢，水果大部分都烂，要投诉
裤子质量很好，很舒适，弹性很不错，挺满意的	和动画片比，我觉得大量文笔优美的文字是这套书的亮点。所以我女儿从3/4岁听我读这套书，到现在7岁半开始自己读，一直都对这套书保有着浓厚的兴趣，尤其是那本《鼹鼠和老鹰》，都不知道读了多少遍了。让女儿爱上阅读，《鼹鼠的故事》、《提姆与莎兰》、《不一样的卡梅拉》、《法布尔昆虫记》等等都功不可没。也非常推荐给父母们，这几套确实是能吸引孩子的好书。	送过来的时候已经流出来了，能不能好好包装一下，就直接这样送过来，流了一盒子都是，东西还不知道，还没开始用	才穿一次就起球了
还行，有那么一两个被磕了，应该是运输中碰到的	面对大海很舒服.周围环境也很不错.客房也就3.5星.早餐也实在没档次.	价格高，质量还有问题，不管你干什么，声音要等将近半分钟才出来	还有比这个更小的嘛，还让我说什么，垃圾
质量很好，做工扎实，大小合适，颜色跟图片描述一样没有色差，很满意。款式很喜欢，穿上很好看，服务热情发货快，不错不错！	包装特别好，很新鲜，物流快，快递小哥服务也好	一般吧！号有点大	酒店有一面的房间对着墓地，定深圳出发的香港自由行特惠套餐给安排的房间都是靠墓地一边的，介意的朋友，建议不要选择这家酒店，或者订豪华房。
"很好的书,无论对自己的头脑还是对着眼的工程实施,都是非常坚实而有分量的说理,数学的成分多一些,其实大可不必去推敲公式如何推算,有一些严谨的学者告诉你过程是怎样的,呵呵何不信任他们不会用数学的幌子蒙骗你?应用的东西看多了,人其实是浮躁的,在看第一页的时候就憋着心让作者告诉你到底怎么去鼓捣设备,看进去了,发现作者原来指望读者修行在个人.受教了,老师."	酒店环境很差	客服回都不回，平板就跟大平手机一样没区别	差评买完就降价！每次从京东买完东西都得盯着！是不是降价了！
周边环境优美，房间及餐厅服务到位，总台和礼宾服务周到。	我也是醉了……自己看	"门缝太阔,晚上都要被蚊子叮.晚间有异味,又潮又湿跟其他人的评分一样,是我往最差的一间如家."	我买这个手机后悔死了，特意又下载了京东来给差评！！！！手机刚买回来头几天还好，一周多开始屏幕就出现卡顿现象，我打开短信退出准备打电话屏幕就卡住不动了，或者打开微信屏幕就动不了。每天屏幕会出现频繁卡顿，我之前的手机用了三年才出现这种现象，而且我最怕手机占内存，相册里只有不到十张照片，app只有几个必要的，更从来没下载过游戏，就这么卡！！！我当初傻了才只看好评！我甚至怀疑我买到了翻新机或者次品！再次忠告，千万别买！
R系列好歹拥有所有TP的技术，比SL好很多。 价格也不算贵，双显卡切换很方便。	套装，特价，一大堆够用上一阵了。	我是雅雅的忠实读者，她出了新书我自然少不了买回来收藏。这本与《留学不留爱》是留学生不同阶段的生活写照。我没有出国留学过，但我仍然被那份质朴的情感感动。感动于雅雅总是可以把同龄人的心声用文字表达出来。所以我觉得可遇不可求，我会一直支持雅雅	这款本装VISTA肯定不行必须升级，而华硕提供的主板驱动都是vista的，没有XP系统的驱动，问客服只能从官网下，去官网下打不开页面，刷新多次才行，打开靠运气。如果没预装可以让客户选择购买呀太懒了也！
外观漂亮 磨砂键盘手感舒服 配置也不差外观漂亮 磨砂键盘手感舒服 配置也不差	不管是服务还是硬件都绝对够不上四星级，尽管前台确实挂着四星的牌子！！！依我看，就3星还不到。不过价格也步态四星级。	这个屏幕分辨率真的不行 看的眼睛疼 其他到还好 但是这样我都不敢用久	比平时的价格还高，生气
从第一次阅读这本书的那一刻开始就越来越发现里面的细节竟然跟我和你之间有太多太多的雷同之处，这。。。。。。。。算是巧合吗？所以不管自己将这本书还有这个电影看了千遍依然会泪流不止，一次比一次哭的更加伤心痛心，可是却不知道为什么会哭泣，不是因为里面的情节，并不是！因为电影并不感人，甚至。。。。甚至可以说是有点枯燥。。。。可是自己还是不自觉的流下了眼泪。。。为你，也为自己。。。	昨天晚上洗了一个吃，刚咬一口，发展里面是黑的，忘记拍照片了，大家注意呀	首先产品很不错，这个价位能买个平板确实是赚到了。配送速度和快递人员都很好，最不能接受的是这家的客服好差劲，产品性能都不了解清楚，问一个不知道问两个不清楚，最后还是我自己打的技术中心的电话问的。写着有赠品结果到货就只有一个平板什么都没有。问客服，那态度真叫一个恶心，这次618买了3部手机一个平板都是华为的，真是太寒心了。	裤子太长，真心不好，
录音效果不错，内置的游戏也很有趣，电话本可以存传呼机等多项信息，容量也非常大。	最外面的包装我也是醉了(ω` )，物流没问题，还没用不知道质量如何，囤货	系统流畅，可以TF拓展，有指纹识别，但是home键不可按设计依然让我觉得很反人类	本人在广州购此机，购机过程因朋友已经买了夏新的Ａ６６５．考虑自己用别的机器　在夏新Ａ６６５和联想Ｉ７５０之间徘徊．但联想Ｉ７５０价格便宜几十元　所以忍痛割爱买了Ｉ７５０．发现如下缺点：１．电池不耐用听个２０分钟　看电影１０分钟　电话１０个　短信３０个　只用了一天不到　俺还是很努力的按联想促销员说的要充点１２小时操作的．气愤以后怎么办只用这么点点２．ＭＰ３外放和夏新Ａ６６５没发比我和朋友比较了的害得俺被讽刺死了耳机效果差，真郁闷．３．ＭＰ４有马赛克和卡的现象．因为我和朋友同时下了一个２５帧／秒的ＭＰ４短片，而夏新Ａ６６５音质和效果很清晰和流畅而我的联想Ｉ７５０很卡的现象出现，ＭＰ４音质很差．５.在我使用了１个星期的时间死机出现了５次而本人又不在长沙换机比较麻烦．看下次去长沙随便推了．而我朋友的Ａ６６５听他说他的还没死机过的．６．信号比较差我以前用的是三星Ｓ３０８信号不错而联想Ｉ７５０在俺家茅房（厕所）没信号　而Ｓ３０８ＹＯＵ３格夏新Ａ６６５我后来去试了有３格通话还稳定．７．拍照效果不好．１３０万像素效果泛黄　颜色的色彩不逼真．
很好很强大。我喜欢的    这一款是我家比较喜欢的，谢谢哈    好在有jd，哈哈(?ω?)hiahiahia    你们喜欢的话，买买买	我手机用的是华为，所以这个用的很顺手，第一次在京东购物，感觉有的小气，膜都不贴一个。物流很快。	在家有亲戚是烟台的。也在烟台呆过很长一段时间。这家的苹果肯定不和我在烟台吃的一个味道。烟台本地的苹果是甜中带酸，底味是甜的。但是现在买的是酸底带甜糖度明显不够。像是平度临沂或者荣城的。	东西太差劲了 我买回来几天也没咋用 等我用的时候才发现老是跳屏 卡一下
上午就收到啦！挺好的，就是没有保护套。如果配个保护套还更好。	这酒店的服务不是很规范，在夜间check in 感觉就像一般的私人酒店，没有你好之类的问候语，大堂的服务生没有主动提行李的，倒是司机很不错，放行李，提行李很主动，大堂的服务员态度就是爱来不来的味道，没有服务行业的职业道德。	有点被忽悠的感觉。四核2g运行16g内存乞丐版。	不是正品，防伪标识都没有涂层
去瑞安一直住“国际”，因为“国际”不管是硬件还是软件都是当地最好的酒店。无烟楼层特别安静，大床房很舒服，晚上睡得很好，就是下午楼上在装修有点炒。不过总体上和第一次入住时的感受已有差距，设施设备有点旧了，晚上没做夜床，旅游团人多拥挤，希望酒店管理层能考虑做适当小改造，以吸引更多更忠诚的客源。	太小了，尺码太小了	穿起来给我的感觉就是：不是棉的，应该不是正品班尼路	语言平凡无奇，毫无新意。没有想象的那么好。不好。
很好，这个价格很便宜了买来囤货。很香	没什么明显的缺点。就是预装VISTA系统还是带来一点麻烦，和软件的兼容性不理想。	喝了点蒙牛，然后再喝伊利，会不会把蒙牛毒死？	从来没有住过这么差的四星酒店，话说贵州的酒店还真是不维护的，老酒店都感觉不好，选半天选了这个探亲访友近一点，但设施陈旧，浴缸看起来好脏，估计三星标准都不及，还不如商务酒店
是第二次入住，因为离客户很近，图个方便。先说第一次的入住，空调不冷搞得房间像桑拿房一样，我把它归类为运气问题，略过不计，可是网络速度慢到只能用不可思议来形容。中国电信的宽频服务在这个酒店居然速度比拨号上网还慢，我算是开了眼界。再说第二次，从checkin开始，就让我决定了不会再来这个酒店住第三次，前台那个男员工，吊儿郎当不说，再加上一副爱理不理的腔调，问三句话还只勉强回了几个字，我想，那搞不好是老板的儿子，要不然我还真想不出酒店用这种员工的原因何在。早餐烹饪区的厨师也是不知道怎么教育的，老是躲来躲去，想下一碗面，站了半天硬是见不到人，后面服务台的小姐索性也装作没看到我，估计是希望多一事不如少一事吧。房间设备这次倒是正常了。想赶走一个客人就是这么轻而易举的事。没办法发现或管理好不适用的员工，那是酒店管理的问题了。我只能说，如果贵酒店觉得自己根本就不想做个四星级酒店，那我为了我的吹毛求疵道歉。也对绝大多数兢兢业业的员工表示歉意。	平时也不怎么用，刚买第20天就出现阴阳屏了，打客服电话说是等专业人员答复，说是正常7天退15天换，意思就是我是能修了呗！我这个心呐！！！真是京东如新闻所说吗？等他们售后答复后继续评价！	wifi版的网上不能查真伪，只能去网点查，真是浪费时间，服务做的真差。问客服有没有办法，客服说我们的产品是依法提供三包服务的，如果不相信我们的信誉，请考虑购买通话版或退货。看到这个我就醉了，法律都不能保证没有假货，不要说信誉了，唉～～	拿到快递时，就闻到味道了，打开一看，果不其然，漏了，第一次在京东购物，给差评，不是东西不好，是快递不负责，京东自营哦
苹果很脆，很甜挺好吃的，快递包装也很到位	老公很喜欢，质量很不错哦，。	老年版平板，打开网页看个视频速度反正要比手机多等会，拍出的照片能反正跟清晰两字不沾边	一星都不想给，客服的态度极差，下订单好几天物流一点更新都没有，问她们还说查不到，说没有仓库的电话，又等了两三天，物流上才有更新，就是他们没给发货，而且发过来号码也不准，两件衣服一个号特大，一个小
收到货了 裤子穿着很舒服 大小也很合适 版型不错。好评	公司之前买来做业务的，价格亲民，够大屏，现在客户都要求帮买，实惠	不太新鲜。有一个吃到下面都有些坏了，第一次买的时候没有秒杀。挺新鲜。这次看到秒杀又买了，没想到质量也打折扣了，不会再买了。失望。	不新鲜！不新鲜！不新鲜！皱皱巴巴！极不满意
华为手机挺好的，一直都用华为，郁闷的就是屏幕太容易坏了！	"总体评价一般或者还行吧,只是性价比有些偏高,服务还行,尤其是大堂的大河旅行社,早餐相对丰富,豪华间不值,除了面积大些,个人而言不比普通间好在哪里"	难吃，再也不买了。不甜，也没水分。	太坑人了，不仅价格贵，果品太差。太差大家不要再上当受骗了！
非常好的产品，京东就是值得信赖	刚收到，看起来还不错。味道还好...	总的来说非常不满意，明显是三星升为四星的酒店。588的房价，实在太不值。暖气不够热，温度调到32度，晚上睡觉还要盖两床被子，问他们再要一床，给我的答复是每间房间之配备这些，没有多余的被子。洗澡水是温的，差点没有洗出感冒。问要熨斗和烫板，竟然整个酒店只有一套，怎么也借不到。而且设施都已经很成旧，用的毛巾被子都是旧的，一眼就能看出来，实在算不上四星的标准。希望大家以后都不要预定这个酒店。	首先我不知道正品，但用后真没感觉到啥特别，反正我不太喜欢
6月初蜜月旅行，到达丽江的第一晚入住。房间很整洁，木质的家具感觉非常舒服，很有古朴的味道，与庭院的风格非常接近，一下子就喜欢上了！以后去的话还会住在这里。	感觉运行速度很快。	Vista系统还是感觉不好用，换XP非常麻烦，对电脑不是很了解的推荐不要自己安装，本人研究了半天才终于换成XP，非常有成就感。	失望至极，以后再也不会在京东上买水果了，又贵又不新鲜，送过来的火龙果都焉了吧唧的，和下面的图片差好多，箱子也没放保鲜冰袋！
今天晚上被人放飞机了话说最近很是上火今晚先是两包夏桑菊，接着来了杯清热排毒茶，最后是现在的蒙牛牌纯牛奶，希望明天醒来能舒服点都是看电影吃零食惹祸晚安~~~	价格实惠，购买方便！！！！！！	屏幕看上去好像有点小，呵呵！音响效果也没有预期中的好。价格变化太快了！	实在比较差的酒店，强烈不推荐！CTRIP现在也越来越不象话！！定的还是豪标房，一进房间，居然两个床靠在一
"酒店很好,房间挺大,服务态度特别好.地点也很好,很方便."	"优点很多,其他的就不多说了；最大的优点在于它的性价比级高，支持多种格式的音乐和视频播放,在这样的一个价格的其他手机是绝对没有这样多的功能的，它的不对称设计很前位很有个性我很喜欢!"	买了两条，一般般，皮带也没送来，感觉受骗了！	正准备穿，发现后脖领接缝处有个小洞。送货又慢，我自认倒霉，将就穿两天吧。
宝贝收到了，裤子是给我爸买的，他很喜欢，面料摸起来很舒服，穿起来很好看的呢，我爸一阵夸！没有让我失望，强烈推荐！很值真的很值，以后还会再来的！	华为m3电话平板，上午下单下午就收到，很快，平板电话，全新，没有开过的痕迹，激活上网，速度快，流畅，画质好，可以打电话，铃声很大，通话声音清晰，声音很大，很适合老年人用，可以插电话卡上网，也可以Wi-Fi 上网，很方便，就是自带软件多了，占用空间，其他很好，华为大品牌，值得信赖，京东商城放心买	"该洒店设施不全且不洁净,让客户感觉不太敢放心使用,且服务人员态度不是太好,早上入住客人收拾房间的速度太慢"	京东号进入黑名单各种优惠无法参与，客服各种忽悠，京东服务越来越差
苹果很好吃，价格便宜，物流超给力！赞！	一直在用这个牌子。第一次买到盒装。	买了就降价 京东你可以的	发货超级慢，颜色还弄错，客服没一点用，非常非常差的购物体验
送货快，上午下单，下午就收到了，唯一希望京东改进的就是洗洁精的包装，收到后瓶口的地方有渗漏，其他很好	1.屏幕尺寸原本可以更大，液晶尺寸远小于上盖尺寸； 2.自带软件有个EASY DISPLAY MANAGER，禁止运行后，Fn+亮度调节、关闭无线网等功能就失效了。希望这个能够给新买兄弟一个提醒	传到身上就是感觉一层黑色的东西，洗了才发现是掉色。而且很严重。单独洗一件，水都是黑黑的	京东真是越来越坑人了，活动变着法的换，价格还是原价；卖的都是所谓的“电商专用”，质量都懂得；运费是一涨再涨，买你的plus就是个坑。*，你就等着客户流失吧
初次看《平凡的世界》是在初三那年，看完感触很深，后来又陆陆续续看了好几遍，总是让我深陷其中，以前买的都是盗版的，总有很多错误，而且还少情节，终于可以买一本正版的好书了，以后也会介绍给我的孩子看的，我们这一代，对农村的生活还是有感觉的，可现在的孩子根本不知道这些事，我想只有让这些好的描写农村作品的书能让孩子了解农民和农村。确实是一本值得买值得读的好书。	"总体感觉不错,这个价格的功能还说得过去."	"接站免费司机是四川人很实在,在路上告诉了一些初到拉萨的注意事项,宾馆很小,不是我们内地的星级标准.早餐还行,卫生间很大,就是价格稍高,我们到的第二天停电,所以我们换宾馆了."	不支持WAP下载玲声，摄像头不清晰，来电声音小，音乐不好听，照片不能用邮件发送，屏幕图案少，比较简单，按价格和其它机比，功能太少了。
老公胖了之后就没有裤子穿了 这条算是比较修身的 一穿腿细细的 不过穿上不是很平整 但是质量跟颜色都是棒棒的 包装也很不错哦 喜欢这个品牌	r系列本身就厚重一些，内存不好装，第一次拆害怕给拆坏了。联想自带的开机软件太多了，影响速度。	服务员态度说不出的不爽，不想花钱受气就别去	感觉是假的 飘柔的味道？潘婷的味道？已经换卡诗了 再也不买了！超级涩！
裤子不错，上身效果太完美了，裤子整体设计风格很是满意	自提时电池插口塑料及金属片有变形（外包完好）估计出厂时就是这样，给工作人员看说要找客服，自己调整了一下，将就用了。但触摸板上有小黑点	喝了蒙牛被打的很惨的这猴子被打的很惨啊。。 能不能告诉我这货是不是喝了蒙牛？！	太令人失望了，把系统升到醉新的以后不停的黑屏，打着游戏也黑屏
屏幕质量很好；拍摄效果较好；遥控学习功能很有特色。	穿着舒服，不过之前买的那件弄脏了洗不掉，再买了一件，衣服质感很好	不错哦，就是觉得有点小	位置是非常好，就在省政府对面，离步行街也很近，但房间内的条件太一般，达不到四星。我住的是398元的，还没包早餐，最多也就值200元，不过酒店能到机场接客确实很不错。如果住一晚也值了，如果住三晚以上，还是选择别的实惠一点的酒店吧。现在我才发现，通过携程网订房价格很没优势的，都是提高了价格后再折扣，折后价格比不上其他的普通酒店，以后还是要自己直接跟别的酒店联系，省了中间环节，价格会低很多，并且条件还会更好。
看了大家的评价不错，才选择这家的。房间无论如何不能说是三星的标准，个人感觉不如如家布置得温馨。	1 底部发热比较厉害 2 windows7系统下，网卡驱动拔下网线驱动就丢失，需要重新安装一次，不知是不是软件问题。	刚收到，结果你猜怎么着？拿出第一个，一看这个德行。。。	给一星都多了！这样的衣服假的不能再假了，洗两次不仅变大而且还坏了！真的也是够了
便宜，够用。搞活动返现100还用了一张券，价格很满意了。机器坏了，京东能够上门取件去换，不用我跑腿。	目前是新昌最好的酒店，环境和服务质量都非常好，国内长度免费和免费宽带还是蛮有吸引力的，离大佛寺仅咫尺之遥，太方便了补充点评 2008年5月4日 ： 酒店一楼中餐厅内的白斩鸡和水库剁椒鱼头是不能不尝的？住了两晚，吃了两餐。特色的芋饺和面我看并不一定适合上海人的口味。	京东太坑限制我帐号领优惠卷	是为了赶早班飞机选择的这家酒店，接送机不错！但是一晚没睡，空调声音超大 ，房间淋雨坏掉了，水也不好！有点坑
物流快，服务好，超实惠的套装，沙宣，值得信赖。	只能说京东真的震撼到我了，他速度太快了哟，品质又好。	第三回购买了，还买了两箱。只是这回特小果有好几个。冲着这牌子去买的，希望以后质量能严把关，才有回头客	本来很满意的，收货以后觉得虽然没想象的好，也可以接受，买来衣服总归要洗一洗的，那么问题来了，洗完发现裤子裤边掉落，没法穿，这质量我觉得不如人意，要求退货，洗过的衣服影响二次销售，没办法，我也理解，但是既然要求我评论了，我只能实话实说了
机子按键不好用！运行速度慢，输入短信时，有时会感觉很慢；有时甚于象死机一样。质量不行，翻盖转轴处有明显缝隙，容易进灰尘！还有就是它的外壳，用了没多久，就开始掉漆，机子看上去很难看！	三个坏了两个，还有一个焉了，失望失望失望	除却服务态度物流速度之外，我只想说：一衣服包装太简陋，收到之后有明显的窟窿。二裤子线头较多三面料一般，与价格不符！	在京东第一次购买洗发露体验:只能买小瓶子洗发露因为不会半瓶，大瓶子都是半瓶装，就是打着搞活动的幌子欺骗消费者，真不要脸要么就不要搞活动
东西很不错，质量挺好的，穿着挺舒服，很好的一次购物。赞一个	用过之后才来评价的，的确很好！！！	我第一次用携程订房，在长安酒店住得很舒适，餐饮很令人满意。价格仅比前台价格低不多，不是太有竞争优势。	看这本书有种感觉就是作者在苦口婆心的告戒读者如何如何，为了证明她说的是对的，然后举一堆自己身边女性的例子来自圆其说。内容很空洞，说话很苍白无力。感觉没什么深度，我比较后悔买了这本书，不会再看第2次了。
挺好用的，已经买了好几次这个套装，物流也棒棒的！	机子一般，今天刚拿到用哈就很烫，而且啥都没送的有。	7合一读卡器这样的东西 我估计所有的消费者都以为是外置的另送的吧 还红字 有点忽悠人的嫌疑  其实是笔记本上的一个SD的插槽 基本上所有的电脑都有的	京东越来越差了，今年的购物基本没满意的
好用好用好用好用好用的不得了，还会继续回够的，不错	呸，无耻的蒙牛，更无耻的@染香。	说好的发票，到现在也没有收到。。。。说话骗人。。。差评差评差评。重要的事说三遍	一个订单分两天送货！客户体验不好，差评
酒店人员的服务相当好，几乎是有求必应，在得知我们飞机晚点后，一直派专人守在门口。由于给到我们的房间与我们的要求有出入，酒店人员立即想办法帮我们解决，听说是他们的财务经理把房间让给了我们，让我们很感动，房间的价钱贵了点，但物有所值，下次去九寨沟还住喜来登。这次汶川地震应该没有影响到他们吧，祝一切平安！	不错，2瓶大的，3瓶小的赠品！包装盒精美，与图片一致！就是赠品太小了！用了再来评价质量！！	拍照不清楚，后悔买	一个火龙果将近10元钱，收到货时很不新鲜，都要烂了，如果没放冰箱的话也许半天一天就烂了，退也不是不退也不是，好伤心失望的一次购物?!
我觉得这个裤子很好，然后也很很合身，质量很好，我觉得很物美价廉呦，跟我想象中的一样，物流很快，服务态度也很好，店家很热情，有需要的话我会再次购买。	位置不错，在磁湖风景区，不巧湖北大雪，没有机会出去走走。交通稍稍不便，确实只是适合自驾车的客人，打车比较难，只能等送客过来的车，前台虽然帮助叫车，但是能叫到的机会不大。房间还不错，够得上四星标准，不过贵宾楼和主楼距离有点远，宾馆也没有安排接送什么的，雨雪天很麻烦，看来是服务还是不上档次呀！	速递快服务态度很好，苹果好吃，下次再买	上了蜡，有几个里面全烂了，外面看上去较好，应该是去年的苹果
终极一班的片头大大的飞轮海3个字，但当时并没想过这个组合什么意义，后来在搜索辰亦儒的综艺视频和很多广告视频后，才惊觉早在几年前在荧屏上青春活跃的身影，野力、杰士派、可口可乐、蒙牛酸酸乳......飞轮海真的很红过啊	快递很快，但就是不知道效果怎么样，也不知道有没有效	外观很好，美丽动人，但是。。。。。口感不佳，化肥嫌疑，华而不实！	这洗发水很垃圾，不要买
裤子很好 质量不错和图片一样 还会再光顾的	包装不错 封面有图看?刚刚好十二个，没有烂的，好像是刚刚摘下来不久的	总的说来，我认为属于很好的。要拿m3与ipad mini 4比，就像拿p9p10与iPhone 7 比吧。	貌似买到了假冒伪劣产品，用后直掉头屑
外观好看，做工好，散热非常不错，是见过最好的，比想象中的要好，，价格实惠，满意	早餐太差了，不值得入住但是上海延安饭店位于延安中路，介于繁华的南京路和淮海路之间，邻近静安寺商业区、上海展览中心；酒店三面环绿，环境幽雅，交通便利。	满怀着期待购买了毕淑敏的《女心理师》，阅读之前对这部作品充满了期待，因为我已读过不少毕淑敏的作品。非常喜欢她用平实而又富有哲理的简洁的语言讲述的一个又一个故事，特别是08年读过的《女工》，连续读了很多次，非常喜欢。说句心里话，读完《女心理师》感觉有些失望。虽然我是一个学理科的人，但非常喜欢阅读。这部作品的主人公贺顿是一个由于自身的出身卑微，但又聪明、有一定追求的人。在不断的努力下获取了心理咨询师的资格，为了开办诊所，嫁给一个内心厚道但根本没有感情的男人。我不知道，这样的女主人公带给读者的是什么？同时，作品中的几个故事远远脱离日常生活，看着就感觉作者纯粹是为了写作而写作，毫无价值，除了有几句话让我留有一些印象外，其余的看完书后就忘记了。真是失望！	书中有7页的缺页，确切的说是7页的白纸，你们倒是省墨了，可苦了我，看起来没有连贯性，有时不知所云，故事情节连不上，让人非常的讨厌。
不错，在普宁寺旁边，有特色。服务员态度特别好，很亲切，都穿藏服。	物流慢了一点哈，其他都不错。应该是正品的，还没用 扫了一下码，比商场的便宜了。这次送了2瓶小的	临海木屋住了两晚，写点自己的感受吧。蜈支洲岛很不错，海水清澈，沙滩白细，景色很美，只是不适合游泳。唯一开辟的游泳区域很多珊瑚，扎脚，我就被扎破了。岛上有几个游泳池，倒还算不错，可以一边游泳一边欣赏海景。临海木屋中6688号的景色是最好，如果可以建议预定这间房屋。木屋中设施不错，虽然没有酒店豪华，但是面积不小，而且还算是干净。晚上听着青蛙、小虫、壁虎的鸣叫，感觉很不错。岛上吃的东西比较贵，味道算是一般。西餐厅可以晚上去，一边吃饭一边看夕阳，非常有感觉。中餐厅味道稍微好一点，但是价格不便宜，两个人怎么也要100块钱。建议住在岛上，可以在游客还没有到来的时候感受一下岛上的悠闲生活。我去的时候是淡季，晚上好像是我们两个人的小岛一样。岛上开发不错，服务也很热情，海上项目中觉得摩托艇最刺激，潜水没有参与，但是听说没什么意思。其实在临海木屋下面，也就是岛主别墅对面有一小片沙滩，那里海水清澈，戴上游泳镜就可以潜水，也可以看到小鱼和珊瑚什么的。	又小又坏，还贵，比实体店都要贵好多，大家千万不要上当受*。
很不错的苹果，爽甜，新鲜，第二次买了，味道一如既往的好。赞一个。	非常好送给婆婆的，经济实用京东发货超快当天就收到了感谢	因为要去芭洲会展中心，就定了这个酒店，感觉设施比较新，服务挺周到。唯一遗憾的是早餐的时候，有个烤面包机，面包在机器传动带上移动着烤，最后会掉在桌面上，虽然酒店放置了一张纸垫在下面，但总觉得不是太妥当，改进一下会更好。	房间阴暗，有异味，总之非常失望，肯定不会再住了。
裤子质量很好，店家推荐尺码很合适。我男朋友穿着很合适很帅气。推荐大家购买哦	说了送梳子的都没有！	衣服与照片不符	什么破东西 又小又不新鲜 不如市场超市的 太差了 第一次购买 不会再买了 差差差 跟描述不符 根本没有300-350g 太差了
牛仔裤质量真的很不错，弟弟很喜欢，没有色差，之前因为问了客服尺码，真的很正，靠谱。下次有需要，一定会再次光顾的。	性价比挺高的一家酒店。我在网上订的是普通标房，到那边他们给我的房间好象是豪华标房。挺好的，有一个阳台，正对春晖公园，湖光滟连。房间也挺宽敞的。早饭一般，品种不多，但是也能吃饱了。总体觉得不错，以后还会住。	一般般。个头很小，新鲜度还可以	这衣服有个味道，应该是甲醛之类的，洗后第一天穿就被搞得头晕晕的。?
感觉还不错。	蒙牛悲剧了	买的是小脚，打开一看大的跟什么一样，现在一直放在家里看都不想看	装什么玩意，不喝国产奶粉。蒙牛伊利喝不喝？国产蔬菜水果吃不吃？大陆的空气你吸不吸？国产啥都不好，就离开。还节约资源了呢。
钢琴烤漆的表面会容易留下指纹、划痕。有人评价C盘太大，但这种分区方法几乎是所有出厂笔记本的通用方法！	怎么可以在我刚买完之后就降价，太让人窝火了。	不好用，网络经常出问题，以前的手机就不这样，内存根本不够用，千万别买，后悔了	简直不能再差，刚买到手就像是翻新机，操作起来特别卡，用了两个多月，突然自动关机，不能启动，手机特别热。以前对京东自营的信赖全无，验证了便宜没好货！差评！
一次性买了五个，反应快，高端	头一次买这个品牌的洗发水，着着挺不错的。等用后再来追评吧	苹果超难吃，涩，一点甜味都没，甚至连酸味都没有，更没有苹果味，总之我不知道在吃什么，不知道是不是催熟的，京东采购的时候不尝一下吗？	住过的最差的4星级宾馆，墙壁根本不隔音，晚上楼下卡拉ＯＫ吵的没法睡觉，早餐餐厅都是附近过来喝早茶的老头
不错，套装跟便宜，618囤货超值	挺好的啊，买了这个品牌的和另外某个品牌的，感觉还是这个好点。	送货时间太长了，这可是水果呀。当然是新鲜的好	一分是给京东快递的 晚上十点多了还在送快递 这个橙子颜色到是红的 但是不是一般的难吃 没有水分切开连一滴汁水都没有流出来 而且还是苦的 我吃了半个 舌头都麻了 第一次在京东买水果 太失望了
一直用这个牌子的洗发水！真的挺好！全家都在用	已经用完一个小瓶了，洗完后头发确实很柔顺，就是超过两天不洗感觉就会有头屑了，不知道是不是个人问题还是也有和我一样的	两条裤子，相同尺码，一条大一条小，真是不靠谱，以后再也不买了	非常的不满意，一个星期才发货，好不容易等到了L的还那么大，糟糕的一次购物……
"不错的酒店, 装修和风格都很好,是郑州最好的酒店了.可惜没有时间好好住, 因为是晚上到了都一点半了.早上八点半又开车走了, 所以只觉得房间很舒服, 早餐很好吃哈哈哈哈........."	房间还可以网络也不错夜总会生意也不错只有一点这次交押金时候是刷我的信用卡预授权 结帐是用现金结算的结果预授权的金额没有给我刷回来 等收到账单才知道 那部分信用额度被冻结了宾馆反馈 2008年6月27日 ： 感谢您的点评。有关信用卡预授权这件事真的很抱歉，是我们的服务没有做到位，没能在您离店时及时帮您取消预授权以至于带来了很多的不便，望请谅解，但您请放心，一个月后，预授权会自动解除。真诚的希望您能给我们再次为您服务的机会。	上面大大的字写着：随书赠送精美签名海报的啊？？？怎么只收到书没有了海报啊》》？？？？？还我海报啦！！！	不好用，不洗还好，用了这个洗发水，头发更油，吹干了，头发都是油油的，我本来就不是油性头发，用了反而糟糕。还那么贵
蒙牛新出的香蕉有机奶很好喝啊～	用了不如在丹尼斯买的	通话音量好小，调最大都听得不是很清楚，老人没法用	假货，用完之后头屑多而且还痒。假货
可能是酒店比较旧和天气潮湿的原因，酒店内气味太难闻，离高架桥比较近，噪音很大。	非常小、皮都在烂了，完全不值这个价，同样的两个超市只需要20多元，我买的将近40了。还有海鲜的臭味，估计和海鲜放在一起冷藏的，是我最不满意的一次京东购物体验。	丑的无法想象，掉色是最大的特点，布料粗糙已就算了，质量更是最大的亮点，没穿几天就破了。	差差差！！！！
价格实惠！很新鲜！包装得很好！口感清甜，很脆！	的确是很好的酒店，环境很不错，其中，床更舒服。	环境不算豪华，但是还算干净。吃饭很贵，不如去边上海滩边的大排档划算。海景房看风景还算好，晚上能听到海浪声。有免费的车位。	骗子酒店！！！
住过服务最好的酒店之一（top3），服务热情到位，不是只认洋鬼子，酒店内有一家餐厅（但不属于酒店，不能签单），菜品很好还便宜。	本想卖给朋友作为英语入门的教材，没想到效果不佳，中英文夹杂着阅读确实不太习惯，还好是买了第一册。	蒙牛换了新包装，这个包装挺逗的，难道是想告诉我们，牛吃的是草，挤得是奶？	才翻了两天书就散架了，想退邮费又太贵，买东西还是眼见为实。
非常喜欢这家酒店，去年的时候还是四星（要二年才能评上五星〕，今年去的时候已经是五星了，环境很不错，很有中国特色而且比较喜庆，房间也很舒适，是新型酒店的最佳选择，离浦东机场也不远。服务很热情。	70后的剩男剩女，宁为玉碎不为瓦全的心态，但是渴望婚姻，渴望回家路的尽头，等自己的那盏灯很真实的社会现实，不做作，清晰的反应了现在30催左右人们的心理，不管已婚未婚，走向婚姻这条路，如果你没想好，或者你已经想好，但是诸多顾及，这本书，值得你一看。作者真实的文笔，不会让你觉得好像在看一本小说，到个更像是在听朋友的倾诉，抑或，是你自己的内心，正在对你述说着你不想为人知的往事~	十足的地难货！还好大	本来上周买了5台，价格是*，今天还要3台，价格是*我就是手机买的，价格一直是乱的，我根本下不了单，后来活动结束了，*的价格 页面又恢复正常了，所以我说挺坑的。很不开心，而且京东客服的聊天记录 超过规定时间就没了，还好我截下来了一部分。挺影响心情的事情。
正如黄河是中华民族发源地一样，美国的密西西比河堪称美国精神的熔炉。马克&#183;吐温通过《哈克流浪记》这本书刻画了美国精神的渊源：作者以朴实的语言描绘了密西西比河梦幻般景致，又以幽默甚至是辛辣笔调歌颂了男子汉的成长，以及自由、梦想与冒险精神乃至牛仔作风的源流。因此，尽管名为儿童文学，但称得上美国历史最好一部文学作品。小时读过，倍敢今天男子汉气不足的少年更应看一看。	可以。不错。值购！	失望这苹果连外面三块钱一斤的都没得比，下次不会在京东买水果	是假货，和以前的用起来根本不一样！没想到京东自营的也开始卖假货了，对他很失望！
值得推荐！与此同时购买的还有东野圭吾的《白夜行》，与女法医这本书相比，白夜行太一般了。《首席女法医》情节描述精彩，读起来顺畅，案件结尾完全出乎意料，且案中套案，引人入胜。对犯罪的描述一直采取厌恶和鞭挞的态度，不象日本推理小说，分不清他们的价值观到底是向着哪一边。所以也可以推荐给中学以上的学生阅读。	1.拍摄的图片有点模糊，缺乏层次感。2.缺乏红外线以及蓝牙功能，唯一的传输数据手段就只能依靠数据线连接电脑实现。	再也不买他们家的火龙果了，都看不见果肉	"充其量是二星的水平.卫生间里没有单独的淋浴间,正对着台盆的墙壁上装个花洒就是淋浴了,所以每次洗完澡整个卫生间都是湿漉漉的,感觉非常不好.服务人员态度差,可能根本没有服务意识,特别是管餐厅的那个负责人(女的,MS是汉族的),我们吃早饭时因为导游未与酒店?"
酒店的感觉比较旧，应该是装修的时间比较长了吧	"房间比较新,面积还算可以的,也很安静.关于前台服务:现在通过CTRIP预订是免上网费和正常服务洗衣费,但打单子出来就要客人付款,被质疑之后推脱为工作失误,该事已经有人在这里点评过,又被我碰到,因此可以怀疑其诚信."	**，连瓶盖都没盖紧，弄得一箱子都是洗发水	都不知道是在库房里堆了多久的火龙果了，这样子还拿来卖，味道也很糟糕，吃过的最难吃的火龙果。上当只上一回！
衣服真的不错啊，穿着非常舒服，布料非常舒适，物流超快，非常满意。	这个酒店住过很多次的了，商务标间和豪华标间都住过。商务标间洗澡比豪华标间舒服，有个大花洒，不过浴缸都感觉不怎么干净，所以就没有用。酒店服务也不错。足浴的MM也不错，都挺漂亮的。早餐一般，将就着吃吃。酒店不远一条街，算是美食街吧，很多吃的，川菜特别多。总的感觉比临海另外一家四星的要好。	电源适配器太大，比我T61的要大。这么小的机器，应该配个小的。发热还是有点厉害。	手机买了三个月左右，手机就存在卡着不动然后就自动重启，开机慢，后置拍照不行，就发这条评论，就自动重启了三回，不是我拍照不行，第一张物体颜色暗，食物不是这样的，我点了聚焦，拍了几回，但是出来就这样，第二张拍天空，换了几个地方聚焦，曝光都很严重，换了手机拍照都少了
配置性价比高	哪里都不错	便宜没好货，认栽..。再也不会买了，果小，成色很烂	最气人的一次网购。电话打过来推荐大一号的。结果给邮了大三号的。如大衣一样。纯是骗子。***邮回去。货回来，里面还是化纤的，起静电。大家不要买了。别再上当了！    我选把择低分的原因是卖言不诚信。就是这样。
昨天下午买的，今天早上就到了，苹果没有一个坏的，不错，京东品质。	其他都好，一般的棉料。只是这个标签牌会戳死人的你们那么多年就不知道改进一下？只是这个标签牌会戳死人的你们那么多年就不知道改进一下？只是这个标签牌会戳死人的你们那么多年就不知道改进一下？只是这个标签牌会戳死人的你们那么多年就不知道改进一下？只是这个标签牌会戳死人的你们那么多年就不知道改进一下？只是这个标签牌会戳死人的你们那么多年就不知道改进一下？只是这个标签牌会戳死人的你们那么多年就不知道改进一下？只是这个标签牌会戳死人的你们那么多年就不知道改进一下？只是这个标签牌会戳死人的你们那么多年就不知道改进一下？只是这个标签牌会戳死人的你们那么多年就不知道改进一下？只是这个标签牌会戳死人的你们那么多年就不知道改进一下？	我买了杜拉拉升职记这书寄给朋友，朋友说到现在还没收到，有点晕了，都快半个月了啊！！！	非常不好，压不了，是坏的，而且也不适合油性发质，洗完第二天就油了
"样式不错,款式好看,质量好,大小合适,好评."	每次吃完饭堂的早餐都发渴可想而知给了多少味精突然好想飲冰冻蒙牛优乐C 今天加什么班呀？方便帮我买吗？	和超市的还是有点区别的，希望厂家不是双重标准	万杰国际不能刷卡是件令人最难以接受的事情，房间电视时长不能使用，网络还收费更让人难以接受。
货收到了，还是那么好，码数正，老公穿着刚刚好，面料舒适。实惠的价格，值得推荐的产品	我儿子不久就满4岁了，拿到这本手工制作后就迫不及待的要动手做。和他一起做了几个，然后就让他自己一个人玩了，可能是太小了点，不能按线折，剪刀也用得不太好，剪偏，所以现在还没有一套真正由他个人完成的手工制作，小家伙自己还是很有兴趣的，原来只知道看电视，现在也会分出一些时间来动手制作，我的目的达到了。建议：5岁的小朋友买这本书不错。小剪刀比较好，很安全。	电池不耐用，而且后摄像头还装斜了	送的东西就是个坑，包装就烂了，意思就是想要退货就得花198块钱买这个**会员
我的宝宝1周10个月，但我想这套书一定能伴随着他一起成长。这是一套教育孩了如何表达和管理自己的心情及情绪。当面对种种的生活时，用怎样的心情、心态对待事情。我的孩子很喜欢，能说出书中当小兔遇到什么事时所说的话或表达的心情，以此来教育孩子日常生活的点点滴滴。书的纸质非常好，色彩清晰，立体感强，让孩子用手摸摸小兔身上长着的毛绒绒、白哗哗的毛，很开心，孩子非常喜欢阅读。	苹果还不错，味道也行，只是没有新疆的甜！	看了几页，就没有再看下去的欲望了！	因为赶早班机，所以选择这家酒店。。。 酒店至机场班车的司机态度太太太差，前台的服务也不怎么样。。。。。。 上海都是这样，除了差，还是差！！！！！
实在是太舒服了，价格实惠，穿着舒服，而且弹性也很好，没有异味哟！果然强大?，棒棒哒！喜欢就赶紧下手。我也是看到了就立刻下单了！暖暖的很贴心，客服人也很好！	套装很实惠很好用物流速度快味道不错去屑效果好	苹果大小匀称，甜脆，第二次购买了。京东购物方便快捷，快递员负责	质量根本对不起这个价，也太水了吧
苹果保存的非常好！非常值得拥有！配送速度也非常好非常快！	一直使用这个牌子的洗发水护发素，掉头发的现象减轻很多，而且无硅油……大家放心使用！	老妈喜欢这个牌子的洗发水，我也买来试试，赶上满199-100的活动，平均一瓶50左右，超市价格不会这样低，用后再追加评价	差评，商标都贴歪了，还能有什么好东西，，也是醉了，京东这次太让人失望了
外观非常漂亮，我很满意，电量耐用	17号-18号，相隔一天区别是100的差价，我只能说，花高价，买不快。谁让我18号去澳门了，没网络购不了物了。	非常不值，从服务到房间都很差！！！再也不住了	垃圾手机，买了10几天就坏了还不给保修。
还不错，用着还算不错，就是华为平板的配件不多啊	音质棒棒哒！玩游戏还行，性能中上吧！像玩王者荣耀这类游戏完全不卡顿，就是有点大，不好操作玩不了多久手就受不了！本来想买七寸的可以玩王者农药，可目前华为只有8.4寸好伤心，没办法还是买了反正之前那台平板不好用了！	上周五就把支票给京东了，现在是周四上午了，还没拿到东西。目前赠送又增加了鼠标和杀毒软件，估计时没我的了。	差评！苹果一点都不脆，第二个苹果还烂了！垃圾！！！
苹果收到了，发货快，好吃又新鲜，准备榨汁吃。	一下买了两瓶，第二瓶虽然多了几块钱运费，不过也比平时便宜很多，还送了那么多赠品，挺划算的。快递也很快。	货收到了上面列的赠品一个没有，商家没有诚信	买了他家的苹果，第一物流超慢，第二苹果到时全部冻了，客服回复说：过几天就能解冻，吃了也一样的，无语，这次买他家的苹果算自己倒霉了。
质量很好，发货快。京东不错的选择。。还有优惠	我经常在京东买苹果，苹果个头均匀，味道鲜甜！    只是最近买几次里面都会有1-2个坏的，之前买的都没有烂的，不知道是什么情况？    望以后不要再出现这种情况！	抵制日货，不如先抵制蒙牛！	我一直以为京东自营的水果一定会很新鲜，买回来后无话可说，自己看图吧。
衣服摸着料子不错，挺时尚的，穿上也很合身，物流也快，总之，一次愉快的购物体验。	外观与网上描述一改，手感好，大小尺寸合适，物流快	不用烤漆的好了。这次发货很快，25日上午下的单，26日上午就收到货了。很满意	京东不错，买的放心，送货也快。。。。。。。。。。
看起来很好吃，棒棒的妖。666666666666标题一定要长	多次购买新鲜爽甜，80个头大大个，物流超快，上午9点前下单，下午16点收货	一个人要出名也简单，但是君子爱财要取之有道，一本只有十万字的书要卖二十元。也太黑了点，再加上书很大，空页多，字不够还拿画来凑，这算是什么事？口口声声要学孔子，也是一个叶公好龙者。	这是我买过性价比最差的手机了。真的很无语经常死机状态没信号，打电话经常对方听不到我说话我也醉了
东西挺好的，京东物流还可以，可能下雨就慢了点。	装XP太麻烦  在网上看了无数贴子 最后下了个1G的GHOST文件  自己做了个U盘启动盘才装上 但驱动装装太麻烦   特别是声卡驱动  超级麻烦    显卡没有A卡性能强  玩游戏也勉强能凑合着玩	京东自营 快递竟然没在预计送达时间送达 真是无语了	今后再也不选京东了，麻痹刚买就降价，太不要脸了，机子卡的不行，谁买谁后悔，垃圾客服
第一次在京东上买水果，特别感谢快递帅哥，我的地址只写到楼层，没想到快递员来之前打电话问我房间，送到家门口，真好。苹果没有损坏，每个都有两层泡沫包裹。还没吃，看纹路，应该口感不会差，很新鲜，还有水珠，应该是刚从冷库出来的。	货收到了，速度很快，昨天订的今天到。质量还可以。先用着看看，看看效果。	"<<色戒>>小说不咋的,以后不会再看~~这本书也就靠色戒作卖点,别的小说和文章都是张其他书里的~~没心意~~旧瓶装新酒~~"	这什么裤子，买回来试试，就没穿过，材料差的不行，还没街边地摊30快一件的好。
刚打开外包装就闻到淡淡的香味，扫描了是正品，618活动期比平时便宜多了。还没用，等用过之后再来追评吧！	儿子回家时，我把书拿出来和他一起找，小家伙很厉害，不起眼的物品我都没找到被他一下就找到了（真的别太低估小孩的能力），这下更来劲了，更兴奋了，吵着要我给他念要找的东西（下个月满四岁，还不识字），吃饭的时候都不舍得放下，看到儿子这么喜欢真开心！其实我自己也很喜欢，晚上等儿子睡着了，我一个人还找了一会呢，但觉得还是和儿子一起玩更甜蜜，头挨在一起，人粘在一起，心也贴在一起。	一般，一般，还可以，还可以，贵了点，不值	真的好垃圾，快递不发货，买家不管不问，八天才到我手里，质量也不好，非常薄，布料不好！真的好垃圾，快递不发货，买家不管不问，八天才到我手里，质量也不好，非常薄，布料不好！真的好垃圾，快递不发货，买家不管不问，八天才到我手里，质量也不好，非常薄，布料不好！真的好垃圾，快递不发货，买家不管不问，八天才到我手里，质量也不好，非常薄，布料不好！真的好垃圾，快递不发货，买家不管不问，八天才到我手里，质量也不好，非常薄，布料不好！真的好垃圾，快递不发货，买家不管不问，八天才到我手里，质量也不好，非常薄，布料不好！
这本书是听朋友推荐的，买到后拿起一看，居然一口气全部读完。不像有的作文书看得让人想睡觉。这本书写得很通俗易懂，生动，娓娓道来。适合家长看了，与孩子共同学习作文。在他笔下，作文不是令人头痛的东西，不是华丽的词藻的堆砌，不是挖空心思的编造（而这些都是孩子的通病）。作家肖复兴用自己的经验告诉我们作文应该怎么写，作文来源于生活，真情实感是作文的灵魂等等，读来令人感触颇多，受益非浅！	我用#我查查条码比价#发现我买的蒙牛核桃奶（百利包）200ml/包价格准确。	酒店服务太差了。	这是什么火龙果？只有拳头一样大。我在京东上买了好多次，这还是头一遭。退货
质量不错，物流也快，卖家态度也好，已经是第二次购买了，给5分。	机器很好用，大小正合适，音效强大，电池稍有点不足！总之瑕不掩瑜是部好机器，值得拥有！	我感觉这次像是买到的洗发水有一大股味道，估计洗发水有点问题	客户反馈：一般！不怎么样！ 一般！不怎么样！
真的很好吃，每个苹果都很大，水分很多，酸酸甜甜的，好吃！	去过日本以后，非常感谢这本书救我了无数次，尤其是那个不通英语的国家，没有它真感觉很无助。连我爱人都夸我买的很实用。坐新干线3个小时，我都在听它附带的mp3，掌握了一些常用的话，学了一些常用语气，同团的人都夸我“专业”。呵呵	质量蛮好的，包装不错，发货速度快	吃起来不方便，味道也极度难吃，以后坚决不买蒙牛了，只能说好奇心害死人！！！
裤子很满意，买给弟弟穿的，弟弟很喜欢，尺码，款式都很好，质量也很棒，很喜欢，会一直关注的。	包装精美，品质有保证，比超市便宜许多。	抵制日货，抵制蒙牛、伊利	"房间太小.设施太垃圾.洗澡水半天都是凉水.放很久才有热水啊.洗澡间放5分钟就水漫金山了，所以原定住10天,结果住了2天就退定了,冰箱没接电,宽带还可以."
非常好的苹果，非常喜欢，质量保证，强烈推荐	这箱最赞，大小均匀，没有伤果，满屋子苹果香．	12个中有4个比较小，其余都挺大的，尝了2个，非常新鲜，爽口！下次还会再买！	没有上次买的脆了还有什么烂的都不新鲜了
在京东商城上买东西真的非常方便，送货也快，质量也好，我非常喜欢京东商城。	蒙牛在为我们生产牛奶。真的很感动！！！	蒙牛伊利不敢喝	实物比图片效果差很多。
系统不稳定，经常死机，这是我最头痛的！而且内置的游戏也只有一个！不支持JAVA技术！配件也不太齐全！待机时间比较短！	还来？ 别骗人了 做人如做事。抵制蒙牛和抵制牛根生相关的其他产业可以同时进行，并不冲突！ 回复 貌似蒙牛被中粮全部控股了吧，不管牛根生什么事吧？	卫生差，有小动物出没。早上第一班车退房人多，只有一个服务员，那个淡定，差点误机了。	充电观看时关机，充电超级慢。一小时冲5%！一星给快递小哥
非常不错的酒店，设施、服务都不错。比较适合度假休息，放松心情。	"还是一个多月前住的了.印象很深刻.酒店外表看起来是很不错.里面还算一般了.给我印象深刻的是我第2天屁股就开始痒.害我赶快去看了医生.还好.没什么问题.可能是被子没洗干净.上面有细菌.肯定没消毒.被子不可能没换吧???建议大家以后还是住贵点的.不要贪便宜.也就一两百快的事情.象后来咱们去东莞住的海悦就非常好.500多一晚上.房间大.很新.环境也很好.服务员态度也很好。总之什么都很好.很满意.很值.相信深圳的海悦也不会差.我现在都不敢住3星4星的啦.哎,不放心啦."	"订的是豪华标准间,房间里的霉味让人简直不能呼吸,好在服务台给换了一个房,虽然霉味还是有,但比第一间好了很多.这,难道就是传说中的豪华标间?"	#蒙牛篡改产品生产期# 现在的奸商太没良心了，政府监管不力，同流合污。
换了一部小灵通，选的627，还不错，挺漂亮的一部机子，感觉通话质量挺好的也稳定，偶尔有掉线，但是这种情况不多，在外边跑业务，电话费感觉真是省了不少，呵呵，选对了机器	吃了一个，很好吃，酸酸甜甜的。口感不错，物流真给力！个头不大，还可以	为啥买的两瓶一瓶干性头皮适用的有外包装，一瓶油性头皮适用的没有呢？	蒙牛作恶无底线
老牌子，值得信赖，一直在用，去屑效果好	"这个酒店总体不错,安排的房间正好可以看到海,就是普通话好像很难沟通亚~下次还会订"	特别之处就是外屏幕的闪电屏幕	差评、发货没有耳机，前天找客服，到今天都没人回我、
很满意，东西很多，价钱便宜，很划算	1.配置合理；2.外观不错，稳定性好，接口全，做工还好，相比硬件配置及稳定性，外观及做工是其次的；3.散热效果好。	物流很给力，就是物流也是要求才送到户，但是安装的时候搞的有的不愉快，因为是老房子想给厨房安个热水管，师傅必须用他的材料，要不不给安装。说也不保修，最后我自己找人装的，花的钱无所谓。希望以后可以可以因地制宜。有的霸王条款的味道。总之不是太愉快。	机器有时候经常卡顿非常不好用！像素，分辨率，运行内存都很低。
这价格没得说早上129，晚上就109，以后谁还敢多早就下手了！	1、check in的时候没有记录，说是携程的问题。2、标准间楼梯，楼道，房间里都铺满了地毯，很脏，有异味。3、楼梯刚好在清洗，打了洗洁精也没标记，差点摔跤。洗完后整个楼梯都铺了白布，被客人踩得一塌糊涂。4、房间很小，尤其是洗手间，进去了连转个身都很困难。5、洗手间水槽坏了，水放不掉，虽然后来叫师傅过来修好了。6、房间窗户只能开一个小角度，很不舒服。7、有几个服务员正对着你就这样面无表情得走了过去。让人难以置信。（其中一个刚好是给我check in的那个男服务员）8、空调声音是我住过的酒店里最大的，不得不在晚上关掉。9、中午12点回酒店，房间居然还没打扫好，把清洁员叫来，答曰很忙，还没轮到这儿。总之，不推荐入住。	一般情况下不是太糟糕我都会给5分的，这个pad太tm烂了。主要为了给父母用，和我视频，可是qq，微信视频噪音非常大，吱吱吱响，完全不能用，而且居然不能调整音量，实在太烂了，以后买pad还是应该买苹果的。联系售后要退货，因为中间隔了个春节，时间超过7天了，也不给我退，只会说，不好意思，给您带来麻烦请谅解。。一个字，烂！！	超级差评。在前台咨询外币兑换服务，服务员二话不问直接说不兑，只给住店客人兑。但我是周末住的店，当时问回复是工作日可以去兑。工作日去了又说必须住店才兑。没有一点服务意识，刚住过店的就不是客人了？？？？
很不错，看了好久才下单	还不错～用段时间了在看～	太次了！穿了一次扔了	我再也不喝蒙牛了。。太恶心了！！！我不想说。连续喝3盒都有凝固的沉淀物。已经打了 蒙牛NULL-1电话给蒙牛公司。坐等回复！！！！shit！！！！ 坑爹的蒙牛'买了一箱回来'今天打开一看瞎眼了怎么就少了两瓶牛奶'这不就是欺骗市民嘛'无良的商家质量差就算了'现在数量也欠缺 #蒙牛#
活动时买的，给老人玩微信专用的，对功能要求不高，试用了几次，还行。	就像个大手机吧，不过画质还是可以的，品质有保障。这款不能打电话	苹果的口感不错，但说是80号果就太欺骗人了，个头严重缩水。还冠以烟台果品总公司，砸烟台苹果的牌子，丢人！	什么质量吗？根本就对不起这价钱，色差太大
平凡的记录不平凡的费德勒，有过辉煌，有过失落，有欢笑有泪水，相信他的路途依然精彩，胜也精彩，败也精彩，他的完美在于追求完美......过去喜欢，现在喜欢，将来也一直喜欢，这么一个人，创造完美，赢了多少，输了多少，付出多少，收获多少，ROGER 将继续完整他的人生，让他更加美丽，我们将依旧支持，默默注视，看他怎样打出完美比赛，画出完美人生。	买了两次，这一次最垃圾。	不怎么样！早餐品种少。 房间入住等待很晚，入住后，房间清理不干净，退房时候发给前台入住前清理不彻底的照片，居然不道歉？！也没有任何回复！	东西真心不咋地，穿上真心显老气，质量也不好。客服真是不知道改怎么说，发信息问它物流信息都不回。很慢，物流一个星期差不多才到，真心对京东失望，以后都不会再上京东买东西了
京东商城物流就是快，晚上下单第二天上午就到货了，这次买的洗发水真好用，以后就用这个牌子的洗发露，	自营店的包装，实在不敢恭维，外包装不是全覆盖包膜包装，俩边透明胶带沾边包装！别的还没看！	不能上3G网还有不能上QQ听MP3还要插线太麻烦了	这货，收到我就想退了。品质太差。便宜无好货啊，绝对真理。
质量不错，大小合适，颜色也和图片基本一致。弹性面料，活动起来也不会太紧绷，舒适性更好。搞活动三免一，摊下来每条才60+，非常超值。	属于酒店式公寓，房间比较温馨，不过淋浴房太小了，淋浴设施也比较陈旧。酒店的地段很好，紧邻解放碑步行街，离轻轨站也很近。退房的速度相当慢，早上退房基本上都要等20分钟以上，人手太少，前台的服务态度还是相当不错的。总体而言性价比不错。	个小，吃第二个就发现了坏果，坏的透透的，外面根本看不出来	一颗心都不想给，垃圾，才用一两个月就出现花屏，比山寨机还垃圾，华为大品牌也不都是好东西，客服爱理不理的，
质量不错，很划算，老公很喜欢	不新鲜，味道也一般，还有就是说好的次日达，三天后才到	给的是白心的 我刚看到我擦 都第二次买了还这么坑	**一样这裤，完全不符，物流还慢，让我怎么给你好评，
嘻嘻，男朋友送了一只粉红色的给我用，喜欢死了，2150到手，正品的行货，两块电池跟两充，带数据线，耳机而且还送了钱包（一大一小），感觉好值啊，有时候男人也是很会买东西的嘛，哈！	酒店设施齐全，服务周到离海边很近，适合晚上出去散步	垃圾，谁买谁后悔，???，特奶奶的，黑色黏毛	这个一星评价是给京东配送员的！自从启动了丰巢计划，连个电话都不打，直接放进去了。
价格便宜。屏幕超大，可显示8行中文！32和弦名符其实。红外接口。支持彩信，可玩性强。	价格不便宜但是却比差不多同价格的酒店差！比如朗庭贵一两百但是各方面都好太多了！	蒙牛。姐永远不卖了。坑爹伤不起。次奥。话说人家名字好吧。 好个性的名字草泥马奇葩，蒙牛姐永远不喝啦	京东这是怎么回事？弄的盒子上瓶上都洒了那都是，真讨厌
买洗发水买成了这个，，丢============	质量不算太轻；不升级BIOS版本会导致2GB内存只读出1GB；触摸板设计不够合理，建议附送鼠标；集成显卡不足以应付大部分3D效果要求较高的游戏，但不能苛责。	好期待的水果，买了好多，几箱子，可是看到水果一点都不新鲜，火龙果这是放了多久了买不掉挑出来的吗？还有所谓的苹果，将近20块钱就买了四个小苹果疙瘩，一箱猕猴桃我还怎么看，但是这个火龙果和苹果真的让人好失望！好失望！    还不如去超市，价格差不了多少还能挑点新鲜的！	很渣很渣，实物与描述不符。欺诈！不要相信什么京东寻真，我从未在京东上如此的购物体验，你们作死的节奏吧！
挺好吃的，挺脆，挺甜的，好吃，买了两箱，孩子很喜欢，快递超快，当天到的，没有一个坏的，赞赞赞，还会再来的	产品外观小巧，性能稳定，功能齐全强大，适合办公，学生使用，价格特别合适，还有dell的品牌和售后保障	炒鸡划算，买了囤起来。京东给力	洗发水太差了 全家人都头痒 我读书的时候就用潘婷 没想到现在变这样了？
女儿说沙宣洗护特别好，趁活动价买的，好极了心情好好	感觉做工、材料什么的比以前IBM时代有了退步！当然不是360的问题！	换内存不是很方便，没有XP操作系统。 另外硬盘如果要改成SATA格式比较麻烦，估计现在有50%的人还不知要硬盘要打专业驱动。另外，奶奶的，串口到哪去了，DELL工作人员，告诉我是有的，到底在哪	垃圾 全寄发霉烂的过来 联系客服 客服说售后会处理，我就呵呵了，套包一出问题直接就能处理，这里倒好 一出问题客服直接推给售后，叫顾客一直等售后，你们的时间是时间我们的时间不是时间嘛？等半天售后都不来电话，你以为我们全天都要等售后你这位大爷打我电话吗？我们没事做？
东西没有想象中大，其他还好！质量感觉挺好！京东快递太给力了，当天下单当天到！！！	"离南京西路才一公里,靠近中心商业区,所以价格比一般如家要贵!地点算是好找!周围环境一般,房间内比以前住过的如家要大,但是房间内有比较浓的空气清新剂的味道, 所以要开窗开空调换气. 整体来说可以接受!特别是在上海房价这么贵的地方."	我12月5日订的书，到12月14日都还没有给我送到.服务怎么这么差?气愤!	不明白偌大的一个当当网为什么会卖盗版书。已经对比过图书大厦的正版，拿到的这本杜拉拉1纸质粗糙，字迹颜色明显浅与正版。路边书摊8块钱能买到的盗版书，在当当网多花一倍的价钱买来，还暗自欣喜，认可网上购书的优质与便利。真是失望之极。
裤子收到了，很棒，很帅，很合适，以后还要来买这家的裤子！	作为妈妈，我个人很喜欢这本书，但是仍在怀疑这本书是否适合给孩子看？这本书以孩子的视角观看我们的生活、并以幽默的口吻讲述，实在有趣又发人深省。对于经常加班感到疲惫的我，最近拿这本书作为精神放松和愉悦心灵的良品，睡前看一段，总忍不住呵呵地轻笑；而同时不必刻意，就反省到了：自己如同尼古拉的父母一般，同样存在着很多可笑的自我矛盾呢。这本书好像给大人的教育意义更大些呢，呵呵~~	蒙牛荣获“利乐枕无菌包装使用量全球第一”称号，荣列“中国乳品行业竞争力第一名”。 新养道珍养牛奶获得第四届中国国际妇女儿童产业博览会最具人气奖；	此次购物基本满意?买了三箱苹果，只有一个坏的，还有就是比市场买的小一些
裤子很不错，合身又舒适，物流也快，不愧是一直信赖的牌子，应该还会再次购买	质量不错，穿着很合适，值得购买	这个真的有点小啊，太小了！！！！	给个差评吧!
一直都是京东买生鲜，信任，好，快，便宜，好评	买回来后本以为这本不没什么特别，但出乎意料儿子即觉得很好笑。我问儿子好饿的小蛇看到一棵苹果树会怎样做呢？他就说先爬上树把苹果吃完再下来，但一翻到后面就大笑起来了，还说那条小蛇是傻瓜蛋！还有书的屝页和尾页作了前后照应，每次读这书他都要把前后两页的树数一下，数到后页少了一棵苹果树时又大笑起来了，还反复的数反复的笑，儿子看这书真能感受到他天真可爱的一面！值得一看再看的书！	2099买的  原来颜色不是纯白的   有点发黄  估计是怕脏吗   折腾一天才装上XP	三个火龙果，坏了一对半，啥质量啊?差差差评
冲着别人给的评论而买了这本书，买回来一看，失望，不适合我这性格的人看。	感觉包装差，瓶子做工都差，怀疑不是正品。	"顶多附合三星标准,电梯灯光昏暗，房间隔音奇差，房间装修较陈旧,地毯较脏,基本的小形吧台、冰箱都没有，保龄球、游泳池等设施形同虚设，早餐很差。更特别的是，由入住到离店都未能有幸听到服务员的一句“谢谢”，是我住过的最差的四星酒店。"	第一次网购洗发水！跟我在实体店买的就是天壤之别，完全不一样！包装一般吧，瓶身还有污渍洗发水，洗头感觉就和我在小*真是糟糕透了！
裤子质量不错，没有色差，穿上比较舒服，很喜欢，赞赞赞	感觉还是不错的，刚开始用几天……	按键设计人性化（没用过只看过的人绝对会说我在吹牛，但是我用过3个小时后就迷上了，绝对比一般的按键好上手，除非你是手指用功能残缺才会有用不到的问题出现（我估计这个机会很低）），其实很多DX都只是凭感觉说话，这对某些事实会非常不公平声音无比伦比，绝对比N机的单声道优美，假如你还是觉得单声道好的化，我建议你有钱都不要买影响，就一辈子用你的N机听过世算了屏幕大：虽然屏幕的亮度是不强但是我有一个问题想问大家，你的N机的亮度是否永远都处于最高亮度的时候呢我相信用手机的人都不会，理由很简单，在白天就算你在最亮的时候，看颜色都绝对不是很清楚（彩屏手机得特点），在黑夜看手机得时候好像看灯泡一样，你会觉得舒服吗，假如有这种情况建议你有空去看一下医生！	房间很干净，住的比较舒服，就是床有点硬。但是，号称在海河最美的一段纯粹是骗人，离海河至少要走十分钟，而且根本谈不上美。
我首先声明我个人不喜欢TCL的产品，但不代表其产品不好，不喜欢它是不喜欢TCL暴发户的心态。一开始好好的产品线非得在手机还没有普及时就开发出什么宝石手机来取悦于富人。就性能来说，TCL手机并无过人之处。只是上面嵌了颗宝石，当然有的并不是真宝石，只是防真的，始终不明白到底是这部手机本身吸引了消费者，还是手机上的宝石令消费者念念不忘。等消费者回过来想想时，还不如去宝石店搞个真的呢，不过只是一时满足了一些暴发户的炫耀心态。同时也只能说明了:一、手机生产厂商的研发能力较低，只能做面子活来吸引顾客；二、手机厂商为了获取更多高额利润所采取的手段。宝石手机的热销还是如今国内消费者不成熟的体现，闪耀的宝石手机固然惹眼，但我认为它不应该成为使我们掏腰包的唯一动机，更重要的是手机本身的品质。只有这样才称得上是一名成熟的、理性的消费者。	"位置一般,门口还在修路,沙尘滚滚,附近没有像样的食店,不建议入住"	！一半烂的，还有一个和鸡蛋差不多大，真搞笑	不想说什么，买洗发露的变成了护发素，包装什么的居然都一样，还说此类物品不让换，哎，摆明就是霸王条款。换个角度说万一给假货或者是用过的，我们想退换也是根本不可能
满满两瓶，一直在用无患子的，期待生姜的效果。	外观还算不错，发热没有想象的那么厉害，加内存条也还是比较方便的	1、没摄像头，不送鼠标，需另配 2、发热有点大，这可能是独立显卡的通病 3、预装LINUX毫无价值。改装XP系统时需在BIOS中把硬盘模式改为IDE，否则蓝屏 4、16：9屏幕有点扁，不是很习惯	一颗星不是针对这个产品，而是我买的是壳膜套装版，为什么只给我一个裸机
摸着不错，手感挺好的，大小也合适	蒙牛养牛场的牛很厉害 越来越喜欢这歌了 转发微博	"房间很好,价格也不错,服务也不错,就是不好停车."	以为只是表面摔坏了一点，切开才发现是里面坏了
用起来感觉还好，系统游戏都比较流畅，实际可用内存大约有6g……加个内存卡，电池看电影大约六小时，这是新机状态	花花公子品牌，就是不一样。穿着得体舒适，希望京东和花花公子多做一些这样的好产品。	质量差，掉毛严重	第一天收到还可以，第二天就冲不进电了，大家不要买京东得商品了，全**骗人的。
离珠江夜游的码头很近，所以对旅游者来说是个不错的选择，周边环境也很好，很安静。房间比较宽敞，下次会再选择入住。	大促性价比太高，系统更新后流畅得很。大型游戏还是算了。拿来看看书，追追剧最适合不过。这个音效真是太好了，比市面上一般的蓝牙小音箱要好。	第一次用京东，早上下的单，下午就到了，说真的京东快递，真的快，这点我服。清扬洗发水，应该不错，用了几年了，品质值得信赖。	环境还算可以，但出入不是很方便。其它配套设备还过得去吧。
我买养生的书都是送给老人的，他们说这书不错。	表姐凯听到温森特的表白后，花容失色，一直逃避着梵高，她当时只说了句“不！决不！决不！”这几个字，简短，却是梵高面失败的态度，经历了五次失败，他终于寻觅到自己该走的路——画画。其实我是欣赏梵高那种随遇而安的态度的，做福音传教士时，目睹着矿工一个个挨饿，生病，死于矿难，即使他倾尽所有，宁愿自己挨饿受冻，也无法传递上帝的福音，使上帝降幅他们。于是他开始质疑上帝，上帝是否抛弃了这里的矿工？庆幸的是他选择去画画，他没有被生活所打败，他仍是渴望生活的，正因生活中面临着挫折，才愈激起他去挖掘生活，体味生活。放弃？不！决不！决不！	一打开就飙出来了洗发膏…    我还能说什么…	难吃的不想说话，小，而且很酸，口感太差，再也不买了
裤子穿上不错 质量也不错 棒棒哒 值得购买	散热性大了点，开机一会就发烫，驱动不怎么好弄，但基本搞定，摄像头不太好	和噼哩啪啦有部分重合，太低幼，不好	与上次买的包装不一样，外面的盒子是天天果园的盒子，根本看不出是那里产的，里面的猕猴桃是不是进口的吃不准，里面用一堆乱草一样的东西装的，很乱那是装猕猴桃用的吗？
我是出差在沈阳，本来我以前已经买过一个，这次的本本是帮朋友买的，比原来的性能和配置有所提高，但是价钱反倒降下来了，提高的地方主要有两处：一、N270提高到N280，六芯锂电的容量从4400毫安提高到了5200毫安，很值得购买，我用了两个月，样样功能都很好！	苹果买来送人的，还行吧，挺好的，下次再买来吃	比预计的迟了一天，还没用，不过我相信京东	没有图片上的好看被骗了
上网很快，比小米的好用。	"这样的硬件,这样的价钱,在香港是绝对超值的.保持了喜达屋的一贯高水准.如果去中环的班车免费就更完美了."	“奇书”算不上吧！只看结果，成功固然好，但是不一定每件事都要拿出来说。。。	起球不是一般的厉害，表示根本没法穿一个站坐都一裤子的球疙瘩，裤子已经丢了
这个一点都不好，洗了头好痒的，骗人的嘛	618减300的券，今早0点开始点，点了20几分钟，明明有券就是告诉我要排队不能兑换.是你们系统问题还是我活该点了20几分钟都点不到券，半年时间买成钻石用户，今天凌晨0点不睡觉就点你们家券了，太失望了，没有合理解释我就京东封号，在也不来买了	给留的房间太差劲，推门一股霉味，空调坏了还没法用，服务差，果断退房。	软的，我第一次知道苹果还可以酸得掉牙，心还是烂的。一分给快递，快递很好，商家商品不行。
共三本。我女儿刚看了二本，生物和文明版。女儿特别喜欢生物版中关于恐龙和史前人类，刚拿到生物册，第一个晚上就讲了一个小时。现在她正在阅读文明册，对英法百年战争中的黑死病兴趣多多。就整个文明册而言，主要涉及的是世界的发展史，中国方面涉及的内容比较少。目前我只看到关于孔子、兵马俑及中国古代的一些知识，有点不过瘾。但图画不是很精美。我有一个朋友的孩子一看到科技册，直觉上认为画太难看。	1。我住的是靠马路的标准间。房间内设施简陋，并且的房间玻璃窗户外还有一层幕墙玻璃，而且不能打开，导致房间不能自然通风，采光不好。2。吃了三顿早餐，品种少得可怜。3。二楼餐厅被租出去了，价格特贵。原来订餐时告之房客可以打九折（房间服务指南里也明明白白写的，等到结帐时却告之海鲜和酒水是不能打折的，而且没有发票，找来经理才好不容易在第二天拿到发票。综合来说与四星级差距太大了！	苹果说实话 小 而且并不好吃 还5块多钱一斤 这个在我这直接1块一斤都不要 1份给包装	我要的是xxL发过来不一样的！一句话就是差
苹果颗粒均匀，色泽漂亮，拿到手还是冷的，保鲜做的好，没有一个有伤痕的，味道很好！吃了再来买！	这本书，我看了之后，觉得写得很好，不是讲大道理，很朴实，很辩证的看待班主任工作，包括“体罚”学生之类的情况，书上都有自己独到的见解，这是我见到的与许多班主任工作书籍不同的一本，或者说是另类吧，是一本来源于实际、来源于基层的书籍，对于班主任的困惑和矛盾，基本上都可以解答。如有兴趣，请看一下，也许你的班主任工作将轻松无比，且无思想包袱。	还可以吧，随便住住，朋友在附近。	还敢不敢在京东买东西了？相同的货品一个不到降40？这不是抢钱吗？感觉特不爽。
下次如果要吃苹果，一定再上京东自营产地直发，非常的新鲜，你说，是不是要多买一点呢	不错，用了一段时间才评价的，平板没的说，浏览流畅，网游不卡，声音这是不错，屏幕也清晰，电池说实话个手机擦差不多，基本上都挺好，就是加钱够的折叠外壳有点问题，折叠盖不能全部向平板背面折叠，只要折叠上平板就会锁屏，不知道怎么回事，一开始还以为平板有问题呢，总是自动锁屏，后来才发现是外壳导致，现在只能把外壳折叠起来折到平板背后，挺别扭的，不知道售后可以解决这个问题吗？看看有没有售后主动帮我解决吧！	房间清洁感不错！早餐一般般。前台服务有待改善！ 离机场不远，还有机场专车，非常方便！而且司机很有礼貌，服务态度好！ 美中不足的是 因为到店时间较晚，附近想找一家饭店都困难，周围黑灯瞎火的，怪吓人。	这次很坑啊！年前在京东买了一次苹果相当好，又甜价格也便宜，这次买的太失败，品相也不好，基本每个都有碰伤，削出来还要修了才能吃！本来想退嫌麻烦！
非常喜欢酒店的服务，我第一次来提了好多意见，比如开夜床没有点心，等等，结果第二天客房就送来点心了。非常感动。第二次入住时，前台竟然认出我来，说欢迎我入住。感到很温馨。很喜欢这家酒店。前台的笑容很真诚。	词学概况深入、全面，对了解词与词学的基本知识大有帮助。但作者的及格观点值得商榷：1.作者称词有严格的要求和填词的文学功底，这点事肯定的，但说不要轻易填词，否则是无谓消耗精力，却不敢苟同。因为，现在的很多年轻人中都风行填词，表达自己的思想、情感，又况，词的格律在苏轼时已被打破，在南宋时又与音乐脱离二层为一种独有的文学体裁。因此，作为继承祖国优秀文化的考虑，保留、传承、推广和广大这种文化，应多鼓励今人在具备文学修养、素质的条件下，多尝试填词。2.有种观很政治化，要求词要具有社会意义，否则流失风花雪月、不痛不痒，没有显示意义。其实，古往今来人于时代、社会相比都是渺小而软弱的，也许今天的一首词只想书法一下烦恼的心情，借景、物以抒怀，心理上达到“移情”的作用，有益于人的生存、发展。再说，社会的暗点，不敢说、不能说，也不可深说，这是有局限性的，即所谓的社会性就显得很单薄，反而以为的气球就只会走入歧途，或者相反面，比如歌功颂德，侮辱了词本身的优美。此书甚好。五星。	外观、质量都还可以，就是返回键用起来不方便。	有一点点小卡。快递还可以。就是。东京的事，快递包装，包的太差劲了，很容易受损。就拿一个就拿个盒子来条胶带轻轻松松可以调包万一给别人调换了怎么办？盒子放的这么毛糙？我发货的时候就提醒他那个外包装弄好弄。哎呀，还是管理不妥当？
"建议酒店餐厅预备当地产的酒水,以备外地客人品尝."	2天就没电了，去柜台换了电池，还是这样，做了检测，说是没问题。看来电池是太差了。	半个多月了都没收到货，也没个说法	最糟糕的一次购物经历！还买了六个到货全部霉变！差评
酒店位置还是可以的，有免费穿梭巴士接送，酒店的整体外观不错，但内部的设施和卫生的确一般，如果转机还算方便，但带孩子不建议入住	好咯哦咯哦哦 Joe look 内膜进行了，凑骷髅头一轮OK咯哦	没看过她的讲座，所以买了她的书看看，结果大失所望，真想不到为什么会有那么多人去追捧这本书。太简单，没深度，从另一方面也反映了我们大众对传统经典的陌生。	对所谓的藏畅销书越来越失望了这本书读起来味同嚼蜡不管从小说的角度还是说心理书的角度都写得非常不到位以前毕淑敏的小说有些还不错这本...就太失望了
硬盘没有分区，VISTA太慢 好像我 的 本本也是左边比右边的 温度要高一些，但是还能接受	不太好 不要去了	"缺点:总是不明原因的死机,有时运行程序也不能正常进入,需要重新开机才能正常进入,手机反修率很高,我上星期去修的时候,同时有好几台都来修,都是因为软件的原因,不稳定，我的建议还是不要买这款手机,估计在设计上就有问题,缺陷!"	垃圾，尺码严重不符
清扬，一直在用，自从知道了就用，太好了！！！    清扬，一直在用，自从知道了就用，太好了！！！    清扬，一直在用，自从知道了就用，太好了！！！	上午买的，下午就送到了，速度速度！快递员态度超好！	同一个订单中这本书没有收到，那为什么还会扣钱呢	七月三十号到货，九月十七号裤裆破了。裤子啊裤子，想说爱你不容易啊！！！！
指纹、蓝牙都有，又是独显，这个价格也是市面上最低，很实惠。送货上门很方便很放心。	产品的外形尺寸设计非常独特，放在盒子里充分利用了空间。洗发效果有待进一步观察中，感谢京东服务！ 产品的外形尺寸设计非常独特，放在盒子里充分利用了空间。洗发效果有待进一步观察中，感谢京东服务！	没有说的那么好，洗后头发掉得厉害，在京东买的东西，这次一点不满意	简直就是垃圾。前台服务员态度非常恶劣，还摔房卡。酒店一股发霉的味道。被子是潮湿的。以后打死不会入住此酒店。
比较旧 隔音很不好 离机场很近 还有接送	没有安装xp或者Vista，消费者自己安装的时候很容易装错顺序，导致声卡，显卡不能够正常运行，官方的驱动程序比较fancy	比外面的贵太多了。欧莱雅（LOREAL）奇焕润发精油100ml（免冲洗 修护烫染卷 精华竟然比*贵20多。差个几块钱都忍了。这也太多了。	洗了一次还掉色，*
送货速度快，服务质量好，京东自营有保障。	"离京沪高速江都出口大概4公里, 开车的话5分钟就到了, 很方便, 院子里面有专人看车, 车子也很安全. 酒店若从一个三级城市的四星级标准来衡量是很好的, CTRIP的价格也很好, 260块含双早是超值了.床很舒服, 热水也很大, 卫生间规格很高, 干净, 并且CHECK IN/OUT都很快, 一看服务生就是经过很好的训练的.自助早餐品种多, 味道还可以"	"酒店设施还可以,服务也不错.值得一提的是:早餐不象是所谓的五星级的早餐.门童的服务也不到位!其他都还好!"	"我是3.23日入住的,定的是大床房(515房间).这是我住过的房间最小的酒店了,房间的宽度就是一个床的宽度,床脚上面做块板子就放电视机了,整个房间没有窗户的,电视机边上的墙上好大的裂缝.晚上洗澡发现下水道堵的,由于已经12点多了,所以也没有要求服务员来帮忙解决了!还有办住宿的时候前台就一个人,帮我搞了半个小时(我还是用现金付的).不过房间还算比较干净,就住一个晚上,所以也没有那么计较了!!!"
苹果看起来小了点，味道还是相当不错的	买了两套说好的赠品吹风机没给！	3点入住，竟然还要求等一下，说房间可能没打扫干净。本来是喜来登管理的，现在是泛太平洋。两者天差地别，泛太平洋太垃圾，不建议入住	不是正品，不是正品。 不是正品。 不是正品。上当了！
已经习惯了京东购物，品质好，小哥送货给力！	用于公司，不过看样子不错	清晰度大差了，没有想象中那么好	这活动搞得也太多了吧，前两天下单说是618活动，今天618还没到又再次降价，什么意思，难道我上次看到的是假的618活动。1分给平板，用着不错。
苹果每个都用网袋包装，光鲜无伤，果味独特，甜脆可口。	"这家酒店充其量只能算是三星,无论从硬件还是软件方面来说都达不到五星的标准.我9月14日网上预定了三个房19日入住,结果到了前台被告知没有收到预定单,经过和携程联系后等了足足半小时才入住,这其间没有得到前台一句道歉的话,而且还把我们几个房间分到不同的楼层,说是没有同一楼层的房了;可事实不是这样的,后边我们同行的还有几个朋友入住都分到我这一楼层,证明不是没有房间而是前台有意刁难.到前台与之理论一番之后才把我们几个房安排到一起,真是让人生气,以后再也不会入住这酒店了.另外在前台直接办入住是488,携程的价格是588."	900块钱的手机，懒得去折腾，JD也不会去关注买家的反馈，只是让我遗憾的是这唯一还值得信赖的网购平台，也慢慢在利益的驱使下，失去买家的信赖。东哥一次次保证JD商品的质量没有问题，但事实果真如此吗？一次次被打脸，不久的将来，JD也会成为第二个*宝吗？	出于我第一次住上像这样的所谓3星级酒店，我也来说两句。。。蓝天实在是太烂了，房间程度还是过的去，但是服务态度简直就是垃圾级的；宽带不好使，晚上直接就是不能用了，问了说是出故障；中午要了份 意大利牛肉粉 吃了差点没吐出来；白天忙着应酬、签完协议回来，晚上性骚扰的电话响了N次；说到气人的事了：早上退房，总服务台联系楼层，第一次楼层说我喝了矿泉水，我就直接告诉总服务台房间里面什么都没有，可能吗？接着楼层又说我喝了可乐？？？晕死了。。。第三次楼层又说我把卫生间的避孕套的盒子给拆了？？？？？？差点没我给气死了。。。我火了就问了到底是怎么回事，就你们这样还是3星级的酒店？？后来装了个样查了查说是7月5日的住客消费了。。。呵呵。。。足足等了20分钟才弄清楚。同时也让开车来送我去机场的朋友在那站了20分钟看着。。。真冒汗了。。。
这个年代的爱情说实话无法理解很多情节我都很有意见90后不要看这种书这是一个时代的悲哀吧	"小木屋的隔音相当差,而且房间间隔很近,门口就是过道.由于游客的作息时间都不一样，所以被隔壁洗澡，冲马桶,早上起来看日出的声音严重干扰.房间门口就是公共过道，隔壁一个韩国人半夜跑出来打电话，叽里呱啦的不知道说什么,我出去用英文请他离开.还好他识趣的走开。房间还行,就是床小了，只有1米宽.有热水,热水很热，不错。"	定了两间一样的房，一间有宽带，一间没有？为什么？有宽带的一间，上网有时能上，有时上不了，急死活人！卫生间房顶漏水，房间里没有任何饮料，问服务员要饮料，回答必须现金结账，不可以挂房帐，岂有此理？	商品发货时间太慢，过了好几天物流信息还是没有变化，查询货运单号竟然显示没有该单号。后来和京东客服联系才知道商家一直没有发货，真是坑。
很好吃，快递员服务态度也很好，总之，一如既往的好，谢谢！	买了两份，结果有三个坏的，最失败的一次购物，以后坚决不在京东买水果	莫名把我订单取消，遇到问题就把责任往顾客身上推，我也不指望你给我售后了，无条件差评。	酒店前台的服务态度让人无语。到广州办事，在广州的朋友来看我，开车送我到酒店入住。非说我朋友也要登记身份证，还拿出一张纸，上面写着凡住宿的要登记身份证。朋友家离得近只带了驾驶证，前台说那不让上房间。我说那只取消入住吧，前台和携程沟通时，说登记一下，住没带身份证。后来我朋友急的投诉了。差评，住过一次，又没窗隔音差又压抑早餐还差，要不是要在附近办事不会预定，以后都不会再预定了。强烈不推荐！！
安装上了，是正品，与实物一样，比专卖便宜了好多，发货也很快，包装也严实	一如既往的支持蒙牛。	质量有点差，不太好用	码数太大！都不知道是怎么定的码
赠品是一个100ml的清扬洗发膏，还有其他的可以选择。性价比超级棒，用过了感觉很不错，没有之前的那么大的香味，很清淡。	这个屏真爽啊，还没发现有什么点。反光也不强。30万像素的摄像头还挺清楚的。电池能用3个小时。	啥时候到啊下单好几天了还没到?	为什么箱子一打开洗发水就是开着的
太香了，效果非常好，头发毛毛糙糙的，用了之后就好多了，头发不“打结”，柔顺多了。	屏的分辨率最高1440*900。字体小但很细腻。有点累眼。调到1280*768后，字体等不细腻了。	消毒水味太大了，外面大妈舞跳的好，其他还好	图片是纯黑，买回来却是灰黑。快递慢的不行。
刚开始，要我升级两次，我只升级了一次。感谢客服宝珠专业，耐心的回答。谢谢给的三个赠品。	除了离机场近没别的好处，床头都没有插座，设施老	真是恶心，一共收到3个火龙果，2个发霉，其中一个一半霉掉了	差评，很小，也不新鲜，太失望了，京东还是好好卖电子产品吧，买个毛水果
裤子比想象中的质量还要好，老公很喜欢！性价比超高的！上身效果非常好，修身有型，休闲装或者搭配衬衫西装都很合适！一个朋友看到了问起来哪里买的多少钱，我说了实价居然说我吹牛，好几百的裤子肯定是怕老公心疼钱哄人的吧！我只能在心里偷笑嘴上却说：是啊，这你都猜到了！不要告诉他呀！下次一定再来光顾！持家有道的姐妹不要错过哟！	住了两次！一次小孩早餐收费15元！一次30元！什么管理	穿着不舒服 粘毛	买了8小时降了*元，又不能保价。最差的一次
在常德，酒店价格偏高，房间很小，床很窄，屋内地毯较脏，味道也很难闻，不知道携程对宾馆的条件有没有要求，太让我失望了。	一直信赖京东，第一次买洗发水还洒了半瓶，以后不再来了，伤心	感觉实际收到的衣服和图片展示的不一样，很粗糙，质量差，亚麻只占40%， 地摊货	卡顿！卡顿！卡顿！屏幕失灵！屏幕失灵！屏幕失灵！相当失望！刚到货就出现这样的情况！重启，恢复出厂设置也是没用！这样的系统也敢投入市场！这不是自己砸自己的牌子吗？！
用了几年的品牌，一直都在用，很好用，还便宜，做活动买的，有活动还会再买的，物流很酷啊，棒棒的	我很满意，我很清楚，快递也很快一天都没到就到了，点个赞	洁具老化	开不了机，充不上电。 太失望了。
衣服不错，没有色差性比价很好，质量很好，不错，客服的服务态度很好物流给力，赞一个真的很喜欢。下次买衣服还来这家。	裤子质量不错，穿在身上很有型，	裤子质量不错穿'着也挺舒服，这个价格物有所值	差距很大，和我想象的完全不一样
这款洗发水很好，很适合男士使用，是正品，而且新鲜，价格便宜，又要把活动交给值得购买	"在市中心,离观前街很近,房间比较小,很干净,庭院式的,比较雅致,如果是去工业园区,不建议住这里."	我三十岁，父母年纪大了，本想买一本能帮助家人保持健康的书，但很失望。觉得更适合职业为足疗或按摩师的人去买。还有，网友提问都是个案，但刊登篇幅那么大，有被骗冤枉钱的感觉。	"这本书买之前是看了这么多的五星评价而才买来的,以为应该应值得拥有的一本书!看完这样书后,在我心目中这本所谓被称为五星评的书真的可差劲!我用了几晚时间终于看完了,书中内容就是围绕?如何朗读令孩子培养阅读兴趣!?而写的,但书中写得实在太啰索了,很多废话....根本就不应写这么长篇大论的书,而且废话也多,需然我是完完整整看了整本书,但在看书的过程中我感到非常不耐烦,真不明白作者写么多废话干什么......家长们如果已经知道从小陪养孩子的阅读兴趣的重要性,就没必要花这钱买这书!书中写道通过让家长朗读从而陪养小孩的阅读兴趣!我个人认为,只要家长能够以身作则,自己也爱阅读,从小就陪孩子亲子共读,这样孩子必然是从小就喜欢了书本了!"
宝贝真的太好了，很喜欢，颜色很正，刚开始担心有色差，收到宝贝之后真的太喜欢了，给在专卖店卖的一样，以后裤子就来你家了！重要的事说三遍，好评好评好评……	很好很强大很好很强大，这个不错，送外壳	"离机场很近,早上乘飞机的人方便,但结账的人多,应该早上多几位服务人员就好了"	询问了Emchines的客服，的确是GL40 Emchines的售后网建设的还不是很好，哈尔滨没有网点 空格键似乎要坏
蒙牛新出的牛奶，就漂亮，也太贵了，不过挺好喝！	幸好没有买早餐75cm那款苹果，那得多小。吃了一口水挺多的，还以为春天不会有好苹果了，吃着还行吧。颜色形状也正。	"房间设施还是不错的,非常齐全,非常舒服,也没有旧旧的感觉,不愧是NOVOTEL旗下的酒店.520的价格超级划算了.服务也不错,我的所有要求都得到了很快的回应.但是西环实在太远了,交通不太方便,附近也没有地铁,只能等一个钟头一班的酒店班车.搭TAXI就不划算了,一个来回随便就要100多."	在京东买了很多次东西第一次差评。实在差！分辨率太低。像素太差！触屏也不太好，网也不好。超级后悔。还要买的建议大家慎重！像我老公说的七百都花了为什么不加几百买个好的。后悔没听
不错，无味，直筒，大小合适，有需要还会来！	喜欢喝蒙牛不？	没有什么想说的，根本就是老人穿的	售后服务差，退无忧表示没有什么用
味道很香还没打开包装拿在手上就已经闻到香味了，昨晚下的单十一点就收到了，给快递帅哥一个赞，	第一次入住，感觉很好，不吐不快，一来表扬酒店，二来为他人做一介绍。本次入住主要感觉的特点如下：1、服务较好；2、大床房的床真的很大，很舒服3、有健身房、游泳池和桑拿，住客免费4、西餐厅个别菜肴和点心味道极佳（名字搞忘了）	很好    【京东超市】清扬(CLEAR)去屑男士洗发露 活力运动薄荷型(清爽)500ml(洗发水)    【京东超市】清扬(CLEAR)去屑男士洗发露 活力运动薄荷型(清爽)500ml(洗发水)【京东超市】清扬(CLEAR)去屑男士洗发露 活力运动薄荷型(清爽)500ml(洗发水)	什么啊都是骗人的，说是双十一的活动提前买，结婚到双十一那天还是比前几天买的便宜，活动都是骗人的啊啊啊啊啊！买的时候是**现在是**而且都是**，醉了
一直喜欢华为家里手机都是华为所以买平板果断选择了华为没有失望非常清晰音质漂亮支持华为!	酒店距离浦东机场T2车程15分钟。我是在携程上看到接机服务车的具体位置，并截屏放到手机上方便查阅，如果打电话问酒店，语速飞快，恐怕难以记住，打完电话酒店会返回一个欢迎致电的信息，为何不把停车位置放在这个信息里，毕竟酒店提供接送机服务，而且大部分选择入住的客人图的就是接送机服务。酒店房间不知为何，非常潮湿，我们夜里3:30起床，每人一身汗，空调开到25度。早上最早一班送机车4:00出发。	不好吃，酸酸的，不甜，再也不买了，便宜没好货	对这次买的产品表示非常不满意，貌似产品是假的条码扫出来都不一样，三瓶80毫升的洗发水，条码扫出来是700毫升的，这不是作假是什么
很好，发货速度也很快，量也很大，两瓶大的750送三瓶小的100，今年都够用了    味道也很好闻，去屑效果就明天洗洗看喽	其实我也是曾经在官网上追文看的一员，心急如焚地等待过。当时很挺纪南方。考完试后在当当网急急地定了书来看。看到深夜里，最后只想说，我靠。。。故事看到最后只觉得厌烦，觉得简直是没事找事的一对人。男主有些时候很混也就算了，大家也已经习惯小言中的男人这幅德行了。可女主，唉，简直是不堪回首。足可登上匪我思存作品最讨厌的女主宝座。。文字没有以前精致不说，煽情也没有着力点。我唯一感动了一下的还是那个暗恋纪南方的小姑娘。她从侧面证明了纪南方不算很浑蛋的同时，让我回忆起了佳期如梦1。也不过就是一两年前的事，那时，我曾经真心实意地感动过。当然，文章中有一些细节还是不错的。但细节无法构架起一整个故事。只能说，颇为失望。现在只有我爱黑社会系列的短篇可以看看了。	质量不是一般的差，粘毛，全是皱褶，还有线头，不值这个价	这是我住过最差的酒店，空调像拖拉机，服务态度差的要死。
平板很好，买来玩游戏的，很喜欢。但是赠的乐视的卡是假货吧，兑换码一刮就整个掉下来了，根本没有码，哪怕是说卡赠完了也好啊，本来就不是为了这个卡买的，但是发假货，京东没救了	一千出头买的小灵通，是单屏；还不如我们同学价格差不多买的彩屏还是可折叠手机。电话薄没有分组功能！不支持铃声下载!没有关机闹钟！甚至连群发短信功能都没有。价格还不低！	某为的自动横屏竖屏总是乱恍，差评	能不点星星吗？下单的时候说好19号到，可是最后都23号才到货？诚信呢？不说时间，23号到也就无所谓了，可你呢非得表明19号，那我出的快递费干嘛用的？退*表达什么呢？找客服一直都不搭理不回复。这就是态度？？
裤子质量很好，价格实惠，颜色很正，没有色差，老公穿起来很帅气，很喜欢	物流速度快，产品满意，一次满意的购物！	"地理位置不错、停车场很大。客服专业、房间也很标准。宽带流畅。免费注册 网站导航 宾馆索引 服务说明 关于携程 诚聘英才 代理合作 广告业务 联系我们Copyright? 1999-2008, ctrip.com. all rights reserved."	"整个酒店一股羊肉的臊味,11月了还没暖气,有空调,居然没有暖风,挨冻.......找遍整个房间没找到酒店任何服务电话,只有一个按摩的......半夜被汽车喇叭惊醒,以为窗户没关好,后来发现关的很严......只有开着电视,昏昏沉沉的居然听到了火车声......"
一直支持班尼路，适合学生阶层和工薪族，质量可靠，价格还可以。	东西很好用。。。东西很好用。。。东西很好用。。。东西很好用。。。	后悔，失望，建议买之前去别人家看看，我后悔是买完了才看的，发现这是最贵的，而且，什么都没有，别人家还有膜，皮套什么的。唉	物流太慢了 开始是货到付款我给取消了 然后联系客服说不取消了给发货，客服说可以发都能查到JD的物流单号了 等了10天时间还没到 我问客服竟然说没给我发，草了 重新买了 网银支付的 让给快点发顺丰 还收我运费20多 只能说这太JB坑die了 啥也不说了 下次i不来了
不错的平板，日常使用ok，支持华为	订的是标准间。房间设施本人认为4星稍微差点，服务4星没有问题。早餐也可以。就是地理位置偏一点，但秦皇岛不大，还可以忍受。	刚收到货，还没有用户，有活动买的，价格比较划算，一直比较信赖京东.	"还在试用,各种功能不是太熟悉,我下单有点快了无赠品,需要另买保护膜,因价钱问题只好等以后在买其他商品再说了."
宝贝已收到，和描述的一样，是我想要的！洗完头发又柔又顺，还散发一股清香！喜欢清扬	性价比超高，大赞，支持国货。	膜中间有划痕，且膜与平板不匹配，膜比平板长	谅解，我是可以谅解，我上星期看节目看你们老大说的天花乱坠的，如果你们老大吹的牛逼你们实现不了，麻烦你们自己练练内功，不要上来就超越这个那个，还兄弟们，我在宿迁看到还有**，**，兄弟们，这是京东的耻辱，如果互联网公司客户体验做成你们这样，迟早完蛋！我也真是醉了。。。送个货，也不用泡沫打包，直接扔盒子里完事。。。
4599时买的，送了个包 整体显蓝色，还蛮漂亮，用了1天还没发现什么问题。 不过买了以后就降价到4555了，蛮好再等2天的。	正在用，感觉不错	很好很不错哦	也太薄了，在图片上看着也不错，发过来看到不好
平板音质特别好，反应挺流畅，看视频也很清晰。	东西收到了，包装还可以吧，看起来不错，还没有用用完之后再来评价看看！	没有图片上面的好	令人失望的酒店。1.进入大厅，就是一股酒味，餐厅和大堂的隔离做的不好。2.电梯速度很慢，且小。不过四部电梯的配置，使等候时间缩短。3.房间设施简陋且地毯和卫生间非常肮脏，令人对整个房间的卫生程度产生怀疑。而我入住的那个房间，居然还有几个飞蛾在不停的飞，费了一番周折扑杀后才能入睡。床铺舒适度如果是经济型酒店，无可非议，但是作为四星级的酒店，是不合格的。4.入住第二天是台商会，不知那些台商住后有什么感想。而且我被告知，如果在续住，价格会涨到550。5.唯一值得肯定的是地理位置不错，风筝广场斜对面。推荐一家买风筝的，出酒店向右沿胜利东街走到大桥不到，有一家杨家埠风筝店，东西不错，也不宰客。比鸢飞斜对面的要便宜一半。
不错，便宜，好吃，性价比高，包装可靠，防跌伤。	千万别在这里买鲜蔬菜水果，真是坑人不要眨眼……	快递慢都不说服务态度也不好，最重要的是裤子质量超级差，说好地送皮带也没送。没想到京东现在越来越差了	人家用过的，有一张截屏图，和调好的闹钟，偷吃也要会擦嘴啊，把机子系统刷下麻，*喜欢二手，喜欢外面偷吃？？？懒得换机，换了也不知是否二手，怕越换越垃圾
衣服很漂亮，质量不错，上身效果也好，值得购买	早餐不错，品种多样。房间还算干净，就是退房比较慢。	我是第二次购物了，质量没的说。	"1.查电话号码不够人性化,要逐个查看,或要输入名称查,晕!2.输入状态要退回上级目录要按N次取消,没有返回选项可按;3.Java也不满意,文件传输不能超过51k,很多软件不能安装;4.拍照LCD显示不清晰(电脑显示还可以),近拍就非常差劲,简直垃圾.(与朋友的国产30万象素的还相差十万八千里,不是我贬低它,朋友拍下的普通文字可以阅读,电脑上显示就更不用说了,再看看""飞机""拍的,简直就象2000度近视)"
满满一大盒，很划算，比超市便宜很多。618很给力	还可以，就是电池不怎么耐用，总体还行吧	尼日利亚留我啊来咯你是我故意咯哦看了我目前哦我现在的	说实话物流是快，但是价格真心不便宜
国庆住了几天，总的来说还可以。交通：应该是很方便，紧挨着三环，离光熙门城铁站特近，步行不到10分钟，就是路不好找，城铁附近正施工，携程短信上的地址严重失误，什么城铁站向北十五米，害我找了好几圈，所以最好向路人打听。住房：厕所比较小，但很干净，卫浴也不错“箭牌”，热水很足。室内装修简介明快，就是墙皮该刷了，很多都脱落了，床一般有点硬，能感觉到弹簧，不过我比较喜欢睡硬床。服务：相当一般般。吃饭：附近吃饭地点还是很多的，蟹老宋、全聚德、羊蝎子等等。。	包装可以，个头小了点，果子有点生，不如超市的	没有水分，不新鲜，有坏的，和描述差很多	明明买的是两个大果，发过来的是一大一中，不诚信！
火龙果非常喜欢味道不好，味道很酸	想着要支持国产 结果并不如人意。二个月没到就频频出现问题。今天终于开不了机了！真心想骂人！2016年11月5日！	垃圾水货，脱水得像墨水，建议大家不要买，这质量跟地摊货一样的	说真的，这个真的坑，才那么几天就开始卡屏，还拿过去维修了两次，两次都还是这样，1星都觉得给多了，还说是京东自营，给坑了
送货速度快，苹果很甜呀，之后价格多便宜些就更好啦。总之，很满意哈，希望京东的东西越来越好，给我们带来更多优惠和便捷呀。	好评！上午忘带手机快递师傅放快递柜了还特意给发了简讯提醒。赞	"vista很纠结..老婆喜欢的界面..我本来想换来着,不过今天装xp失败了,不过还好分区分好了就行,基本不影响"	恶心的gou东黑号。一年149的plus会员就这么喂狗了
大小都有，赠品不少，很划算。	性价比很高 外观漂亮 速度快	派送很快，苹果味道也挺好的，还会继续购买。。	一周之内连续降价2次，无语
洗头水比较好还实惠，下次用完还买。	没有预期的好！	应该是假的，背面商标贴邹的一塌糊涂，自己家包装生产的吧，懒得退了	告诉你们 谁买是坑 3个全部是烂的 发霉 我也是醉了 一星都不想给 浪费钱 浪费时间 有图有真相 大家自己看 真的 千万千万不要在买他家的 好坑
宝贝质量不错，版型也好看，发货快。。。好评	包装很用心，里面是正规的商品包装盒，不错的平板，运行速度快	"办理入住很快,感受的是梦幻般的童话世界.大厅持续播放着迪斯尼的经典动画片，空中飘荡着迪斯尼的经典旋律。海蓝色是主色调，米奇头像是主元素。大巴是海蓝色的底色，上面画满了迪斯尼的动物明星；酒店外墙是海蓝色的，窗户的形状是米奇，椅子的扶手是米奇，电梯间的按钮也是米奇，镜子里刻的还是米奇，到处是米奇的身影,到处是孩子的笑声。房间很大，很整洁，一次性纸拖鞋上也印着米奇头像，包装袋上还注明：这是酒店送给您的礼物，请把它带回家吧！海景房风景不错，窗外是海，还可远眺五星级的迪斯尼乐园酒店。内设游泳池，带温泉，对入住酒店的客人免费开放，当天晚上没有去泡真是可惜，第二天一早赶紧补上。"	个头不是很大但是味道还可以味道还可以
买了好多次，非常满意，会继续买，支持京东	就是离机场近，一般而已......	满怀期待的打开包裹，结果包装有点脏。这就就算了，连赠品也是脏的，我这应该是卖不出去的，再说平板，连接wifi，3分钟掉十次，好无语。还有，卡2居然不支持4G，本以为买华为会高大尚一点，结果好失望，都不如人家小米。	在哪里是中果啊，分明是小果，在外面水果摊上买也不至于是这样子。在京东消费这么久最失望的一次
翠翠的，口感也不错。送来的时候，还带着水珠！	2月份通过携程网在世代锦江商务酒店定了一间房，考虑的是要在附近办事方便。房间不错，干净舒适，服务也很及时周到。就是酒店大堂太小，还大部分都被店铺占据，周围也没有什么绿化。不过作为商务性酒店，图的是经济实惠，也就可以理解了，性价比还是不错的。	很一般，很一般，很一般要说三次。	我要的黑色的 居然发来的是灰色的 问商家 商家说没有纯黑的 难道黑的 灰色 他们分不清吗。要退货还要自己掏运费。真是。服务态度太差。什么公司。差评。差评差评……
合身，质量还很好。质地纯棉，放心吧。	好评	洗一次就白了，两次不像蓝色，穿好几年一样的	不好，实物和图上的不一样，刚买就有掉线，起毛
质量好，做工精细。非常满意！	挺好的，挺大一瓶，味道也蛮好闻得	这个润发乳是旧版的。跟我想要的不一样。但没办法，是随机发货啊！	尺码偏小，色差太大
物流很快，款式很不错，大小合适，做工很好。	苹果也小了，和自己想象不一样，而且买完就降价，不开心	盼了2周终于拿到本了，一开机就屏不亮，本人自己跑回总部退机，现在还在等着检测，说要等上15个工作日，呵呵，买个电脑容易吗？时间浪费的起吗？请问？	假货！用了很多年的沙宣，头发一直很顺滑，发质相当好。看京东有优惠，就买了套装。自从用了后，头发即使用护发素都梳不开，又毛躁又出油，难受死了。包装倒是很像那么回事。郁闷！扔了浪费，用一次糟心一次！
位置还好，不算太难找，屋内比较干净，卫生间装修不错，木制的氛围比较喜欢。没窗户，但是夏天住空调房也不是很需要窗户，所以能接受。	该酒店地处城市边远机场附近，进出方便，周边服务设施较小，生活不太方便，设备陈旧，服务态度好，早餐一般，居住感觉尚可，去机场方便，值得推荐。	极差的包装，被人盗用过少了很多	我订了二个房间。酒店隔音太差，夜间此起彼伏的开门关门声、其它房间的门铃、电话声、走廊中的交谈声。。。声声入耳！这些声音刚停歇，凌晨马路上的拖拉机、大型车辆又开始行动。整晚只睡着三四个小时！携程订房，酒店开始预留的是朝内院的窗外有大型空调机组的房间，看了前面网友评论，怕卡拉OK吵，才换到了朝马路的房间，结果还是这样，强烈建议朋友们不要再订这个酒店。同时地毯脏得出奇，上面有各种液体留下的印记（包括呕吐物）。房间还算大，床也不小，这是它的优点。另外从酒店向东二百米处，位于钱王街与蟠龙路口有一家叫豪顶的饭店味道不错，价格也不贵，我们五个人点了十个菜、二瓶啤酒一大瓶雪碧才三百多元，还吃到了几种野菜、土鸡等。临安大酒店看样子不错，下次可试试。
价格便宜，配置过得去，外观也好看，用了这么长时间，中规中矩	地点不错，但入口很难找. 卫生一般，早餐种类不多。下次会考虑再次入住。	噪音稍大，再就是装XP系统确实蓝屏的几率比较大，装VISTA算了，别的缺点暂时真没发觉，水平有限	从来不喝蒙牛
囤货，朋友介绍这款不错，趁活动买来待试试！好用会再入手	最近大半年（2007）的周末都是住在这家酒店的。价格适合560元的高级房还是不错的。酒店的服务态度相当好，门童很客气，设施也蛮好的。酒店的销售做得也不错，时常看到一个大团入住。出租车还是蛮好叫的，门口是周家嘴路主要通道，可以去市中心。停车有时候有点紧张。总之，这是一家值得住的酒店！	将此书推荐给所有的父母与孩子，其实也就是所有人，因为就算不是孩子的父母，也是父母的孩子	物流配送速度快，东西质量也还行，就是果子太小了！
京东快递很给力，一直喜欢京东的速度，现在生活中更是连超市都不用去了。非常划算，推荐购买哈！希望京东多多搞些力度大的活动，还有女性产品母婴产品。	快吃完了才来评价的，苹果不错很好吃，口感有些差皮发哏，单是很甜，这次买全是冲着老潘去，知名大咖为家乡做点事应该的。	房间还不错，舒适。门口打车不太方便，有时候秩序比较乱。自助餐很不错。宾馆反馈 2008年5月12日 ： 感谢您的入住及宝贵意见！建议下次退房时通知前台同事需要叫车服务，以节省您的时间。	摄像头不清楚，散热一般，说是商务型的，散热还是不怎么样！华硕屏的亮度都不好，声音小，音质比以前的强，原来的本音质真的很垃圾
太小了，早知道这么迷你我绝对不买啊！一共16个。	听我的就别买，套牌跟市场**差不多	差评，衣服质量太差了	衣服收到了！快递慢的要命！上午八点打来电话说快递到了！结果晚上八点才送到！给予差评！衣服从做工到面料，都不满意！和网上图片相差甚远！
这个苹果很好吃，外相也好，坏的也少，点个赞！	第一次装xp到一半蓝屏，不过进bios，在advanced一栏里把硬盘模式从achi改为ide即可。驱动网上都有，下载g430驱动就行了	e398视频不能放，售后说是软件版本的事，已有好多用户放映了	包装的不好，瓶盖都开了，洗发露都流出来了整个瓶子都是粘乎乎的。
外观精致，使用速度很快，看电影打游戏都很不错，还有指纹。看电影比米好，麒麟950完爆米。搞活动送东西**下来一七柒捌。	因为非常特殊的情况订了酒店休息一下不至于留宿机场，网上预订比到店价便宜很多这点不错 即使我只提前半小时左右，机场有接送的车也方便 因为距离机场太近 所以晚上基本不能睡 大半夜的不停有飞机起降的声音 窗子都在震动像空袭似的 就是一个可以不夜宿机场的替代吧	酒店里面很脏，不算四星的	前两个我都还能忍。。。最后一个真的不能忍了。。什么烂东西。。再也不敢在京东买生鲜了
送货速度很快，零辰二点的下单，下午四点左右货就送到了，被朋友看见就拿去用了，自己只好再另外下单了。	无法安装sd卡，郁闷啊，要怎么办呢？、、、	收到货时，想着个头虽小，样子看上去还挺新鲜的，想给好评来的，没想到这么恐怖！	收到东西后，洗发水漏出来不说，接头和管子都断开了，这根本不能用嘛，包装极差，差评
不错裤子质量好，到货也快只是我评价晚了些	快递挺快的	要是内存是2G就更好了。京东找运输公司的时候也不问下能不能发到收货地址的吗？？？？？？还是我自己又再花了20块钱去拿的货。。。。。。。	1.预装的LINUX会影响安装XP或VISTA 2.左端散热口会影响本本键盘，夏天用恐怕要装底座 3.驱动安装盘并不好用
预装的linux不是直接进入系统的，不方便测试机器。 随机光盘全英文，说明书没有注明详细的硬机，装驱动比较麻烦。 LED屏没有联想的好，联想的可能调到最暗，Acer的不行。	"住过全国那么多星级酒店，这个酒店是我唯一一次提前退房的经验，一个字：差1。傍晚开始宽带不通，拨了几次电话，一直是以敷衍的口吻说在修了。。。难道从晚上7点修到凌晨12点好修不好吗？既然修不好为何不直接告知？耽误了入住客人的工作，也赔上了自己酒店的声誉2。早就预定的是大床房,办理入住的时候却告知满房，说是免费帮我升级到商务标准间，还强调第二天一大清早要我将行李整理好后放到总台等普通大床房，否则要加收房费差价。。。。我住了那么多酒店还是第一次遇到这种道理的，完全没有服务业“以客为尊”的经营理念3。一到了晚上，骚扰电话不断，还回绝不掉。。。差劲的管理4。说是商务标准间，家具老旧、床单毛巾等用品泛黄肮脏，房间也没什么食品可以消费的，简直比如家、锦江之星等商务酒店还差劲第二天一大请早马上办理退房，这家酒店不但耽误了我出差的工作（无法上网），也破坏了我出差的心情（态度敷衍），还是住回原来常住的八宝酒店，虽然装修也是很一般，至少吸引我常入住的原因是：服务态度很亲切"	卡成狗，非常卡，特别卡，玩游戏卡，看电影卡，干啥都卡，像几年前的产品一样	**！！！上面竟然有别人的微信，害得我妈妈不能登陆自己的**！太缺得了！严重鄙视！
低级蒙牛 当然唔饮啦！ 不喝蒙牛很多年！	开封时很担心会有亮点 服务员告诉我产品有问题拒签字也没什么用，郁闷了一把（先交费，后验货）还好机子没问题，很完美。不过我不清楚如果屏上当时出现亮点会怎么处理？你们一定要问清楚了，我幸运不代表你们都幸运	质量不好，穿两个月就变形了。	少发了东西，找店铺客服，是机器人，找电话客服，电话忙，预约了也没回电话，第一次遇到真的坑的。
好评，裤子质量很好，没有色差，也不会气球，快递也很给力，下次还会光顾，最卖家生意兴隆	不错，活动屯了很多东西，京东是我家，缺啥往回拉……	囤货，挺划算的，日期也很新，到2020年的，估计未来一年都不用买洗发水了，就是瓶子上有一层浮灰，感觉有点旧	物流慢的真心不想说，等了四五天了。
房间非常不错，价格也合理。下次去还会入住这里。	货品很家，我是这几品牌的忠实粉丝。用起来的感觉不一样，特别是唇膏。	觉得好像不是正品，包装不是很精致，尤其底部，洗了效果不错。	自带软件多且过于复杂，不适合超级菜鸟使用，连驱动都是很大一片，装的累死。
非常不错的苹果，每个苹果大小均衡，吃起来口感很好，水分很足。	给老妈买的，很喜欢，大气美观上档次	"据同事反映,各方面都不错,下次出差,他们还希望住这家酒店."	服装制作过程中甲醛含量超标，气味很大，熏得头疼
"走入酒店身心感受凉爽,客房送餐免收服务费,味道也挺好的,空闲之余到桑拿做了个保健按摩才100元,感觉不错~!下次到太仓还会选该酒店哦~!"	房间比较大，服务不错。早餐东西少，卫生间马桶经常堵，报修后反应比较快。	宏辉果蔬 苹果 烟台红富士 12个 单果约75mm 总重约2.1kg 新鲜水果	吹风机没给 坑人 售后不处理
非常棒，用过，顺顺的，水水的～	不错，苹果很脆，也很甜，挺好吃的	这是一个很有才气的年轻人， 每个刚刚走过高中的学子，都不妨读读这本书， 回味一下自己走过的青春花季。古人常云： 少年不识愁滋味， 为赋新词强说愁。不知为何， 当今的少年文笔好的很， 而且文字中很少牵强附会的。随着书中文字的真情宣泄， 读者往往会陷入对往事的追溯， 无论隔了多少代，那几年的生活， 于所有心扉初开的少年都是非常相似的。左手倒影， 右手年华。 青春是舍弃与获得的酸涩抉择。	这书我是打算送给我的小侄女看的，她今年6岁了，希望她过两年就可以看了，其实我还想找另外本书呢，就记得书名了，《前后汉故事新编》，上下两册，20几年前的书了，不记得作者，真抱歉，我要是记得他多好！那是本小说，对孩子来说读来毫不费力，可里头前后汉的历史事件，名人轶事所表述的内容却异常丰富，那种当时的享受和N年后的回味与喜悦，我多想告诉当年的作者呀！谢谢！
去年孩子刚上学，当时小学里安排了教育专家给家长上课，讲怎么培训好孩子。其中老师提到一条，注意培养孩子的观察能力，也提出一些相关的小游戏。之后，发现这类大搜寻的书对培养孩子的观察能力非常有利，而且书内的图文精美，孩子也非常喜欢。这套书每本书都有一个主题，在培养孩子观察力的同时还能增长相关的见闻和知识。大力推荐一下！	好吃好吃好吃。    物流速度，独立包装，防止果子损坏。    价格便宜。	外部环境不错，内部环境有点差	不怎么样，没有塑封。
非常好，一直购买，尤其这次，价格也给力，快递也好，会一直在京东买东西！	能让人身临其境的产生恐惧，才是写恐怖小说作者的最大成功，我反对那些神啊，鬼的东西，太虚，没一点真实感，有些人的作品有的情节写的很好，玄疑、 恐怖，因为它离现实很近.周德东的小说，我看过不少，不知道有些是不是别人冒作者之名写的，写的太假，玄乎的东西一次也就够了，多了就没意思了。《赶尸》是部不错的小说，值得推荐。因为只有“人”才是最令人感到恐怖的东西，鬼只是存在于人的心里.	VISTA系统真的很烂，回来就换成XP但是THINK的驱动不怎么支持XP的?换完XP SATA硬盘只能改为IDE模式显卡不能热切换无线网络要更新成别的软件，蓝牙无法使用。哎之后换成WIN7 用起来可以	你们京东快递服务太差，我这几次买的东西从来都没有送来过，我在也不相信你们京东了
这本书当时吹捧的很好，很易懂的样子，而且又带点人生道理似的，但买来后，可能是因为自己不太喜欢看国外的书的原因吧，非常看不进去，哪怕是韩国的但有些地方还是有些差异，而且写的文字觉得蛮理论的，也许是耐下心来就可以看进去了吧。但至少可以肯定的是里面的一些话还是非常的有道理的。	优点不用说了，谁让咱是穷人价格是很吸引人的因素。我只说说缺点，拿到手后发现风扇发出很尖锐的高频声音，安静的时候很是不爽。一气之下我把它给拆了，应该是装配问题，风扇运转很安静，是其他地方和它发生了共振或摩擦，从新装了一遍现在好了。底部外壳在按的的时候会发生一个咔的声音，经过仔细观察，是底壳和板子边缘产生的，稍微处理一下接触部位解决。	真的无语了，本来是充满期待，但拆开后让人失望透顶。仔细看了一下，没有一个能吃。对这次购物充满后悔，我希望这次情况是一个失误，要不然太丢京东的脸了。让我满足的是京东售后很给力。总之，支持京东，但不支持这家店。	穿了不到1个月就掉色了，*，店主你不亏心吗？
外观非常漂亮，拿在手上也特别轻巧，系统运行很流畅。玩游戏很给力！这个价位的平板电脑性价比真的是非常好！值得购买！	看毕淑敏把女人描写成了什么样子，简直就是侮辱！！！！！！	刚买一个月多几天就故障了，送售后说是检测机器解锁不在保修范围，机器的问题说是人为的，从口袋拿出发现全机身高温无法运行，p9华为，	和图片反差很大。不知道怎么想的物流选邮政！超级慢。号码偏小。买衣服真心不推荐京东
"显卡强大,基本跑游戏都跑得起来,看起来也很爽,和台式机差不多了.."	酒店位置很好，交通也方便。电梯管理系统可能比较老，不支持单双层或高低层。每天早上电梯较忙，等待时间长。另外房间设施较老。宽带免费是优点，比较适合出差住。	京东的速度超级棒，快递员的服务也一流，就是从外表看与超市卖的小很少，不会是什么吧，俺可是京东的忠实粉丝哦！	"虽说搞笑,但并非是学习的好书!至今一直都没有兴趣往下看!"
很好的宝贝哦！轻便柔软又保暖，面料也好的，觉得穿上后很瘦，个子都高挑了很多，包装的很好，服务很热情，全五分好评。	物超所值，是一款值得拥有的平板！老婆超喜欢！	挺好的，帮朋友买的，送货也挺快的！	C盘也太大了，找个可以在VISTA下能分区的软件费了蛮大力气。外壳太薄了点，给人一种没有信心的感觉。
第3次卖了，很好，物超所值，下次再来	我是用了一段时间才说的，给孩子买的，还可以吧，就是储存有点少，还要买一张内存卡，不过这个价格也就是这样的。	设施设备太老了，老四星酒店了，地理位置还行，隔音太差，大半夜能听到那种声音，总体来说，很一般	京东这火龙果也太坑人了吧，说好的2个2斤左右，结果是两个那幺小，还那么不新鲜，这样的火龙果还得差不多15元一个，一颗星都不想给。一直是京东的忠实粉丝，从没给过差评，这一次彻底对京东失望了
一直都很喜欢用滋源的洗发水，这款生姜的很好用，效果也不错，正好碰上搞活动还得多送一包补充装。	还可以吧 买贵了 第二天降价了 申请补差价 很顺利就退钱了	如果能有蓝牙的话，就完美了，商务用没蓝牙还是不方便啊，有蓝牙那型号的又带摄像头。另外，我怎么没发现包装箱里有原装的包？大家不是都有的吗？	非常不行，三星的携程定290元，说景观房，其实什么都看不到，连大马路都不繁华。火车站附近佳丽4星，协议价298。只能说这变价高了，而且很老破破的样子，一点花园的感觉都没！其余一般。
质量不错，版型很好，尺码合适，颜色和店铺照片上一样完全不存在色差穿着很喜欢，发货迅速，手感好，版型好，整体的服务不错，很赞哦	这是我住的最舒服的酒店了，享受了比较奢侈的从酒店走到国贸10分钟左右，在北京最奢侈的行动方式。哈哈，第一天上班时间想打车去建外，居然等了30分钟才找到出租车，上班的时候打车象是抢东西似的，北京的交通太可怕了。相对这个价位来说，这家酒店超值。周围有2个公交车站。我本来定的是标间，但是房间比较满 就给我安排了单人间。房间还不错，虽然没有如家布置的温馨（整体感觉更适合男生住），但是房间可以的，上网的速度比较快。早点也不错。相对于同事住的400多的酒店，我的房间更舒服些。就在双井的过街天桥下面，周围饭店也不少，但是要往国贸方向走。下次去北京，还住着里。呵呵，我们班车站下车就到了	"房间还可以, 可是竟然没有网络.上网要到大堂 非常不方便.前台人员素质很差,要求换个房间给他们谈了两次,每次30分钟,最后领班来了才解决."	液体包装永远是吐槽点，不单独套袋子，东西混装，液体每次都是洒出来黏连到其他东西上，包装箱变形，如果不是搞活动有减免，非常不乐意买液体产品，投诉没用，根本不处理不改进
我是个带有强烈的主观色彩的人，说的很武断，不能从大局出发，不能从文学和时事上看问题。只是一个局外人的想法。因为色戒引起的热潮，再一次把张爱玲的书翻了出来，觉得不够，还是再当当上面买会了今生今世。看了一遍，里面最引人注目的自然是民国女子，其实，除了这篇，还有蛮多值得一读的，比如写母亲，写童年，故乡。但是，凡是涉及到他写的其他女子的，我就不能看下去。关键在于，他不是多情，而是觉得自己很无辜。他不明白为什么他不能和爱玲说小周呢，为什么爱玲要吃醋，为什么范先生他们也吃醋，呵呵，他爱的人真不少，可是但凡离开了，身边有了新的女子，他马上就可以接着去爱上。不打算批驳，因为很容易被人冠以“女权主义”，我向来都觉得这个词很古怪，人，就是要互相尊重的，什么权都无所谓的。但是，我已经把这本书置之高楼了。文采是有文采，但是这世上有文采的男人也不只他一个，独独因为是爱玲不能忘却的，我才关注而已。	房间总体来说不错，比较干净，性价比还可以，只是晚上太晚回去大门是关的，要得叫人起来开门，不太方便。还有空调不是中央空调，冬天挺冷，开着空调噪音又太大。洗澡的地方没有隔断，一洗澡就满地都是水。	对产品真心怀疑，什么质量啊！新买的手机扬声器就是坏的	六样物品放在盒子里，只占了一半，没有垫衬，拿着咣当作响，洗发露喷嘴裂开，这样包装行吗？服务太让人失望，嫌退货麻烦，算了。
挺好挺好挺好的，希望同以前用过的一样好用	携程的房间太差了	东西送 尺码的不对 而且材质不行	打算本命年穿的！买了很多本命年要穿的红色衣服！唯独这件最差！颜色和我买的其他一对比简直就是天壤之别！一点喜气的感觉都没有！真实便宜没好货！扔掉了，还不够堵心的呢~~~差劲！！！！
618搞活动买的，便宜的不要不要，还送吹风机，质量很好，信任京东快递很快	外观独特比较吸引人	单手操作起来非常不便。板载内存容量太小。摇杆短而且又滑，操作不舒服。	在京东最糟心的一次购物经历 居然能给我发个旧手机 虽然售后服务比较到位 也挺及时 但你自营店给我发旧手机这个问题 必须差评
应该是正品的，之前也买过的，比较信赖的！挺好的，服务周到，快递给力！赞一个！	非常满意，商品质量不错，物超所值，以后还会来购买	电池耐用，系统反应还不错，华为平板推荐大家用，反应不如电脑，那是正常的，毕竟配置摆在那里，电影王者农药啥的，没任何压力	"没有自动关机,声音小,速度慢,短信发出没自动储存."
看起来不错，送货快，包装好，没有磕碰坏的，赞?	去年无意中帮朋友预定过一次这个酒店，后来朋友每次来都要我预定这个酒店，我自己住过一次，也觉得感觉还不错，出行也很方便。	也或许，你看完A型、B型、 O 型、AB型这所有的四本说明书后，觉得书里所言都不怎么确切，那么恭喜你。在你身上，一种新型的血液很可能已经诞生了。你不妨为自己的血型起一个独特的名字，比如说，X型，然后，你就动手为自己也写一个《X型人说明书》吧。说不定，很多的X型会因此找到共鸣，觉得自己在这世界上，再也不孤单了呢。	简直就是垃圾中的极品，发个货等了一个礼拜，到了也就算了，结果到了还是发错的，真是垃圾，垃圾，垃圾，服务也差劲。
开始不习惯，买来是为了玩安卓游戏，屏幕没有保护膜，后面倒有一张膜保护，在盒子里也看到一张屏幕膜，另外赠送的钢化膜，赠送的还不错，贴上合适，玩游戏还行，不知道时间长会不会卡，	箱子上的标签被割掉了一部分，本本底部的一个标签被揭掉了，也没给一个说明	烂的，切开更明显。切了几个都是这个样	*黑我号！！客服都是犊子！
这次去广西在金都住了2天，一次普通房，一次豪华房。规规矩矩4星级。服务很好，房间不错，离火车站步行10分钟。性价比很好。当然广西整体房价不高。推荐。	酒店的房间不错，非常宽敞，背靠音乐学院，很安静，经常有美女出入。缺点是此楼是商务用房，很多小公司在里头，还住了不少学生，高峰期间电梯有点繁忙，半天不到，晚上有骚扰电话，网速比较慢。周围吃饭，消费，酒吧等都很方便。	包装还是很不错的，如果快递时外面的箱子与平板盒子中间有气泡膜保护就完美了。外包装看着还可以，好像大一号的华为手机。	果然和之前人家评论的一样， 前台接待跟死人一样的， 要么不回答， 要么不超过5个字的， 人家还没有说完就挂掉电话了， 真的是让人无语，反而打扫卫生阿姨都蛮好的
价钱也不贵，牌子就是不一样，送货速度快，快递小哥服务态度老好了！	最近不知怎么回事，出了很多后宫方面的书，看得我这叫郁闷。早就关注大心的这本了，看到上架了马上订货，还好，第二天就送到了。结果看到凌晨4点，为了还能睁着眼上班必须眯几个小时。一句话，太好看了，怎么能这么好看！我也是一直看大心的NP结局，这次可能为了出版吧，还是有些遗憾。看过大心的色遍后，就觉得无法比拟的好看，真希望能出版啊！	这个牌子的买了两条，同样尺寸的裤子，这条的腰围确大了很多，而且拉链不好用，质量不靠谱。	买回来颜色不同！质量太差，感觉很坑
一直用的牌子，洗完头发很顺，已经用了一个，剩下没用的晒出来，大家可以放心购买?	试用装是假的吧，洗完头发跟稻草一样样的，比超市买的难用多了，如果知道是这样再优惠也不买的。	买完就降价*，真想退了不买	假的，味道完全不对！送的小的味道却是对的！！！！京东怎么可以这样！！！！！！！！！！！！！
衣服不错，发货很快，大小合适，没有色差，不掉色，款式很喜欢，穿着舒服	产品不错，非常实恵，物流也是很快，清扬去屑洗发水大品牌值得购买！	机场转机利用一下。前台服务差一点。	"设施较差,服务意识低下,半夜走廊中喧闹无比,空气极差,房间潮湿阴暗,总之只上一次当!"
非常好的卖家，很热情啊，下次还会来的~ 宝贝很不错！	非常完美 包装看着就舒服 已经买好多次了！	非常不好，还发错，谁买谁坑	超级差评，衣服质量怎么样，快递还特别慢，超级差评
一直喜欢班尼路纯色T这个系列，纯棉材质非常舒服，一直当打底穿，夏天也可以直接穿，简洁大方。	一直在京东上买东西！购物体验还是非常不错的！自营的速度也非常快！头天下单的，第二天基本上就能到，方便使用，时效性点赞！！！！！！！质量也非常不错	很满意，收获很快	说话不算.以后在也不在这家网店上卖东西
京东物流无可挑剔，风一样的速度，方便快捷，华为平板可以拿的出手，做工精良，物美价廉，支持国货，支持华为！	京东快递员服务很好，送货很快，非常满意	这是一部很通俗的小说，说他通俗，是因为他用那生动的甚至有些粗鄙的语言，描述了一群大佬的成长史；但这也是一部很深刻的作品，说他深刻，是因为那嬉笑怒骂间的无奈，那份人在江湖、身不由己。印象最深的是作者在开始时讲的那个片段，学生与大佬，谁更爱国？或者说谁的爱国情怀更加赤诚？也许很多人不会相信，在他们眼中的黑社会大哥们会高喊口号，走在队伍的最前端，目的很单纯，只是爱国游行，仅此而已。这是一个发生在你我之间的故事，都听说过，但没见过，即使见过也很片面，作者用他的亲身感受向我们呈现出那些颇为传奇神秘江湖大佬的旧事，一气呵成。阅读过此作品，我不禁在想，为什么几个为国家立过赫赫战功的退伍军人会走上这条道路？是不得已，是无奈，或是其他，每个人都有自己的体会，因为每个人都身处江湖......	使用第一天就发现电源按钮需按两次才能启动机器，原以为新电脑需要磨合。殊不知使用近四个月还是如此，拿到维修中心，维修人员所这是正常的，打开面板一看才知道内部零配件就像旧得一样，怀疑是旧机翻新。失去信心。
非常好 一直信赖清扬 用了好多年的品牌了 年轻人必选	速度很快，东西也很划算，送货员态度很好......	洗了一次像旧裤子 都不想穿了 掉色厉害	真心不行，都蔫吧了还发货，也是醉了，有一个都软趴了，看图吧
京东618这几天买东西真的海鲜价啊，本来129都想买的了，不过想想不急，第二天早上起来就便宜了13了，哈哈哈哈，还多了一个赠品，梳子，果断入手啊！！！好不好用不知道，刚好想要换个牌子使用，这个销量拍前就选这个了	首先是名著，其次是名家，再加上名出版社，让你不动心都不行。我个人比较喜欢金圣叹这个版本的水浒，因为文字洗练，啰嗦的东西不多，尽管鲁迅先生对金大才子腰斩水浒很不满意。但我觉得这是个认真读书的人，至少有自己的一家之言，套用鲁老先生的一句话，有比较才有鉴别吧，建议喜欢水浒的朋友在读完120回本地水浒后，最好再读读这个金本70回。	半月不到，屏就摔坏了，打电话话换屏最少六到七百，哭	三个字，差差差，，其它的不用说了、、
还好还好还好哈哈哈还还好还好还好哈哈哈还好次新鲜	能不能用心给挑几个好的，看的好看，但	买时只看别人说买给老妈很好用。我也买个给我老爸用老年人视力不太好字调特大屏上图标还是太小。卡太小两张还没有原卡两张大。手机边太薄半边圆易。	早。两件全是坏的。这是在京东最失败的一次购物。
"环境优美,很特别的地方,各项都还不错,而且提前了一天去接站,原来司机听错了时间,唯一感到很不安的是酒店只管起飞不管降落,走的时候就没人管了.早晨5:30去火车站,竟然找不到车,去了就知道,必须提前安排好车,还好,那边的出租车司机蛮讲信誉的,出租车很少,早晨提前打了电话能够及时到,我这是去火车站,别的地方可能就难保了.这个地方总体来说,可以,还是老问题,空调不太好,光是响声不制热,后来就把它关掉了."	不近人情不近人情不近人情不近人情不近人情不近人情不近人情不近人情不近人情不近人情不近人情不近人情不近人情不近人情不近人情不近人情不近人情不近人情不近人情不近人情不近人情不近人情不近人情不近人情不近人情不近人情不近人情不近人情不近人情不近人情不近人情不近人情不近人情不近人情不近人情不近人情不近人情不近人情不近人情不近人情不近人情不近人情不近人情不近人情不近人情不近人情不近人情不近人情不近人情不近人情不近人情不近人情不近人情不近人情不近人情不近人情不近人情不近人情不近人情不近人情不近人情不近人情不近人情不近人情不近人情不近人情不近人情不近人情不近人情不近人情不近人情不近人情不近人情不近人情不近人情不近人情不近人情不近人情不近人情不近人情不近人情不近人情不近人情不近人情不近人情不近人情不近人情不近人情不近人情不近人情不近人情不近人情不近人情不近人情不近人情不近人情不近人情不近人情不近人情不近人情不近人情不近人情不近人情不近人情不近人情不近人情不近人情不近人情	果然跟评价的一样！洗完后头发跟油了好几天似的！真真是愁死了！没用吹风机吹的话头发都胡住了！介绍上面明明说适用于油性发质！难道这是传说中的以毒攻毒？*买了一个教训！	早餐很差，check-in服务也差，我预定的无烟大床，结果进房间发现是2张床的房间，要他们换，发现是大床没错，但是是吸烟房间，唉，将就了。后来发现床垫上放屁股处有一个大大的凹陷，绝对是劣质货。
与刀刀结实是在众多的期刊杂志中，本人也是属狗的，看到刀刀就更是亲切万分。收到书后有些失望，我还以为这本书与绝对小孩一样的开本呢，相比而言刀刀小了些。不过内容还是很精彩！虽然有很多在其他杂志中看过，但这本书我还是看了数遍，且还再看。画中的三言两语是那样的幽默深刻！读来微笑间还挂着泪水!在读书便是一定的，而且还会购买其他几本书。本人推荐这本漫画！这的很喜欢刀刀！	"宾馆到山水园景区很方便,马路斜对面就是.环境很好,服务也很到位.我们订的二间房,六楼的一间,空调就比二楼一间的要好.唯一需要改进的是淋浴设施,不小心的话,水很容易溅到玻璃门外,弄湿地砖.非周末的话,在宾馆晚上八点就吃不到晚餐了."	可惜电视反应特慢，网络慢的打不开网页气死人！设备贼旧，好在反现金多。	请问，你们系统到底是人为的还是自动的，到底有没有准信？！三个客服给了三种说发，我听哪一个？我就想开个能用的发票，怎么就这么难！
东西不错，装上去用了	催菜的时候说“不要了”比“快点上”更管用，砍价的时候说“再看看”比“便宜点”更管用，挽留的时候说“你走啊”比“别这样”更管用——留不住的东西就用力把它往远得扔，没准撞到什么就弹回来了。	"信号不好,买机一年了,现打电话对方经常听不到.屏幕易进灰"	本来买了一套打算送爸妈，希望他们身体健康，可自己先看了一些，总体感觉就是夸张和空洞。整套书的思维也很混乱，似乎想到什么就写什么，以至于三套书中有很多类似的内容。很多穴位也没有详细指出该怎么找，个人觉得书中的案例也没有说服力。看了很多好评以至于想都没想就买了一套，可对我来说很失望，都不敢送出去了，对这本书的内容持怀疑态度。
离浦东机场较近，有往返班车，房间老旧，卫生欠佳，被子和枕头都发黄了！赶飞机可将就住住，不是很推荐！！	太一般了，运行卡顿，屏幕很差，不如买个同级别价格的手机	吃了一餐最差劲的晚餐，菜单上的菜一半是没有的，上菜特慢，味道极差，服务员基本都是耳聋的。电视不修看不了。设施陈旧等等差极了。500元的房价，100元的待遇。	垃圾，身上都染黑了，一出汗全身变黑了，操，直接丢垃圾桶了
经常用的品牌，赶上活动，价格美丽	洗护后感觉挺好，一只都是我的首选品牌。	1.外形不错。我喜欢直板机，估计看我这个帖子的朋友也都是这样；我的是全黑的，很酷；还有一款是橙色的，颜色比较跳跃些，不太适合我。2.配置很全。两电两充、立体声耳机、蓝牙耳机、两只手写笔、128M T-Flash卡（自己已经换成512M的了）、USB线、130万像素摄像头。3.按键设计比较合理。功能键、菜单键要较数字键低些，这样不会轻易碰到那些键从而导致目前菜单的退出。开关机键设计在机身侧面，而且顶部与机身平齐。4.座充居然带一个“小尾巴”，旅冲接上座冲给单块电池充电，座冲又有个外接旅冲接口，可以接手机充，就像旅充那样。但不能同时给电池、手机充电。5.侧面电源按键，在待机时（屏幕亮着）轻触，可以黑屏进入省电模式。6.可以播放mp3、mp4。7.磨砂表面，手感不错；屏幕密封比较好，1个多月了，还没看到里面有灰尘。8.声音大，免提声音更大。9.屏幕亮，显示细腻。可以比拟三星的屏幕了，真怀疑和三星有关系。10.语音拨号识别率较高。11.查找电话簿可以通过名字拼音首字母查。	货都还未收到，让我如何评价？？？
衣服非常好看，物有所值，大品牌值得信赖。	货已收到，很满意，我这么胖的人穿起来也很有型，不错，会继续光顾的	刚刚结束4天的旅游行，在YMCA的三天我非常满意。首先是交通方便，出门口2分钟就是地铁口，而且这个油麻地站通两条地铁线。特别是早上可以坐地铁去吃粥，晚上再晚也不担心回不来。（这个地铁站到12;45分关门）再次就是干净，不知道是不是新装修的。墙面和床上靠垫的颜色非常协调。卫生间也够大。（相对于一般的香港酒店）我们住的房间是三角形的，卧室和卫生间的灯光配合房间的结构布置的很好。龙头出水量很大，还有挂壁的吹风机，保险箱，小冰箱。。都不错。还有是服务员的态度也很不错。可能是因为这是基督教会所属的酒店。所以每个迎面遇到的客人，都是面带微笑，感觉很亲切。总之有朋友去香港我一定会推荐这家，下次再去也会首选这家。	498元的价格不是很厚道，但位置还是可以，预定时携程说酒店要信用卡担保，担保后到了酒店时，酒店说我预定的标准间没有了，免费个给我升级到套房。房间很大，感觉不错。
地段很好，很方便。服务也算不错。这个价钱还是非常值得的。	不是满的 4/1空的，而且感觉好像买到假的了，闻到香飘柔洗发水，有点小失望    ！	还没穿，不过颜色和图片不一样，明显太蓝，不喜欢。	还蛮无聊的书！建议各位JM看看就好，钱包要捂牢（不知道这样写评论会被和谐嘛，不管啦！）
感觉非常好，没有发现什么问题。运行流畅，只是系统有一些不够智能！如果能完善一下系统就好了。	只收到平板，64G卡不知在哪	"后悔,很没劲的一本书,比介绍的差很多."	感觉不咋滴，说好的薄荷香呢？记得之前在超市买过一次200毫升的，感觉真不错，洗完香味留存很久。这次买的是很便宜，超市一大桶750毫升的差不多也得*十，两瓶就是*。只能说明两个问题一:网络特供的洗发水便宜同时质量也在打折扣，第二就是超市的加价率真不低。顺便说一句之前买过一次沙宣，体验也不是很满意，以后这种便宜的大牌还是不敢恭维了。心塞*
我为什么喜欢在京东买东西，因为今天买明天就可以送到。我为什么每个商品的评价都一样，因为在京东买的东西太多太多了，导致积累了很多未评价的订单，所以我统一用段话作为评价内容。京东购物这么久，有买到很好的产品，也有买到比较坑的产品，如果我用这段话来评价，说明这款产品没问题至少85分	可能跟天气有关吧，有的芯儿已经坏了，总体还是不错的。一直购买中……	给妈妈买的，寄回家里啦！没看见，总之爸爸说个头太小啦！	不满意！一起买了两个！其中一个反应特别慢！卡的不行！联系卖家让我去网点！离我们家太远了！刚买回来三四天！气死了！
"1）外观新颖2）拥有强大的多媒体功能和卓越的性能，同时将电池的消耗减到最小，方便了更多的用户3)这款手机的重量只有95克左右,轻巧方便4)铃声音质表现较佳，声音层次清晰，即使开到最大声也没有爆音"	物流延迟也就算了，苹果竟然一点都不新鲜，有的摸起来都软了，很难吃	烫手电池超级不耐用充电超级慢，第一次来京东，也是最后一次	很不好，质量很差，材质都不如家里用的抹布，大小都不统一，谁买谁后悔
很棒，售后很赞，122不知道贵不贵	酒店挂牌4星，携程评价4.2说不错，我就相信了。去到酒店，楼下乱的一团，走道和房间味很大，装修很旧，还说从新装修过，淋浴的水很小，床头有桑拿电话，有安全套买，一应俱全，我们经常出差的，都知道这是什么回事，真不敢住，下次不要太相信携程的评价	味道为什么跟以前不一样了，为什么，为什么。不好闻，不知道是不是正品。不开心。想退货，但是已经打开了。	这次的不好 都是冻的 味道太差了
忽然听见孩子在她自己的房间里哈哈大笑，我不禁去问个究竟，原来在看《别笑！我是英文单词书》。我感到很好奇，于是抽空拿起了这书翻了翻……我也笑了起来。这书着实有趣，而且看过的单词就能留在记忆里面了（我这年龄记忆力正衰退中），这是我所料不及的。原来单词也可以这样学？！于是鼓励孩子好好阅读此书，既可以记住单词，也可以在适当的场合给同学们讲讲笑话，未尝不是件有意义的事呀。	"周六入住,花费340元,含早餐.整体感觉不象一个三星级酒店,大堂很空荡,有餐厅在里面,感觉不是很好,上电梯在一个拐角处,不是太方便,房间是一进门就见床,不象酒店的房间,就是水还比较好点,下次不会入住"	……风扇没运行什么东西的时候噪音都比较大……散热不太好……屏幕两边边漏光严重……送的鸡肋VISTA……重装XP不方便……镜面是指纹收集器……专用驱动难找……亮点不超过三个不包（商家厂家都不管）……	买了什么东西都没有送，连贴膜都不送，保护套都没有，好失望啊啊啊
青杨的东西还是不错的，樱花?比较好，不过适合冬天用的。	给侄女买的，她很喜欢，我也很高兴。	"不好意思,其实我说的是<父母是孩子最好的医生>马悦凌的,这本(不生病的智慧)我也在看,很不错的,特别是补血补气这一块,讲的不错的!"	1.按键的间距略显小些，操作起来手感不爽。2.不支持JAVA扩展性能。3.没有安置蓝牙、红外等通讯功能。4.拍摄方面，不具备闪光灯。5.不支持使用电脑的USB接口充电。6.有死机现像发生。
很不错很准很舒服还可以简直大爱这裤子穿起来感觉特别好，以后可以经常传出去玩咯	买给老人看视频电视剧的，配置足够了，价格也不贵，外观漂亮，就是有点沉，没有保护套，京东快递一流！！！	這本書真的很一般，剛開始看就感覺沒什麼意思！不喜歡	太小，没味。没放两天就快烂了。便宜没好货。
裤子质量特别好，穿上很舒服，物流特别快，非常满意，下次还会再来的。	1.房间非常棒，床特别舒服2.酒店周边环境比较差3.价格有竞争力	最外面的拳头那么大，最里面的鸡蛋那么大~	酒店接送机服务还是很好的，服务员服务态度不好，酒店设施过于旧
不错，一直用清扬的，基本上没有头皮屑了。比超市的便宜	第二次购买！好好	价格公道，买了好多生鲜的，用保温箱送的货，京东就是块！	催熟的吧，又小又涩，没有一点口感一点都不甜
今天收到的！包装得挺严实，里面还有一个纸盒装！	这火龙果可太一般了，首先颜色就不正，不是鲜红鲜红的，果肉旧不拉几的颜色，而且水分也太一般了，，甜度也不怎么地，不好，不好！！！第一次吃这种红心火龙果，应该叫粉心才对！！！	这是我住过最差的一家五星级酒店。花了1100块定了一间贵宾楼的房间。到店没房间要等，没有任何道歉。房间旧得像80年代，也没有窗。早餐和holidayinn express差不多。酒店旁边没有任何值得去的去处。我只是心疼我的钱。不推荐入住这家，除非价格在400以下。	上当，上当！这是在京东上唯一的一次上当。号称每个苹果都是在170克以上，而我拿到手，最多每个只有120克。    只是我相信了，这是京东自营的产品。看来京东对自营产品要把把关了。
热水器相当不错，中午送到的货，下午就安装好了。好评！	地理位置不错，附近就是春熙路商业街，对面就是王府井百货。出门打车有点困难，附近吃饭的地方比较少，没有什么成都特色的餐饮。酒店的服务挺不错，但是银座边上有一个塔一样的东西，半夜会有轰鸣声，比较吵。	设施陈旧，服务员有点坑！明明门外有超市偏偏说没有买水10块！空调挺凉，房间有怪味道，有接送机很方.	很小很小很小很青真的差，以后都不会在京东买水果。
优点大家都说了。现在3400的价格还是比较值得购买的	希望这个可以不错，比沙宣都贵！！	喝蒙牛，给你的肠子洗洗脑！喝蒙牛，做三观端正人格完整的中国人！ 抵制蒙牛才是正事！ 不要买啊！ 去你妈蒙牛 去你妈蒙牛 毒死，一个不少？！	只能说是垃圾书，韩国人都是SB，这种书也敢拿出来卖
特别甜的苹果，糖份很充足，口感不错。快递员很辛苦！	甚为强大的上网本，而且是ASUS的。总结以下几点： 1、电池续航能力强 2、无线带n，一般都只带g 3、带麦克风、蓝牙、摄像头 4、包装箱里头还配有内胆包、擦机布 5、电源适配器小巧（线上还带有绑带）。 总体~值！	一个多月前去住过，现在去发现新装修过了，看得出他们很努力，支持一下！	不新鲜，个小，口感差，好后悔，不像现摘的，太令人失望了，与介绍不符，有种受骗的感觉，今后永远不会购买了。
宝贝不错，与描述完全符合，下次还会再来买，好评五星	不知道怎么的，感觉不太会玩，应该是不太好用吧，唉。。。	和商场里的不一样 不是纯棉的 收到干干净净的快件 我特么开心屁了	为什么一打开就漏了，这是什么意思，产品难道是假冒伪劣，而且包装特简陋，还坏了
货收到了，质量不错布料做工精细非常满意 全五分	买给朋友的，便宜，哈哈	用了一段时间，机子很好	是一本实用而简明的设计参考书籍！！该书详细阐述空调技术的原理与参考知识，各类建筑物空调的设计特点与空调方式，空调系统的设计方法与步骤，冷热源的方式与特点，空调系统自动控制与监测的典型方案等；同时也充分反应空调设计近年来的进步与发展。本书可供从事空调设计，营销，安装人员和运行管理人员参考，也可供建筑环境与设备工程专业的本科生，研究生设计时参考。
像素低，真的挺渣的。其他没啥问题！！！看直播有点发热！问题不大	这个酒店的设备很老，不像3星酒店。房间的设施像80年代的。	不好用！第二天就考不进去东西了。	水货手机，**的手机，天天手机信号也没有，甩用得太快了，在也不在京东上买手机了，假货，假货
设施较新，服务员的态度也不错，带我们看房，还很爽快地按照我们的要求给换了景观较好的房间，热情地解答我们各样的问题，门口的保安也是热情地帮我们找来汽车修理人员，解决我们车子遇到的突发问题。唯一的缺憾就是所在的地点略偏远了一点，附近吃饭不是很方便，要走十多分钟到老街，更适合自驾游者。	刚到货正在体验中，初步使用不错。	不好，不好，商品不符，不知道是不是假牌子，我买的二条，订单下的尺码有差距，但店家态度比较好，给个3分。	10月5号到6号，只住一天，中午12点左右到的宾馆，竟然房间还没有收拾，屋里一股臭味，酒店理由是人员不够，收拾不过来~~无语！2点才弄好，建议大家选择别的酒店，顺便说一句，一次性拖鞋10元一双还有酒店出门边上好像是BTV的餐厅，自助30一位，绝对超值，单点就不用了，又贵量又少。
屏幕大了0.1英寸（K750/W800为1.8英寸）；容量大了2GB（W800最大支持2GB记忆棒）；耳机档次更高（现在的耳塞品质与SONY E51素质类似）；扬声器声响更大（3个孔音量更大但其中一个没声音，是装饰）；屏幕下的五维按键比以前的拨杆更稳固牢靠；	虽然房间陈旧，地毯比较赃，可是考虑价格和星级，就可以接受吧。早餐有很多菜，味道还行，让我满足了。下次还会住在这宾馆。	还是化学用品，一直买不到纯植物的	什么垃圾呀！裤子烂了，要换还让先垫付快递费，你们都是猪吗？烂裤子也发货呢！
非常棒哦，老公用的挺舒服，继续购买，速度也是杠杠滴！！！	东西非常实惠，快递很给力，昨天下的单今天就到了	大小合适，颜色也对，穿着也挺舒服。	没用多久就坏了，开不了机，问到哪里修店家服务不好，在差了，在也不买这家店的东西了。
很好的机器，使用方便，性价比高	好，不错，真的很好不错	我们入住那天，整个世德堂只有我们一家客人，夜晚红灯笼下的美景、安静的宅子，实在让人难忘。如果打算在同里住一晚的话，这地方是最好的推荐！闹中取静，美不胜收。	质量有很大的问题。线头没有接好。不想说。再也不网购买衣服了
没有电话录音功能，手机特殊功能里没有英汉双语词典。朴实的外观，内在的品质，扩充内存后可以听MP3、看3GP格式的电影、看电子书。我很喜欢。有该机的朋友可以一起探讨QQ：539522629	1、桔黄色灯光炫目2、四合弦铃声动听3、七十克机身轻巧4、一星期待机舒服5、200条电话记录省纸6、210条短信容量省脑7、IP电话一键接通省事8、动画屏保有趣9、图形待机美观10、通话清晰舒心	用了两月后上来评价，流畅度还行，系统有待提升和更完善人性化点，开机键还是在顶部好些，照相色彩和屏幕色彩偏深暖色，由于平板有些重量其实顶部和底部可以设计更宽一点，总的说来也就值这个价，有待提升空间！	最大的不足就是C盘空间，用系统自带的工具分了一次区，只分出100G的空间，结果还进不去系统了，只能用恢复盘恢复出厂设置。还有就是没有附赠系统安装盘。也没有摄像头。
送货速度很快，大小也适中，水分很足，不错	苹果味道还不错，送货态度很不错，不过快递小哥换的挺快的。	狗屁垃圾！！！！	说老实话，我还没有见过这么差的酒店呢！前台服务人员素质极低，还给我信用卡用扔的方式，打电话给前台直接挂我的电话。我不知道是不是价格低一点，就有了别人非住不可的自信。总之，非常差，希望以后取得朋友们注意了。尽量不要选择这个酒店，除了生气，不被尊重，可别指望能够享受到什么服务。
去屑止痒效果很好，闻到香味的，大品牌值得信赖！好东西你值得拥有！	余华的活着是上世纪的作品可是对于今天的读者还是有很大意义的。主人公福贵的一生坎坷崎岖，但是他还是坚持了下来，他的亲人一个一个离他而去，他心里要承受多大的打击，可是他还是坚持他觉得他是替死去的人活着，为亲人而活，活着是一个很神圣的话题，对于今天的人们，来自各方面的压力非常大，但如何去处理呢，有人会活着，有人会自杀等等。相信看了这本书会有所启迪吧	因为电池原因，笔记本还是比较重的，比x200重一些。 电源虽然小巧，但是发热量很大，拿着烫手。 外壳容易沾手印，最好贴个模。	买了很多次水果，这次是最差劲的，不知道放了多久，不新鲜了，出货时没有检查，可以看出库存环境的糟糕，对于品质不能姑息，该差评时绝不手软，希望京东能做好品控，品质是客户忠诚度的保证，像这样的水果应该做极端处理。
屏幕挺大的，拍的照片也清晰，机子也够薄，摸起来手感也还可以。单说2000元以下的机子能配到130万像素的可是不多，刚刚搞了一部用，呵呵，感觉超不错	质量不错，促销装，再用券，实惠。	618买了两套 大概就是65左右一套很超值！还送梳子，不过不耐热！	64和弦，1.8寸26万色TFT，1.3寸LCD，WAP1.2.1，红外，联想输入法，
个头不大，脆甜，好吃，一次正好能吃完。新鲜，大小均匀，吃完再来买。	给父亲买的，很好很强大，华为国产第一品牌！走向世界！	酒店比较旧，来回机场很方便，如果特价还可以考虑应付一晚	客服说话和放屁一样！答应送的东西百般推脱！
裤子薄的要死热天穿还差不多	差，不好	第一天买 第二天就降价 就这坑人商家？*的东西 就这包装 一个烂纸盒子 真不如*	我现在都不能用一句话形容自己的心情，第一;裤子质量暂且不说，第二：我就想知道我换的货呢，给我运到哪里去了，我人在安徽，一会说给我单号换货了，结果发到辽宁，现在又说发到上海，别人都签收了，你还跟我讲什么系统出错了，我就呵呵，到现在衣服都没收到，就让我确认收货 第三：你们还是个旗舰店，我都不想说什么了，服务态度这么差劲，几次找你们，不是推脱，干脆不回复了，忙，你忙个头，我就不相信几个小时你都看不到我的信息，我本来是主动要给你们协商的，你们倒好，直接不理不睬，我就呵呵，第四：还有我的毛衣，2天就起毛，还旗舰店，我也只能呵呵
一位朋友说“现在的房子装修得有点过了，不像是房子了，倒像是一个豪华的污染源 ” 我们呆屋里面的时间太长了，很多人提倡我们“走出家门，呼吸大自然的空气”说的轻巧，做起来很难。现代社会使然。我们只能长时间呆在屋里，不管是温馨的家，还是忙碌的办公室。这本书很好，直接?别让房子谋杀你的健康?，我们不能走出去，那我们能保证在屋子里呆着是安全的不就行了。正在装修房子。谢谢当当网！	喝蒙牛会不会死啊…… 闹心了	房间不隔音，房间隔壁是酒店内勤工作人员大声喧哗到晚上12点多，喊话一次保持2秒钟又是一番喧哗。实在没办法电话前台，前台说帮解决，最后还是太困伴着喧哗声入睡。这是我第一次点评酒店，其实我是一个不太挑剔人，一般很多酒店缺点我都能接受。但这家自己内部工作人员影响客人还是第一次，921这样房间请不要再给客人，你们内部工作人员在隔壁太吵闹！	特别难吃，什么味道也没有，孩子吃一口就不吃了
白天在酒店房间小睡，朦胧中感觉有人在叫我，我怎么也没想到，一个自称是酒店的女服务员，在未得到我的允许下，而且是在我睡觉时擅自把我的房门打开，站在门口处问我有没有衣服要洗？虽然我及时警醒，到有余悸，这件事我是不能容忍的！	第一次在网上买衣就遇上这种情况	垃圾，很多土，脏啊垃圾，很多土，脏啊垃圾，很多土，脏啊垃圾，很多土，脏啊垃圾，很多土，脏啊垃圾，很多土，脏啊垃圾，很多土，脏啊垃圾，很多土，脏啊垃圾，很多土，脏啊垃圾，很多土，脏啊垃圾，很多土，脏啊垃圾，很多土，脏啊垃圾，很多土，脏啊垃圾，很多土，脏啊垃圾，很多土，脏啊垃圾，很多土，脏啊垃圾，很多土，脏啊垃圾，很多土，脏啊垃圾，很多土，脏啊垃圾，很多土，脏啊垃圾，很多土，脏啊垃圾，很多土，脏啊垃圾，很多土，脏啊垃圾，很多土，脏啊垃圾，很多土，脏啊垃圾，很多土，脏啊垃圾，很多土，脏啊垃圾，很多土，脏啊垃圾，很多土，脏啊垃圾，很多土，脏啊垃圾，很多土，脏啊垃圾，很多土，脏啊垃圾，很多土，脏啊垃圾，很多土，脏啊垃圾，很多土，脏啊垃圾，很多土，脏啊垃圾，很多土，脏啊垃圾，很多土，脏啊垃圾，很多土，脏啊垃圾，很多土，脏啊垃圾，很多土，脏啊垃圾，很多土，脏啊垃圾，很多土，脏啊垃圾，很多土，脏啊	吵，隔音非常差！差差差差！
热水器很好用，商家服务也很到位，很诚信的好卖家。特此给予淘宝最高荣誉，全五星好评！	"2008年1月16-20日,C楼405房间入住.也是看了前面的兄弟给的评价去的.大厅正中央挂着5星级的牌子.房间内2个字""巨大"".整体感觉不错.可惜电视要是壁挂的就更完美了.进门左手,会客市.可以玩麻将.前走.左手卫生间.5电吹风必备.再前卧室.也是大.感觉不错.性价比高。去广安的朋友首选."	价格稍微高了一点。 上网本的CPU还是差了点 第一次开机的时候分区要注意。想要把D盘再分，可以通过右键－我的电脑－磁盘管理－删除磁盘D－重新分区－重启―格式化-ok	之前很喜欢明晓溪的书，之前没买过，只买了这一本！书的质量挺好的，但是基本上全是连载，没办法，就只看了几个后面的小故事，感觉一般啦！要想看完这些连载估计还要买很多的书，所以一下子就没了兴趣，因为在看最小说嘛！而且在这两本杂志中，最小说是不可撼动的，所以不准备再买了，就让它继续待着吧！但对这本书还是肯定的，有喜欢明晓溪的朋友还是尽情的支持吧1真的很有明晓溪的特点！
很爽，华为真的用心，音效太好了！	电池续航时间好像没有达到宣传的9.5小时，跟联想s10比，外形稍稍大一些重一些。	住过几次，总感不好。很多房间靠街很吵，换房还要加钱且服务态度不好。有些房间装饰气味难闻。6点半早餐拖时准备好，煎蛋工7点还不到位。	要说明的是房价确实比较低，但是这也不能掩盖这个酒店的几个缺点。1，卫生不好，卫生间内有异味。2，服务意识不好，送上来的啤酒竟然没有开瓶的工具。3，商品不好，在这个酒店买的烟，好像是假烟。
买过多次，裤子质量不错！还会再次光临！而且申通快递，到货很快！	"苹果不错,新鲜,味道好,比店里好多了"	卡 垃圾一个	绝对是假货！用的头发油的更快 而且头顶洗不干净
酒店就在海月广场，且酒店大门口就是椰梦长廊，风景秀丽，并随时可以下海游泳，交通非常便利，整个酒店的环境也很不错，是度假的好酒店，二楼还有小泳池，晚上坐在泳池边的椅子上，吹着海风，看着漂亮的夜景，听着海月广场上传来的阵阵欢快的音乐，真是舒畅极了。胆子大的朋友也可以在晚上去海里小游一下，或许在海滩边散步，放孔明灯，都是非常浪漫的。	裤子到的速度很快，首先说明物流是很不错的，裤子穿着也很舒服，显腿长，虽然说是修身的裤子但是之前那条确实太小了，和卖家联系的时候卖家的态度很好，很快就换了一条尺码大一点的发过来，现在穿着感觉真的很不错，物超所值。	"房间设施远达不到四星水平,勉强也就是三星."	非常不靠谱的酒店，不是航班延误，别的酒店都满了的话绝不选择。
价格美丽，送货非常快，赞赞赞?	好吃好吃好吃，重要的事情说三遍。	环境好，在公园内，300元的价格也不贵。用餐一般，还是出去吃，在聚福林吃了两餐，真好。	开始大意了，直接格式化安装XP，发现失败。搞了几个小时才装好。 有磨损的迹象，特别是八个gateway徽标。
一直用这个牌子，很好用，掉发少，618买的，价格很合适	裤子收到了，看着还不错 面料也挺好的，下次还来这家买！！五星好评！	收到货有三个是烂的，12个烂3个！！！收到货有三个是烂的，12个烂3个！！！收到货有三个是烂的，12个烂3个！！！	打开包装后看到润发乳文字是颠倒的！用的时候发现，用了点洗发露，头发变得洗不干净的感觉，很郁闷！这次在京东买东西很郁闷！！差评！！！！！
由于当天由于飞机晚点到凌晨 实在没有心情欣赏和在意酒店的景观和服务迷迷糊糊冲进房间洗了澡就睡下了直到次日起来才有时间好好的体会一下自己身处的地方酒店服务不错交通便利总体感觉还是OK的	不让拆包装验货，保护膜也没贴一张，发票也没有，机子出了问题的话都不知道找谁，分辨率低就不说了。	这次真是差劲，洗发水是很便宜，但是本来我没头屑，用了这个后头屑特别多，果然是便宜没好货，唉。	反应超超慢 而且4G网又用不了，视频电话声音都超超小，拿去修店家说要返厂家，我去....简直了，新的就要返厂家，拿什么货给我的？？？三手？？？
苹果看起来很不错，吃起来也好吃，比较喜欢苹果	"酒店一般来说是尚可但是携程的价格实在是没竞争力,在柜台前问了一下临柜的价格,前台还迟疑了一下说是480多,我想搞不好比携程的低而不好意思说会问价钱的原因是前一位结帐的旅客结帐时只有三百多而已,说是签约价,想细问确认到底是多少钱,当然是没告诉我在此呼吁,我们支持携程的酒店预约服务,而认为不支持携程优惠签约价格的酒店宾馆,携程也没必要在此浪费空间占了网页,让我们没什么好感觉中信是台湾人开的,广东东莞海悦也是,但是海悦的价格就很好,比很多拿海悦贵宾卡的还低价,这个样子就是我所说的支持"	大早上肚子饿，只有一盒蒙牛真果粒，只能看着杂志的美食充饥……饿啊～流口水了，怎么办？	这样的苹果还卖这么贵，真是醉了，价格与品质严重不符，不知为什么那么多人说好，这是在京东买的最差的了
第一次坐国航，好高档啊~饭也好高级，水果是哈密瓜橙子，蒙牛酸奶，鱼肉米饭，小菜和烟熏火腿，还有餐包~	尽管很多人说，这本书用简单的文字描述严肃的事实，我想，尽管涉及战争，也不尽然都是沉重。在战争的背后，能看到温暖和谐的家庭，智慧善良的母亲，淳朴的大个子乔，理智坚强的查理，温柔可人的茉莉。战争的阴影笼罩社会，可是人们心里一片静好，这才是我们真正爱这本书的原因。正如作者想要做到的，这是一本写简短易懂的书，可是每个字都很重要很重要。包装很好，插图很喜欢，希望大家有机会会看看。	总体感觉还不错，还没开始用……用后再来评价	不会是蒙牛干的吧 严惩真凶！
衣服质量很好，面料不错，样式时尚好看，颜色不错，大小合适，价格实惠，穿上很舒服	看上去大小形状都很好，物流也快，还没吃，如果口感好，会再买！	"3月19日入住,共两晚.现在才上来做下点评,呵呵.1,定的是双人床大房,虽然是比较年头多的宾馆,但是整洁程度和环境还算不错了!2,服务人员比较热情,由于自己的充电器宾馆内使用不了.所以半夜的时候要求前台送个旅行充电器过来.但是前三个都不好用,服务生上上下下的跑了四五次!但没有一点厌烦!最后还一再向我表示歉意!很棒!!!3,餐饮方面西餐厅感觉还不错!价格和味道方面还算不错!至于中餐厅感觉一般!菜品没有特色,而且还比较贵!自己一个人一顿饭花了400左右,还没吃饱!4,整体的环境很不错!后面的绿化做的不错,有种幽深雅静的感觉!呵呵"	花泥客服不太好，完全回答不到点子上，还哦哦的让人反感，手机没看到，具体不了解
初次使用华为，感觉还不错，很满意的体验，今天刚拿到，在体验一下，很高端的一款	不错，很实惠，速度也是京东速度，相当快	性价比不错，支持国货	＊服务人员态度差，效率底；＊房间小，床不舒服，椅子是烂的；＊结帐，查房速度极慢；＊＊＊结论＊＊＊＊＊＊绝对不再光顾＊＊＊
超值！老婆超喜欢！一夏天够用了。	比超市便宜，速度也不错，赶上活动	我订的是标准房，没想到还送了我一份营养早餐，免费的，有水果、有酸奶，搭	很实惠，发货速度很快，态度不错，不知道用着怎么样，用着好了，我再追评！
一如既往的新鲜快捷，梅雨季节尤其离不开京东。	物有所值！有需求就要买。快递员真快！好辛苦了！	看电视很流畅	拍出的照片不清楚。按键过紧，输入短信时不实用！价格不便宜。我老爸的手机才一千四百多，可是还有关机闹钟和JAVA功能，相比之下，K18没有什么过“机”之处！
怎么这么流畅，太满意了！华为产品真心不错，支持国货！！	单果不大 但包装很好 送丈母娘的	酒店设施不差，只不过由于前身是一家烂尾楼改造的，整体太空旷，而且很多房间没有窗口，预订的时候需要特别注意。所谓的行政房绝对不能够去住，厕所和冲凉房是在一间房子内用玻璃隔开的，洗手盆居然就在床边，匪夷所思的布局，还居然是行政房。服务员素质极差，我通过携程预定，写明两个男人入住，居然只保留了一间单人床的房子，还坚称“携程没有说明要两张床”	全家用了头痒起头皮削，真不舒服
衣服很不错，质量好，穿上很舒服。	有了2个霉橙子，心情不好，想来也不会好吃	1、光驱响的厉害，明显是做工工艺的问题 2、背面的脚垫，后面的两个明显不一样高，放在桌子上，用手按压左上角和右下角就感觉出来了，明显三条腿，不平。这是设计的问题 3、屏幕边缘有缝，不严密，容易进灰	开箱阅读了说明书，发现有一个卡槽是SIM卡与外存卡共用，只能选择使用一个。我晕，如此设计令人不解。如此还能称作双卡、外存卡
白T恤，舒服最重要。码数很准我很喜欢	LED屏幕相当好功耗低效果好 内存DDR3  虽然对这CPU没什么用 蓝牙 虽然不值几个钱 但这机子做的很值 比较3399	耳机保护膜保护套什么都没有被打击了	是不是假货？好像跟超市的不一样呢！
样式不错，很合身 基本情况也跟宝贝介绍的差不多 性价比还是很高的	认识这本书，是在当当的首页看到的，不怎么逛论坛，所以之前并不知道有这本书。花了两个晚上的时间，把这本书看完。总的感觉，一气呵成，书里面的角色，有着深刻的八十年代的烙印，是我们这代以及之后的人所无法切身体会的，只能看后感慨，只能当作小说来看，只能是一种休闲。或许，对一部分人有教育意义……很佩服本书的策划，除了正文（已经很好了），基本上能用来做广告的地方均没有浪费，真是太有才了！	两次的苹果都有外面完好，里面是烂的	"太同意前两位的点评了,后悔当时定得冲忙没看点评.除了没办法建议各位看看别的酒店吧."
屏超大，颜色超好，看图，打游戏爽死了，另外，这机子功能超强，MP3红外蓝牙俱全，爱玩的朋友可以考虑一下	出差时住的，酒店地理位置不错，服务也很好	支持TF卡（256M）DVMP3	服务态度不怎么样，很多设置不人性化，例如床头没插座，得移开床拔了台灯插座才可用，刷门卡只有一个方向一面可用，捣腾了许久
一直很喜欢沙宣，比超市便宜，也很实惠，物流速度快，很好用的	实际就是一个加大的华为P10，home键的效果都一样，就是外放的声音有点大，系统很流畅，比我的三星S6 Edge流畅很多，128G也够用了，耳机我个人感觉不像想象中的那么出色，耳机没有噪点，没有杂音，但是低音效果很一般，还原了真实中录音的那种原声效果，平板电池很耐用，充电感觉不快，不得不吐槽一下送那个外壳，正着关不能锁屏，反正居然还要锁屏，什么设计？？？总体来说比较优秀，这个平板是我卖了ipad购进的，就是用来看看直播，看看电影，感觉很不错，就是购入时间太长了，足足11天才到手！6.18购入才2466块，值得入手！	感觉还是相对好用的图片，不用重新拍了，用的其他的图片。	东西收收到了，一直在京东购买
王者荣耀每个时代都有自己特别的英雄，比如宫本李白之类的	质量不错，老公很喜欢 ，。穿上很舒服	装系统比较麻烦。搞了一个下午。屏幕大了点，还有就是重啊！呵呵	第一次买！这个包装也是厉害了，?????
拿到后初步使用1G的内存跑起来稍稍慢些，很安静，像关机一样，键盘手感超好。	为什么我昨天到货的平板电脑没有发票？	果子小，非常小，还不甜，我也是醉了，感觉被坑了，路边摊卖的都比这个便宜，甜。大家购买要慎重。	物流慢，态度差，差评，非常非常差
轻巧，外观和图片一样的，我喜欢 带电时间经过实际运行检验5~6小时，还是够长了 立体音效也非常不错，蓝牙功能和手机连接比较方便	东西很好大小刚刚合适，关键发货快啊，收藏店铺了，下次还会来	泡沫是挺多的，但是没啥清凉的感觉，薄荷不够力，卖家还送了一包尿不湿……不知道为啥送这个	不建议购买，质量太差，服务态度不好
喜欢上了蒙牛酸牛奶的味道…	88秒的，还可以了，原价90多呢，一直用的很好，就买了。	酒店环境还行，设施老	西门子的售后真的很差，质量也不好
面料不错，图案也不错，大型合适，穿上很舒服	订的豪华标间，738元的价格，住过的同等对比是最差的。周边环境除了一地铁口没有其它，餐厅不行，周边也找不着吃的。房间小，住了两天还有一天晚上没水，宽带收费40，打印贡献了几十个10元。绝对不值。	店家说修身的裤子要比休闲裤小一码左右，为毛我的差那么多？跟地摊没什么两样，收费是地摊的快十倍了！	洗发水用过之后才来评价的 标准的假货 用完之后好多头皮屑 送给朋友用完之后也是有头皮屑 一直在实体店买的 第一次网购洗发水就出现这样的情况 完全不信京东了 那些好评是不是刷出来的？？？。。。最后再说下 一颗星都不想给
给机子系统评分才3.5，主要是图形处理功能要低点，其他还可以。还有，应该搞一个鼠标触摸板的开关功能！	看完后一个月，发现一个字都不在脑子里了。	这是个锤子包装，好像都打开过，都漏了	完全是套话 空话 没有一点点实质上的内容……建议不要买……
使用C885这么久，我觉得它最令我满意的是，查找联系人十分方便，输入姓名的首字母，就可以了。另外，接收信号比较稳定，通话时语音清晰，少杂音。	试了一下有弹性，腰围小了一号，换货中	第一次入住感觉不错。。只是晚上入睡前，居然有隔壁的人投诉，客房部就打电话来。。。我觉得这样就不对，本来房间是有隔音的，而且我跟朋友那时已经是打算睡觉了，只是因为隔壁房说听到很吵，就打电话来，这样搞得我们就没了睡意（当时已经是凌晨2点左右），如果我们已经睡了的话，这样不是给你们吵醒。。。酒店应该是通过实地调查才说吧，当时我跟朋友觉得屈死了。。希望在这方面有所改善。	真心的坑人，那么多好评也不知道是怎样来的，个头大大小小不说，颜色好多都是绿的，口感确实差，跟超市的相差太远，以后都没兴趣再网上买水果了。
不错，用过之后头发掉的没有那么厉害了，价格比超市便宜	没有塑封，跟屈臣氏的差很多 不禁让人怀疑是不是罐装的	没发票，说了要发票的	差评，有点小失望，像是假的。包装盒也发霉潮湿
卖家服务态度很好，发货也很给力，宝贝更是没话说，穿着舒服、有弹性，满分推荐购买	关于孕妇如何养胎的书可谓五花八门，层出不穷，但这本书最吸引人的地方是分阶段介绍孕产知识，可以让准备升级的准爸爸和准妈妈做充分的准备。书中不仅介绍了孕妇的饮食需求，而且还详细阐述了准爸爸和准妈妈的生活注意事项。保胎护胎是培养宝宝的第一步，买这样一本详细介绍宝宝成长和孕产知识的书是值得的，当当网的服务快捷而且高质量，书的价格也比较实惠，谢谢当当网!	很好用，一直用，但是这次包装没做好，瓶盖打开了，希望以后多注意。	刚打开，手机里面好多图片都是2015年6月份的，，，翻新机？？？？
看过才知道，季老是有坚定唯物主义信仰的大学者。这样就不能要求他写出符合佛教传统的文章。季老的书只能当纯学术的书看看，要学佛，对一般人这本书就很不合适了。刚开始我还认为先生是著名宗教研究大师，毕恭毕敬地认真学习先生的思想，仰之弥高，及至书中对净土修行法门的浅薄评论，即视之如土，只当学术资料看看。但这些并不妨碍我喜欢季老的书。文笔清新简洁。	每天一盒蒙牛未来星妙妙，健康活力一整天~@楊小帥-	体验过华为才知道，原来小米真的很好用。这手机电池短板，满电随便看40分钟小说，电量掉到百分之七十。华为一个ui真心没有小米好用。失望太大了。价格也不低关键是	生意都做成这样了，还以为别人比他们还弱智！蠢到这份上真的无药可治了！为自己积点德，为子孙积点德，行不行啊？ 怎么不实？！那包装是p的？蒙牛高层不是不担心中国百姓不买么？扬言尽管负面新闻，不是还在排队买[...
东东用了一次，还没啥感觉。不过活动期间买的，现在也没觉得活动。这价格也是我很无奈，下次看好了再买	快递挺快的，拿到中午就吃了一个，可是谁给我解释一下，这是什么情况？都烂掉了	我们是5月1日通过携程网入住的，条件是太差了，根本达不到四星级的标准，所有的东西都很陈旧，卫生间水龙头用完竟关不上，浴缸的漆面都掉了，估计是十年前的四星级吧，总之下次是不会入住了。	32G内存跟16G的没区别，卡得很，机子反应太慢了，用不到1个月时常黑屏。
我觉得译者的水平一般，如不是阿加莎的推理很好，这样的书写出来不会很好卖的。可能是语言的关系，在买的一系列阿加莎的推理里我最喜欢的就是在这本。这本的叙事性计较强，少了很多英译中生硬对话（译者翻译的怪怪的，可能是直接把英文翻成中文的原因。既不符合中文的说话习惯，也没有英文的精髓。我相信阿加莎的英文不会写的那么幼稚！）所以我看起来可以很投入！故事情节真的好棒！	这是第二次买，明显没有第一次好。苹果不怎么甜。而且看着好丑。白的苹果。	"上当受骗,买的时候没仔细看,不是张爱玲的小说."	质量差的不能说，像素特么不好，好模糊的，特别是客服什么态度啊，特别不好，半天都不理人，要不是看中这便宜才不来你家呢！
摸起来挺柔软的，质量不错哦，客服推荐的码数刚刚好。满意的购物	速度评?。    收到货，包装好，产品支持。    快递员值?	"我入住在如家,让我这个漂泊在做技术服务的人员真正感到如家的感觉,我非常喜欢!"	中粮董事长：蒙牛若再现质量问题市场将不会饶恕 全文: http:t.cn/zj2mwFp （分享自 @Wind资讯）
大小均匀，口感好，很满意，吃完继续购买	很喜欢好用。支持国货，没毛病！物流很给力。	"我用的EX400,这次帮同学选这款，感觉两个都很不错，这款屏幕大，爽。"	这本书不厚，但全部读下来，也需要些心力。序又汤用彤先生的儿子，汤一介所述，父子同为学界的要人。汤用彤先生在佛教研究上很有造诣，据说，他为能更深刻地理解一些佛经要义便亲自学习梵文，然后自己着笔去译，老先生的治学态度一向恭谨。这本书起初是先生的教学讲稿，后来编订成书，是了解魏晋玄学的一个很好的渠道。书虽然不厚，但内容很多，可见先生学术之广博。
"很重,背出去很累.好象屏幕上有个亮点,不过很小(屏本来就很小,呵呵),不明显,不过这种好象不算质量问题?不是很懂,不明显也就算了......."	快递不让开箱验货，只能拼人品看里面有没有漏了，大家伙想买的做好心理准备，买这东西得拼人品	你们的水果怎么有坏的呢！让我以后还赶上网买东西吗？	快递很快，可惜6个里居然还有坏的，黑心！！！
性价比超高，帮朋友买的，最重要是看重它7个多小时的续航能力，超值，超棒！	第二次购买了，因为是自来卷，头发又硬又粗，但是用它来洗完头，晾头发顺着轻轻抹干，用吹风机顺着头发吹干，在涂点芦荟胶在发梢干燥处，第一天扎矮到后脖子的头发，第二天以后不论怎么扎高，头发都不会毛毛的卷上天了，而且软软香香的，喜欢这个味道，129买的，但618活动113，应该晚些买的	还没吃，不知道具体如何！不过已经发出去一大半了，独乐乐不如众乐乐。京东自营，速度杠杠的！包装漂亮大方，期待它是中看也中吃，好吃的话再告诉你们……	我是冬至这天入住的，到了酒店就浑身不舒服。酒店有2个门，感觉很怪异，电梯里的灯是暗暗的，我住商务房，一进去就感觉有寒意，怎么看怎么不舒服，后来就换房了。和我一起的有6个人，其中4个和我一样感觉很怪异，后来我们都不敢单独睡，要了双人房睡。客房的设施也是给人很压抑的感觉，电视机柜象个大箱子，仿佛随时有人从里面走出来。柜子和床头各有2个大大的黑色圆球，好像眼睛盯着你。一个同事说，她房间的灯罩居然是黑色的，灯光一直很暗。
料子确实不错，穿着很舒服，总之，这次购物很愉快。	挺好，买之前挺犹豫的，没在京东买过生鲜，到货后挺新鲜呀、而且很甜，信赖京东	我也宽恕它们。哈哈~喝蒙牛酸酸乳，青春的味道。	这次买的瓶子都脏兮兮的，不如可悠然好用
"1，显卡容量虽是1G,但位宽只有128位，有商家玩噱头之感； 2，右侧和后侧的两对usb接口靠得太近，若连接线的接口比较大，是不能同时插入两个的 。"	这家号称当地最好挂牌4星的酒店真的名不副实，酒店家具房间都很陈旧，特别是2号楼，有点恐怖住里面！慎用！！！	太大了面料也不好	前台服务态度很差 我是6月28好上午11点左右到酒点大堂的 到了以后一男一女两位前台接待根本就不跟你打招呼问好 其实也就一人在开房一人在退房 把我量那儿大概有6，7分钟 等他们忙好了直接从我手上接过身份证和信用卡 其间一句话也没说 那时候我已经有点火了 我主动说我是携程订的 男接待找了半天才找到单子 我原先预定的大床房 因为看到前面朋友的点评特意没要15号的房间 我在订的时候还特地注明了 男接待看也不看也不跟我说明原因直接开了15号的房间 等我问他怎么是15号房间的 他说已经满了 我又问到我已经订好了为什么没帮我留既然没有我还要订房间干嘛 他哑口了 然后又查了下说有大床 说要打扫房间 等了10多分钟说有416 然后又换了1216 反正这次入住极其不爽 好在房间还算干净 但是设施陈旧 都掉漆了 以后再也不会住这家了
还不错，挺好的。比较舒服。京东值得信赖。。	好大的苹果呀！!从来没有这么大的苹果！！！这是世界上最大的苹果了，比我一个小女孩的拳头还大很多！意料之外啊！！！	裤子不错，选了两个颜色，，，回来看颜色一样，，，客服推荐号码刚好	物流太慢了，而且没有更新，手感有些硬，
买来用了几天了，感觉都挺不错的。我用玩游戏时候多，比起之前买的华为9.6寸平板，这个更容易发热，但可以接受。	物流速度快，个头比较小，口感还不错	儿子以前给买的用没了，又来买这款洗发水，用的很好今天敢上打折一起买3瓶！快递小哥态度好！用完还买！	不好吃 太小太硬 还不如一般的红富士呢
给朋友买的，裤子很合身，穿起来很舒服，不褪色比较不错哦！喜欢的朋友赶紧下手吧	该酒店楼层比较高，所以对自驾游的朋友来说，酒店容易找的到。我住的是20楼，那个位置基本可以俯瞰整个横店，观赏性比较好。酒店设施比较好，比较新。如果不是自驾游的话，那有麻烦的，因为酒店在市中心以外，很难叫到出租车的。补充点评 2008年7月6日 ： 地下是专用车位，游客不能停车	内存有点小，虽然自己买了一个已经装上，但是还不如京东直接促销一下送根内存更好，更人性化，还有买电脑居然没有包包送，也不很人性化，采购一批一般的电脑包也就20--30元一个，这点京东有点小气！	服务差，不干净，和外面几十的差不多
宾馆的地理位置有点偏，整体环境不错，宾馆设施不算很新但是蛮干净的，房间还提供台式电脑可以免费上网。机场到宾馆打车议价30元左右。打车到市中心10元左右。到北戴河打车议价45元左右。附近有公交车25路可以到第一关。	酒店的地毯简直太脏了，三星级标准都不够，很失望！ 房间清洁细节不满意，第二天洗发用品没有添加， 电视是歪的 前台服务傲慢，不愿多说一句话， 房间窗外的风景是房顶 失望！	服务员态度差，不耐烦。消耗品里剃须刀都没有。	一星送给快递哥，你们懂得，没赠品
早餐与价格有较大差距，服务也是平平．但在离店时，发生的一件事感到很温暖．回京后发现自己的白金脚链落在了客房，当晚２２：００致电给酒店的大堂经理，次日，就收到了快递回来的链子．很是感动．虽有开始提到的不尽人意，但暇不掩玉，再去大连应该还会考虑在此入住吧．并借此感谢为寄回失物的工作人员表示感谢．	我觉得内容很空，不如简介里说的好，虽然书很厚但文字大，行距也大。20多分钟就基本翻完了	没认真检查 吃到最后一个有个坏的 配送员服务还是很好的 商家坑	送货很准时 就是苹果太差了 给人感觉就是卖不出去的苹果 太差了
用着很舒服，价格也便宜，很实惠，很划算，推荐购买，超值的	"地点优越，房间和服务都不错。晚上送的绿豆汤，还有纸鹤和问候卡，感觉出家的感觉。下次还会住这里的。宾馆反馈 2008年6月25日 ： 感谢您对国宾大酒店的认可.我们非常愿意成为您的朋友.欢迎经常入住!祝工作顺利,心情愉快."	班尼路/Baleno夏男装 纯棉圆领短袖t恤男 小清新韩版潮流纯色体恤 01W漂白 XXXL。这款衣服是棉的。己经是第二次购买了	我要的不是加厚的吗？怎么给我发的货这么薄，感觉好坑
东西很好，对京东一直很信赖，希望京东越来越好，京东的产品也越来越好～	衣服太难看了，	物流太差！取件还要加1元钱京东上的东西还能。买呗欺骗消费者	这是我住过最糟糕的酒店!
便宜、快捷、大爱京东！除了买买买我还能怎样表达我浓浓的爱意！	环境还可以，味道有五星酒店的味道，但是设施，服务就一般般了	刚买的电池不耐用…	一星都是看快递小哥的面子。抛开大小不说。都冻成石头了。怎么吃
很好，很好吃，包装的很好，一点坏的地方都没有，很喜欢，很满意，吃完再买	一直用清扬不错非常好京东又快有好	该酒店的确是靠近天目湖--湖畔哦；但酒店的内部环境的确无法一住哦。走廊气味令人反感、房间寝具不干净、卫生间气味令人作呕、挂壁空调漏水。。。。。。“！！！？？？”只是前台接待小姐态度非常之好，客房服务的大嫂就太差了。希望携程相关领导有空视查一下。建议有准备去天目湖+南山竹海的游客，要么住天目湖宾馆，要么入住南山竹海度假村（景区内哦，空气极佳，挂三星，有当地四星的标准哦，）	太小了 最小的估计 还没一个女人拳头大 全是皮 味道也偏酸 这酸是针对紫色火龙果说的 而且别看是特价 并不便宜 不会再买 真心不如*生鲜
质量不错，挺划算得 客服态度也很好 全五分	不错，虽然个不大，但是甜度适中水分充足，好吃	机器很厚，有点沉，这个凭恃肯定还要背电源和其他东西，机器加电池电源有6斤以上了。	"本来在定单上清楚注明要有电脑可上网的套房,结果入住时酒说没有一间套房但是不能上网.之后给调到了普通套房,感觉很差劲.房间卫生很差,竟然没有换床品,,有黑印和黄斑,服务员解释说换了是洗不掉,简直让人难以理解.毛巾也黑乎乎的,一直没敢用,厕所有很浓的味道."
苹果大小均匀，爽脆多汁，入口甘甜，而且价格非常美丽。性价比很高。	之前住的东苑的300多的活动房间很烂，这次改住600多的，没想到还是很烂。刚开始的房型好怪，放茶水的地方竟然是对着床，用来隔开卫生间，房型几乎四四方方，很空旷，因为空旷，地毯的脏一览无余，虽然地毯都脏，但是这个脏的看的这么明显，感觉比经济型酒店还差。后来跟前台反应换了房间。房型到是正常了，地毯还是脏。因为出差的工作在这个附近，不然就不住这个酒店了。反正是老酒店。不过位置还算不错，就是地理位置的缘故吧！	一股包装味，不知道放了多久！！！！！	冲着秒杀去的，没想到东西还真不咋的。小的也太小了，味道有点像青苹果，酸。哪里弄来的货呀，以后再也不买生鲜了。
这是有多脑残多谄媚才能说出这样的话！ 估计是蒙牛喝多了。。	不甜，酸的，口感不好，不如实体店买的好吃。	不怎么样	贼他喵的难吃，还压烂半个，无法用言语形容直接扔。
挺好的，很划算！跟朋友一起买了两套！不知道是不是正品用用看再评论	买了2箱，个头不大，甜度可以。	还没开始用 不知道是不是正品呢	衣服上的油污好几处
宝贝很好！很喜欢！快递也很给力！才一天就到手了！非常感谢	劝各位别看包装这么好，商品就是大家知道，后悔	东西是比超市便宜，可是东西也不好，洗头后头发一块一块的，一点也不柔顺的又不光滑，同超市买的东西没法比的，差评差评。	手机刚到，充电非常烫，手机和充电器都非常烫，质量存在非常大问题，沟通后换货，居然说要先收回去，等他们拿回去测试完再决定换不换？手机没问题，我换什么？你们要是测试个一个月半年，我还得得你们，我现在不要换了，直接给我退掉，申请里面还不能改？和客户聊了一会，谈到后面，干脆不回我信息，非常差评
东西不错也很好只是我拍的尺寸不对卖家已经同意了更换，很满意的一次够买，下次再来	比较清静，环境还好，我住的一楼房间比较潮湿有霉味，蚊子较多	刚昨晚买了，今天就降价，以后还让我如何信任你们	我老板在超市发买了一箱变质的蒙牛牛奶，超市不退，竟然说是老板味觉有问题！！！打客服尽然说要去原产地去投诉，为了一箱牛奶拍到内蒙去？？？坑人也不带这样的。 昨天转了这个没多久被删了，新浪跟蒙牛一样不要脸。
选择蒙牛就是选择健康	但是对于偏爱短信和操作方便的朋友8000不是好的选择，它的操作实在是。。。唉苦恼。另外虽然它26万色，可是下载适合它的图片是个问题啊，我这不是在网上到处找嘛，买了它的数据线原以为下载方便了但是要找到适合这款机器的图片和铃声又成了个大问题啊。。。。哭啊。	清晰度，分辨率特别低，看着字都是花的，比例也不协调，就一个土砖头，不值得推荐，邮寄回老家了，换货不方便啊	差评，一个东西送了快十天才到
已经吃完了，挺好吃的，做活动买实惠，包装到位，没有破损！	第一次用安卓系统，还有点不习惯，机身屏幕很大，但是分辨率不高，看电视图像不够清晰（看的是高清版），优点是电池持久，如果对拍照，看视频没有太高要求的话可以考虑。其实价格也不低了，iPad迷你2也就1880，看个人追求了，我还是决定支持国产，希望国产越来越好。	"感觉没什么有意思的,就是一些单词堆彻的单词书. 除了包装有些精美."	系统要自己装，会让你很头痛！买回来发现不能上网有线和无线都不行！打过800服务电话也找过网络工程师却发现网卡问题！原装系统超慢且容易死机换系统装驱动却装不了!麻烦的还在后面 售后服务简直不人性化！
确实是老家苹果！值得推荐！一次买了两盒！味道鲜美！明天还要下单！支持老家产业！?	"地方真是偏,连出租车司机都找了N久啊房间到是很大啊里面的设施台陈旧了啊一住进去就有骚扰电话跟踪而来,真是强啊!"	本次购物是在京东购物这么长时间来第一次满意，也是唯一一次买水果，果粒太小了，表面成色也很难看，这个是让我最不满意的。	稀烂，护发素用了和没用没区别
爸爸很喜欢～16G父母足够用了 也就平时玩玩斗地主 聊聊微信 看看视频	东西很不错，送货快，小哥直接上楼	带孩子入住只是希望能畅游迪士尼乐园（住客可以一次购票两天入园且中途可以自由出入），感觉还是值得的：整个园区景观幽雅，植被丰茂，各条园路均引人入胜，建议有时间可以四处走走。酒店环境不错，房间宽敞整洁，床很大，可以算作两张双人床；订的海景房，窗外远眺海湾，看渡轮往返，赏烟雨迷蒙，心旷神怡；晚餐自助餐尚可，早餐不敢恭维，孩子们如果喜欢与米奇合影，也可以尝试；建议下午六点左右回酒店到日落大道走走，海滨、晚霞、远山，值得期待。行李寄存和免费穿梭巴士很方便，入住时间下午三点，退房为上午十一时，但前后都可以免费寄存行李，不过乐园入口左侧也可以寄存，只是需要开包检查，麻烦。喜欢高球的朋友也可以到酒店后右侧早上挥几杆，我们是去游泳池享受了温水泡浴；泳池后还有个吧，看配制可以烧烤和表演，应当是晚上的节目，我们那天晚上下雨，没赶上。	洗完头痒的不行，空屑也多的不行。
华为平板，618活动室买的，价格公道	看起来不错，希望是正品哦，会一直关注你们的	可能看错了，以为买的是750ml.的，原来是买到500ml的    包装很漂亮	简直想退货了，用了一个多月，太差了，还有一瓶都不敢用了，头皮越来越多了，还不如夏士莲好用，真心不满意，能退货吗，还有一瓶。
一共买了4箱，放抽屉2箱还有2箱放不下就放箱子里好了，包装不错，苹果脆甜，回味甘甜，苹果香味很重，蚊着就好吃	第三次买了，上午买下午就到了，用着头发不油腻，美中不足的是买的时候赠品（发膜）没有送，感谢京东，这么热的天气还能送货这么快。	闺蜜买了一个，我看到觉得外观啥的还不错，价格又那么便宜，正好考虑换电脑，就定了~ 速度还可以，本来还买了一个1G内存，想扩到2G。谁知打开发现原来只有一个内存槽，没有考虑到这一点，哎，那1G的条就废掉了。 重量还是稍微有点沉，不过我基本不背着它跑来跑去。	垃圾货，一洗水严重变形。
"质量非常好，与卖家描述的完全一致，非常满意,真的很喜欢，完全超出期望值，发货速度非常快，包装非常仔细、严实，京东快递态度很好，运送速度很快，很满意的一次购物"	中國奶業的悲催 不喝蒙牛很多年！	被压过了，还好里面没事，京东的物流如果跟其他快递一样的话还是京东吗？	不是很满意，感觉不像正品！！！ 不会是冒牌的吧
还不错，东西很实惠，整体看来是十分不错的洗发水，可以购买的.	前天买的今天就到了，卖家发货速度加快递速度真的是没谁了！而且客服态度非常好，就是冲着这态度都要给5?快递员大冷天一大早就给我发短信，生怕吵着我休息，给个赞！裤子面料摸着不错，质量对得起这个价格了！等会洗澡换上去试试?	不是沙宣一贯的味道，难道沙宣变味了？？？？？哎，京东啊，你怎么可以这样？	经不住携程这么多好评的诱惑，本来不打算再来住的，决定再体验一次，以决定取舍，果然这次基本没再让我失望。上次住的358元精致客房，这次住的456元的行政套房，唉！一分钱一分货啊。卫生还可以做得再好一些－－床单上有多处黑迹。细节还可以再注意一下－－餐券上怎么没有时间？还得再打电话去问；卫生间排气扇噪音太大了，感觉跟在飞机上一样；装修用了太多玻璃，有点眼花缭乱，卫生间应该用不透明的门。2007年11月15日点评的时候曾经提到“君临天下”，后来还真去住过一次，感觉就仨字－－“很失望”，浪费了这么高的大楼和这个好名了，装修太业余，没档次，服务太差，11.18去住，居然没有取暖措施，也不告知客人，害得我空开了一宿空调，直接冻感冒了，在前台结账的时候，发现服务员也感冒了，症状很明显了，还“带病坚持工作”－－不想想对面的客户什么感受？正赶上发票用完了，站那儿干等着服务员用了五分多钟才换上新发票，自始至终就没一句表示歉意的话。补充点评 2008年2月29日 ： 不好意思，2分点评是给“君临天下”的，给宏裕4.2分吧。
"地段不错,房间虽小但干净,适合商务活动."	分辨率太低，无法使用！	十号下单，20号没收到货.期间致电客服，说双十一忙，让我等，后又说帮我补发一份，19号之前到，至今无果	就这拉链，根本拉不动，穿的时候生怕把自己小弟弟给夹了，叫我如何给好评
六个有一个是坏的 其他的也不新鲜	右侧兜里有洞，衣服上都是那种白色的小毛毛，不知道什么鬼！	和图片相差太大	机器一般，分辨率低，试了一下，想退货，收货员上门取件的时候说有一块漆掉了，折腾到现在也没退成。买了之后我从来都没注意到，感觉不太好用就放起来了。在京东买了这么多东西，第一次遇到这种情况，对京东太失望了。
很不错，我的拍照拍的不好，收到后真的很好，没有一颗是坏的，全都新鲜	"一开始看了别人的评价比较担心,入住后觉得很好.我订的是豪华大床房,房间大,设施也算齐,济源没什么旅游资源/商业也不算发达,所以在5.1期间性价比很好.特别是服务员态度很好,很满意"	"手机买时减300,过了几天又减400,再过几天，变成减600了。手机价格相差不到10天，变化如此之大，实在不敢恭维！"	假货，假货，假货，没法用?
使用了很久，天天玩王者荣耀。哈哈哈	早晨订的下午就收到，确实很快，包装也很好，东东刚打开，在系统更新，没有使用，下次再评，相信应该不错。	显示屏清晰度不够，在白色背景下是灰蒙蒙的，如同磨砂玻璃，不白亮，整个屏幕有无数雪花点或横条。俗称“雪花屏”。优化大师检测结果是：友达品牌的屏幕，制造日期为：2006年第一周。	这苹果，没一个是翠的，每一个都是坏的，都秧了还拿出来卖，可笑
外观漂亮，屏幕很出众，瘦长设计可以单手持握，主打曼哈卡顿音效不出彩，喜欢听音乐对它不要有太高期望。	一本书200页，综合一下只有3页可看  却要花200页的钱 唉 唉	酒店电话客服服务太差！！！	怎么不可以给星星，老板没有开发票，明明写了要发票，老板漏税
非常的好的一条裤子，以前经常也买这样款式的，不过这条裤子是我穿过最舒服，也是最满意的一条。上班的时候穿的很合适。以后还会来的。谢谢店家的推荐，祝生意越来越好??	不适合初学者，单词是否太过深了？而且不是很有趣，相反，觉得很幼稚。	#友情滋味#伊利 蒙牛 什么玩意。http:t.cn/zWpSrn9	最差的一次购物体验，干瘪，坏心，糟糕透顶
质量不错，手感很舒服，物流也非常快哦，物有所值	不错，用着没啥问题，字数补丁	用了一天还可以不发热，清晰度可以	如果你恨一个人，又不好表现出来。那就买这个手机吧，完全不值这个价格。
整机配置均衡，就是内存稍小，京东要是能再送个内存就完美了^_^ 本本外观很漂亮，尤其喜欢它的键盘设计。 LED屏显示效果很好，没有常规屏幕那种发虚的感觉，色彩很真实。	酒店服务很好、房间里配有电脑、免费打长途、如果就餐出酒店往左走不到50米有一农家菜馆、卫生、服务态度好，实惠，值得一去，最好不要到街边的酒店吃饭、特别是不能跟导游去、有的不标价，张口随意要，价格离谱。	东西打开都漏了 一股香味 以为咋回事呢 结果发现洒出来了都	很不满意！
超好，味道是我想要的，还有小样，超划算，头发现在也没有那么干枯了	好用，一直用这个牌子的洗发水。	不好，除了充电器什么都没有	同一家店，也不知道顾客是不是都是瞎的，这么差的裤子和客服还给了好评，真是无语死了，价格贵不说裤子还那么垃圾，而且客服也是摆设的
沙宣洗发水不错，味道好闻洗头发也顺滑好梳理。嗯！满意	很喜欢这个酒店。服务员都很热情。酒店的外观比较一般，但是房间里面还是不错的，很大很干净，房间里摆放了很多零食用品还有价格单，挺周到的。浴室的热水好像太热了一点，不太容易调冷。就这一个缺点吧。价格还算公道。不错！	以后不在此店买。上当了	质量太差，我觉得你们**
非常不错的东西。非常喜欢，价格非常不错。送货速度快	如果不是做活动。真舍不得买这么贵的洗发水。平时用的都是飘柔，潘婷，还有清扬，这个味道很好闻，不知道是不是比施华蔻好，下次可以尝试一下施华蔻对比一下。我姐一直用施华蔻，沙宣是我多年前喜欢的。	"虽是观景房,不过我住的楼层太低(19楼)看不到江景,但地点很好,离轻轨临江门站和较场口站(起点)很近,解放碑就在附近(大约100多公尺吧)!"	"酒店的建筑本身设计与盘门景区的结合非常的巧妙,交通也很方便,住得是贵宾楼,硬件设施不错,服务一般。儿童乐园只开到下午5点，关门时间也太早了吧，好多酒店都开到晚上10点的，可能是因为酒店也觉得里面玩得东西太简陋了吗，完全跟不上五星酒店的档次?游泳池的水温很低，写得是26度，一般不应该是28度吗？早餐的时候西餐厅人超级多而且混乱，餐厅旁边的厕所是我住过的所有酒店里史无前例的脏的，女儿因此拒绝在此如厕。"
东西很不错，非常满意！！！！！！	东西好用但是有点小贵^_^^_^^_^^_^^_^^_^	一大两小，两个烂的，里面已经变色，好的那个还不错，摸着是常温，感觉没有冷链运输，没看到保温箱	不满意，为什么全是英文版，又没说明书，怎么使用
我刚买了一个星期不到，但是它的优点真的很多，还算得上是非常值得！mp3不错，送的配件也都够用了，送得联机线不用软件也能与电脑传输得非常棒！屏幕是不错的，照相移动还是很快的，闪光灯真是帮了大忙，最厉害的就是内存卡了，有钱就买个大的，顶了！送32MB也够用了。	还不错，希望以后还有更多优质的服务。	这幺小哪有80……上当了，差评	如果可以，我一颗星也不想给，，什么破洗发水，一打开就一股特别浓烈的劣质香水味，刚取完快递就去上课了，在课堂上打开的，*
情人节送给男朋友的，很喜欢呢。码数正好，质量也很好。穿出来效果挺高大尚的。帅气 下次还可以再来哦!	非常好，活动购买，非常划算，支持京东，希望产品一如既往地好	设施陈旧，感觉不想05年装修过的样子。卫生间也较一般。不过三星也就这样了。床太短，我不算很高吧。稍微往下躺了些脚居然悬空在床外。床头柜有个小收音机很有特色，商务房有电脑，网速也很不错。我住的是靠角落的房间感觉噪音不算很大。	我才买了3天就降价，坑爷！
很好，包装的很好，也没有坏的，很好哦	"体积小,方便携带.各性能平衡在同价位的产品中算得上是佼佼者.流畅运行VISTA没有问题."	"翻改时候有黑色闪屏,好象是劣质产品"	差评，什么乱七八糟的客服，说了改地址。还x你祖宗的。寄这来害我跑了十公里。东西质量相当差，再也不能买这拉及货了，朋友们别上当了
多次购买，性价比比较高的苹果。	传说中的四星挂牌，2星标准，倒也恰当。房间的地毯确实很脏，其他还行啦！卫生纸确实如传说中的少，两个人有点不够用。服务嘛，不知道，因为是跟携程团去的，一大早就走了，没机会领略。早餐，确实品种少，除了牛奶（是奶粉加糖价开水，亲眼所见）和粥，该冷的是冷的，该热的也还是冷的。稍微晚去就排队加排队。酒店周围都是卖土特产，水果店和小便利店（杂货店）也多。补充点评 2007年10月22日 ： 客房提供的居然不是袋泡茶，而是新鲜的绿茶，感觉很好。没有咖啡，有需要的得自带。没有免费矿泉水。	一个充满铜臭的酒店。吸氧，每小时要收90元。办理入住，直接扣除2天房费，并声称若不足2天，不退款。热水龙头出水奇慢。相关问题，前台一问三不知。	华为这个品牌本来口碑还挺好的，但我买这个手机感觉很不行左边的那个播放器没声音，然后买手机的也不贴个保护膜，也不加说明，还好我没有把那个屏给弄花后来我在网上搜了一下，像我这样播放器左边或右边没有声音的情况，还有，所以说我的这种情况并不是特例，而那个手机设计出了问题
品牌货 价格便宜 配置也还好 该有都有的 屏幕看起来很舒服 外观设计独特 感觉还好	个头不大，但很脆，很新鲜！不是很甜！	这种苹果还说是红富士，看起来非常白，几乎都不红的。有点失望。	三个火龙果烂了两个，而且是烂到这种程度，我相信不是一两天能烂成这样的吧？发货都不看的吗？
用神券买的超值划算的，京东值得信赖，就是618物流慢了点	《贝贝熊系列》是我儿子最喜欢的一套书。没上小学时，他每天晚上睡觉前总要我重重复复地讲前面几集给他听。上小学后，我再买了余下所有的故事，每星期学校要求写读书笔记，他就自己读，学着去理解故事的含义，然后抄下好词好句，写下简单的心得。每星期的读书笔记都得到老师的赞扬，他也从中明白了不少生活中的道理，还常常活学活用，搬来与我讲道理。	位置不错，去海滨浴场挺方便的，就是房费有点高。门口的出租车不好打，最好往北出了口再打车。服务很好，态度不错。	由于飞机晚点，半夜到酒店11点半左右。登记后无人提示酒店是否有无烟楼层，酒店不提供火柴，我半夜跑楼下去买的火机。房间没有吃的东西，水也没有，马桶也不舒服（座垫太小），半夜风大，窗户风吹的声音很大，（1115房间）。早餐20一份，自费，一碗皮蛋瘦肉粥、炒河粉、一杯牛奶，一个鸡蛋。吃饭地方偏贵，总体来说没有值得赞扬的地方。我住了2天半，最后半天上楼我出示房卡，清洁卫生的阿姨说要问楼下，一问就是3、4分钟。
一直用这个牌子，这次活动买的，很划算，物流很快，快递师傅的服务态度也很好，相信京东以后还会继续支持！	快递速度一般，包装还行、衣服没有损坏，衣服挺柔软的，穿着舒服，尺寸也合适，就是有点短了。现在居然涨价了................	什么潘苹果 非常难吃 一点都不脆	一个字:差
裤子质量，手感什么的都非常好，穿着很舒适，物超所值，下次还想来这买	还没有用，等用了再来评价。看宝贝挺好是正品还有店主送的小电器谢。	质量很好，非常不错！ 挺好看的	都懒了 一共仨 懒俩！ 超级差！
刚买就降了170，联系京东客服后我申请了价保。总体还是很满意的。华为的东西杠杠的！！	海景不错，属于在威海最好的吧。服务也还可以，但也没留下特深刻的印象。房间内的设施还不错，只是七成新吧，跟蓝天酒店比还差些。早餐我觉得不比三十八的好多少，可是却要六十八元。房间的隔音很差，我隔壁入住了几个人，开始唱歌，后来打牌，我听得很清楚。	好好好好好好好好好好好好	东西到手了，看起来不错，要是能送个壳就好了
京东物流超棒，信任京东。苹果真心好吃，推荐给身边同事，都很满意。	苹果有点小，凑单买的，支持一下	看了还算不错的点评，定了标准间， 但是无论是硬件还是服务令人失望。硬件设施还不如一般的农家乐，窗户和门并排在走廊一侧，通风很差，一进房门扑鼻而来的就是浓烈的霉味和香烟味，害得我们一晚上就没敢关窗户，卫生间的淋浴设施地面连挡水条也没有，一洗澡就满地是水。前台服务冷冰冰的， 我们11点到达，称房间还没打扫完， 让我们在大堂等，之后就没人理我们了，过了半小时再去前台问，才给办理手续，实在是太差劲了。	首先我要点评一下玄武饭店6楼的房间，实在是太差了，最多只有3星级的标准；8楼以上的房间明显是重新装修过的，要好很多；我们入住的时候一下子要了6间房间，前台有位大堂副理为我们升级到豪华房，都在12楼以上的，房间就要大很多，服务态度还不错；但是令我非常愤怒的是，酒店居然不允许我从带外卖回房间吃，真是太太太可恶了，在我据理力争下，居然还有人拿着什么酒店的管理规定给我看，难道酒店的规定不让吃饭？他们让我要么出去外面吃饭，在房间吃，只能在酒店点，这样的霸王条款，我怎么能接受，我在大堂与他们几个貌似高管的人纠缠了10多分钟，他们在一楼的餐厅给我们找了个包房让我们把外卖回来的饭在里面吃，还提醒我们不要弄脏了桌布。如果不是因为这一出的话，我想我还是蛮喜欢这个酒店。但是确实因为这个，太令我失望了！
正品来的，比实体店的便宜多了，真是物美价廉。卖家也很好，发货快，到货后拨打美的售后电话很快就派来了安装人员前来安装，晚上就用上啦	非常棒的华为平板，大小合适，可以通话，正好给送妈妈，把旧的手机升级了。京东物流从下单到家门12小时，赞赞赞。	男女老少都可以使用的，还没有用，应该不错	发票呢，差差差差差差差
酒店很不错，好的方面：1. 酒店位置好，特别是从湖景房看出去风景非常美。海景通常都比较单调，而且海水潮涨潮落的声音有时感觉有点吵，而湖景就很安静，湖中有点点岛屿，景色非常不错。2.服务主动、热情、积极，很难得。3.房间宽敞，坐在浴缸里洗澡时可以看到景色，感觉很棒。4.除房费不便宜外，其他费用都不贵，相对5星级来讲，简直可以说是很便宜。说点不足：1. 个人感觉房间装潢风格稍显点土气，不过多呆些时候也就习惯了2. 餐饮水准很不够。中餐是杭帮菜为主，菜式和口味跟马路上的小饭店相比没多大进步。西餐也是本土化的西餐，无论从菜单、口味都有待改善。而且一般度假酒店里应该多些小食、简餐、特饮等等，这方面很缺乏。虽然有些不足还有待提高。下次休假，还会考虑选择住这家酒店。	还没有用，觉得不是很好。	太差劲了，像沙漠中的瘦小猫，花同样的价钱去沃尔玛、或乐天等可以买到大很多的，太坑人了，商家良心都应该受到雷劈。建议大家千万不要购买。太差劲了，商家太没有良心了。	商品本身没有问题。但是配送服务的态度有问题，所以我要给差评，从买到收到货历经7天，我就不知道你们怎么想的，耽误了我宝贵时间不说，竟然说找不到我地址这么低级的借口！难道这就是我催了你好几天，到最后一天，你特么居然晚上10点多才给我送货的理由？？！！！
一般，不是想象中的样子	不好 也太小了 什么啊这是 一点也不直	这个页面上显示的促销信息：“购本品类300元以上，订单签收后24小时内返60元平板保护类配件满减券”，其实送的是一张满50减20，和一张满99减40的优惠券。并且我在能够使用这两张优惠券的商品里找不到适用于这款M2平板的配件。并且根本不需要购买任何东西就可以在页面上随意领取优惠券。问京东客服这两张优惠券怎么用，客服也不正面回答。京东有忽悠消费者的嫌疑。	服务态度很差，用空单号骗人，催了好几天都不发货，理由一大堆，说是快递公司出了问题，真的等到快递信息出来一看就是没发货，空单号忽悠顾客。奉劝大家别受这个气。裤子质量也一般般，材质摸着是挺滑，但是完全不透气，就像是雨伞那样的材质，穿着很热。
酒店门口的路修好了，客房也装修好了，感觉非常不错~~~！新装修的客房比原来的要好很多，很上档次，还赠送很多东西呢~~~比起那个柳州饭店好多了。酒店服务员也很热情~！以后来柳州都住这里。宾馆反馈 2008年8月11日 ： 非常感谢您对我酒店的支持与肯定！期待您的下次光临：）	在南通这种地级市，能有这样的宾馆，算是很不错的啦。有一些小的缺陷，但不会影响质量。	看了介绍，带老婆孩子去了，其实是一种尝试，想看看究竟是否真的还好。优点：1，前台的动作很迅速，对于入住和结帐都是非常的周到、迅速。2，门童、保安都很热情。我们要出去，叫车的时候居然司机说不认识。还好有个非常负责的门童，就在那里一个一个司机问，直到有一个司机愿意送我们去为止，让老婆感觉很感动。3，房间很好，而且客房服务很到位。我们是带了个5岁的女儿，他们看见了，就把我们的所有的洗漱用品等都增加到3份。虽然不一定值钱，但是女儿很开心，用她的话说：“这是给我用的东西。”4，房间的隔音不错，床的软硬适中。女儿晚上10点多睡觉，居然一直睡到了隔天的上午11点，以至于我担心结帐的时间都不够。缺点虽然有，但是不是大的，而且提出了以后都及时改进，让人很开心。进酒店还有为携程客户专门提供的饮料、水果，让孩子很开心。以后再去杭州，肯定还是住那里，很好。已经推荐几个朋友去了，希望他们也一样满意。宾馆反馈 2008年8月7日 ： 非常感谢您对我们酒店服务的肯定。酒店会不断的努力，提升酒店品质，提高服务质量。衷心期待您的再次光临！	只能说一句、非京东自营的产品都是垃圾。实物跟图片差距太大！
快递到了，拆开后看了包装很精美，东西也很多，比超市买划算多了。	物超所值，挺不错的，一直支持京东	昨天送到的，拿出来看果就不好，今天想吃一看长毛了	不好看，垃圾
套装潘婷收到了，物有所值，比超市便宜，不错	用了好久才想起来评价，性价比高，用来追剧很棒，如果续航能力再强一点就好了。	今天刚收到，发的是老款包装，拿回来与在沃尔玛买的750ml对比了一下，感觉差不多，实际效果等试用后才知晓。后续评价，活动用券购买的超实惠	没有想象中好，都是灰尘就像放了很久一样，盖子都是松的，是不是自己散装的，下次有点不敢买了
愿意吃苹果，应该不错，尝试一下。	我为什么喜欢在京东买东西，因为今天买明天就可以送到，而且还有送货上门。我为什么每个商品的评价都一样，因为在京东买的东西太多太多了，导致积累了很多未评价的订单，所以我统一用一段话做为评价内容，省时省力，还能得京豆。总而言之，言而总之，在京东买东西方便方便超级方便。	跟很多买家一样遇到了表面金属标牌划痕问题，但知道没法退货，去商场看了样机，基本每台都有划痕，所以不知道是RP问题，还是普遍现象。使用中有散热问题，但基本能接受。虽然有蓝牙图标，但其实并没有硬件支持。	苹果卖相差，味道差，总之一个字，差。
速度真快，上午下单，下午就到了。618屯点货	因为有了去年的经验，去之前我和酒店联系了一下，得知相比豪华商务间还是标准间相对安静，所以在携程更改了订单，携程方面处理得很快，马上和我取得了联系并了解了情况。酒店比我想象中要好，挺宽敞、挺干净的，服务人员素质不错。标间一大床、一小床，空调用的果然是大金，效果不错，噪音几乎没有，房间里的宽带是免费的，不过我不知道怎么连接：P值得一提的是房间还有跳窗：）另外，房间隔音还好，就是走廊来往的人声很吵，不过我凌晨2点睡下的，没影响。旁边有景江大厨不过我没去，就不评价了。关于交通方面，由于我是退房前电话叫的士的，所以没遇到什么不便。总之，270块钱能住成这样已经很满足了。	没有看，还不知道，不过送货人员没有给我送上楼！	按180买的，结果还是小了太多，穿着紧难受
"我住的是两室一厅的房间,在17楼.虽然只住了一夜,但总体来说,对这个公寓感觉不错.就是有几点不满意: 1.地方确实不好找,没有醒目的标志,第一次去还真难找.2.没有一次性拖鞋,而是塑料拖鞋.3.浴缸很大,但是没有浴帘,我们住的那间,浴室的门都坏了.4.并没有两个卫生间,只是把一间分成了两间.不足的地方就这些,总体给我的感觉像家一样,有客厅和厨房,感觉很温馨.床很舒服,地方也很安静,能休息好,前台服务态度也很好,.下次去还是愿意住这里."	远离蒙牛	和地摊货差不多	玩梦幻西游之类的回合制网游，电池只能续航5个小时左右。对于4800毫安容量的电池是不是有点短了。买过之后客服的那个态度那叫一个敷衍。客服态度差评！！
京东六一八囤货囤货囤货囤货囤货	好好好好好好好好好好好好好好好好好好好	系统驱动确实很烦，网站好像还不是很全，这个多多少少影响心情。	慢 就一个字
现在在用的手机是MATE8，以前也用过几个华为的，支持国货精品！这个平板上手两天，确实屏幕清晰音质棒（外放好过以前的IPADMIN），另外就是手机平板全套华为便于数据（包括云）传输管理	"坚持一直看,开始学会察觉,现在的生活和感情非常好"	设施老化，空调漏水，除了早上值机方便，没有任何优点	百分百不是原厂正品。京东越来越垃圾，再也不会再京东购物，马上卸载。
这本书刚拿到，就被同事抢去看了，第二天就还给我了，惊讶！原来她熬了一个晚上就一口气看完了。。。。还和我交流了半天。自己看完后，觉得挺有感触的，里面的一些故事都好像发生过，很有感触。总的来说，是一本不错的职场工具书	偏薄，整体还不错，适合春天穿！	居然有坏的，而且个头小，还没有水分，太失望了	我的M260手机4个月，除程序偶尔出现点错乱外，一直没出现太大的问题。但今天突然开不了机了，已经送去维修了，客服说是进液，并剥夺了我一年的质保服务。我的手机绝对没有沾水，根据充电接口的锈蚀程度可以判断，是因为夏天攥在手里，汗水从充电接口与键盘接缝处渗入手机。海尔手机的密闭做的非常差，难道用手拿着也是非正常使用！！提醒正在使用海尔手机的朋友，海尔手机太脆弱了，最好装在套子里使用。
最早出来的时候经别人推荐试用了下，效果非常好，活动价实惠，买一次够用很长时间	不错，屏幕大，用起来眼睛不累	我在拍照取景时，屏幕上出现了严重的水波纹。。而且铃音出现过混乱，表现为：将短信提示音设为风铃声时，短信来时却响起了线路1的来电铃声。如来电为先振后铃，则振动也如期而至。耳机接触不良，插上耳机听MP3，有时耳机和扬声器同步出声。且在耳机通话时效果很差。	**，垃圾酒店，一个前台服务员跟我说什么认识五星酒店的老板，装*装大了，服务差，房间没窗户，没空调，交通也不方便
早上下的单，下午就送来了，物流棒棒哒。东西很好，拿着玩了会儿游戏，很流畅，这个价位值了。	送给老婆，外观很漂亮，配置也均衡，该有的都有了，对得起这个价位了	屏幕转轴有点松，不知道是不是个例 电池使用时间实在是一般 在网上找不到读卡器驱动	航班临时取消从虹桥改到浦东才被迫在这里住了一晚，打电话订的，没想到会这么糟糕…浴室淋浴房漏水，花洒漏水，不知道是这个价格的原因还是怎样，估计是几个月没人住过的房间
京东就是快，作天下单今天就收货还没时间用，等用了在来评，如果好用还得在买一台呢	待机时间短的要命两天	唉，，上当了，真是上当了，，，内容没趣也没意境	22号买的有问题，换货，京东收到之后说缺货，足足等了一星期，要不是我天天客服催，最可气的是说次日电话专员联系我，第二天影都没有。客服说打过了，可是我为什么没有记录呢。呵呵。一颗星给快递小哥
裤子材质做工都很好，穿着也合身。这个价位买这样的裤子还算行。	"银色边的漆以后可能会被磨掉.感觉16:9的屏幕太扁,毕竟看得多的是网页.还是老的4:3的14寸屏幕好.建议买16:10的屏幕(电影爱好者除外)."	送到都蔫了，连冰袋都没有，送货速度还是可以的，三个都比较小	非常无语的一次购物，省内的物流七八天，货到付款的裤子还不知道是谁给签收的，这个社会太乱来了
1.支持语音拨号，语音开启各种功能，令操作简单实用。2.内置了功能实用的英汉字典，学习从此随我而行。3.电池的续航能力挺不错。4.按键大气舒服。	快一个月 衣服还没到 还不退钱 呵呵	这次购物除了商品质量以外都挺满意的。我就呵呵了，这也叫中果，在外面买6，7块一个的东西，在这居然贵了快一倍。其他的不多说，我特么要是在从京东上买一次水果，我就是脑子秀逗了	假的，洗了第二天就头痒，而且痒得不行居然还有头屑了，气死了气死了气死了。。关键是以前一直用都好好的，第一次在京东上买就遇到无良店家，气死我了，建议千万不要买，不是黑店家的，我是实实在在的客户。哎，这么长时间的网购第一次差评。其他得过且过也就算了。这次是真忍不了，确实太过分了。
衣服质量不错，穿着舒服，一直信赖这牌子的	买了几个Lenovo制造的ThinkPad，感觉和旧ThinkPad也差不多，质量还是比较好的。 外加京东的退货换货服务，买大件也不怕质量问题。	在京东上买这么多次东西，头一回遇见包装撒的这么严重的，满箱子都是黏黏的洗发液的味道，没损失什么而且没有时间再等着换新的，所以就先将就收下用了，但是这么大包装的东西包的这么不严谨还能给漏了总得有个说法吧	这个包装 我也是醉了 是便宜，但你不能乱塞一通吧？ 说好了寄到门口一百米处的商店，你给送门口进去是什么意思？地址那么清楚！
至少8个有糖心，好吃，家人都喜欢，大小适中，送礼的话小了点	比超市便宜，很好用，快递特快	设施、服务与五星的浙江宾馆差不多了，整体感觉不错，早餐花样挺多，空调效果也不错，唯一一点遗憾的是2月9日的晚餐很不满意，加份的菜卖完了，米饭吃完了，等面条等了半小时，服务生一直说在锅里煮。看着唯一的一个服务生上窜下跳的，我们忍不住对他说：“你辛苦了，是不是新来的”，他点点头	预装的**系统太复杂，不适合家用，价钱也有点高高。 另外就剩太完美了！！！呵呵！
"地理位置佳，在市中心。酒店服务好、早餐品种丰富。我住的商务数码房电脑宽带速度满意,房间还算干净，离湖南路小吃街近。"	房间里不干净，有虫子和蟑螂	有点薄有点透亮，质量太差了	拿到房间钥匙，打开门竟然发现了别人的东东，如果房间中有别人，或者是一位异性，如何处理？可怕？后来自己下楼又换了一个房间才好。结帐时竟然没有发现我预授权时的签单？让前台处理掉预授权的单据，竟然说找不到了!!可怕？好象速8酒店都不当面处理预授权的单据，为什么？让人没有信任感!!!!!!
正品，质量很好，日期到19年底，昨天下午下单，今早就送到了，点?	凑单买的，比海飞丝便宜量足！使用起来效果还行，没有广告那么夸张	"巨大又重的,A面指纹板一张~  联想的视频软件挺烂,那个噪音吓死人~ 关声音就没了~ 勉强接受~"	钢琴漆镜面不能防指纹，可惜！ 本来有缘第一个对该产品发表评价的，同城的情况下，京东快递却让我等了3~4天，可惜！ 订单确认结束的时间又用了整整一天，可惜！
到货很快，京东就是不一样。东西用了，非常不错，还会再来。	蒙牛不是策划出来的，而是踏踏实实的产品、服务和体系做出来的最优秀的模式往往是最简单的东西	就是装系统 很麻烦，用GHOST盘装会启动不了， 出现什么GRUB，后来我用的安装盘才搞定。但是晚上夜深人静的时候， 只要我一操作电脑就听到滴滴的硬盘声音，不知道是否正常？	衣服已收到了。跟网上的图片比有点差距，不过还算可以。
我一直都用沙宣，是正品，而且当天下单第二天就到，比在超市划算	苹果味道鲜美，个头差不多，第二次购买，没有失望！	又酸又涩不好吃，以后还是买点应季水果吃吧！	才送到的水果，今天拿到办公室，一打开，这种状态……醉了
质量不错，价格合理，发货迅速	豪华大床间房间大，叫人想到摆一台麻将很宽松！出大门左后街道边的瓦罐汤粉面馆很有风味！值得一试！宾馆反馈 2008年4月28日 ： 尊敬的宾客：感谢您入住七星商务酒店！本酒店豪华客房舒适宽敞，可一解您商务之旅的疲倦，也适合小型商务会恰，另本酒店紧邻的福州路为南昌餐饮一条街，汇聚多家美食酒楼及风味小吃。诚挚地期盼您再次入住七星商务酒店！	作为在人民广场附近的酒店来说这个价位算是比较低的，而且相对房间来说也不是很差。与一般的经济型酒店设施还是差不多的。但是酒店的地点却不是很熟悉，所以也是找了一段时间才找到。但是走到人民广场还是很方便的。	手机不能充电第一次来京东卖部手机还不到一个月就出现问题了，运气这么好就被京东送了假货，关键是现在还不知道找谁处理，恨死你京东了，
苹果不错，红彤彤的看着挺新鲜的，没有一个坏的，快递员也很负责，给当场验货	第一次尝试京东自营！神速！了解一下就知道京东的发展速度！	产品好用，一直在用，就是价格小贵，买回给老妈用，好品质。	大失所望
很好啊，今天刚收到货，打开用了一下，挺不错的，支持华为，很好用，	给老公买的，穿上非常合适！裤子版型也好	没照片上看的好，质量一般。	回来有2个坏掉了，其他的都太小了，感觉上当了
书一拿回来，忍不住一口气看完，对自己的心灵触动真大，看完整本，居然有种想流泪的冲动，可能书中许多故事，许多思想、情绪似曾相似，而自己却身陷其中，那么茫然，无法解除，终于找到，那么亲切温馨，我真得看清楚自己，有你带路真好，书中许多细节，真的需要细细的回味，反复的看，不断的收获，真是一本非常棒的书。	到货速度惊人，我己多次在京东购物，我很信得过的京东。	这幺小的苹果也好意思拿京东上卖，不怕砸了招牌吗？	真的很气愤啊 什么东西 不就百把快的东西吗 爷不要了 草 在京东上买过很多东西这是第一次非常气愤的一次评价 2017.1.16买的在京东快递上看老是第三方在投 投这 投着这特么的就签收了 老子东西都没有看到 找客服特么的还叫我去京东客服哪 你这特么的在火上浇油啊 后来人看完评价在买吧 前人的教训 后人少吃亏
这苹果味道真不错。    京东购物真是好方便，第二天就到了。这几天天气很热，快递小哥还给你送的房间。真是超赞。    还会来买还回来买以后水果就在京东买。	也是冲着这楼下诸位旅友的评价去的，连住了几晚，感觉酒店的整个经营思想还是颇有独到之处的，整个运行结构颇似欧洲的中低端旅店，感觉务实简洁，亲切与温馨。房间隔音确实不行，尤其是经常听到服务员在走道里大声说话（这在欧洲旅店可是难以想象的事情），酒店后面有个楼盘的工地，白天略有噪音。醉月轩的菜的确味道一般，另希望进一步加强客房的打扫清洁工作，住了几天，身上有蚊虫咬痕，奇痒难忍至今未愈。希望你们做的更好所以说了那么多。	唉，上当的感角，会自动重起。。。有点卡。	衣服一般般，气愤的是右边口袋居然是穿洞的，超无语！
散热是相当不错的 ，外观比较满意，性价比很高，实用性很好，能满足日常需求。	挺好，必须好。凌晨1点下单，早晨10点就收到了，这速度，快。	衣服摸起来很舒服。尺码也很正。想修身就小一码，宽松就正常码。个人感觉，仅供参考。	给女朋友买的，但是感觉个商店买的味道不怎么一样，感觉被骗了的感觉……
音效特棒，不论耳机听还是外放，尤其是开机时简直震撼，大小舒适，屏幕细腻，看电影很带感，续航不错，性能在安卓平板里这个价位也是上上之选。	裤子质量不错。穿起很舒服。面料好。码子正。也没有色差。	"整体不错,房间大,干净.服务也挺好的.酒店离市中心,海边都挺近.前台叫车也很即时.就是不知为何,回酒店时候,很多出租司机没听过这个酒店....晕....因为是2楼,有蚊子..不过蚊香就在触手可及的地方,还好~"	看着图片还行 游回来的裤子还不止**
12个装 很新鲜 很甜。京东速度就是快 惊人啊 满意	还没使用，家里人说看起来还可以，先给好评！	6.18零点抢购，送给妈妈，满足她上网搜索观看国画教学视频，速度挺快，画面清晰，只是屏幕宽度太窄，还没看习惯。	收到后还没用，比实体店里便宜很多
哈哈，终于收到了 超乎我的意料，裤子的料子很好，也没什么色差。最最重要的是客服态度好！以后还来！！	我想问这是正品吗？怎么感觉被坑啦！	买的时候图片上有吹风机，邮回来没有，问卖家卖家不承认～～～京东，我也是无语了～～～	酒店服务就是个垃圾，大堂经理和前台都是一脸不耐烦，再也不住了！
好货不贵，超级实惠，多快好省！！！	东西收到了，很好	不行，穿起来刺肉的	帮国外的同事预定了一晚房间，达到时因为堵车晚了所以订单被取消。但是酒店大堂居然没有通过ctrip与作出预定的我联系，而是跟客人推荐附近的其他酒店。因为当时已经晚上八点，客人无可奈何只能听任酒店的安排，最后给他找了一家附近的三星酒店，但是价格居然要一千六百多块钱。更过份的是订单状态显示已经成交，所以过了好几天我都不知道这件事，直到同事回国之后发email过来投诉才清楚这样的事情。感觉就好像是被黑了。订单被取消无可厚非，但是酒店的做法也太不妥当了，跟ctrip投诉之后最后打个电话过来把事情撇得一清二楚，至于订单显示成交一事，解释就是操作失误。之前好几年公司都用ctrip作一些酒店预定的，这件事之后以后都不会再用了。太让人气愤了。
潘婷礼盒装物美价廉，放心购买。洗完后头发很柔顺，味道好闻，最发膜的味道好闻，包装完美，对头发的保护性也很好，物流速度快。	裤子很不错，穿上很舒服有弹性，而且颜色很正跟图片一样没有差别。果断五星好评(??ω??)??	这快递速度没谁了！夜里下单，第二天下午到！真快！东西应该是正品！用用试试！	感觉是假的，也不想退了，感觉没以前超市买的好。总感觉比超市少了点什么
即使加了1G内存，相对于台式机+XP，Vista还是有点慢，而且几个老版本的软件需要重整了。	"房间可以,特别的套房,非常不错,就是餐厅太脏了,早餐搞得没胃口,"	此物品不值得去买，如此垃圾，既然还有这么多好评，30块钱的货而已。	差评，要不是没办法零星一星没有，瓶盖松的很，都漏了
很好吃！个头不算大，但很甜！很甜！新鲜！好吃！好脆！	京东服务非常到家?。平板很给力，速度挺快！	性价比比较高。位置不错，挺幽静，不过作为5星酒店，就是早餐的内容少了点	买过京东红心火龙果三次了 前两次的火龙果都很满意 但这次寄来的两个火龙果 现在吃了一个 居然是酸的！吃了这么久的火龙果从没吃到过酸的火龙果。火龙果外表看上去好的 但内部应该是烂了！
第一次在网上买水果，简直太棒了，每个苹果大小一致还很新鲜没有坏的，而且包装还很精美！下次还会光顾的，希望一往既如的好！	蒙牛鲜语奶茶新品上市，纯正奶源搭配地道红茶，不添加奶精 @蒙牛乳业	朋友说挺不错，这个质量还真的挺好，下次继续帮衬	电池  显示只能用四小时  喔第一次充了15小时的电还不行   还沉
桐华的书貌似我都看过了，都好喜欢，而且都那么紧张，让人沉沦，每次看了都不想放下，这次也是，3本书几个晚上就看完了，都熬到12点多实在不行，早上要早起上班，只能睡觉。情节很吸引，云歌我不知道这样算不算一个好结局，但是在我看来这个结局还是挺完美的。虽然不是大团圆，至少很符合人的心理！对于刘弗陵和云歌的爱情，中间还让我哭几次，可怜的人（但无可恨）……喜欢~值得一看	所谓山景房，就是非海景房而已，没有什么山景可言，海景房确实有景，有条件尽量选。只是这种房的窗帘边上拉不严，早上光线进来如同亮着灯一般，可能引发早醒。另外窗外隔音不佳，如果风大则呼呼响得明显， 这想必也必不了了。	质量太差，好像是隔年生产的。	买了套装居然没送两瓶小的，差评
京东快递就是快，昨天晚上下的单，今天早上就到了，也不酸，苹果好脆，	包装可以，没有压坏的，还有水气从冰库拿出来的。口感还不错蛮好吃的，个头大小不一样，没有描述的那么好。	"感觉非常奇怪,这套书我明明都写了两次评论了,可我的当当始终提醒我对这套书写评论!晕啊!这是套很好的书,也不用我写几次评论吧!"	六百的平板本来就没报多大希望，画质真的太渣，这都不要紧，我看中的是通话平板这一点，看重的是华为这牌子，没想到用了两周不到就死机开不了机了，完全没摔过没碰过！！！甚至没没过放或过充，充电的时候都不玩。莫名其妙就死机了，对京东太失望了
老实说，跟张爱玲的原作比起来，我更加喜欢电视剧版本的《倾城之恋》。因为它将原作中那个只有短短十几页的故事描述得更加细致、深刻，并且在不影响原本故事内容的基础上增加一些新的故事情节，将白流苏和范柳原塑造得比原作更符合我们的观念，让我们更易接受。相较于原作中那种自私自利的爱情故事，相信大家会更喜欢看电视剧版本中那种温情脉脉的爱情故事。所以建议喜欢的朋友买来看看。	评价就是为了豆子豆子豆子评价就是为了豆子豆子豆子评价就是为了豆子豆子豆子	不是说京东自营的都带发票吗？	携程用这样的酒店，真是对自己品牌的一种打折，请国人能注重自己辛苦培养起来的品牌意识，这样的酒店实在是差劲的没有办法形容，住了一个晚上就退房了，简直就是县城的招待所，浴室的龙头只是用一个钉子固定，根本无法淋浴，只能用一个脏字来形容，以后再也不会入住这样的酒店。
订了标准间，给了368的房间，感觉还不错，早餐挺丰富。	这几天人在外面收货晚了。穿着不错。很喜欢。颜色也挺正。也很暖和。喜欢	1、风扇的噪音不大，应该是改装XP后噪音才会大点，VISTA可能有个调节的功能吧 2、散热很好，这个不用解释了 3、机器性能不错，主流配置这个价钱也合理了	服务态度不好，我填的地址送不到，还叫我给快递花钱转邮政
一本蕴含广博严谨深沉的论语，在于丹的诠释下，变得唯美而华丽，灰色的教条变成了华丽的文学盛宴。	不知道是不是假的，用了一段时间来评价，头皮屑越洗越多	东西真不好！物流也慢	大家的手机只重启还算可以的了，我的机子显示屏爆了，把我吓我一跳，本来3个月内是可以保修的，可被卖机子的人送到维修点去检查，今天回来告诉我是显示屏人为损坏！我想我也太厉害了吧，显示器前面后面都好的，只里面爆开了花，还是我弄的！没办法，国产啊！真想知道签定师到底是如何当的唉！找卖机子的要个备用机，也说没有，什么服务嘛，想起来就寒心！
照的不错，很划算，用完头发很柔顺	thinkpad的品质还是有一贯保证的，不过和原来ibm相比真是有差距了	边个想买？蒙牛还是伊利？！	虽然不能阻止蒙牛这样的有毒食品流向航空配餐，但是你能做的是将配餐中的蒙牛毒奶撕开再等待空乘的垃圾回收，以免有人食用该慢性毒药！同时谴责采用蒙牛作为航空配餐的北京航食和相关航空公司@中国国际航空
这是第二次入住此酒店了，感觉酒店总体比较好，服务生档次层次不齐，有的很有礼貌，有的根本当没你这个人~~~房间没冰箱是一个比较遗憾的地方	"房间很小，其他到还可以。虽然名字包含了假日，花园，但是和holiday inn, garden hotel都不是一家。房间很小，几乎像一个小卖部：几乎所有东西都是收费的，小心。早餐很简单，很简单。总之，和大部分北京饭店的感觉一样，没什么特别的。"	太垃圾了，不能穿裤脚太小了换货不肯换	新鲜水果，像海鲜一样被冰冻，根本没法吃，客服不理我，退货途径也关闭，非常不愉快一次购物！
送货很快，赶上活动，挺不错	做了个披萨饼，真的是饼…只有蒙牛捧场偶尔吃一口。我每天起床把它配上豆浆一起吃，很有中西结合的韵味，也很有对自己涉足西方料理界的质疑	买三箱只有一个偏小点并且碰坏了点，其它都不错。吃口很好，水份多甜而脆。	东西不怎么好
很好，相当优惠，值得信赖的商家!	用滋源好几年了，长出新的头发了！感觉用什么都要贵在坚持啊！	"价格合适,加了一张优惠券,3599拿下.速度也很快,第二天就收到了货"	东西还没用，但是上面按的盖子已经被拔起了，不知道是不是新的，很不爽
苹果真的很好吃，脆脆的，香甜可口，同事求链接呢！第一次再京东上买水果，还是很可以的，没有自己想的那么糟糕，京东送货速度也是很快的，第二天就到了，很方便实惠，而且送货员很有耐心，很细心，大大的点赞！会再来的！	裤子还可以，质量也行，南极人还是老牌子了，修身，比较满意！	我这次是第5次住在长春的雁鸣湖大酒店。昨晚夜里停电。深夜我睡着了。我的钱包被内贼进入我的房间，偷了我近1000元和4张信用卡。。。我的证件和外币，数码相机等都在房间的保险箱里，原封不动。我打了好几个小时的长途电话来处理我的信用卡的冻结。我报案了，这个4星酒店的保安摄像探头竟然坏了，没有修理！保安还查房卡入门时间，就是没有其他人在深夜进入我的房间。难道内贼不会用其他高明的方式进入吗？我的羽绒服也被这个内贼放在地上！我醒来时没有多想！近中午时我才发觉钱包少了现金和信用卡！还有，这家酒店的态度很差！没有同情心！我之前授权的2000元，我打了国际电话，银行说两天前我入酒店的2000元授权了，可是酒店的财务不领情，说中国银行没有授权。我又打了国际电话，我的银行说通过了！这家4星级的酒店不负责，认为不可能发生，我报案了，我下次再也不住这个1星不到的服务态度，很可耻！我还要把这个事件说给那些想定这个酒店的住客。酒店为何停电，摄像头坏得也太凑巧了来让大家知道这种内贼行为是要强力打击的。好了，不说了！！！ 千元丢了小事。酒店的处理态度我很反感！我强力告诉大家和提醒其他人不要到该酒店！	第二次买，但是这次很失望，苹果差到不会再买第三次，比第一次买的小太多了
时尚，透气，舒适，已经是第二次购买。	室友买的套装挺划算的，而且说用的效果一般，没什么不适的，所以我赶在了打折的时候买的，目前没使用，我说的是和室友买的包装差距太大	酒店的牙刷这么脏，像鞋刷，以后还能住吗？！	假的，很稀，洗完头皮痒！京东，真的令人失望，假货这么多！买的卸妆棉也是假的，很薄，不及我之前买的一片厚！
相当不错的酒店，房间等各方面都让人满意。	以前用了好多牌的洗泼水都有头屑，上次在超市买了滋源的洗了两个月觉得很好，现在看到比超市便宜屯货	包装很精美，苹果也很好此吃，就是小了点，不过一份价钱一分货，这个价位很可以了，还省去了我我去超市的麻烦，下次还会买。	有点老，价格高了。
屏幕细腻，铃声音量大；操作简单，功能易上手；支持带保修的软件升级。	没窗户，位置还不错，电视还不错有不少外国台	手机盒没有塑封膜和防伪封标，充电器也没有包装，最主要的是没有使用说明书。手机还能用，也懒得换了。	买来就是烂的，怎么吃？虽然发货很快，隔天就到，但也不至于这样吧？
裤子质量不错，就是有点薄，不适合冬天穿。	还不错，挺快的	纯属蒙牛喝多了	"房间装修差设施也不好,早餐很一般.位置偏僻."
快递真快，热水器已经安装好了，售后服务态度挺好，而其东西不错，质量挺好，用起来很舒服。谢谢卖家！	采购囤货，买少了，下次继续。	你的完达山真纯 我的蒙牛纯真~~~~	地理位置优越，距离机场只有13分钟路程。打电话询问酒店接线员态度不好不耐烦，房间比较小，设施比较简单，卫生条件看上去还好。我住的288元房间wifi信号很差，早上想坐5点的车去机场，说没有只有4点和5点半太不为旅客着想了。赶5点半到机场要么太早要么太晚。说好返现50的问前台他说没有，要我找携程，可恶。
一直用滋源的。买了两瓶还送了发膜。搞活动买的。满199-100超级划算	我要把上面的印字给划掉，等等被人家发现我脱发	商品太差了有点失望	垃圾根本没法穿
活动买的，家里日用品全在京东买的，现在在京东买东西已经成为一种习惯。京东618，活动真给力，价格非常划算非常划算。物美价廉。全家的日用品都在京东买，这么多年了，忠实顾客。希望活动越来越多，赠品越来越多。	房间很规整，也不像前面网友说的那么隔音不好，我住的是7楼标C，门脸儿很小但是都很安静的，周边交通很方便，打车到虹桥只要40多一点，20分钟就能到，而且打车到南京西路只要4公里，离火车站走路只要10分钟多点的样子，旁边就是汽车站，交通太方便，在上海住很多家旅店，这家价格和房间我最满意，以后一定还会入住！	有二次包装的嫌疑，拆封后屏幕上贴有一个无任何logo的塑料贴膜，并且有少许指纹，用了这么手机，第一次见原机带贴膜的，但是机器确实是不错，性价比很高，用来替代ipad随身携带，用来看美剧玩个模拟器什么的，还是很棒的。	一般 很像地摊货 发货很慢好几天都不发货，还要人催，服务态度又差
一直用潘婷，喜欢它的味道！！！！	"前台客房服务态度好！早餐也很丰富，房价够干净。再接再厉！中国人的酒店就是无烟房间少，或者把烟灰缸放进抽屉就是无烟处理。我们这类75%不吸烟者需要再忍受25%烟鬼吗？希望中国办的宾馆向外企学习。请多设无烟楼层。谢谢。我原先定的房价没有无烟层楼了，我就得加付20% 提升高级点的无烟层房间。We are the 75% non-smokers, it is about time that the Hotel respect us to have the freedom of freshair, BAN the Smokers in the Check-in or Check-out counter please. Thank you.没有或者很少无烟房间! 电梯内不许吸烟, 还是有一些吸烟者仍然没有服从规则! 我是不抽烟的人, 成为二手烟的受害者! (中国13亿人口中,烟民只有3.2亿. 不到1/4!!!)看到这条评论的烟民,请自觉好吗?谢谢."	内容我是喜欢，但前后叙述的顺序很乱，头会大！	黑色钢琴漆太漂亮了，可是也太显指纹了，不知道白色会不会好一点
ipad坏了，赶上618就买了华为这个，因为我是华为mate8手机，对华为感觉还不错。系统运行和我的mate8差不多，950的cpu性能还是有待商榷，玩游戏偶尔会轻微卡顿。发热量不小，要是平放在床上玩游戏一会就能到烫手的程度。尺寸略小，我还是更喜欢9.7的尺寸。颜色略艳，亮度色调怎么调看着都不是那么舒服，看久了很累眼睛。拿到手50%的电，更新完系统，玩了会游戏，大概2个半小时剩12%的电。我记得我当初刚拿到ipad的时候连看电影在玩游戏50%多的电整到晚上才用没。。我买的白色发了个金色给我，没啥区别就不折腾了。总体感受就是便宜。音质在我听就那么回事，外观还算喜欢。	挺好用的。就是刚收到那个按压的刚打开还没按洗发露就自己流了出来。	环境还可以，房间不大但也不是太小，够住了。写字桌前的落地灯离得太近了，每次移椅子都会碰到，另外有一点就是隔音效果不好，夜间车子路过的声音有点吵，其它的还行。	预定的时候看见有大床房是没有窗户的，特意避开选择这种房型，选择了价格较高的舒适大床房，结果进房间发现依然是没有窗户，询问总台，被告知就是这样的，都没窗户，有种上当的感觉，很失望！
很好，爸爸很喜欢，就是太大了点！夏天没法放啊?	蒙牛客服太牛了……我刚发完一条带“蒙牛”的微博，就问我有什么能帮助的……佩服佩服……	买回来后当天试了试，因为出差一直没用，昨天才打开，过了换货期。电池不能充电，希望出厂时严把质量关，给顾客减少不必要的麻烦。	京东真是垃圾，拍完了马上就降价。以后在也不会买京东商城的东西
包装不错，ds个头不大，口感不错。	数量可以，就是质量不咋的，有5-6个坏的。以后不再网上买水果了。	京东是太不是东西了，说好了送吹风机没有送	垃圾中的战斗机，提醒广大消费者切莫购买，已经亲自体验，连4g都带不动，各种水吧，当我们一点常识都没有？还当地网络信号不好，我几个手机放旁边，再仔细看看那个包装，那个所谓的劣质充电器，我都心慌。
效果很好，穿起来很好看！服务态度也很好！质量不错！	使用了半个多月 效果不好 洗完之后有头皮屑	一点也不新鲜，感觉放了一年?因为家附近的水果店少，所以在网上买的，没想到比家门口的还不如	才买几天，就有这样的条子，质量不好，有点失望，下次在也不买了
房间不错，也有升级，服务也不错如提供擦鞋服务等，在下雪天确实很有帮助。值得推荐入住。	苹果很脆很甜，比在超市买的要好吃，吃完下次再来买。	吃货在蒙牛工业园	三个全部烂了！！！！！！！！！！！！！气死我了
通过携程定的豪华房，去到丽江给我升级到贵宾房，不错酒店的服务人员基本上挺有礼貌，前台入住退房都很快..贵宾房很大，很舒服，特别是厕所，晒着阳光入浴的感觉特别舒服，不过就是如果是晚上的话就会比较冷还有贵宾房的窗户靠着街上，早晚有行人经过街上会比较吵...其他都很好	甜是挺甜的，但是已经开始从里面烂出来了。	居然网络无法使用，说什么人太多，真心非常无语。洗澡水流小的要命，设施太差。真心不懂携程把他放入同四星的酒店！！！不会再来了	垃圾。硅油太严重。洗了头发油的受不了。
牛仔裤很不错，有弹力，也很修身 。满意。	是正品，顺风速度就是快，店家也很有耐心！	很喜欢京东自营！柴米油盐生活用品已经习惯了在京东购买，京东送货快，配送小哥也非常好！	哇，这裤子太帅了，这裤子就算不拉拉链也能成男神，现在我们村的村花都成我的小迷妹了，村长天天给我介绍对象，我们车间的女老板天天叫我去她办公室谈工作说我表现好，要给我升职加薪，自从有了这条裤子，我抵达了人生巅峰。
酒店外的周边环境还不错，酒店的保安服务态度很差，设施也老旧了，早餐好难吃，好多都像是隔夜热热端上来的，非常不值这个价，下次不会再光顾了！	发货和派送速度没得说，就是这货太让人心塞了，坏成这个样子都不知道放了多久，都发霉了，恶心，再也不去这家买了	很失败的一次网购，都没收到货，货就不见了	"非常糟糕的酒店,住了1天,停电两次,酒店装修的材料很劣质,甲醛的味道让人睁不开眼睛.地理位置也很差,打车很不方便,每次出去都要让前台提前叫车."
信京东木有错苹果不错，灰常好?不用犹豫买买买。	价格真的便宜 20 12个 小巧的 一个正好可以吃 不多	华为荣耀很好，通话平板，小孩子喜欢。就是屏幕小了点	有一颗坏掉了。已经申请理赔。京东理赔每次都特别迅速。相信京东。现在家里一半的水果都是购买的京东自营。
挺不错?，系统比较流畅自然！比较人性化！很喜欢	拍照功能十分强劲，便于我平时记录生活，完全足够了～而且，各种型号，同档次200w像素的拍照手机，不管什么牌子，绝对不可能撼动750c“光影捕手”的称号，这个，也是各个论坛都能找到的评测阿对比的。 铃声表现也很巴适，有几首我十分喜欢的，来电铃声，足以强劲，在公车上也拉风的很哦～有网友反映铃声小，可能和mp3原文件有关吧。视频声音有点小，恩，这个有点。游戏，自然不用说了，下了很多很多，仙剑可玩性也很高，超级玛利更是以前小霸王的翻版，呵呵`~~~待机时间我也比较满意的，平日玩手机还是很多，有时传照片插了数据线，就充电一会儿，所以，买了三个多月，充电器充的次数可能小于5次。	是正品，没感觉有什么不一样的，可以用一段时间了，赞一个！没有漏液。	几天前买的时候说是有赠品，到货没有，投诉后，说没有赠品了，然后，看了下今天网上还在拿赠品诱惑消费者，这不是虚假信息遇到消费者嘛？？？如果你没有赠品库存，请今天的网上信息准确！！！
第二次买了，很划算，是正品，洗了头之后，头发很顺。	朋友推荐的，收到实物应该是好东西，给个好评	按照入住同事的说法，可能在马鞍山算不错了，不过不太对得起价格，尤其是早餐比较惨～	1.键盘手感不舒服。2.屏幕亮度不能进行调节。3.机带内存容量太小。4.电池续航能力不理想。
买来办公用的，还不错，特意用了几天才来评价，很好，目前没发现任何问题，亮点是音质不错，赞一个，然后续航还可以	好小呀！超市卖5毛一斤的都比这大	质量差，与图片不符，垃圾	今次买的苹果很差，其中有一个很差、皮很皱，都过了保鲜期了，还卖给顾客。你们以为顾客还会再买第2次吗？
东西很不错，一直在用，用起来头发清爽，好用实惠，非常满意的一次购物	第二次买了，不错，个头不大，脆劲，不像大的咬起来稀松的，不过有甜带点微酸，挺好的，。还有点水珠，难道是采了没擦干，要么是冷藏的原因，水果也用不着保温箱了	给孩子买的，说是口感还行，但价格比我们这儿贵，包装也不错，物流也很快。	房间及服务很一般，餐饮颇贵。下次不选择入住。
很不错，长期京东买水果，品质好，速度快，放心。	周边交通方便，但是附近有工地施工，房间很不错，就是浴室透明让人不习惯，总的来讲还是不错的	质量不好，快递跟乌龟一样	什么东东，穿两次口袋就烂了
苹果?不大，但是口感尚佳酸甜可口，拳头大小，外皮熟的比较自然	1。酒店比较新，装潢和设施还不错，只是房间有些油漆味。2。早餐还可以，只是品种不是很多。3。交通比较方便，周围的小饭店比较多。	很不咋这么快就降价这是欺骗老客户啊……着还寻思再买一个，不是准备在买我都不知道降价了	面料很差，跟描述的一点也不一样
速度依旧很快，快递师傅态度依然很好。包装完好，单果分量足。	质量杠杠的，摸起来很舒服，这裤子真的货真价实，应该说是物超所值，我还会继续逛你家店的	"我家宝贝男孩子,虚四岁,这一套系列丛书孩子不怎么喜欢.可能是东西方文化差异，故事情节做为大人的我，感觉也有点接受不了。比如长牙的小鸡"	垃圾，买给老爸的，才一个月老爸就说开不了机了
就喜欢在京东上买吃的喝的，又方便又实惠，快递师傅也好，送上楼，谢谢，辛苦了    本来的东东除了有点贵，物流有点慢，其他都很好，老公婆婆都觉得很不错，已推荐给朋友哦	"价格便宜，配置不错：T4200,GL40,SAMSUNG 1G (800)。 自己加一条内存，跑起来很顺畅。 风扇声音小，整机重量可接受。"	超满意，质量真不错，男朋友很喜欢	装修和服务一流，但房间的床有点偏小，卫生间浴缸旁连放脚垫的地方度没有。另外床头灯不可调节。旁边的新开元酒店的饭菜不错，很好的一个去处。下次定个豪华间也许待遇会好些。
单位活动的奖品，应该是不错	味道可以，大小太不均匀，还有一个有伤的！有待提高！	两块切糕不敌一支蒙牛。	售后服务很差，退货自己系统的问题，还给客户造成不便
这是第二次购买！真心感觉不错！纯棉的！物有所值！	收到用过后才来评价的，质量，包装都很到位，效果还不错……	酒店位置离虹桥机场很近.硬件也好.自租餐服务尚待提高.	GP的价格保护，忽悠人，京东人为设置种种障碍不给你成功申请价格保护。对京东的好感归0。
音效不错，分辨率也还行，比以前的X2好用，不过电池不太抗用，掉电有点快，看视频4-5小时就没电了，另外由听筒上置，打电话不方便，需用耳机。	第一次在网上买洗护用品，以前总怕是假货，所以一直杂在实体店买，但是我看了网上网友们的评价都挺好的?所以自己也买回来试用，但愿如网友们所说。还有就是货到付款和网上支付为什么不一样，货到付款还要付运费，真搞不懂，相差一两天的时间拿到钱， 就这么大区别吗？	带的是DOS系统，装系统很麻烦，送的盘是V系统的驱动，不带XP驱动	这个差评不是给洗发水的，老子上次买的洗衣机都没人给安装，就是给洗衣机的，给京东的，差评，一百个差评！！！！！！！！！！！！！！！！！！！！！！！！！！
天府丽都喜来登饭店不错。价格比较实惠。硬件绝对够五星标准了。环境也很好。服务很到位。2007年3月入住了一次。寄存行李的人很友好位置靠近人民广场，绝对是黄金地段。 就是门口的那条路是单行线，这个要大家注意	刘林是坚强的，就像在文章中那位医生说的那样，在医院这个地方，是最能体现一个人是不是真的坚强。刘林是属于坚强的那种人，坚强变成了她的一种保护色。然而她的坚强又让人心疼，人们想靠近她却又靠不近。我佩服文章中刘林的坚强，因为要当像她那种坚强的女人，真的是需要把眼泪和孤单都伪装起来的。尽管现在的女生也都很勇敢。但是要做到独立坚强的却没有几个。这是本好书，一本让人看后会有所深思的好书。	老人机，还不错，但是不知道是送的套子还是机子本身的问题，没有感应开关屏。	拿到货都没有像之前买的一样新鲜，酸，看起来应该是放了很久没有卖完的一样。
苹果不大.吃起来还算甜.包装不错.没有坏的.	学校超市的蒙牛袋装牛奶也由一块五涨到两块了	"我订的是标C，相对于140元的价钱，不能要求太多了。设施陈旧，走廊复杂，应多开几个出口。但还算干净，不讲究的话也能泡澡。屯溪老街感觉还行，有一家深处的百年徽菜老店强烈推荐！真便宜，关键是菜的口味一尝就知是大师风范。茶叶是千万不能买，太不值。卖价4,5百的黄山毛峰没有一大把泡不出味，真正的好茶不是这样的。宣笔价廉物美，花20,30元不妨附庸风雅。胡开文的墨卖的较贵，但可接受。要是烦了游人如织，可到齐云山躲半天（缺点是门票75较贵，如果40就比较合适，另缆车往返40）.。还有西递晚8点后不用买票，我没去宏村，不知是否一样。"	太无语了 太差劲了
"宝贝儿收到了,质量好做工精致,尺码标准,面料穿着舒服有弹性,款式时尚,价格合理，下次还会光临,推荐购买！"	用了很多年沙宣用了别的用了几次发现和使用完全和沙宣不是一个等级的，所以洗头发洗发水我只认准沙宣，如果在让我选别的我只能选欧莱雅了	基本都干了，不能买，这是在京东上最差的一次购物经历	刚买的这款电脑，在自提点打开的，就发现键盘已经坏了，有个按键都快掉了，自提点不管，让去联系退换货部门，退换货部门说键盘坏了不管退换，让去惠普自己更换新键盘。在京东刚买的东西出现问题就要四处跑去修理，他们把责任推的一干二净，现在除非你出具惠普的质检报告，他们才给受理。
京东的服务员态度越来越好，还有个放心收，主动打开包装给我看。这么多年在京东买东西，头一次遇到。为送货员点赞。    苹果个头不大，但是打开盒子，很香，也脆。	还没看到老公穿是什么样子，他说都挺好的	说实话没有上次的好，这次不但小了，而且感觉口感也没上次的好吃，咳，，	个数不差，试了3次了，都只有9斤多要点，黑店！
是正品，相信京东超市。物流很快，商品也很好。小瓶是5瓶，以用过一瓶。	主要用来看PDF，偶尔看看电影，个人赶脚这两方面还是比ipad方便点～	期待效果，油性和中干性分别买了一瓶，希望好用！	价格比较合理，离机场非常近，个人觉得这是唯一的优势吧。
很轻 开机速度很快 看视频十分方便 漂亮	便宜，以前是LINUX系统，一拿回来也没用直接重装了XP，装完后速度很快	我也坏了一个火龙果，不过被我扔了，也挺贵的，在我们这边买还更划算，有点不值得！	买了一套，用了半瓶了，根本就没用，给普通的一样，刚开始用的时候掉的比平时还多，还是掉头发，不建议买
我是1月20日入住的。。订的大床房。位于西环的中远，很明显有内地装修的风格。。哈哈。比如电视能收到中央一台而没有cnn之类的。。400一晚。。后来两天380一晚。我觉得很抵！lg跟我觉得最赞的是那个大大的浴池。。每天从街上很累的回来。。可以很爽的泡个澡。。实在是。。。goooooooood。其他的设备比较简单。。但是这个价位。。这么大的面积（少说也有25平米）在hk是很难找到了。。对于我酷爱地铁的人来说。。唯一的缺陷就在于他的位置离地铁比较远。。以前住的港岛皇悦就方便多了。。。。	不错挺好，不知道用的久不！	京东这次太不给力，等了两天才到，运行慢 人机工程不合理 音质差	客服服务差，机子买回来用两天有问题咨询，客服直接是哑巴
收到宝贝，物流快，华为质量很好，赞下。	做工还不错 键盘也挺好的 散热相当的好 风扇声音不是很大 可以接受 C盘220多个G D盘10G F盘是1G 我狂汗 用ADDS可以解决 不会影响到预装操作系统	为喵不喝蒙牛，瞧不起中国企业么	酒店服务比较差，除了前台的态度还可以以外。客房、餐厅的服务质量和态度都比较差，根本不能算3星的酒店。另外房间还是比较干净的。最郁闷的是没有早饭吃～～早上看完日出回酒店，去餐厅吃早饭被告知已经全部给订掉了。服务员还反过来问我们怎么没有预订，我们入住时根本没有人提醒我们。另外具我观察，大部分已经预订来吃早饭的不是本酒店住客。都是由导游带的一个一个团队从外面进来吃饭的。住客的利益何在～～。
上网看东西，不断的操作，电池基本能用6个多小时，还是比较满意的。表面不容易留手印，比黑色的好。去华硕官网下载了，所有XP的驱动，装好还是不错的。	一般，很一般，房间有点空旷	洗完后头发显得非常的毛躁。	"不怎样好看,有点失望了.上下集都不好."
给老人多次购买了，有京东太方便实惠了。京东送货也快。商品质量有保璋。	我是抱着求救的心里去读的。不像很多人说的不要急于读完，然后束之高阁。我是一口气当故事读完的呵呵。之后很少拿起。我的确需要相对长的时间来再次拾起来读。我以为读完了就基本找到答案了。其实我是连第一个问题都无从为自己解答。。。。。。它帮我开启了一个全新的世界。我闯了进去匆忙看了一遍又溜了出来。似乎懂了些东西，又似乎什么都没得到。我会得到的，这是个开始而已。	第一：外表不是金属，第二：色彩差，第三：玩游戏会卡	拉圾客服不在退货太慢
手感不错，用料也很好，不知道水洗后怎样，相信大品牌，质量过关，五星好评！！！	"酒店位置优越~房间干净~前台服务一般~结帐时有点慢,酒店周边环境不错,1层的桑拿超好~下次来西宁首选这家酒店!!!"	买回来了，本想自己先看看再给孩子讲的，可是刺鼻的气味已经熏得头疼了，所以就一直放着没敢给孩子看呢！	苹果又小又酸，坏的有好几个，下次绝对不会再到京东买水果了。
一直想用沙宣，觉得贵，看到有活动立即下手啦，??	房间没有想象中的大 设计实用性并非很好 不错档次还算可以了 服务也不错	酒店旧了	"618当天下单，第二天就降价100，,618不是号称一个月内极低价么？申请了N次价保毫无回音，难道要等到申请时效过了在告诉我不能价保，看来只有投诉了。"
个头中等，个头均匀，很新鲜，包装完好，没有破损，送货快。	买了大的，送了小的，买的时候50不到，很好，去油的！喜欢！	酒店硬件设施一般	裤子对得起这个价格，毕竟只是*的。
速度真是杠杠滴，上午下单，下午就送到了，东西很不错.	性价比高，做工还好。发热比预想的要好。达到了一般电脑的要求水平。	在京东商城买的清扬洗发水，超实惠，超赞！用好再来买！	这款机太垃圾了，图像很不清晰看一下眼睛就痛了，很容易看坏眼睛，千万别购买。
活动买了一次，买了很多，感觉还是不错。物流，真是让人称赞，早上下单，傍晚就到了。	平板很喜欢 蛮漂亮 我家移动网络不太好 这款华为电脑网速很快 之前买的都上不去 所以退掉了 支持华为国货 以后手机也买华为	二次购买，感觉还可以吧	还行就是上网有点卡
618买入的套装，很实惠。用过之后第一感觉非常舒服，对我这油性肤质要是有实质作用，以后会一直用下去。京东物流不用多说一无既往地快。	地理位置不错，在商业街上，逛街很方便，房间也还不错，看上去还比较新，就是早餐品种太少了。酒店旁边的小巷里傍晚开始会出现几个小吃摊，味道都还不错哦，烧烤鱿鱼特别好吃，入住酒店的朋友可以去吃吃看，呵呵。	有史以来我买过布料最有弹性的牛仔裤，不过试穿了之后发现真的很紧身哈哈哈，我是不是应该买33的	不给发票，妈的！
裤子没有色差，尺码很标准，正好合适。洗了一次，几乎没有掉色，性价比很高的一条裤子。感谢卖家。	衣服质量好，穿上很好看，样式挺喜欢的，面料也不错	1、样子沉稳老练，无论屏幕还是按键看上去都很大气，但不笨重；2、功能上没有冗余，该要的功能都有了，如摄像、录音等，摒弃了MP3、收音机等功能（要知道这两个功能很不适用，即费电，容量又小）；3、体积虽然变化不大，但容量不小，比如容量电话本容量达到1000之多，用起来很爽；4、我最欣赏西门子的T9中文输入法，其联想功能相当强，中文输入又方便又省时，西门子所用的T9词语联想功能是其他几个品牌不可比拟的。	950的输入法比较繁琐，喜欢发短信的朋友可要注意了，手机虽然设置了拼音、笔画、T9等比较常用的输入法，但在发短信时标点符号的输入就比较麻烦，没有直接切换的按键。要想加入标点符号，就必须按机器的上导航键，进入选项，选择输入法，之后按菜单快捷键进行确认，进入输入法状态后再选择符号，按菜单快捷键进行确认，进入添加符号菜单，选好符号后，再按确认才能把选好的符号添加上，是不是很麻烦？
样子漂亮，配置主流，性价比高，再D盘有驱动，联想想得挺周到的	货已收到，现在看应该是正品，但还没有用。用了再追加。	5月10日前后买的机器，找朋友帮忙，在广州的中域购得，RMB3250。另外有活动，额外赠送了一块电池，不是MOTO原厂的。 （1）屏幕颜色十分艳丽，我使用的是原机的红色平保画面，看上去“相当”炫；但这种大屏幕的滑板机器不得不面对的一个问题就是，屏幕过大而且没有保护，像我这种平常把手机放在口袋里面的人使用的时候很容易就把屏幕磨花了，所以我又花了10块钱贴了一个保护膜；（2）声音效果还算不错，操作起来也还可以；（3）不带蓝牙和红外，和电脑传输数据只能通过数据线；（4）130W的CMOS摄像头拍摄效果还算可以接受，在此之前用的普天T618，T618采用的30W摄像头是什么的？为什么普天的拍出来效果我感觉更好？（5）按键声音音量不科学，即便是调到最弱的音量听上去仍然很响，所以我只好选择把按键声音关闭了；（6）前一个帖子也有人提到，170M的自带内存，没有办法扩展，我个人觉得倒也够用了，但是也许有人会觉得这是问题吧；（7）在电话本里面的号码可以对应其个人照片，设置好之后，在每次呼入的时候屏幕上就会显示照片；（8）电池使用时间还可以，我本人使用比较频繁，而且全天开机，但也能坚持两天两夜；我之前用普天的T618的时候一天都坚持不下来，所以这已经让我觉得满意了；	其它还可以 就是拉链会露出了
收到好多东西，好大的两瓶，袋子装的也挺多，最喜欢的是旅行装，好可爱。不过我买的时候没有看，这个适合油性头皮，我不是油性头皮，不过用了两次，也没啥影响，下次买的时候会注意。。。。	东西不错 物流牛x 准时送到 下次继续买买买买买买！	好像比较霉。1、6月14日下单，16日付款，25日等不了上中通自提，送货近10天！2、不知是驱动问题还是机器问题，触摸板一旦打开就会老右击，LINUX及XP都一样。现在只能用鼠标。3、系统不是XP。	太小了。 坑我一脸。    尺寸不对。只能送人了    各位。买时可以买大点的。    cao。 这次购物非常不满意
质量、款式、面料和颜色不错，穿上很舒服、时尚、漂亮	裤子很不错呢，穿起来也比较舒服，大爱	都羡慕我手机大，哈哈，确实大	蒙牛不死天理难容
清扬男士，去油效果好，洗完很清爽…一直再用……	酒店是不错，服务也好，但感觉五星的评级有点过了。。。估计国家旅游局的这种星级评定人为主观的因素还是占相当的成分。总体来说，值得推荐。	款式还过得去	房内地毯感觉陈旧，楼层与商业楼宇混在一起，不是很好。交通较方便，离地铁口近。
电池不错耐用，电影不卡色彩也不错	"新疆普遍服务意识较差,所以能有伊力特这样的服务已经很满意了.房间很大,就是窗玻璃太脏了.卫生间要赞一下:淋浴间很好,镜子是防雾的,中间一块永远不会有水汽上去.惊喜的是每天赠送水果盆,我超级喜欢.订的是大床房,床很大,睡的很舒服.酒店位置好,周围商店多,到五一夜市步行即可.原来担心延街会不会晚上太吵,事后觉得是多虑了.如果下次到乌鲁木齐,我还是会选择伊力特,因为性价比还是比较高的."	"首先,它的滑盖技术确实没有三星的好,滑闭的时候,两个部分有明显的间隙,不是很紧,有点松动的感觉,这我在手机店的时候就注意到了,觉得不会有什么大碍。再者,扩展卡(我的是SD)上的MP3不能作为铃声。第三,手机自定义的短信铃声有点小,在稍吵一点的街上就很难注意到(来电铃声是不是也是这样,还没有看出来,因为我也才用了两天,并且走在街上时,没人恰好给我来电话)。"	产品是真*垃圾，可以退不，卡的一逼，买的时候那些好评都怎么写出来的，是不是雇的水军刷的，看个电视都看本想买来给家人看看电视用的，哎这产品不想说啥了，还亏老子当天买了外壳，保护膜来装备，再也不想买这玩意了，买来第一天就要升级系统当时我就“亮了”我只能呵呵了
挺好用，一本书大小适合外出携带，只是包装里没有操作说明，让我这个第一次用平板的人上网查了好半天怎么才弄明白怎样才能退出当前应用程序。	一般般吧，这苹果说不上好吃，但也物有所值我是做活动买的，如果不是活动不建议买	搞活动买的，结果比平时买的贵	"此书质量不好,买回来一看书中出现断页146-179页,本来想马上送人的,结果因一本书还要全部退货,耽误我们的时间"
超级好，保质期还有3年多，关键618搞活动超级给力。包装也很好，是正品，这么多才是一瓶的钱，下次还会买！	运行还可以，物流也挺快的！	看到大家很多好评，也对它产生好奇，不过自己买来看后并没什么特别的感觉，看来书没有好不好看，只有合不合适。	分辩差画质不清晰
还没用，看上去不错，实惠。效果用后追评	说实话购物不是很理想买来没开机就死机	蒙牛的优益c太坑爹了 淡的跟水一样还好意思卖7块钱。。。再也不买了	一直在屈臣氏买，第一次在京东买，想的是自营，没问题，可是是假货，味道不对，洗了头痒，听说京东的化妆品只有货到付款是80％的正品，在线都是30％的正品掺着卖，这是我的第一单京东，觉得我好欺负吧，店大欺客
很不错的苹果，喜欢，京东送货快，大雨天也不耽误，点赞	还行吧 ！比超市买的好吃。甜酸度 不是太出色。 毕竟这个价钱 整体还行吧 。	"1.McAFee和Office07只有1-2月的试用期,马上要买,麻烦; 2.电池不经用,只能用2小时不到,还是在节能模式下"	经常卡死，分辨率太低，看视频都卡，质量怎么样不用我说了
支持真人原唱的铃声，有同步软件PC，130万像素的数码相机拍出的相片比一般相机清楚，可选铃声比较丰富，支持短信群发！	发热量较小，散热挺好，LED屏节能，有中国节能认证，电池正常可以使用3小时以上	看电子书完全顺手	不要以为信誉低的卖家货质量不好。我用我的亲身经历告诉大家，掌柜服务态度非常好。商品质量也非常不错。顶你了！
这个好吃，我做不到这个，味道不错，小孩也很喜欢	伊利蒙牛没毛病，是人有毛病	全是缺点，这是我切身体会	太厚，分辨率太差。看什么都花，像打了马赛克。
东西挺不错的，多次购买了，会再次购买的。满意！	很好，新鲜物流也快！当天下单当天就收货！	"总体感觉很不错,酒店硬件和软件都还满意.前台服务生服务热情到位.房间安静,不嘈杂,总体房间还是很舒适的.如有可能,下次还会入住,早餐品种也还丰富.宾馆反馈 2008年6月22日 ： 非常感谢阁下对本酒店的支持及认可,我们真诚的期待您的下次光临! 另看了您对其它酒店的点评,呵呵,期间也有至深圳、北京出差，我们在其它城市同样拥有木棉花酒店，如深圳木棉花、北京华京木棉花、河北白洋淀培训管理学院以及广州的米兰花酒店，希望有机会您能下榻我们其它的娣妹店，愿我们木棉花给你的旅途带来不同的体验！ 再一次谢谢您的支持！"	苹果个头一般，味道还不错。配送员态度很好，收到后发现有两个坏了，申请售后京东处理的非常快。
这平板性价比还是不错的，一般使用没有什么问题，做工很精致的，触摸和清晰度都满意，电力耐用。	12个，没有磕碰的，都挺好，果子有点小，自己吃完全没问题，送人品相差点，口感也不错的，满分	"我是前天下午把这个心怡好久的爱机带回宿舍的。当时在店里试用了好久,发短信,打电话,仔细检查好几遍，最后选了黑色的拿了回来。拿回来后先把手机的自带铃声听了一遍,感觉就一个字,爽！很有震撼力，尤其推荐""新音乐""这个铃声，抬头率保证100%，嘿嘿……下载的铃声想当作来电铃声时要从""文件夹-下载-铃声""里找到你的铃声然后在菜单里选择""保存到铃声""就可以了。然后，拍个写真，个人感觉它的照相功能不错,当时我挑手机的时候和康佳A28对比了一下,A28只有两层调节,而且变焦后效果模糊不清,惨不忍睹！而我们的TP700有10层调焦,放大到最大也没有明显的模糊,实在难得，而录像功能毕竟不是手机的强项。"	M3视频音效都很好，第一次给京东差评，已支付的订单上写明了送钢化膜，结果第二天订单变成无赠品了，客服解释说抢购没成功，不想送就不要放在在商品页吧，没必要这么骗人
这个价格住五星，当然值得，而且酒店也非常好啊！没有挑剔的！	4大2小去的，饭店总的来说还不错，吃的有点贵，没吃，离镇上远了点，进出多是打的，到镇上5-10块不等。住的房间抬头见山，相比镇上，比较幽静，有得有失吧，服务态度还不错吧。	呵呵 没想到收到货的时候只有一半多的洗发露，另一半谁饿了当牛奶喝了还是长了脚跑了至今扑朔迷离？是做工上的猫腻还是……我很期待最终的结果	这是传说中的地摊货么，没送货包装也算了，打开一看，除了几个送的小瓶，其他几个大瓶全是各种不堪的划痕。    再说说快递哥哥，你真牛这个盒子你是怎么放进储物柜的？    我不是个暴力的人，可是不暴力根本没法取出这个包裹。几年的JD顾客你们又流失一个。现在没什么想法了，考虑退货，考虑退款
外观看上去很新鲜，没有打蜡的痕迹	东西不错，是正宗的，生产日期在背面下方，不是很醒目，一直用京东售的洗发水，信任他。	最大的困扰是穴位有点把不准，不过我牢记中里先生离穴不离经的教诲。	使用拼音输入短信时，明显有延时！内屏的亮度不可调！短信铃声只有10种，不支持下载的铃声！连接网络后，闪光灯会一直闪，浪费电池资源！内置铃声不好听！设置里没有拒用其它UIM卡的选项！来电接听方式只有三种，略显单调！
裤子质量真的超级不错 而且洗了也不会变色 真的买对了一回 料子也是很舒服的 穿上感觉很好 一分价钱一分货 买这家店的衣服绝对值 绝对让你放心 下次还会继续在这家店购买	东西很快收到 日期挺新的，都是最新包装 ，价钱也很满意	呢套书已经买来两年了，宝宝一看到封面仍旧叫的出咕噜牛，咕噜牛小妞妞，清晰记得内容。还模仿以前我讲故事的口气，用书里的语言说几句，家里只有讲故事的我明白宝宝的话的出处，相视大笑之余，默契之情十分有趣。虽然故事中有语言的恐怖，但画面明朗，就是宝宝的可爱恐惧没有真正吓人的地方，带着调皮的俏皮，憨厚的勇敢。也是我和宝宝挚爱的绘本。任教授的翻译押运上口，尤其《女巫苕帚排排坐》十分好玩，一般女巫的形象被颠覆，这个女巫有蝴蝶结，帽子，有漂亮的魔棒，和朋友小猫青蛙小鸟小狗，生活的真快乐。	人可以失败，但不可以被击败，外在的肉体可以接受折磨，但是内在的意志却是神圣不可侵犯的，这是《老人与海》一再强调的论点。真正的大师都是用最简单的语言来表达最深刻的道理，真正的好作品都是用生命的历练做题材，《老人与海》所刻画出来的正是海明威的一辈子最好的画像，正如海明威所说，?我一直读过２００多遍，每读一次，我就多一份收获，好像我最后得到了我这一生辛苦工作所欲得到的东西?。
很好吃，划算，物流快，喜欢在京东购物，建议多搞活动	"房间设置实用,住19层安静,价格合适,以后还准备去."	差评 被欺骗感情了	非常不满意，江景房在遥远的阁楼上，没有电梯直达，自己搬运行李，还连连碰头。狭小的房间，破旧的卫生间。还有股气味（水汽和霉味）。后来实在没法，换成普通商务房。房间比较大点，不过没有窗户。住一天赶紧走人。
送货很快 没有任何小票或商品吊牌 不知道是不是正品 用后再来追评	快递慢死了 啊啊啊啊啊啊啊	这个酒店是住过最失望的，床小，标间大概一张床1米，被子感觉也不干净，睡了一个晚上又累，起了好多苞，我几乎没给过差评，这是第一次，走进大堂感觉很豪华，进了房间真的郁闷，本来赶早航班是为了让自己不用那么辛苦，反正最终更辛苦了，班车不是一夜都有的，正常五点半第一班，加班车应该是四点，去机场路上晕乎乎的休息不好，里面陈设很旧，浴缸也脏，幸亏在家里洗过澡来的，…前台服务倒是没觉得不好，不过有意思的是，当场有人人住的价格比我在网上定的还便宜了10块，无语，算了，以后再累也不会住这个酒店了，反正三百块周边也好住了	垃圾，实物质量严重差劲
超值的一款平板！开机连上网系统会更新到安卓7.0。很流畅！玩王者荣耀，阴阳师都无任何卡顿出现！哈曼卡顿音效也很棒，果然是国际顶级音效调试的杰作！要说不足，个人就觉得那个数据接口是micro usb，而不是时下流行的usb-c，但觉得不影响使用效果，毕竟是去年出的机子。整体评价绝对是超赞！值得入手！	不错 送女朋友看电影用了。视觉效果 音响效果都不错	不错，还耐摔完全低价格高性	一分都不想给，闹心的一次购物。透气性比较差，穿了第一天，身上发汗根本不透气，挥发不出去，里边都是湿湿的，贴在身上，黏糊的特别的不舒服。而且穿了几次，袖口就起球了。
还不错!离湖南卫视很近!因为是去看湖南卫视的节目所以很方便!	此次入住双人豪华商务房有提供计算机，饭店位置离机场巴士终点上清寺站打出租车起步价五块，坐轻轨在曾家岩站下车Ｃ号出口。交通位置方便，住起来也安静。	春节期间入住，性价比高，还不错，但是不知道平时多少钱，在成都知名度高，住着比较有面子，但是房间太小了，而且显得旧，可能和当初的设计有关系，门口都是单行道不是很方便，如果价钱还是这么可人的话，下次还会选择。	一般，总的来说不及莫泰。交通也不是特别便利。以后不会在去这家酒店
通过别人介绍在此住过两天，感觉总体服务很贴心，住的11楼的房间，床很舒适，因临时改变行程，打电话到总台帮我订了机票，服务效率很高，很快就送到房间，整体给我的感觉很好。	挺甜的，个小，不是很脆那种，但是也没软掉	衣服偏大不开心，就是想给差评！！	有一个烂苹果！恶心，这么贵还给烂的！
趁着6.18搞活动赶紧囤货，哇，满满的一大盒，还没用，应该是正品吧。	客房太小，房间设施陈旧，有点闹，有接送服务，方便。	相信京东的商品，之前有买过还可以，如果是第三方的商品就不会考虑买。	暖气不热，开着空调还是冷
衣服非常透气，穿在身上非常有型	看着还是有那么大一瓶，限使用日期是2020年，还早得很，该买两瓶勒?，要是好用，继续买，一次愉快的购物	这裤子看着不错，摸起来也挺舒服的，不会很粗糙	太慢了，等了十几天。
配置在2899的这个价格上显得还不错  昨天刚到手 系统也装的很快  试玩了一下散热什么的都不错	用了，不错哦，非常的流畅，而且价格也非常的便宜，感谢京东	分区真的不合理，除了备份区和恢复区，其他地方连同系统都放一个200g的盘里面，如果对这个盘直接再划分区，又怕影响系统。	已经付款2个多星期了，我还没收到书，怎么办？我是不小心点了收货确认的。留言投诉，也都没人理我。。。呜呜～
就是喜欢华为，同事们都在用这个牌子，这款M3棒极了，能打电话的平板！非常喜欢	这本书虽然篇幅不是很长，作为成年人我用了两个晚上就读完了。心里在想：如果我的童年也遇到这样的书该多好啊！这一套国际大奖小说每一本所传达的信息和情感都是有关美好的，有关爱，有勇敢，有友谊，有坚韧，有真诚......我作为一名老师，现在把这套书推荐给我们的学生们，他们正是八九岁的年龄，对于这个世界心存美好的憧憬，多一份阅读，多一份真情，我希望这套书能给予他们的不仅仅是文字。	苹果包装好，来的时候还是冰的。快递哥很给力。苹果都还挺大的。口感也好。再也不在楼下水果店买了，一点都不如京东的品质好。	请把你们能够想象的最差的词用到这个酒店。设施陈旧垃圾，服务态度消极恶劣，房间有异味，洗手盆下水管是赌住的，洗脸都没法洗，唯一好的地方就是离机场近些，不过，总体而言，这是我住过的最坑爹的酒店，强烈不推荐，第一次给差评就坚决的给了这个酒店
特别好吃，像冰糖苹果，甜脆水份大。陕西苹果赛过了国外的苹果，比royal gala 好吃多了。	包装很精致，东西也实惠。不过发现秒杀都多2毛钱，其实完全可以不用去凑618的热闹啊！	个头感觉有点小，也没有以前新鲜了	不按服务约定提供饮用水，还要狡辩，不愿意改进。国外许多地方都习惯于直接喝饮用水，不因该要求客人喝烧过的自来水。两者不能划等号。补充点评 2008年2月5日 ： 这个酒店评为携程4星，我觉得有问题。有些评价不客观，有些评价文一会儿说是替来北京出差的人订的房间，一会儿又谈自己住过的感受，有猫腻。希望携程（听说已在美国上市，有远大志向）不要沦落成为街头拉客的公司。
快，让人心里舒服！好评！	不喝蒙牛。不喝伊利。	我发现你们是尽整老顾客了。呵呵…	作者的文笔一般，观点也是和市面上的同类书大同小异，不推荐读者购买。
很好，可以到家。水果新鲜。好吃。方便，实惠！多快好省，京东值得信赖！	挺好的，比较喜欢，穿皮鞋时比较协调，其它鞋不适合。	物流太慢，实物与图片不符合	东西是不是正品我不知道，不过这次京东自营实在太让人失望，15号下的单，说是当天下午就能送到，但是一直到19号下午才到，这和普通快递有什么区别？我花这么多钱主要就是图个方便，结果倒好，包装也特别简陋。实在让人伤心
以前也在京东上买过，水果，现在觉得还是京东团队直采比较好，第三方我觉得还是差了一点，生鲜这一块，可能对，采购的生产地啊，还有配送这块要求比较高，希望京东努力能够拿下这块，难啃的骨头。继续支持。	价格实惠，买完降价，客服给我退了差价，很不错。尺码偏大，购买的时候注意一下	"房间内饰尚新,服务也比较好.稍感不便的地方是坐电梯的时候必须插入门卡.(虽然目的是为了客人的安全)但是实际上给客人造成的不便估计更大.从楼层到地下停车场需要到一层转换电梯.还有值得注意的是部分房间内部有和隔壁房间的门.这种房间隔音效果差.一般隔壁看电视,干什么事情的声音都能听见.如遇到这样的房间建议换房."	不愧是国宾馆，深宅大院，门口还有站岗的，里面有警卫处，一般人都不敢靠近，就是院子太深了（进楼还得走老远），没有自驾车很不方便。房子不错（虽然仅仅是便宜的7栋），而且还有两瓶免费的矿泉水——是我住的长春三家宾馆中唯一的，就是早餐不咋地——是三家中最差的。
这个苹果还不错，水分蛮多，是这次买的这么多水果中最好的，也吃完了，其他的都只试了没有继续吃	20天触摸失灵，好神奇啊	是包装得蛮漂亮的一本书，但是内容让人有点失望，我是冲着＂庄子＂来买这本书，原先看原箸，有些地方看不太明白，没能真正悟出其中的道理，原以为看于丹的心得会有所启发，结果发现她的心得比我所悟到的东西还要敷浅，失望啊～～虽然我本人也说不出什么深刻的道理来，但是这本书对于我想更深入的了解＜庄子＞是一点帮助都没有～～	这以前一件一件买苹果很均匀 也没烂的。后来一次买20件 结果里面烂了2 3 件。苹果大小也不均匀了，大的8两多 小的4两。服务质量都不行
感觉有点稀，不过泡沫细腻，味道也不错。	不带这样玩的，买了没几天就降价?	醉了，裤子破了人为的就不能解决了？	不新鲜，京东快递简直了，做不到就不要在购买页显示你几号几号能送货好吗？
做工没得说，超薄的那种，音质特别好，感觉苹果也做不出这么超薄的效果，挺好的。	裤子收到了，质量不错，面料摸起来很舒服	"酒店的地理位置不错,面对员当湖,这次住了个01号房,有两面的窗户,一边可以看海一边可以看员当湖,尤其是员当湖的夜景,很漂亮.房间的设施有些旧了,毕竟是99年开业的,不过房间里有免费水果和免费矿泉水；大门口的LED电子屏幕很是惹眼，漂亮得很；6F的健身房和游泳池对住店客人免费开放。员工的素质和服务很不错,从进酒店大门就有门童向你问候,总台和客房的服务员都也很热情,退房时宾客关系主任还主动来询问住店的感受，征求意见，感觉很听客户关系主任说年底要装修,期待ing......房间价格包含的早餐很丰盛,品种很多，口味也都挺好的。400多块钱挺值的，我加了20块钱选了个每天“180分钟国内长话随意煲”的优惠，打了很久也才20块，直拨的，比IP电话还便宜，省了好多国内长话费！入住的时候正好有人办婚宴，大堂人来人往，很热闹，听说有几十桌的客人呢。下次还选这家入住！"	这本书是朋友推荐的，个人认为是值得一看的。书中作者对阐述了自己对佛教，道教和基督教的综合认识，我觉得写得挺有深度。说实在的，作者说得那些，我并不能真正理解。不过觉得，如果人真能象女主人公芮小丹那样洒脱地面对人生，很不容易。看过书后，我马上在网上找到电视剧看了看，电视剧拍得不太好，显得象是在背书，没把男女主人公的深度演出来。可能是书写得太好了吧。
如果学习社会主义理论，卫老师的书非常值得一看。卫老师用马克思的论点来解释现在我们的社会主义市场经济阶段的理论，条理清楚，有理有节，会让人充分感受到社会主义的优越性。同另一些社会主义理论的书相比，卫老师的书虽然没有太多现在流行的术语和理论，但是全篇结构安排紧凑，文字流畅，通俗易懂，对马克思理论的透彻分析相当具有启发性。能把社会主义理论研究到这个程度，真是很令人感动。	房间很干净物超所值价格也蛮合理的还不错	东西收到了，里面东西外溢了，被快递员拿走了	这就是送来的苹果，不想说什么了，小就算了，里面全是烂的，我服了京东了，各位买家慎重
外壳漂亮，而且实物是320G，比介绍的250G 大，价格实惠，还带高清接口。	"已经是第二次入住了,感觉还是相当好的,房间宽敞,明亮,床又大又软又舒服,不过卫生纸的质量好象下降了.下次还住."	大堂宽大豪华，服务有水准，装修一般，因为是十几年以前的建筑（92年邓公南巡后菲籍华侨郑周敏投建，滥尾至近年才投入使用），标间不够宽大，所以两张床要挤在一起。所配Hisense冰霜有嗡嗡声，对我来说有影响。我们家里的冰箱都是制冷的时候才有响声，为什么这台冰箱总在嗡？南侧紧邻西苑公园，早上有早锻炼的音乐，所以有睡懒觉习惯的人别选南侧房间。	苹果不是很大，里面有掺其他的，明显不是一个品种的。
服务很好，房间比较温馨，还有篮球场，可惜玩的人比较少，比较安静，适合休息。	第n次购买了，非常划算。不想去超市买，在京东买直接送到家门口，方便啊	太差了，真的不好！	东西真差。 头发还是干干的。 一点也不轻扬。
裤子质量真心不错，价格美丽！老公很喜欢，下次还会来光顾！	东西还好，就是京东的物流太差，同时下的订单两件东西发去了两个配送站，还不承认是自己失误，推给客户。算是在京东难得一次不好的体验了，京东的优势就剩下物流了，希望别丢了优势。	本来觉得包装改挺好的，但是找人贴膜后才发现膜上有个孔，现在就感觉膜上有个孔，就感觉像有只苍蝇一样特别难受，好无奈的购物体验啊-_-||	平板节反而不送东西，前后几天都有护套的赠品，心里极度不爽。京东这个所谓活动真是纯忽悠。
非常不错，实惠，虽然不含早餐，但是也很实惠，房间很大很干净，地理位置不错，卫生设施一流，下次一定还选	衣服质量很好，穿着也舒服而且价格也便宜值得购买	东西很好，但是上次发错东西，拍照给客服就是死活不承认，失望了	第二次购买。竟然没降一分。差评，就看你快递快，不然走**，便宜，还有耳机，。所以差评
整体来说，本书还是不错的。至少在书中描述了许多现实中存在的司法系统方面的问题，这是值得每个法律工作者去思考的。尤其是让那些涉世不深的想加入到律师队伍中的年青人，看到了社会特别是中国司法界真实的一面。缺点是：书中引用了大量的法律条文和司法解释，对于已经是律师或有一定工作经验的法律工作者来说有点多余，而且所占的篇幅不少，有凑字数的嫌疑。整体来说还是不错的。不要对一本书提太高的要求。	要买就买京东自营！物流快！快递小哥服务态度还好！大部分自营订单都不会出问题，虽然这次有一个苹果有一点坏，但是自营客服积极的给予了解决！以后继续支持京东自营！	怀疑是不是真品？    泡沫少，洗完2次后有头屑了	不值这个价，拿出来没有苹果香，一股药水味
基金痛所有投资项目一样，必须先要有所了解，才能把握分寸，不至于跟风而造成损失。此本基金入门的书是一个不错的选择，不像一般的书一样偏重概念，虽然也涉及到概念，但作者用自己的方式解读，使第一次接触基金的人能更好的理解。内容以非常容易理解的语言象大众普及了基金的很多观念，对于普通基民来说，要想有所收获，必须了解基金界的很多情况，在关键的时候才不会盲目跟风。对于新手，强烈推荐。	很好的衣服 布料也好试穿很舒服	1、很喜欢X700的来电防火墙功能，设置好后，对方电话上听到的提示音为：”对不起，您拨打的电话正在通话中“。如果能提示：“对不起，您拨的用户暂时无法接通，或是暂时不在服务区”就爽了。2、提供快速静音模式，只要长按#字键就OK了。	根本没有经穴部位挂图，承诺要兑现，这是最起码的，也是必须的。
很满意，全5分	挺好的，目前用了两天还是挺不错的，希望接下来不要出现什么问题	前几天一直在这里发，可以都发出去来，不没有到评价的时间，现在可以了，本人由于个人原因，需要转让这台机，带京东的出仓单和发票，以2500元的价格转让，谢！）	不新鲜，也不怎么甜，有点酸，包装也不好，压伤的好几个，还这么贵，有上当的感觉。
衣服样式不错的 很满意衣服质量不错 料子挺舒服的	"优点:1.地理位置非常好,哈尔滨有代表性的景点都是徒步就到,省去和的士司机打交道的烦恼(哈尔滨的士司机真的是不怎么样).2.房间还可以,明亮,宽敞,我住的是江景房3.维修服务来得很及时.我们房间的淋浴房们坏了,不到十分钟就来人修了.4.虽然就在繁华的中央大街上,可是酒店内却很安静缺点:1.前台服务一般,速度较慢2.客房服务每天都会来敲至少2次门,打扰午休.按了请勿打扰的门灯,才没有再来敲.但是敲别人的房门时,声音仍然听得很清楚.3.早餐没什么可吃的4.门口有专门停车等待的出租,但总是觉得比自己打到的车要贵一些.而且这些出租都不太愿意去火车站(正常大约8,9块钱,可是我们坐门童叫来的出租要了我们13块)5.房间地毯不是很干净,还有烟头烫的痕迹"	屏幕显示清晰，音质好，声音大，系统反应速度快，电池超耐用，都非常满意，可是一两天用着用着就会有跳屏现象，就是我没有点击屏幕，屏幕自己乱点，严重影响我的使用，每次出现就要重新启动，非常头疼，上网搜了一下，不少人有，可是由于完全是随机出现的，检测不到，一下子体验不到，大家都说反厂没有用，检测不到，我也就不反厂换了，寄回去一开机肯定是好的，这东西5个6个小时出现一次，售后没办法一下子检测到，我凑合用吧，希望华为官方能重视一下看看是硬件问题还是软件问题，如果是软件，希望尽快更新系统。	我晕～前两天买还精选*现在看就*了～你们是把广告费都加我们身上了吧??
谢谢快递小哥，因为我的粗心把新换的手机号码留错了，给快递小哥带来不便，宝贝还是很喜欢的，高大上的感觉，还没用	说好24个，价钱没便宜，可是收到货只有23个，不知商家是故意的还是真的疏忽所致，另外苹果大部分都是小个，我想有九斤就不错了！	乱发货，俩个颜色同个尺码大小差一大截，买东西还是要买京东自己经营的。	差评因为刚买两天就送保护套和膜，坑他爹。白花几十块买膜和套
"厦门司机都知道的酒店,还不错,卫生,房间,设施都可以,不过早饭一日不如一日~(我们住的那三天)~~"	刚买就降价，苹果没有想像中的香甜	看到有赠品一直有。怎么就没有送呢。你倒不如不写有赠品。非得买前确认的买家你才送吗	垃圾中的垃圾，简直就是渣渣。无语了，就当花钱买教训了。但是不会再上当了！一颗星都不想给，纯属浪费。
999这个价格 还是很值的	垃圾 不取屑 太垃圾了 假货	假的，不建议购买！便宜没好货！！！！！！！！！！！	我踏马的当时就不知道怎么上京东买了！全都是烂的！这样有意思吗？京东自营的都这么垃圾吗？
甜甜脆脆的，很好吃，店里一收到就吃了5个，都觉得很不错，物廉价美值得购买哈，春天用苹果梨煮糖水也很不错	买的时候价格4499，比较合算。安装XP系统后速度很快，驱动盘安装是傻瓜式的，很不错。安装的是1.0版的驱动，2.0版好像是为Vista系统准备的。	非常不错的平板，接近2签的价可能会让想买入门级平板人觉得有点贵，但目前可供选择的国产平板并不多，这款算是高性能平板了，华为的品质和售后还是值得多出几百的。	手机不错，客服……呵呵
功能齐全，性价比很高。用了不到四个月，一点问题都没有！	买过好多条花花公子的裤子了，质量不错！很好穿！	看看视频玩玩小游戏还是够的，不错，加油哦！	"酸酸甜甜、果肉饱满,而且水分特别足。多次购买没有发现坏果，满意……满意"
很良心的平板 支持国货。	蒙牛创造了奇迹!	太不行，反应太慢，退货	快递服务态度很好。折开看就是没有发票，联系服务，说没发票，我说京东自营没发票，说我没选择，差评！差评！
包装完善，送货迅速，没有脱水变软现象。	感觉男主是个很深的人，总是那么看似无害的笑着，估计女主要晕乎了，越是这样女主越会好奇的想走近，人都是这样，两人的交集越来越大了。	感觉不多，这价格有点亏哦	一次不愉快的网购，
超级棒，比超市好，价格还公道，以后就在京东商城买水果啦?～～	苹果很脆，甜度一般，这个季节已经很难得了。推荐	感觉是假的，室友也买了一套，大家用完的感觉都是头屑超多，头皮痒，买了这么多，还是要果断换别款	什么都不说了，垃圾垃圾垃圾，客服态度简直就是没的说，买个衣服四天了还没出库，居然还骗我说是物流的问题，说是物流没有及时更新，我打电话给圆通根本就没有我的订单号，我和客服说要求退款，结果各种推辞，最后还说我爱咋咋地！！！
京东配送速度还是一如既往地快，快递小哥态度也不错，值得点赞，是个坏的，懒得换了	房间小，一进去就有一股霉味，我们定的4个房间基础都有，最后挑了一个可以接受的，卫生间也又差又脏。	为了方便快递配送，双11选择在线付款，结果…失望！千万别在线付款，先付款服务太差了，丢到门卫，说都不说，找不到了电话咨询态度之恶劣。	我只能说这是一本如果摆在书店肯定卖不出去的书，内容言之无物，如果翻了几页，肯定不会去买。
没有虚拟按键，用起来很流畅，没有杂七杂八的软件送的屏幕贴膜质量不好，毕竟送的吗！又买了一个蓝光的还没收到，总体感觉不错，包装盒设计挺精致的	黑芯潘苹果，是不是因为小潘最近出事了	这条裤子买回来没穿几天就破了，质量不行。	先不小心买了个中干性头皮适用的，很油，后又买了个油性头皮适用的，竟然一模一样，简直只是换了一个包装而已，油性头皮慎买
手机不错，屏大清晰，速度快。	环境还不错，旁边就是华师，在华师参加考试是个不错的选择。缺点就是没有留加床的位置，加床后非常小，另外就是价格定的有点高了。宾馆反馈 2008年7月1日 ： 感谢阁下的宝贵意见，酒店有个别房间是适合配置加床的，如阁下需要加床，可在预订时提出需求，我们将尽力为阁下安排，期待阁下再次入住我们酒店。	真不知道评价怎么那么好，订了一晚，肠子都悔青了，前台是一问三不知，房间小的出奇，内部饭店不好吃，空调也老早关了，吃得热死了	酒店的服务极差，房间很大一股烟味。对面有个还开着门打麻将，让人无法休息。再也不住这家店了
是有Wap，有Ems，操作也比较方便，体积小巧，值得推荐。	穿着挺好，有精气神，质量很好	苹果比想的要小，味道一般。不满意，价格还不便宜，比超市买的要贵，要小，不推荐购买。	图就不晒了，我买东西之前习惯先看看差评，我看这里的差评大部分都是说分辨率低。但是我想低能低到哪去啊，我打算送人的，就拍了一个。收到货后安卓了腾讯视频试了一下，画质很好啊，高清和蓝光下效果都很好。真不懂那些说效果差的怎么想的。至于我为什么给差评：我想大家买之前都习惯看差评，到这里的差评太误导人了，如果你打算买 还担心分辨率低效果差的话大可安心买。
宝贝收到了，白色的非常美观，价格便宜，很好用，下次还来买。	在做完后术近5个月，经朋友介绍看了马教主的书，在手术后，一直在看中医，医生给我开药，身体总是有各种各样的不良反应，吃这样也怕，吃那也不敢。起初朋友给我介绍这本书，我还是不太愿意去看，后来，在网上看到书上的大部份内容，也凑着去试试，开始只是试着简单吃当归粉和冲红枣水，感觉挺不错，后来，干脆也买了书，系统地看了，还大胆地还试了生泥鳅，泥鳅买回家后，自已养了一个多月才吃的，还真是有效果，看着自已脸色一个月比一个月地好起来，感觉到身体一天比一天地精神，有力。现在，还加上一些简单的按摩，和每天用热水泡脚，当然，要扎针的我是不敢尝试的。试问，一个没有医学底子的普通老百姓，怎么敢乱在自已和别人身上扎针？起初的时候还真是试了一些书上说不好做的事情，比如，在外面洗头的时候一起按摩，我在按摩到我的手的时候，我看到我整只手都变青了，把我吓坏了！正如马教主所讲的，你们身体没感觉到，不代表它对你们的身体不起作用，还有，在调理身体的时候，我也不听话，吃了一些寒的食物，身体一下子就感觉不舒服了。。。所以，我现在还是乖乖地按书上讲的做。至于固元膏，我还没开始做呢，打算这个星期六做做试试看。真感激马教主!!!!	很好很好很好很好很好很好很好很好很好很好很好很好很好很好很好很好很好很好很好很好很好很好很好很好很好很好很好很好很好很好很好很好很好很好很好很好很好很好很好很好很好很好	差劲一天一个价打这限时抢购的幌子。今天不抢明天就降价了。京东越越坑了。
洗发用品一直都是用沙宣的，效果很好，而且套装活动时候买的很划算	安装快捷，真心不错，温度到了会跳掉，省电。美的就是好	裤子收到，3免一中最快收到的一件，裤子厚实，内绒非常厚实柔软，只是还没穿，不知肥瘦是不是合适。	大堂很气派，但是酒店房间与图不符！心里落差较大！
屌丝变男神，就靠的它，还不都来买！	"酒店服务人员服务好,交通方便,价格适中,房间一般,缺点是早餐比较差,还要10元/人."	太长啦，真的太长了，其他还好	裤子掉色非常严重。
包装好，色泽好，口感不错，快递小哥送得很及时赞一个。	"春节期间酒店比平时折扣更多！非常不错！已经第三次入住了！补充点评 2008年3月3日 ： 我是春节期间入住，目前的价格又回复到285了，春节期间是258,含早哦"	总体来说，价格公道，服务和设施都不错，出差商住比较理想，干净、清静、方便、舒适。但是也有不尽如人意的地方，例如我进入房间后发现，装修的榔头和木板竟然还在地上，不过及时更换了房间。下去吃饭，竟然一个位置都没有，不是住店客人太多，而是大厅和包房全让结婚包场的和请客吃饭的占了。试问：一个5星酒店，怎么说也要为住店客人留个大厅用餐吧，不能对着每个客人说：先生，麻烦您去我们西餐厅或是日餐厅吧？	太难吃了，一点甜味都没有，京东的东西质量也不行了。
很不错啊，买了3个多月了吧，才来评价确实是为了京豆，不过机器真的很好用	还没用，闻了味，感觉还行 待后期使用效果	还可以，和图片相符！！就是价格贵了！！！！	我这一颗星给快递小哥，特么是烂的，烂的烂的。。坏了你不知道呀，什么鬼，果断差品一万次
第二次买，回来还是新鲜的，上面还有露水珠珠，很新鲜。吃完再买。	买左许多次质量好，家人喜欢，希望商家能继续生产健康安全的高品质水果。	支持国货，支持华为！	还说可以去头皮屑，都没有效果。
苹果新鲜漂亮，脆甜可口，很好吃，家人喜欢。物流快，很愉快的一次购物。	像素还可以吧。	"春节去住了一晚,进门就像到了一个大市场,晚上快12:00了,竟然还人声鼎沸,感觉很闹.房间进去后感觉还可以,不过卫生间很差,淋浴没有门,撒了一屋的水.整体感觉就是3星标准.第2天换去香格里拉了.以后也不会再去!"	收到的苹果真的是又小又难看，现在还没心情吃，不知道味道什么样
一直很喜欢小黑，这次终于如愿以偿了，4399买到这样的配置和品牌，很超值！机器很漂亮，外观很稳重，键盘很好，比我以前的华硕要清晰很多，屏幕很完美，自己检测的，应该没有坏点什么的！小红帽还没习惯用，不过据说很赞！	裤子质量很不错，穿着很舒服，以后还会再来~	包装挺好的，没有坏果子，吃起来脆甜，～送货速度快！	你这是5KG还是10个？10个苹果一个1Kg?就这苹果一个1Kg两斤？
很脆。水分多，不酸但也不算甜。	苹果比台球稍大，糖分不足，有些生，性价比不高	京东的界面很让人崩溃。	京东的服务真的很差！很差！很差！客服人员真的很懈怠！再也不来这买东西了！恶心完了！
价，质量还可以，是正品，包装也很好，小孩子用来学习也不错，快递快的没话说，说明天才送到，当天下单当天到，快递哥我为你点赞。	不怎么样，看视频模糊	一点味道都没，上一次买的挺好吃的，这次吃起来像水一样，没味道	什么烂裤子，明显一看就是个假裤子，更可恨的是老板眼睛瞎了，我要的是黑裤子，结果给我邮了个蓝裤子，我真的真的受不了，客服说了，也不理咱，钱给了什么都不管了！
帮闺蜜买的，闺蜜很喜欢。而且价格很便宜！	完美，东西很好用，还送了好几瓶小的。	用了好久，说白了就是大号的手机，不过真的挺方便，而且大小刚好，平时玩的话，配置和大小都够了	裤子太胖了太胖了太胖了
运动薄荷型，洗了以后超清爽，京东服务满分。一次不错的购物体验。	苹果是脆的，也挺甜的，京东品质确实可以信任	那几支小的小的可惜，暂时还没用！	地段马马乎乎。但这个楼本来就像写字楼一样，大部分都是人家办公的地方，少部分楼层是客房。房间不大，设施也有点旧的样子，早餐更是残不目睹。我真的觉得他能评上3星是奇迹
宝贝不错 穿着合体 卖家服务态度好 发货快 好评	"这次去泉州有三个国外客人一起同行,还是入住了泉酒. 大堂有水仙花装饰,有一股清香.环境很好.以390元的价格入住,超值. 客人称赞酒店很不错,我想这是每个入住客人的同感."	快递员 太次了 说不让开箱验货	用过之后头皮痒得很！想退又说用过一次不能退！郁闷呀！
虽然作者花了很多篇幅，但看了以后有点失望，感觉钱白花了。书里面实际上大部分都是个人抒情，小女人的自怜自爱。可爱倒是可爱，但是实用性上，我觉得不如《求医不如求己》。实际上《31岁》这本书，为数不多的精华思想，都来自于这本《求医》。《求医》内容之丰富，逻辑之严谨，行文之流畅有趣，学识之渊博，阐述之客观，是这本书所不能及的。如果有《求医》，这本书，可以不用买了。	不好啊穿上好像有刺一样	1.屏幕是AU Optronics 2006年第一周产的（据传这批货有质量不行） 2.屏幕不定时随机闪点	真心不好吃，果肉有股药水味，失望。。。和京东推荐的质量不符合。今日再买新疆阿克苏苹果，希望如介绍般好吃吧。
感觉挺不错。给个满分。以资鼓励。	东西不错，可以使用！！！东西不错，可以使用！！！东西不错，可以使用！！！东西不错，可以使用！！！东西不错，可以使用！！！东西不错，可以使用！！！东西不错，可以使用！！！东西不错，可以使用！！！	以前用过很好	产品收到里面都进水了，没有包装直接都打开了，第一遇到这样的情况，真心是醉了，直接差评！
包装完好。是正品味道好闻。和以前店里买的一个味道。	苹果个头中等，看起来也还不错，吃起来够甜，和超市买的差不多。	可以的，买的大码，用中小码代，很强大，而且衣服脏得跟什么一样，真是很良心！！	不是正品 用完没有凉的感觉。
看卡通世界纪录了啦是卡奴记录了卡路空间距离	是脆的，有削到一个坏果，味道一般吧	上次还不错这次有些过分，坏了很久的东西还装上	感觉是假的，洗了很快就油了，而且很多头屑！！
性价比很高，这样的价能买到这质量非常不错。	配送很快，包装也很好，赶上有活动很划算，下次还在京东买	不好内存不足	太难看了：裤儿太浅连手都放不进去
京东618买的，价格实惠，物流速度也很给力，非常满意的一次网购！	产品很好，价格公道，物流也可以	苹果不大，水多，很甜！包装一般，但快递员很负责，现场要求客户开封检查，拍照记录，让人放心。	相当垃圾的一次购买，黑心的商家
一次买了三瓶，一家人可以用好几个月了	1.屏幕在强光下看不清楚； 2.JAVA需要升级扩展后才能使用； 3.没有开关机定时的功能，不支持关机闹铃； 4.短信的铃声不能设置； 5.短信编辑时切换标点不方便； 6.薄电池的待机时间短； 7.通话声音偏小；	真心垃圾，耗电特别大。真感觉没设么卵用。	明明买的膜壳套餐，就只给了裸机，看到评论里也有好些人这样，差评
裤子质量很好，裤型不错，而且穿起来显瘦，性比价高，是我喜欢的布料，不起球，值得购买，	改革开放已经三十年，并不是所有的人都陪着它一路走下来。即便是，你也有可能身在庐山中，只窥豹一斑，因此，借助这样的好书了解一下过去的三十年，无疑是一种好的选择。其实我看这本书，是因为财务部长的推荐。买了以后，我用了一个星期的时间看完了上册，深受吸引。80后的我如今大学毕业，在上海这个金融中心准备一展身手，这种经济类的书籍，很好的帮我了解前辈们的经历，让我确实受益匪浅。	还没吃，包装很好，没有烂的，摸上去冰冰的，觉得80mm有点小……没想象这么大，应该挺好吃的吧，***一斤也差不多就是市场价了。	刚买了一天，今天就跌了*，晕死的节奏
钢琴烤漆，流线机身，简洁大方，噪音控制的挺好，速度很快，屏幕一级棒，显示效果没的说；键盘触感很不错，用起来很舒服。性价比高，双核独显无线高清一个也没落下，属于全能主流性本本，真的很超值。	物美价廉，真的很好，还会再买	还有一个问题就是，酒店的早餐品种太少，而且味道也很一般，早餐的牛奶不是鲜奶，而且没有果汁。不过房间送餐倒是还行，特别是15块的水果沙拉，每天都要点一份。	除了深夜抵港有免费酒店专车之外，无其他优点
触屏灵敏，屏幕清晰，东西不错，活动购买很合适。	厚！厚！厚！厚！厚！厚！厚！厚！厚！厚！厚！厚！厚！厚！厚！	机器还行，就是送的东西没送！不讲信用差评！快递小哥给力！	价保问题，华为旗舰店客服把我推给京东客服！而京东客服死了，半天不回复，投诉无门
给老爸买的 他很喜欢 裤子质量很好 质感也很好，洗了也不会褪色什么的 这个价钱可以买到这么好的裤子很好了 下次还会回购	只看过西西的《解体》。印象已经不深了。记得要不就是标点很少，节奏很快；要不就是标点很多，停顿太多。还是一个比较有才华的女子。	不错，好吃，但是不是所有苹果都有打蜡？	外观怪怪的，颜色也很灰，没有时尚的感觉！短信输入完选择发送时，如果记不得对方号码，只能无奈地翻看电话薄一个个地查找，很不方便；而且按键不是很好用，输起来也不够快；还有，短信存储量很小，有时不得不删除一些有用的短信！
东西很不错啊！大力支持，该囤货的时候必须屯，这是618，打破低价。感觉不错啊非常好。大力支持。必须的啊！男士专用。	我看文，尤其是评论类的，最主要是看作者是否诚恳。这本书看了前言就很喜欢。解释了时评的价值和为什么把书取名为《常识》。许多我们受到所谓“主流媒体”的影响而不由自主地形成的价值观或者其他的一些观点，其实很有商榷之处。而且，往往是反过来想的那种思维，才是常识。这种想法其实时常在我们脑海中浮现的，但是经梁先生掰开来揉碎了细细写来，不由得让人掩卷叹息。希望每个年轻人，都有这样的常识。	韩国的老师，一个噱头而已，对记单词实在没什么用的。不过纸张和印刷不错，当然，这也是成本之内的。	假的，还妹打开，洗发水就漏出来了，味道也不对，怪不得比超市便宜，贪小便宜吃大亏
清扬洗发水不错，一直在用，搞活动送的吹风机也好，好用不贵，支持支持！	「寻真水果」10斤山东烟台栖霞苹果水果新鲜 红富士苹果	因为第一次买的挺满意的 所以又买了 但是第二买太失望了 小 烂 酸	图片严重的根本与实物不符，这哪里是军绿色，明明是草绿色，这个颜色穿出去很纠结，而且质量不好，抽丝起球。很郁闷，本来很期待的东西，原来亚麻就是这样，以后不买亚麻了
个头均匀，包装很结实，比外面小点买的档次高	毛线小脚裤，桶裤还差不多	价格有点高，电池电量消耗过快，机身容易留下指纹，其它的还没有发现！一点人情都没有，赠品一样都没有！可恶！	差评！买过最差的平板了，充电很难插进去，开机软件还有使用记录和别人的照片（哎），伤心，想想退货太麻烦，买来就是看漫画的将就用吧。
买了好多次了，朋友说好吃，京东送货快，小哥态度好	显卡低点，识别时3400的，可能驱动没装好，WIN7评估3.5分，主要是显卡3.5分，其他5以上。 送的光盘是VSITA的，没有XP的，要在网上找，先找网卡的，再用驱动人生下载其他驱动	刚拿到还没用还知道功能什么样	性价比不高，设施陈旧，服务人员显得木讷，与刚刚住过的北京新云南皇冠假日的服务感受落差很大！
1. 配置比较均衡，分量比较足 2. 基本满足家庭上网需要 3. 京东自提点距离我家特别近，只有200m  呵呵	苹果看着挺新鲜。这次从下订单到送货，等了5天。这在京东购物还是第一次。因为同时还订了橙子，没有货。昨天与京东联系后可处理了，今天苹果就先到了。	按照提示的体重身高买，大了，当抹布用了。	京东自营这款99元的清扬洗发水是假货。经仔细比对后，发现和正规超市的不一样，大家谨慎购买。
运行稳定，声音轻，外观简洁。触摸板设计较好，与整个板面成为一体，易清理。	沙宣礼盒产品，洗完味道也不错，经常在京东买东西，图的就是送货快，服务好	觉得，比《三救姻缘》素质要好。内容从家庭，慢慢走向社会。夹杂着人物之间的责任，关心和感情纠葛。一层又一层，惊险刺激。女主角谢怀珉的医术，的确相当专业。看来在现代，学的中医派上用场，成为她的铺垫。不过，书的最后，简直太意外了。都不希望是真的。书中的慧空说，她可以母仪天下。我就猜想，如果她爱的人士个君王，那就很有可能了。希望真是如此呢。	还没有吃，不知道味道如何，就是太小了点，在超市最多*
不错，用了以后头发没有那么油了！	我发现蒙牛新出的 奶特不错上面那句浪漫从遇见开始	"最近的苹果差很多,削皮后都有班点,应该是放太久了,以后不买了"	当当网名不符实，订货多日不见送货，询问客服只会推托，只会要求用户再下订单。如此服务留不住顾客的。去别的网站买书服务更好。
电池用不得手机一天不怎么用电池都不能用到黑	服务态度不是很好，遗忘了东西在酒店，酒店也不配合寻找，多次打电话询问都没有回复	假货，商标是用塑料贴上去的，这不应该是京东所为，可……	服务态度极差，房间简陋，且房间里有鬼，永远也不会去
"房间设施不错,隔音也很好,是疲惫的我美美的睡了一觉,我已经很久没有睡的那么好了,服务也不错,我要的是送餐服务,由于忘了点咖啡,致使服务员跑了两次态度很好,房间的咖啡机不会使,说明的不清楚,总的来说还是不错的."	杀毒软件和office2007都是60天试用版 QQ里摄像头使用有点麻烦，要先在设置里更改视频设备为“USB视频设备” 六芯电池突出来有点多 硬盘震动稍稍大了一点 屏幕仰角过大的话容易翻过去	送的志美光驱做不了XP系统。电池后边有点松（X200都这样）装XP比较麻烦。	分辨率太低，触摸不灵敏，和小米平板2比起来差不多了吧
超出我的预期，不比什么水果差，音质画质无可挑剔，棒棒哒	很好吃，包装好，生产日期是最近的，送货快，吃完下次还来	看了一半不想看了，内容就一个，反复絮叨	包装还很不错，可苹果没想像的好，，太小了！
包装很好，果子也很新鲜，but，不怎么甜，没什么食欲	超级慢的。好几天到的。不好用。	不好，wlan信号时有时无！	卫生间厕所是坏的，枕套是脏的，床单有股难闻德味，最可气的是吧台服务员，态度极差，问点事半天不说话，让我们等半天然后告诉去旁边办，隔壁房间有美团送餐，我就点了一份美团，但是竟然不让我点的送上来这是歧视吗？我给吧台打电话她说就不让送，我说之前怎么有送的，她说她们没看住，要不就找领导扣工资吧，就这态度。最后给我气的没下楼取，第二天把吃的给弄丢了，我找投诉电话也没有，问问大家去哪能投诉，我要找个说理的地方。情况属实，哪里能解决
平板不错，价廉物美，很喜欢。	还不错，物流也很快	机子挺好的，唯一就是不能打电话	不高兴，下午刚下单，明明第二天来货，结果晚上就来了。晚上就送吹风机，可已经无法取消订单了。找客服也不管，说回电话也不回。那能这样啊，不是为了2个吹风机，是不能这样做啊。让我退货再定，可这明明是货提前发了，要不我可以取消订单。人家快递小哥也不容易，不想折腾人家。客服真让人无语
酒店由假日酒店改成了千禧酒店，服务质量还不错，不过专业技能需要进一步提高--可能是有一些新人的原因吧。总体来说不错。	衣服质量没问题，穿上合身，喜欢。	很一般，乘飞机没办法，性价比第	洗了几次，头好痒，抓心的痒，味道也难闻
为什么每次买的火龙果都是熟过的，被逼着必须一天吃完否则就坏了，	看着不像真的，液体稀，物流不怎么样，迟到了	三个，昨天收到货，没来得及吃，就烂了一个	太差了！花牛苹果本来是沙的，这个苹果根本咬不动！
环境卫生等都很好，唯一不好的就是住店还要自己出停车费用，巨贵，住店人希望不要客人出停车费	7月19日入住酒店 总体感觉较好 不足之处如下1.一号楼到二号楼的指示标志不明显，而且要走很远2.服务人员似乎不知道什么是主动见面打招呼，这点比起海景花园酒店要差的远。我在酒店大厅、走廊 、院子里，见到酒店各个岗位的服务人员，大部分都不知道应该主动和客人打招呼问好	这就是在京东买的尚品实木沙发 退款比登天难	渣渣像素，渣渣分辨率，已经退货
给男票买的，特别合适，裤子质量不错，穿着舒服，还很帅，他很喜欢，超级赞超级赞	“此内容为不实消息，已处理。”就因为蒙牛说不实新浪你就说它不实吗？抵制蒙牛放心奶，辛苦了，2月30日还在加班！ 蒙牛，放心奶。用心做好奶，我们都休息了，还在产奶。@才让多吉	不明白为什么机器是六月产的，有部分驱动却不是最新的，无线上网时断时续，上官网更新驱动后正常。续航时间也没有介绍所说的8小时。	太小了，还没我拳头大，这家店不能买
不错的一款产品，没有碰触，包装很好！打开用了几天才回复！真的很不错，手感也很好！色彩也不错！孩子很开心！主要是给孩子刷题买的～就是待机时间有点短～看电影的话也就两三个小时吧～不过这个价真的值了！总体而言，真的很不错，物流服务也是非常好～～所以必须给五星！	第一次在京东买苹果，299减120活动非常划算，苹果个头基本相符，颜色非常漂亮，每盒有个低于标准的，190克，可以接受。12个5斤半左右，苹果水分足，很甜。希望多搞活动。	刚从那儿回来。的确离大相国寺很近，离鼓楼夜市更近。但酒店住宿环境极差，标准B间在四楼，没有电梯，拎着箱子爬层高很高的四楼可不是一件轻松的事。房间里极其浓郁的异味，通风条件极差，又不敢开窗，因为对面居民区养了几条喜欢狂吠的大狗。总之下次去开封不会选择了。补充点评 2008年5月2日 ： 还有热水开了很久也不热，浪费啊！不过，前台接待是热情的，笑脸相迎。	这个小店可能是因为在使馆区，住的外国人比较多，服务态度就差了一点，素质比较低，对于签名还要问你：这是写的什么啊，我都不认识。入住首先就让你签订一个贵重物品丢失不赔的协议，给你的第一感觉就是一种不安全感，以至于我们出去吃饭的时候，都把笔记本电脑背上。本来预定了3天，住了一个晚上，第二天赶快跑吧，以后是不会再去了。还不能刷卡，招待所都不如。
晶莹剔透，看着还不错，但还没有吃，吃过再追评吧	中国的奶业有几家能信赖的？ 我已经接近一年没有购买蒙牛的任何产品，抵制蒙牛，从自己做起 今天你让蒙牛活下去，明天它毒死你孩子。拒绝蒙牛，比拒绝日货更重要	"这本书,我和狼图藤一齐买的,可是只有狼图藤这本书到我手.还叫我评论.;;太过份了...快把书寄来,快递费我不会付的.气死我了,我上次说过了,可是都没有帮我处理.请来电解释清楚.否则以后都不会再来."	说好的大于*，还送一小瓶，收货也没见啊 不送就不要说啊
送货非常快，昨晚下单，上午就收到了，也非常快，买了两个套装，走活动，好实惠，给力	大爱京东，早上下单，下午就到，而且包装很贴心，就一份小小的生鲜食品，还帮我用冰袋冰好，收到时很新鲜，比实体超市买的还新鲜	第一次在京东买东西，物流确实好快，早上八点半下单，下午五点就到了，宝贝也很好	无语了 下单时候 房间数写成了人数 多订了一个房间 然后付款后马上进行沟通协调 代理商不积极 酒店态度太差 说下单了就不能退 刚订的也不行！请问 这样的服务 人是死的吗？无法理解 更无法接受 就好像要开具你妈是你妈的证明一样的性质恶劣！
味道很好闻 好实惠 值得购买哦	紫霞喜欢至尊宝，至尊宝喜欢白晶晶，白晶晶喜欢齐天大圣，齐天大圣喜欢紫霞，你以为齐天大圣和至尊宝是一个人，但是他们相差了500年。一切都对，除了时间不对。想要救紫霞就必须打败牛魔王，想要打败牛魔王就必须要变成孙悟空，想要变成孙悟空就必须忘掉七情六欲从此不能再有半点沾染。 人生就是这样：想自由地和心爱之人在一起必须要事业有成，想要事业有成就必须要抛弃天真戴上面具，当你变得有能力给心爱之人一切时，却发现找不回最初的自己亦失去了爱的能力。	用了有一个星期才评价，反应速度还行但是看视频有点模糊 成像不是太清晰	二手东，擦买的平板被人用过，平板没有封包，没有打开盒子里面还有一些象卫生纸一样的碎末，盒子里外都很脏，充电口有充电器插入的划痕。
世界著名比较法学者大木雅夫之著作，该学者为德国比较法学者茨威格特之高足，曾留学德国，精通数种外文，对比较法学更是有自己深刻而独到之见解。作为东洋人，其思维成长之文化氛围与中国有些相似，因此研习此书对学习比较法的中国人来说，当有极大之裨益。可将此书与茨威格特氏之比较法总论对读，必可获益匪浅。	早餐不错，房间太小，网上的地图不清楚、不仔细！	"我住的商务大床房,房号607的那间洗澡后厕所会积水,好几次差点摔倒"	收到苹果 与图片差别太大了 根本没有红的 骗人的 看看照片吧 必须差评
苹果又大又红，价格也合适很不错。脆甜好吃，好评好评好评好评…	比超市便宜，送货及时，味道可以，个头一般，整体凑合！	不知道怎么样？还没有用	信号质量差，中间会有死机现像
裤子收到了，跟我意料中的质量一样好。没有色差，做工也很精细。试了一下穿起来也很舒服，值得购买。	没加内存，vista比较慢，ibm XP恢复盘比较难下载！第三方送货挺慢的。	我拿到货还没打开就闻到苹果气味不对！冰太久了！12个有一个是烂的，试了两个都不甜！皮薄，肉脆就不甜，快烂了！浪费我钱！	如图，指缝间远物清晰，可断为软件虚化，而商品自称镜头虚化，欺骗消费者。
穿着很舒服，物流快，实物和图片相符，老公很喜欢	这苹果大小适中，甜脆爽口，已经是第二次在京东买了	"#良心奶#分享图片蒙牛很敬业,30日都在生产放心奶"	我去，被坑了，还是6.18搞活动呢，满199减100的，还没今天的淘（敏感词）宝便宜，再也不信京东了！
MP3播放器效果很好，完全能够满足非发烧级听众的需要，可接外置音响，通过HI-FI功放，高保真音箱释放出的声音绝对够炫！64和旋够劲，音量大的在上百人安静的会场环境下可以全场听见！支持MP3格式的确是此款手机开发者的过人之处，免除了到网上下载铃声的烦恼，还节约了银子。随心所欲，想要什么真人原唱就编辑什么图片可以用高精度数码相机照后，在电脑上修改，放到手机上去嘛！价格的确很诱人哦。	包装很好，没有坏的，红彤彤的，看着很好吃	到货真快，活动价格也很实惠。	很好，暂时无什么问题，先用一段时间
快递很快，服务态度好，价格实惠，还有赠品，洗了之后清香，很好用满意，一次需要还买这个牌子。	商品不错，物超所值。真实体验。	清扬用着不错，薄荷型这下可以清凉一夏了，发货时盖子有点松动，希望下次能够改进。	"又上当了,以后大家一定要记住""金元凯悦""这酒店千万别住,上次在海宁已经上当一次了,这个更恶心,在海宁是不肯夏天不开空调,这次是冬天不肯开暖气,要多床被子也没有!!!酒店连停车的地方都没(只能停马路边),环境和卫生条件极其差,设施更别提了,从一进房间就一直叫客房修东西,电灯坏了几个;电视坏,插座坏,遥控器坏......就连上网也不行,说是机房人员没上班,不能上网,我晕- -,这样烂的酒店性价比连招待所都不如,携程如何搞这样的酒店还第一个推荐给我,真不理解,难道是佣金比别的就店高就..."
很不错，大小个适中，正好一次吃一个，苹果挺脆的，水灵，味道也不错。京东送货上门很好。	贼几吧小，还硬，大家别买这家。	苹果品种名不符实，至今都没有吃完。太难吃了。不是真正的品种。希望平台调查客户情况整顿控制以次充好的现象。	服务态度差到不解释！前台接待人员态度很不好！！绝对是一间缺乏管理的酒店！
太超值了，太实惠了，都是正品，非常好。	一直以来都是在用这个品牌的产品～因为它的好～所以一直信赖～挺愉快的一次购物	除了烂就是脏，枕头黄色的	差评！质量不是一般的差！双十一好忽悠！
不怎么样，穿起来一般般	第一次买的觉得略不新鲜 还好 尚能接受    这一次的无法接受    十几块钱的东西    我也不想折腾了    只是以后绝对不会再光顾你家任何东西了    做生意讲究的是诚信    这样的产品 还是不要拿出来卖的好	假货不是亚麻的大家别买，与图片不符。是超薄牛仔裤	**！一分都不想给！专门买来耍游戏的，玩游戏屏幕失灵，要使很大的劲才有反应，打王者荣耀气的要死，真想砸了它！我不是高级黑，我一直在京东买，基本没给过差评，但是这次这个屏幕！如果买去老年人用或者只是看电视听歌应该没好大问题，打游戏的就不要考虑了，浪费表情
东西还不错的。穿着舒服。款式也好看。价格实惠。	衣服裤子一起买的，只有裤子，以后怎么买东西相信你们	东西应该不错。但是物流绝对差评！我约的送货时间，我等一天不送，我上班了非要我按照他的时间去拿，配合换了公司地址，又不按照预定时间来！又是我休息送来！！又是我的问题！你们真的是老大，想怎么样我还就必须怎样了！	无语，贴膜都没有，
商家推荐的尺寸很合身，相当实惠 发货速度也很快	不是特别大也不是特别小 总的来说还不错 没有耳机 数据线充电器都有的 个人感觉耗电比较快 物流配送服务很棒 很快也很专业 目前没有什么大的问题 后期再来补评价	"因为工作关系,每个月都会去住.在金华市区400左右是最好的选择."	坦率地说，我认为云天海湾酒店在面积上有欺诈行为。酒店广告说，标准间B面积为33-37平方米，标准间A为44-47平方米，但7月17日我预订并入住了2号楼1102标准间A，服务员称面积只有30多平方米，后来到楼下售楼处咨询，售楼人员证明，此户型属于G2，37平方米，全价20万左右，购房后每年返还7200元。很明显是广告上说的标准间B，但酒店却以之冒充标准间A，很显然完全没有丝毫诚意。虽然标准间AB价格相差不大，但这样的把戏足可以显示酒店管理者的素质，因此我希望大家在选择时一定要慎而又慎，不要上酒店管理者的当！！！在查看点评时，我发现其他人也反映过类似情况，足在这种以次充好，欺诈消费者的行为，酒店已经不是第一次了！补充点评 2008年7月19日 ： 强烈要求酒店对这种面积欺诈行为向全体携程消费者做出解释，并退还相应多收房款！
这个必须给好评。从我的p8开始，路由器，p9，m3一路过来，觉得这些越来越好用。真心支持华为，国产的骄傲。这m3品质不错，叫板苹果没问题。。。	第二次购买了，价格实惠，做活动还赠送护发素	虎牌保险柜送来打开发现损坏，马上打电话送货的百世物流，不管，态度恶劣。打电话给京东，京东不管，说找百世快运，已经投诉几天了，无反应，老子咒骂他们～京东，虎牌，百世快运，大家千万别买虎牌保险柜，他们包装极差，容易碰坏，碰坏了只能自己倒霉，他们都不管的。老子快疯了	绝对的差评。我在10.1日买的。那时价格是1799'而且是裸机价。什么都没有送。不到两天。直降200.还有东西送。我想问问啥意思。啥意思。我对华为企业文化没有质疑。主要是对京东商城。。。伤透了心了。。。
多次购买，还不错吧，华为值得信赖	618活动买的，原本想买的是男士的，但想着买了一家人用就买通用的，一直都是在用京东自营的清扬，也是不错的	都是中医的穴位，看得好象很有用，其实不然．也不知道这书是怎么红起来的，使用性并不是很大啊	老子买了你家裤子，小了，叫你丫换了一星期也没有发过来，聊系客服把我拉黑
裤子很合身，弹性不错，刚洗了也不怎么会掉色，挺不错的	早上下的单，下午两点半就到了，神速！好好好！	感觉没有说的那么好！海景也一般，给我安排的是很偏的海景房！房间给升级了，不过是吸烟房间，晚上回去发现问题严重，后来给安排了1台空气净化器，问题算是解决了。房间很大，不过形状不好不实用，到是挺适合加床的！装修和配置一般，不能算豪华了！班车很方便四周也比较安静，商业一般！	夹肩，不好，做工不平整，根本不合身尺寸偏小，一点不好看
质量挺好的。客服推荐的尺码也很好，弟弟穿着也挺合适，喜欢的不要犹豫啦	一直用的这个牌子，非常好用，不错	买完送货很快，学习了网友的经验教训现场拆开京东的外包装——果然是拆开过原包装的旧机器，当场要求退货。	对京东都无语了，价格一天一变，变得还挺开心哈！！！利用信息的不对称性挣钱。这和宰客有什么区别？还什么保价根本就保不了........
总体感觉不错，191元/间的标间物有所值。	第二次购买，可惜这次里面掺个小家伙。包装还好，没有损坏的。	反正是备用机，很少用来拍照的。就是差评一下算了了此事！	差评 建议大家别买了 用不到一瓶家里人个个有头皮屑又痒太可怕了 以前用别的洗发水洗都没有这样的事发生过
昨日下午下单，今日上午就送到了，京东物流没得说，相信京东，相信正品。	先赞一下京东客服，有问题给与耐心的解决！    洗漱用品一直京东买，送货速度快，比超市还便宜，继续支持！	颜色不一样，太差了！	质量差的要命
洗了一次，几乎没有掉色，性价比很高的一条裤子。感谢卖家。	1、外观，感觉大方、成熟。体积适中（相对于智能手机而言），由于以前使用515，感觉体积比515小巧，上盖面板美观大方。 2、屏幕和键盘，2．2英寸、26万色的内屏色彩艳丽，过渡自然，在阳光下也能看清楚，按键大小适中，手感很好（相对515键盘小而且硬），一般不会按错键。3、8390支持SD/MMC卡，大大提高可玩性。而且目前的应用软件较多，可以根据玩家的需要而增加应用功能。	必经15年的机器了，反应很慢，音质一般。	房间有烟问，地毯很脏
"MP3不错,我喜欢,价位还可以接受。"	服务很不好，第一天到前台登记入住时，因为对预授权的签字有质疑，前台接待竟然对我说，如果你不愿意签字，请让其他人帮你付钱（这个回答简直让人无语）！第二天结帐时，用了另外一张信用卡结帐，之前用于押金的卡的预授权不能解冻，告知需要10到15天才可以，和前台理论，要见值班经理，通知要15天到1个月才可以解冻，着急办事，先走了。后来打电话询问被告知要45天。心中觉得诧异打电话至银行，得知酒店方如果不做任何处理，自然解冻至少45天。如果要提前解冻，要酒店发传真给银行。对他们的解释及其处理的行为是在感到很气愤，这样的酒店还能上4星，服务太差了，不管是软件的还是硬件的，硬件的提高可以花钱，人员素质的提高是花钱也买不来。	活动买的，跟实体店买的不一样不像正品	差评……物流那么慢 并且还把尺码搞错了 差评差评……
房间很宽敞，很干净。处在闹市区，很方便，能看到整个城市也能看到一片海。我个人比较满意。	色彩比杂牌好多了，就是套餐里的膜太差了，撕开就像缺了一块	2006年4月21日，我在重庆市垫江县移动通信城花了2380.00元购买了飞利浦960手机，使用到五月八日就出现故障。原因是自动关机，于是，我于11日找到垫江县移动通信城销售商后他们就把我的手机发到重庆新瀚科技有限公司售后部进行维修，并更换了主版。5月16日垫江县移动通信城销售商通知我领回手机，使用不到两天再次故障，同样是自动关机，我于19日再次将手机交销售商维修。到目前也没有叫我去取手机，也没有给我一个答复，真是维修手机的时间比我使用的时间还长，买手机买出了麻烦。我试问飞利浦（上海）公司售后服务如此差吗？	质量不好刚买了1个月就开不开机还死机
总体来说不错。设施比较新，房间也不错。下楼30米就是星巴克。缺点：1，楼下就在修地铁；2，早晨我是被隔壁的XX声叫醒的，而且很清楚！3，上网系统简直会让人想顺着网线把服务器扯过来砸了......4，洗发液都是含护发成分的，短发男性会比较痛苦。补充点评 2008年7月25日 ： 忘了说了，我是大概2周前入住的。另外我也没吃那里的早餐，没法点评=。=	快递早上就收到了，太快了快递小哥很客气，下次还买	太油，看上去像一个礼拜没洗头的效果	"电池太差,买后6天就不能充电,经经销商的专门检查部门检测后说没事,他们给""激活""了,可冲了一次电后又不能冲电,现在还待修,也不给""保退,保换"",惨呀!!有高招的能人给指点出路,谢谢。"
弟弟的生日快到了，买了送给弟弟的。真心的推荐。裤子版型很好，面料 也很舒服，好评。	环境不错，价格合理。房间没有太平洋酒店大，设施较旧。	蒙牛不死，死的就是我们 蒙牛：蒙牛，我不行；蒙人，我很在行！	物流慢，打开就这样不知道是不是少了一个，才11个，说的是16到24个的，看着搞特价才买的，难道这就是所谓的特价，太贵了，建意大家，买水果还是不要在网上买的，物流就得几天，水果就少了新鲜感
作者更多的是从圆圆母亲的角度来写这个文章。90%的例子都是以圆圆为中心的。我认为，例证不够充分，毕竟每个孩子都很不一样，而且很明显，虽然作者一再强调是教育的原因，但不可否认，圆圆的聪明和乖巧也是有目共睹的。换个男孩，肯定是没有这么轻松的。总的来说，作者列举的都是一些生活中的例子，确实很有代表性，教育方向及思路非常明确，应该学习！！一个好妈妈的教育笔记，可以推荐给家中迂腐的老人。	"宝宝一岁七个月,不是太喜欢,也许是因为色彩不够鲜艳.而且对他而言,可能太简单了."	看看评价都是好评，感觉骗人的……我买的这个不是正品吧，不然为什么优酷和影视大全更新了都看不到，兼容不了呢，不要寒了支持国货人的心啊……	物流很慢，而且苹果才有11个，重量也只有3.3kg，商品和商家的描述不一致，联系商家也没有用，建议以后别在网上买东西了，京东越来越垃圾了。
京东最近的势头很猛，强哥强势回归，活动力度很大！	用了一段时间来评价的 之前用别的洗发水从来没有头皮屑 用这个好多头皮屑 感觉买到了假货	书的印刷质量不错，但是内容对于我来说不适用，像是一本教育手册。反正就是不实用。而且说是读书节免运费，根本没有免。骗子。	服务太差劲了
凑单买的，很划算，京东这次活动力度很大，超级划算啊，日期也很新鲜，都是到2020年的，囤货党必备，这次活动最满意的就是快递小哥，暴雨天，每次都把东西送上楼，给我省去很**烦，真是辛苦他们了，很感谢	收到货了挺好的，京东快递也很给力一下子买了两瓶，还没用不知道好用不希望好用！全五分	各种老旧	就给一星。感觉不爽。不能再多了
裤子给力，没有色差，我很喜欢。客服态度很好，物流也很给力，很快就收到货了。下次还来。	这家店的客服的服务态度很不错，我问了很多问题，都很耐心的回答了，而且物流的速度也很快很快	"""此期间预订，入住首日酒店赠送每间房10元洗衣券一张，通过携程预订，入住首日每房还可获赠欢迎水果一份。 “我入住的时候，上面两项一个都没看到。。。宾馆反馈 2008年7月16日 ： 首先对您上次入住的时候漏送洗衣券及水果一事向您表示深深的歉意，由于您入住当天为6.18会议接待高峰，造成前台漏送您洗衣券及水果，我们已严肃处理此事。在您下次入住的时候我们会补送洗衣券及水果并为您提供更优质的服务。"	这次买不满意，买一样的平板电脑，别人送保护钢化模，送外壳，我买怎么就不送呢？
酒店外观看上去很不错，可是，里面的房间真心不怎么样，电视也太小了，房间有味道，去看了下房间，下来结果不让退房了！还是要付房费的！真的醉了！	这次，京东做事让我很失望。买的洗发露，包装得不好，送到打开流了很多出来。。。无语了。	包装简单 手机盒没有塑封 粘了两条胶带 打开盒子手机没有塑料袋 屏幕上有很多灰尘 一看就是返修机反应慢很卡电池掉电快 被京东骗了	差评差评差评，半分都不想给
宁高宁的承诺：“蒙牛每天出产7000多万份产品，有300万学生饮用早餐奶，150多万奶农供应牛奶，也有30多万蒙牛销售人员在全国销售，同时又有3万多员工在生产乳品”，宁高宁说，这是一个非常大的运作系统，希望能够以新的经营理念、质量检测水平和严格的要求来提升产品质量，获得消费者的信心支持。	苹果收到后开箱打开后一看个头都很小，根本没有标注的7.5公分	订单1444309157 到货就烂了。京东送货说不允许退货。 所以，最近的订单一律差评，不解释。	明明买的是31码，穿起来像33码，难看死了，不修身，码数不标准，差评
苹果酸酸甜甜脆的味道不错，肉质比较实应该是现摘的还未长够日子的晚些时候再买果肉松化了可能更好吃，性价比高	总体来说还是不错的。特别幽静，风景怡人，还可以看到孔雀，鸟鸣在那里不是什么奇事。房间很古典，很有味道~交通不是很方便哦~适合度假跟调节心情~据说月亮河是那里的富人区呢~	尺码偏大，质量一般	刚买完一天就掉价*这是在逗我吗
原以为是很简单、老套的故事，却没想到让我一读难忘，欲罢不能。现代的都市生活，每天忙忙碌碌，工作压力越来越大，却枯燥麻木。爱是什么？两个人真的能相守一生吗？很多时候迷茫，怀疑。看过这本书后，虽然明明知道是写出来的故事，但是很让我感动，主人公对爱的执着，真心的相守，让我的心占得满满的，生活可以平淡，只要和真爱的人携手一生，足矣！	屏幕效果不行，速度和待机满意，性价比一般，但华为品牌可信度高，质量不错，适合要求不高的娱乐为主群体！	苹果挺新鲜的，也挺好吃很脆，就是没有描述的那么大个就只有两三个大的，其它的都小个。	酒店位置去哪儿都不方便，周围什么饮食处也没有，酒店里面只有个咖啡厅，隔音超差，这是我住的酒店中隔音最差最差的酒店，浴室放点水就堵的成河，热水用的也很不方便。
第一次买平板电脑，还是挺满意的，本身我手机用的也是华为，觉着华为好用特意买个平板给女儿学习用希望也能喜欢，京东快递也确实快，包装也很好，给一百个?	好！大小刚刚好，孩子能当平板玩还能给大人打电话！放在家里很方便	开两晚房间，做房卡做了一晚，让屋里放盒火柴也没给放，叫了等半天也不来，还得自己跑楼下拿。	哥们真不是喜欢给差评的人，可是这裤子实在太垃圾了，款式咱先不说，这质量，收到先到处是线头，穿了一次后就更离谱了，怎么看都像地摊货，哎！真是失败
个头一般大，但味道不错，价格也实惠，物流很快按时送到，下次还来买?乛v乛?嘿嘿	生产日期什么的都没有 上面都有灰了也不知道过没过期 味道不错很好闻护发乳感觉别人用过量不足	失败的购物经验，对京东彻底失望了	这也叫大果？三个都只有拳头大小，不会再买这牌子的任何水果了，拉黑！
平板电脑已收到，京东商城的购物很方便，华为的产品质量很好实用方便价格适中好评!	京东生鲜很超值，物流也快，拿回家就被消灭了好几个	好用，感觉比超市买的还好用。柔顺，香，喜欢！	小了好几码，颜色也搞差了，客服连系不上。太差。
一直买这家的苹果。一盒9个苹果的价格涨啦！上次买的这款中苹果有一半以上被磕碰了，部分淤青啦！这次再试试，是不过三嘛！	酒店空调有问题!蚊子太多!简直无法入睡!!!服务员的态度还不错的!	对不起这个价格，屋小味道大，开窗放味道，结果进蚊子了	码数小的太离普了！我想问是正牌嘛？？
AMD确实热了些，风扇转速高，待机风扇声音不算大，和intel的比大一点，全速热量就有些高	咋天订单今天就到货，速度快，下次多多订货。	"整本书没几个英文,好像小孩子看的,但是小孩子也许看不懂的那种.失望"	送过来都漏了，但是外包装是好的，说好的500毫升呢！现在看看有400毫升。真是差劲，也懒得换了
早上蒙牛喝多了？	一般般，支持国货这个价位值了，不过好像没了双击屏幕唤醒功能。	这衣服不行，	这个价格，酒店管理很差，早餐很差，经常有卖淫女KTV小姐出入，还有发类似名片的，恶心！
很好看的一篇小说，写意好可爱哦，厉择良还不错啦，人生有相遇，才是缘分，才会有一段故事。“未了情？未了情。‘叮嘱晚风轻送，柔情万千里’，这个世界究竟是有情苦呢，还是无情苦呢？只要是真心爱过，都是苦！	功能食用，触摸键设置合理。配置和价格性价比高。键盘手感相当好，笔记本上方的摄像头也很食用。总体感觉很好，建议不进行大型游戏和影响编辑的购买。系统上网，看片相当好，可能是进行了优化。操作系统是VS的，不习惯可以自己换成Xp，毕竟现在的系统盘很先进。	大了大了，我要换小的，填了退换单都快半个月了，既然没反应！	非常糟糕的购物体验，等了2个礼拜才送来，米都烂了，油桶都破了，快递尽然还说是赠送我们的东西，赠送的东西就可以随便搞了么？何况我们还是自己消费的，京东没有能力搞双11就不要勉强搞，质量差的一塌糊涂，东西拒绝了没有收货，希望京东尽快处理，难得京东上买一次东西非常失望，如果售后也搞不好还是关门算了。。。
穿了几天才来评价的，裤子料子不错?，穿着舒适。而且尺码刚刚好。	1.在全民代工的前提下，我单方向希望制造商华硕比其他公司更知道从哪里控制和优化； 2.系统安装没有想的那么麻烦，除了驱动外。。。传说还可以直接使用ghost的，下次试试看； 3.性价比不错。	价格优品质好	对小孩子很有用，可对于我，我想是买错书了。“大学生朋友”指的是年纪大一写的学生例如高中生，初中生，而不是大学生。当当的服务还是很好的，赞一个。
618活动买的，很划算的，一下就买了一年的洗发水	反正这个挺好的，挺具有的手机呀，以前我头发挺油的，现在用的这个很好	是帮女儿买的，也不知道她是从哪里知道这本书的，顺便看了下，还很有趣，谈到的健康知识也很有益。从看了这本书起，就很注意观察自己的便便了，也是对自己的健康负责。最好笑的是，每次大家在一起包饺子的时候，我都会用面团做成书中所描画的最健康的便便的样子，然后告诉大家如果你的便便是这个样子的，就说明你是很健康的，可惜的是大部分成人都没有这样的便便了，倒是小孩子会有。	哎哟我去，第一次在京东买的东西让我如此失望！太大，质量太一般，。
多次购买了，大小适中，除了有几个有小黑点外没有任何问题，比较满意	"外形美观,小巧,很适合女孩子用"	买的是黑色，来的是深蓝，算了，不换了	如果有零颗星，我一定给零分。苹果不新鲜，又小，如果是水果店一定都是扔货！
味道很不错！甜脆，大小均匀，冷藏的，送货很快，下午下单晚上送到！第二次买这款苹果了！还是一如既往的好！好吃！?	"不错,住过几次了,值得推荐! 酒店外就有超市买东西挺方便的:)"	垃圾书，典型的伪科学，幸好是帮人带的。	售后服务态度极差
这本书很实用，更适合给家长和老师看，然后在指导孩子或学生。书中的作文方法很有道理，从书中可以看出，作者饱读诗书，不光文笔好，在一线教学作文的经验也非常的丰富，别的作文法可能是经验之的谈，但 他的理论更多的结合了理论知识。用他的方法教孩子作文是很快乐的。最关键的是家长要有耐心时间引导陪同孩子去体验并积累各种经验，写起作文来也就不难了。值得购买。	质量很好，送货太快了，太实惠了，下次继续光顾	vista不是家庭高级版，不过还有个xp家庭版，京东标的不对！usb接口位置确实不太科学，过这个价钱不能要求太高。	对京东无爱，对京东物流感到可怕，不经历京东的售后，真不知道京东的当中的龌蹉，京东竟然可以掉件了（我多次反应了这个件延迟到货），还各种物流信息齐全，空件送站点，空件派送，以派件员联系不上为借口，空件妥投，中间还各种忽悠。这就是京东自己搞快递一体后，现在就给我掉件后，但物流妥投了。我怕啊，你们不发货，是不是也能物流妥投。
不是说好有吹风机吗！机呢！！！！	酒店服务意识很差，餐厅不能签单，说是怕消费的高于预授权。服务生明显没有经过培训。	从来没用过这么垃圾的洗发水，刚洗完头就痒的要命，最后整瓶扔掉，如果可以，一星也不想给	手机像素真是超级烂，才用了不到两个月待机就不行，听筒开着扬声器都很小，建议大家别买，说是拿去维修，维修需要好长时间，真麻烦
很好很快，物美价廉，绝对正品，值得信赖。居家生活越来越越离不开京东，日常生活用品基本都在京东搞定了，足不出户便可买全球！	第二件了，衣服的做工和质量很好，稍微有点薄了。	不错的吧，没什么东西送	差评！裤子质量垃圾的要死～
量挺足的，不知道是产品原因还是我过敏，使用之后头皮发痒，开始长头皮屑～～～～	这裤子像查扣的进口垃圾返工	没穿上一天就脱胶。京东也不敢相信。太差劲，	差评，亲身体验，假的，不多说
潘婷大品牌实惠得套装，打开包装一股香味扑鼻而来，令我非常满意。活动期间购买物流还是那么快。	还行吧，答应送的充电宝没送，差心评	刚到手，觉得挺不错的，可是用了都不到一个月，居然老重启，不知道什么鬼毛病，每次开机都自己玩命的重启，我都替它累。华为的售后电话，一直忙碌着！早就听说在华为上班的人巨忙巨累，连他们生产的机器都这么累！我真是服了~~~国产的电子产品，真是水平有限！图便宜，后果比较烦！	还没出货就跟他们说过要把32换成31，等货到了才发现没换，还跟我说31没货，，这不纯粹坑人呢，，这一星是给物流的
性价比没得说，这个价位很值的，做工不错，毕竟是华硕的，散热还可以，不过没有长时间玩大型游戏，只是个初步印象。屏幕是完美屏。	很好的酒店，性价比很好，房间面积也不小。卫生间也很清爽明亮，让人感觉很舒服。下次来上海肯定还会住这的，实际上我来上海基本上住2家酒店，一家是香港广场，一家就是粤海了。香港广场价格高很多，粤海价格适中。	一般般 包装这块真心的不好 我一打开瓶子有不少伤痕	这次入住好多问题，最重要的是卫生清洁没有搞好。墙上居然插着一根用过的洁牙棒。分给我的房间可能是贴近空调冷却塔，吵得我一夜无睡好。由于太晚入住了，无心思折腾换房，希望管理层能重视房间清洁问题。
礼物很好我很喜欢，快递也很快，效果也很好！！！！	不错挺好，就是价格有点小贵	赠品也选不了，搞活动，没有就不要说	用着太差劲了，东西好像不真
这本书非常好，非常值得一看，特别是谈恋爱的男女，还有已经结婚的夫妻，或者是想要和异性有更深的了解，都需要去了解这本书里面的内容，了解异性，你将赢得整个世界，了解同类性别的人，你只赢得半个世界，但是你了解同性别的人和了解异性后，你将了解全世界，无所不能。所以这本书是你幸福的关键，会让你赢得人生的。只要你想对异性有更深的了解，就必须要看这本书。	地点和服务都不错：）适合商旅用途～～～～～～～～～	物品么有想要的好！物流很给力！用后在说吧	电话不好查
康师傅的经典奶茶和蒙牛的核桃味早餐奶太好喝了	房间很大，服务员的态度也很好。只是商场在招商，不是很方便！	"宏辉果蔬,京东商城,上市公司,+上市公司,相信品牌+品质全5分"	很失望，买了22个苹果，不单不新鲜，且只有7个勉强能吃.其它都严重碰烂了。有图为证。
拖影有，但是不严重，不影响使用。比想象中大，毕竟8.4寸。响应速度非常棒，950不是盖的。	今天刚开始用，看着还不错，用段时间在来	就是安卓系统用起来比苹果不顺手，机器还是可以的	首先我在京东里从来没有给过差评，但这一次我要说两句，说说产品，跟在超市或者屈臣氏里买的却别太大，质量差到家了，洗完跟没洗一样头发油油，家里人用了都这么说；其次是客服，态度很好，但是你没能帮我解决问题态度好有个卵用？！跟我说超过售后期，客户买产品的时候有提示过售后期限？再说也好意思有售后期限这个词？
大礼包，很漂亮，好多小样品，出门旅游携带方便	买了四瓶，6.18又有券，速度是杠杠的！！！	还没开始用，就一个套装。应该挺合算吧，赞一个。	这是啥玩意，三个火龙果全部都是冰冻透的，软软绵绵的已经坏掉了！我也是醉了！估计是卖家搞错了，把火龙果放在零下十几度的冰柜冻成冰块送过来的，太可怕了！吃不得啊，全冻烂了！
给老人买了玩微信的，屏幕大能看着清楚些！	离机场很久，服务不太好，一副爱理不理的	大小不合适，商家电话没有人接	太不满意了 我看物流那快递哥电话 然后打了3遍一直是停机中，我都等着急了，还是山西号，还有跟客服聊天太tm高冷了，一句话不回，眼瞎了吗？?
衣服收到了，质量不错，比想象中的还满意，上身效果非常满意，大小合身，很 喜欢。	像素太差不值这个价钱	买了几次苹果，这次最差劲，收到当天吃了一个，发霉了。今天吃第二个，还是发霉	太不愉快的购物了，纯属骗局，拍的68一套的确发49一套的，还叫我自己退货，明明是商家自己的错真让人难以接受，退货又麻烦，自己活该，自己认了，太坑人了，从没遇过这种的。
非常好的一本书！因为学校搞图书交流活动，儿子向别人换了这本书，可惜还没看完，别人就催着要还，孩子很舍不得，可是别人催得很紧，孩子跟我说，我把它抄下来吧！很喜欢的样子，我就到当当上订了，送货很快，质量也不错，最主要的是孩子喜欢得不得了！我一晚上看完了，的确不错，看了后回忆起自己的一年级，好像也是这样的……只是在想作者为什么不出一本二年级的，孩子马上上二年级了，接着写呀^-^期待中……	服务很周到，态度也很好，并且为我们升级到行政楼层。房间很干净，设施也很齐全，大床很大，睡得很爽，晚上还送了绿豆汤，很好喝，市内电话是免费的，很方便我们打114查询杭州美食。早餐品种很多，口味也很好，服务也很周到，会有服务员主动询问咖啡or红茶。以后如果有机会再去杭州，一定还住中山。By the way，门口的taxi最好能合理选配一下，竟然带我们绕路，多花了15元打的费不说，还害的我们没赶上车，浪费了车票。。宾馆反馈 2008年8月12日 ： 非常感谢您选择中山国际作为您的休栖之地，也非常感谢您对我们提出的意见和建议。酒店也将会向有关部门反映出租车的问题，希望能为客人提供更为有效的服务。忠心期盼您的再次光临。	男士的话 尤其油性发质 还是比较适合的	买大了，不过货品还不错，将就穿了
很不错的酒店。住的8号楼，设施蛮新的，服务态度很好，门童很殷勤，早餐也颇丰富（早餐是我判断宾馆水平的重要标准），在细节上做得比较好，比很多挂牌四星要好。地理位置应该也算不错的。下次去还会住。	日期新，到2020年。这个牌子还是不错的。物流快，点赞。	每次买四件，这是第二次购买了，每件都有二三个烂的，不知道是在仓库压坏的还是快递压坏的，让我很烦恼，而且苹果?很多麻子点，这些问题足够它的不值，京东加油，不要学人家卖次品，搬起石头砸自己的脚	太差了，骗人的商家
伊利，蒙牛，旺仔，爽歪歪，营养快线...各种奶饮品成功被我俘虏在办公室抽屉里每天乐哈哈地允吸着！	第一次在京东上面买水果感觉包装的特好，一点都没有坏物流也特别快不到一天就送达了。苹果酸酸甜甜的口感很好。	不带摄像头，无线网卡的驱动还要到官网上自己下载，比较不方便，希望这方面更人性化一些	还是一般，在国内电脑品牌还是不错的，但和惠普比起来还是有距离，左手地方上网和读优盘都比较热
很脆很好吃，为了凑单又一起买了一盒山竹和两盒芒果，都有冰袋和保鲜盒，装的非常新鲜。早上下的单，下午就到了，非常快。买了n多次了，还会继续买的	什么破客服，说了换地址，立马不换，从来没评价过，第一次评论，操立马	一个字烂，两个字太烂，三个字非常烂，好差的苹果，第一次在京东上买到这么差的东西，商家太不负责，句句属实，苹果又小而且还有坏的，肯定是去年的。强烈建议大家不要买。好气！	开始下单时说是22号到货，可是直到23号下午才送到，垃圾产品，假货，我要的是32G的，收到后发现只有26G，再联系商家怎么都联系不上了，发信息不回，太垃圾了！差评！差评！差评！
小且轻，放在背包里就跟背一本书查不多吧，白色感觉很干净，上网速度挺快的	不新鲜。。。。。。。。。。。。。。。。。。。。。。。。	开关翻盖声音好大，没用多长时间，声音越来越大了，还有，要看时间时，外屏亮灯的按键总有失灵现像，按半天也不亮，现在已经习惯开盖看时间了。还有电池松，还是新机呢，就已经松了	坏了一个，送给朋友的，这脸全是丢大了
虽然一直不怎么支持蒙牛这个牌子，但是优益c味道还不错~~	"房间温馨小巧,酒店整体设计很有情调,离步行街很近,购物,吃饭都很方便.如果下次去苏州,还会选这个酒店."	还没开始用，闻着味道很好，很香，希望大品牌不要让我失望	由于快递包装的原因，导致洗发水流出去好多！无良的邮政快递把胶带从洗发水瓶口一直扯到瓶底，以至于洗发水流出去好多，第一次在京东购物就遇到这种情况，真是伤不起啊！那么多快递公司，为什么选择和邮政合作，唉！
很喜欢！！买给男朋友的，正合适，质量也很好，不掉色~哈哈	价格挺便宜的，给家里的老人家用来看电视，挺不错的	第一次买，送保护套。第二次买就啥都没了，物流还超级慢！！2.9号下单，2.17号才收到！！	用完掉头发很严重，便宜没好货，家里到处都有我的头发，以前根本不会这样， 我同学很久没见我，看到之后竟然问我最近是否经常掉头发。就是从开始使用者沙宣 开始 掉这么多头发的头发的。 我自己也有发现。 第一次给京东差评。
欧式简约装潢，有飘窗，可惜周围全是楼，大床是2张小床拼成的，可以看出小床很小，羽绒被、枕头，在跑马地住宅区，比较安静，周边超市、洗衣店多，餐厅一般，出门不易打车，有免费bus到时代广场等地，有收费机场穿梭巴士	杰出企业的标准是什么呢？三个力：影响力，能够成为一面旗帜；生命力，能够经受住死亡考验；贡献力，能够给人们带来幸福。中国蒙牛董事会主席	为什么一定要6个字，信不信就因为这点给你个差评的	太二逼了吧，这点小事都平不了。客户受损失你应该赔，客户诬告你亦应该反告ta。看这意思人家没诬陷蒙牛，是你们一毛不拔。关键是失职 ，废物 这意思就是说，你爱咋咋地，死了活该。。。
好呢好，喜欢	口感不好，有点康了。还小，没有自己从水果店买的好。希望商家诚信经营，能图片保持一致。谢谢	携程一次次的失望，我预定两个豪华单间，给我两个普通标间，这差价补我吗？房间桌面留有污渍，恶心，设施陈旧，没办法才住此酒店。	这是我见过最烂的手机，没有之一，昨天刚买，今天连机都开不了一直重复开机画面，不是华为差，而是京东的门题，假货太多。唉
系统流畅上网速度快音质不错看电影不错软件多不错的平板屏幕清晰触屏很灵敏很漂亮	已经第二次买了。老公说穿起来舒服很好看很喜欢，让我再买一条。好东西才有回头客。夏天再来买夏款的。	#玩味新茶道#在茶与美食中游戏娱乐～～ 玩得很high呢～ 感谢中粮和蒙牛的活动～还要感谢队长的辛苦组织～@野猫醉了	海景套间很不错，离海很近。服务也很好，就是卫生间的地砖是不防滑的，地上有水就要小心滑倒了。
价格比同配置其他牌子电脑贵些。 装XP比较困难，因为SATA盘芯片驱动比较怪。	酒店服务一般，卫生间马桶充水声音大的吓人	快递员语气恶劣	差评，洗发水漏出来大半。马上京东钻石会员了，在京东买过这么多东西最差的一次体验。能给负分吗？
这已经是第N次入住国贸了，感觉还和以前一样，干净、舒适。前台小姐虽然换了一些新面孔，但热情依旧。早餐比以前似乎增加不少品种，卫生、可口。地理位置好，打的方便给我出行节约了不少时间。	做工扎实 外观也是比较适合商务人士 这个价钱买到这样配置的商务机还是有很高性价比的	第一次帮老板预定这家酒店，老板反映还不错	差，非常差，一颗星是给物流的，够快。苹果没有见过这幺小的。没有再差了
已收到，去年买的x1，今年丢了，这不又买的2代	如果你是负面想法很多的人。那么看这个可能有帮助。如果你本身就知道这个世界看开了就好那一种，那么这本书甚至有点弱。。。。	衣服质量不好洗了一遍就皮毛，衣服有点偏小！	过分，怎么书面都是坏的．怎么烂书都卖？对当当网的好印象都下降了．
宝贝到了，洗完头发清凉很舒服，夏天必备清扬薄荷味洗发水。最近一直在?东超市购物，??买东西的确很方便，当晚下单第二天就到了，都不去超市了。商品都是正品，好用又实惠，?东超市值得信赖。物美廉价，快递很给力。非常满意，用完还会买，五分	"交通很便利,到渔人码头和港澳码头都在步行的范围之内.CHECK IN和CHECK OUT的速度都很快,房间属于狭长型的,还算蛮大的,尤其喜欢那个宽敞的卫生间~~~"	小，根本没有80mm，常温放几天味道就变陈了。	昨天下的订单 今天到的 发现京东降价100 与客服沟通保价无效 正常拆包装以后基本上不可能满足京东的退货政策 非常不愉快的购物经历 而且客服的态度不好 以后考虑要不要继续做我的京东金牌会员了 真实的经历 给大家一个借鉴吧
第一次买安卓系统的产品，参考了好多意见终于定下来了，整体来说还不错	"景观不错,早晨醒来在床上就能看到蓝天白云,脚下是缓缓流过的江水,感觉确实不错.补充点评 2007年9月13日 ： 距离汽车站不算远,但走路过去也不算近.酒店附近没什么吃的."	物流慢！送货员慢！包装盒坏了	对宽屏不了解，现在用起来极不舒服；上下距离太窄，宽度又太宽。只相当于12寸的屏。屏太亮，而且改了设置后只要重启就又要改
好吃??，下次继续购买，很好的体验，物流也很快	用着还不错。到现在才评价。感觉到就是平板分辨率低了点，其他的都不错。	快递很棒 东西一般	"我要修正,是五星的.可怎么也点不上."
最恶心的就是，明明买的是服务。就是看着派送及时买的，标注次日达的商品不次日达，说什么要按照最慢的商品派送。平时买东西你们给拆单拆的乱七八糟，需要及时派送的时候，不拆单了。做不到次日达就别写呀，要按照最晚派送时间送，你就该标注清楚，这算不算欺骗消费者呀。	这是我这一年内看到最差的一本书，我用不到2个小时看完（我实在不愿意在这本书上浪费太多时间），很遗憾，没有收获到任何内容。书生唯一提到了一点有用之处就是告诉有钱人要向西方富翁学习，懂得回报社会。公平是什么？在这本书里是所有问题的答案。是一万能解决办法。这陷入中国传统文化的结症“循环论证”。如果公平是解决问题的办法，那也要深入的讨论如何去构建公平，如果去保证，那是社会学关注的话题，是管理学讨论的话题，不是公平二字可以解释得了的。如果说作者本人应该是一个非常厉害的人，了解他多年的经历就能知道，他很了不起。但这本书真的很一般，炒作嫌疑非常大，这本书在当当有几百条评论，我感觉其中有相当多的评论是假的。另外这本书的定价偏高，这么小的一本书，33块钱，不是有点贵，是很贵。建议不要买。	广告插播还有蒙牛的，看着就来气。抵制什么日货，你们连蒙牛这祸害人的玩意都抵制不了，还抵制什么日货。	这是我网购以来最最最差的一次！其他不评你！你们大家懂的
淘宝大件也不错啊！东西装好了  非常好！节约空间的好东西！安装方便快捷！  六个字来评价&rdquo;非常好&rdquo;	在郑州，长城饭店算是性价比很高的了，中西早餐很丰盛，房间也还不错，记得一定要订豪华标间，比普通标间只贵10元但房间大多了，不显得憋屈。在高楼层看郑州夜景的感觉很棒。不足之处：1。没有停车场，车都停在路边，车位少。2。淋浴的热水不好调节，稍动一点点水温就发生巨大变化，不容易精确控制温度。3。空调确实比较吵，有可能影响到休息。	和我。在店里面。买的完全不同，不好	东西没问题 你麻痹京东我的手机还发不发货了
三星级的硬件，五星级的服务。服务真的没话说。离解放碑还是稍微远了一点，没有想象的近。不能用走的，还得打车。打车到只要5块钱。地段设施也只是过得去，但是它的服务能让我们两个在外面漂泊了一个多礼拜并且饱受重庆插头司机拒载之苦的异乡游客感动得惊天动地。细节决定成败这句话真没错。首先，凡事打车到达酒店或是从酒店出发的客人，门童不但负责开门拿行李以外，还会及时将该车的车牌号抄在一张小卡片上交给客人。以防客人遗失物品在出租车上。（貌似重庆插头没有给发票的习惯）酒店check in的柜台是低柜，客人和前台小姐都是坐着得，感觉非常亲切。虽然是自助早餐，但是你只要对服务员说一声你要的鸡蛋是什么样的，保管五分钟内热乎乎的给你端上来，而且绝对不会搞错老嫩单双。自助早餐的质量也比我们住的成都的一家类似价格的号称四星的酒店好多了。房间里的拖鞋是那种厚厚的棉质的，不是纸头做的一次性的。卫生间里配有可收缩的晾衣绳。洗手液取代小肥皂，外加一包手洗洗衣粉。对出行有任何疑问只要致电总台就能得到详尽的答案。我们的古怪问题包括附	环境一般，只能作为换乘飞机的另时休息。	装xp，驱动盘里面的驱动不全。需要网上下，还有就是屏幕亮度不能调，声音可以的。不知道是不是驱动不对	明明拍的加绒的，发来一件没加绒的
洗完头发特油，一点都不好	线头一大堆，不值这个价，跟路边摊压箱货没啥区别	什么商家，这么大意，把码数发了那么大，我要30码的，给我发了33码的！真是坑到家了，穿上大了好多	服务超级差，提前预定的酒店，也在网上付了钱，服务员还打电话通知不管是否入住，这钱是不退的，坐的夜里飞机，凌晨两点到达酒店，前台竟说没房！没房！这是什么服务水平？又给联系了远处的酒店，打乱了第二天的行程安排，差评，差评！酒店从头到尾都需要管理，言而无信
店家态度棒棒哒，物流速度也是一流啊。宝贝收到了，给男票买的，他说料子很好，穿起来很舒服很好看。下次还来哦?	这手机买回来下一个片就给我卡了，屏幕一闪一闪的可以用来当闪关灯。开机后又正常了，只要不嫌麻烦买这用来看片很爽。自从有了闪关灯这手机比我想象的功能要强大很多。闪后重新开机而已我可以接受就是麻烦了一点。这个闪光灯功能每次要是有规律一点就好了，一天天的琢磨不透。再改进一下每次闪不要重新开机就更加优秀了。鉴于你的这个功能没做好我不能给你满分希望你们继续努力。	预定的永远是安排最差劲房间	垃圾物流，回来苹果全出来了，以后不买了，垃圾
好东西，支持国货，等有钱啦还买一个大一点的。	比较看好法国红酒进口原版小牛皮搭配的	京东现在越来越抠门了，运费方面越来越不好，现在当天三点前下单还要另外*运费，以前是*免运费，现在都是满*才免运费！！！五星是给快递员的。。。	坑啊京东，我买的80的 60 70大部分，并且都有伤，骗人
"很好的酒店,床很大!卫生间的设计很好.很有艺术性!感谢入住两天那位男服务员对我的帮助谢谢!!"	第二次京东上买苹果?，个子不均。?大小，不过口感不错，很甜，也脆，还可以，下单直接到家，速度，给快递小哥10086个赞?	在四川广元，这种酒店算不错了，在当地也是最好的了。早餐也很丰富。不足在于房间地毯太旧，房间隔音效果也不是很好。	订的单人间，房间不大，隔音效果不是很好，可以听到隔壁说话的声音；房间里比较昏暗，但还算干净。旋转餐厅还不错，吃饭时心情很好。房间里没有吹风机，打个电话，服务员马上送来，态度很好。结帐时前台表情冷漠，不如check-in的态度好。补充点评 2008年7月10日 ： 门童服务超级差劲！我一个女孩子提着大箱子，他看了一眼，什么也没说什么也没做就走来了，令人心里很不舒服！！
裤子收到了，迫不及待的拆开了，裤子不错很好，以后在买的时候还来这个店，祝老板生意兴隆	质量不错！和图片一样，重要的是没有味道，这个是我最满意的	一口气买了7件，这个夏天应该不用再买衣服了?1	位置有点偏，不过在京城4星酒店中，此店的价格也算合理。入住的几天，泳池不能使用，失望呀！没有港台及欧美的电视频道，又失望！不过没有夜间电话骚扰，也算难得！附近有欧尚卖场，购物算便利！
看完后不仅对中国以前以及现在所在进行的改革有了新的认识，同时也对社会和生活在这个社会中的人有了新的启发。很多事情不是我们所左右的了的，时代造就了很多英雄，同样也湮没了很多人，我们生活在这个时代，这个社会中，最应该学会的就是顺应时势！不管你做的是惊天动地的大事，还是过自己安稳的小日子，要想过的好都不要违背时代发展的趋势！	晕了，去超市看了一下结果和超市的价格一样，这也算是做活动呢？	介绍里的耳机机器里没有，不知道是不是二手机器，跟客服说话也没反映	你们说说这怎么让别人喝，刚吃完早点看这个，恶心，想吐！再也不支持蒙牛了 @消费者投诉
房间很大，环境不错。云台山风景也好的。就是当心遇上非正规导游的：（	我当年就想IBM的公关有问题，一条丑闻都没有的结果就是内部腐败的日益严重，和蒙牛今天一样。媒体失去了该有的监督和约束。	很严肃得投诉包装。请看晒图，如此漠视顾客。没有塑封，没有气泡膜，基本的防震都没有。再不改进，砸的是自己的招牌。请参考*超市包装，看看人家是怎么努力提升顾客满意度的。如此下去，不要说没有回头客了，连新客都会望而止步。请重视这个问题！	住了特价的房间，实在是差的没法说了，房间小得完全出乎意料，像个剩余的角落留出来的空间弄了这么一个房间。还有停车场，实在不方便，而且地下三层，而且非常的陈旧，去停车场的电梯怕怕。第一次遇到这么差的停车场。下次不再去，永远也不去。
一次无意中看到这本书，成为那段时间每晚睡前必读书。书中有文字介绍更有插图事例分析与提示，是我看过的所有书籍中最为体现“以孩子为中心”的书籍。因为觉得非常好所以就为班级全体家长推荐订购了一本，不仅我认为好，大家也都觉得好。建议有孩子的家长，幼儿园和小学老师们一定要看一看哦！或许它能帮助大家重新审视自己的教育观念与行为，并为您孩子的成长一定会有相当大的帮助的。	物美价廉，性价比高，值得购买，就是有点色差，颜色偏重。	这本书是女儿点名要买的，我都不知道原来他们班级正在流行看这个的，她指着一瓶饮料上的广告告诉我的，因为外婆在书摊上只找到关于这个游戏攻略的书，所以只能我给她上网找了。买回家自然很高兴，书一直被带去学校差不多已经翻烂了，因为女儿喜欢所以给了4星，如果是按我的话可能只有1星了，因为这本所谓的游戏迷宫书真的不怎么样，如果真在书上玩迷宫的话会伤害眼睛，字体排版设计不合理，就光看看图吧。哎...	差得很，返修都不回复！！！！大家注意了
收到宝贝，卖相不错，我手机一直是华为，本来想买果板，后来才想起来我大华为也有板子啊，支持国产，华为品质有保证。就是配送包裹里没有保护措施，很诧异，怎么这么草率就打包了呢？	买蒙牛属于自杀，其他品牌顶多算误杀	不是很好 清晰度极差 用了一段时间就失灵了，无法静音，也无法用最大的声音 不是很满意的	根本就不好，买来不甜也不新鲜，我女儿都不要吃的，直接放烂了
烟台苹果确实是最好吃的苹果了。	裤子质量好，面料不错，穿着好看	还可以吧，换换口味夏天不能老吃西瓜	冲着品牌买的，一点都不好用，用过后又痒又起头皮，差评
汇特蒙牛还是很不错的哈～下次还来@jing忘忧草	地理位置不错，房间环境也可以，洗衣速度快，值得称赞，唯一不足就是装修期间，很多楼层乱乱的。	开始还担心其他评论上的问题。结果到货看到包装什么的还是比较满意的就是。 箱子密封不彻底胶带被剪开过 不过东西没问题。就是不知道以后怎么样。玩了一上午王者农药。后来哪些7p都感觉好小	买了5kg，发了两箱货，目前只开了第一箱，里边共9个苹果，吃了5个有2个是烂的，不是外边烂，是从苹果核往外烂，差评~~
音质不错，很好，屏幕也很清晰！很喜欢！	还可以，第二次买了，京东生鲜还可以，但有一个坏了	我原地小复苏后我妈问我喝的啥牌子牛奶？我说，德国得。我妈说，你看吧，国外病毒更可怕，直接整中毒，都找不到赔偿，还不如喝蒙牛呢！	购买29的裤子小了、换30回来一个样、只能说悲哀啊。
系统流畅，外观大方！	"1.外观简洁明亮,机身流畅自然.2.支持红外线无线传输3.机身有4508K的总内存,应付JAVA的游戏扩展,应该是够了."	质量好，包装好，果甜爽，几好几好	这个商品特别特别差，有赠品也不给
宝贝很好，价格也很合适，好评。	我是今年五一的时候去的，感觉还可以，餐厅也不错，服务也很好，受感动最深?	比超市都贵！买前没对比，想退货还得付运费！算了，以后得多看看	太垃圾了，头皮屑越洗越多，头发越洗越掉，不是这个洗发水不行就是假货，大家慎重考虑，别买
三星完美屏，三星内存，西数硬盘，电源适配器挺小的，我装的番茄XP，暂时还没黑屏现象。	京东描述带手机卡的分辨率是1920×1080，结果只有1280×800，多花这些钱不是为了能用手机卡，就冲着这个1080的分辨率来的，坑大了	不好不好很不好！！！	不好不值那个价格
做工很精细值得信赖。颜色也是我喜欢的，这是我很满意的一次网购。谢谢客服的热情服务。因本人害羞就不发试衣自拍照了	一直信赖京东，好东西赞一个！	挺好的，速度快，昨下单今天到货，期待使用	不错，用着很合适。
没有第一次去舒服	用了大概有小半年了吧 现在已报废?不怎么耐用	开箱就发现居然是开了封的瓶子，要不是嫌麻烦就退了	苹果又硬又难吃，一点都不香，水分少，酸得很！    很可能是化肥用多了
到货很快，包装完整，应该是正品	是我读高中的时候，美术老师推荐看的书，其实他有一个系列。我还在慢慢收集呢。因为已经没有出版很久了。这本书，适合那些对社会问题有看法，或者你是对人类行为、人类发展感兴趣的看。一开始，吸引我看他的书，是老师在课堂上说的一句，为什么两个感情好的人会越长越像，连某些小动作都一样呢？ 作者的书就有写这个问题。其实，很多我们既定的一些理所当然的行为，在书里面都找到一定的解释。	酒店地理位置很好。但设施有点老化了，浴缸的塞子拔不出。床上的席梦思也太久了，睡得不舒服。餐厅服务员态度很冷淡，见不到笑容。	用过后头皮奇痒无比，还有头皮屑，老人说肯定是假货，以前在超市买的完全不会这样
第一次用华为，屏幕好音质一般！	"没有大家说得那么好啦.感觉有点太牵强.也不是很容易帮助记忆.我都是学英文得了,也觉得难,更不用说没有学英文得读者了,我想."	房间还可以，比较大，但是临近马路，早上被车辆声音吵醒了，还有就是桑拿浴室不好，洗了一次澡，我和朋友损失200块钱，怀疑那里有人偷钱，如果各位朋友去，千万不要带现金。	尽管近来酒店的价格上涨了许多，但因离电视台较近，已经住过许多次。而最近这次酒店的做法非常令人气愤。7月25日我因是下午3点的飞机去上海，中午在房间休息没有注意到时间下楼结账时是1点钟，前台服务员非常不客气地讲因为系统是自动计算的我这天的房间是按照1.5天结算。无论怎样说明都无济于事。更加令人气愤的是结帐后饭店帮我叫出租车去机场，司机根本不打表硬要120元才去。明明去机场最多不过80元。这样的酒店服务连2星都不如！！！！！
裤子质量非常好，穿着也特别舒服，老婆说裤子没买错真的特别喜欢，下次还会光顾的。	1、完美屏，无坏点；2、音响效果很棒；3、外观漂亮，很有面子；4、散热很好，再加上九州风神N15的散热架，不错；5、装了XP，跑起来飞快；6、接口丰富，超乎想象，连少见的红外接口都有；7、没什么可说的了，希望联想能够替国人争气，不要辜负大家的期望和支持	第一次用这个 效果非常好 日期也新鲜！会长期用去下，快递也恨给力！	垃圾中的战斗机，一穿及坏！赶紧是全麻的，和粮站麻布一样粗糙。
非常满意的一次购物，物流快捷，包装完好无损，非常的新鲜可口，好吃，活动价格非常满意，五星好评！	非常超值，价格还比现在优惠，然后包装很好，次日达非常方便。	这个不支持电信卡的 买的时候没看清楚 不过用着还挺好的 颜值也高	一般一般太一般了。
苹果收到了，我必须说一下，真是好，我姑娘回来就干掉一个，水分多，很甜！关键是很新鲜！开始还?点担心会不会有烂的结果担心是多余的！送货超快！服务棒！信赖京东！	我们是从银滩的酒店住宿后，搬过来的，所以这个酒店虽然离银滩远点，但是也没觉得什么不便，每天去玩海也没什么意思。嘉莱总体的设施不错，比银滩那边的要强多了，舒适、宽敞、干净。我们住的是两室一厅的套房，才300多，总共有三个电视，中央空调，客厅、厨房都跟家里一样，床很大，如果要都住满，至少可以住四个人，大床有1米8，另一张有1米5。美中不足的是，厨房里尽管有微波炉、电饭煲，但没有餐具什么的，有点形同虚设，要不然可以去买点生猛海鲜自己煮来吃，更有意思。酒店里的室外游泳池挺不错，循环水系统，干净且人又少，大人、小孩在里面都可以找到适合自己的水深区域，有救生员，比较安全。以后如果有机会去北海，还会考虑住这里。对面的海鲜大排挡不知道什么原因，会人那么多，露天里吃，卫生也不咋地，问了一下价格，还没嘉莱自己酒店的便宜，还很拽。后来我们吃海鲜就在酒店餐厅吃，做得好，也干净。嘉莱的早、晚茶挺好，规模很大，也很实惠，跟广东那边的差不多。	屏幕上一点点小瑕疵，可以忽略； 包 杀毒软件都没有，也许是特价的缘故	酒店设施太老了，下次不会选择这家酒店了！不如锦江之星
如家，一贯的风格，房间也是这样，怎么说，如家的价格还是比较实在，在上海住店，能干净、价格优惠就行了。。。	我是3月18日入住的，住了4天，宾馆是在一个小区边上，基本上算是一个小区的楼改的宾馆。门口有一个高高的台阶，大厅很小，根本不够三星酒店的标准。但房间还是可以的，全木制的装修，勉强可以。点餐贵的要命，一盘蛋炒饭敢要14一盘，一份炒菜基本都在38元以上。早餐更差了，我8点就餐，基本就我一个人，入住率很低。我住的是188的豪华单间，结算的时候才知道，单间的门市价才198，只便宜了10块钱。每次打车司机都说188的价格偏高了，实际常来的能到一百二三。	飞机声太大，隔音效果不好，太吵啦	洗发水质量不太好，本来没有头皮屑，洗一洗反而有头皮屑了，怀疑是劣质产品。。。
买完就降价 太恶心了	上午*下午*送蓝牙键盘，我只收到裸机，没有键盘，申请补发，客服让提供截图，难道我们每次下单都要防贼一样吗！	这次买的苹果真是特别无语，坏了得大半，外面看着好好的，里面都黑了，儿子吃着吃着就坏了，时间长了的东西就别再欺*消费者了呗，还搞什么秒杀。这次真的特别失望。	昨天下单，今天降价300，京东的价格波动我也是醉了~~~可以选择退货么？低分不针对商品...
花园式酒店，很安静，里面都是一幢幢矮楼，没有电梯。订了经济标准间，免费升级到了行政间，房间设施很一般，不过还算挺干净的。房间送水果和报纸，服务非常好，无论是门童和前台服务都很好。	这酒店真的不错，入住那里很值得，不过唯一不足的是周边环境还不完善，离市区远点，不过有车就无所谓了，现在这房价能住这酒店我觉得打5分完全够格。	沙宜比海飞丝贵一点，不知效果怎么样	"仔细的阅读了前几章,失望.对这种只泛泛而谈什么?女孩子要现实?的论调很反感.实际操作方法倒一条也没有.举得例子也没什么信服力,都是自己编的名字和故事.总之~~~以后不会再买畅销书榜上所谓人生真谛类的书籍了人,没活到进棺材,谁也别说悟透了人生."
关注很久，老婆用下来不错。自己也整一台。	"1、其15mm的机身厚度设计无非是京瓷KZ860最大的优点，宽大的按键设计也不失手感和质感。 2、可视面积达2英寸且高分辨率为128×160像素的65,536色TFT显示屏，更突出在各种色彩之间的过渡和层次感都相当圆滑和丰富,整体画面逼真细腻，屏幕的色彩艳丽，光泽均匀，对于阅读文字、欣赏图片时都极为悦目。 3、2.8M内存容量可以让你的手机变得更具有个性化，轻易地管理京瓷KZ860内所存储的文件，并可实时查阅文件的大小和做出删除，大大提高使用效率。 4、内置35万像素CMOS带闪光灯数码摄像机，3阶4倍变焦,摄像功能相当具有人性化，非常贴心图片编辑功能。"	衣服面料比地摊货还差	系统不流畅，各种拖影，游戏呵呵，玩俄罗斯方块没有拖影很流畅，最主要是居然什么配件都没送，拿过来那么大一盒子，就装一平板，呵呵，朋友还问，送那么多东西啊，呵呵，就一块平板，支架都没有，看视频手扶着，皮套不用想，总之，产品一般，服务差评了
不过确实要指出的是，我对“大叔”这个称呼很雷...T_T	我们住的是8号五星楼，总体来讲还可以，服务还有些欠缺，退房是时间太长宾馆反馈 2008年5月6日 ： 非常感谢您入住金陵溧阳宾馆 ，并通过网站将您的入住感受与我们分享。我们宾馆始终致力于不断提升酒店的软件和硬件设备，为客人提供良好的入住环境和美好的入住体验，您的意见我们已做过专题讨论会，对于退房等一系列服务已做出改进。恭候您的再次光临！	位置比较好，设施，服务 一般，早餐环境不好	什么玩意呀，第一次买的还可以，再一次的购买就像被调包了，整整少一倍的大小，非常非常的不满意，都想退货了。
山东苹果出了名的，甜又好吃，一直在京东自营买水果，价格不贵服务又好，以后还会一如既往购买，还能分期买，不用利息的，赚到了	"这酒店太旧了,大厅看上去还可以.房间的设施成旧不堪!卫生间的马桶真的都不走水的.早餐太一般了.要去入住的朋友要有思想准备,期望值不要太高.400多一晚说实话不太值!!"	"于山宾馆服务非常差,是我从未见过的恶劣.柜台动作慢,态度凶,脸色臭,房间没空调又冷又潮,餐厅更差.可能是政府公营,不在乎吧"	不说一些，直接差评，假的，基本的商标都没有，包装垃圾，就一个袋子盛着，裤子里面啥也没有，牌子是假的，店家坑人。
一大包，还没用，效果好以后接着买，做活动99元，比超市便宜	挺好用的，目前未岀毛病。	个人觉得这本书是作者对之前的书的提炼，总结。看完之后就知道了财商究竟是怎么回事。财商是几种能力的结合，它们是不可分割的，而不是莫一种能力。看完后你会对你的生活状况和接下来做什么有一个清楚的目标。如果你不满意你现在的生活，你想改变，那么提高你的财商就很重要了。从学习开始改变吧。希望和更多富爸爸粉丝交流！QQ：383161223（注明：当当）	这衣服也太假了吧，衣服商标和吊牌都不一样的
苹果收到了在保鲜柜里的，没有坏的产品，挺快的，可口很甜，京东自营值得信赖	满意的一次购物，京东的东西确实挺便宜的，质量也可以的，儿子非要买，原来的本让小偷给偷走了，值得购买	不错，很甜，宝宝吃的放心。    京东服务好，小哥很给力！！	不是很满意，衣服面料太硬了。
苹果每一个都很大 很甜 包装很好 脆脆的 很喜欢	苹果比较脆甜，口感不错，送货速度和态度都很好	面料不错，很薄很透气适合夏天穿，下次还来这家店。	说是19号送达，现在都21号了，差评。没有说法。
裤子非常好质量不错手感很舒服还不掉色还会再来的	这次是第二次住了，感觉属于干净、卫生、简单、便宜的那种。2年过去有了简单的“升级”，呵呵。就是卫生间改用马桶了~	京东速度很快，使用效果非常好。值得购买，可信赖。继续购买分量不够	我了去，太大了！给力！屌丝男士装13神器
是新机来的 放心购买	网络切换方便	看了之后比较失望，没有想象中的能帮助自己记住单词	蒙牛又出来丢人了
京东送货速度真的没说的，小年夜上午买的，下午就收到了，苹果包装很好，一个坏的也没有，很甜！	随机拿了两个吃，一个黑心且不熟，另一个勉强，其他不一定咋样呢！。以后水果还是不要网购了，	为什么没有耳机.买的时间不是有耳机	书不错，可我收到的一套中，第六本有两本，少了第五本，让当当换货，来回扯了好些日子，后来说给我们15元礼品券作为补偿，现在又过去几天了，也没见到当当的答复，也没收到礼品券。还有，我1月15日给朋友的小孩定了一份作为新年礼物，今天都23号了，还没有发出。投诉了，也没有回复。当当真的很垃圾。你要觉得你有理，你就别删！！！
刚到手，还没用产品，一起买了洗面奶，洗发水套装，护肤套装，洗发套装瓶身有点脏，使用情况之后再说；    必须要提的是京东的快递服务没得说，小伙子看我买了菜，又有几个快递，开着他的快递小车送我从小区蜂巢领包裹的地方送到了离我住的那栋最近的门，给个赞，继续这样贴心的服务，京东一定会越做越好的，再次为负责我们这片的快递小哥点个?	不好用，用了几次长头皮屑，我以前从来没有头屑，感觉像假货，还是资生堂的质量有保障	宝贝暂时还没拆。快递公司 态度极其恶劣！！极其恶劣！！极其恶劣！！让我很不爽！！第一次遇见！！！让我开始对京东有不满！！最不满意的一次！！	差评，苹果太差，没熟的，干的，磕碰的占了一半多。5块多一斤，真是一点都不值得。
本来只是想买《放大本大盂鼎铭文》的，突然看到这本，我有收集癖，于是也买了。买来之后，意外地发现，这本让我几乎一见钟情。字体更秀丽圆劲，而大盂鼎更多方、尖、肥壮之笔。不过书后附的吴大澂所临虢季子白盘铭文，笔道感觉更雄壮些，但还好，基本不走样，不像吴昌硕临石鼓文，掺入自己的笔意比较多。这本的装订也还好了，基本中间会留缝，除了前面两张原大铭文还是左右粘到了装订线里以外。	很好，很信任京东。	wifi 用不了，连接+短信认证，还是用不了，不推荐购买，后悔了。要的900给你	差。大堂浓烈的香水味闻着不舒服；隔音太差，大下午隔壁的叫声听得清清楚楚；车停在门口过夜要收40，前台没有提前知会，差。不会再住，强烈不推荐
目前不错，希望质量过硬，再追评	号码比实际号小点，大家买的时候买大一号的	太恐怖了 蒙牛厉害	一星是给快递的，东西还没用应该是假货，一开盖洗发水就往外冒，这是见过的最垃圾的包装，外边就这样可以想下里边的洗发水会好吗，太坑以后不敢在网上买了
新蒙牛、心蒙牛、新总裁，我们有信心做的更好！	在金府银街的背后，应该是由居民楼改建而成。上个月去住了次，本来订的是标准间，去的时候标准间没大床，给升成了豪华间，仔细一看就是个2居室。房间挺旧，但是很干净，一房里还有电脑可供上网。服务人员态度十分好，非常的客气。但是如果不跟他们提出要咖啡券和足浴赠券的话，是不给的。总的来说，作为一个商务型的酒店，除了旧点，网速慢点，还是可以接受的。	自从给娃儿买了蒙牛的冠益乳，他就对昔日喜爱的花花牛黑加仑酸奶熟视无睹，矮油，亲爱的宝儿你还真识货类，啥贵爱喝啥啊！	不知道为什么和别人的包装不一样，很简陋，感觉不像是正品
苹果很好吃，同时也要为快递员点赞，快递十分的负责	感觉很好，客房管家的留言很温馨，下次到石家庄的话，还会选择这里宾馆反馈 2008年8月4日 ： 感谢您对国宾大酒店的认可。我们期待您的再次光临！祝工作生活一切顺利！	这家店比市里的莫泰态度上稍微好点，不过房间也很小，住在里面不是特别舒服。服务员多数是生手，明显就不是很熟练的员工。我想也许压缩成本吧，莫泰也只能这样了。一夜情专用的旅馆，为的就是图个方便，快，他们也不指望多少回头客的。	超级生气！太不靠谱了！买了二箱苹果，居然一箱有7个磕伤或坏的，另一箱有3个坏的，想退货还不让退！说是生鲜食品不可退！下次不会再在京东上买水果了！超级超级火大……真是一星都不想给
京东生鲜好，苹果甜又脆，女儿说好吃	苹果不错，京东购买方便快捷，没有坏的，质量可以。	1.电话线、网卡接口处没有状态指示灯； 2.没有提供网线网卡、喇叭的手动关闭开关（必须使用Fn组合急键）	不是粉的，是脆的，而且味道太差，不好吃，比起一般的富士都要难吃
这个苹果很新鲜，也很好吃，非常脆甜，大家可以买回来试一试哦。	还不错，看视频挺清晰的	东西价格还不错！ 现在装了XP，有谁能告诉我哪有下载键盘上控制蓝牙和其它的控键的驱动在哪有下载？下了几个都不能用。	东西非常垃圾，太不清晰了又没有介绍早知道就买苹果的了。
手感很好，穿上很舒服，大小合适，款式漂亮，值得推荐。	收音机功能效果很好	不怎么好！容易发热！只有1.多g的可运行内存。分辩率低。摄像较差，好像以前按键机摄像头一样。音质还可以	窗帘破旧，早上阳光都遮不住，地毯起码几十年破旧又脏，房间装修都很老，早餐东西只上一次，从不续餐，很多人8点过来全都没了，女儿125瘦瘦的非要额外收15，就算吃也吃半个包子饱了，两天都4个房间了，住到现在从来没有哪家酒店早餐还要收小女儿钱的！
第一次在京东上买苹果，很好不大不小，有点脆有点甜，好吃好评	好好好，好好好，好好好！好好好	帮单位同事买的 就是颜色跟图片有些不同	这东西分辨率真的好差，音质也很差，估计是便宜的缘故吧！目前用起来倒是不会卡，不知道后期会怎样？
好吃，很喜欢，，活动好便宜！！！	说实话，非常喜欢，这个是送给客户的，之前送的苹果派的，但是不能拷文件，自从找到这款，物美价廉，经济实惠，很喜欢！！！买了好几个了	给公公买的，能玩游戏看视频就可以了，价格优！	你看看这怎么看电视看电影？我凑 什么玩意儿？
四星级的酒店不错的，服务态度挺好，不是免费提供三餐，只是10块钱一份而已。房间干净、舒适，下次还住这。	要说蒙牛娃哈哈都是分销高手，但是奶粉和一般快消分销还真不一样，终端操作更复杂！	续航不行，屏幕也有问题，玩王者荣耀多触控失灵，按着方向放不出技能。我一般买东西都是用一个月后再来评价。	卖了两个，一个运输损坏了，都一个月了，现在钱没退，东西也没了。就这样的信誉和形象。还是回家吹泡泡去吧！什么时候京东也这样让人失望了。
"很不错的一家五星的酒店,房间很大,设施也很新,重要它的位置在金融中心,去哪里都很方便,以后会考虑再次入住的."	很好 房间很好 位置很不错 以后还会入住	太薄了，根本就不暖和，这也叫加绒啊？失望。	不能再烂了！好意思是五星级！唯一好在城楼式的门面和大型的后花园。房间一股霉味，床单被套也是，差点给熏晕了。实在忍受不了，只好开窗睡。。。除了味儿，还脏，地毯墙面，包括房内设施都很陈旧了。本来以为是因为高级房的原因，结果去了德国同事的豪华房，一个样。最让我忍受不了的是，枕头上的一大块黄斑，房间灯光暗，晚上没看到，早上才看到的，心有余悸。。。住过的史上最差的五星酒店，没有之一！
"苹果送到了,非常的好，速度很快，打开就迫不及待了看了一下苹果，真的非常的好一点都没有坏的，我洗干净了，吃了一口，真是酸爽的不得了，好吃，没有像其他朋友说的什么烂苹果，也真的辛苦，快递小哥了，今天下这么大的雨，还给我送了不到十个小时的时间送货，就说给我送到了京东快递，真是没的说赞一个哈哈哈，哈哈"	昨晚十点前下的单，今天下午就到了，速度够迅，不知质量如何？用后再评	太稀，有一支瓶身脏脏的。最近用老家地址购买的发票两次都没提供。	不满意的一次购物，卖家不好不好
蒙牛新养道真不错，这款适合女性。	苹果估计把最小的全部放在一起了把	洗头发效果不好，之前使用海飞丝没有头皮屑，用了潘婷后就有	我又一次用我的肠胃证明了伊利是不能喝的，目前只测出了蒙牛和伊利是有问题的。在不加热的情况之下，这两种牛奶连着喝3天，每天200毫升，我绝对会拉肚子，无例外情况。是我太脆弱了，还是真的伊利和蒙牛还存在问题
用过了一段时间了，超级好用。是买给妈妈用的，看视频斗地主玩微信，杠杠滴	用了一段时间了，很不错，女朋友特别喜欢！	有摄像头。也不算很重。总体满意，驱动都没有装，ghost xp 雨林木风9.9全一键搞定。就是原来的系统是vista现在是dos了。	之前买的时候显示有赠品，收到货以后什么赠品都没有。而且发货速度也慢，等了3天才给发货，要不是催催，估计不知道什么时候发货。
款式不错，质量很好，没有色差，尺码标准，很满意！	此书算是一本论文合集，对于中国古代甲胄的介绍尤其详细，包括从原始社会到宋朝。里面对各代甲胄的特点、材料、制作工艺介绍得十分具体，并且配有表格及清晰的线描图，令我受益匪浅。对于武库、兰錡和胡床的考古发现我还是第一次看到，觉得很新鲜，总算明白胡床是什么样的了......可惜对于兵刃的介绍还不够多，但还是不失为一本内容丰富而的好书。	果肉不新鲜，还有两个发霉的，太差。	大厅那么大，里面十分糟糕！跟图片上看到的除了两张床是一样的，其它一点都不一样！隔音超差，毛巾异味，拖鞋坏的，早上六点施工就把我们吵醒，纱帐上破洞堵了卫生纸就糊弄人了，面积居小。这都没什么，主要是服务极差，开房慢退房慢，因为我们预约的是三点的车，两点退房，大堂里居然没有服务区，只有桌子没有椅子，因为下雨外面没办法坐，想要把外面的椅子拿到大堂坐不让搬，跟服务人员反映，爱答不理的，找主管让我们去开房！？退了房客人**不是。从未住过如此差的宾馆，性价比差，不推荐入住
买过很多次了，很甜水份够多，孩子非常爱吃！	1、高像素；在数码单反中，2、算是便携型较强的机种；3、电力强劲；内置闪光灯使用方便；4、LCD屏幕的塑料保护罩透明度高，	春节期间，朋友住了几天，杯子脏了不换，房间也不打扫，放在房间里的sk-ll的化妆水无缘无故没了。与酒店反映，也敷衍朋友一下，就OK了！对酒店的这种管理非常不满，客人住在里面也不安心！	上周家人过生日，看到送一年会员才买的。配送倒是特别好，很快就送到了。放假回家准备用，一看送的是过期一个月的。那还送个什么意思？写着玩呢？找客服问，客服让我直接评论在商品评价里。这解决方式厉害了
货品下单后，很快就收到了，大热天的快递师傅服务很好，很值得敬佩！货品外观也不错！满意，所以推荐！	从外形和颜色上判断N6203应该列为男性手写PDA手机，不过，在继N6201之后推出的N6203，功能和硬件都没有丝毫的变化，感觉有点遗憾。	不太如意！差别太大了！	"服务态度相当差,我接触到的上海宾馆服务多半是这样,可能这是地域文化吧(不知道这句话算不算不文明用词)"
本来想买独显的机器，可惜这款不是独显的，如果是的话就更好了。 不过本人也不玩游戏，平时工作娱乐都够了。	班尼路是该倒避了、衣服没穿两次就有个洞了。	让人感觉不干不净的，不愁客源的垃圾酒店但是赚大把钱的酒店……地毯污渍到处都是，房里味道较重，毛巾浴巾都很旧，房间内完全没有美式的三脚插孔，竟然完全无法使用电脑和充电！电视太小。。。早餐38，没有烤面包机，就一堆面包片撒在那里，没有炒粉或面…食物出品一般，可以吃饱，这点必须肯定！整个酒店应该翻新了，有损上海航空名称。？不过上海浦东机场的上海和东方航空柜台服务也是垃圾，托运行李排队半个小时，柜台人员散漫迟钝，面无表情，一句话都没有，还有不会操作托运行李的弄了一阵都无法完成，把旅客的时间浪费到无以复加的地步！！浦东机场的国内安检也是让人醉了，就开2个口，超过50排队，再来半个小时！！！堪比世界第一慢！！！！海马中午登陆汕尾，烟雨不断，航班延误到4点才飞，60元的红烧肉，没有美式三脚插口的休息座椅区………又是一次旅行的尾声，飞往温馨………平安到达，已是华灯璀璨……	不好，真不好
性价比高，机器做工大方，合金手托板，驱动程序好找，就是系统难装，	京东就是快东西也不错，就是在给个保护套就更好了！	故事蛮简单的。觉得我上当了。价格还是很不菲的	一星都多了，下单不到一星期降价2次，显示的赠品没有，卖家说地区不一样没有赠品，物流也不到门口，还叫出去接，门口修路了过不来，难道你比车体型还要大！提醒想入手的买家，下单前先咨询下地区吧?
很好！包装很到位！质量也不错！售后也好！好评！	第二次买这个苹果了，好吃，不错	嗯，不错，非常好，质量非常的棒。	说真的华为太坑了，我不明白这个牌子到底是怎么上去的。质量太差，还没怎么用呢，喇叭就听不见了，太垃圾
非常不错值得佣有，哈曼卡顿音质非常好，看电影电视清晰度高，可看2k电影。	我只想说非常的实惠，用的感觉良好，物流还不错。家用早晚是个买！	衣服不怎么的 不好	火龙果一点都不新鲜，焉嗒嗒的，浪费钱。
穿上很舒服 衣服不错 大小合适 质量不错	实力决定一切？当年大家支持蒙牛？	"房间设施可以,但空间偏小,客房电梯很特别(没房卡上不去),很适合某些人使用(偷吃).....前台服务一般...."	一个字，垃圾
来的很准时，感谢京东物流，这次靠谱了。苹果还未品尝，看个子不小，希望味道也能不错	东西包装很精美，送的东西也很实用！唯独缺点就是边框太宽，清晰度太山寨的感觉！华为这几年自己代表中国走向了世界！	就是京东降价太快。买的时候5199。没过几天居然4999了。直接损失200块钱。感觉本子像阉割过一样。分量很轻……	布料差的不能再差了，还不如地摊货30的那，真黑，
衣服可以，几个便宜，物有所值，买了几十件了，真好穿，穿上好看，根本不想脱下来，哈哈哈哈哈哈哈！	很好，不错，不错	"整体环境不错,离市区较远，出租车到火车站15快。我住南楼，298的价位跟房间环境比算贵。结账遇到很大麻烦，先说我用了付费饮料及食品。后来又说浴袍没了。通常大家住店都不会检查其是否存在。尤其是在四星酒店。"	再也不吃蒙牛的东东了。抵制蒙牛anything，又改日期卖过期产品 ，又发现石头在果料酸奶里。怎么这么没良心呢？
"有大把的时间,没事干;有大把的钱,没东西买,那就买一本吧,最起码能有个心理安慰,觉得有了它,就能掌握自己的20岁,规划自己的一生了。其实,看过之后,只会觉得,象是妈妈在你耳边絮叨了一番,什么用都没有,扔下了,反而清净了."	双十一买的，今天就收到货了，可以说速度是非常快的，就是不知道是不是正品，打开里面都漏了很多，换货又嫌麻烦了！	话不多数，不值这个价格，请慎重考虑再购买，买了当天晚上就后悔了，配送员服务态度挺好，给配送员服务一万个赞。	没收到赠品，没收到发票，找华为客服说查不到我的订单……伤心，下次多没有在京东买东西的欲望了，太欺负人了
长恨歌，我想王琦瑶只是追求自己的幸福，从李主任时是青春追求名利，康明逊时追求的安稳的生活，老克腊追求的晚年孤独的陪伴，只是她的追求都破灭了～我想如果程先生没有在文革的时候自杀了，也许晚年的王琦瑶就会愿意了吧，愿意只有恩情而没有爱情的陪伴了吧～很不错的一本书～王安忆说过，她笔下的王琦瑶代表的是一座城市～值得一看哈～	吃的我们凌乱了、、、、、、这个星期考虑不吃肉。真的太感谢 和他的母亲大人啦。还要感谢 的伊利和蒙牛。	外观太不好了，而且内屏太小了，键盘挨的太紧了，没有座充，太不方便，上当了	很小很蔫，也不甜，就三颗26.9挺坑人的，没想象中好，特别不值，上当啦……不如去超市现场挑着买
1、外观设计非常有创意，手机的外壳材质采用独特的柔软质地，搭配起来感觉极佳；2、200万象素的摄像头，无与伦比的拍摄效果，对色彩的还原很好，照片效果不错，作为moto的第一款200万象素的机器算及格了。3、QVGA屏幕显示效果非常不错，看起来很舒服。4、Linux操作系统稳定性和易用性两方面比其它系统强，手机中内置的软件能满足大部分商务人事需要	与同买的汤姆系列，这个一直搁浅，感觉很乱，没有故事情节。3岁3个月男孩，不打算再买此系列的书	之前买过一次还挺好的，这次买的。。。。80MM?感觉是在碰运气，啥也不说了，看图吧！大的果子就一个，其余全是小的！！	说好送的手机保护套呢，怎么没送？打了好几次客服，最后说那天没有，但我亲眼看到页面说有赠品的。京东不会这么忽悠吧。交涉几次，客服说给*元代金券。哥给你说，我不需要*元，我需要的是诚信。下面是我的截图。请大家购买时多加注意，不诚信，就不要去吊他！！！
不错，没有色差，布料剪裁很细致。裤子和期待中的版型一样。主要还显瘦！！！	面料不错 暖和 弹力很好 一分钱一分货 很值！！！	京东自营的，应该没错，不知道怎么样，试试看看！	??宏辉果蔬 苹果 烟台红富士 12个 单果约75mm 总重约2.1kg 新鲜水果    连削三个，完全不甜！苹果也是面的，不是脆的。失败的购物。
已经多次购买了，确实是性价比很高。不错。	不错的一款平板，指纹解锁超快！屏幕比例适合看电影，玩游戏也还行。	一箱12个还是不错的，买水果一直都在京东上购买	外观时尚，配置还行。东京送货很快我10号下午定的货还是分期付款的，结果11号上午就送货了。
"周六到西山去采橘子,路过这家酒店的时候就觉得应该不错的,采好橘子回来天也晚了,就临时决定住在这里,因为到了他们家门口才通过携程预定,大堂在没收到信息的时候通过携程的电话确认就先帮我们办了入住手续,感觉服务还不错.定的是他们家的非湖景套房,房间很大,床是2MX2M的,设施蛮齐全,标房在周末都住满了,套房的入住率好象不是很高的.值得推荐的是他们家的几个看得到太湖的大露台,一个可以看见大桥的中餐厅.吃早餐的西餐厅也能看到点太湖风景,整体感觉还是很好的,想看看湖景,散散心的朋友住在这里绝对适合,他们家没挂星,但设施是按五星标准配置,环境幽静,服务员看到客人都会打招呼,比较满意!"	S65经常会死机；电池续航能力太差，仅一天；反应比较慢；搜索网络的能力不太好，一旦没信号，再也找不到网络了，要关机再开才行；	特别小，味道也不怎么好，还不如去超市买	一颗心我都不想评。焦灼的很，假货真心，一直都相信京东的。但这次真的很失望哎。上次买的梨也是烂的，这次的苹果更是吃都不能吃，周边的人都在说，怎么还在京东上买啊，现在都开始pian'ren人了。简直吃都不能吃，扔了又可惜，哎。我从来不评论的，这简直不叫事儿啊。全都是这种，还有比这个更小的更烂，但。我发图的目的不在于什么。只想大家能看到有一个选择。
超级棒的裤子，很有型，质量也很好，也不掉色，我很喜欢，很满意的一次购物经历。	毕业那年兴高采烈的满世界投简历，加多宝汇源伊利蒙牛还有好多没记住名字的，投完了当人家要你，如愿以偿的时候却异常难过，只能对人家说对不起。因为太远了，离这座城市太远了。也许，注定我就这么怂。	不好，头皮屑好多，垃圾产品，严重怀疑假货	极差的一次购物体验，拆开包裹发现根本没有外加包装，居然液体已经漏出来了？第一次差评，希望包装也用心一点。还有就是没有生产日期没有生产日期没有生产日期，重要的话说三遍，不知道现在洗发水，洗面奶这些需要与皮肤直接接触的类品是否现在就只有生产批次，多一点就加个使用年限，消费者没权利知道具体生产日期或者出厂日期吗？直接接触皮肤的用品质量安全是最需要值得重视的，搞的现在都不敢在网上买这类用品了。真的希望现在的厂家好好用心对待消费者，直接接触到皮肤类用品难道不是最需要做好做精的吗？也希望看到此评论的人有同样感受的话请点赞让后台看到反馈！
从广州发的货，订货后两天就到了，非常快，配件很齐全，操作系统方面没有预装也不算坏事，网上有人说这款用了sis的芯片组，事实上还是用的Intel，想买的朋友应该放心了。完美屏，还有2 years warranty，可以放心了。 end	送的内胆包有点不好，还有外接电源中间连接处无法全部插入。续航时间也没有标称的那么长，希望京东能注意宣传的真实性。	用过最不好的洗发水。。。。	这是一次很不满意的购物 同时下的单 两家发货地距离和我差不多一样 但别人家买的裤子到了三天 他们家的才到 找客服还不理不睬
版型非常好的一条裤子，而且也很保暖噢。男朋友穿着很不错。下次还来他家买，同时也推荐给大家噢。?	用了几个月了，超级不错，屏幕大，质量好，反应快，电池也经用，希望用得更久一点，华为的进步有目共睹啊	还是有点厚。不带原装鼠标和原装包，这两样很重要，可以有效方便购买者。否则还要另外购买。	我扫了一下二维码却没有此产品，我想划开发票密码却是假的，我去联系客服却说不在线，真不知道这是不是正品，万一过敏了怎么办？？？
"在自贡这样的二级城市,标准算是相当高的酒店了,说是4星酒店勉强了点,但比很多3星的好.房间灯光太暗,所有灯开了都感觉昏昏沉沉的,不知道是为了省电还是什么,舍不得用大点瓦数的灯泡.我晚上9点到的,点了份炒饭和青椒肉丝,送餐速度挺快,只是花椒多了点."	这是我住过携程最烂的酒店，纯粹一招待所。听说靠近南湖，所以订一间豪间，一进门就失望了。1、进门时，大堂接待在随意的聊天，而且大堂里还有一个穿球衣的高大男子，肩膀 上有很清晰的刺青。2、电梯地毯非常脏，电梯上的粘贴画已被涂鸦和损坏，也不见有人处理。3、我进房10分钟后，宽带还没开；打电话去前台，说还要十分钟。4、网速奇慢。5、晚上10点左右，网络断线，打电话房务中心，回复让我找前台，打电话前台，也没说让网管上来看看（有无网管我怀疑），说是服务器调整，让我等。6、卫生间渗水严重。7、房间布局根本不象酒店，而是招待所。8、隔音奇差无比，外面任何声音都能清晰的听见，毫无私密性可言。9、宽带接入口及不合理，在床边。我一般很少评价的，这次实在感觉糟透了。建议携程以后签定协议单位时对酒店做全面了解，不要把招待所弄成酒店，否则会砸牌子的。看来以后去嘉兴还是去香溢了。补充点评 2007年7月7日 ： 顺便说一下，我住的豪单价格为240，也不便宜。在嘉兴，同等价格的莫太、e代性价比绝对都要强。	质量不行，太差了，真正的假货	垃圾，这是我买的最垃圾的平板，还没用几天触屏就不灵敏了
很好  很满意	收到很小的，傻眼，坦白说，网页销售必须诚実，这很重要的。    希望厂商能改进，既然文案是80mm，就出约这样的尺寸嘛。	真失望，又小个，随便吃一个，竟然是烂的。。。。无语了。	我不想多说了，不满意退款，我直接拒签的，然后139直到现在一个多月了还没有退回来，客服推银行，银行推客服！！我不想多说，不解决问题不删评论，气人！
"酒店位置还可以,比较静,是个住宅区,房间是在别墅里,看上去别墅也有些时日了.房间设施还行,就是价格贵了点,468的大床间有点贵.其余也没有什么特别印象.一般般吧"	得说，翻译的人缺少激情！和日本语的版本相比，翻译后的文笔平淡如水，情节发展如同夏日中的找吃的狗----无精打采。书，依然是好书。故事也够味，想表达的意思也很清晰。总的来说，这是一个颓废版的谷崎润一郎式的作品，人的劣性、不满足、爱情的虚幻，表现的挺好的。作出选择就是结束，如果后悔，就很糟糕。这本书倒挺适合那些做选择时前思后想的女孩阅读。	满心期待 多花几块钱买大点的能好些， 全是歪瓜裂枣的 长得丑就算了 还还有好多烂的！还不如超市3.98块一斤的随你挑！	不好，很差，坑货
送货快，跟描述的一样。苹果新鲜、香味、脆甜 。给五星吧！	包装挺好，严实，生产日期也很近	不错，挺好的，买第二次了	好吃是没得说的，又脆又甜，就是小了点，价格偏高
发货很快，很好，都是喜欢的书，活动入便宜！	很大，给爸妈买的，他们就想要大的。用着挺好的。	也不能说是假的，品牌没有错，但是会和超市里买的质量差好多这就是电商专供货品，也是便宜的原因，羊毛出在羊身上，一分钱一分货！这些生活用品无伤大雅的还能送货上门，觉得还是挺方便的。	好像是一箱蒙牛啊，你们得小心啊，蒙牛有慢性毒药 好多零食啊！
手感舒服，质量很好，做工很讲究，布料很软穿上很舒服，大小合适，不错。	还不错，就是正好碰到618，收到货的时间有点长	"酒店设施比较不错,就是携程的价格和酒店前台的都一样,没有竞争力"	入口嚼后水分不够，并伴 有棉瓤 感觉，整体来说，这个苹果口感不好！
屏幕稍微小一些，但手感不错，用起来很舒服	清扬男士洗发水，自己在618买的，34，比在实体超市便宜不少。洗的效果还不错，值得使用	这洗发水很好，经常用，还送三瓶小的，非常划算	在这酒店住让我此次旅行非常不愉快。酒店在一片黑漆漆烂尾楼的小区内，非常偏僻，出租车司机根本不知道，离海滩有几公里远，要步行5分钟才能走到公路边上打车，虽然酒店有叫车服务，但是叫的是私家车，上车前谈好价钱才敢坐。房间设施还不错，但是房间比较小，也许别的房间会好点吧，楼顶有个观光台，风景还可以，但有很多碍眼的烂尾楼。令我气愤的是，第二天早是11点20退房，退房的是一个瘦瘦的女生。入住时房价160元，押金300，应该找回140元，服务员在前台折腾了好一阵子，说前台没有零钱，让我给他60元找我200，我没多想，就给了她60元。她退钱给我的时候，我的车来了，没有仔细看，后来发现，上面一张是真的，下面一张是假币。这让我非常气愤，想必这是有预谋的行为。事后第二天我打电话到公司经理处投诉，一位女性经理要了我的电话并告知会给我答复。十天已过，毫无音训，一怒之下我决定公开此事，给大家一个忠告。
相比1000H，电池不突出。 待机时间更长。 上网本的基本功能都有了。	裤子手感不错哦，和卖家描述一样，就是发货有点慢希望以后能改进一点。	虽然配备了闪光灯和自拍镜，但可惜的是并没有提供自动聚焦功能和镜头保护盖，而镜头下的扬声器可惜索爱配备的也不是双扬声器；数码镜头部份不支持自动聚焦，为了获得足够的清晰度只能通过小光圈的方式来实现。	书的内容没话说 很棒！哈利波特这套书是我在读初中的时候开始接触的，当时犹豫经济原因没有买，7年之后有条件买的时候一直想买第一次印刷的版本。在当当上寻觅了很久，根据当当提供的版次信息以为终于找到第一次印刷的版本了，没想到货到后根本不是第一次印刷的（有些甚至是翻印26次的），很伤心，有一种上当受骗的感觉。拜托当当以后服务细致点，要写版次信息就写全，否则就不要写，不要误导消费者。谢谢！
"特别喜欢房间里的床，睡觉非常舒服。但酒店周围环境不好，特别是很难叫到车，足足等了1个多小时，耽误了不少时间。补充点评 2007年11月9日 ： 不喜欢酒店周围的环境,很乱很脏，但老外特别喜欢，据说有上海的特色吧。"	用好几次了 ，洗发水也用了 护发素也用了，怎么感觉头发，比以前更毛糙了啊！	酒店房间很潮湿，设施有点落后，不齐全。估计不是90后喜欢的类型，因为太晚，随便找的酒店。前台的服务态度，有点差，很随便的样子。	"一直是再重复说男人要得是成绩赞美,女人要得是聆听观点有点单一,至少不能给我什么启示和帮助和刚开始期待的很不一样个人感觉很一般"
送货很及时，洗发水很好！！！！！	物流很快，快递哥辛苦了…………	拿到理发店洗头，店里洗头人员说洗的手过敏了，我自己在家里用赠送的洗，感觉洗后头发很干。估计不会再来买了，像买到假的	骗人，别买，买了四瓶，有三瓶离瓶肩有3、4厘米的距离，照片还看不出来，劝大家别上当！
第N次购买了，一如既往的好。这次比较新鲜，5天前才出的，棒！	第一次入住这里，觉得整体上像是住在花园里面。不过感觉苏州的整体风格也是如此。免费升级到了一个稍大的房间。很干净。260包括一个早餐的确是不贵。就是早餐的种类少了点，不过这个价位也就不挑什么了。觉得美中不足的就是宾馆居然没有免费的矿泉水送。。。补充点评 2008年8月3日 ： 在这里补充说明一下，260包括一份早餐是房费232+早餐28。提前5天不能取消订单不能修改订单才有232这个价位。现在好像Ctrip没有了。。。宾馆反馈 2008年8月6日 ： 感谢两位尊贵的客户给予我们的点评，我们会继续努力并按照您提出的意见积极改进。在此，提醒大家，我店参加携程提前5天预订，打9折的活动，截止日是2008年8月31日。我们真诚的欢迎您们的下次光临!	第2次购了，要及时吃，久了就不好了。	物流很快，但是到货时有的水果已经不新鲜了，坏掉了，不满意本次购物
款式好看，质量很不错的，穿着舒适，很满意	简单的白体恤，质量还可以，当打底穿也可以。。。	物流差评差评	我花上钱开你京东会员，你就给我送来四个干的不成型的火龙果？你京东冷链要是做不好，就请不要做。我下楼出去买四个，铁定没你这么差的。就这个火龙果，我自己不会再买，也不会推荐我的朋友买！差评！渣！！！
物品已收到，这个品牌这么多年一直在用，以前都是在超市买，从过完年在京东上买，价格比超市低，质量却是一样，值得购买，物流两天就到，点赞	很好，满意，物流也很快。下次再来	收到的手机没有塑封也没有质保贴，明显是退换的。拿透明胶贴起来的! 要不是急用肯定退货!	从来没有给酒店写过点评，但这次不写不行！因为实在太差了！！！！房间有味道！有味道！有味道！隔音差！隔音差！隔音差！差到什么地步？晚上睡着的时候能被隔壁的正常聊天吵醒！！！注意！是正常聊天！早上被隔壁小孩子吵醒，所以一晚上基本上没睡什么觉。一个酒店连基本睡眠质量都无法保证。真不知道存在的意义是什么了？另外，卫生间水管一直有声音，24小时不间断。如果还有什么要补充的，我只想问，携程，为什么没有0分选项？？？
质量很好，是正品，京东服务好送货及时。	清扬男士，夏天用特别好，去油腻，清爽	有强大的存储空间，铃声蛮大的，配置的游戏也可以。我最欣赏的还是红外线的配置，和朋友来个任意“沟通”！还可以长时间录音``````蛮不错的	昨天在京东第一次下单，购买了此电脑！今天上午拿回了了家，外观很漂亮，做工也很精细！特别是屏幕，真的很亮眼！（说老实话，我就是冲着优派的信誉而去买的，尽管他第一次做上网本）内在质量我现在无法瞎评，用一段时间后再交流吧！到现在我连续用了5个多小时了，感觉不是很烫。我个人认为对的起此价格。至于4600的六芯电池介绍上说只可用3小时，我是不理解的，到底是优派客气，还是此本耗电是厉害，等我使用后才能知道
洗完澡那叫一个舒服丫再来瓶蒙牛有益C爽！	两个人说，一个说好，一个说不好，我觉得应该还不错吧，12个，4斤	其中几页，我扫描后发给正与我讨论孩子们阅读的书的朋友，她也为之所吸引，在网上翻了我的书架后，也询问了她所感兴趣的书，讨论了我买此书的理由，我家小丫看过的反应等等。真的是很羡慕现在的孩子们，有如此丰富的精神食粮，而家长的教育方法也趋向理性，人性，科学。	来，看看，这就是我拿到的洗发露，包装破损，漏了没有半瓶，但是恶心啊
很好，京东购物送货快、态度好、商品也好	晚餐吃出长头发，服务员竟不以为然！洗完澡时，发现浴巾上竟也有长头发！如家在我心目中一直是快捷酒店的楷模，但这次入住北京团结湖店，令人大跌眼镜。	和假的一样 ，洗的头皮痒 还有头皮削	客服#39316很差，投诉团队也是糊弄事没答复，PLus就是（被屏蔽了居然），微笑的东子，高估的估值，断崖式的未来……
快递给孩子的，他说送货速度快，苹果蛮新鲜的，口感也不错。	真正算是一部极具代表性的人物传记，随着笔者的一点一滴的记述，去观看索罗斯一生的成长足迹，半个多世纪，一个在金融界摸爬滚打的传奇人物，人生的大起大落，真正教给我们正确的人生观，价值观。教会我们怎样洞察纷繁复杂下的规律，怎样面对财富的剧增或是暴跌，怎样将理想与事业有机的结合在一起，去创造属于自己的辉煌传奇。“洞悉混乱，你就可能变得富有。”———《索罗斯传》睿智而英明。	好大的一股味道，质量也没感觉到怎么样	1、手写笔不插在机身而单独存放是三星的最大败笔，基本失去手写笔的意义。2、不支持免提扬声器，扬声器的音质较差，声音较小，而且是右边的一个发声，左边的是一个装饰品。3、不支持扩展卡，内存太小。4、不支持联系人姓名声母查找，只支持首字母查找。通话记录中的电话号码不能加入已有电话本的项目中，要么另存一个，要么记住号码再找到电话薄进行修改添加，电话本的使用很不顺手；下载的图片不能用作大头贴。5、不支持数据和立体声音频蓝芽，蓝芽在拨打电话时有时不能自动接听，需人工转换 6、不支持语音指令学习功能，对普通话的要求较高，不适应发音习惯；不支持快捷录音功能。7、下导航健同C健很容易搞错；OK健太小太硬，只能用手指甲使劲按，手感极差，输入几个字就会手疼。8、文件浏览器不支持自动页面适应功能，只是将整个页面缩小，要放大字体同时放大页面，造成不能自动按手机页面浏览。9、无照相闪光灯，关键是少了一个微型手电筒。10、没有比较全面的保密项目，只有的电话拒接只有几个号码，不具备短信防火墙和保密功能是最大的败笔，短信及其他单项的保密已是LG和摩托罗拉的标准菜单
朋友推荐了电影，看后总觉得演绎的不够完美、细腻，这一直是我对电影和读书的理解。读完后亦如自己的预料。被故事中超越常理的感情感动，“爱情”又一次在年龄上展现她的不可预料。无语沉思，生活中总是有一些眼睁睁进退两难的事情，为何，还要如此的执着？这就是爱。米夏，自从与汉娜邂逅，好像他此生就为她而来，被米夏感动，为汉娜庆幸。在这个短暂脆弱的生命里，何必对对错错恩恩怨怨反复纠缠。	用了之后没什么效果，和想象的不一样	假货，包装和实体店有差别	垃圾！！喷了之后超级难吸收！！塑料瓶看似厚实，一个手滑掉下去就裂了！！之前在别家买的施华蔻精油喷雾都不会这样！！给我一个理由？！！
首次在京东商城生鲜平台购水果 感觉挺方便的 快递效率也十分快 足不出户服务到家 尤其是这些水果都很新鲜 而且还很冰凉 其次又是那么热的天气 总体来说 很不错 比实体水果店的水果新鲜 而且又好吃 很愉快的一次购物 吃完再来	穿着还不错，版型很贴身，看起来L号更适合我	1、键盘有待提高；2、电池是3芯的；3、电源线太粗了！才40W的电源，用得着这么粗的线吗？都可以去烧开水了！白白增加成本！最主要的是增加了重量！削弱了上网本轻巧的优势！4、微星笔记本售后太差	第二天就降价了，心里不舒服给差评
昨天早上定，昨天下午就到了，速度不错！还坚持让送货的等我验完货了再走，服务质量不错！本本看上去很不错，本来就是看看电影打打游戏，这样的配置这样的价格是很合适的！	先买了小样尝试下，价格30，不便宜，东西真心不好，洗了很毛躁，头发就像草一样	第一次买苹果很小，而且水分不足，没有超市的好，再也不买了???	给家里老人买来看视频的，一天也用不了多久。结果使用了才一个多月，触屏就失效了 点击没有反应，返修一次，结果还是一样。非常差的购物体验。
裤子看起来很时尚，很休闲，毕竟是牛仔裤难免掉色不过加盐洗会好的点，总体来说不错	made in japan 做工还是不错的，我原来的S6130是马来西亚制造的，使用了几天系统稳定性不错，屏幕显示效果出色，电池时间也还行，3个小时这样吧	昨天降价到19.8，提交订单时涨价到20多，当时我怀疑被忽悠了	买了3个，一个已经烂的滴水，一个给小孩吃的拉两天肚子，一天拉4次，一天3次，今天才好点。剩一个还没开，第一次差评
华硕品牌大  送人体面  配置不错，性价比高！ 玩游戏不错   打完华硕的官方显卡驱动后  显存会变成1G显存   很牛X	一直用清扬牌子洗发水，质量不错挺好，京东自营有保障，永远信赖京东。	衣服不错，老公很喜欢大小合适又买了一件米色的	酒店房门不隔音，卫生一般。含早的早餐不好量少，就一个选择。
质量不错做工精细，面料也很舒服	苹果很新鲜，大小正好，小孩一次吃一个刚好，已第二次购买	我喜欢蒙牛红枣酸牛奶。	"这家酒店其实在中国银行另一面, 不要按地址寻访, 问当地人也大都说不清, 不如问中国银行大厦在哪, 就好找多了. 还有酒店早餐太差又贵."
非常好！活动时买的，物美价廉，非常实惠！品牌的东西，值得信赖！	还是可以的 但是发错货 很恼火.......	春节买的，全部有6个是烂的，个头也不是很大，希望可以改进。	穿了没有几天，发现两个口袋就脱线破了，质量太差了
萍果好吃脆甜可口，新鲜汁多很不错，就这个品牌下次还买	非常的好 服务很到位	"日本客人去苏州新区指定要住的酒店,外观很不错,很气派;室内环境也算对得起这个价钱.还不错.宾馆反馈 2008年4月15日 ： 感谢您对我们的肯定，您的鼓励是我们服务的动力，期待您及您客人再次的光临！"	廉颇，白起，典韦，程咬金，钟无艳，夏侯惇，亚瑟，张飞，关羽，刘邦，牛魔，刘禅，达摩，墨子，项羽，吕布，李白，老夫子，孙悟空，韩信，赵云，杨戬，宫本武藏，哪吒，曹操，荆轲，兰陵王，花木兰，雅典娜，橘右京，娜可露露，貂蝉，诸葛亮，不知火舞，妲己，姜子牙，高渐离，安琪拉，甄姬，武则天，王昭君，小乔，芈月，周瑜，嬴政，露娜，东皇太一，钟馗，孙尚香，李元芳，鲁班七号，虞姬，后羿，狄仁杰，马可波罗，成吉思汗，黄忠，刘备，大乔，孙膑，庄周，张良，扁鹊，蔡文姬，太乙真人等65人觉得很赞
做工太垃圾了！唉	垃圾中的战斗机。为什自己看图	很多烂的，以后不会再买，太令人失望了！	"完全是个黑店. 大家小心!上个月通过携城定了两间房,用信用卡担保. 三星期前因行程变更要求调整入住日期,但被告知不能更改及取消,但携城的网站根本没有此""霸王条款"",本人同酒店的销售部及携城的客服(付姓主管)长途电话沟通了好几次,但他们态度蛮横. 携城的钻石客户你算老几?在这里请大家小心,不要用信用卡担保. 携城和虹桥美爵酒店合伙坑消费者,连携城的忠实客户也照坑! 黑心啊!!!"
老公喜欢用清扬的，洗过头感觉很舒服，是正品哦，，包装也很好，京东值得你去信赖！	大小合适，用着很流畅，电池也比较耐用，对的起这个价格	入住此酒店很值，只能这样概括性评价了：温馨、舒适、有特色。服务得体到位。挂牌四星级酒店嘛！！！	质量真的不咋的，我都怀疑是不是买到*货了，用过之后掉头发，头发变柴！控油也一般！
带给人蒙牛酸酸乳一样的惊喜和快乐	看过了，不怎么样，绝没有吹嘘的那样。建议还是捂紧钱包。	住过最差的五星酒店，设施是3星不如，一进房间通道一股霉味好旧啊。房间隔音比如家汉庭还差，房间和隔壁竟然有个木门，隔壁晚上看电视到一点多，早上5点多就又被电视声音吵醒。真的1288这是受罪的酒店。自助餐也是最差的，没有热菜大家都只能变成打火锅，关键小火锅要加收钱，哎几百块的自助餐还不如去吃小肥羊。只能评为史上最差的五星酒店。绝对不会再来，本来住两天的，现在是早上7点马上决定换酒店。差差差差差！	这衣服真垃圾，*一件太垃圾，还买了三件。和超市里卖的*一件，*件那种差不多，亏大了
单个有点小，还没有成熟，要放一放	感觉大连好的酒店也不多，这个酒店房间比较小，早餐不大好。	刚收到，pad看起来还是不错的，但是很遗憾，送的钢化膜是碎的	不满意的一次购物，瓶盖都松了，漏液严重。找客服半天没反应！
自从用了男士清扬我的头发不油了，家里不用买两种洗发水，我一直用老公的清扬，很舒服，不油也不打岔	JD很给力。 水果缺烂的很快。。只能抓紧吃掉	说是9层在装修！但是住5层还是吵得睡不着。怀疑6层也在装修，声音就在头顶。电钻6、7点就开始吵。头痛欲裂。地点很不好找。不临街。	"在当当网买了几次东西了,感觉不是太好.服务上总是出现一些小问题.我19日下的订单,到了24日打电话还在配货,而贵网明明白白说按规定在2_5天内发货.记录显示直到30日才发出来,这是一种什么服务,糟糕透顶.上次东西有问题要退货,我问能否早些退货,客服人员回答不能,只能在5个(7个)工作日内办理.一直等2周以后打电话给客服人员才又拖了几天解决.感觉规定就是给顾客制定的,公司人员无所谓,让人缺乏信任感.客服务倒是服务态度很好,但谁会无聊没事找客服.我想大多数客房要求很低,只要把你承诺的话做到就对了,并不希望你们做得有多完美..好好改进吧,否则再过几年这个世界还不知有没有当当网了."
不好意思，刚才上传错了另一本书的评论，因为买了几十本书，搞混了。我和孩子都非常喜欢这个系列三本，还经常就内容在一起讨论，我还准备暑假带他做一些昆虫标本呢！	很好，很满意	就这个洗头膏还好么，什么破洗头膏就是垃圾	都烂了，像是放了很久的，非常不满意物流倒是很快，可是买回来也不能吃，非常非常不满意
快递很快。口感不错，爽脆清甜，夏日小零食。减肥作用。祝生意兴隆。	对我们老年人来讲，还可以 非常满意，看看电视剧方便。	好，物流也快，就是安装费花了200，有点贵。	服务还可以！别的和招待所水平差不多。网络经常不好！不值得推荐！
猕猴桃：蒙牛的饮品我喜欢猕猴桃口味的，果汁猕猴桃味道的，猕猴桃片，猕猴桃本身我都喜欢。。。。大前天之前我却从不知道自己喜欢猕猴桃	没有光驱，装东西不方便，还是要配个外置光驱才好。内存1G根本带不起来VISTA，幸好送了个1G内存。	好差，太小了。就一点点大。。坑得死	刚收到，大家看看吧，瞬间心情不好了。有两个坏成那样还放进来，真是呵呵了，一星是给快递的，什么破玩意儿，同样的价位，另一家上次买的没有一个坏的
早上就收到了，很高的性价比！支持华为！	已经是第九次购买了，质量很好，用着放心，下次还会继续光临！	水份很足，个头不大，不过还是蛮好吃的，要是价格再低点就更好了。哈哈……	该酒店在大角湾景区内的顶角的位置（南方假日酒店则在角的另一端），对于没车的来说就很不方便了（出租、摩的非常少），远离市区，购物、娱乐都不方便，设施一般、没早餐，服务态度一般，不伦是旅游还是办事都不是好的选择，要是图安静的倒是比较适合，还有就是淡季不来就没什么人还要用信用卡作担保（感觉不怎么诚信）
性能好，性价比高，对于编程来说是很好的选择，集成显卡够用，并且不用担心很大的散热量，风扇散热也很好	刚刚收到的，看到那么大个箱子，一度怀疑是不是弄错了???打开后很满意，3瓶大的，5瓶小的。。不知道效果怎么样？？用了以后再来追加评论	裤子质量很好，老爸穿着很合适，显年轻呀！和地摊货完全不一样！	有些失望，说的自带内存16G，才有10.多。喇叭音质很不好，听着有些嘶哑。勉强凑合用吧。物流很快。
不错。一个人随便用！就是安装费有点贵去了170元	没有比一星更少的的星了，不然肯定填更少。    发错颜色暂且不说，用料也是很渣。后来退货写错单号了，客服态度挺好的答应帮我留意是否有我的名字寄的单，不过今天看了下我的退货申请被取消了，不知道是否有收到我的单。不过谁让我也出错了呢?。待会儿还完白条，从此不在京东买衣服	假货，用了以后头皮痒的厉害，买回来的时候家里面在店里买的真的还剩一点，对比了一下味道不一样，一直相信京东，没想到会发假货	好难吃的苹果啊，个头小不说，样子跟图片没得比不说，关键是味道，有一个词叫味同嚼蜡，刚在这里可以说是味同嚼草。上当！
挺好的卖家，全5分	物流很快，晚上下单第二天就到了，还没用，用后再来评价	目前没发现毛病	像素太渣
衣服不错，穿着感觉也可以，就是买的小了点，运动起来不太方便，总之好评	使用感觉 1 是全新机，而且这次有减震包装了。2分辨率高色彩不错，看前面有人评价说有拖影没感觉出来呢。3外放小喇叭还行吧比起大多数平板和手机来说，你要说它是HI-FI音质就是逗了。游戏没测试过，我主要是用来看书和电影的。而且对平板，手机上运行的游戏无爱。整个平板就像是放大了的P8手机，电源键和正面的多功能键位置简直反人类。。。看部电影不误触个2-3次是不可能的，看来还是需要买个平板支架才行，总体来说这个平板还是比较不错值得购买	"大家说的都有一定道理,服务不错,很随和,房间干净,在旅游的地方信价比也算不错,晚上的表演还能看,就是没有原生态的歌手是个遗憾."	酒店很旧，空调一股厕所味，周围环境很吵，唯一的优点就是出行方便
不错！买好多次了！快递还是那么快！	其实真的是有点旧了.....比快捷酒店的餐厅什么的好一些，交通算是比较方便的，有酒店的摆渡车，但是酒店硬件真的太老了	还可以，就是为啥不送个钢化膜呢？	质量方面极差，难道出货前连检查都没有吗？第一次可原谅第二次也是这样子就没的说了，浪费时间，愚弄消费者。
确实质量不错 首先外观上来看 没有破损 我是削皮吃的 存在少量的地方是坏的 然后尝起来还是蛮甜的 味道不错 口感也蛮好 总体来说 还是推荐的	沙宣西洗护套装 还有小瓶便携装 方便实用 物流也很给力 以后继续支持	住的还不错唯一不好就是不知道提醒客人车要停去负二楼 白白教了35停车费 真是操蛋	优点我不说了，说说发现的问题。1、即使硬件是DDR3，由于CPU总线只有800，所以内存降频至800使用   2、请教各位了，调节集成显卡显存的选项在哪里？？？
刚拆开外包装就有一股香味扑鼻而来，是我想要的味道，也是正品，继续关注	个头有点小，吃起来还是挺好吃的，也非常新鲜，京东送货快，看中的就是这点	宾馆地段不错，可惜没有早餐提供。隔壁的那家饭店很有特色，名字忘了 好像有吉祥两个字 浴室下水很慢。总体评价中等。	客服态度很好，妈妈收的，没有拆开，还不知质量，希望完好
穿上效果还好，大小也可以，整体还行！就有味太大了！	第一次买的还行！第二次买的就全是个小的！对这家店铺很失望！黑商	一次买了两个套装，满159送吹风机，结果却没送，客服回答各种奇葩，还有说这个是潘婷送的，沙宣没送，有这样的吗，太让人生气了，公然欺骗消费者	请商家自己看看这样的能吃吗能吃吗？打开包装看到四个都是这样的直接扔**桶了！!最堵心的一次购物。一直信赖的京东怎么会这样？!
原本以为盒子会很大的，寄来的时候发现盒子挺小的。    觉得这个套装很实惠，有小瓶子的赠品，出去旅游也挺方便的。    京东送货速度也是很快的，满意	谢谢你们帮我打开 还让液体流出来。 都不需要我拆开包装 挤开瓶盖。 真佩服618的快递小哥！ 这就是东哥所谓的最强物流网络！	快递失望，打电话说了着急还拖到下午送！都不想再京东买东西了	不舒服。拉肚子。还低烧。我就喝了瓶蒙牛。不带这样的。
书放了一段时间了，我想征求孩子的意见，要不送给更小一点的孩子，可她不同意，原因是想看《我不想生气》。想一想，这情绪并不是可以看完了就知道怎么管理的，虽说内容似乎简单，但是能以幼儿的视觉来告诉孩子们碰到这种情绪时该怎么排解的书确实不多。	下午又尝了另一种banana milk上面有个萌奶牛的。感觉比昨天的宾格瑞好喝啊，那个太甜了，天喔的感觉挺诡异的，蒙牛的最贵最坑爹@BB无限	现在还愚蠢到去喝蒙牛已经不是脑残了。是帮凶。帮这个无耻的罪犯继续存在下去毒害更多人。	感觉不像真的。跟在超市买的味道不一样，基本没有香味，而且护发素很黏。
屏幕比想象中的要小，分辨率也一般。不过WIFI版上网就是快。	入住时给了间尾房，房间竟然是L型的。空调直吹头，看第二天一早赶车才勉强凑合一晚。无论怎样六七百这个价是不值的。	酒店太脏且设施陈旧，不符合三星标准，前台价格低于携程价格	不行啊，色差太大，跟照片染色不一样
牛仔裤质量不错，大小合身，料子穿着也舒服，版型不错，样式跟图片一样，没有色差！不错满意，老板发货也快！	我定的是豪华客房，看了之前的点评，实际去到还是比想象中的好，房间较大和干净，装修也比较有特色．	很好很好很好	苹果质量实在不行买来没几天基本上都烂掉
质量不错，物美价廉质优，很便宜，很实惠，下次再买的，快递师傅超给力，赞一个！	便宜，配置不差，外型高档，完全可以满足日常使用 (送货确实挺快)	裤子质量不错，男朋友穿上很帅气	1、环境不错，离东百很近，就在东街口后面。2、房间不错，有电脑，可以免费上网。
很赞的裤子，料子也很好，质感非常棒，下次还会再来！	电池续航能力稍显不足； 外壳是塑料的，右手掌托处会咯吱咯吱响； 光驱推进去的时候似有卡感，不利索； 价格再降500，就完美了。	质量还可以，就是太薄了！	"6月和7月入住俩次豪华大床间,房间比较大,设施有点老了,环境不错，直接面对贺龙体育中心和摩天轮,早餐很一般,特别郁闷的是服务员，竟然在我们快要吃完的时候就打扫卫生,也不用差这么点时间吧,明显就是赶人啊"
与几月前相比变化不大 用餐便捷实惠 客房干净整洁	我只想说 快递太快了 八个小时到了 还没用 感觉应该还可以吧 物美价廉	朋友拿到货了，她洗的没有她在屈臣氏买的好，洗的头发很木！	太不理想了，跟图片差的太多了……
裤子质量挺不错的，男朋友很喜欢，穿起来很帅气	收到刚觉还不错，但不是说送膜和皮套吗？为什么我什么都没有？	手机没有达到预想效果。用起来也感觉不怎么样，就是不知道后续怎样？店家太抠了，连膜和手机套都不带。唉！	京东售后太差了，有问题报了返修，好多天都不给回复！打电话那么多选项，找不到人！以后再不来京东买东西了！！
小时候看过这部电影，很喜欢小女主人公圆圆的脸，齐眉的流海，和软软甜甜的话。她的世界那么直率和光明，生活是那么美好，她对人的友善是那么真诚。不记得是哪个年龄看的了，不过记忆很深刻。某次在西西弗咖啡店喝水时，无意中翻到了这本书，一下子就勾起了我的回忆。心里还是暖暖的，很亲切很温暖，但有点点感伤。也许就如书中黑白的摄影图片所表达的，一些事一些景，已经过去而不再重来了。	铃声实在太小小小了	啥玩意，裤子一般，这么大品牌还有这样情况！	虚假广告，9.5小时骗人，我每次充电12小时，把蓝牙，无线，屏墨调到两节电，只可以用5小时
特价买得，性价比蛮高的，大屏幕用着就是爽	个头均匀，包装完好，品质稳定，一天一个苹果，医生远离我，哈哈哈哈！	我是五年学中医的，患者初衷也许是好的，但内容上很多方剂都用错，比如补中益气汤，怎么还有这么多人看	买东西的时候说送皮带，买了后说活动的不送，完全是玩些文字游戏，不守信用的店家
机器外观很不错，干净，整洁，手感很好。 完美屏，音响效果相当棒。 性价比相当不错，5000以内的本本我觉得相当的值。	"装修前也住过几次,现在感觉完全不一样,非常不错的一家4星酒店,早餐也很丰盛,下次去嘉善还会考虑住,出来就是市中心,就是房间的隔音差了点,隔壁的电视声音也听得见,还有浴室的灯是感应式的,但感应范围好像不大广,人在浴缸基本感应不到,会熄灯..."	换的大号 还不错 大小合适了	"订了两次这家酒店,遇到都是几乎相同的问题,我在备注里写的很清楚,""不临街,安静,高层,不要KTV上的房型,""不知道什么原因,是携程没有把信息传给酒店,还是酒店的理解有问题,第一次给了我?"
这本书说实话不太好用，讲的东西不会让我觉得学到了什么。只是一些平时日常生活中用错的地方，在网上随便搜一搜就有。	我之前在超市买的洗发水也是清扬只不过没有这么便宜，用了好几年都没有掉头屑，这次贪便宜在网上买的用了一个多月都在掉头屑，本来不想评论的实在是看不下去了！谁用谁知道	这就是京东物品？好无语！ 欺骗消费者吗？瞬间心情就不好了	不是为了这一个，是因为全球购的另外一个，太气人了，要差评！
评价晚了，发货速度很快，头一天下的单第二天就到了，苹果很脆，有甜味。只是个头不够匀称，有大有小。总体满意。	不错，很喜欢，支持京东	内存小。打CS有点卡，不知道什么原因。发热量感觉有点大，不过可以接受。	还可以理解为什么有人会说我们的话。我的生活费都市全部都市全部都市全部都市全部都市全部都市
外观大方，功能比较多，摄像、录音、mp3/mp4、红外均有效果还可以。	"优点;有电梯(4层开封宾馆连电梯都没有),晚上好像没有小姐电话骚扰(开封宾馆骚扰到最后干脆和按摩小姐电话聊天起来了)缺点;房间象招待所,设备老化,能算3星?价格偏高,性价比不好!门口乱哄哄的,感觉不好!"	预定的时候房间保留至次日中午12点，凌晨飞机到达浦东机场后酒店告知已经取消了我的预定，争执了半天有了房间，进去之后发现卫生很差，地上的垃圾都没清理，前台服务态度差，自认倒霉选了这家酒店！	我觉得是假的，用完头皮特别痒，掉头发也比以前多多了。再也不买了
大品牌值得信赖，希望效果会很好！	"儿子不喜品课外书!这是维一一本他自已想要的课外书,所以买了!整天看得哈哈大笑!并不是因为搞笑而搞笑.书的知识性和趣味性都很强.作为成年人的我有时都想一口气看完一本书,而且感觉有所收获!可见知识性不是一般的很肤浅的那种.最主要的书中以历险记形式讲述,教会了孩子许多应对危机的方法!可能都是很实用的!是一套好书!值得看!也值得收藏,反正比国内大部分出版社版的那些所谓名著有价值多了"	设施陈旧	实物与图片差距太大，不划算。而且不太像正品，建议不要买，去超市买靠谱的多！
非常好啊，也挺便宜的，还会再来买啊。非常好啊，赞	速度非常快，隔天到，送货到家，快递员服务态度很好，值得推荐，点个赞！	很好用，速度快。京东物流快。赞?	又小又丑 同等价格可以买市场上最大个的。一点也不值
发货很及时快递给力卖家服务态度很好价格便宜质量很好满意好评价格便宜质量很好满意好评价格便宜	服务态度不错，说好的东西也送了。特别要表扬一下顺丰快递的快递员，因为家里出了点事，让人家白跑两次，人家也没生气，依然送到家里，非常感谢。	"不是第一次入住了,感觉还不错,要不然不会第二次选择,早餐的品种少了些.其他还好."	卖家服务态度没的说，只能说太牛了，一颗星都不想给，裤子和图片有区别，不是南极人的，还没物流也牛?，
商品符合度五星！    店家服务态度五星！    物流发货速度五星！    配送人员态度五星！    与图片相符！大小合适！	回复 哈哈哈，原来是你们的合作伙伴啊！那我会考虑去喝的，嗯回复 @蒙牛微客服：您好，蒙牛正在变得安全更好，中粮和欧洲最大乳企爱氏晨曦已入主蒙牛，奶源和品控会进一步加强，希望能恢复您对国产奶和蒙牛的信心。	嗯这质量用来当抹布都不一定好用烂到家	"从来没花500块住这样的房间..........1.朝着轻轨,不能睡懒觉2.隔音不好.楼上还是哪里似乎有舞厅,很吵闹3.床很硬,很硬4.房间很小最让人受不了的是,5月的上海,天那么热,发现没有冷气,电话问服务,答曰:对不起我们是中央空调,现在还没接到通知开,有需要的话,我请服务员送个电风扇给你......我没接受她的建议,于是一夜闷热.....非常不满意这家酒店"
不错，今天六迫不及待的用了，还可以，护发素没有沫，不过比超市便宜啊	快递送到 和我当面检查了一下苹果，苹果没有破损 。。    苹果的外观一般，不过里面的果肉是真的干净，跟削了皮的土豆有的一笔，味道也还甜 大体算下来2块多些一个	买的时候图片上有吹风机，宣传活动上也说套餐里面有吹风机，我买了两套，收到货确没有吹风机，现在图片也已经删掉了，京东搞霸王条款？京东客服发信息半天都不回信息，现在把消费者当什么了？	刚用半个小时就热，就玩消消乐，不怎么么样，这一颗星是给快递的
东西不错比超市便宜包装好头皮很舒服发质很好味道不错物流速度快	指纹还能忍受吧，但觉得键盘不是贴得很结实，敲上去啪啪的，再就是屏幕光线看久了有些累	装系统时，要长按F2进入主版，这个提示机器上不显示，到网上查到的，默认硬盘分区有好几个，还有一个显示为bos，后来才反应过来要把所有的分区都删掉，重新格式化，装上的xp才能读到，不然老是显示都不到。	这个一点也不好用，用了之后头发很干燥，已经丢了
邻居推荐的一款衣服，回来后果然很赞，穿上挺帅气滴，衣服质量也不错。	"这本书教给了我很多引导\教育孩子的方式\方法.让我受益非浅.原以为我自己很会教育孩子,看了这本书以后,才意识到,我所掌握的太肤浅.孩子的很多行为都能体现出妈妈在教育方面的效果,孩子的性格主要靠平时妈妈的行为引导,并不完全是遗传了,这本书让我学会了太多,建议没一位家长都买一本.让我们的宝贝健康快乐的成长,让幸福,自信,勇敢,豁达,正直,善良伴随他一生"	地毯很烂，这个床睡得失眠，接车很方便，退房很快，噪音太大，赶飞机的话可以推荐，不急着的还是算了，价格也不便宜	京东的售后简直垃圾到要命！！！电话无人接，再买要考虑！！！
"散热非常好,外观也很大气.如果不是家中有两台电脑了的话,真的还想再买一台用."	裤子很满意 裤子穿着不错 下次还来 好评！	但是我坚信它及M记必将有如蒙牛和伊利般屹立不倒。只能靠自己凭毅力少帮衬了~	被子是湿的，态度跟一般，不过有浦东机场免费接送，接送的司机人很好，离浦东机场很近，搭车大概十分钟不到
洗头膏已经收到，快递员很热情，打开看了一下是正品京东自营就是给力。	酒店的房型比较有限，不过商务标准间还是不错的，设施服务还算到位的，不过这次入住的房间是最边上的房间，房间的温度比较低，保温性较差，自助式的早餐和午餐口味还可以，价位适中，这个酒店不缺的就是客源虽然位置偏僻，出租车比较少，但去开发区办事是最方便的了。	"键盘太小,屏幕显示字更小,键盘保护不能设为自动,容易误按,快捷键不快捷,拼音和通讯录输入设计比较愚蠢,闹铃功能不全,打开镜头盖时手指极易碰到镜头."	东西真不怎么样，起头皮屑起得太多，想买的朋友考虑好，
快递挺快的，产品还没有，服务态度给满分，好了来追评，	挺新鲜的，包装也很好，防震，果子就比较小个一点	我还是比较喜欢 德州的凯苑温泉度假村 便宜148元 安静 不会有电话打扰 温泉也很好 只是在开发区 里城里远了点	昨天才收到货。第一次下单是在双11，11月23号下午6点才给我配送，因没接到电话，第二天京东竟然就直接把我订单擅自给取消了，在线联系了N次客服，没有一个能给满意的解决方法，最后打电话给高级客服才给我解决，说让我重新下单，按双11的价格给我，有差价还要等重新下单完成后才能退。对京东擅自取消客户的订单相当的不满。
不开4g经常没信号，信息发不出去电话打不通。打开4G开关信号满格	我买的是油性，无硅油，生姜，强根固发的那种，洗过头发感觉油油的，搞不清楚什么回事，第一次用，告诉我，我是不是收到次品了，怎么会这样，京东的快递到是没的说，一只很棒。	功能太差了	非常难吃，又小，又酸又涩，以后不会在买了，希望大家也不要买。
不错，挺好用的，不过挤出来的很像海飞丝，泡沫很多，控油可以	"今天逛手机市场,发觉这款价格狂降,就买了,看外观,不错,有咖啡色和兰色两种,(不知还有没有其他颜色)整体统一流线型设计,蛮小巧玲珑的,色彩感觉也还可以,功能较全,只是价格比列出的还要便宜呵呵可能是照顾咱穷人吧呵呵"	质量好差。买了两件。绿色那件还可以。这件的logo还没有穿就掉下来了、翻版了	玩王者荣耀卡低显示配置都不流畅 ， 还没有进入游戏 ， 在王者荣耀设置界面 ， 调整选项的时候 ， 画面就会出现不连贯 ， 画质卡中 ， 粒子质量中 ， 简直不能玩 ， 游戏内帧数只有10左右 ， 如果买来打游戏还是谨慎吧 ， 买来不能退就尴尬了
房间不错，还有个阳台，能看到大院的景色，不过阳台之间的间隔太近了，使人外出的时候觉得不太安全，但环境是一流的。本来网上是说有机场接送的，不过没有明确的指引怎么订，到步之后都只能自己打车去酒店。	质量的话还可以 但是掉色严重 没有洗就已经褪色的厉害了	地摊货水平的包装，很受打击	抵制百度，抵制蒙牛，无耻企业去死去死光。这事搞得太不要脸了吧! 靠！改得够快的啊。我刚才发的现场图，也是2分钟内被删。 还有什么能够相信呢?只能相信自己了。
凑个数 来个豆豆 不知道有木有 哈哈 还是不够哈 再来一遍吧	新机电池也太不耐用了，用了两天想换货的，京东又说拿回去检测什么，还不给备用机，我妈又回去，只能作罢。唉，京东越来越失望了。	拉圾 说好的返还钱呢 问客服一个字都不回	一个无窗的小房间，房间一股烟味，散都散不掉。睡到第二天九点，隔壁就开始装修，吵死。 入住体验很差。
还不错，酒店环境很好，设施很齐全，周围是商业街，旁边有很多知名的饭店餐馆，步行或者打车去商场都很方便	一部便宜的商务手机!	外设计不错	下次网购再也不买这个了 到了六个 拔了四个 前面三个里面都软的 有股味道 。
多年前，拜读过斯宾赛。约翰逊博士《珍贵的礼物》。正是这本书把我引领进了他的故事世界。从此逢他作品我必收藏之。他从不生硬地去讲大道理，而是通过生动的故事让读者融为书中的主角。《为什么幸运的人总幸运》这本书在年轻人与各个成功人士的对话中渗透着深刻的道理，有时候有些过于理论化，但是每个重要的有启迪性的心得都被年轻人额外的标注出来，在本书的排版中也被单独标注。是很值得推广的好书。	配送速度快，配送员态度好。苹果价格不贵，性价比挺高。但12个果个头大小不一，高矮肥瘦都有。如果不是自己亲手开的，都不敢相信来自同一箱。	刚买就降价，我也是醉了，再也不相信什么活动了！！真恶心	当时购买的说是有赠品，MD根本就没有，我就一直忍到现在。
很好吃的苹果，又香又甜，不错，包装的很到位	比市场上还便宜，吃起来脆脆的，口感不错。	又一次购买，真的很不错，相信京东	不知道这么高的评价因何而起，难道当当自己弄出来的排名。我淘出来的好书从来都不在排行榜里，唯独这本受到排行榜的影响，一点意思也没有。
由于要给两个小孩子每天吃苹果，京东上面的苹果牌子我一个个试过来，目前发现最好的是这个项目的，个大，品相非常好，可以看出很红很饱满，没有一个坏的（之前潘苹果的十二个中有十二个是有坏点，我也是醉了），这次买回去吃了，再买两盒，如果品质稳定的话估计以后都是选这个了。做父母的，真心不容易。	看来蒙牛比人奶还好喝的，还真是挺惊喜的	房间地毯脏脏的，也就是价格便宜而已	很失望32G手机内存打开一看只有23G，为什么！！而且包装里面华为的耳机线也没有！！
经济间是后来装修的，与原来的房间比较小而且只是适合单人，因为洗澡间是磨砂玻璃隔开的，没有浴缸。	物流超慢，买过来看了一下质量不是很好！买的不值	收到苹果，我惊呆了，那叫一个小啊！我一直都很相信京东自营，买到的东西大多也还是很满意的，也就这个苹果了，非常不满意，大的没几个，全都好小。	还好没有当时评价 机器拿到时间还行 但是使用一段时间 就出现 上不去网的情况 打客服 只是说了 让重装一下 结果 用了 一个月之后 又是出现这样的情况 ！无语呀 ！！！ 还号称优享 结果就上不去了 不是天大的讽刺吗？只能直接打差评
价廉物美价廉物美价廉物美价廉物美价廉物美价廉物美价廉物美价廉物美	不错(*?╰╯`?)?这个价位啥都别说了→_→给力	还以为是大瓶的哪，其实不是，很失望	垃圾，视频模糊，上当受骗了
优秀的外观，轻薄的分量，完美的性能。 当然，都是和同类上网本相比而言。 预装了linux，需要自己找xp装。 但是linux的硬盘mbr和xp的不一样，所以，用winpe装系统的朋友，请在用分区管理工具重新分区后，记得更新硬盘的mbr。在操作里面有这个选项的。否则就会出现：error17 其他驱动到www.hp.com.cn去下载 总而言之，很值的机器。	悬浮键盘~！ 真不知道设计师怎么想的 按键的下半部分 识别率很低 ~按10次 识别5次就不错了  而且 悬浮键盘 容易积灰！还有就是很厚 做工不细	刚买过，就降价了，什么都没有，除了充电器，反应超慢，不建议购买	差评！苹果碰伤两个也就算了，16个苹果根本没有5公斤，加两个包装都没有5公斤，严重短斤少两，两个包装只是为了拼凑重量，味道也不咋的！
物流非常好，客服态度好服务周到，宝贝也非常满意，质量好料子很舒服，款式大方百搭，颜色很正没有色差，下次还会再来	用了几天才来评价，以下是切身体会1.画质和音效不错，看视频啥的体验都很棒，并且比较轻薄2.耗电量：我主要用来看视频和看文档之类的，主要用来学习，差不多一天多（晚上还是也让它休息一下?），如果降低了分辨率，开启省电模式，会用的更久一点3.带上耳机会听到电流声，外放的话基本可以忽略4.最不满意的是指纹解锁，个人觉得不太灵敏，有很多次都是验证失败了，很影响心情，但用我的iphone就不会，秒秒钟开。5.屏幕比例个人觉得不太适合看文档，当然这是个人感觉，可能是我用电脑习惯了吧，但是有护眼模式值得表扬??7.可能是软件不兼容吧，我在微信上视频会有很大很大的回声，完全受不了，但是在qq上视频还好8.网上说的啥子拖影我感觉不出来，可能是我太木了吧?9.是请要下单的朋友注意，送的贴膜如果自己手残就让会贴膜的贴，这个屏幕太大了，跟手机贴膜的难度是不一样的，我就贴毁了，有5、6个气泡，但是也不想重新换了?10.鲁大师跑分12万多，说是正品?	买的时候感觉不错，现在用了几个月电池竟然就不行了，待机一天会少了20%的电	刚刚收到了已经有一个坏的斑点，下次再也不在京东上面买水果了，还是去实体店买！而且果好小
赶上搞活动买的，比官网还便宜，做工很精致，看起来很高大上，快递也很给力！	逛家乐福回来~冰箱满了，口袋空了。。。蒙牛红枣酸牛奶好实惠，下次回家给妈妈带~相比之下八所的物价真的好higho(╯□╰)o	客服态度不好，不回复，也是醉了，售前挺积极，售后就没人理	物流给我把订单签收了 我自己没收到货 太差劲了 服务太差劲???????????????????大家千万别买了
东西不错，性价比可以，下次会考虑购买。。	比我想象的小好多啊。好贵，不搞活动我肯定不会买的。	做酸奶失败了 天太冷了么 晚上去买罐蒙牛的算了	开箱盖子是开着的都溢出来了 包装的人一点也不负责 算了 懒得换了
东西给老妈买的 她很喜欢 趁着打折入手 很划算 能用很久 是洗护套装哦！	质量不错 物流也很给力 东西很赞	不知道为什么，翻了几页就不想再往下翻了！	假货，和以前买的施华蔻使用感受差太多，用了以后头皮油头发打结怎么也梳不通，用了二次才评价的！我可是用飘柔都ok的健康发质，真是无语了！！
刚拿到这套书。每本书都很薄，丰富的图画，简单的句子，每本书都是通过替换简单的单词来重复同样的句型，这种方式来学习，应该不辛苦！CD的歌曲很有意思，就是第一课中的一段音乐太长了点，弄得你莫名其妙。孩子7岁了，上一年级，学了有四年英语，在幼儿园学的。培养了语感，但单词都没好好记过。通过这套书，应该能够让他好好记记单词。就是价钱太贵了，都是影印的，一套就要127元多。能便宜些才符合中国国情。	不如超市便宜不如超市便宜不如超市便宜	不好用，在也不会买了	襄阳的京东快递太慢.......太慢！（4天才到）打联系电话还不接......！这样的服务.....视为TCL（太差了）！
外形可爱，实用性很高，价格也不贵；铃声比较好听，种类多；这款属于纯情天使，听名字就已经很浪漫了；整个机身设计非常简洁；每个键盘与手指的接触面积足够大，增加了舒适感；内设5款游戏，娱乐性比较强；机子硬件性能不错，使用时间长，快2年了没坏过。	"总体感觉很不错,对得起这个价格.就是隔间太差,晚上旁边房间看电视声音听得很清楚.其它什么都好."	老酒店，服务相当一般，酒店比较潮	1月6日的订单日，1月27日还没到当地邮局，当当客服（一男的）还不给查，当当的服务太差！失望呀，看来我得另寻高枝了！
我买了一部1470元（单电单充），总体感觉可以，功能很全。听筒声音不小，图片、铃声、短信提示音、按键音（5个）不少。	较薄，和想的差不多，就这价钱，版型好，显身材。	嗯，用起来很流畅，只是用的时间长，有些时候会有些许的卡顿	收到货，却是套装已拆，不知何故
非常不错的酒店，前台服务人员的态度也非常好，只是目前现在大堂在装修，找门都找了半天，这是小小的遗憾之处，其它都是非常不错的，值得一住！宾馆反馈 2008年5月30日 ： 谢谢您!!您的支持就是我们服务最好的鼓励!!	物流速度还算满意，毕竟距离蛮远的，这个价格来讲还是满意的	键盘不是很好 上下左右键有点歪 还有就是VISTA 需要适应很累 要好好研究	是在外面卖不出去了的存货吗？呵呵。
好吃，包装好，送货快，非常满意	价格和超市差不多，便宜几毛钱咯，物流速度快	这个平板刚到手看着还是不错的。之前一直用苹果但是导文件是真心不方便。这次希望可以。送的保护壳一般。快递箱子都开了，希望以后改进，但是快递小哥很给力不是他的错。以后还要仔细观察好使不好使。	质量不好，洗了生头皮屑而且油溜溜头发
苹果新鲜、脆爽，口感好，应该没有打蜡，个头中等，一个人吃刚好，很不错，快递也快	不错，是正品，除了大黑边以外，都还好。。	距离机场较近，还专车接送，方便中转。	送货过来的不是熟悉的京东快递。
非常好，物流也快。已经不是第一次买了，便宜正品，还会支持！	"第二次购买,价格便宜,东西很好，京东物流也很给力。沙宣作为一款比较高端的洗发水，用着温润，不刺激。很实惠也很合算"	不太能带来惊喜的一家酒店，也没什么特别批评的地方。作为一家三星级的酒店，也算够格了。位置确实很好，紧邻解放碑，酒店隔壁就是新世纪百货，但酒店的房间里却一点不吵，很有闹中取静的感觉。早餐也还过得去，酒店的整体服务都还过得去。入住期间还有免费市话和长话可以享用，另外酒店推出的还有租用小灵通的业务（￥10/天，长途、市话任打）也很人性化。房间内配置的电脑也还不错（我订的是套房），网速还挺快。不过需要批评的是房间内的沙发实在太龌龊了，白色的沙发套都近乎灰黑色了，坐在上面我都觉得难过。我们家养了三猫一狗，沙发都没有这么埋汰啊！	不过就是那副屏不怎么好。一下就坏了，在网上无法下载。
裤子颜色很不错?，用料讲究，做工感觉挺细致的，穿起来挺高大上的！！！	很好，贴上后手感好，清晰！	一直用在各一瓶可以用一年，洗完，头发特别清爽	送给LP的，三星的外观做的很好，机器速度还不错，就是开机时候设置得花半个小时，比较慢需要等一会儿。另外电池很好，当时就是看了超长待机而毫不犹豫的买了。
感觉不错，住了好几次了，交通比较方便。值得推荐。服务也可以，但是大厅可能不太起眼。	不好吃，太苦了也不甜，原本想买给儿子吃的，结果儿子吃一口就吐了	没冰箱，没浴袍，说是不是主楼什么都没，差	这是我住过的最差的五星级酒店！8月5日住的所谓经济间，504元/晚；房间很小，通道小的只容下一条腿。卫生间没门，淋浴房居然也没门，洗澡水下不去，快漫出卫生间！换了一间，还是这样。地毯很脏！没有服务！再不住了！白送也不住！有被大刀砍的感觉。
卖家服务态度好，发货速度快，质量不错 ，做工精细尺码准，穿上十分舒适	服务态度很好，早餐也有进步，性价比非常高。	闻到这个味道基本是正品，洗头舒服，京东物流很快，谢谢京东	让抵制日货的蠢货们喝蒙牛伊利，吃地沟油去吧！
平板收到，物流快速，款式颜色都让我喜欢得爱不释手，打开后更是惊喜多多。很实用的一款平板，推荐购买。	酒店位置不错，就在市中心，从火车站坐2路、9路到体育场下车都可以到，2路还可以到陕州风景区。酒店门口有公交站，6路站牌上写着可以到虢国博物馆，但实际上6路改线了，终点是上村，可以坐到第二个铁路道口下车走一会儿可以到博物馆。定的是单人房，房间不大，但自己一个人住足够了。装修还可以，可地毯和浴室脚垫太脏了！！！！实在太脏了！！！不知道多少年没洗过了！！！其它还好，只是中央空调制冷不太强。一楼餐厅的菜不错，也挺干净，住店客人消费挂帐还可以打8.8折。值得一说的是服务，虽然酒店装修比较旧，但服务是可以达到三星标准的，比较有效率，态度也不错。退房的时候把乘车卡忘在房间里了，房间服务员发现后马上告诉了我。晚上有个穿短裤拖鞋的人想进酒店找人被门童拦住了，被告知短裤拖鞋不能进入，必须衣冠整洁。对这点很满意，这是个城市酒店又不是度假酒店。只是门童的制服太滑稽了。	这个真的很一般，不知道是不是正品	质量没有想象的好 尤其是卡 最主要的是没有宣传的那样省电，我的只能用一天，使用时间不超过5个小时，比宣传的差太远了，最多能上网聊微信5个小时不能再多了，还以为能用10个小时以上，宣传看视频都要10多个小时 很失望
平板给弟弟买的，拿到好兴奋哦，我们全家都是用的华为，支持国货，赞赞赞，物流超级快，有需要还会再来？客服很给力哦！！	［荐书］因为噼里啪啦很好，已经买了好多本送人了呢	环境幽雅，房间卫生，空气清新，服务好 ，安全！！饮食比较好，价位公道，比那些路边店好的多！！	618买的，由于高峰选择25号自提。价格和超市差不多。
不错，我很满意，下次有需要我会继续购买。	反应有点慢其它都还行	1.通话时有些回音。2.外觀設計并无新意。3.反应速度太慢。4.摄像功能像个花花枕头，不实用，拍的时候有水波纹的那种变形并且变形挺严重！5.价位有点高。	"装了个没用的 Vista, 还不如让用户自己选择不装，还可以省几百块"
房间挺舒适，酒店整体设计和环境都不错。前台的服务也很热情	价格合适，配置高。外观不错，设计很新颖。 运行了2天，很正常，没有发现大家说的那些毛病。除了CPU风扇声音大一点点。不过，觉得我买到的很实在啊~！	"我家小宝同学特别喜爱卡梅拉系列故事,每天晚上睡觉前非讲不可,那些可爱的故事会陪着他进入梦乡......我自已也很喜欢不一样的卡梅拉,因为里面的图画很有趣,会说话的图片,我认为是这样的,现在儿子已经会自已讲(我想去看大海)了,希望过一段时间,我就可以当一名聆听者了.卡梅拉 皮迪克 卡梅利多 卡门 贝里奥 科尔贝 小六子 小刺头 小胖驐,真的是太有趣了,有机会一定要推荐给所有的小朋友看看"	"酒店服务亲切,我们当时喝红酒没有开瓶器，打电话给客房部，专门给我们送了过来，非常感谢。同时麻将免费租借也是非常人性的服务。缺点是，酒店别墅的设备比较陈旧，早餐也比较单调。还有附近的交通实在是不怎么方便。补充点评 2008年6月23日 ： 没有吹风机希望可以准备。另外就是牧屋区和内部游览区增加一些指示牌就更好了，我朋友进去找马场找了好久，最后不得不打电话咨询。对了，还有客房部的服务人员非常好，我们退房的时候朋友拉下了手机，等我们走了以后，他们专门打电话过来。多谢阿"
商品特别好 质量摸起来更几百块的一样 洗也不脱色 穿上身特别帅 物美价廉 客服态度也特别好 物流走得也很快总之很值得购买	电池耐用，屏幕大，分辨率清晰，正常使用软件没有卡顿问题	东西不错，物流超快，京东速度就是牛，对于追求速度的人，京东是第一选择，只说自营部分	自从MOTO开始手写手机后，我一直使用它的机器。A1200是我用过一天后最失望的。对于我们这些商务人事来说，什么功能都没有方便的电话、通讯录、通讯录查找来得好。令人吃惊，这个手机在这些方面糟糕到了极点。
真心觉得不错啊！快递快！质量超好！	超级好哦，超级喜欢，快递快。物美价廉???????????	物流超慢，裤子还那么长	不好看，真心不行
酒店除了大堂小了点之外，其他都不错房间装修也挺不错，作为4星酒店，足够了比较难得的是，房间还送矿泉水，比较5星待遇了	1、期盼之中，终于等到了心爱的东东，谢谢!    2、无意中来到你小铺就淘到心意的宝贝，心情不错!    3、宝贝收到了，很喜欢，买家很有信用!    4、有了问题能很好的处理，可以信赖的好店家，以后有机会我们再合作。    5、赞一个发货迅速，宝贝和图片差不多。。    6、不错希望下次合作谢谢掌柜~~    7、价格大众化，YY质量很好呀，款式、面料我都挺满意的.如果有需要我还会继续光顾你的店铺!    8、不好意思，付款晚了点!    9、货好，人更好!简单就好!    10、昨天拿到的，谢谢!    11、合作愉快，已经确认付款，请查收!    12、好好好!verygood!    13、产品很好，服务态度也好!    14、很好，非常满意!    15、感谢老板，送个真诚的好评!    16、终于拿到啦~~好开心那!    17、卖家人真的好好哦，太感谢了!    18、好好好好好好好好    19、刚收到货，很好，物超所值!!以	洗发露没有图片上的瓶子大、有点失望	比70毫米的苹果没大多少，表面看正常，削皮后有烂疤
清扬质量好，是真品，发货速度快，用起来沫沫很多，还会再次光顾。	各方面都均衡得比较好，键盘手感不错，重量不算重，反应也算快。	酒店内部整天感觉没有介绍的那么好。具体作出如下评价，仅供参考！ 1、地理位置没的说，处于苏州热闹繁华的市中心，外观具古色古香的味道。 2、酒店内部设施较陈旧，确切的说，要不是酒店有直通盘门景区这一服务的话，真没什么亮点，跟一般的五星级宾馆比还是稍有逊色的。特别是空调的声音太大，让人不能睡个好觉（我是来享受的，不是来受罪的，哎…）。 3、酒店服务也只能算一般，因为前后有过几次风波。（1）4楼房间旁的制冰机坏了，跟服务员反映过，反馈是会修理处理，直到退房那天都没修理。更可笑的是，房间服务的阿姨尽然给出的回复的，您按按看，有就是有没有就是没有，天… （2）酒店入住当天，在前台办理入住手续时，我明确说明是在携程网上订的，服务生让我交了500元押金，结果当天晚上又打我房间电话，说搞错了，还要我交2000元定金，请问服务生的工作是不是很不专业啊？！说实话，还是第一次遇到这样的乌龙，还是堂堂的五星级酒店呢，不可思议，以前即使住过三星或四星级的宾馆也没遇到过这种事情。 4、卫生方面也只能算一般啊，酒店的长廊、过道时有香烟灰、香烟头，尽然没有人清理。住宿房间内的桌面上能看到灰尘等等。 总的来说，对这次的酒店印象不是很好，希望继续改进。	根本不是红富士 必须差评 还有快
送货速度满快的，带内胆包，重量比想象的重，还能承受，待机时间不错，做工很好。	"大品牌， 硬件配置很好， 系统换成xp,不加内存就跑的很快！ 适合咱米米少的兄弟。"	标上去的码不标准太小了.太单薄了，不够暖和，130斤xL码穿起来腋窝下面的提起手来紧绷的快要烂了，懒得退了。不好！不开心的一次购物。	一星是给京东快递小哥的，买了两天就降价，有点坑人
很好的酒店，强烈推荐．只是服务员打扫房间有点太勤快了．我刚出门几分钟，也没要求打扫，她们就自己进去打扫了．不过，还是不会影响我对这家酒店的好印象。	酒店环境不好，设施还算可以吧，毕竟这种酒店都是住一晚就走了，性价比低，488还没有早餐。最重要的是房间地毯上有尿骚味，让人受不了！周围就一个便利店，其他就比较远了！	今年的5.1、10.1长假分别定了西安与重庆的如家，非常失望，如家简直无诚信可言。这里把我的遭遇简单描述，希望能给各位出行的朋友提供借鉴。5.1西安的如家严重超定，我们一行11人险些露宿街头，与酒店交涉了2个小时，原定的4间房，只拿到3间。同时到达酒店的不少客人，因无房可住，只得带着行李走人。9月14日通过携程携程定了10.5日如家的上清寺店，吸取了5.1教训，于10.5日下午用信用卡做了付款担保，到达酒店，办理了信用卡预受权，莫名的签了好几份入住单（在酒店坚决要签的情况下），拿到房卡时才发现，原定的2套商务大床房被换成了标房和大床房，酒店除了说“抱歉、房已满”再也没有任何解释。对房间的大小、设施没有过高的要求，毕竟是经济型酒店，最让人受不了的是，其中的一间房臭气熏天，请服务员弄了3次，仍旧臭。无语......	以后不会再买寻真水果的苹果！我是寻真水果的老客户，每向寻真水果反应后，第二次会供应质量好点的产品，从第三次开始供应的水果质量又很差，第四次供应的更差，然后再反应，供应的产品又好点！有信誉的供应商，产品质量是稳定的！有保障的！
性价比高，外观舒适，散热很好 cpu高，其实就是冲8600才买的，256独显也够用了	"无express插槽，无e-sata, 屏幕可视角太小，色域也只能算凑合，转轴处塑料感偏重"	不好吃，一点味道都没有，都是放了好久，都是黄叶子，一点不新鲜	一星是为降价，价格保护只有7天，买后10天就降价**极其不爽！
味道不错，就是个头不大！总之很满意	苹果好！吃着嘎嘣脆！还不错！感觉个头有点小！不够几口吃的！	是不是假货啊！用完之后头发粘糊糊的，就像喷了发胶再沾了水的感觉！！	服务相当差，缺乏必要的职业素养，是遇到的最差的涉外三星。（不知如何评上的星的）。卫生情况比较担心：早餐室有苍蝇相伴，送到房内的卫生筷看上去脏脏的，而且包装破损，订餐处极为嘈杂，只听到地方话的大声喧哗按服务指南无法拨长途，打了几个电话后才了解还要到大堂登记。临走希望服务员帮助查询长途车站电话，竟无人乐意，都一推了之。还好唯一一位比较好的男服务员在看到我极为不满后帮助查询。
宝贝质量很好，价格也实惠，很满意的一次网购，谢谢店家	裤子挺薄，穿着舒服，棉的不错不错，物流很快，跟客服咨询了一下尺码，态度特别好	1.机身做工出色。2.整体软件的响应速度较快。3.拍摄功能强大，支持短片拍摄，且成像效果不错。4.支持大约两个多小时的录音。5.电池待机时间比较长。	一般没有心跳感觉不建议购买
1.精致小巧。2.键盘设计整体表现干净利落整洁。3.影像拍摄清晰细腻。4.内置颇具人性化设计之“化身”程序，可对不同联系人进行设置，这点极具创意。	做工还可以，外观也不错！操作起来（我主要只是用来办公）速度也不慢。	"房间设备太差,连空调都没安装,下次如有机会再去不会再选此酒店."	必须差评，还没用不知道质量怎样，昨晚刚下单今天就降*
质量不错，款式很好，老公很喜欢，穿起来帅气。	平板用了一段时间才来评论的，总体感觉不错，反应快，运行稳定，WIFI接收能力强，不玩游戏几乎不发热，音质和分辨率是亮点，和iPad各有千秋吧我认为。就是有一点，屏幕亮度有点高，暗环境下有些刺眼。希望攻城狮后续优化改进。	"早餐份量很足,四个人吃两个人的份量都吃不完!!!"	差评是给京东的，买个手机用了1个月2天，抢购，预售，抢了买了就是不发货，买个手机都可以拍一部叠荡起伏的连续剧了，不管搞什么活动买了你们的货，就该发货，买了不发货只能对相信你们的忠实客户是一种期骗，叫我们什样相信你。
苹果不错，比较小，正好一个人吃完。	大了让换各种理由拒绝。	收到的商品是这样的。。。买一瓶洗发水还没用就漏了一大半了，问客服怎么处理，他跟我说这个要看售后怎么觉得的，我去来~~~	质量太差，一次就漏
给老师买的，老师说很新鲜，相信京东，就是快。就是好。	给媳妇买的，她说质量可以，我也感觉洗过头后发质是顺了些。味道淡雅清香很好闻。沙宣品牌还是有保障的。有分叉，干枯，脆弱发质的，可以买一套试用一个月。个人和媳妇感觉还是不错的洗发水。    购买使用一段时间才来评论。	你这不是在坑你爹吗？商品介绍说的是加绒的，发货是夏天的。斗鸡眼啊你!?	这就是京东的水果， 自己看 。就差没有重量没有看了 我也不想看了 外观特么给坏了一样，本来打算老婆怀孕了给老婆吃的，看这样敢让老婆吃吗。京东第一次买水果 失望 以后还是去水果店买吧。差评 ，味道看追评。 我不匿名评论了 没意思，不乱评价 自己看图片 退货都懒得退货。
老公很喜欢穿这种夹克款式，无意间看见这款觉得不错，所以就入手了，收到货后，试穿了下很合适，大小长短也刚好	酒店的房间还是很舒服的。早餐蛮丰富的，但中餐厅价格贵，质量也不好，我们从进去吃饭到结账就我们一桌，没有别的人。酒店门口在修地铁，灰尘漫天飞。天津满街跑得是破夏利车，要找个干净的好点的车真的很难，酒店门口的车只跑远的长途，并且火车站那里的破车还要乱斩客，价格比奔驰车还贵。	你的快递是从太空的发过来的吧	这酒店也太差了，根本达不到四星。大堂脏乱。第一间房因排气扇轰轰作响被迫换房，第二间房就更离谱，竟能听到隔壁的呼噜声，隔音效果太差了！
价格实惠，比在实体店里买的便宜，还送了好多东西，挺好的，以后有活动还会来的	朝阳的房间不算大，朝南的房间比较大，有大沙发，但是比较昏暗。大堂比较暗，不敞亮。位置比较靠中心，就是门口有单行。	扬声器音质较差，LED屏色彩还原不真实，接口布置不是很合理，combo光驱不能刻录DVD	感觉不好，没有在超市买的好
苹果挺甜的，就是小了点，确实是12个4斤多。。	因为要去高新园区，图个方便，门口交通还不错，有轨道交通。商务旅行，网络能让人满意。早餐令人失望，没啥吃的。还有最近似乎涨价了。	速度太慢，4天才到货！以为这是美国大苹果呢？	垃圾，穿了两天变开裆裤了
多次购买这款打底衫，质量好，价格实惠。	1出风口热量大，比其他机型散热大；装机非常费劲，关闭sata还是不行，格来格去，终于搞定，3驱动不好装，但找好顺序基本没问题。	因为早上飞机才订的这家酒店，机场每半小时有接驳车还蛮方便，但早上最早车4点可以预定，第二班就要从5点半开始了，对于6点半航班的人来说有些尴尬	看着包装还可以，赠品没送，用了一晚上，死机卡机了七八回，郁闷╭(°A°`)╮
箱京东购物体验真心不错！昨晚十点左右下单，今天早上十点就送到了！箱子包装不错，苹果个头中等，吃一个满脆满甜的！赞一个！	物品已收到，京东的物流速度就是快，快递员的态度也很好。物品比超市便宜，已多次购买。	用了之后感觉不好，有头皮屑，味道还凑合吧！以后不会再买了。	双11是购买到的是假货，京东也只不过如此
每次都有惊喜价！我的最爱京东！生活用品京东全包了，现在缺老婆一名，东哥你也帮我包办了吧！哈哈	我觉得我买一本书首先要考虑到它能带给我什么效果，是否可以学到我想学到的东西，看完这本书后，感觉拉拉这个人的性格和我的性格很像，本质比较淳朴、善良、倔强，但可能我没有她那么勤奋，那么勇敢，也没有她那么“用心”，想自己得到的一定要争取等等。也讨厌社会上现在过于复杂的人际关系斗争。我的方式一般是选择“逃跑”或者是不理睬.............呵呵 ！总得来说，这本书对于想在职场上混出样的女性来说还是值得借鉴的，呵呵。	苹果长的真丑，而且不是很甜！不太好吃！个头很小，感觉不值这个价，还不如到超市里面买呢！	纵观整部书（上下两册）  从文字，到结构，人物，情节 没有一个地方是可取的虽然有过从业经验 但并不是有过类似的经历就可以写书的文字的东西  需要表达  需要雕琢很失望的一本书
收到速度又快，态度很好，质量不错，手感很好！	买了一百块钱的水果，包装很用心，到家没有坏果，快递员还帮我打开检查了，购物体验很好，苹果不大，好在挺新鲜	配送员太慢配送员太慢了	衣服有很大异味，并且推荐码数极不合理，1.77米 74公斤买的2XL居然还小，真不值这个钱，还是去实体店现场买的好！
房间很大，而且直接面对长江，景色很漂亮，不过附近好象吃饭地方少了点。	系统换XP后会更好用点。微软为什么一定要让生产商强制安装vista这种自以为很cool的大块头呢？如果能有包就更好了！	看重位置的可以试试，设施不敢恭维，	?拿到的实物比样品真是差的好多?，感觉真的好土哎?
帮同事买的，说面料不错，尺码标准。好评	"整洁,房间大小也可以,大堂也很舒适,漂亮,还供应免费现磨咖啡,赞"	买两个红心火龙果，居然这样儿？！	根本就不是棉的，拿到的时候很大的胶味。。。
不错，活动价买的，哈哈哈！！！！！！！！！！！！！！！！！！！	今天刚收到，包装很细致，我想京东应该不会弄假货砸了自己牌子。	驱动的确麻烦，至今摄像头没弄好，打开出错！体积有些过于庞大，不够精致	本来是看的9号可以送到才买的，结果10号才送到，不不讲信誉了
还行吧。比较新鲜。个头不大。和菜店里买的差不多。	一直都用的苹果ipad，换成国产安卓。我不是果粉，从使用体验上不吹不黒观评价一下，希望有帮到你们。	刚取的时候没发现屏幕有问题，拿回家之后发现右上角有一个小红点，运气不够好，不过不影响使用。后来用的时候，看电影时偶尔卡机，不知道什么问题。	反应十分缓慢，用了不到8个月，坏了5次了，现在还在修理！
苹果非常好吃，皮薄、汁多、脆甜爽口，俺可是和家人吃了以后才作评价的哦，家人也说很好吃，说没想到网购的苹果会这样好，价钱也合适。谢谢京东哦，冷链做的好，各方面服务也很好，我会继续支持京东的。	我试一下自己买来整套的《鸾》，本没有想到其内容得精彩只是看到价格能接受又是以整套书就买下了。我是一个清史迷虽有时爱看看有关的书，但更多的是被这部书的内容所感动。女人傻痴情的女人更傻，傻得没有自我眼中没有了一切，去追寻那种爱。书中男主与女主的爱荡气回肠，男主的执著更是我看到了现代都市爱情的缺陷。此书值得一看此书值得收藏，美的东西人人都要去感受一下。	刚买下来就便宜几百块。操	一楼极度多蚊子，点了蚊香一晚还是被骚扰得睡不着！！！！！登革热这么厉害的时候如此多蚊！
外观做工，外观我很喜欢，或者说我就是喜欢thinkpad的外观，做工扎实。 屏幕效果不错，比起另一台acer的LED屏，觉得颗粒感稍重，色彩表现也差一些，总体不错。键盘手感一如既往的好。散热也很好，用了很久，键盘也只感觉温，底部除了散热口部分，其他冰凉。	宝贝好，质量不错值得购买，下次再会	铃声还凑和；屏幕平常还能看清上面的文字，但不细致;显示图片时，有时感到色彩不真实；而且一到强光下，屏幕明显模糊了。键盘手感不好！内置的游戏跟本没意思，还不如把内存腾出来，加大短信存储量！机身容量也十分小，能下载的东西没多少。	洗了头之后，起头皮屑，各位不要买
键盘功能键好像翘起来的，仔细观察，好像东芝的都这样，大家看得时候注意	用完特别容易痒，跟以前屈臣氏的根本不一样，绝对的假货！！！	给差评的原因，第一耳机呢？，第二找客服回话了？？，第三乐视的会员卡呢，别人都有我的呢？？	差评，刚买还没收到货呢就降了50想退还不行
选料做工都不错，拿在手里很有质感。自带的数码相机也挺好，可外接闪光灯，支持视频拍摄功能，效果也说的过去。还有延时录制及播放功能，视频及图像可通过E-mail或MMS短信与文字及声音一起发到别的手机上。电话本的容量也够大，内置Modem，速度也还可以接收，最关键的是刚降完价。	穿起来很舒服，愉快的一次购物	垃圾客服问什么没反应，发过来的和图片不一样。不建议购买	不是本人领取的，我买的手机被人冒领了，手机到了快递竟然没给我联系，来了人给了别人，第一次京东购物经历，也是最后一次吧！没想到这么差，问题还在处理，不过现在还没结果。东西丢了很心疼，但是没办法，到现在一天多了，我再继续等结果吧！！！
洗发水收到了清扬洗发水效果非常好。这次618搞活动买的非常实惠。京东商城值得信赖	第一次买班尼路牌子的T恤衫，手感挺好的颜色也算满意，就是不知道洗几次后会不会变形或变长，希望不要变形哦。	整体性价比很不错！！！！！！！！！！！！！！！！！！！！！！！！！！！！！！！！！！！！！！！！！！！！！！！！！！！！！！！！！！！！！！！！！！！！！！！！！！！！！！！！！！！！！！！！！！！！！！！！！！！！！！！！！！！！！！！！！！！！！！！！！	"买回来的时候刚刚试穿，发现太窄穿不下去，想不到我的脚足足大了3或4码，我的天啊，真想拿个剪刀直接剪裤脚算了。哎，不如换个大它几码的牛仔裤穿了算了，只不过刚刚寄过去还没有寄过来哟。还有，今天负责送牛仔裤的申通快递的快递员邹剑老先生的态度比之前送唱戏机的圆通快递的快递员态度差了几百倍，想不到申通快递竟然请了这么一个经不起等而且事先不打手机通知顾客的老快递员来送货给我还嫌我的话多而且很烦，真是气死我了!真想希望要么申通快递尽快炒了这个邹老快递员，要么换个好讲的人给我送货过来，要么换京东快递的人给我送货过来，不要尽是去到我家楼下叫我或者在楼下给我打电话，派这样不知所谓而且恶言相向还脾气差的人过来给我送货真是丢了大家的脸，最好下一次而且永远都要是派京东快递的快递员给我送货，因为京东快递的人好讲而且送快递到我家前5分钟就打手机提醒我货就送到我家那样的贴心服务那样真让我难忘呀，我爱你我的最贴心的京东快递,我永永远远都支持京东快递，Yeah!"
总的来说很不错，环境很好，特别是早餐，很好，很有竞争力。我过年这几天综合比较几个四星级酒店的早餐，还是他家的最好。	近日亲临，确实不错，较泉州的其他高星级酒店舒适	"线头一大堆,居然商标都没有，最差劲的一次购物"	差差实在大差了
安装好了 挺好的！赞	还可以，手感还不错，小了一码，但是也可以穿，很修身	真不怎么样，要是在实体店里我肯定不会买的	从去年开始，我上广州都住这酒店，开始感觉还不错，地点好，吃住方便，缺点是卫生间太小；后来就越来越差，12月这次尤为不爽：晚上睡觉，隔壁房间客人在洗澡水声特大，那声音就像隔壁在装修；酒店餐厅服务态度极差，可能是我们是拿了住酒店送的早餐券，部长的脸色象欠她钱似的，点了一份最普通的拉肠，等了半个钟头还没上，最后不吃走人；前台的态度也不好，从头到尾没见一个笑容，下次肯定不住这里。
在京东买家伙就是放心，自营物流特快	宝贝收到，真的出乎我的意料，第一次到京东买水果，说是21日到，直到24号下午查看物流还不知道货在何处，因为本身就是抱着试试的心态没有太失望，做了退款处理就不去管它了，结果晚上8点顺丰快递小哥给我送了过来，确实大感意外，接过包装打开一看个个新鲜没一个磕碰坏的，真心赞一个。上京东不光买电器没水货，买水果都是棒棒哒	太烂了。	房间冷，卫生差，布草几乎都破损，很不满意。
"沙宣洗发水以前一直在用,沙宣洗护套装修护水养套装，快递很快，用的很好，质量还不错."	书的内容不错，但是再版的印刷没有以前好了。我以前在新华书店买过一套，后来送人了，听说当当会有折扣，就又订了一套，发现有当当网营销支持的版本明显印刷质量不高，图片清晰度低，纸张也不如在书店卖的那个版本好，不知道是为何？是价格打折质量也要打折吗？	洗发液和超市买的不一样，没有弹性，洗了头皮痒，	上面照片看着挺好，拿到手和我在水果店买的*一斤的一样的，里面坏的也好多，水果店还不要物流费，可以自己挑好的
华为荣耀平板不错，很好用价格便宜，性价比高，服务态度好	为了玩个游戏买的，不过值得一说的是音效，的确不错，双喇叭，么么哒	我只能找到这个奶了。。天友的。木有蒙牛光明	看的时候二十多，下单是时候居然变成59，59买三个火龙果！
沙宣的东西看着很高大上，用起来也不错。活动时买的，很划算！会继续支持京东	感觉还可以，洗了后也没有缩水	很破的宾馆，号称四星不过实际的情况比好一点的2星都差，早饭也是惨不忍睹。	洗了头皮好痒，我隔一天洗都痒难难受，感觉不是正品
介绍的教育方法非常的有操作性，像施展了魔法一样神奇。原来我的宝宝（4岁半）弹琴的时候很调皮，我很生气，而她也觉得委屈，后来就变得不肯弹琴了。用了这本书教的方法，现在我们两个都很愉快，她的进步也很大。家人看到我们俩写的纸条，笑得几乎走不动路：上面有她的三条办法：把琴扔掉，不弹琴，和乱弹琴。当然在我的引导下，她自己划掉了，只留下我的那条建议：每天弹一次，好好弹！	就是离机场近，其它都不好	个人觉得不值得一买。不喜欢这种乱糟糟的画法。喜欢这本书的，大多是单身生活的女子，与其说是喜欢这本书，不如说是喜欢作者传达出来的态度，是单身生活让大家产生了共鸣。	我能不能说下问题，请告诉我，这盖子是不是特么盖错了？怎么让我相信是真是假？就这样忽悠消费者吗？还特么动不动让我自己去打保洁服务电话查真伪！能不能给我解释下包装盒被雨淋了？
比超市便宜很多，巨划算。味道也是香甜的。	从上海出发，沪杭高速，杭州绕城北线，西线，杭徽高速，临安出口下，右转弯后第一个红绿灯（加油站）左转，市标转盘处有一条小马路直走就到了。环境很好，度假的好去处。	"总体还不错.现在还配了杂志,可以学英文.酒店大堂在装修,以后正门将朝马路."	这么水的手机就不说了，还这么垃圾的售后，看看我找了售后多少次，还给我升级到售后主管，结果干脆不理我了。。第一次遇到这么水的，这么垃圾的。。我有给过差评？？只有这一次，真垃圾，真水。。。
产品很好，京东质量管控让人放心，售后服务有保证，支持正品，支持国货！	京东发货就这么神速，昨天晚上10:50分下单，第二天早上10点就送到家门，京东大爱!价格*/12个，有盒子包装，太值，自吃送礼都不错，至于口感未吃，我买来送礼用的。不说了，上图	"住的行政大床房,实在是喜欢西郊里的环境,院子里的黑天鹅,丹顶鹤,还有西郊的小野猫,繁华上海中的安逸休息之地,以后去上海都住这里."	再次的上当果子太小了，不值这个价格。
还没用 肯定是正品啦 比超市便宜 而且还送货到家 速度这么快 没有理由不选择京东啊！	1.外观很沉稳，干练。acer 的本外观不错 2.屏幕很好 3.键盘人性化设计 4.接口丰富 5.京东送货快，客服很尽责，对我的投诉，咨询回复的都很快，不推卸责任 6.机器配置高，250G，SATA硬盘，2G内存，AMD双核	怎么就没有赠品了呢，赠完为止，没有了就不要写了	裤子一般 很厚 买了好多次 每次都不满意 以后不来买了
衣服真的很不错，质量很好，价格也便宜！	还不错，挺多的，气味还可以吧，活动价便宜	位置虽好，但房间较细。大堂连wifi 都不行！服务员统一表情，不会笑的！幸亏最后前台有个靓女帮我临走那天延长了退房时间！应该谢谢她！加返点分吧！	用了3天后出现一次花屏，颜色就像电脑上的256色那样转轴没有力度细节处理不够细致MP3不能快进，没有歌词功能厚了点
之前买过一套和这个一样，用着还不错，现在又拿一套，而且还是活动价，太值了	味道还不错，泡沫细腻，容易过水，还行很划算	这本书不象宣传里说得那么好，买到家以后，翻了翻就没有兴趣了。本来是想买回来，让小孩学习英语的，拿到书以后，竟然是中文夹着英语单词，这种脱离文章来学习英文单词的方法，我是不认同的。	对产品很失望，一堆人，评论没一个中肯的，都是托儿吗！真是缺德，这样会误导人的！！！平板整体做工一般，点击反应慢，感觉点击完以后，会迟疑一下，流畅度也不好，耗电快！没皮套模式，没双击唤屏！不要说价格怎样，几百元的米手机都有！毕竟一千多块啊，感觉没比几百块的寨本强，后悔买它了，实话实说，不值！没看到性价比，并且本人第一次接触华为的东西，印象十分不好，以后不会再触碰华为的任何产品了，感觉不用心！
秒杀买的，同事都说便宜，还没用上，，等用上再评价如何吧，大牌应该不错的吧	看着不错，还没有吃。期待品尝后的感受，后期在评论	华圣 高原红富士苹果 12个装 约2-2.1kg 新鲜水果	上次送袜子，今天不送了，没诚信。
设施不算新，但是挺温馨的，位置很不错，卫生也好	"环境是很不错的,很漂亮,就是免费升级的事没有事先通知,让客人受到了不平等的待遇.意见很大.中餐不错,西餐太不地道.房间价格很便宜,套房很大,早餐也不错。"	1，没有什么快捷键，所有快键都得通过FN来操作，不大方便。 2，这是SIS主板，不是英特尔原装主板，不支持双通道内存，怪不得价格比较低。	机器还可以，但是下订单时是送原厂开窗保护套的，没有送，双十一这么忽悠消费者，鄙视京东，希望京东可以补发过来！！！
洗发水还没有用，但是快递是真快，早上买下午到，这速度，这包装，有谁能比拟呢，	以后再不买华为了，伤透了心?！	服务很差，房间没有窗户，告诉我“不保证提供有窗户的房间”，所以安排住进了一个像洞一样的房间不说，而且中间还有我一根很怪的大柱子，真是奇葩……，下次绝对不住了	差评，洗衣机洗衣就破了
大小差不多，看着还不错，还没吃！京东的快递小哥服务态度很好，点赞	还行吧，感觉很好看，比小米那款性能好很多，第一次用华为的产品，相信京东！	物流快/物美价廉值得购买	"没有想象的离西湖近,年轻人走走也得10-15分钟.因为窗不是面对西湖的,所以景基本看不到西湖,要把头探出去,勉强看到商业街远处的尽头是湖面"
机器非常好用，就是忘了买摩托买包，如果有可以做一套的这种套餐就非常好了。	阿送货快，没有坏果，也甜，不过呢，不是我喜欢的种类，没那么脆。	服务还可以，酒店是差了些	买了两箱，只有两个跟宣传图片有点像，有纹路，其他都是红的，感觉很差，别人买剩下的。苹果不新鲜，个别上面有划痕。苹果长的很难看，歪歪扭扭的。
特地用了几天才评价的，宝贝不错，性价比高，价格实惠，画面声音清晰，值得购买哦！	不错，不错，不错，不错	味道特别大，洗发水灌的。	物流太慢太慢，衣服不怎么样，
衣服很不错，穿上很舒服，面料不错。	物流很给力，平板已收到，不错，喜欢	物流给力，一直用的沙宣品牌，好喜欢？	没得说，这个价位好到不行。。
还不错了，盒子装的挺好的。到货也快	比想象中的薄了一些，和我其他牌子的尺寸有差异，瘦了一些，春秋穿可以，冬天就差了一些，央视比较不错！！	洗发水送来时，开箱就一股香味飘来	吃第三口的时候发现竟然是这样，太恶心了，都留下阴影了。还剩两个不敢再咬着吃了
这条裤子非常棒，非常喜欢，下次还要买！物流很快！总之就是很棒啊?	走廊上极噪 估计是乌合之众的住所 根本没睡好 害得我考试时候晕糊糊的	本来是可以送礼品的，提到礼品了居然不理了，真坑，还能不能愉快购物了，一点售后保都没有，下次不来了	买了三个华为手机，这次最差，以前的电池能用两三天，这次的居然一天都用不到，怀疑是别人退货的。差评
苹果一早就收到了，打开有惊喜，想不到7mm这么大个！而且个个都完好无损，赞赞……味道待尝，快递小哥很礼貌很给力，送货上门的	收到货了 是正品 而且码数刚好 质量又很好	质量不错， 穿上很舒服， 大小合适	所有观点都是泛泛而谈，点到即止，没有实际效用．很失望．对任何一个受过教育的女性来说都米啥大作用
优点： 外观够有型，配置很不错，价格合理，非常适合商务使用 不足： 光驱偶尔声音真的很大，底部发热量很大。 总结： 特价4999的价格购买还是很超值的，值得	我们不需要蒙牛	万豪是国际明牌酒店，前台服务总算合格、态度良好。然而可能是重庆的关系，这家房间质素非常一般而已，旧、小、设施普通。按这房价在重庆的CBD解放碑可以找到房间质素高很多，但价格要便宜多的。最值一提的是酒店大堂旁的西餐厅，中午自助餐可能由于没什么生意，食物新鲜度及服务员劣质的服务态度加上重庆顶级五星收费，会叫你马上决定别再考虑走进去。在重庆解放碑已住过好几家五星，建议若则重品牌的住客，相若的房价，选洲际会发现相差很远，物有所值。	差评，严重差评，6月17日上午下单，提示下午三点到七点间送货，等啊等啊，一查物流，居然在平谷区，然而我写的地址是昌平区，打电话给客服，回复是耐心等待，18日下午送达，18日上午的物流信息依然在平谷，最终19日上午才送到，这是买来送爸爸的父亲节礼物呀，居然错过了父亲节才收到，打电话问还不承认自己送货送错了，严重差评
不要让人评价上都写好的一面，让人选择好还是不要。不喜欢这样的购物，不想用白条，打了款还还给我。	我在京东网买的华硕笔记本，第二天就发现严重的问题，无法使用。后来在华硕维修站的检测后发现是主板坏了，但由于检测过程中拖的时间很长时间，以至于超过15天包换期。现在，我要求换新机或者退货。	非常非常一般的酒店，无法跟如家或者莫泰比，居然还称之为是环保经济型酒店，汗啊。第一次见到房间里有燃气热水器，还是“前锋”的，是那种开了之后发出哄哄声响的！！！床也不舒服，垫被会移动，毛毯。。。古老的毛毯啊，已经十年没见过乐。唯一称赞的是地理位置，附近吃的喝的倒是有很多。	"差的没话说了，我同事在这里吃了三次早餐拉了两次肚子。这个酒店不会收拾房间的，用完的浴巾都不知道收拾，房间的垃圾也不知道收拾，所以如果不小心住进来了就千万别续住。前台的态度也很差，好像都欠了他们的钱一样。空调声音极大,晚上都无法休息。床极其不舒服，坑坑洼洼的早上起来腿上都有印痕。吃饭超级贵，都是政府来消费的。骚扰电话很早就开始，很晚才结束。门口的出租车虽然是正规出租但是素质都很差，近距离就拒载，远距离就绕路，和青岛有一拼了。小日本巨多，早餐吃饭的时候看着小日本就没胃口。"
1. “OK”按键手感一般2.屏幕在强光下显示效果一般3.拍摄的照片不能作墙纸使用4.外观设计无新意5.不支持红外和蓝牙	第一次从网上买水果，真是醉了，这种成色的水果在超市里我连看都不看，真是糟糕的体验	6月18日下午3点多下的订单，6月22日才收到，先不说物流时间太长的问题，收到快递打开一看，三个火龙果有两个已经烂了，另外一个也是干干的，有一头还张了白毛毛的东西..这是第一次在京东超市买水果也是最后一次。从来不给差评的我这次真的没办法不给。	商品还行但京东把我帐号弄成什么优惠券都不让领，这个1星是给京东的，
最近一直在京东生鲜买水果，品质有保证，价格合适，全程冷链物流，物流也很快	1、回来装系统搞了好半天； 2、内存还是有点小气了，虽然够用，但无论如何都要升级的； 3、价降得有点快了，现在是3799了，买了没几天呀！ 4、重了一点。	马马虎虎，质量一般	这幺小这么贵太不值了，这都是赠品
书拿到了，我马上就拆开瞧瞧里面到底装的什么，发现赠送的几本书，挺实用的！试卷有10套，每套答案都跟在后面，这和我以前买的材料有点不一样，这样也挺好的。有一点比较怪，就是只有一份样本答题卡，其它试卷的答题卡是没有的。还好，我本来就不太需要那个东西，所以对我来说，也什么在意的了。我翻了一下答案，感觉写的很详细，真的不错！我和我同学都买了这个，希望对我们的考试能有很大帮助！	品质不错 质优价廉    就是快递袋子破了。	酒店5月装修，味道很大，应该处理好装修后的味道等再让客人入住。	请问。还想让我说什么。我真的一星都不想给。
裤子质量蛮不错的，按照卖家介绍的大小也刚刚好！推荐购买！	东西是正品蛮好的，第一次用京东，服务好送货快！而且快递小哥大中午的那么热还亲自送到家门口！比某某网站快递公司快递员好百倍千倍。。	给爷爷买的选京东就是放心，客户，看到我的评价，请与我联系，我要开发票，没有发票以后怎么保修？	"每次喝牛奶时，总会觉得特憋屈。虽然我可以选择抵制蒙牛。可我做不到抵制牛奶,我喝下的究竟掺杂了多少我所不知的东西？我竟连一杯牛奶也要喝的战战兢兢。"
第二天就收到了，反应特别快，给妈妈买的，他很喜欢，看看视频，玩玩游戏，非常棒	服务太差	我靠了，你特么确定这玩意能用啊？？？？我刚到就出现这样的问题？？？？？这明显就是用过的，关机也关不了，开机也开不了	"从未住过的这么差的5星级酒店,一家人开车去玩,8月8日通过携程要了三间景观房,其中一间打开房门居然里面已住了客人,5星级酒店出现钥匙牌搞错这种情况真是闻所未闻.换房后晚上在酒店的""亭下""厅吃饭居然在汤圆里吃到了一大块塑料纸,找服务员后同意退了.回房后1221房的钥匙牌居然又打不开房门了(刚进去时可以打开),叫来服务员打开后,房间电话又是坏的,再叫来服务员维修,住进去短短的二个小时时间,碰到了4个倒霉的情况,本来在这特殊的日子里好好看奥运开幕式的心情已全无了,实在让人扫兴.第二天一早好好看了一下房间,发现床头灯罩上满是灰尘,很呕心,这种5星级酒店真是连3星都不如,真是太差太差了."
洗发水质量很好，价格合理，推荐购买。下单后发货快，快递公司送货及时，服务态度好，给五星好评。	当时那个小孩还不咋会说话呢，我是把小孩说的字用音频软件一点点拼的哈哈～～那广告实在太幼稚了～～不过相比下我比较喜欢吸牛奶的那个广告哎！～蒙牛大包装牛奶，让你一次喝过瘾！～	手机还是不错的，只是刚买一个月掉水里屏坏了，到华为售后换个屏九百啊。。	跟地摊货差不多，做工很差
坏果太多。    坏果 货到付款 自取    时间长	"尺码不对,36的只有32的尺寸,坑人!"	苹果太小了！就像没长大的，太差了！	是假货吧！洗完吹干头发，用手一抹全是油，而且里面的洗发液特别水！不建议买，赶紧换回原来的洗发水！浪费钱?
地处闹市，办事方便。卫生条件好，人员服务好，性价比高！	啥也不说了，等了好几天终于到货了，吃的第一个就是这样的，看图说话。	我用了不到两个月，现在只显示时间，其它的什么都没有了也不能打电话，就象电脑死机一样，售后服务的说这是需要升级，我不懂为什么用了不到两个月就要升级，是不是骗人的，大家最好别买	什么歪瓜裂枣，又小有软又烂，气死我了什么歪瓜裂枣，又小有软又烂，气死我了什么歪瓜裂枣，又小有软又烂，气死我了什么歪瓜裂枣，又小有软又烂，气死我了
所长，干脆点，梦个蒙牛！我相信猛牛	连套子都不送，有点不爽。原来是微卡，还到移动店里剪成了迷你卡，移动的美女也该赞一个！	苹果太小，味道一般！感觉不值这个价！！	没用几天就黑屏开不了机了，买给老人家用的，真是无语。。。。。明显是二手机翻新的。。。叫我如何是好
用过后才来评价，沙宣套装棒棒哒！非常好用！还送了三组小样！不错！下次还会继续购买！	服务人员态度良好安静不扰人离商业购物中心步行约10分钟	包装很好 货也没得说 但我昨天刚买今天就送吹风机 再加两个赠品 什么意思啊(;｀O)o 气死噜	效果不好。很差劲儿
大小很合适，款式非常喜欢，物流快，卖家服务热情	给老公买的，大小合适，手感也不错，老公满意，我老公从毛衣到裤子，从外套都是你家买的，合适他！	有些外面有伤，有些直接是这样子	感觉是假的，洗了头皮好痒，两天头发就油了。
家里老人用的挺好的	离火车站、汽车站较远，不利于自助游！但酒店的环境和服务还是不错的......	这次买四种水果，没有第一次买的好。哈密瓜还没熟，太嫩了，没甜味鲜味，吃了一口就扔了。桔子评论都说很甜，为什么我的就那么酸，我爱吃酸的都难入口。红肉火龙果没有第一次买的那么甜。唯独苹果还算满意的，就是好小?	哎，，，寄错地址了。。。
个大，倍甜，没打蜡，但也不是最近的新鲜苹果，应该是保存在冷库的	有的地方做工还有待改进，特别是SD插槽的挡板和边缘配合不是很好。	真心超级无语 从第一次用完开始 到现在不到一周 头上全是头屑 崩溃了 失望 生气	挂个牌子小标签是花花公子，实物却不知道是什么鬼东西?。差差差
质量好，穿着舒服，做工好，尺码标准，性价比高。	配货快，性价比较高，外观不错，性能稳定，噪音不大，对移动硬盘支持好，驱动程序、使用说明放在了E盘中。电池有延保卡。	快递慢的和爬一样，和平时京东真的不一样	服务很差，晚上竟然停电了2-3个小时。周边很荒凉。房间里面一张圆床占了很大面积，其他都显得很拥挤，床头边上就是洗手池，头顶对着淋浴房和马桶！设计很不合理！
一直用清扬的牌子洗头，效果特别好，不油腻，好评！	外壳很有特点 条纹很好看 用起来不错 装XP按网上的说的很容易装，还有原装鼠标	觉得洗发露有点假，不是广东产地连二维码都扫不出标价来，上挡下次不再买了	真J8坑东西不送就算了，隔天就降了两百，呵呵能说什么？
物流非常给力，包装严实，完好无损。热水器还没安装，看着很不错，质量也很好，这就是品牌的力量！	看着不错，热点穿，应该比外面的好吧，毕竟牌子在那	"屏幕渣的一塌糊涂,后来了解实体店800可以拿"	买完第二天就降*前客服说可以打电话，拿到货了说不支持sim卡！垃圾！
东西收到打开一看，发票，一张膜，机套，乐视卡都有。看起来挺精致的。试了一下电话卡也能打通，家有流量用了也都好呢。第一次在京东购物，还是给别人买的，不错，用的以后再来评价。	本人发现了一个很不人性化的地方就是整点报时这个功能，我一般晚上是不关机的，谁知道它报时大半夜也报，任何整点都报，夜里的声音是很大的，这就有些不好了！！！！！还有就是前面的朋友说发短信不方便，不能自动储存自己编辑的短信，但是我觉得很方便啊，在你编辑好你所要发出的短信后，你可以选择发送并保存，这不就可以啦？	衣服没有以前好	日真是太垃圾了用了三个月主板就坏了
"外观很漂亮,特别适合女孩子使用,买粉色送给老婆的,她看了后超喜欢,一部手机的钱一部本本的享受,真值!!!"	好衣服，买了三件，就感觉这件好，价格实惠	平板做工还可以.但总得来说一般.功能手机也基本可以满足.我在挖掘下...不行就....	内置的海力士内存不怎么样，主板也不怎么样，装了VISTA不能流畅的运行，没办法又重新买了4G内存
"裤子质量很好,老公很喜欢,大小合适,不错,"	各个方面都还不错，接受渣打银行的信用卡但是不接受招行信用卡预授权，只好让朋友先代劳了。不过在退房时却又可以用招行信用卡付帐，感觉怪怪的。	"现在国内这个价位的本本大部分都是预装BASIC系统,如果可以的话,应该预装PRIMIUM系统.BASIC系统太丑陋,用起来还没有XP好."	用起来卡的很，而且系统优化不敢有些字只能显示一般
宾馆虽然比较老，房间感觉还可以，服务很好，早餐品种少了点。打车起步价到海边。走路15分钟到好又多超市。在开发区里面出差住在这里很方便。	1、所谓钢琴漆，既不耐磨耐刮，还容易留手印。 2、换装XP非常麻烦。 3、电池续航能力一般。	这个火龙果，就放了两天，然后就是这样了。京东现在要上点心。	客服欺骗人，明明说有赠品，而且我拍的时候也显示有赠品我才拍的，结果拿到平板没有赠品，还说是赠完即止不能解决，太恶心了人了
宝贝质量很好，没有色差，东西质量很不错，大小合适，非常舒服	没有坏的，只是有两个特别小的，还没吃，不知道味道怎么样，应该不错吧	618活动买的 坑人的	"酒店总体感觉太差了,房间脏,旧。晚上入住后用水, 开出来的水竟然是混水-铁锈的颜色。早餐也很差,没有什么东西可吃的。和同级别的如家相比,比如家差得不少"
物流超级快，宝贝收到了就打开来吃了，好吃！	很好用 洗头舒服，还会再买的！	苹果?品质优良，味道还可以吧。	物流很慢，一个月才到货！质量很一般，跟十几块的没区别。。。客服态度也很差。很失望的一次购物！
质量不错，材质好，面料摸着舒服，做工很棒，尺码准确，穿着刚好而且很舒适。卖家服务态度也非常的好，赞一下！	一到四部我全买了，虽然四本书中有很多重复的地方，但对我了解以及能够去看懂红楼梦的帮助实在是太大了，呵呵！此书上部分讲薛宝钗的情爱问题其实很多第三部都说了，这里只是再增加了一些信息，比如宫廷如何选秀的，还有古代皇帝妻妾的排位等等，也算是增长见识吧！至于下篇都是新内容，所以我觉得刘心武先生的这四部书都值得买！	很好用，香味刚刚好，不浓不淡，??	看起来不错，不过还没有用，打折囤货
新蒙牛，改变正在发生，只为点滴幸福！蒙牛正在从广告营销向产品营销转变！做好产品质量就是最大的营销！一家受世人尊敬的伟大乳企正在从每一个细节改变！ 洋奶粉财主	不行，亏大了	为什么自动锁屏我设置的是5分钟？但是只有十来秒它就自动锁屏了？给个解释？	很不满意，我下的单是厚款蓝色，店家给我发黑蓝色的过来，收到货仔细看后口袋还烂的。差评！
使用半个月才来评价，我是干性发质用了之后头发柔顺不毛躁，护发素比想象中还要好，下次还来买。	"服务很好,房间质量太差,差点被蚊子给吃了..唉..不过服务员的服务真的很好,能和五星级的相比.."	开机时读取SRM卡时间比较长，按键反应迟钝。不支持JAVA、红外接口。	商品一般，快递太慢，天气冷不想出去街上买才网上买，买了5天没有到我都流鼻涕了，没办法冷也要出去街上买了不然感冒了就麻烦了，你们这些网上购物能快些么，网上买了3外套3T恤虽然不是在一家买的，这快递速度也太慢了升温了穿短袖了才到，人家说雪中送炭你们这是夏中送炭，现在广州30度这不是冷着我还让我中暑节奏么
比华为商城还便宜?，支持京东!快递小哥很迅速，很敬业，点?	第一 散热一般。。。用了一会托腕处就发烫了?第二 液晶屏和主机部分的圆柱形转轴太粗了。。。影响整体美观。。。电源按键设计学的sony的本吧。。。第三 预装的系统太?了。。。	个头太小了，下次不买了，也不好吃	太少了！严重与图？不符！！！
比原先的1000h升级改进了不少，键盘比以前防灰尘杂物好多了；而且这个价钱还是带正版xp的，很超值！	性价比很高，不经常玩游戏的朋友可以试试，我月份帮同事买了一个联想的，配置基本一致，花了4500。	洗发水好用，洗过头发很清爽…	还可以，挺喜欢的。还可以，挺喜欢的。还可以，挺喜欢的。
电池比较耐用，相信华为支持国产	第一次用京东，超级满意的一次购物，赞！	价格还可以，实惠，日期好，有效期长。在APP上搜无硅油，但到货显示好像不是无硅油的，也不在意了，那么多年有硅油的也用了。	上面2层还可以可底下一层质量差还不好看！
这种包装我都怕平板被摔坏了，除了包装其他都挺好的，没有发现什么问题，后期再补充了	纪事，不像小说，文学爱好者看不下去，上班族打工者还可以看看消遣，文学艺术谈不上，没有欣赏的心情。宣传过于夸张了。我读书速度还是偏快的，但是这书读了两晚上才60多页，我喜欢的书一晚上能读150－200页。	太慢了，看来生鲜果菜物流跟不上。	请那些老拍广告害小孩子的傻逼明星们看看，顺带呼吁抵制蒙牛！
苹果还不错，放了一个月了，还是挺新鲜的	苹果好小 希望味道haikeyi	房间晚上有飞机起飞所以很吵可以提供免费巴士去机场房间有点老旧离机场还蛮近的	坑，果断差评，刚买两个星期就降价了
看的第一本阿耐的书是《不得往生》，当时在图书馆借书时很偶然的看到的这个名字，本来想借回去带给同事看（他很喜欢看玄幻类的书），在办公室无事时随手乱翻发现内容根本不是我想的那样，不由的我被深深的吸引，从此后，阿耐的作品成了我的最爱。这本书也想，阿耐能过以工人、农民、个体工商户、留学人员等不同的人的30年经历给我们再展了改革开放30年的历程，读之引人深思，值得一读，强烈推荐！	"第一次去香港,住帝豪奥运.之前也看了大家的评论,还是没有实际感受来得真切呵.我和老婆的一致评论如下:优点:1.酒店"	本来觉得不不错，可以消息都发出了几天，但却没能处理，西柚外皮看着好好的，里面却烂成这样！看图说话！这肯定是保鲜剂保存的	有坏的，质量不敢恭维，强烈建议不买，不新鲜，没有保鲜的
好用，味道好好闻，比超市便宜一半，是正品！！！	一直以来对日本这个民族没有好感，但是，对他的文化始终有浓厚的兴趣，各方面的信息拉拉杂杂也了解了不少，但都不成系统，日本四书把人类学、文化、政治、历史各个领域以及和日本有着深厚渊源的学者的著作合辑一书，实在是善莫大焉，对这个民族的特质和历史有了很全面，有比较的了解！其中的诸多观点非常的有深刻性和预见性，常读常新！书的内容不必多说了，买来收藏非常值得。	二岁半的儿子一直喜欢贴贴书，买过很多，个人认为这是买过的最好一套。动手能力，认知能力，观察能力，对数学的启蒙都包含在了每一页的精彩画面中。更让我惊喜的是还有培养孩子好习惯和道德品质的内容，这下不用再单独买了，孩子喜欢，接受得也快。另外纸张质量很好，后面的几套也一定会买下来。特意将感受写在这里，希望对所有爱孩子的父母有点帮助，毕竟，找到一套好书送给孩子不太容易。	综合各方面的指标显示，本平板与小米平板2相当，但操作起来感觉没有小米平板2好使流畅。不过觉得有一点比较突出的优点，就是音响效果不错。
HP的品牌还是不错，做工好，我原来就有一台HP的M2000，是但是的低端机一直没坏过。相比起来现在的做工好多了。配置够用就好。	东西包装还行，但是用了后有头皮屑，八成是假的。	还没洗过就掉色？穿了2天，我的白袜子上已经有了明显的蓝色，我的手机放在裤兜里，耳机线上也染上了蓝色，这太夸张了！以前没买到过掉色这么夸张的裤子！	什么破裤子还掉色真无语！
性价比非常高，可以用移动4G网络，华为值得大家信赖。	"酒店的大堂很不错,房间也很好,温馨、舒适，是个不错的五星级酒店。"	质量不怎么样，也没个密封包装	"我不喜欢这类题材的作品,太过沉重.有很大程度是跟个人喜好有关.我不太喜欢农村题材的作品现实太过残忍让人不忍看."
大小合适，穿着也比较不错，做工也不错，非常满意	正宗山东苹果，脆甜可口，好吃看得见???	地理位置好，离蓬莱阁和海边近，房间还整洁，服务热情周到，早餐也不错，美中不足就是设施有些陈旧。补充点评 2007年8月29日 ： 抱歉，错把蓬莱打上去了，那里没有的，特纠正，谢谢。	前段时间优惠活动买的，今天第一次用。奇怪的是怎么味道跟之前用的不一样？怀疑不是正品
很不错的宝贝，很有弹性，上身的感觉很好，很显瘦！	很好刚收到没有坏的非常满意的一次网够买水果！好好好好好好好好好	连一个皮套活着钢化膜都没有送，真行！	从第一次在京东买水果，那时这个牌子的苹果给了自己惊艳，个大，汁多，肉甜。现在呢？只能说京东糊弄了我，逐渐以这样的水果来充当80的果，误导消费者，京东在砸自己的招牌吗？反正以后我是不在京东买水果了！
软硬件都不够三星标准，我是凌晨2点多入住的，过道无人指点，房前灯也没有，还是我自己摸索找到的；房内设施陈旧，有霉味，床上用品看上去不清洁，久放水不热，我点了6：15叫早，结果小姐忘了快7点才叫我，第一句是“你大概已经起来了吧”。我在网上订的高标，最低193元，但是宾馆大幅广告“休闲房118，高标168”，鉴于此，我进店就问有无客房，小姐反复问我是否预定，就是不正面回答有无客房。我向宾馆提出房价问题，宾馆一会说是我的房间是高标的，是总统套房的附属间，一会又说促销是针对当地人的。我指出宾馆有促销应当及时与网站沟通，没有沟通应当对网站客人至少按照促销价结算，否则我要提前退房，宾馆又说要给我换一个好的房间。给我的感觉，宾馆缺乏应有的诚信和气度。我提前退房，发现那里有许多报馆，虽然总体条件不能与上海相比，但是价格便宜。	京东越来越烂，出现问题客服不管，京东在线客服从来没回复过，不要因为买一件东西而生气，购买需谨慎！	这是我住过的最差的酒店，空调坏了，大热天空调不好用 ，进屋半小时从30度降到了28度 然后就一直维持。叫了酒店来修理不修理，最后亲自跑到楼下才叫人来修，你猜怎么修的，tmd拿了个风扇我去，反正我这辈子都不会也不会推荐任何人来这个酒店了，人生第一次给酒店差评，还不如去住七天。	还京东自营，京东自营上还卖假货，看评论上有人说是假的我还不相信，买回来一看，还真是假的，那瓶洗发露的瓶盖都打不开，我知道是往下压着拧几圈就能打开的，不管是正拧反拧都试过了就是打不开，还有在京东买的充电线，用十几天就坏了，京东上的假货是越来越多，***你敢说京东没假货，以前还挺相信京东的，现在京东上假货越来越多。
性能强劲，外观漂亮，NBA典藏版特别。其实散热还是可以的，比我以前用的IBM要好，完美屏LG的。	1.屏幕显示效果清晰；采用了特宽显示屏并带背光的触摸屏，从而使的上网浏览和收发电子邮件更为便捷等 2.支持WAP；支持WAP协议，可以浏览基于WAP的国际互联网 内置调制解调器，红外线接口，EPOC操作系统 WAP浏览器，收发电子邮件和短消息的功能 个人电脑信息同步更新功能 地址簿，日历，记事簿，计算器，闹钟 语音信息，扬声器 爱立信移动互联网服务3. PDA的功能；爱立信这一系列的产品皆具有“功能多，性能佳”的特点， R380键盘式翻盖合上时，体积与一般手机无异；而当你打开其键盘式翻盖时，它便露出特宽显示屏，成了一部掌上电脑。4.信号接受能力强，通话音量大；5.电池待机时间长；950毫安锂电池可待机107个小时	衣服蛮好的就是衣服沾毛毛的	质量太差，颜色与照片也不一样，想退货但是找不到退货的地方！！
我短信挺多，为了方便换了个可以手写的机子，感觉用着不是很好，首先说识别方面，这机子做的不怎么样，写完的字出来不是我想要的字，以为是新用还不熟，但是现在用了快3月了，错误率还是很高，如果有断笔就一定会错，再有，配的手写笔用着不舒服，太细不好握。屏因为笔头总是写来写去的也已经有了细纹了，这样下去，屏也用不了多少日子	太大了 质量与价钱不符合	质地跟之前的差太远，尺寸也变了，跟网页介绍误差太大	手机有一点弯，能塞进两张纸，包装太差，物流太慢，几天都不送，还是我自己去拿的，差评
宝贝收到了，质量非常不错，跟图一样没色差，穿了很合身款式时尚很漂亮	酒店位置距离南苑机场打车￥31元。性价比差。建议住大红门附近，距南苑机场近些。	"1.与电脑连机又慢又容易死机有时一两小时才传完资料全部搞定实在太耗时.2.MP3播放调音量有时都会干扰播放,播放SD中的MP3更明显,滑盖正常开启和任何按键在MP3正常播放,屏幕进入节电模式后按下,在屏幕变亮同时都回造成MP3播放1-2秒的停顿.3.无蓝牙就算了,红外线只能传电话簿就有点说不过去了,而且能与之互传的只有有限的一两款还会造成对方死机.还不是每次都能接收.4.游戏又无聊又少还很卡没法玩.5.电量经常只有一天就玩完照像费电的要死一播放SD里的MP3电池就火热.6.不支持群发太不方便7.咖啡伴侣图像处不理没区别,简直是骗人的."	写好买两条送裤带，结果没送，跟客服联系客服让我联系卖家，跟卖家留言也没回音，简直是欺骗消费者
很喜欢 家人都说好看 手感很好 客服推荐的号码很合适 快递也很给力 总之满意 愉快的一次购物 5分好评是必须的 很好	很好用，第二次买了，活动价很实惠	荣耀畅玩平板2 WiFi版 9.6英寸，用了一段时间，各方面还行。	尺寸差距太大
好用，正品，量大便宜，物流速度快，京东给力	苹果还是不错的，甜，个头也可以，新鲜到还粘着蚊子的尸体，哈哈。	味道还算不错哦！要是更划算就好了，反正以后生鲜就选择京东了。希望价格可以更低	﻿有时候爱死机，外屏有问题，很烦
音质很好，手感也不错，物流超快！好评！	东西收到了，物流很快呦！最重要还是裤子质量好！上身效果也特别好，穿上很帅气，有气质，喜欢就快来买吧！	物美价廉，而且早上下单，下午到货，赞	虽然外观不是很起眼，但房间内部还是不错的，毕竟是挂牌四星，该有的都有，浴袍也很舒服，酒店的早餐品种很多，地理位置的话算是市中心，但不是景点的中心，好在厦门城市不大，打车去各景点基本上不超过１５元．值得推荐的酒店．
货已收到，真心不错，穿着样子也很好，老公很喜欢，全5分	价格便宜。性能不错。配置比较好。另外箱子里又送内胆包，包的质量还是不错的。	这是我住过的最差的4星级酒店，酒店原本是3星的，经过装修，但骨子里就是3星的，床，水龙头，房间的家具，地毯等等细节可以看出来。最可恨的是，我7月12日晚上和朋友喝酒，回到酒店已经3点多，在携程定了机票，要求明天早送过来，早上10点不到，携程送票员上酒店送票，可是门卫不给，说酒店只让他们的保安才可以送，其他人拒绝上门，要求我自己下去取票，我头痛得厉害，叫他们帮忙和自己协调，h后来了几个电话，但始终没有解决。最后只好投诉他们副理：酒店晚上2-3点还有小姐到处走，到处弄没有人管，人家为客人送票你们的狗就要管，什么酒店啊。后来才知道，那门口的狗是想索要小费。离开时，前台服务员的态度也不好。到了门口，狗来了要我坐酒店的车去机场，从150讲到80元，我告诉他，别人的我坐，你介绍的我就不坐。。。	5803中蓝 不是一般的差劲，洗了N次每次都是掉色，洗衣机里其他衣服全是蓝色，第一次遇到这么掉色这么差劲的牛仔裤，还有就是款式，特么的不是前后都有淡淡的白色么，拿到手看着就像纯色一样，两个字，差劲！
发货快，第二天收到，挺好用的。	蒙牛纯牛奶。。的包装～～～～好漂亮。。。不知道味道有没有变。....刚刚搞到我以为是芦荟味道的。。	不是说还有个小赠品呢！怎么没送呢	蒙牛曝三聚腈胺，换成伊利; 伊利曝致癌，换回蒙牛; 蒙牛又篡改临近过期产品的生产日期，又换回伊利……看来得去香港给自己买奶粉了…
裤子是含棉的，质量不错，弹力很好，不掉色，穿起来挺舒服的，和图片基本一致 ╰(*︶`*)╯	买了好多次，整体不错，不过我觉得有时候好的和差点儿掺合着装，还行吧	假货！用了一个星期起疙瘩，到现在才好！	很差，被子里还有蟑螂
1-酒店地处偏僻，离海边很近（走路2分钟），且海水比北戴河和南戴河要干净，但是海边没有什么娱乐设施。2-我们是8月22日入住酒店的豪华间，房间室内设施一般较陈旧，因为楼层不高，阳台上会发现有蚂蚱一类的小生灵。卫生间的设施还不错。3-酒店的服务很好，有问必答，有求必应，而且员工们无论是哪一个岗位都很热情。饭菜也很不错，只是当天入住时海鲜的种类很少，但味道很可口也很精致。比起大排档来说要吃的舒服。4-周边没有什么超市和商铺，很清静，30元一位的卡拉OK，即便4个人也可以给你提供一间大的功能厅，超爽，只是音效略差一些。5-总体来说这个酒店从性价比上来讲是非常不错的了。	谈牛奶的安全，土的洋的，都是浮云吧！说一个蒙牛喜欢的听的话，我用蒙牛的原味酸奶做种，自己制作酸奶，效果很好，其它许多品牌的效果都不行，有些根本做不出！	码偏小啊?‘	不支持Xp和未能提供相关该产品硬件的升级网站，且网站公布的可供下载的驱动不全，需要找HP工程师才能发链接。
实惠，好吃，反正我以后买苹果就在京东上买了。比有些专门做生鲜的软件卖的还实惠	送货很快，第二天到贸。服务态度给百分。	还可以，京东商城买的放心?，去头屑	连着wifi突然就没网速了，wifi断流特别严重
今早收到货了，还送了吹风机，商家真有心了，到货和下单的一样，包装完好，等用之后再追评，五星!	很好，比上回买的潘苹果强多了，这次个头差不多一样，口感也挺好，下次还会再来。	"刚买的时候儿子不太喜欢看,因为在那以前都是给他读比较短的,内容比较简单的书,可能是太长的原因他不太喜欢。但现在非常爱看，几乎每天都要读上几遍。《汤姆走丢了》、《汤姆挨罚》、《汤姆上幼儿园》、《汤姆的小妹妹》他都爱看，本来以为《汤姆去海滩》那本会不太喜欢，因为他还没去过海边，怕他不明白，没想到他也喜欢。第次看完都嚷着要去看大海。这套确实不错，很值得推荐。说明一下，儿子现在27个月。"	这个平板真不值，有失华为水准。
像素是硬伤，其他方面还行，前置才30万，拍照都是花的	这个码简直小到非常，起码小两个号，换了一次，换成3XL的据说是最大的但是还是小，腿围比尺码表上少了4厘米，很无语，算了，懒得折腾了。	客服真是不作为，买了后申请了价格保护，我第十一天过来看，价格降了100，申请退差价，结果说价格保七天，你们的保七天写在那里？我就问了如果申请了价格保护，你们七天内价格降了，会不会主动通知我，客服说没法通知，那你们京东的价格保护就是个摆设对吧，我们买了东西还的自己天天盯着价格，一旦自己没发现价格降了，你们京东就高兴了对吧，客户没发现降价，申请的价格保护没用到，哈哈又白赚了100？你们奖金又多了是不是！作为京东的砖石会员，我只能说一步步伴着你们走来，是对你们的信任，这次真的很失望，是时候说拜拜了，愿你们多赚一些这样昧心的钱，	快递员非常差劲！ 竟然让我去拿！态度特别差！语气非常差！非常不负责任！晚送了4个小时给我！最差的快递员！
从机场到酒店大约25分钟，37元左右。酒店环境还不错，因为以前住过的原因感觉很亲切。离傅家庄公园非常近，早上去的时候正好赶上涨潮，捡了好多海带回来，味道还真是不错。建议打车到燕窝岭再徒步到老虎滩沿途风光非常美！酒店可以卖到优惠的景点门票。	挺划算的，质量还不错，就是物流有点偏慢	磕坏了，其实还不错，就是磕坏了几个，这点不满意	再也不得买了，每一个连一斤都没有，欺片消费者，小的很。还写的每一个有1斤1两，马上打12315
苹果甜度高水分大，非常不错。物流也给力，为京东自营点赞。	借助一位职场精英的评价来表达自己对这本书的看法吧：可读性还不错，对刚入社会的学生特别新鲜。可对一些参加工作很多年的人来说，看上去就很麻木了……	床不好，被子薄，吃饭贵	产品真不怎么样，包装回到家已经破损了，而且洗发水已经流出来了，之前没有头皮屑现在用过之后已经起头皮屑了，
性能很不错。显示跟运行速度给力。支持国产芯！！！就是背后的弧形有点失望	这是我买的最慢的一件京东商品，	蒙牛该倒闭蒙牛去死吧	不好吃???，不如本地2块一斤的?！上当了！
苹果也不错，虽然快递没有燕麦片那些快，但是也还行，味道也没开始，现在试试，但是整体包装样子什么的，看着首先不错，大赞。	的确，我不是一口气读完的，所以，我说，我用来两口气。我很少在看电影之前先看小说，这就是少有的一次。小说写的很真实，虽然作者在回忆的时候几次说他有些记不清当时是怎么一个情形的，我却记得我读每一页的感受，当我自己一边读一边流泪的时候，老公又开始笑我怎么又莫名其妙的哭了呀？我真的是抑制不住，被那份最真实的感情感动。值得买回来在一个周末安静的阅读，是一本好书。	挺好的！孩子很喜欢	交通不方便，没什么车，隔音很差，虽然是新开的，但是同价位还是选择汉庭和莫泰吧，房间感觉就像是纸糊的，浴室太差了
日期到2020年，够用一段时间了。	衣服不错，就是号码小，购买需买大一号的	感觉一般般，my海飞丝好用	显卡驱动居然识别成G96，装新版驱动才识别成110M，用暴风看，有点卡，不知道咋回事！
一直在京东买东西，一直买，质量可靠，服务好。	够轻薄、够时尚	质量太差了，外包装差，内装更差，你看看整个蔫头耷拉的，一点心情都没有了。价钱还特别贵，比市场上贵了不少。亏大了。	东西好不好先不说，三八妇女节搞活动卖的，以为便宜了呢，什么蝴蝶节活动，都是坑人的，刚过完*活动不便宜也就算了，还比平时贵，几个意思，是要*来越烂了，没必要再来了
牛仔裤很休闲，弹性也蛮强的，穿在身上很舒服，店家服务态度超棒的，而且发货速度也快，快递也快！喜欢的朋友不要犹豫啦。	相当不错的服务，房间也不错，　值得住．　而且位置很不错．	相信品牌！相信京东！物流超赞！味道不错！新鲜可见！包装完好！潘总代言……呵呵！	差吧，不好，不行。
非常好，试用了一天才来回答的，希望后续不会失望。流畅度很可以。 不知道选哪个还是64，觉得好可以放电话卡比较方便	前台态度差的离谱，酒店老旧	质量差，粘毛，不值这个价	充电器用了三天就坏了，早上联系卖家，留言了也没见处理回复
已经使用清扬这个牌子的洗发水好几年了，感觉效果很好！    这款是薄荷的，洗了之后头清清凉凉的，大热天特别舒服，价钱上也比较实惠，相对于超市来说！	也就是离机场比较近，有摆渡车，否则绝对不会住的。598的豪华大床，房间小，床更小。wifi信号差，电视节目只有5个频道。也就是个三星级招待所的感觉，早餐种类也少。非常一般的酒店	用了一段时间， 卡得很，反应慢~无法忍受了，又不能退，只有认倒霉了~	讲真还不如我在超市买的*一斤的苹果，什么垃圾玩意儿就发过来，还山东烟台苹果，都是收的残次品吧？？
618活动价，非常棒，立马入手了，裤子收到，包装完好，打开试穿，很舒服，尺码合适，版型也很好，做工细致，在这家店买了好几条牛子裤了，都很好，以后会继续光顾！	水果每一批都不一样，希望像上次那么好。	就是钢琴烤漆收集指纹功能有点强大 哈哈  不过这也没什么 个人觉得完全可以忽略不计 就当是信手涂鸦的作品了	无良商家一个星都不想给，苹果与图片实物根本不相符，下了十斤只有五斤，而且苹果又小包装也不是冷运，还有几个烂的，最失败的一次购物！
宝贝?收到了，一直在用这个牌子的洗发水，好用。	第一次用！自己主要是油头！必须每天洗！而且夏天容易出汗！希望沙宣！能够帮助到我！控油护发！保持最佳状态！每天都做清爽的自己！	是棉料，还不错，就是号有点大的样子，买的话可以偏小一码买就好了	一句话，除了早餐，都太差了
洗完一股淡淡而又沁香的花香味，比较满意的。	连蒙牛都抵制不了还抵制日货	个头小不说还算是坏的，也联系不上卖家，真是无语，请大家不要再买了。	很失望的一次购物。1.买了两箱，有一箱苹果个头很小；2.有一箱12个苹果有7个有磕伤。再也不从这家买苹果了。
早两天到货了，明天用了一次后才来评价的，很好，跟实体店的一样是正品，相信京东商城的东西。	"再次入住该酒店,令我有种涣然一新的感觉,入住了新装修的房间感觉不错,服务也很好,早餐也比较丰富,下次我还是要住请水湾!"	本来满心欢喜的买回这本畅销书，可是还没看完，书的封底就快脱落了。根据我买书多年的经验来看，从书的纸张、印刷质量、包装和内容来看，有理由相信我买到的是影印版。	小的很，简直就是最小个的了，千万别买，居然还有烂的，京东就是坑人的，12个就是最小的12个，以后再也不在京东买水果了
质量不错。和我想像中的一样。一次满意的购物。	518每晚不含早，快赶上五星酒店价格了。房间狭小，还没窗户，没有书桌，其他设施也极其简陋，比不上招待所。进房间呆了不到一个小时闷得厉害，本想浪费房款就算了逃之夭夭，前台还要求先把房款付出了，之前的预授权继续保留，啥时候取消回去等通知！快赶上黑店的强横了，把房卡给回前台，赶快开车离开，确实黑店！	包装没封好，漏了四分之一跑了，由于是周末送货，门卫代收的，无法退货。	我还能说什么？差评！一星都嫌多！
找XP驱动麻烦不小 鼠标个头有点小，女孩用没问题，男士用不方便！ 显存是DDR3就好了	"装XP驱动比较麻烦,请同事帮忙装的,装了半天才搞定,另外散热量太大."	东西签收了，可看到这样的包装，我真是怀疑是不是正品了。	如果你处在18岁以下，那么，建议你可以尝试一下这本被有些人喜欢的书。买了来浏览了一两页就再也不想看它第二眼了！说说书中的内容吧。这么说，找个夜市的书摊，随便翻开一本什么“成功的秘诀”、“人际关系的艺术”之类的书，都可以找到这本书的蛛丝马迹。。。也就是说，这本书，和市面上流行的各种励志书没有任何的差别！里面无非是些教条的说教罢了，对于一个心智成熟的人来说，这些东西完全就是……
正在使用，挺好的?。京东自营，很喜欢?	一直吃这个牌子的苹果虽然个头不大 但味道还不错	"外观不错,就是有点大,其它都没问题!!性价比还是不错的.好用与否就有待考验啦,刚装好系统还没用呢!!"	如果我用这句话来评价，说明这款产品没问题。
外观厚重，很有IBM早期的感觉，个人感觉外观男女通用的啦，很沉稳。 性能很好。配置实在。最主要的是价格实惠。一般上网用用没问题了。 发货很快，昨天12点发货，今早8点到了。快递人员和我的京东客户经理服务都不错。	很好，使用很流畅，没感觉有任何不便。	环境还行。服务质量不高～～前台接待员缺乏礼貌用语， 行李没有服务员运送，也没有导行的服务员。 进了酒店要自己做所有的事，包括找自己的房间。	不好用 好油啊 太失败了 灰灰
多次购买了，果子新鲜甜脆多汁，口感好，物流超快赞赞赞	"十一的时候去的洛阳,就住在这家酒店,总的感觉呢,地理位置不错门口就有去龙门石窟的公交车1元一位很方便(我打车去的也只花了30元)前台接待很热情,但缺点是房间实在是小,四星级这幺小的房间有点说不过去,但房间里有电脑这点还不错."	看着不错，先用着看吧。。	"一,是贵了点~.二,什么支持下载图片和铃声下载~到现在还不知道怎么下载的~~~~~~"
这个型号还真难抢，性价比相当的高。买回来直接上Vista系统非常完美，没有驱动问题。	酒店所处位置不错，比较安静。房间也比较大，装修及卫生就此价格来说还尚可。但是房间及走廊都有油烟味！估计与楼下永和豆浆的烟道没有分开，虽然气味不是很浓烈，但还是让人感觉时刻处身于厨房，感觉不好。如果有可能，强烈建议重新设置楼下酒店的烟道~~否则下次不考虑入住此酒店了	很客观的说，如果有准备入手这款平板的买家还是看看其他的吧，比如说苹果、小米什么的。说好的乐视会员根本不兑现，各种借口和理由……	入住两个晚上（5/30-6/1日），第一晚上被蚊子咬的无法睡觉，5月31日找前台换房间，既然还告诉我这房间是他们最好的，就是有点蚊子而已；离店时还无法提供发票，说是税务部门还没有批发票给他们（税务部门没批也可以营业吗？）。整体服务实在让人难以接受。
别人说的优点都有，散热好，完美屏幕，外观大气，送货效率高！！！！	东西不错，老公喜欢，发货速度很快，一如既往支持京东，呵呵	属于小巧可爱型的，携带方便，如果充电正确的话，电池待机时间可达半个月。	苹果上有一股难闻的气味，皮削了果肉上也有
好评，通话荣耀平板T1-823L，移动、联通通讯。好评，创建文明，感恩有你。	支持国产，想买大朋友赶紧下单	酒店位置还不错，附近就有不少饭店。由于是单行道车子只能停在酒店的后门，到前台要走点路，这点不是很方便。酒店的门童如同虚设既不会帮客人开门，更不要说帮客人拿行李了。前台态度也不好，对客人爱理不理的。房间设施一般，网速不仅慢还会经常断网。	要不是离机场近，房间还干净，这种服务态度这辈子都不想再住
面料好，做工精细，质量不错，满意	"前台服务员很热情,由于工作关系,本人清晨5:00离开酒店时,酒店给客人准备了早点心,让客人感到十分温馨和体贴."	1、机器厚度控制的不好，也太厚了点。 2、散热一般，尤其电源适配器比较热，让人感觉不太安全。 3、自带的linux系统，想装XP，格式化硬盘费了老劲，现在还有遗留症状，关机非常慢。	产品一般，与描述不一致。三个没有1.1公斤，单个果子小，外观不新鲜！
产品包装跟上档次，不过没有发到新包装挺遗憾的！很实惠，够用很久了！小瓶出差旅游可以带上！味道很好，还没开瓶房间就有香味！	买了半个月了，还没发现什么大问题，小问题多少有些，用了一天电脑还是微热，也没有其他本本那么响	条件不好，设备简陋，就是离机场近一点！	很难想象，蒙牛出了那么多问题竟然还在市面上销售，还有人买
在浦东地区的4星里面，性价比比较高，适合自费的商住人士。房间虽然较小，但床够大，睡眠较舒适。一般单人间性价比最高。	酒店环境非常一般，感觉只是2星级的，酒店外观比较旧，店内装修比较差。	货收到了，非常遗憾，所承诺的一个也没兑现，只是一个裸机，什么也没有，包括耳机、高透贴摸，10件礼品套餐等。决定要退货了。	能给打零分吗？就这样的苹果…………
618买的，东西超值！先囤货，物流也超速度	这已经是第二次购买。嗯，感觉，感觉效果用起来不错，头发飞，非常的柔顺。我会继续支持京东。点个赞。这款洗发效果不错，欢迎大家来抢购。以后还会再来的。非常满意的购物，比外面购买实惠多了，还送了小瓶小瓶的，方便以后出门旅游用，感谢商家	趁活动又果断出手买了囤货，家里的还没用完，又囤了一批，用完头发比较柔顺，这次赠送的发膜还没用，效果应该还不错，期待	吃的东西只要一买就不可收拾。。。第二次买水果，派送快，送到家
超大瓶，可以用上一年多呢，用起来和超市一样挺好的。	很划算，今后还会继续购买的！	一般一般	酒店设备一般，套房里卧室的不能上网，要到客厅去。千万不要到酒店的餐厅吃饭，价钱贵不说了，态度极差，端上来菜竟然是冷的，上来的米饭也是冷的，要求他们热一下竟然和我们理论！！下次肯定不会住了！
不错好用。。。。。。。。就是屏稍微暗了些	苹果质量很好，在指定时间送到家。已经多次在京东买水果了，是否很便宜说不上，但是很方便快捷，质量一般来说有保障。这苹果虽然不大，但是看着挺新鲜的。谢谢京东商城，谢谢送货员。	帮别人买的，说用着还可以！	这样的价格感觉还可以
东西蛮好的 一个人洗也完全够用了	酒店周围环境及内部设施整体还不错。但服务态度极其不好，简直目中无人。入住时，正在填我的入住单，突然过来几个衣着较光鲜的人，就把我的身份证和信用卡放到一边，帮那几个人处理。完后，又过来两个人，又接着处理这两个人。我等了20分钟后，忍不住问还要不要办，才想起来。退房时，遇到同样情况。我正在退房，看到几外老外过来，就直接插队办理。我实在忍无可忍，就问服务员为什么，竟然回答你很赶时间吗？	拒绝推荐此酒店，第一，酒店院里停车场，不是酒店的，单独收费，过夜25元，超时5元一小时，酒店说入口有停车说明（开车的谁会注意到门口停车说明，院里停车居然不是酒店的）办理入住酒店也未提醒停车事项。第二，早餐，早餐是酒店外一个小餐馆，早餐35元一位，早餐四个菜，炒面炒河粉炒年糕，外加炒生菜，实质就是一个热菜炒生菜，煎蛋也没有，白粥也没有（只有燕麦粥冲的，另一个粥米粥菜叶血块，咸口），其他主食玉米，地瓜，豆沙包，此餐馆中餐炒饭12—22元价格不等，居然比早餐还便宜。酒店房价特惠价格378元，早餐另收费，35元一位的居然这么差（怀疑酒店私下乱收费操作） 0分	我都不敢恭维这家店铺了 买了一个星期才到货 而且裤子颜色与图片严重不符 差评！！！
很大一瓶 香味儿宜人 还用过其他款滋源 都很不错	主要把标签给拍照看看，这样能看到材质。我是178，体重65千克，提供参考。整体不错，挺好，挺满意。对了，有一点点小异味。下次还会购买。	第一：预订时要求免费宽带上网，可最终是“免费不能上网”，饭店解释由于饭店宽带设施原因，只能提供IP地址等，其他没有办法...－－－晕倒！第二：早餐20元质量还不如外面的地摊。第三：前台的服务因该再加强，不要有什么问题就找经理，然后下一句是经理不在。好在只住了一天，下次不在去住	价格太贵 ，苹果偏小，味道一般。在市场上同等的价格比这个好，下次不再购买
很好性价比很高 不错的苹果果 你值得拥有	客服服务态度很好，快递速度快，裤子穿着也很舒服，也好看，很满意的一次购物，下次继续在你家买	一点沫都没有，绝对不是正品	骗子，说好的买一送一呢？以后再也不相信网上的活动了。
苹果很好吃，不错，发货速度也满意！	垃圾的一匹，空间非常小。完全不符合4星的标准。	打开一看有2个坏的，心情不美丽！希望大家看看，以后都不要在这里买水果了，	这是我吃过的最难吃的苹果！我确定。卖这种水果的人，人品有问题！
和炫音很有个性，这就是我选它的理由	衣服质量不错，漂白有点太透了。只能打底穿	从去年开始，就不再买蒙牛的任何产品了 恶心死了真恶心啊！大家以后别买蒙牛了@稀里糊涂vera	差评，洗过之后头皮屑立马多了起来，怀疑是假货
很好的平板电脑，做工和产品设计都很好，特别是音质优秀！	非常好买了两条两条了感觉还不错他们家裤子也质量也不错。 店被收藏下次还会来买。	屏幕大，效果极佳，一键翻盖手感好，支持Java，支持Bluetooth，摄像头支持微距效果，支持500条手机短信存储，有外屏，比较方便	酒店就在市中心区，旁边就是几个大的百货商场，比较方便。坐车的话公车就在酒店门口有站。打车的话就要和司机讲价，这个比较不好，因为海口的出租车管理混乱，讲价是普遍的现象。如果打表，表跳得飞快（怀疑被改装）。建议先询问酒店的工作人员到景点一般要多少钱，再去打的。我住的是标准双人间，房间的设备比较齐全，景观是楼景，晚上十点后比较安静。但房间的隔音好像较差，晚上睡觉时能听到走廊上发酒疯的旅客大声喧闹。房间内有预防艾滋病的宣传单，觉得?
性价比还可以，特别是返600后，如果有券的话就更好了。到货快！	东西收到了 感觉有点反应不是很快，还算能用吧。	外观有点难看，估计是模具的关系吧，还有塑料的外壳感觉很低档，应该是设计的不美观	不管你信不信，反正蒙牛自己都不信。
"环境好,很适合到那里渡假,软硬件设施都不错,房价略高,房间很干净，明亮。早餐比差了点,但因为是在鼓浪屿上的酒店，这里的服务和环境都算是相当的不错了。"	苹果还可以，比较脆，不是特别甜。	还行吧，第一次用平板，暂时也没发现会卡什么的	好好好好好好好好好好好好好好好
"ctrip标上四星,但只能用金玉其外败絮其内来来形容,这件酒店外表好看而已,内部最多和如家或者7天这些廉价酒店打平手,我住过所有星级的酒店,就是这间最不符合4星的标准,如果以北京的北方佳苑和广州的华夏酒店为标准4星参考,他在我眼里和街边的小酒店没差别,我真的不知道他的四星从哪里来,前台态度差劲,连最基本的笑脸迎人都没有,酒店3楼的餐厅更是差极了,而菜单里没几样菜有的,摆明砍客,还摆出要嘛被砍,要嘛就别来吃的样子,菜的味道更不敢恭维,我第一次入住酒店后马上再出去找酒店的,紫光的位置也不太好,连沙滩都不能直接进去,建议去阳江的住南方假日酒店,服务态度好多了,而且前面就可以直接到沙滩,靠山面海,真正的海景房!或者就是住我第二天入住的小港湾山庄,这是在悬崖边的,晚上可以在小亭子听海喝喝茶也不错,离酒店不远就有一间旺角海鲜大排档,除了海虾,其他的都比外面便宜太多了,鱼虾蟹随便叫!这两间都是真正的海景房,标三星也非常符合,重点是这两三星都比4四星好太多了,所以建议大家千万不要入住所谓的阳江最好最高级的4星紫江,花钱买罪受!"	苹果一般般，口感不好，如果是这样的苹果在水果店卖，我不会买。我吃了一个，在削皮的时候还发现有坏的。估计是放了很近的了。下次不会买。	太差 下次不会买	真不知道这些好评是怎么来的，洗发水就跟水一样 稀稀拉拉的，洗完头发也没评论说的那么柔顺，完全没有什么作用吗！
不错哦，给老婆买的，大品牌就是值得信赖。京东次日达很是给力！赞一个	刚从东莞回来，我觉得那里虽然有点偏，旁边不是很繁华，但是总体来说酒店还是可以的，房间很大，床也很大，酒店的海鲜虽然有点贵但是味道很不错。	真的 直接在机场里睡好了 这里的环境 惨不忍睹	到底应该抵制日货还是应该抵制蒙牛？我犹豫不决……
服务，房间都很不错。交通也不错。酒店附近就有很多小饭店，都还不错的。12路公交一直到火车站，很方便。如果下次还去黄山的话 肯定还住这家拉。	物流快，配送员服务好，京东自营商品，值得信赖，质量有保证，退换无忧，喜欢。真心赞一个！	商品和图片相符，日期好、包装好，正规厂家。快递两天到货，整好家里用了，非常满意。	外观很漂亮，键盘也很漂亮，屏幕虽然不太鲜亮但是没亮点。唯一让我半夜失眠纠结的是XP驱动真难找 T.T
联大带小好多个瓶子，慢慢用吧，潘婷一向还挺好的。	这间酒店真的很不错，回来后我有强烈向同事推荐这间．推荐我订这间酒店的朋友也是经常住这间的。出门右边有间鞋店款式不错．酒店里有免费的饮料（每天８瓶），还有免费的全国长途．步行到西湖很近，去夜市也很近，反正就是购物休闲商务都非常方便的一间酒店！唯一美中不足的是，在酒店房间里没什么景色可以看，都是外面破破烂烂的房子，真的是美丽的西湖，破烂的杭．不过，这次西湖行真的很值回票价，这间酒店也另我的行程增色不少．宾馆反馈 2008年7月1日 ： 尊敬的宾客，感谢您的点评。我们将继续努力为宾客创造一个满意的居留、消费之所，期待着您的再次光临！	刚刚用了一天按键就失灵了，开关机失灵！咋按都没反应必须链接充电器才能开机	好几个都是烂的，那么差的 水果第一次买
给老公买的，穿着比较舒服，下次还会光顾的???	一般，非常一般	2012年的最后一天，就这样子对待我。。。刚刚美滋滋的领完蒙牛酸酸乳的饮料，就被通知说要写体育学论文，并且就剩我跟二丝我俩没交了。手机坑爹的没流量了，无奈跑回宿舍百度，路上还碰到好几个同学，还囧的要死的跟大家解释要回宿舍补体育。。。这是要有多无奈与尴尬。。。2012，赶紧拜拜吧。	差评，可用内存不到10g，懒得退货了。
第一次买这个牌子用，听别人介绍的，很好用，就认准这个牌子了！是正品！	很快收到东西，质量不错，便宜又实惠，值得拥有！	它的外形美观，手感也不错，铃声也挺好，我喜欢它	屏幕感觉好差啊 华为越来越差了 我买的最高配置版本分辨率太差了 我对华为失去了信心 一分钱一分货我也懒得退货了…………………………………………
质量非常的好。面料做工也相当不错。	多次购买，老牌子，实惠，适合全家人使用，	"键盘还是要贴膜才好, 内存问题,我基本不玩游戏,不需要那么多内存. 再说内存便宜,都不是问题."	失望，每天拿一个上班吃，竟然几乎都烂的。之前都没有拍照。
衣服很好看 干干净净 很舒服穿着	讲真的，因为出差，过了退换货时间，衣服各方面很相当满意，就是尺寸 - - 坑爹很，小了点。无奈……	不喜欢这外壳～容易留下指手印! 另外，开机后有一个小红亮点。关机是看不出来的，不知道能不能换	小得可怜，万分不划算
"酒店设施尚可,房间内镜子太多.携程的套餐包括送水果,还有巧克力,比较温馨. 服务一般,入住时前台试图诱导我买早餐,两大一小每天早餐440元,两天共计880元,另外冰箱里的东西可以随便吃,被我拒绝了!第二天就不再送水果巧克力了,连免费的两瓶水也不给了...酒店离九龙又一城步行约15分钟,旁边有个公园,但是离地铁远了点,需要做小巴,有时6元每人,有时3元每人,开得飞快很吓人,小孩同样费用,就是这点不满意,还是住得离地铁近些比较方便."	蒙牛真心不敢喝了啊 转发微博	对这次京东的配送员很失望，竟然把东西放在了我不知道的地方，要我自己去拿，很无语，配送员差评！	什么情况啊，都坏了，还要卖给我。差评，当时没注意，要不绝对不签收
很好，一直都在京东购买，送货快。	"还不错,性价比高了,客服,快递,还有售后,收了无数个信息啊,呵呵,昨天收到,今天上午就按上了,中午就马上洗了一个热水澡,舒服啊,挺好的,满意!按装收材料费150"	晕~~~搞不懂。我去上清寺地区办事，准备选择东方花园饭店和雾都宾馆，我一下飞机，携程推销员向我推荐雾都宾馆，说东方花苑满房，并且停水停电，最后我选择了雾都宾馆，可是雾都房间小，周边生活很不方便，也没有什么超市商场，酒店管理和服务都不好，第二天，我想换酒店，可是头天推销员对我讲东方花苑都满房并且经常停电和没有热水，但我又要在这个区域办事，然后我就打电话去酒店，告之有房间并且一切正常，打电话到携程，又被确认了，不知该推销员是怎么搞的？？东方花苑服务好、房间够宽敞舒适，周边有3家大型超市，还有很多重庆小吃店，关键是晚餐陪客户喝酒没吃什么东西，附近吃夜宵很方便。	没货就说没货 还随便发个号码过来
正如其他客人所评价的那样，在大同能有这么一家酒店实在不错，房间比较干净，卫生间较小，要命的是洗澡水温度太难调节，忽冷忽热，容易感冒。要是这个问题解决了，这家酒店就更好了。	之前我点评过一次，估计是没有写证据，所以被携程删除了，气愤！补充点评 2008年5月26日 ： 我补上我的经历：1，正如很多入住的朋友说的一样，门童和死尸一样，见到客人拿的行李就视而不见，还故意扭过头去装作没有看见。2，酒店没有任何指引服务，感觉还不如如家的服务员素质高3，携程上写的有欢迎水果，居然是服务生拿着文件夹夹着2个路边摊上买来的低档苹果，价格绝对不会超过2元每公斤！没想到锦江五星级的欢迎水果就是这种档次，真是丢人4，找大堂经理交涉，居然说就是这样，还说第二次来才会好一点，不知道这个大堂经理是不是脑子坏掉了，没有好的服务怎么吸引客人来第二次5，整个入住的过程中没有看到服务员微笑，不知道是不是大家都沉浸在地震灾难带来的痛苦之中。6，总之以后都不会住这个酒店了，不要钱免费住也不去了。	实体店才卖*.买完才知道，你能还转着活动，骗人	现在都不给发票，问客服说给补发，然后快递来了之后找我早*？为什么你们提前不说呢？工作失误
面料穿着很舒服，大小合适，质量挺好的！	酒店有点旧，房间比较小，但酒店的位子不错，就在海边，可以直接去游泳。8楼的海景打开窗户就是海。如果想住在热闹的地带，这里不是一个很好的选择，不过威海城市真的比较小，打车还是相当便宜的。晚上酒店门口出租车比较少。	买这本书的目的是想让宝宝知道什么是不可以做的，想以这个小孩为反面典型教育宝宝。没想到宝宝的反应是害怕，花了23.8买了它觉得很后悔。书很大，画面很大，但是大卫画的一点都不可爱，还经常龇牙咧嘴的占满整个画面；而且颜色不是2岁的宝宝喜欢的颜色，我看起来都觉得有点恶心的那种。给宝宝只讲了5页，宝宝就说害怕，不愿看了。不能枉自评论说这本书不好，只能说它不适合我家宝宝这样2岁的胆子比较小的向往快乐美好事物的孩子看。	假的，和正品的味道完全不一样
"山庄很安静,空气非常好,交通也方便,房间空调不太凉"	"没有使用说明,光盘里的电子说明书也没多少内容. 此外,降价了.虽然只是11元.我想再过几天我可能还会受打击的.认 了."	我选了M号穿起来怎么还这么大衣服这么长 一点都不修身	东西是不错，买的时候页面写有送吹风机，虽然不值钱，但是不送就不好了。联系客服也没人理、既然想耍猴，果断差评
蛮不错的。已经买过好多次啦，真的是一分价钱一分货，这个真的没话说的，满意！	还不错，日期也新，没感觉有什么不同	东西已经装好了，工人师傅挺好的，就是真的好贵，装完要200，太贵了！	头发不起泡沫 真心感觉不好
一般般，反应慢	没有操作系统光盘，没有驱动光盘；我在启动装我自己的Mcfee 8时就蓝屏了，系统随即崩溃，装了XP后要抓狂：很多驱动找不到，尤其是怎么弄也没声音。最后拿到维修站去装的XP，郁闷！后来才知道有一键还原~	套装里钢化玻璃膜是坏了，包装的应纸盒没坏，里边东西坏的彻底不能用，商家什么良心	用了这么久的京东了，第一次给低分。没有一点的责任心，拍的时候提示11号送到，然后等到十三四号也没有到，最后上京东一看还没有发货呢……如果时效这么差，价格又比友商贵，不明白你们的优势在哪里……
底座比较热，不过独立显卡的能理解。打算加个散热底座。 换内存比较麻烦，因为底座没有螺丝的。得把喇叭那那条拆了然后把键盘取出来才能装内存。 面板和键盘处收集指纹满严重的。	反应迟钝 玩个传奇还没?手机反应快	噪音太大了，还他妈死贵500元	妈的，人生第一次穿那么恶心的裤子！这样也太不符合图片的样式了，居然平邮等八天才收到，，，，，，直接愣了，。。。大家不要买千万别上当，我要投诉投诉
裤子质量很好，版型也很好看，物流也很快，总之是一次非常满意的购物，还会第二次再来的	真心不错 这个价格有这款神机也是值了 赞一个	慢慢慢慢慢慢慢慢慢，等得花儿都谢了	竟然漏发，不好的一次购物，对京东失望了
很实惠比在超市买划算多了 味道也很好闻	第一次网上买苹果.感觉还可以.	这酒店真的不咋样，一进房间，就闻到一股地毯发出的异味，晚上睡觉时，房间弥漫着一股厕所的异味（估计是中央空调的送风口送出来的），很是难受，我住了两天只好仓惶而逃。而且通过携程预定明明可以免费升级至豪华间，但酒店只是升至商务间，和酒店交涉，酒店前台人员居然说豪华间还不如商务间（豪华间518，商务间才458），那岂不是自打嘴巴，订豪华间的客人岂不都是傻子？总之，郁闷！	这个酒店就是招待所改建的，所以各项硬件设施非常简陋，关键是大门在二楼，也没有无障碍楼梯，背着行李上楼，更没有服务人员帮忙！晚上在一个居民区里休息，都不敢开窗户，总之，很不满意！
已经买了好几件了 夏天百搭白T 很好穿 价钱便宜 质量也可以	"外形还OK,用了2天了在VISTA下玩游戏还行的.发热量有时大有时小不知道为什么,不过总体上来说还不是很大,4600买的还送个大礼包."	"住进去感觉不是那么回事, 很旧, 不很干净. 旁边的海滩很脏, 还有条大水沟往海里注入脏水. 真想逃走."	内存比韩国版缩水四分之三，去掉了很多功能！真是太黑心了！
外形不错，接口基本满意，屏幕够好，整体配置在入门机器范围还是属于较好的。发热量我自己还是能够接受，但是还是买了一个散热器。	刚收到货，还没有穿过，以后再说吧。	用完头皮特别痒，不是真的，还不能说实话评论	不满意，不满意，不满意。
质量不错，摸着很有质感，第一次拍男朋友穿上有点小，后来又换个大点的，穿上很合适，花玲珑服务态度很好，很满意	就是买买买 就爱囤囤囤 潘婷和绿色欧莱雅简直就是一生爱	一个小孩子需要我们给他挑选优良的书籍来充实引导指明他自己的路，使他不迷失，自信，独立，健全人格，从小培养孩子的阅读兴趣是必需的。这套新蕾出版社的外国获奖系列童书，大体都是好的，适合育红班学龄前到小学，有些故事大人在给小孩讲的同时都会很受启发。如果有能力，建议买一套，让孩子多看书挺好，文学滋养心灵。	虽然是千元机，但是这Wi-Fi信号，用的自己的。山寨手机也不至于吧
很好很划算，一直用得清扬男士，也比超市便宜，相信京东自营。	这个是不错的萍果，直得买，个头还好，有萍果味，跟新鲜的无差别	苹果?味道我就不说了，反正外面打了一层腊	无窗，临街还很吵，房间有异味，用品不齐全，服务各种不行，要什么东西都提供不了
很不错的宝贝，样式很时尚，穿起来也很舒服，客服推荐的尺码很适合我，大赞	苹果个不大，脆，甜，好吃。芒果前两次买的都很好，这次的太生了，得放几天。	同事都说好用，但是我用后超级痒，痒死我了~	不想讲话 只给了一个小的润发乳和一个小的洗发水 差评
宝贝收到了，试了一下，穿上挺舒服的，是正品，综合给好评	华为的品质还是信得过的，这台平板的音质很不错，最满意就是声音了	酒店非常棒，，环境一流，。。太美了，。。空气，绿化，。人流量。。温泉。。有机会可以再去。。。携程也经最大努力安排了很多事。。	本来苹果很好吃、但黑心的商家里面放两个残次品、一只老鼠害了一锅汤。我是天水人、说句良心话、天水苹果很好吃但这个确实有损声誉。
很不错的一次购物，这裤子买给爸爸的，他很喜欢，质量没话说，很满意的一次购物。	味道可以，没打蜡，蛮新鲜的感觉	疑似返修机！理由： 1.键盘上面音乐快捷键的贴膜有6条划痕。 2.右下角的“闪联”贴膜翻脚。 3.底面的所有的螺丝都有被拧过的痕迹，漆很明显地掉了。	水果是焉的，更别提口感，差评。快递小哥服务很贴心，赞！
平板收到了，还没使用，收到开机就提示升级，为啥给4星？机器左上角有两个明显瑕疵，感觉是别人退的货，先看看更新完机器有没问题，没问题的话就不换了，懒得来回折腾。	是我喜欢的款，质量也不错?，过两天在买二条送朋友	"果超小，至多也就55mm,还有坏果，都烂到核里了！建议别买，谁买谁闹心！！！"	差评 ！差评！差评！蜗牛一样的速度 6月18号下单 显示的是隔天到货 结果到22号还没发出来 打京东客服说是618大促 我同时在京东买了6件东西都到了 只有这个最慢 京东你意思是只有这一件商品促销吗？搞笑 差评
收到后还没有使用，比超市便宜不少，听说效果不错	衣服看着还可以，还没有穿。特别是快递小哥服务热情很不错，大冷天的送快递辛苦了.	果还行，物流绝对差评，生鲜水果居然用什么韵达，包装再好也顶不住物流的暴力运输，收到后发现有三个烂果，太失望了	很垃圾，穿一天就有很多小斑点
嘎蹦脆的小苹果！经常在京东自营买水果！好吃不贵	一般般吧！反正不是正品。	"晚上10点钟到达宾馆,前台一名女服务员告诉没有接到携程的传真订单,并且态度恶劣,说已经没有标准间了,只能住套间,我们与携程取得联系后,前台翻了翻管理极为混乱的订单后,告诉我们说我们已经入住过了,简直可笑至极.后这名服务员给我们的房间还是标准间,(之前说没标准间),但都是靠楼边的,房间很小,每间房内高高耸立着一个大柱子.客房服务员也是冷冰冰的,客人要求送物品到房间后向其表达写意时,服务员都是板着脸扭头而去,建议酒店应加强单据的管理及服务员业务的培训."	不满意，刚买回来没几天，就有问题，触屏点击好多次都没反应，给个差评！
不错 挺好的 版型也好看 老公很喜欢	用了两个礼拜来评价，我买的是华为m2，屏幕很大，黑边也蛮大，看着有点不舒服，不过影响不大，3g运存目前来说还不卡，玩王者荣耀不卡，就是刚开始觉得有点大，不好买装备，其他大的手游目前应该也能玩。有个问题，很多APP没有和平板很好兼容，于是就像这样，有点尴尬，音响很大，不错，我就是看上了这个。还有就是平板是作为安卓系统登入录，不能和手机同时登录qq微信。优点很多，我就不一一阐述，把一些地方不好的提出来就是。麒麟930配合整体华为的设计，性价比也很高不错。	房间设施一般！唯一方便的就是有免费班车去机场。	分辨低，后悔了，感觉没啥用
第一次买你们家的裤子，质量好到不敢相信这才不到***的质量，跟我平时在实体店一条***的裤子一样，下次再来光顾你们店哦	"此店是本人住过10余家北京如家中最贵的,所以我们满怀希望的过去.的确,进门就是很大气的大堂,但是也只有这点勉强能算优点.进入房间,不言而喻,是老酒店改的,完全没有如家应有的温馨感觉,设施陈旧并未完全翻新.最要命的来了,一只一圆硬币两倍大的蟑螂爬到我们同事的腿上,顿时,一个五大三粗的山东大汉被恶"	…蒙牛奶喝不得……连喝两天我就啦肚子了……超级不舒服………黑心蒙牛！！去死去死！！！	受手机支付限制，分两次买了三台。结果，送老人一台居然是返修机！！新机里面出现别人的大头照是什么鬼？？京东/华为你粗来，给个解释听听？？？
京东购物很放心，屏幕大而清晰 上网快 既是平版又能通话 一物两用。	很不错呢，看电视很好，给孩子买的	好，收到很新鲜，赞！！！！！！    好，收到很新鲜，赞！！！！！！    好，收到很新鲜，赞！！！！！！	散热设计一般，左下部发热量较大。屏幕一般，看久了有想吐的感觉。触控板的灵敏度比较差
裤子收到了，裤子版型好，面料和做工都非常棒，服务态度很好，物流快。老公很习惯，下次还会来的哦。	裤子真心不错，和图片一个样，穿上效果更好，喜欢的就赶紧买吧，不要错失良机哦?	太热了，出风口好热。装XP不能装原版，只能装集成sata驱动的Ghost版	上月入住，将近500元一天的房费，卫生间很小，像经济性酒店。走廊房间一股霉味。浴缸下水管漏水，淌的一地都是。窗户外面不到30米就是居民小区，喇叭不断。更可笑的是，结账时被告知，携程预定的房费是不含服务费的，又多收了10%的服务费。在携程定了这么多次，五星也订很多了，还是头一次遇到。总之，酒店差，房费不合理！
虽然只是刚刚开始阅读，但是已经给我带来很多思想冲击了。一边读书一边实践，突然发现和儿子沟通更畅通了！！通过阅读此书，才发现自己有时对孩子是一种强迫的爱，扼杀的爱，剥夺的爱！原来他们的小小世界里，有他们自己的思维！！帮助、教育和关爱孩子，是有很多技巧的！！当然了，尊重是第一位的。这是一套非常不错的书，但是书中有许多研究性词汇，要真正理解还是需要多读才行的！！尚未读完，拙见！享读ing	我这次住的是行政楼普通楼层的房间，请注意：行政楼也分行政楼层和普通楼层，这两者是有区别的，行政楼层是可以享受一系列服务的（在前台订要加500元）而普通的就什么也没有了。房间的设施不错，很舒适，洗手间尤其好可以边泡澡边欣赏外景（可惜我住的比较低，看不见外滩的风景）。还有值得称道的是它的自助早餐，东东很丰富很好吃，吃饱了中午饭都可以免了，就是比较贵（具体金额忘了）。它的SAP是上海目前唯一一家悦龙庄集团直属的SAP，我做的是1700元的（行政楼层打9折，还有附送的20分钟的足底按摩）我认为很超值，无论是环境、流程、手法、用料等各方面都非常棒，不比泰国的差，只是在房间里而已，强烈推荐各位有机会尝试一下。主要的不足是：1.去南京路没有想象的近，要走10多分钟。2.附近的商业设施不是很多，逛街不是很方便。3.电视频道不多，很多国内台都没有，不知为什么，值得酒店注意，有点不符合 酒店的身份总体是一家值得住的酒店。	房间较好，服务员热情。值得推荐。但是在萧山有二家开元，的士司机就开到另外的开元。要特别注明。	我买的的裤子在哪？还是三月份的
昨天到货了，今天早上就试了一下，效果不错。是正品	一次买了这么多，还送了小样，真不错	这个苹果，形状和口感都怪异，但不是怪异的好吃，而是难吃难看，外包装真的是能蒙人啊	包装没损坏，但打开吃的第一个苹果就是坏了，实在无语。是我倒霉还是你们质量没把好关
配置不错，不到4K可以双核+独显，性价比很高。经测试为完美屏，运气不错。	黑号系统，用户是分等级的，低利润用户就抽不到券，还不承认，所有活动都会设置可以参加的用户 自营很棒，第三方赶紧睡吧。进口牙膏口感不错，包装简约，价格实惠，卫生巾吸收很彻底，丝袜摸起来很顺滑，果汁味道很纯正，全球购不能开发票！第三方不能买运费险！	买之前，看到广告上说：D1070有摄像头，而且屏幕达到26万色，铃声也达到64和弦；朋友那个手机一千出头，没有摄像头，屏幕和铃声都没D7010强。可买了没多就，问题就出来了，开始是翻盖处不灵活，接着是摄像头启动极慢，有时屏幕严重失真！！......	服务态度不好，极差，前台态度恶劣，房间卫生不干净，诬陷客人照成，要求客人赔偿
特别好吃，又脆又甜，而且包装也好，又实惠，喜欢！	非常漂亮，东芝的本本也很人性化 指纹是没办法的，外观和指纹总得二选一，这是小问题	觉得这本书不需要孩子读，全中国的老师、校长、家长都需要好好读读，一开始，读这本书是为了增加对儿子的信心，现在，我更坚定了自己教育的信念。实际上，小豆豆是正常的，因为大家都有点畸形了，就认为她不太正常，把孩子养成正常的人，正常的人肯定是独一无二的，只有流水线上的机器人，才都一样，才都那么完美。孩子不用读，大人读读就行了	买完就降价，什么赠品都没有，京东的价格是娃娃的脸，说变就变，非常不爽，快递倒是快，京东做物流还可以
机器用下来还是很流畅的，音质播放效果不错	产品不错，服务太差，配送员居然和客户要好评，难道京东的评价都是都是靠配送员要出来的吗？	这个是给爸妈买的，结果爸妈说用完了出很多头皮屑，每天洗都有很多头皮屑！！！以前用潘婷都用的很好，这个是不是假货？	差评.太差了.千万不要买
第二天就收到货了，还没用，东西用这应该不错，比超市便宜，值了，快递服务也不错。	有点小，不知道好不好吃。姐姐介绍的她说好吃，应该不错。	一直用潘婷，很好，京东送货就是历史	这本书已经快被我翻烂了，中国这样的人和这样的书太少了，没想到这本书能通过审查。现在所谓的专家、学者、官员有良心、有见识的不多了，要么有话不敢说，要么就是胡说八道，阿谀奉承“揣摩上意”，直叫人恶心。还好，这本书被现今的领导所重视了，据是老师博客说中央政治局常委们人手一本，中央各部委领导也在看，部分省市还作为学习科学发展观的必读书。
"我是圣诞节前入住的,连住了三天，性价比很高,房间面积很大，卫生间也很不错，酒店位置很好，交通很方便．酒店服务也很好，我是带着BABY去的，酒店免费加了一张小孩床，并赠送了玩具熊，每天送矿泉水、水果。。。。CHECK OUT也比较人性化！非常好的酒店，以后有机会还住这里。"	东西不错，发货很快，期待继续合作！！！！！！	衣服可以，领上商标那块太大了	坑货．昨天买了今天就降价．这不是坑人吗！
不足就是没有配套光盘，需要自己备份。我不太喜欢这种触摸板，没有送鼠标，还要自己去配，这个都是小问题。无线网卡插槽的按钮太突出了，很怕不小心会弄断。不过使用不要那么野蛮呵呵就不会有大问题。	蒙牛微博营销部门是不是SB啊，切糕是褒义词吗？看来蒙牛喝多了对脑子不好	跌价太严重，垃圾	真特么是垃圾，和图片差别太大了，明明是29码的穿起来比31码还要大，而且这颜色也特么是狗屎，买黑色的送条灰色的。
分享图片蒙牛冰淇淋月饼包装很漂亮，味道也超赞！	1.不用说那华丽的大屏，看到1600万象素我就傻了～2.合盖不清桌面，这个很有用啊！编辑短信到一半合上...打开还能继续。	很好用，挺好的	黑边太恶心，有时会卡！
这是网上买的，去年十一也买一个，可就是觉得这次买的没第一个好用。有时通话，对方总听不见我的声音，需要挂了重新打就好了，其实国产货就这样啊，越用越差。。。。	绝逼翻新机，十月份买的过保时间竟然是17年五月？有人帮忙用吧这手机～卡逼不顺畅。谁用谁知道，垃圾京东也不能信了	"这是我住过的最差的星级酒店,连招待所都不如，房间小，潮湿，连张桌子都没有，最多的就是蚊子.还特毒.叮的腿肿了一个星期，我住的房间墙上还留着沾着我鲜血的蚊子的尸体.如果有奉献精神的建议你住这里."	明明下单了两套礼盒，结果今天只送货送到了一套？！是快递人员的疏忽还是厂家的失误？！还是说这就是趁双十一故意欺骗消费者？！这样真的好吗？！如果无法快速解决就只能申请退货了，真的很令人失望！差评！！
大气，好用，不错！	定时送货，12个苹果大小均匀，口感脆甜，包装保鲜不错，价格便宜。方便快捷很满意。有一个稍有碰伤应该是包装前就有的，影响不大，但还是希望以后能避免。	一分钱一分货。买的不是正品，洗发水用完头发粘粘的。	态度恶劣 裤子问题很严重 裤腿太瘦 腰太大 根本没法穿
618在京东买了很多，整体不错，非常满意，朋友说下也要买，发货也快，618期间2天就到了，五星好评推荐。	很好用，比较香。包装的很好。很结实。物流很快啊。开心	这次入住的宜兴宾馆性价比还是比较高的，房间很大，房内布置也比较温馨。早餐品种太少了，服务员态度比较好。	不喜欢蒙牛，总有怪怪的，油漆笔味道
物流快，服务周到！平板很轻，速度飞快，比**便宜，要是送个皮套就好了！！！	酒店地理位置不错，硬件设施稍次。总体还可以。	商品标注的内存是32G，东西拿到手一看，只有24G，我知道机子原有的系统要占一定的内存，但是这差距也太大了吧，一般的机子也就差个4G左右，这个一差差了8G，这一定是有问题的，偷工减料太明显了。	到手半个月就坏，修了1个月
第二次买了，买了两份，品质很好，很新鲜，比外面店里的好吃多了，吃完还会回购的，	还可以噢，外观看上去挺鲜嫩。有一个是中心坏了的，不计较了。味道是酸甜，不是甜。个头大部分比较均匀，有两三个是歪了的。总体好评吧，希望做的更好。	轻薄，CPU够强劲，加了附送的内存跑Vista还可以，正在犹豫要不要换XP。准备找个蓝牙模块装上去――还是等过保了再说。	不说别的，真的实惠，还没用，多，快，好，省，后期补评价
一直用清扬，习惯了，换其他的洗总会感觉不舒服。现在在用，感觉很好，是正品，价格还好。所以以后还是再买。	不错的酒店，服务很好，总台主管不仅帮我们做了免费升级，还亲自带我们上房间。房间很大，也很舒服，有很大的液晶显示屏，并且有免费饮料和小点心。刚进房间不久就有服务员泡来咖啡，尤其是离开的时候，服务员还帮我们拿了些饮料路上喝，并且还准备了两份报纸。总之来说，服务意识很强，让人感觉很贴心。很满意！唯一有点美中不足的是，有一间房电视信号不是很稳定，不是很清楚，希望能加以改善。下次还会选择入住这里。	洗发水很好用，其它牌子的全都丢掉了	早餐很不错，离市中心比较近，购物方便，但是5号楼的房间相当于3星标准。不过相对于房价也值了补充点评 2008年8月11日 ： 另外，房间提供的拖鞋太小了，根本穿不下，难道是给女士设计的？我是42码的脚啊。宾馆反馈 2008年8月14日 ： 尊敬的宾客：您好！感谢您入住金陵溧阳宾馆！并及时把您的感受和意见告知我们！对于你提出的拖鞋太小的问题。等您下次入住金陵溧阳宾馆时只需向我们的服务员提出。我们将根据您的意见记录特别需求，提供您满意的服务！，发扬金陵溧阳宾馆“以客为尊”的服务理念，让每一位宾客都能对金陵溧阳宾馆留下美好而深刻的印象。再次向您表示感谢！期待您的再次光临！祝您工作顺利！身体健康！金陵溧阳宾馆客务关系主任
新华酒店地理位置比较好，内部设施不错，可供选择的餐厅较多，服务比较热情。	前台小姑娘很有意思，经常入住，都熟了，呵呵	裤子质量非常好，物流也非常快。试穿了一下，很舒服，轻柔。尺码也非常合适。下一次还会从本店购买。	第二次买。。。但是太小了。。。跟第一次的怎么差那么远
一个还不错的酒店。优点有这样几条。一是交通方便。离地铁和公交车站都只5分钟以内。步行至天安门也只15分钟。地点也不难找，我是第一次去，路都没问就找到了。二是房间干净，由于是好象是新装修的，所以房间整洁干净，而且也没有传说中的异味，呵呵，也许是硝烟散尽？浴室的24小时的热水有保障。第三么，服务态度还不错，早饭也还说得过去。油条的确还可以，往往一上来就一抢而空。不足么，就是服务台的灵活性还不够	有些例子不够典型，有滥竽充数之嫌，希望看到的是一些不这么幼稚和明显的中式英语（一般情况下略略学过英语的人都不会犯书中所举的低级错误），应该写一些类似文化差异所造成的“笑话”，如blue story，大多数人只知道blue是忧伤的意思，其实这里变成了黄色小说的意思了。从排版来说，该书还是有可取的地方，看起来比较轻松，有些还是比较好笑的。	非常满意，就是有人说是韩货，如果是韩货，下次一定换了，人人都要有个一颗爱国的心，	买的时候，花了两千多，我朋友也刚买了一个手机，就是我现在这个价格左右，能拍照又能听MP3还带手写笔，羡慕死了！内存小，可以存东西的地方太少了。ＪＡＶＡ功能不能用，当地的售后点说什么要升级，我也不懂，就没用过。短信输起来比较麻烦，找标点麻烦。还有就是500不支持自动开关机功能。
房间整洁，有电脑可以打游戏和上网:-) 空调声音有点大，此外一切都好。室内所有收费项目上面都有价签，很公道!我的手机充电器插头制式不一样，房间服务先后送来充电器和装换器，很有效率。自助早餐也不错的。就是临近苏锡路老城区，周边有点乱。	这个酒店基本上我不太满意，住了那么多酒店，就这家酒店打扫房间还要人催的，回到房间下午5，6点了，房间居然还没有打扫，而且不是1天2天，住了10天，有一半以上都是这样。但是宾馆2天会送一盘水果，每天还有免费报纸。虽然这方面还不错，但是作为一家宾馆，尤其是要充四星级的宾馆，这样的服务未免有点太。。。。还有餐厅的服务也不好，上菜也上错，餐具都是灰尘。。。。下次不会选择这家宾馆，我个人对于房间的卫生打扫还是很在意的。	买了真是亏了 垃圾一样的衣 穿三次就破了	出货是不是不看的，烂了还往外发？？？ 2手东是不是买东西全靠运气？
穿越历史红墙的迷雾，聆听诗艺伟人脉搏的律动，感受世纪真挚纯情的温度，享受好书美文的快乐！	我们要疯狂一次！！！ @蒙牛提不起精神	说有的东西都没有，洗发水80*2和发膜都没有发给我？真是一次不开心的购物	一个字差，两个字差差差
尺寸正好，宝宝拿这学习正好。玩游戏也可以很好。	其中有一个苹果损坏破皮的严重，其它的11个卖相还挺好	万恶的PS，蛇皮袋的质量……	差评、都没有盖紧，还漏了.条形码也贴住了，难是假的，还要遮住，后悔！
质量不错 穿着很舒服 大小很合适 款式很不错 和卖家描述的一样 服务态度很好	一口气买了三件，看着蛮舒服的。	更新老了系统后和荣耀5C的图标按键几乎一样，优点是系统流畅，WIFI信号很好，续航也不错，重度使用也能用1天半。缺点是默认的屏幕亮度偏低，调高亮度的余地也不大，自动亮度调节不敏感	受不了，基本隔壁所有的声音都听的一清二楚。因为隔壁没睡，所以我也跟着无法入睡，见过隔音不好的，可没见过如此不好的。听一个出租车司机说这个如家是厂房改造而成的。真是很有疑问：经济型酒店，到底经济了谁？
非常满意的果子，大小适中，皮色好看，皮薄肉脆，值得推荐购买	挺好的，速度挺快，也挺好看，物流很快，上午下单，下午到	"装系统很麻烦,重新分区,LINUX的文件都还在,搞了半小时才装得上XP"	"到半夜竟然没暖气,怎么住啊????!!!!!!!!!!"
太好吃了，像我老婆那么挑剔水果的人都让我再次购买，就知道了	没有封装，可以直接打开盒子，这些都是小事，最关键的是难吃，口感粉面，一点都不脆，味道很淡，不酸不甜，最难吃的苹果，没有之一！还是潘苹果好吃，脆脆的，以后还是继续买潘苹果！	一箱苹果，皮个烂的！第一次碰到这个情况，客服态度还特别差！！！	买前问客服返现是怎么回事，客服说确认收到货好评返现到指定的账户……收到货后又是另外一回事了，说他坑就叫自己出邮费寄回去……无信用的商家……购买前你是大爷，之后你就是孙子了……不这样说还没这么恼火?裤子质量也不咋滴啊，还说这价钱你在外面买得到两条吗？
裤子质量很好，码数很正。老公穿这个很合适。非常喜欢	价格够便宜，功能齐全，外型也还不错，上网本的价格买到这样的笔记本，很不错	我们住的三人间，房间很宽敞，卫生间不大，但都很干净。宾馆餐厅很实惠，我们只要能回宾馆，就在餐厅用餐。周边交通非常方便，基本上一部车就到各个景点，走到什刹海等处也很近。最近宾馆在外部装修，不过不影响内部卫生和晚间休息。总体来说，我们住的都挺满意。	这***写个大大的Lee是什么意思，山寨到这份上了都
客服态度很好很热情有耐心，非常满意的一次购物，以后老公的牛仔裤就在这家买了，很赞!	这个机子有JAVA功能，可以免费下载许多好玩好看的图片；虽然手机功能很少，但一下子感觉到功能丰富了。还有就是支持WAP上网！它的输入法也十分的丰富，象智能、英文和特殊符号！声音和显示效果还说得过去。	觉得不是正品，有一瓶盖都是坏的。这—星给快递小哥。	什么鬼东西，质量差，东西又发错，垃圾
掌柜人不错 。质量很好 服务很热情。	这家酒店的优点：便宜海景也很漂亮到海洋公园方便，楼下没多远就有空调大巴到公园门口，刷卡只6块多钱，比金钟到海洋公园的大巴还便宜几块钱。酒店服务人员很不错（门童将行李送到房间，忘记给消费，等他很有礼貌地走了之后我们才想起来，香港有给消费的习惯o(∩_∩)o...安顿好下楼找吃的地方，又碰到那位门童，人家还是很礼貌很客气的很耐心的解释应该怎样走，附近有些什么吃饭的地方。 还有就是我们听说每天出去，要留10来块钱做小费给打扫的阿姨。可是等我们回来，那10块钱还是压在桌子上也）缺点：有些陈旧（房间小，咱就不计较了o(∩_∩)o...香港寸土寸金也）装潢设施、格调比迪斯尼的酒店也差很大很大几节，不过房间价位也便宜一半o(∩_∩)o...出行不是太方便，虽然有大巴什么的到各个地方，但香港的大巴是不报站的，我们坐在车上晕晕乎乎的，也不知道是到了什么地方。第二天出行只好打车到地铁站（不过起步价就能到地铁站）。在香港呀，只有坐地铁心里最踏实，知道身在何处。坐大巴过好几站了，你才能回过味了，哦！刚刚应该是到了~汗~所以下次再去香港也许会选择住地铁边上的酒店。	环境非常好!非常安静!设施较旧!餐厅菜肴很好!希望能改进硬件设施!	配套的东西有问题，6的手机配套6S的壳
第二次在京东买苹果，这次超级满意，全部刚从冰箱拿出来的感觉，且没有摔烂的了，个个大小也均衡，重量也够了。	今天凌晨2点下的订单，下午3点就收到了 真是速度啊 本来想先验验货载载刷卡 呵呵 送货员不让 但是可以理解 回家打开一看 都说分区表态 现在果然是见识了 给客服打了2个电话 咨询了一下备份和安装驱动的问题 客户很好 把邮件发到我邮箱里了 还有各种xp的驱动信息和注意事项 不错不错	性价比太差，大堂不气派。房间一般，服务一般，以后不会住	好差的布料，穿的很不舒服。
价格适中，装修还可以。早餐尚可。物有所值	苹果到时挺好的，就是没有苹果的味道，第一次在京东上买水果，	打开时发现有一瓶已经渗漏，价格系优惠的，还未用，先团了	买完就降价，非常不满意
清扬洗发水非常好。已经买了好几次了。非常经济实惠，这一次做活动买的，非常优惠。下次继续购买。	物流很快，店家好，商品物美价廉	非常好，618下单，第二天就到了。唯一美中不足，只有32G，没有高配，而且全网通时代，通话版不支持电信。M3也没有10寸的，可选择的余地不大。当然，这都是华为的问题。	"感觉非常不好,房间有霉味,设施太过陈旧,拧开水龙头,要等很久,才出热水"
这平板比想象的好太多，音质好，外放上下都有，横屏正好在左右两侧。机身很薄。画面也无从挑剔，先前帮同事买了一个，这次特价迫不及待就又买来送自己。	"这么好的酒店,价格居然不高,感觉占便宜了似的.内部餐厅也不错,吃海鲜很好"	口袋都缝到裤子上了，绝对的次品，没买过这么差的裤子	我买的仨大果 你*告诉我这是三大果？？？大的和小的差一倍 而且两边这两个和我上次买的中果一般大！什么玩意
一直想买这一款，赶上活动就入手了，用了感觉比较顺滑，不知道能保持几天呢	感觉比老街口客栈舒适，很中规中矩的3星级，推荐大家住主楼的豪华间，设施比较好，前台和大堂的服务比较热情，通过酒店推荐的出租车司机十分的讲诚信，守时！这才是我最喜欢这家酒店的地方。就是洗澡水有时忽冷忽热，希望改进。	和旧的一样 太薄了	真是不怎么样 房间里椅子的好脏，浴室里的铁架子都生锈了 床旁边电源插座的位置也不合理 一进门就给人一种好旧的感觉
屏幕清洗，运行流畅，物廉价美，摄像头拍照效果略差，较满意。	老婆一直在用滋源无硅油洗发水，效果很好！正好赶上搞活动，一下买了两个大瓶！京东自营一如既往的好！	当天拍下当天到，最满意的就是京东这一点，收到货后，感觉还比较满意，洗了一下味道不错，就是不知道是不是正品，有谁能辨别这个是否正品，感觉像海飞丝味道还是什么味道，反正有点熟悉！有点不满意的是包装不太满意	差评 错码 衣服一股味而且太大
不错，包装专业，速度也快。料子质感很好，穿上舒适大方。下次继续光临此店	1999抢购的，很超值，做工比较细致，塑料感不是很强，感觉比联想的s10强。	很好的产品，流畅，清晰，音质好	太坑了，*钱就这一点点大。上当受骗了
下单当天就收到了，经常用这个牌子的洗发水，很不错，就又买了。	买了大小两种，确实有区别，不太甜，不过挺脆，挺好的。	网上买水果要看人品，这么丑的外皮以为伤到了，其实里面还好。有点湿，可能是冷藏出来的。	单单从机子看，性价比不错，但是没送包包是个败笔，我下单后就降价还送东西，这个我接受不了
做工扎实，按键设计很人性化，散热很好，带有正版系统让人用着有点名正言顺的感觉。完美屏，很像镜面屏。这款是带有麦克风的，好像参数里没写，有点惊喜。解压系统很快，加装内存也方便，拆了两个螺丝抠下后盖就可以插了，说明书里有图解。赞一下京东送到赠品：thinkpad原装包包我超喜欢，第一次拥有这么设计人性化的包包；三星内存条1G，很容易安装，弥补了本本内存小的缺陷；thinkpad小黑鼠标，好用可爱；	待机时间没的说，电话多的情况下也能用到6天。信号也不错，怕怕传言中的小灵通，但是实际用起来还行	一直用的潘婷，使用后头发很顺滑，这次活动时买的，价格挺实惠的，就是护发素少了点。	有香味，但不好用，洗头后弟二天头痒。
比在实体超市里买的差太多，香味很淡，这个不重要，重要的是用了以后根本就和没用过一样。京东最失败的一次购物，果然是一分钱 一分货	很失望，感觉兑水了，以前朋友在实店拿过一瓶来用明显不一样，第一次在京东买东西，以后不会再来	大家看看洗头水这个上面漏的是什么，打开快递就是这样，京东自营商品真的是这么差吗？快递一打开，沐浴液是一早被人开了，盖子是弹开的，差差差，级度超级差差差 ，过分的	哪位大神设计的瓶盖啊，转了半天都弹不开，差评
退房时，总台有个女的态度很生硬，就像你欠她八百吊钱似的，国企做派。	东东真不怎么样	反正蒙牛就是个垃圾，早就不喝内蒙奶了。	没货了为什么在页面上不显示告诉啊，还让人买什么啊？这不骗人吗！对客户尊重最起码应该显示暂时缺货的啊，别让人白费力气。
的确书中很多内容是骇人听闻的，有些史料的机密程度甚至让人怀疑其真实性，虽然作者有着特殊的行业背景，但有些细节还是显得耸人听闻。除去对资料来源可信度的猜疑，这本书对于国人、非金融领域的人来说，的确是生动的教科书，能够让人站在一个全新的视角解读对历史事件，揭开那些盖在所谓历史名人、历史性战争、国际性组织身上的神秘而神圣的面纱，对事物的本质多了一些思考。	第二次购买，本次买的质量远远差于上次，毛边线头有多个。真心希望该品牌能越做越好，而不是越做越差。	618当天看了送吹风机才买的，可到了后送的吹风机呢？化了？	火龙果烂了，又小又烂，包装的时候都不看的吗？
1、屏幕分辨率高，独显，适合做图 2、速度够快 3、没什么问题，使用非常正常， 4、3DMark跑1800多 5、完美屏	还行...串着还挺舒服的，是纯面的	缺点：可能是特惠的缘故 住在1楼 床头没有插座 想充电只能把电视那边台灯的插座拔了才能充 床头灯的电线在枕头下面 很不安全 再说厕所 厕所的门是坏的 锁不了 优点：离机场还是很近的 酒店有免费的班车到机场 半小时一班	很差，相当差，搞得我们的外国客人都发大火了！！！服务不符合四星级的酒店标准！
货品已收到，配送速度好快试穿一下，!裤子和商家描述基本一致，穿着舒适，裤码合身，就是唔知洗时会否退色?个人比较满意本次购物!	很失望，不知道那四颗星是怎么得来的。住的单人标间，328，房间很小。一直有流水的声音，可能是暖气?隔音也很差，我房间隔壁是服务生房间，一大早就开始活动，分配工作什么的，吵醒我，再也没机会睡着。房间的小冰箱里只有可乐，晚上想喝啤酒的要注意了，自己带。早餐种类不少，就是餐厅太冷了，因为我去晚了？早餐也都凉了。	果子甜，但是一点都不新鲜，个子也小，须也都没有	非常酸，都没熟，做生意还是实诚点好啊
衣服收到了！物流确实给力！?裤子质量很好！是修身款的，很潮流！	根超市里的差不多	这里服务各方面不达五星级标准，早餐特别不好	质量太差了……我都无语了，真的浪费
不错不错呢 第二次买啦 好吃 好吃 满意满意 快递小哥 很帅气	1. 所谓的智能学习，就是偷取隐私。2. 后台强制自动升级版本。	差评 都漏了！！！	差评！大写的差评！都不新鲜！一共买了九个回来吃了一个 其他的放了一天有六个就全都长毛了！什么呀。过分！坚决差评！
"非常喜欢夜上海的美景,尤其是流光十色的外滩夜景!上海曼哈顿商务酒店具外滩只有数百米,哈哈,真是意想不到的一转身就能饱览全上海最美的地方,一回头就能融入最繁华的南京路!"	酒店的交通不很方便，电梯特别慢，其余还是如家特色。	别人的退换货，干洗发的皱皱巴巴	买的29码给我32码什么玩意
真的不错，老公就喜欢这个品牌，说是质量又好，体重202都能穿，，说码数又够大，一直信赖它。满分好评。	很不错，值得大家入手！	才开始使用，希望质量没问题。	一般般般版般
宝贝收到了 感觉还不错哦 裤子质量很好 穿上效果很好 正好是我想要的那种裤子	还不错 包装没有她们说的那么差	"和其他netbook比起来, 这款机器还是有点贵的. 另外大陆始终没有引进高分屏的版本, 很遗憾. 升级内存需要拆键盘, 对一般用户可能会是个问题."	买贵了，还申请退款一直没反应
面料很柔软很舒服，重要的是价格还这么实惠！物流每次都超快，一如既往的支持喜爱！	非常的潮，大小合适，质量也不错。	第一次在京东买水果，到货极快，除一个皱皮了，其余还好，没有坏的，好评	功能上存在着以下两项与其产品说明书不相符的地方，VK方面已经知道但并未告知消费着：1、产品说明书中65页标明该产品具有将短信中发送者号码的直接剪切并保存到电话簿中的功能，但在实际使用中发现，该项功能不能使用；2、产品说明书中131页标明，该产品闹钟功能中一项“纪念日”功能可以提供按用户需要设置的闹铃提示功能，但是在使用中发现，该项设置一旦用户关机后再开机，该设置中用户选择的任何提示模式将自动恢复到“振动提示”模式。
很划算，趁活动买的，屯着慢慢用，一直用的这个牌子，香味喜欢，洗过头发之后，很顺滑的，满意，快递小哥的态度也是一如既往的很好噢	很好用。看视频足够了	刚买不到一个月，就降价*，本以为京东好点，没想到跟*似的乱调价格，真无语！	什么服务，典型的欺诈消费者，说好的赠品一件都没有，亏我一直这么支持京东！差评
囤货，一下买了两大瓶，跟超市对比了一下，价格实惠，发货快，期待好的效果	买了可是还是和以前的一样，很好用很大，啊	我要的深蓝皮牌，发的是深蓝绣花，懒的换了。	"京东对产品太不负责任了,产品坏了催促维修进度慢,不负责任"
1、酒店环境不错，地理位置佳。到十全街、凤凰街挺方便的。属于闹中取静的那种。2、客房里设施齐全、干净，比较方便。卫浴设施也挺好的。插头挺多的，很好。房间很干净，也挺温馨的。3、自助餐还可以。美中不足之处：1、卫生纸的质量比较差。2、饭店里最好可以提供（自助）洗衣、干衣的服务。3、房间里的小冰箱效果不好，声音也比较响。反正不用，我就关掉了。总体感觉不错，性价比高，下次还来住。	买回来给老爸用的 特高兴 质量可以 不错	感觉内容很虚，泛泛而谈，没有介绍的那么吸引我有点失望	苹果真难吃，没吃过怎么难听的苹果，倒牌子
帮姐买的，说是很不错，满意	每次都是来京东买这个牌子的洗发水，值得信赖，最主要能保证是正品，而且京东物流给力，服务好。	快递速度快，昨天下午下单，早上就收到了；包装完好无损，产品如何要待试，闻起来到挺香的，第一次买沙宣产品，希望会有个好印象！	1.铃声效果一般，音量比较小； 2.回复短信息不能选择对方的短信直接回复； 3.电池待机时间非常短；
平板收到了，屏幕大就是分辨率有点低，总体还不错吧，给外甥买的，玩王者	送货速度真的快，商品质量不错。	“保持战略定力，在正确的时间做正确的事”，“稳中求进不是无所作为，不是强力维稳、机械求稳”……7月21日、24日，由总书记主持的党外人士座谈会与中共中央政治局会议相继在北京召开，习总书记深刻阐述了经济发展“稳”与“进”的内在联系。	复活节开门吗你敢发防腐剂交话费方法和姐姐家
面料舒适度：衣服的质量很好，穿上很舒服，很修身，特有范，卖家的服务态度好，物流快，下次还会再来的。	特意买的礼盒装，我的天，九个苹果，有两个被指甲掐坏了，其中一个坏的厉害的被婆婆给吃了，不知道包装的工作人员眼睛干什么吃的，上图。	裤子不是一般的难看 真的一星都不想给 50块钱的裤子都比这条裤子好	再也不会在京东自营购买水果了，简直是坑人，不良商家，以次充好坑害消费者，买了12个西柚，6个火龙果，西柚不新鲜不说还有烂的，火龙果个个都不新鲜身上带着烂的斑点，请问你们京东是如何严把质量关的？为什么已经把烂的水果还要出库？难道你们的心跟?的西柚一样黑吗？建议大家千万别上当了，不要再买?商家的东西了！强烈要求退回烂西柚的钱，水果不值钱，关键有一种被欺**的感觉！
苹果很多都有洞 个头太小 最好不要买了	酒店很小资，可是遇到一个被狗日的服务员，真是伤不起，大家入驻小心哦，一个个高高的男生前台。真是狗日的！	我是老京东会员了，为了给孩子吃才买的，这也太不要脸了，那那里是约80的苹果？和油桃一样大？忽悠客户有意义吗？然后这那里是红富士，吃起来和木头一样。作为京东你们也帮卖家忽悠，人家最多上一次当，又不是非京东不买。	我去年国庆在东莞中域买了一部，用了半年就乱屏了。已经修了三次，修一个月用一个月就坏。今年10-13又坏了，这次坏了特别多功能，刚刚过了保修期。气死人，这破手机中看不中用，售后服务又太差。再也不买天时达手机了，骗钱。
裤子质量不错，穿起来很好看，给男朋友买的，穿起来帅帅哒，今天泡过后也不褪色，值得买	味道很好，很甜，水份很多！京东物流一如既往的快！	东西很好，快递很快，京东超市非常好	京东的33208号客服，不解答，说着说着又不回复，一个买书补差价问题我咨询了好几天，每次到最后他是去上厕所了还是去洗澡了？就把我往这一放再不管了。本来都不评价的，默认好评，被这样对待了几天，数次，实在是受不了，用1星表示一下对京东客服的抗议。
不错，80体重，172身高，穿L正好。40的T，与十几年前大学时价格相当，不错了。穿几次看下具体情况，耐穿耐洗再追评！	1.高硬度的塑料翻盖不仅具备较佳的耐磨性，对“脆弱”的触摸屏也起了很好的保护作用	科普儿童立体手工—《恐龙家族》一书，很适合小朋友在课余时间作为挑战自己细心和耐性的好助手！小朋友可以在裁剪的过程中，锻炼到脑的操控能力，在粘贴的过程，训练自己的坚持性，当恐龙立体展现时，除了知道了有关它们的知识和名字外，最主要是收获了一份自信和成就感！自信是小朋友迈开成功的第一步！是自我肯定的内动力！	包装不严实，又碰到下雨，盒子都快烂了。
不错，完美的产品，完美的购物体验	产品还不错，主要是评论可以得积分，这个挺好的，所以多发几个字，多赚点积分，产品还不错，主要是评论可以得积分，这个挺好的，所以多发几个字，多赚点积分。就是没有送货上门	前台接待工作态度差，酒店房间大.出差住住可以，旅游别住，闹心	今天拿来吃几乎每个都是烂的，不敢再买了
囤货的，买了好几件。主要价格也很不错。	火龙果一波三折！先是缺件第一盒上午给我送过来我后来一看订单不对啊拍了两件只给我送了一件找快递员他说回去查查，最后到了晚上才给我送来另一盒	第一次在京东上买水果，火龙果一点儿都不新鲜，味道也不好，感觉快坏了，下次绝对不会购买了。	太脏了，全是刮痕，跟垃圾桶里捡来的
老板很省得，公共空间再热都不开空调，等一次电梯就是一头汗。补充点评 2008年7月19日 ： 写字台莫名其妙的多了一溜边边，用电脑一直就这么咯着，很不爽，不知是那个脑残设计的。	前台的服务员好冷淡！对客人也是爱理不理的！卫生不错，房间隔音不好	物流慢，没使用，看外观还凑合	无聊死了~~~~~~~~~~~~~买来真是浪费钱~~~~~~~~~~~
快递很好，服务棒。。。。。 快递很好，服务棒。。。。。 快递很好，服务棒。。。。。 快递很好，服务棒。。。。。 快递很好，服务棒。。。。。	还可以 买给老爹的 高大上 天天扫地 都得带上听歌 音质不错！	1、地处市中心周围环境很好，房间总体符合四星级标准，但卫生间条件一般，房间电源插头太少，没找到空着的只好拔了落地灯电源才能给笔记本充电。2、床铺虽然很舒服，但感觉床单应该及时更换，洗得都太薄了，再用就没有本色儿了~3、电梯只有一部到地下停车场，等的时间较长！4、早餐一般不提也罢，总体来说如能改进下次还会来。	很不好，奇怪为什么这么多家长喜欢
先习惯性好评，京东值得信赖！用过之后再来追加评论！	还行，比较流畅，正在熟悉系统。	垃圾中的垃圾	刚买回来 卡插进去就拔不出来了。问客服 结论是拿去维修。郁闷的要死 。打华为客服简直是恶心到爆。说这款带了个针 必须要针才行。 找了半天也没找到个针。一晚上就在折腾这个破事。后来用镊子才揪出来。以后不会买华为的东西了
6月30到7月1号入住的.去美使馆办事很方便所以预定了.当天到达后酒店给的升级房间还好.说原来定的标准间看不到景色就是居民区.所以免费升级了.很好的房间.前台的CHECKIN AND OUT 慢.但其他还好.酒店设施也较时尚.老公很喜欢.门口也较方便逛街和散步吃东西.可以.火车站离的很近去机场回北京我们到300米处有一机场快线就是BUS TO AIRPORT 20YUAN PER PERSON.定点的.方便.可以推荐.	说好的去头屑呢，用了之后更多了	我了个去 怎么是少了2个的？ 我是送朋友的啊 我顶 垃圾死了	一、太容易死机 二、闹铃简单（我中午睡觉怕迟到，还要重新设置） 三、充电没有座充，太麻烦。四、后盖太松动！
显卡，CPU对于主流游戏来说已经够用了；电脑整体做工也还算优良，散热挺好的。	电量足，屏幕大，系统流畅，华为国货骄傲。	牌子还是很霸气的，质量的话应该没问题。	硬盘声音大。好像是dell这批产品都有这个问题，E6400和E5400都有硬盘声音大的问题。
第二次买了，比较划算。一直用这个牌子	包装很好，无破损！！！！价格和超市差不多，希望优惠力度以后更大	总体来说还可以，门口的车不是很多，但是金门路上车很多，游5等都可以直接到火车站，离寒山寺 留园 虎丘 定园都很近！	一打开盒子，直接就看到平板屏幕上那么多指纹，真是无语了！买来给女友上夜班时看看视频用的，一开箱尴尬死！心想，也许是装箱的时候弄上的？赶紧看看插孔，两道插痕在那里嘲笑我的侥幸心理。。
吹风机太烂了，根本没法用	26号才给送到，当时没打开看，后来一打开发现所有的火龙果表皮都冻了，吃了两个，果肉还可以，第二天剩下的果肉全都发酸了，只能认倒霉了	太垃圾的衣服，	水果良莠不齐，一看就是为了凑数，也不甜。五花八门的水果，就这样欺骗消费者？
京东购物质量有保证，送货速度快，价钱应该不算贵。	这次的货同上次订的货搭配不一样，有点失望…	京东自营店不是隔日到吗？我的东西六天都没    到	不好吃，还贵，还有坏的，不建议购买
裤型很好，颜色很正，个人比较喜欢，卖家服务也很好，给满分好评。	有些失望，没有想象中的好。比较适合幼儿园的孩子阅读。但对于小学生不是太好。	设施非常旧，周边环境也不好，最奇怪是房间内没有暖气，只有挂壁空调，要知道，这种空调室外-5度时候，不会工作的，洛阳可是在淮河以北了。	烂的，很多烂斑。到家孩子已经吃了第一个，然后当晚上吐下泻，马桶里全是火龙果。已经在医院挂水两天了，细菌性感染。以后不能网购火龙果了，这东西暗藏烂斑很严重。真是上当了，唉，上学都受到了影响。
质量不错，做工精细，穿上很舒服。	"开始住的那个房间初看感觉不错，但空调坏的,一晚没用,卫生间淋浴房洗澡时往外漏水.后来换了一个房间还可以，总体觉得一般。补充点评 2008年6月3日 ： 靠近地铁站，交通比较方便，且宽带免费。"	售后不行售后不行不行	服务太差劲，送货不及时，还把物品错送到 其他配送站。在线联系客服不回应
衣服开始的时候买的比较小，后来换了，老板人很好。衣服穿了一个月才来评价的，感觉性价比很高，总之，内心是很满意的。买买买，赞赞赞！	宝贝收到了，看包装很简单，希望用着有好的效果	厦门海景千禧大酒店就是以前的海景假日皇冠大酒店，现在中方自己管理，虽然现在没星，但各方面都不错。	跟之前买的包装味道都不同 想着说是新包装就新包装吧 用起来跟之前的比差远了 还油头发 真是崩溃 我头发从来都不油的 京东自营的都有假货 还越来越多了 真是心寒
十分不错的一个平板电脑，速度还可以，通话清晰！待机时间也够长的，物有所值！感谢京东，感谢华为，支持国产。	服务很好 不厌其烦 还没有安装 我想是品牌应该能信得过	我本来是订的220元的标间，后来告诉我只有258元的标间。只好答应、别无选择。以为在这种档次的城市，外标300多元的房间会不错，实际入住后，感觉性价比较差，设施简陋，不像能代表该市形象的窗口。空调是中央控制，房间内不可以调整，刚进房间有异味。这也是我两年来唯一遇到的在宾馆入住、还要另外缴纳10元停车费的！可能是我们少见多怪吧。优点：早餐还好，符合20元的标准。补充点评 2008年6月8日 ： 建议把地址改为“六峰路”，这样开车好找！	房间真是好小，而且有股霉味，床单没洗干净，有不明的污渍，打到客房部要求换没人接电话，只能打到前台，送来条床单，我要求铺上，服务员说自己是前台的不负责铺床，客房部的人下班了，我只能自己铺。看上面几位评价数字电视比较吸引人，我觉得真是没什么可看的，存储的电影少得可怜，连续剧根本打不开。下次不会去住了。
款式很不错，质量也很好，穿上很舒服，基本没有色差，快递很给力。	"系统的确难装,思路对了也挺简单:我是用U盘装的,我先用winPE把U盘做成启动盘,然后把系统光盘里的东西复制到U盘,将机器BIOS里的启动项调成USB-HDD启动,进入winPE界面之后,"	贵公司14号发出，为什么到今天还没收到呢？今天已经是26号了.12天了，还没收到书。	今天很生气，我几乎没有给过京东差评，但今天真的非常非常生气，所有东西全被摔破，包括手机，越来越不信任京东了，这么多人都再说货物的真假和包装问题，为什么问题确越来越多？ 老刘光顾着开幼儿园了？
完美支持XP，不敢买HP和ACER就是怕不能装XP，这台终于没让我失望，BIOS里ACHI选择IDE就可以了，所有XP驱动在联想网站输入产品编号都能下载到，4999价格也比较合理，屏幕不错，散热一般，用一段时间，触摸板就发热了，外接鼠标如果需要禁用掉触摸板，需要先装个老版的，选择“当存在USB定点装置时禁用TOUCHPAD”，然后再装新版的才行，直接装新版，没有这个选项！	太薄了，以为是加绒，谁知是夏款，被忽悠了	标价199领券省一百今天就变59了 能不做欺骗人的事不？	洗发水洗完头发一点都不顺滑，涩涩的感觉，所谓的电商套装到底是不是正品？反正跟超市买的用起来不一样，以后再也不会买了
华为品牌真心不错，收到马上开机更新，感觉蛮好的！看视频打电话听音乐效果杠杠的！	好吃的不得了。国产苹果也有好东西。	整体性一般偏上点，看视频有点卡顿，触屏有点不是太灵光，客服不是太好，问题推来推去的，希望你们以后改进，毕竟我现在支持国产的，产品呢跟这个价格也差不多了。	不好。掉色严重。。
东西和宣传图片一致 已介绍给朋友 下次有优惠还来	昨晚发的微博，今下午菊乐就登门拜访赔礼道歉，还附赠一箱，希望能继续支持本土牛奶。我娘感动得再三叮嘱我，得给人家个好评那只能在此给个好评了。。。相较之，蒙牛的公关都是喝蒙牛长大的。	蒙牛真不错~现在向牧场出发.！	6月初入住的，据说后楼比前楼条件好，就住了后楼，180一晚。房间非常的小，后楼正在刷外墙，脚手架到处都是。在前台叫了押金，楼层服务员却要把押金条拿走。我和前台理论，前台态度非常强硬，说这是他们的规矩，十几年来都是这样的，还说让我慢慢适应。我不同意，前台让我找楼层服务员自己处理。楼层服务员倒是把押金条退还给我了，但是气呼呼的，要我们自己注意。也不知道注意什么。晚上打开窗，对面前楼的空调机房非常吵。还有脚手架，任何蟊贼都可以直接爬进我们的房间。几乎没有什么客房服务，洗手间里能坏的都是坏的。
宝贝很不错的呢！款式很新颖，我很喜欢，物超所值的呢！赞一个满分哦！下次还会来的！	嗯，不是特别新鲜，皮上有黑点点，但是里边没有坏很多，嗯，网上买水果可能还是不太方便跳。	东西用了，感觉像假的，没有海飞丝的好，用了后，头发是很顺，但是头发刚刚干就发痒， 还有说送卷发梳的也没送	苹果完全不好吃，我还是买来送人的，人家都不好意思说难吃！不会有下次买了！?
不错价格实惠 老顾客买好多次了	拿回来用了两周 感觉差太多 毕竟800的货 玩个手游 玩一半 屏幕就点不动了 非要关闭屏幕重新解锁 都有点想摔了的冲动	酒店服务不好，服务员态度生硬，特别是酒店物品管理方面，物品的清点不到位，我明明没有用房间内的收费物品，可是退房的时候硬说我们用了四包收费的洗液，非要我给钱，我因为急着赶飞机只好付款，简直不敢相信这是携程推荐的酒店，难道这家酒店就靠这样挣钱，有到了黑店的感觉。补充点评 2008年3月24日 ： 还有洗澡用的是电热水器，始终让我觉得不安全，提心吊胆。卫生间马桶不好用，修过一次也不好。总之，住在这家酒店觉得很别扭，觉得不安全，不舒服。四周感觉很吵。	烂玩意，地摊上*的背心都比这个好。 吃亏上当就一回！！
很不错，特别实惠，做活动买的，服务好，送货快	刚进入索菲特银座大饭店时就受到了前台小姐热情的接待，她告诉我说通过携程预订的房间都可以免费升级，感觉非常温馨。我的房间被安排在专门的女士楼层，住过这么多的酒店，第一次听说有专门的女士楼层，觉得挺有特色的。房间里有很多好看的女性杂志，还有化妆棉和浴盐呢，最重要的是房间特别高，空气好，视野更好啦，可以看到全济南的建筑呢，大明湖和泉城广场也尽收眼底。下次来济南一定还住在这里......	速度太慢 而且还是2G的	1.收到彩信后经常会打不开，死机，一直会读不了；2.防火墙2星期后就不能用了，只能通过电话簿确认“陌生人”。3.没有数据线，商家说厂家不提供——就算你想买也没有？！4.其它手机上用的GIF图，下载后也打不开。
一次买了两瓶，干性和油性发下质用，不错，稍贵。	功能没多少，但价格便宜。信号不错，比现在拿着的小灵通强多了！	放冰箱第二个星期苹果就有点烂了	坑货坑货，太坑了，手机刚拿到，就又降价20元，太坑了，字体有点小，买给我妈妈用的，说看不太清楚，太后悔买华为了，坑死了
很好用，很清溪，不卡。	对的起价格。还有就是安静。就是大床竟然是二张小床拼的。让人郁闷。就是看他安静。所以我每次来还是住这了。	只要读一读南怀瑾老先生的《论语别裁》，就发现于丹的心得是多么的肤浅，感觉南怀瑾与于丹在一起，就象大学教授与小学生在一起一样。	玩王者荣耀刚进去画质很差，然后把画质调高了才好，没多仔细看，跑分和我的iPhone6p比还要少，电池还是不错的，然后辅助功能的皮套锁屏亮屏体验太差了，正常玩游戏都会自动锁屏，感应器在左下角，建议关了，快递说了哪天到就是那天到了，暂时感觉没毛病，就这样吧
一直在用这个牌子的洗发露，特别好，这回活动买的，特别超值	东西很好，京东送货也快，当得上又快又好这四个字的评价，32个赞！！！	没想到华为居然会出垃圾，这平板绝对是垃圾中的战斗机了……近*的平板清晰度居然不如我同学*的杂牌子，看图片都能看到方块边缘。5星好评说清晰的，请问你们瞎么～幸好退的早，还贴了十块钱。	"到货时间太慢，整整过了8天，是没有系统还是怎么了？为什么打开之后就不动了，显示root localhost ,谁能帮我解释解释，该怎么办呢？是应该找京东还是找宏基？"
在thinkpad这个品牌里面性价比还算高了，感觉发热量有点大，其他还好启动时光驱声音较大 ，2G内存够用了	携程服务的不错。因为要求安静的房间，携程一上午一直和我沟通最大限度满足我们的要求。酒店以前住过，卫生间太小，虽然订的是商务房，还是小。	"该酒店作为四星级算是中规中矩,服务态度和设施还说的过去.大堂的西式小点心不错,物美价廉.不满意的地方:一.居然没有停车场,只能停路边还要收费,感觉很不贴心,自驾的朋友要有心理准备.二.九江好象没有五星级酒店,第一感觉该酒店是四星的应该会比较醒目吧,如果有人这么想就完全错了,我们自驾车两次经过门口竟然没看到,不论是楼还是大堂实在是太不入流了."	一次非常失败的购物，京东自营水果质量真的不敢恭维，是我所有通过网上购买水果最失败的一次
水果收到啦，包装很精致。箱子也没有破掉行过还好无损，对这次购买非常满意	第一次购买，快递很快，昨天下午下单，今天上午就到了，快递超快！	设施较陈旧 卫生状况不佳 总机服务人员态度差 空调噪音大	洗发水收到很久了 才开始用 完全是假的 起了好多头皮屑 更气人的是 我和我老公用了之后头上起了好多红疙瘩 又疼又痒 希望大家不要再买了 简直太假了 从来没买过这么差劲??的东西
手机做工好，运行流畅！	好东西值得分享，相比其他洗发水，这个绝对是不二之选！	宝贝收到，还没用，赠品还没收到，期待中，好评全5分吧	一般般还
不错，在同等档次酒店中应该是值得推荐的！	挺好的，有苹果味，放冰箱一天一个	地点还凑合，离十字路口也就一个街区。房间比较陈旧，老式，唯一的亮点就是卫浴设备。最大的不满就是在入住的3天里光我在店的时间就停电3次，令人失望。补充点评 2008年3月3日 ： 对了，酒店提供的免费送到车站的服务十分贴心，还是比较满意的。不过这个价格在椒江还是高了，后来又去了一次住的园丁商务酒店就实惠很多。	真是垃圾手机，后悔死了
信赖京东，苹果没的说，个头也大，买好几次了	前后买了三次吧，算是屯够半年的了，确实挺划算，	东西是正品，非常好用，第二次购买了。	酒店房间设施已经比较陈旧。入住的房间内柜门和床的靠板有皮质表面脱落，非常难看，是在如家汉庭这种经济型酒店里也看不到的景象。浴缸下落水的旋钮居然是用白水泥（？）修补过!空调开至30度最大档，也不给力。傍晚，没有客房服务为你整理床铺。总之，不像五星……
已在这家宾馆下榻n次了，房间很舒适，卫生间的玻璃隔断很别致，喜欢这里。	个头都挺大的，就是个别有点酸。已经吃了几个了哈哈	笔记本不错，京东不够厚道，钻石抢的和现在促销价没差几分，这不是忽悠我们钻石一族吗？？？	很不爽……我昨天买*，今天就卖*！价钱这样变。怎么让消费者满意，又不能补差价，还是*，价格如果有差，还会补回给消费者！第一次在京东买，也是最后一次。
交通非常方便，房间也不错，很适合一家出游	刚收到宝贝，就降价了，然后联系客服，马上给返还了差价，很满意京东工作人员灵活变通。坚持在京东购物6年，以后一如即往的陪伴.......	都是烂的，不要买，京东的水果越来越失望……	我只能说两个字，差评
上海航空酒店地理位置优越，但飞机噪音太大，整晚无法入眠。 房间设施陈旧，下水道堵塞。最主要的是性价比极差，边上的锦江之星比他强多了。 还有就是早餐也过于简单，与它的四星标准相差很远。 我起先委托了叫醒服务，后来因为航班取消我又打电话取消叫醒，但半夜来了两次叫醒，真是受不了！	我都以为发错货了呢！哎呀！太不理想啦！直筒的肥大的很！和图片简直两个东西、送人穿啦	"入住宾馆很失望,环境比较差,房间像招待所,正个房间充满着一股下水道的味道.早晨起来,赶紧逃走."	手机送来膜居然是贴好的！包装盒外面就一个华为的塑料胶带密封。打开机子试验了下还能用，但是关机或者重启后无限重启是什么鬼？！懒的退了，就升级了下系统，偶尔还会自动重启！综上，80%是别人退货，要么就是问题机子！
华为的平板也不错	快递 值得点个赞，下午下单 第二天早上就收到了	模具很一般，背面没有散热风扇的进气口，另外我去自提的时候被告知我买的是没有杀毒软件送的，和解？	天气原因，航班取消，就找了个离浦东机场近的地方，一进酒店浓郁的七八十年代老宾馆的风格，老旧，入住的楼道一进去就一股子发霉的味道，门还是老式插卡，屋里房间也小，地摊特别脏，屋里也有味道，中央空调暖风不太热，而且噪音特别大。时代在进步，这酒店也得更新换代下吧。总之要不是因为飞机航班取消，绝对不会在入住这里了。唯一可取的就是去机场有班车接送。而且吃饭也不方便。东方航空每年赚那么多钱，改善下这宾馆还不是九牛一毛。总之，体验感特别差，很差，很差。
收到了蒙牛新养道珍养牛奶，灰常感谢 。每天早晚喝上一杯，补血养生，活力无限。珍爱自己，养出好气色，每天都会记得喝	一直想买华为，最近也在纠结是买青春版还是普通版，对比了一阵，最后还是决定买这款。金属机身，运行速度快，指纹识别在前面。唯一有一点不太喜欢的是，微信和qq 不能和手机同时登录，没有平板版本。值得一提的是音响效果，真心的不错。总体来说，物超所值，大爱。	不错，价格实惠，618活动给力呀！	这个真的有你们说的那么大吗，还有都怏了
衣服收到了。真心不错，刚开始只是抱着试试的态度，和客服聊了很多，客服推荐的尺码也刚好，布料很光滑，准备在入手买一件，穿在身上很帅气	赠品还需要领取才有，真是少见。	裤子是还十一之前买的，码数小了，退回去换到现在还没收到，郁闷	不透气，快热死了
要远离蒙牛 证明无毒嘛！嘻嘻@ShuFenLin：只能说蒙牛真不容易啊，总是活在枪林弹雨中。唉，珍惜生命，远离蒙牛。	这个真的好 支持国货 国人自强 自给自足	我前两天刚把在实体店买的用完，今天说是用一下洗发露把，很稀，跟实体店的不一样，不知道是不是真的	比较发懒，爱在网上买水果，买一次后悔一次，以后不在网上买了。实体可以挑选满意的，这个只能被动接受。买了几次火龙果了，说是中果，总会配一两个小果，超市里都没见过那幺小的火龙果，即便超市有我也不会选的，在网上买都发给我了，哎?，气人！
挺好的 虽然分辨率不高 但也在意料之中 其他的都挺好 打算给爸爸打打游戏	一般般！质量还行	说实话，口感和在烟台吃的差太多，果肉很紧不太脆	"房间很差,有浓重的烟和潮气的混合味道.我的所有在房间里穿过的衣服都有浓重的味道,尽管我只住了两晚.床也是又硬又小,卧具也很低档,电视更是老旧不堪,像是十年前型号,而且信号极差. 早餐品味很低,像个招待所的风格.餐厅里面黑乎乎的,令人感到很沮丧. 其它地方印象不深.总之,这样的酒店挂牌5星实在是让人难以理解."
做工精细，麒麟930处理器，反应还是蛮快的，不卡。暂时没什么不满意的。	买了两盒，总体还算可以。一般苹果保存时间比较长！	首先酒店有免费的接送服务，这点很好，但是要自己去联络酒店方面，携程的服务人员根本不知道有这项服务。第二，酒店服务不错，会放点糖果，卡片等，感觉贴心。走廊上碰到所有的服务人员都会很热情的打招呼。第三，酒店所在位置不错，门口就有到各个景点的公交。第四，表扬左岸咖啡厅的早点，式样多，味道好，靠窗有舒服的沙发位子 。是对着白鹭洲的景观位子。但桌子和沙发离得太远，我娇小的中国体型感觉有点够不着。酒店改进一下，毕竟还是中国人来得多嘛！缺点：我定的是景观大床房，可床一点都不大。就四星级酒店来说，设施陈旧，电视居然还是球面的，色彩差。卫生间小，没有独立的淋浴房。排风声音响，开门后会闻到霉味。	买的时候感觉挺便宜的，样子我也还喜欢，但是用了才知道反应有点慢哦，而且感觉还很费电，还常常自已就死机了。开始的时候上不去浏览器，送去维修了，换了主板，原来问题解决，手机上又没法存短信了，又换主板，可以存短信了，打电话又没有声了，再换主板.天啊。。都让我赶上了？
此宾馆十分气派，唯一美中不足的是，我去的那几天，从宾馆出来不容易打到车	伊利奶没有蒙牛的好喝....但是红枣酸牛奶还可以...蒙牛利乐的纯牛奶不错，最好喝的是核桃奶....三元的也还不错，就看这评价我怀疑我要奶中毒了...	东西差评真的是有原因的，还相信京东是个大品牌，然而是真的会让人失望，不要被鲜艳的图片所欺pian了，可以接受你个人小，不能接受你是残次品，还抱着侥幸的心里说果肉应该没坏，事情证明不新鲜的火龙果果肉都是臭的！再也不会在京东买生鲜了！！！	垃圾华为，WiFi连着总跳，玩个王者荣耀还不能开中配，而且自己的华为中心开着还卡，用华为账号登入游戏还总退出，卡死，游戏角色消失，这东西只能用来看看视频，问题是看视频高清比手机看着还模糊，音效是不错的，总体来说还是丢了吧……*的价我宁愿去换个小米。真是越期待约失望。京东的物流还是不错的
裤子质量有保证，卖家态度也真的好好哦，以后还会来光顾这家的产品的。样式真的也非常的棒	在兰州应该算非常好的酒店了，还调了一个带电脑的房间，呵呵	太垃圾了，还*，*差不多！	虽然机子不错，但是第一次发的是坏机子，浪费了我几天时间和京东客服周旋。对于这个只能是差评。也是第一次差评，希望再接再厉。还有最近一次购物也是如此，发了评价没有显示照片，竟然说是我没发照片，我有必要说假话吗，还让我截图，接你妹啊截图，还好两天后图片出来了，不然还说不清了。这个差评给京东的服务系统。
除了地段好之外，其他没有一样好的。宽带慢得像蜗牛，他们居然说就是这样。大堂和客房是在不同楼里，我登记后要拿行李出门去旁边的楼坐电梯。早餐也配五星酒店？吃得像农村一样。以后不会住的。	一般般，隔音效果特别的差，晚上吵得不得了，房间也小，最受不了的是要找个充电的插头都很困难，真心一般，设施比较旧	不晓得是买的水货还是什么，洗了一个星期再评的。洗了头发干燥不柔顺，比*的护发素还差，还要*	我真搞不懂那么高的好评是怎么来的？就这破质量还卖这么贵？？？*
非常非常好，十分的满意。是我在网上买的最实惠最好的一件T恤	味道挺好闻的 还实惠 用过再说柔不柔	用电池供电自动断电，２星期３次，不是个体问题，发现了很多，我们已经组织了一个群，准备联名向联想要个说法！与京东无关，京东我还是恨满意的！！	吗得，图片与实物不符，丑的一必
款式很喜欢，穿着很合身，就是拍照时光线不好。很满意。	"配置一般吧,可能小本基本都这样,带出去是很便携的. 司马赠品包包,鼠标,内胆都不送的"	为什么没给我发票？为什么？	自我感觉不怎么样 颜色不喜欢
感觉还是很不错的，必须好评一下，质量也很可以，东西很很赞的拉	该有的东西都有了，这个价位有这么好的配置，就快要赶上很多三线品牌的性价比了。华硕的东西质量还是有保证的。很适合学生。	直接铺垫在狗窝	非常垃圾的手机，使用4天，无缘无故出现排线破损，退换货还不给处理。这不是质量问题是什么？还让我自己去华为厂家检测，我是在你这里买的，关华为鸟事？找你们没用是吧？我是没时间去厂家检测，那就只好投诉咯，我还真不信，使用四天的手机自己出现内部破屏，还不处理
一，昨天订的平板今天又到了，非常漂亮，半边脸都挡住了，就是有点大，音质不用问了，哈曼的，反应很流畅，目前开机使用情况正常，运行王者荣耀流畅，其余待使用后评价。	总体来说还可过得去。我们入住时，房间还未打扫，和酒店人员反应，马上处理了。房内设施应该只够三星！宾馆反馈 2007年7月27日 ： 现在正值旺季，酒店的入住率较高，所以出现了上述情况，我们对此表示歉意。目前酒店已制订了一系列的相关措施，以保证旺季能及时安排清晨到店客人的入住。我们十分感谢您提出的宝贵意见，希望您下次有机会能再次入住我们酒店。	"我07年10月19日入住,确实是休闲的好去处,有空还会去.不足之处是山庄酒店菜色一般,入住那天不知为什么上不了网,虽然叫了人来查看,但还是未曾上网."	新手机连电都充不上，屁大点事搞那么复杂，差差
一直使用，干爽舒适，虽说刚兴起几年的牌子用着比大品牌强。	"爱德华的礼物看过后，真的觉得受益匪浅,原来在生活中、工作中遇到的人与事，是可以用那么有意思的语言来说明，并且总结出观点、看法、还可以用各种不同的方式去运用。对个人在以后的职来生涯中可以用到那些看似在生活中微不足道的事情，却影响事业发展的工作方式与方法得运用，使其达到那样完美的职场天地.非常棒的书,一本?一语惊醒梦中人?的好书."	配置不错，外观也行，就是喇叭的音效很一般，用惯HP的再用这个差距很大。	为什么给一星，原因很简单：18日诛仙游戏出活动，只要买就送游戏虚拟物品，我就早买2天。点背！现在很想退货，再购买一次，得礼包。
很好，不止一次买了，很新鲜，特别好吃很好，不止一次买了，很新鲜，特别好吃很好，不止一次买了，很新鲜，特别好吃很好，不止一次买了，很新鲜，特别好吃	房间的配套有小厨房，方便做宵夜。^_^。而且离火车站超级近，就算是去shopping买一大堆，也可以很晚才去做直通车。	小巧散热性好，女士用很轻便，比公司的hp轻很多。 自身带的vista系统用了赠送的内存条稍微快了些。问题暂时没有发现，不过声音感觉太小。	还没有收到东西，网上显示已经收到了，*骗人的物流！
手机造型非常不错，简直让人眼前一亮。背后的雕花很大方，而且漂亮。200万摄像满足一般需要，功能强大。商务感不是那么强，非常适合。	不知道是不是正品，看有特价才囤货的。但是沙宣洗发露真的好用。	包装比较简单，不过产品还是挺好用，以前用的x1，用了两年，现在换x2	什么破平台，618那么大的节日竟然价格买的比平时贵
到收货了，很快就装好系统，用起来感觉还错，还没发现什么问题。	没有色差，而且质量挺不错啦~送的质量也没有差别，赶快行动吧~	显示的第二到货，结果不知是是过了多少第二天才到	一般 不值这个钱
"为孩子订购的此书,但我却先于孩子去阅读了.这部小说,如果说是儿童作品,也只是以儿童的口吻去记述了个人在法西斯蹂躏下的生存与抗争的历程.成人阅读此书,可以更多地从此书中感悟到战争对人类的摧残,还有生命的力量.儿童阅读此书,不仅会被故事情节所吸引,更重要的是从中会学到勇气与机智,善良与坚强.除了感谢作者,还要感谢本书的翻译者,如此生动与流畅的语言,让人有一口气读完的冲动与惊喜."	好象新装修过了，各方面都很好。可是原来一次性的刮胡子刀没有了，希望能继续提供。	第一次入住，觉得体验很差，酒店设计和迷宫似得，标示不清，看得出运营公司为了省钱，人也不愿多配几个，最后来回几次总算找到房间	我才买来四五天掉地上屏幕坏了 我申请退回去修 居然给我来个他们哪修不了 给我找个 附近的自己去修 但是给我找了个绍兴市的 但是我在诸暨市啊 真火 在网上买东西真的不靠谱 我以为在京东不会发生这种事 但是……唉
蒙牛真果粒真实水果+醇香牛奶！完美搭配、天生是绝配！蒙牛真果粒邀你一起来感受天生绝配的奇妙滋味，分享你的美丽心情！ http:t.cn/zO5LPfb @mark	#蒙牛百变大咖秀# 我很爱蒙牛优益c的哟\\^O^/它已经成为我生命中的一部分，伤心的时候想喝它，开心的时候更想喝它所以，你知道怎么做的啦。	不好 头皮屑 就味道好 不要买	"房内设施简陋,客人很少,很冷清,很没落,没有象样的温泉,早餐是有人吃才开火,而且什么都没有,下次不会再选择."
恰逢春节期间，没有安装工人，所以自己动手两块后安装好了，用不了半小时，效果不错，只是送的赠品太差了，因为送的就不说了，其他的都没问题，Ok	第一次买的时候都是好好的，好评。第二次购买买了两箱，其中一项也很满意，另一项就出现这样的情况，两个苹果都有坏的	SIM卡 插入没反应 建议别买上当受骗	亲们，千万不要在上当受骗了，真心不好，很失望的一次购物
外观大气、漂亮，散热好，噪音低，尤其带的小键盘对造价人员非常方便适用。速度、性能均感觉不错。自带的VISTA系统挺好的啊，掌握方法，用起来比XP更爽。	在用，感覺不錯，功能實用很貼心，但是基本不考慮照相功能。憑著諾記的品質保障，還是很值得一買的。另說，諾記的售后服務不錯	物流太慢，裤子质量太差，裤子很薄，手感很不好，没有弹力	前台接待服务态度极差，非常嚣张，我说找你们经理投诉，居然那人回答，我就是经理，你投诉好了，还给我拍名字，及其嚣张（原来是经理），这也能叫五星级酒店？太太太差了，大跌眼镜，无语
好评，父亲节送给老爸的，老爸高兴就好	质量很好，没有色差	4月28日晚上1点多到酒店的，预定了一间商务我大床房，携程网站写明有免费宽带的，结果我在房间找了20多分钟，没找到网线，连网络接口都没有，只好打电话给总台，告诉我说，八楼在调试，禁止上网（当时给我的房间是6楼的），可以给我换房，因为要上网处理一些事务，无奈拿着行李到总台换房，又告知没有大床房了，只有标准间，价格和我预定的价格一样，因为太晚到酒店，自己也不好意思，所以没有理论，只好住了标准间。我有几点疑问：1。酒店深更半夜调试什么东东，而且8楼调试，6楼还不让上网？2。既然是调试，，暂时不能上网，为什么房间里没有网络接口？3如果总台早就知道这个情况，为什么我入住的时候不告诉我，非要等到我打电话的时候才说？4为什么第2天在6楼会议室开会的时候，又可以上网了？如果酒店连夜调试好了（虽然不知道调试什么东东），那他们的员工还真值得表扬！5为什么酒店前台总有那么多业务不熟悉的实习生在为我们服务？	晚上九十点到的酒店 被告知团购的不能用 于是在去哪儿网上定房 前台妹子服务质量超级差 我去的时候还在跟航空公司的空乘人员吵架 还重复收取我房费！收了我两个380元
特别脆，特别甜，比超市买的好吃多了，已经买了无数次了，一如既往的好吃	中国独有，国外早就证明不可能了，蒙牛继续坑害中国消费者吧。。。	这样的质量，还是别买了，京东自营水果这么差！运费6元，算下来一斤要6元多了，大家看合算吗？	真心垃圾，好几次都买到2手机在京东，已经累觉不爱了
今天接近中午下单的，没有想到晚上9点就收到了。苹果不大，好不好甜不甜先不说了，只想说快递小哥辛苦了，给快递小哥10个赞??????????我是第一次在京东购物，以前都是在其他购物平台上成交，以后我会是京东粉?	看完书后，有这种不一样的感觉：原来国际关系、军事斗争还有政治安排，原来都有“冲突的战略”在里面左右。作为“博弈论”的先驱，谢林先生的思想高深而又全面，可他通过事例却把这个理论说的清楚、了然。要说感想，可能需要再看几遍才能形成自己的思想。翻译的质量好像不是很理想，特别是一些理论的阐述。	此时的切糕可是一个贬义词 蒙牛这些傻逼是不是以为切糕很高级呀	保修卡，说明书什么都没有。差评！纵使平
性价比款式都不错?，挺喜欢一下买了三条	配送还是很快的，但是水果不新鲜，不知道放了几天了，表皮都干吧了，还是从水果摊买好	便宜没好货，特假！！！！！	垃圾货，洗几次裤子了，水还是像墨水那么黑，第一次洗的时候4桶水都是黑的，退色得也太历害了，再也不买了，质量又差，感觉被坑了
信赖首选京东，看着它一年一年发展的越来越好。为什么我喜欢京东购物，因为当天买自己喜欢的商品，明天就可以到达家中，为什么我所有的评价都相同，因为在京东买的东西太多太多，商品积累的太多没有评价。自营的商品有保证，售后客服很赞，一句话的事儿，直接上门取件退，上门更换新商品。平时基本不逛街，在家逛京东商城就能买到合意的超值商品，基本比超市划算，而且还一模一样的吃喝生活用品哟，既省钱，又节省时间，永远支持京东。	便宜没好货，不太满意	京东的东西越来越差了，连个外包装都没有，估计是假的，而且用到敏感差评词都提交不了，是欺**行为	第二个了，左下角这么大个缝，我说质量问题，客服说不是质量问题，说换的话还很有可能有缝隙，欺负我这样嫌麻烦的人。很不爽，怎么也没想到第一次差评给了华为
赶上华为平板活动分期还送了膜和套子和乐视卡很划算，华为平板速度快不比水果差，和手机操作一样很方便，做工一流	快递发货很快，京东物流给力，配送员服务态度好，产品包装完好。还没使用，用过之后再来追评。	住过几次米兰了，感觉越来越不好了，问题：1、10楼的宽带无法使用，超慢且不稳，而且请工作人员来了也解决不了；2、多个楼层多个房间的下水不通，且无人问津；3、结帐时超长时间的查房并且不理睬客人的追问。只所以还在住，唯一的是离办事地点近，看来只能远离这里了，找一个好地儿。	苹果质量不好，个比较小，而且不均匀。而且到货时间也脱了一天。不满意的一次购物。给京东要打负分了。欺负顾客的行为。
配置还可以，价钱也不错。稳定性不错，散热也很好。设计上虽然不同于T系列的，但是也还不错吧。	很不错的酒店，强烈推荐。为什么要20个字	可能是便宜的关系，给了底楼最远的位置，进门充满了霉味，还有机器噪声整夜不停。	差评 不到一个月 就不能充电了！！！！
酒店的地理位置距离地铁很近，从火车站出来较为方便，入住的当天因为我们定的普通房间满了，所以免费升级到了高级客房，室内配电脑的那种，可以免费上网。不过楼下的茶餐厅的服务差了点，见到外地人就不让点花茶（2元），一定要点其它的茶水（8元）。	广交会期间入住，位置相对天河区来说有点小偏，每次打车回去。出租车司机没一个知道在哪，要我手机全程给导航，酒店感觉一般吧装潢相对现代化感强一点，最让我感觉不满意的是没有窗户，早餐不满意，品种少，最郁闷的是去吃早餐时还给我早餐券，等我都选好吃的准备开吃了，服务员让我出示早餐券，我很郁闷的又跑回去问前台要，我订的明明有含早餐的房间也不给准备好！这个服务细节都没做到位，搞的早餐心情超差~相对600多一晚的价格觉得不值！	特别的不高兴，昨天买的，今天收到货就降价了，以后在也不来了	火龙果送过来都发霉了，真是一次扫兴的购物，不会在京东买水果了，奉劝大家也别买。
再次购买，还帮亲戚买了两个小水宝。店家还给了优惠。特别满意。还有客服大雄服务也很好。	京东发货速度还是依旧这么快，618抢到卷买到的，比超市搞特价还便宜，包装超棒的，超级赞-	真的是独栋别墅，我住的是每栋6间房，可惜没有了大床房。装修有点旧了，周边环境很好，适合休闲度假，这个价位超值了	咱学校的各种人都好高端！！！！你还记得那天去拿快递时那个大叔一口流利正宗的英语！！！蒙牛商城埋伏着各种高智商留学归来店主神马的！！！！
我好喜欢蒙牛的广告	新的风格还是蛮精致的，掩盖了房间狭小的天生不足，但是有些细节尚不周到，比如那个烧水的电壶，塑料味道很重，恐怕是不合格产品.	"很旧的设施,服务也不好,感觉一般.不能和大城市比."	骗人，就一平板和充电器，别的啥也没有，什么75礼包呀
买给山旮旯里的男朋友，速度很快，果一般吧，没有自己在水果店买的好，也可以吧	不怎么好用，看视频有时候都像是被干扰的，全是彩色的话！不好一分价钱一分货	萍果收到了，但是遗憾的是萍果与图片相差太大，名不符实。商家一点都没诚信。	严重漏液。有一小瓶甚至只有有2/3。擦拭花了很久。可惜了，快递，小哥，其实送货。很，及时，也只能评分这么低了。
外观挺好的，比照片漂亮。重量轻，屏幕好，发热也不大，风扇隔一会转一下，声音也不大。用萝卜家园笔记本专用版XP3.0装了系统，支持SATA硬盘，不用改成兼容模式。只有无线网卡没驱起来，用了机器自带的驱动盘就解决了。总的来说这机器挺超值的。	用了一次，味道很好闻，不过感觉头发油的更快了，该需要再用一段时间评价，618买的，128一瓶，满199减100的活动，价位比别的牌子确实贵一些，不过如果真的有效果还是值得的！	苹果不错，与商家描述的一样，脆脆的很好吃，秒杀时填错了订单，两箱变一箱还交了*运费，算起来有点小贵，好吃也就可以了	垃圾店家，我拍的30的发货却是32的，给我发货错误不给换货，换货还要我自己掏邮费！特马双十一拍的，过了十二天才到，你们这是什么物流，蜗牛爬行吗？客服态度差，根本就不爱理你，提到换货他们就不给好脸色，这样对待客户注定走不远！
一直喜欢华为的产品，一直信赖京东自营。	"没过几天我还是选择住这个宾馆,怎么办呢,忘不了这里的早餐好滋味呀,个方便都挺好的~"	很多人想搞中国的宗教，拉来孔子当精神领袖，很多人将论语视为道德说教，想靠它改变沦丧的中国人，薛涌看到了孔子真正的现代价值，其思想的社会基础是公民社会，与英国古典政治哲学异曲同工，中国的进步（而不是大国复兴）需要公民社会，中国人需要树立对古典价值的崇仰，所以中国需要现代的儒家思想，不是宗教，不是说教，不是拜神，是现代社会的价值观和精神力量。	说的是16G到手才10G 商品于说的不符
华圣高原红富士苹果?水多，鲜艳，甜，好吃。	质量是我想要的，男票穿着正好！下次有机会还来	买了六箱，最上面的一箱个比较大，看着也比较水灵。下面的几箱打开都是很小的果，颜色什么也看着不新鲜。	6个苹果有2个坏的，外表烂了一点，里面已经全坏了！*买了4个苹果，很贵，味道也没什么特别，非常失望！！只能差评！    京东自营水果前后买了4次，两次很不满意，生鲜类出问题几率太高了，建议大家慎拍！！我以后是不会再买了。
是正品哦，而且，非常好用，送的都很精致，都香香的，买了这个，不后悔丫	这款厚度就比较适中，质量弹力舒服程度好，值得购买	3楼是ktv，很吵；前台服务一般，退房时还莫名其妙有了99的国外长途费，房间内没有宽带，有个adsl猫，他?	"这是我住过最烂的酒店了,比招待所还差,外观看起来还好,一进去吓一跳,箱子只能往床下放!热水器还要自己烧水,都不是自动的!哎,厕所也看起来恐怖!反正就是差,差,差! 幸亏只定了一天,连澡都没洗,第2天一大早就换酒店了!"
京东送货速度很快，包装也完整，机器质量和性能都不错。	一如既往的支持华为。	垃圾京东，最后一次用	掉颜色，难看死，差评！！！
超喜欢五官的，五官好可怜，虽然她一心想往上爬，但是她的心很正直，人不犯她，她也不犯人。应天临看不起五官在妓院长大，看不惯她耍手段，不过是因为小时候看到陌寒害死了他的母妃（见一身骄傲前传3本），五官是无辜的。一开始很讨厌应天临，但是看他最后为了五官挡了那一箭，也觉得他是真的爱五官了。只是可怜了应天慎，一直在等五官，不过幸好还有离根在陪着他。（见一身骄傲之一城风絮）	"杜拉拉2没有1精彩,似乎为写而做,有拼凑嫌疑."	包装超级low ，都不知道是否正品	买了不到一个月平板就开始自动黑屏，动不动就黑，任何时间地点都会黑，客服让我取下皮套，让我恢复出厂设置，我都试了，可仍然自动黑屏。
东西收到包装很好质量也很满意，给卖家及京东还有快递员好评五个星谢谢。	裤子质量挺好的，效果也不错值得购买，送给朋友的，他很喜欢，下次再来	酒店位置很好，在西街的街口。酒店内环境优美，就是自助早餐价格太贵，品种也不多。7月份住了3天，感觉挺好的。	不好，连包装都没有，特别希
货很好，还送了好几个小瓶装，发货速度也很快，赞赞赞！	蒙牛你早，谷物酸牛奶很好喝哟！！强烈推荐哈~	看着不错，个头不大，有果香，还没吃，京东挺好	这房型的要拉箱到另一栋楼去，下雨就麻烦了！路又不好走，也没人领路，拿这价格，又没早餐，毛巾又旧，太不值了！
平板运行速度很快，看电影很清晰，玩游戏不卡，特别是音效特别好	如果作者说的与历史很相实的话，那真的让我觉得被电视剧忽悠了。以前很崇拜袁崇焕。但看了第七本之后，对他印象有一些下跌。可能电视把他提升到很高的地位，以前觉得他很神。原来比他猛的人真的很多，比如他的老师孙乾承。厉害人物，还有洪承畴，四大猛人等。崇贞不是那么丑化，崇贞不是那容易被皇太极的简单的反奸计所利用，他杀袁崇焕原来很多原因。最后我很我同意作者一句话。成功就是以自己喜欢的方式渡过人生。	物流太慢。。	"服务极差,价格高,地点环境偏,房间条件能有一星.."
酒店前台相当的不专业呀，五星级酒店还有这样的前台真是不容易	送给我的时候书被折的皱巴巴的，太难看了！希望你们能提高服务质量！这个样子谁高兴要阿！	不好不好！洗了三次了掉色太严重了！	凌晨近二点到店，就我一个客人在前台办手续，办了十分钟才办好，更郁闷的是酒店竟然开了一个没有打扫过的房间给我，房号463，住了这么多年的酒店还是第一次发生此类事件，凌晨二点拉着行李在酒店里至少走100米的走廊跑个来回，再下来换一个房间，酒店值班经理为此送了一份早餐。希望下次不要再次发生此类事件。第二天早上8点多退房，前台6个服务员，竟然没有一个人接待，最后还是发火了才有人理我们，如家现在真的是越来越差了，基本快放弃入住如家连锁。房间是木板隔开的，隔音超差，2点到2点半，隔壁嘿咻嘿咻，早上5点钟又开始，这次沈阳入住总共才6个小时，十分不愉快。
收到宝贝非常满意，和卖家描述一致，质量不错	"再也不想去那里住了.1. 交通不方便;2. 说是五星级,却根本达不到五星标准,房间小,跟如家快捷的感觉一样,甚至还不如如家快捷;3.服务态度,有些人的态度真的是太差了,我到的那天正好是5.12,四川地震的那天,我是晚上近8点才到的,一到那,服务人员却说没有收到预定,(当时人很多,大部份本地人是来这里躲避的,因为这家酒店是新开的,楼层不高,所以当时已经没有空房了),我一听,要他们再三确认,可以他们的前台服务员非常没有耐心,还对我发了点小脾气,我打电话给Ctrip的时候,有一个男服务员还在笑,兴灾乐祸的那种.后来CTIRP跟他们确认,确实有这张定单,是他们内部没有交接好.我是再也不会去那里住了.一定不去..."	这个苹果是我买过最差的了，没有苹果的味道，口感不好，不会再买了	屏幕不清晰 根本玩不玩成 要退款根本不行 还要一些要求 坑啊 不要买
好本！比移动硬盘3.5的略大，比标准的笔记本小多了。介于二者间，却优于二者！！ 权威的管理员回答咨询错误百出，咨询6回还是误导我多购一条内存！好在，京东好！！无条件退货！！热爱京东！抨击不负责任的解答~~哈哈，感谢京东！丰富了我的生活！！	交流设计貌似高大上，但是里面的设施不人性化，估计酒店设计师没有很多留宿的经验。空调大声，出风口对着床送风，卫生间的门是横移着开的，不符合日常的使用习惯，半夜去洗手间差点撞坏了。	通话声音比较小。照出的照片不清楚，比我家人其他品牌的130象素的照出来效果差一些（放在pc上640*480）。摄像功能不实用，因为传在pc上无法播放(mjpg格式)，无法用动态待机图片，无法用上传上去的动态屏保，因为他的图片格式只支持jpg和bmp，连上传都不能上传gif，且整个机器能动起来的格式只有mjpg，虽然mjpg可以作为动态屏保但你去那里找mjpg的图像呢，难道只能用摄像功能出来的那个东西吗。tcl也没有给编辑器。另外铃声不支持mmf，mp3个头就太大了，还有就是该机器不带座充。	一直信赖京东，在京东买过很多商品，但这次真是糟糕。如果可以打零星的话我应该就给零星。可以看我上传的照片，何来的75mm，两个苹果放在一起也就一支中性笔的长度。真是醉了，唉，失望……
"这本书需要慢慢地细细地体味,最好每读完一章后把自己碰到问题也和书中女主角一样设身处地地去感受一下并照着书中的方法去尝试改变.慢慢地你会发觉真的有作用.书中让我感受最受益的就是:臣服. 人之所以会受苦的最大原因就是抗拒事实.事实本身是中立的,而我们的情绪是对事实的反应和自己对事实所?编造?的解释.现在生活中碰到让我有负面情绪的事.只要想到去臣服事实,忧郁的心情顿时能轻松起来!值得大家一读!"	快递员不直接送货到家里，还要自己到乡里去拿货，村里都不送货，请问快递公司快递费也应该出了	太脏，停车场太小，建议携程不要推荐这样的旅馆	穿着太热，根本体会不到是博款，小心上当。
设施一般，中央空调噪音大	卖家广告苹果16～24个，结果只有10个	超级不划算腊鸡，根本吃不了。全是皮，个头小，没肉的	1288等了四天才发货！收货后你又卖999了！你吓我一大跳知道吗？这是不是说明你这货质量不行？配置核和材料垃圾吗？本以为华为产品比较保值的，我想郁闷的不止我一个人！上半年买了个华为手机觉得自带应用太多没用几天就卖了，本想以后不会再买华为的货了，这次想买个三星平板，最后觉得还是支持国产，可又受伤了！
帮同事买的，第一个摔坏了，这是第二次回购的，质量还是过关的，价格比第一次买要便宜了两百块，看来这电子产品掉价就是快	﻿价格还可以，我是6768拿下的（用了一张500返20的券），第二天就涨回到6999了。送的正品泰格斯包很漂亮，也很扎实。	派送错误，经常给我重复派送_派送有漏洞，还不改进	*么多好评都是雇佣的水军吧，靠！！！这诈骗消费者也太明显了，这种料子的裤子*！！
挺不错的一家酒店，地段也好。入住的是31层的行政楼层，房内的设施比较好，特别是卫生间内设置得很有条理，透过淋浴房的大玻璃可以看到卧室内的电视，所有的洗漱用品都放在一个精致的小盒子里，马桶还配置了自动冲洗装置。特别喜欢为入住客人准备的很厚很软的大拖鞋，作为一次性使用的拖鞋感到太可惜了。酒店为行政层设置了单独的早餐厅，环境很好，只是感到品种太少了些，早餐质量也有待提高，不知道是不是因为新政层每天用早餐的人不是很多。以后到南京还会考虑入住的。	优点就是位置好，去大运村或中关村办事方便。携程的价格真的不够优惠啊，还不包早餐。	不错不错不错不错不错不错不错不错不错不错不错不错不错不错不错不错！	酒店大堂环境不错358的房价还是物有所值，办理入住很快很顺利，让我心情级差的是前台结帐时服务员的傲慢和冷漠态度让人不敢恭维！可能这位小姐心情不是很好对我即是叹气又不耐烦，可是在与老外交谈时态度可以同5星饭店比较一下了。不过这位小姐的形象想进5星还是有点难度哦。
帮朋友代购的特意扫码发现是正品物流很快快递员服务态度很好评价的有点迟是因为在等朋友使用过后洗发水质量很好洗完头发头发柔顺有光泽很不错	面料不错 质量不错 大小合适	Check in时入住的承诺到了第二天结帐就不承认了。。。另外前台Check out 速度慢的惊人！再也不住了！	滑盖松，信号差，做工粗糙。视屏蜜封差，进灰。
苹果真的蛮好吃的，而且咬起来酥酥脆的，真不错！东买比超市便宜，还送货上门！关键是很甜	在超市买的用着不错，这次看见了就屯了这好几瓶。慢慢的用吧。	还以为多便宜呢，问了妈妈才知道，750毫升*一瓶，护发素*一瓶，这个才500毫升2瓶1000少了三分之一，折算下来不便宜！	以为是和电影一样，原来是很多的故事的删节篇，没什么意思。上当、上当。
东西很满意 速度很快 有机会我还会再来的 呵呵 合作愉快哦！	"直接,时尚,一看就喜欢."	内存小了点，不过可以加。装系统有点麻烦，再就是开的发票在网上查不到，有点奇怪。就不知道售后认不认这发票	差评跟此商品无关，买的其他自营商品一周都没送到，明明是京东自己的问题，还逼着我重新下单。
我住的是4星的，不错！餐厅下班有点早，到9点就打烊！边上有个洗浴中心，不错！	也真是要赶飞机才会住在这里。酒店设施太过老旧，价格还贵。只是有班车到机场这一点还蛮好的。	数量不少12个，就是跟鹅蛋似得那么大，还不甜，真难吃	离机场太远，性能价格比太差，前台态度野蛮，勘比山村野店。
不仅果好，还有卡片，物流大哥服务超好	以前买的好用，现在活动买的还没用，原价比猫贵	实在太小了，根本不是介绍的70毫米，下次再也不网上买了	上当的感觉。。。。听说电视里火啊。，书里讲些什么都不知道，里面故事从读者摘摘来。。。没意思。
这次的面料感觉比以前的更好，摸上去滑，柔软。老公的裤子都是在这里买。拿出去修改裤脚，吊牌都被别人拿去了，觉得很好，价格低质量好。 合适 这次遇上了换货，客服不记得哪位了，一直耐心的解答，非常感谢	这次的苹果有生的，不过还是不错。	有的挺甜的 包装运输挺赞的 还好吧	太差了，用了长头皮屑。。。。。。。。。。。。。。。。
水果，还挺脆口的，不过削了皮之后，感觉，苹果里面，有个别有，一些小斑点。	东西不错，但是送物品后少东西，浪费一天与客服沟通。	包装太差了 就一个纸盒 里面连气囊都没有	没有广告上宣传的那么好，味道很一般，而且个头小！新鲜度也不好！第一次在网上买水果以为会比水果摊上的新鲜些，结果...
是在同学的怂恿下买的，所以一买就买了两套。极殷切的等到书，她就迫不及待的开始看了，丢开了玩得正到紧要关头的网游和电视剧。等我开始看的时候，才终于理解她了。确实是很不错的啊。第二部的风格和第一部有一点不同，语言文字的表达也略有差异，不过整体来说还是很好看。也是，我拿到的已经是第四次印刷的版本了，从很专业的角度看，就这种速度来说，这本书很畅销，很好。	两瓶一样，东西很不错，质感也经常买，比平常超市便宜	比超市便宜很多，购买也方便，直接送货上门	衣服太小 尺码不对 穿不起
正品，看起来感觉还不错的哦。京东物流，服务都是一流的。	裤子穿上去很舒服，质量很好，物流也很快	好东西，好东西，好东西，重要的事说三遍！这苹果一次比一次小。	图片与实物色差太大
质量，做工都不错	GL40，浪费T4200和DDR3。无蓝牙。键盘缝隙大，易进灰。 右侧似乎有一个暗点，不太明显，需进一步测试。 个人认为16：9不如16：10看起来舒服，太宽。 送的瑞星没用，不如换成鼠标。	蒙牛在开拓之初，蒙牛速度的确是行业无敌。但是高速发展的背后有太多的负面隐忧。单纯的销量赶超背后，看到的更多的是玩命似的冲刺。蒙牛敢于尝试，勇于改正的作风造就了它的成功，但是同样弊端多多。伊利即使有郑俊怀事件，但是凭借2008年北京奥运会、2010年上海世博会还是在品牌传播、溢价上收获多多	差评！买的红心火龙果，切开是白心！已投诉
给个客观的评价：大牌店，所以态度很大牌，十多天才收到货也属于正常，裤子是真心不错，做工细致，穿着很舒服，弹性很好，细节上处理的很好，性价比极高，送货小哥态度亲切，好评是给他的！	物流点赞，秒杀购买划算，味道可以	很不错，一次愉快的购物，下次再来	鞋油儿。。。。。回覆 说的好~ 蒙牛NULL-1 别人开微博用来宣传公司形象，蒙牛开微博用来掩饰犯罪事实！一个从来不承认错误的企业，一个专门坑中国人的企业！蒙牛，去你妈的！！！
昨天晚上抢的，下午就到了。绝对快！！！东西不错超市40+一瓶，70就能买3瓶，还送3小瓶。啥也不说了，祝京东越来越好吧	这两斤凑的，还不如不凑！表示无语?不知道怎么评价了	颜色和图片不太一样，感觉被坑了。	衣服根本就不是稻草人的，如果人，衣服的拼接的地方特别不舒服，衣服领子上的标签和吊牌名字都不一样，根本就不在衣服上，是单独的，是不是谁退货又给我发过来了！真是最失败的一次购物！失望
还好啦，卫生还可以搞得更好一些，床单上有一小片污渍！补充点评 2007年11月14日 ： 其他方面都不错。	服务还可以，硬件条件一般般，十分的吵，想睡个好觉的千万别住；火车站早已经搬家，坐火车也不方便，倒是晚上饿了吃东西很方便。呵呵，我只住了一晚就跑了。。。	掉色怎么回事？？太假	网购十余年遇到过的服务最烂的店，没有之一。衣服首先漏发，告诉客服很紧急需要补发办活动后客服去仓库查货查了三天还没消息，期间每天催客服，客服每次都让提供一堆已经提供过N次的资料重复提交，提交完后仍是没有回复的等待.待仓库核实完又过了好几天仍旧不补发，造成我这边没赶上活动只好要求未发的退货，又弄了好几天.事后要求开票，目前已三周了还不知道发票在什么地方，差评，建议大家不要买这家的东西
自己买过几次潘苹果，除个别箱比较差以外，总体感觉还行。这次是凑单买给阿姨吃的，不知道如何。	从总体来说，酒店的服务设施及服务人员的态度都是比较不错的，但是预定酒店时所说的提供免费宽带却是没有的，所以，专门带的笔记本也没有用上。结帐时想使用信用卡支付，却被告知当天不能刷卡。建议在这方面的信息需要再准确些。	便宜没好货，东西很差，不喜欢，	一共买了两条牛仔裤，一条单的，一条绒的，结果发了两条单的，因为年末来回寄麻烦，协商补我买的时候差价30，我确认收货。而客服告知好评给35差价，我按事实情况描述，该退多少就多少。目前还未退任何钱，后续我会追加评论，希望京东监督好这样的无良商家！
位置离火车站有一段距离，该酒店服务还可以，就是入住时才发现窗外在施工，晚上大约23：00才停止，有点吵。另外卫生间有点小，早餐一般，	屏幕有点软，合上盖，用手拿着机器，明显有按进去的感觉，这点就不如我朋友买的苹果的屏幕了。另外不知道是不是我还没有煲的关系，音响有点刺耳。	好用是好用，但是不送外壳吖光化膜都不送一个。	真的是。服务态度差极了，着急要穿，结果说不能第二天送到。一说退货就不理人。呵呵哒。
我已时值21岁“高龄”，买这本书是很偶然的，但看一次就感动一次，花斑小猫用想象诠释了对小鱼的爱：宁愿放手来成全小鱼的成长，却在小鱼遨游时昼夜等待，小鱼也终于没有辜负这份爱，与花斑猫终生相伴，非常好的书！虽然只有十几页的书，纸质很好，构图视野也很辽阔，不错的选择，不应只局限于婴幼儿阅读，对成人也绝对有教育意义——如何去爱！	"房间比较干净整洁,服务也不错,当时定了稍有出入,酒店也及时进行了调整,不错不错"	用一天的时间读完了这本书，全身都洋溢着幸福的暖光，一个在图画书领域有发言权的人写的一本话语温软甜蜜的书，简单的字眼就勾画出了幸福的滋味。图画书的意义何在，如何给自己的孩子选择图画书，我还没有结婚，一样能感受那种幸福，书中的文字让我想起我的妈妈，我们一起度过的美好时光，我还能在寻找幸福这条路上一直努力，我就是幸福的，感受那些生命的美好！感谢那些彼此爱护的人们！感谢松居直先生！	他妈的京东的客服太操蛋，货打开屏幕有明显的指纹，查了激活日期是上个月的，一问客服让找售后。商家做成这样也是太牛逼了。
已经记不清这是第几次在京东买水果了，送货上门周到，方便快捷价格实惠，真是不错！	裤子一般，也不是牛仔	用完一瓶一点用都木有，	定了两间房，酒店登记太慢，足足等了快一小时。早餐还要排队，又难吃，提了建议也不听。是我住过最差的五星，根本不值这个价格
很好。有弹力，穿着显瘦。颜色也不错，很喜欢，下次还来光顾。朋友都说很物有所值 ，以后也会来光顾，物流速度很快 ，俩天就到了，很满意的一次购物。希望店家生意越做越好，质量继续提高！	这个价位的配置来说，很不错，上盖没想到是宝蓝色，显得精美。键盘设计比我以前见过的ACER来说也改变了	没有想象中的好看	高高兴兴给妈妈买的，结果拿到手用了不到一周听筒就坏了，现在只能开扩音，偶尔还自动就把电话挂断了，我妈妈不说我还不晓得，问客服说让自己去维修站维修，不晓得是自己运气不好还是咋的，一次失败的购物
已经是第二次购买了，好用又实惠，	不怎么好，和洗洁精差不多。	我一直不喝蒙牛伊利 真敬业！！！ 尼玛，真敬业！。。。蒙牛，你太假了。。 转发微博	几天就便宜了*块，京东让我这个老用户伤心，没有价格保障，真心连一心都不想给，*降到了*，*块钱就这样给坑了，
苹果挺脆的，不怎么甜，价格也有点贵，但是对于天热不愿意出门的人来说还是很好的	不知道是我没用 还是书没用总之 没用	垃圾分辨率，买者慎重。比5年前国产手机的分辨率不向上下！	太差了，太脏了，一直有股臭味，房子的厕所也臭，餐厅东西超贵，好多客人来了都走了，说菜都放在冰箱里冻l个月了，就因为周围没有饭店了，他们就这样服务，还有前台服务差差差，都懒得说了
还可以听说是潘石屹代言呢。感觉有一点点奇怪。不过还好，比较甜。	1.在充电的时候如果有来电或者短消息，就会结束充电。我在第一次充的时候，就碰到了这个麻烦，结果是我没有连续充电12小时，这也许会影响电池以后的待机时间。所以大家在充电的时候，特别是第一次，一定要关机充电。2、如果早上自动开机或者闹钟响后，背景灯竟然不会熄灭（机子当然是没有翻开的），直到电用完。3、8字键做的不是很好，弹性不足，而且感觉有点内陷。OK键给人的感觉也是不扎实。4、充电部位有点偏紧，拔进拔出的时候感觉会把机子拔破。	不甜，削皮后黑的多，买的东西实在太多，没法一个个评价，嗯，就是这样！	快递盒子拿到手之后就发现侧面有一个大洞，明显是故意扣开想从里面掏东西出来。根本就是赤裸裸的盗窃行为！太令人胆寒了！这让人怎么再敢购买京东自营的商品？！
京东自营商品值得信赖，物流也是很给力！	原以为新瓶装旧酒，只是出版社把茅老的旧文章编辑一把出售。读毕，非然也。心愧之。体会到茅老思维框架的完备、思维方式的缜密，论证出的观点总是如此新颖、出人意料、发人深省、让人感悟，而不是人云亦云。其思想已达到自由的境界。建议茅老再多出新品，并注明写作日期。同时多些文彩（也许茅老当初是学数理的），哈哈！	看到绒的时候我都惊呆了，我都不知道我选了条加绒的，?这要怎么穿出去。。	买了就感觉亏
性价比高，速度很快，不卡，	性价比高，必竟才4k多。至于系统安装其实很简单，网上介绍很多。	已经学了好几章，感觉挺好，韧性已经有了明显改善了。但有个感受，呼吸难以掌握，俺们还是初学者，也许应该去健身房跟着瑜伽老师学习下在做某些动作的时候如何调整呼吸。不管怎么样，很喜欢这本书。坚持做下去是最重要的。给想买这本书的网友们的建议，这本书还是挺全面的，如果不是只想在短时间内专门减肥的话看这本就可以了，不需要再买其他的书，现在市面上瑜伽的书太多了，好多都是从里面拿些出来凑页数的。	超乎寻常之差，怎么评的三星不知道，按说就那设施水平连县级招待所都不如。房间巨窄，洗手间就纯一厕所，连个放物品的台子都没有，地漏巨容易堵，刚洗5分钟就水漫金山。总之，设备过于陈旧，建议各位驴友切勿上当。
选购《小房子》是因为看了日本松居直的一本书《幸福的种子》，书中对小房子进行了高度的评价，我想大师极力推荐的书应该不错，就从当当网上订购了一本，确实孩子很喜欢。开始我给他讲，讲了三遍以后人家自己开始看着图讲述，有时让他爸爸当听众，有时让我当听众。孩子对插图很喜欢，插图中细微的东西他也能注意到，用自己的理解去讲。还坚持带到幼儿园与小朋友们分享此书，我很高兴。这本书买得值！	因为是油性发质，所以一直很想买一款去油的洗发水。以前没有买过这种洗发水。也不知道这款洗发水怎么样？看商品包装像是真的！物流也很快，大热的天中午快十二点的时候快递小哥顶着大太阳送货过来。洗发水闻起来很香。配送过来的发膜更是非常香，希望是正品。用过再来追评。	东西刚收到，闻了一下气味，挺好的	"位置实在是太不好了..不方便 入住给的感觉很不好,不过后面有东西留在饭店了,打给饭店,饭店态度就蛮好的"
缺点：1.usb网线电源接口都在左边，极不方便 2.散热量有点大 3.扩展接口不是很多，没音量控制按钮，没硬盘灯。	如果这就是如家，那如家离倒闭绝对不远了。	门帘的地方线都开了我也是醉了，要不是太冷我真想退货再换一个	缺点多多：滑盖特松，稍微用力量就滑开了；内存太小，没有扩展空间；接听音量太小，公共场所无法使用；摄像效果特差；电池待机时间太短，两天就完；不支持中文文件名，（杭州生产，怎么象私货？）
老板服务很好，东西正品，好评。	味道还不错，同等价位比山东的好。	都是虫孔，外面看起来是好的，里面全都是坏的	无良黑商，把女士牛仔裤当男士卖，上次33码紧了，这次1米8买个34码，裤腿偏长，裤裆和腰部距离简直反人类，你们老板穿你们家裤子吗？他也不怕走路会扯到蛋？可惜吊牌剪了，以后都不想碰这个牌子了
我从05年开始入住该酒店，每次来南通，基本上都是住在该酒店，总体来说，酒店所处位置方便，旁边就是银行，有大润发超市，如果没事，还可以到超市转转，前台的服务不错，效率也挺高，每次都会面带微笑向客人问好，缺点是有些房间的门有点松，需要重新装一下，毕竟出门在外，安全是第一位的，希望能改进。	"我看了评论买了一套, 但是宝宝一点也不喜欢."	除了位置还算不错 其他真的没有值得推荐的地方	我来说说这款洗发水的真是感受，以前买洗发水都是在超市买，这次想着搞活动就在京东买了，买回来打开一瞬间有劣质香水的味道，过一会儿就好一点了，用来洗头过后感觉还是挺丝滑的，但是洗完第二天早上就感觉头发很脏一样，而且还很痒，老是去挠，然后就是很大块的头皮屑在头发上，我的天，当时真的吓到我了。开始我以为我能坚持用完洗了两次实在不能忍了。打算重新买洗发水。我头发是干性发质，不存在油的快是油性之说，我上来评价只是不想后面的买家吃亏。真的，我是不挑洗发水的人。这洗发水到底是本来就不好还是因为不是正品的才不好我就不得而知了。反正有点气愤。
苹果还不错吧，看着不怎么样，但吃起来还行。	很好吃很便宜就是收货的时候有几个破了	很多哥们买５５０都是冲着ＷＡＬＫＭＡＮ功能去的，其实它ＭＰ３的效果真的很一般，没有Ｋ７５０或Ｗ８００强。而且反应又慢，发个短信、看个短信、删个短信，都很慢很麻烦。非常不适合短信狂人。屏幕效果也一般，清晰度不如Ｋ７５０以及Ｗ８００，但是旋转的方式还是不错的，类似以前的Ｓ７００，卖点一个，按键很宽大而且背光很好看。	不满意，搞得我心情很不好
平板电脑不错，速度很快，系统华为优化的不错。我不买通话的就用手机做热点再用万能wife破解上网，不错。	花花公子的裤子一直值得信任，不知为什么不是京东的包装	不差钱别住这	钢化膜和皮套是垃圾。。。都是骗人的
宝贝收到了，很不错，质量布料都很好，真的很值得购买，客服也挺有耐心的，下次还会光顾。	昨晚下单今天早上就收到了?京东快递果然迅速～五样东西才79.9超值！一直都喜欢用潘婷洗发水，这次收到的应该是正品～而且还用个大礼盒装着～非常满意～	我用了两个星期竟然死了死次机。都是在我一边听音乐一边在玩其他功能死的。有时候反应速度很慢。	很差！远比不上介绍的货！
"设计非常漂亮,散热很棒 设计非常漂亮,散热很棒 设计非常漂亮,散热很棒 设计非常漂亮,散热很棒"	充电口对不正不好插进去，就凭这点顿时感觉这平板不咋地，其他方面不多评论，反正有点后悔，平板还是得买苹果的才行7	这个是真不好吃，酸的要命，还有点辣舌头……	产品有漏损，客服无回复
轻薄，整体感觉特别流畅，感觉很适合男生用，有棱有角，显得很硬朗，诸多的特色设计，看到就让人爱不释手，特别是这个价位对应这个配置，很具性价比。	苹果?非常的不错，包装完好无损	之前没有用过，还好，感觉不错。	苹果太小了，好几个带伤的，根本不能送人，有种被欺骗的感觉！
在京东自营买，商品又保证，物流很快，套装真的很划算，够用半年的，一如即往的支持！	十点下单，下午三点送到，速度杠杠的。9.6寸屏，大小适中，色彩艳丽，运行流畅，适合老人孩子，居家娱乐使用。华为品质，国际一流。裸机，没有其他礼品赠送	很好！	商标贴上去，怎么觉得是假的，不好用，好失败的购物，老婆直接丢垃圾桶le
摄像头摄取的范围较小，仅有一个大头像，与华硕客服咨询结果：摄像头驱动问题，烦请哪位前辈有此驱动不吝分享。给个下载的链接就好，先谢了！	这个书。。。厄。。。没有什么价值。。。废话一大篇。。。	不好，一点都不好	机场的过度酒店，非常差
很好用，一直都在用清扬，值得拥有，发货速度很快，快递师傅很给力	哈哈，好久之前的帖子都被你翻出来了感觉好奇妙！必须听过啊，是安琪主持的吧，我现在还是非常喜欢广播，虽然好这口的人越来越少了。当年的那些主持大多去做电视了吧，真心怀念那时简单的快乐。还有音乐之声的蒙牛top排行榜……伴我们度过中学时代啊！	房间隔音效果超级差，晚上竟然能听到外面在搓麻将和讲话声！半夜被吵醒好几次，我晕死！！	几个苹果跟小老鼠一样，恶心！京东购物以来唯一一次感到恶心！
衣服很好，尺码合适，穿在身上也很舒服。	不错而且快递服务好很快今天拍明天到	有漏哦 包装没拧紧	居然发包装了那么久的水果给我，我要的是新鲜，都过十几天，鲜个鬼
通话质量还可以。铃声一般，不是很大也不很小；外观还看得过去，价位也不高，新奇的功能一个没有，基本功能较齐全，能满足日常使用的需求。	手感很好	回复 网络危机公关做得很不错，希望品质也能如此 我向您保证，蒙牛还是很好吃的。	不多说 觉得很垃圾 问题很多
618活动真是太给力了，没得说。花了二百就买到了两套洗发水。一套清扬的一套沙宣。沙宣的这个第一次用。朋友一直说这款洗发水特别好。赶上活动，买来试试，首先包装很大气。拆开就闻到一阵清香。是我喜欢的味道。而且京东的快递非常快。大大的赞??	颜色发的不对，衣服料子不舒服	其中一多半是压坏了的，而且个头小很多。本来是因为上次买的不错，才第二次购买。结果令人大失所望，不会再在这买了。	不满意，别人买的都是*，或者*。我买的时候没有降价还最贵*而且没有贴膜，没有耳机，也没有外壳。什么都没有，只有充电器。。不满意。分辨率真的很低！尤其是照相机像素很低，音质一般。其他还好，反正不值这个钱！
味道没有想象中的好吃，但是还行，这个价格还行。没有打蜡，看着应该挺有机	写着有送皮带的都没有送	外表太脏了！有这样的吗？拧开东西都溢出来了！有这样的吗？优惠了就没好东西？	感觉自己买了台假机子: （1）电池续航极差，今天第一天用，充了2.5次电（晚上算半次，我从不玩游戏）才坚持下来；（2）信号很不好，不如iPhone也就算了，毕竟价格摆着呢，但电话接通和通话信号质量，还不如我前两天临时用的小米（14年上半年购入，当时价格699），真对不起这2488的价格。
质量超级好，超级喜欢，物有所值，准备再买一件，大家不要犹豫了，很好的，男盆友很喜欢	苹果中中的，很甜味道不错，冰箱冷藏着，饭后甜点，爱吃苹果么么哒	很乖巧、轻薄，做工细致，2099元时买的，没有赶上特价1999元的好日子，但是同事还是感觉性价比不错。买回来帮同事重新装了xp系统、分了区。	我住的是特色标间，所谓特色，是有些类似家的感觉。寝具不是单调的白色，是条纹和大格子的，感觉很温馨。圈儿椅的靠垫是卡通的加菲猫头，明黄的颜色有点扎眼，和周围配在一起感觉有点不协调。客房硬件评价3.5分。加湿器、烫衣板、电熨斗、吹风机、小冰箱等俱全。缺点：液晶电视固定在墙上，位置不好。一是遮挡了一个电源插座；二是与桌子搭配不当。桌子（与冰箱柜一体）在电视下方，如果坐在桌子旁上网或工作学习，正好挡住了电视屏幕。错开坐，正好是冰箱柜，腿脚伸不开。
外型美观。	确实在固执地送蒙牛，拿顾客不当人啊	这个火龙果，其他的都很好，就是酸死了，非常非常酸，什么玩意？还不如超市买！有一个还又小又白，完全没熟，又酸又涩！没办法吃了！	大小比苹果大一点。无法接收的是都发霉和烂掉了，这个就叫生鲜吗？很差的购物体验
机器很好，公司内部使用小巧，赞	由于之前已经买了暖暖心绘本第一辑，所以宝宝很喜欢，每个故事都讲了无数次，依然很有兴趣。所以第二辑买回来，还没和她多讲，她就自己拿者这些书对比看看，还对我说上面的LOGO一样；呵呵，总之每次买书回来，都恨不得全部能一次听完所有故事。只好每次都讲好条件，好书要留者慢慢读今天只讲一个或者两个，做出选择后再开始，不然总是听完一个又想听一个，实在是太喜欢了.....	看完（白夜行），让我有了新的目标，那就是要把这个作者写的所有书全部看完，也不不太记得是看到哪里就已经猜想到结局的，只知道那个过程一直让我念念不忘，让我连续好几天都沉浸在故事里！不知道为什么，看完了书就不太想去把由此书改编的日剧看完，虽然很多人对我说电视剧比起书更有爱，可是书带给我的伤感已经足够了，不想又再经历那种黑暗的感觉！	第一次开机使用就蓝屏，然后使用一键恢复，继而出现提示重启信息，然后往复重启，让人心寒！！！ 提交了返修，审核通不过
性能稳定、配置比较实用， 沿承了thinkpad的品质 噪音控制很好	平板不错！看电视非常给力！满意的一次购物	速度慢，很久才到，有五个都是烂的。	第一次买到的是很脆是中小苹果，当时感觉相当满意，这次买的，，下单的时候同样是中小苹果，价格是少了一些，但是为什么发过来的苹果没有一个是脆的，而且个头非常小，什么意思啊，是不是发错了？怎么感觉像是给我发了嘎啦果？或者是专门*老客户？要给一个说法！！！
很好吃的苹果，味道好极了，送货快捷，包装完好，强烈建议购买！	东西不错，实惠，一套很方便，日期很好。	就是物流有点慢，四天才到货。。。。	我的机打电话时会有细少杂音！好像干拢声吧（连续不断）！！从外屏那喇叭发出！但不至于严重影响打接电话。而屏幕也会有很小的ZZ声，这正常吗
感觉不错喔，实惠，各个角度都拍了，给亲们做个参考^_^^_^	服务值得褒奖，是见过的国营酒店里最好的，尤其是行政楼层长兴阁，贴心的服务，精致的点心，无线上网，免费的下午茶，感觉很惬意，尤其是服务员的素质，蔡雪妹妹的微笑实在让人难忘。大堂吧也不错。行政楼层1030一晚，含免费下午茶（长兴阁），每天免费洗烫4件衣服，免费享用4瓶小冰箱饮料，含早餐。性价比相当不错。好话说了这么多，批评一下：主楼和世纪楼的中餐厅真的很烂，据说是外包的，生意非常火，每天都是婚宴，要吃饭必须定位，否则排队吓死人。住了一个星期，两个中餐厅分别等到机会吃了一把，差点没被气晕过去。素质和环境和酒店本身相差太远，吵闹，难吃，奇贵无比，拿着红酒杯倒啤酒，拿着洋酒杯到红酒，厉害！服务员素质也不到位，和外面马路餐厅相当。酒店里两家中餐厅外包，天上人间也总会外包，都极差。日本料理店东西不新鲜，早餐每天都一样，只有鸡肉粥换成鱼片粥，呵呵，吃顿早饭吗，不用那么挑剔，也罢。4楼健身不错，很全，保健按摩很专业。总体来说，性价比不错，切记只选酒店自有的服务，准没错，外包的别再尝试了，只会影响心情。	"酒店大堂不错,房间设施也物有所值,服务员态度非常好"	本批次的苹果非常的差。烂心的。
挺好的，外观漂亮，超大屏幕，运行内存都可以，可以打电话，可以连wifi，真心的不错。	还不错，大屏看电影或者打游戏都很爽	618囤货，够用一个夏天了！！！！！！！？	昨天收到的，试用了下，各方面都还好，就是用惯了苹果高分辨率，突然一用这个有点不适应，分辨率有点低！
给老公买的，第一次用这个品牌，希望能有控油的效果，包装挺好的，香味也挺好闻得。	房间设施与4星的标准差了很远的一个酒店个人认为房间的设施至多达到1颗星就足以匹配的一个酒店由于住的的是1层的原因吧 房间里白天几乎都必须开灯 而且弥漫了一股潮湿发霉的气味房屋隔音很差 一早就被走道过往的客人嘲杂的声音吵得不能好好睡个懒觉	"用的是联通的卡,居然找不到网络.如果这款机找不到联通网络,我只有去把它退了,哪怕是今天才买的电话"	"同志们，当心当当网的送货人，一群骗子,当当网的客服也是一群骗子"
用了一段时间才来评价的，很流畅。不错。看电影神器！	是帮别人买的，目前为止还不错，一直都是华为的粉丝哟?，快递超快的，京东物流一直没话说	这个还是不错的的啊，送货快，价格便宜，下次还来，这个还是不错的的啊，送货快，价格便宜，下次还来，	苹果不大个，没有烂的，还没有尝不知道味道
裤子质量很好，客服态度不错，快递也很快两三天就到了。	苹果蛮好吃，水分也可以就是个别苹果如图，明显是发货前没检查	为什么他们都有手机套，我怎么就一个耳机，这是什么情况，但是机子拿到了还可以	去年到现在，基本一星期一箱，曾经有过一次来货大部分有磕碰，反应后没让他们赔，以后注意。这次连续三次三箱，两箱大部分磕碰，局部变质，一箱部分磕碰。反应问题，客服态度很差，赔几个！亲们，不诚信，今后拜拜了。那没苹果？
我会收到了，很满意，嗯，用着还挺好的，速度也挺快的，装了一些自己喜欢的软件，删除了一些，嗯，感觉挺好玩了这个，现在现在一直我们已经买了，这是第二个华为的电话，支持国产	京东速度一流，不错。会一直支持京东，有需要的亲可以下手了	蒙牛牛 出发云南南啦！！！好心动的 啊！！！	"你们太不讲信用，我2月29号买东西你们就3月1号就卖便宜*元，太让人伤心了，我买的是华为荣耀平板电脑价格是*,现在你们却卖*,"
酒店不错，特别是离长途汽车站近（马路对面），酒店的饭菜不错，价格不贵，菜式较多，对面就是劝业场，可以逛逛。出门坐人力车到闹市也很方便。不足之处就是住酒店还要付10元的停车过夜费，感觉不太爽！	没有坏的，还可以吧，一般般，嘻嘻	屏幕不清晰，按键反应慢，顶多就是给孩子看个动画片。	很破的酒店！一股狐臭味房间里。太恶心了。态度也很差。
非常实惠，套装一个不落，快递更是好的没话说，直接可以显示快递小哥所在位置，京东就是专业，贴心！推荐使用京东购物！	已经开始使用了 绝对是正品 味道很好闻 喜欢用完还会在买的	还不错，就是旁边在修桥，交通不便。服务还不错，早餐丰富，总体够4星标准。	衣服有股酸味
京东的物流还是很快，平板性价比很高，系统流畅，双喇叭音质好，值得购买！	衣服面料不错，老公很喜欢穿上很舒服	"一房只得一张大床不方便,最好一房安排有两张单人床"	有两个苹果快成苹果干了哈哈哈哈哈
生鲜一直在京东买，快递服务好，还把保鲜盒留下，说第二天再来取，信任京东	九寨沟喜来登国际大酒店是五星级大酒店，价格不菲，尽管携程的价格已经便宜了许多，但是的确有点名不副实。主要有以下几点让人不是很满意：1、酒店号称在九寨沟沟口，但实际上距离沟口还有一公里半的距离。只是喜来登的广告牌确实屹立在沟口位置。2、酒店的娱乐设施比较不好，桌球、电玩、网吧聚集一室，空气不好，而且设备也少，不过，喜来登的客人也不多，可能也用不到很多的设备吧。3、酒店的自助早餐价格还是很贵的，但是品种实在是很少。4、酒店的大床间的床真的是很大，居然是双床间的两张大床拼成的，床的宽度可想而知，半夜起来要爬半天才能摸到床灯。5、这个酒店给人的感觉就是贵，价格绝对是五星级的，但是其他方面也就跟好点的四星级宾馆差不多吧。而且酒店周围是完全找不到吃饭的地方的，荒芜一片，所以，这也要减点分吧。	福州是个很无趣很破旧的地方，还好有这家酒店，才让我能在福州呆了几天。酒店的服务很好，因为订的是豪华阁楼层，所以chick in和chick out就在楼层上办了，方便。早饭也是专门的楼层，就是品种太少。服务员都很热情。房间在五星级里算一般吧，还行。酒店的餐厅价格很适中，味道也还可以，推荐在酒店用餐，比外面的饭店有保障多了。这家酒店最值得推崇的，是他的服务。福州，实在太差，但幸亏有了香格里拉。	买了三个，吃了一个，不怎么甜，口感不好，隔了两天，其余两个全部坏掉了，这是什么道理，不新鲜，个头也不大很小，相当差劲的火龙果。
洗完头发有淡淡的清香，很好用的洗发水，建议购买，物有所值。	经典蒙牛90亿资源整合案例！战略务虚会精彩呈现	不错，一直都在用的，京东不买假货，不敢到其他网站买	和图片有很大相差，不怎么好，后悔买
挺不错的，第一次使用华为的产品，整体体验不错，续航给力，外观大方，性能不错。	键盘不是很稳当，感觉好象要翘起来一样。 外表是真正的指纹收集器。	裤子腰围正好 但是腿 穿上太像体型裤 压箱底吧	为什么尺码都会搞错？我要30的，你给我31的。大了怎么穿？
质量不错，颜色很正和图片一样，款式很好看，穿着很舒适，给满分	这款苹果很好吃，又甜又脆，个头虽不大，但一个人吃正好，强烈推介，吃完会回购	宝贝收到，这大热的天收到货还有点冰，个头均码，甜脆，京东快递真速度，给京东快递小哥点赞?	"看了评论之么好才买的.看了一本之后怎么也感觉不到他的好,觉得不适合中国宝宝.而且我儿子才8个月大,等他大一点吧.暂时束之高阁"
说真的京东的服务本来就很好，这次第一次在京东上买的水果，体验就更好了，我老婆说现场让拆开一箱一箱的看，不好的话，就给换！太棒了！！！	感觉屏不是很灵活，不知道是不是膜的问题	怀疑假货，他没有在超市买的香味，也没那么舒服	套餐居然可以没发过来什么都没有，超级差评
苹果足称，味道不错，有一个烂了店家很快处理了。	"待机时间长,屏幕大,观赏起来舒服."	酒店设施还行，不过房间过小，价格相对一个小县城来说有点贵。	太假了吧，生姜型的既然洗了头没有感觉，应该第一感觉就是凉凉的，
平板很好用，很帅！	头痒，咋退货啊，如果能退就好啦	结果就是，我花*京东买了一个坏的平板电脑，还不能退换，，，有种被强迫收货的感觉。	头一次给差评
这本书真的是挺实用的，里面的内容都很口语化，很地道。附带的光碟有录音，很纯正，存到MP3里，没事的时候经常拿出来听听，效果很不错，都是些日常生活中的简单却很实用的句子，话题也很广泛。总之，物有所值。而且，这本书是我在图书大厦看好了回来才在网上买的，事先在几家网站比较了一下，当当是最优惠的哦！呵呵，以后会继续光顾的。同时也希望当当再接再厉，努力做好服务，回馈顾客。	情书给我这个初中生的感觉就像是闻到了淡淡的花香那般温馨但并不腻~他没有网络小说般爱的死去活来.也没有都市言情那般直接..书中通过博子和藤井树（女）的通信慢慢揭开了一段被埋藏的可贵的爱情..看到博子知道藤井树（男）喜欢藤井树（女）所流露的伤感时我不禁也被她的伤感而触动~《情书》里描写的同名同姓的误会所展开的故事是我以前从未接触过的.我以为是像《恋空》那般让人心疼看了之后.觉得岩井俊二的文字给我的感觉《恋空》真的截然不同呢!!可能是因为才初二.一开始不太懂里面的感情但后来.通过慢慢的品味后.发现这本书真的很不错!!	蒙牛很爱干净 加菲你的眼屎还可以多一点嘛	"内存偏小！还得自己加！预装VISTA 系统运行的速度有点慢了!读光盘的时候,声音很大!要是送个包就好了!"
非常好的一个酒店。我拿到的是特价房，感觉物超所值。	还可以吧，携劳方便点，其实就是一个加大屏的手机，没什么用	买了2个不一样的裤子，结果卖家挑了其中一款最便宜的发了两条，而且11号下单，18号才收到。直到16号才发货。	给一个星就可以了，偏大，偏大
裤子质量好，穿着很舒服，总之就是高端大气上档次！	总体来说非常不错，一直很信任华为京东，支持国货，从京东购物开始！	还不错，挺好看的，物美价廉。	买了好几次了，每次的都挺好，之前买的别的苹果，一半好一半差
按现在的市价来看X88在各个方面都要比其他机型有优越，从上市时的高价一路掉至现在比较来说X88以它现在的价钱和他的功能相比都是非常合适的。	用了之后头发很油，头屑很多	第一次买到裤兜缝进裤裆里去的裤子 我也是醉了	没收到货，这里就显示签收
发货很快，东西不错，不错，好用！对比下其他平台，京东运输和货运时间，效率最高，所以每次只能在京东买。希望京东就是我们的唯一超市！我信赖京东商城！	"各类休闲娱乐设施齐全，交通便利，饭菜口味多样。总体感觉：舒适免费注册 网站导航 宾馆索引 服务说明 关于携程 诚聘英才 代理合作 广告业务 联系我们Copyright? 1999-2008, ctrip.com. all rights reserved."	很失望，全是图片，几句讲解智慧书和综合书类小孩看会儿，就走神儿图片印刷也一般价格也不便宜不值得	"真的很差的酒店,服务态度很差.本人还被关在电梯里,痛苦!早餐有特色!在齐齐哈尔住酒店还是选择湖滨饭店比较好."
穿着很舒服，很合适，做工很精细，质量也不错，个人很满意，值得推荐	平心而论，这个价位这个房间应该还算不错的，如果我没有碰到下面的几件事情的话：1、拿到房卡到了房间，居然是没有打扫过的2、房门的锁发生了两次故障（锁不上，从外面不用钥匙就可以打开），虽然服务员很快就修好了，但，总是让人怕怕的3、宾馆主楼的一道边门直接连着通往公园的通道，但居然门大开却没有任何门卫和安保措施，从这道门可以直接到二楼客房的走廊。虽然走廊上有探头，但这样的安全措施总让人不放心。4、个人感觉餐厅菜太贵，一盘糖醋排骨要68元，没敢点。（如果要求不高的话，早上的自助餐还可以）	住了一次 可以让你不想再住第二次的酒店一次痛苦的经历 不想再提	失败失望的一次购物，薄的跟纸似的，感觉随便一下就会破！这质量跟着价格…哎，被坑了！
老公一直在用这款洗发水，618就囤了点，不到100元的两瓶750毫升洗发水，送了好多赠品吖！没找到生产日期，但是是有保质期到2020年，京东真的是物美价廉！非常划算的！	苹果娃娃，有点小，其它的都很好。	应急住住而已。很旧了房间，有点贵	买过质量最差的裤子了，穿一天就有起球现象。
很漂亮，15的大小用起来很舒服，价格公道，质量很好，各方面的配置也很够用。	试穿了一下，超级柔软舒服暖和，物超所值的一次购物体验，美美的！	不错不错，活动买的。快递员态度很好。五分好评吧！	启动项太多，开机就用1G左右内存，体积比以前的X60要宽出5CM左右
颜色很正没有色差的。和卖家描述的一样！	洗了有头屑，不知道是不是正品的。以前从超市买的就没问题	呃，9号到的个，就11号吃了一个，12号发现剩下的两个全部发霉流水长虫了。。。保质期没这么短吧？	1.声音效果粗糙 2.机器本身以及屏幕爱吸尘 3.自带的vista home 不实用
快递给力，送货的小哥不畏酷暑，点个赞，这些是每天必备的东西，真的很好	还可以吧，活动买的，价格挺划算。	"晕,本来给四星的,结果网页出错,发表出来变一星了"	蚊子那叫一个多啊，根本睡不好觉，蚊香都不好使
一直在京东买，用着不错，价格还便宜，二十四小时就能到，真心不错！	不错，质量挺好的，今后还会光顾的	五一住了这里，作为三星级硬件还可以。前台经理赞一个，我们一行在隔壁吃饭，发票中了奖，但饭馆就是不肯帮我们兑，态度也很无理。我们将此事说与宾馆，前台张颖经理说帮我们处理，并为我们邮回北京，虽然钱还没收到，但是我们心里很愉快，毕竟这种专业的责任意识与服务意识，在中华大地是值得提倡的。	又小又酸，不如之前的，打算砸招牌吗
酒店位置其实很明显，但因为携程地图不清晰也或者是我不太会找，找酒店费了一点周折，但酒店的各方面设施给了我们安慰，酒店的服务人员都非常有礼貌，无论是前台或在走道上碰到了都不错．床也很舒服。	没想到蒙牛今天连续给我打了好几个电话问明情况，我说那一盒臭奶我已经扔了，也不需要什么赔偿，可是对方仍坚持要送我一箱＂新养道＂！其实，我不该仍掉那奶，应该给他们拿回去研究到底是哪个环节出了岔子！由此看来，他们的希望还是好的！所以我们国人更应该给他们时间与支持！中国，加油！@蒙牛乳业	商品收到了，但是还没用，等用过后才追加评价吧	这是我见过最小的火龙果，品质极差！再也不会在京东购买水果！
内容少而定价高，利用女人的心理来赚钱，招数不可谓不高	蒙牛，牛逼	买了台问题机，经常什么信号都没，电话网络什么都没信号，砖头	洗完头奇痒，用水不好冲掉，买到了假货。
618买的，算下来比较划算吧，也一直在用的牌子，不过洗发露真的容量有点小	物流超快，东西还没用，大小如图（参照物系女手，最右边的那瓶为赠品）。	"这个买瞎了,不如我以前买的好，以前买的洗完头清凉的感觉，这个用了没大感觉，不知道是不是假的？"	裤子质量差，还退色。
穿上挺舒服，效果也不错，做工很精细，满意	很不错的，3699，超值，sis的板子也没有大家想的那么差。一般使用足够了。	对于我的VS2所有功能我都很满意，真没什么可以挑剔的，待机时间不用多说，这个机子省就一个字，储存小了一点，其实是可以看着用的，随用随删也够用了，毕竟手机不是专门用来听歌看电影存照片的，最近新发现，用红外传的一个文件可以大于1M，呵呵，以前从没敢想过，也没试过，偶然发现哦	差。差。差。差。差。衣服太差了
买了两箱苹果，三箱香瓜，口感还是很不错的，也很新鲜。	混迹京东八年有余，依稀记得360buy的大蓝袋，那时候网点还很有限，红色果然更红火，618更值得期待，不知不觉钻级会员已多年，没有当初的热情一条条仔细评价，我觉得我选的都好，送货网络特别值得一提，非常给力。	一般般…打电话过去的时候服务态度很差！搞的我欠她钱的一样	到货后，屏幕内有异物！！是异物！不是黑点！与dell报修说是要3周才可以更换或者找经销商，上门去京东总部售后，经过售后和dell确认情况后却要我自己和dell联系，京东不能更换。
衣服相当不错，款式新颖，质量也不错，我很满意	京东就是快618买的，很快就收到了，不过还没有用家里还剩大半瓶海飞丝 上次在我姐家用过一次，挺好的，所以这次我也买来试试	缩水太厉害，小了。	号不是一般的小
开始上网不太好，老是上不去，后来各种弄了好些了，画面有的地方还是稍微的欠缺些，声音挺大的	好好好好好好好好好好好好好好好	我还没有使用，不知道效果怎么样，使用后再来追评	果子太烂了，不但不新鲜而且都是烂果，就没买过这么差的东西
昨天刚买。屏幕大，有拍摄功能。录音效果很好。现在还没玩转。拍出的照片效果也还不错。屏幕可当镜子用。	"酒店的地理位置很优越，客房是经过新装修的，很舒适，也很安静，服务员的服务也是相当热情。他们是商务酒店，在附近几家宾馆、酒店里算是性价比最高的了。很值得推荐给朋友。下次来北京还住这里。补充点评 2008年1月22日 ： 他们酒店房间里的设施还是蛮不错的，尤其是宽带上网的速度很快，卫浴是科勒的，不错。液晶电视的收视效果还不错。这次来北京是出差,由于酒店的出行方便,事情办得很顺利.有些不足的地方就是门口的标志不太醒目,不过听说他们有自己的写字楼,整体的标识倒是很容易就能找到."	我觉得这么厚一本书，讲述着一个道理，看得我是在看不下去了，有点失望。	交通很方便，离建国门地铁站步行5分钟，但是房间太小，感觉很老气的房子，进屋后觉得很压抑。房间内味道也不是很好。个人认为性价比差。
很满意，包装完好，速度快，价钱实惠！	离火车站、长途汽车站很近，打车起价就到（五分钟内），楼下有24小时营业的麦当劳（点餐可免费送至房间），出大门往左便是平原商场，其对面是影剧院。	4.18下的单子，送给我的卡截止日期是3.30，如下图，而且到处找不到怎么解决，京东，醉了	这是我用过最难用的洗发水和护发素。与京东无关。
这款机买了很长时间了，最让我开心的就是它的输入法联想功能。很合理、很丰富，还有词组联想，有时候还能联想出相应的标点符号，省了我不少时间呢。而且红外线兼容性也很好，传输速度很快的	这个牌子我经常用 第一次在京东上买 不知如何 用了在来评价	不知道我英语太菜，还是的确有缺漏，书翻开的头几页，有一个句子，好像是错的	面料非常的差，五十块就值
个人还是很喜欢这个平板的。用了32内存卡在上面。觉得还是很值得 推荐大家购买。	先后一起买了4台，免费安装，售后有保障。	操作系统啊   真不好  加一个windows又用不了多少钱？  建议  增加安装系统的服务	"这个宾馆真是神奇:1, 从早上7点多开始放大声的背景音乐一直到晚上11点多, 而且一直是同一张CD, 简直会让人发疯. 我和朋友开玩笑说, 宾馆应该给每个入住的客人都发一个耳塞, 这样客人不会发疯. 我们第二天就搬家了. 天哪!2, 宾馆宣传的照片跟实际完全不符. 照片上看房间超豪华, 五星水准. 实际是3星水准. 空调除了发出噪音外, 根本不制热. 房间的门是关不上的, 宾馆解释说只有在冬天的时候, 门缩水了才能关上. 电视机是不能看的. 所以说平遥的星级是不能相信的. 但是如果不是自己亲自来, 真的想象不出差距会这么大.3, 早餐上的咖啡比速溶咖啡都差, 牛奶是掺水的.4, 房价是 780元.大家自己决定去不去住吧. 后来我们搬到天元奎去了. 好了很多,价格也便宜. 里面的服务生也特别好.云锦诚在当地排场挺大,但是口碑不怎么样. 我们这种不是政府官员的人不太适合这种地方. 我从来没住过这么差的宾馆."
京东快递实在是太快了，这是我最欣赏的地方。产品质量也很好，保真。价格优惠赶上活动的时候比超市便宜多了。	京东快递太给力了，真的很快，服务态度非常好，非常喜欢下次会再来哦	包装好快递快有些松大质量一般	东西一般，刚买就降价，感觉有点不实在的感觉，买的时候就问什么时候降价，不肯说，感觉跟四五百的没啥差别，东西就一个裸机带个充电器，连个外壳耳机都不送，要买的顾客在等等吧，也许还会在降 钱。
"这家酒店的设施真的非常不错.地理位置也方便,大堂气派.由于没有我预订的那种房型,到前台的时候,酒店给升级到高级房,总体来说,是很满意的."	质量还是不错的，大小也很合身！！！！	卫生服务极差，wifi信号极差，所有的电源口都不好用	客服#39316很差，投诉团队也是糊弄事没答复，plus就是（被屏蔽了居然）。傻笑的东子，高估的估值，断崖式的未来……
购物多年，习惯性给好评或者不评了。因为是PLUS会员，而且购物主要是在广州，可能因此服务感觉会比较好，配送速度也很快，一些大家评价不好的情况还是比较少遇到的。	裤子收到，做工和材质很不错，裤腿太笑了。儿子这么瘦都穿上不舒服，考虑退换太麻烦了，就算了	很遗憾在春节期间竟然在这里住了一晚．１．没有暖空调，总台和我们说是厦门只有４星以上才有暖空调，其实不然，有很多的经济型酒店都有，这是误导，速８就有还便宜．２．态度不好，也许是生意太好了，要求加棉被，说没有了，只有一条了，我们是两个房间．投诉携程后才给予解决，早干吗了？３．床单不太干净，上面竟然有一个脚印，要求换掉，换的时候发现床单下有很多的人的毛发，要求搞干净，服务员的回答是＂反正上面床单盖着，不要紧＂．晕４．房间够大，不过装修已经好多年了．	*元买的，刚下单就变成*元了，申请价格保护还拒绝了，京东太黑了
首先物流非常给力，质量也特别好穿上特别显腿长，完全成了一个大长腿！是修身的版型，会推荐身边的好朋友来购的。对这次的购物很满意。	房间环境不错，餐厅环境和口味都很一般，其他设施，游泳池没有，服务只能给到3星。价格不便宜。1个优势，下马陆高速就是，而在嘉定很出名，好像是因为F1，因为价格贵，所以比较好找。在哪打车，都知道这个酒店。	没有红外接口，不支持短信群发，电池只有一块，不支持JAV和MP3。桑达X818信号也不是很稳定。	服务态度还可以，离景点也近，一入住的时候觉的还不错，可是晚上被咯吱咯吱的声音惊醒，还以为是床的质量不好，可是一开灯，发现一只老鼠正在肯我带去的小麻花，而且还和我们对视一分钟后才跑了。 把我恶心的把所有的零食全扔了。告诉酒店，前台说让服务员过去看一下，难道老鼠还会乖乖的等你来看吗？退房的时候又提起此事，找经理说没上班，一句对不起就把我们给打发了。小地方的酒店真的不能住啊！
还好吧？休息吧，希望下次去购买	希望掉发情况有改善 超市量大 京东商城买的量小	"房间还是可以的,但是温泉的团队客人实在太多,跟每个池子都象下馄饨,吵吵闹闹,不象在享受了.下午去问:人多,晚上去还是人多,第二天一开门就去,人很少,半小时后,不得了,象老式公共浴室,人满为患,团队的大巴士来了!!!"	感觉不合身，质量也一般
运行速度比较顺畅，操作也能上手。	第一次在京东超市买生鲜，都抱着试试的心态，结果东西送来都不错，还是要感谢谢快递小哥	原来这次男篮是蒙牛赞助的。	前台服务跟他们是客人我是服务员是的，不亲民，说话都不带看你的
这条裤子真的非常非常非常好，超级无敌贼尖儿棒！弹性十足，穿着显腿型特别好！特别喜欢！下次还会继续购买的！认准这家店！非常棒！	散热没有想象的好，很热，linux系统是没有安装图形界面的，只有字符，一般人只能是换系统，而且换系统很不方便，需要修改bios下，改为IDE模式，而且装了VISTA后没办法激活，很麻烦，正在找解决办法	251页到267页内容缺失，换成了239页-246页再来一遍。太不爽了。图书内容随便看看还可以，史书这样写看起来不错。一句话：可以看但不值得收藏的书，指的可能就是这样的书。	千万别买，谁买谁后悔，一点都不好。
看了这本书，觉得人还是简单点好，阿嬷简简单单，充满生活的智慧，任何时候都不低头，只是不断地往前走，往前走，不抱怨，不担忧，只是往前走，乐观的往前走；有点迟钝的小昭广简简单单，外婆说什么就信什么，在困苦的环境中也快乐的成长。健康而且活泼，娓娓道来的记叙方式仿佛在面前徐徐展开了生活的画卷，让人忍俊不禁，随着他们饥饿而难过，随着他们幽默的言语而快乐。 是本好书，值得一看！	"酒店较老,空调效果不行."	该酒店新开业，各方面都不完善。携程上介绍的东西很多都没有，包括电视节目，居然没有一个海外节目，国内电视节目也很少。结帐的时候，居然因为餐厅有笔帐单重复计算，让我等了足足有半小时。很需要改进！在商务中心，我希望能用自己的笔记本电脑上网，也同意按照他们要求的一小时20元的价格，但一开始服务人员不同意我用自己的电脑上网，后经一貌似经理的人询问，说是可以，但令我气愤的是，那位经理很严肃的和我?	虚假折扣 还不如去超市了 看评论好多说都是假的，再也不买了
宝贝收到了，质量不错，没有色差。很合适	这么多，价格公道，比商场便宜多了。赞一个	笑掉大牙#新华分享#蒙牛13年来首次换装广告语就出错？蒙牛13年来首次换装广告语就出错？--- http:t.cn/zl07cJu	我去，我买的是什么啊，一股呛人的味儿
给家里老人买的，试用了几天，挺顺手。	不错 性能比较强	酒店在绵阳站对面，位置与设施较好。6月22日下午6:30办理入住手续时，我告知前台已在携程预定了房间，工号为006的服务员答复我没有看到预定。我随即把携程发来的短信给她看了，才不情愿的打电话与酒店（不知哪个部门）联系，交谈中她用不屑的语气与对方说“他是一天一天分开预定的”。打完电话，她准备给我办理入住手续。因为是第一次入住该酒店，我提出要看看房间，006立马冷漠粗暴地把我递给她的身份证“啪”的一声放在前台台面，头也不抬的让我靠边等待。难不成我花钱来买你的罪受？这名服务员的服务态度太恶劣了，刚想发作，看到其他旅客正在等候办理入住手续（多是来自省外的高校老师），为了咋们四川的形象，我忍了。入住房间后，因宽带连不上电脑，打电话给前台，又是006接的，她用极不耐烦的口气说“你打777嘛”。在该酒店住了4天，感觉总体条件不错，除了006，其他各部门服务员的态度均热情友好。看到其他旅客也有评价前台个别服务员态度不好的，不知是不是这个006？可惜了这么好的一家四星级酒店，咋有这样一个与其星级水准极不相配的服务员？？？	最差的一次购物、快递都用了九天、什么心情都没有了
买了整整两大瓶750ML的清扬，送了两小瓶100ML，还有一瓶凌仕沐浴露，太赞了，价格还超低，对京东的爱，越来越深，618就支持京东，再赞100边京东快递	蒙牛的香蕉牛奶……也还不错啦…	我买的中干性的，但是给我发的油性的，我是买来囤货的，因为太相信京东所以一开始没有看就放进柜子里了，现在拿出来想用了才发现给我发错货了，不给退货我可以理解毕竟时间太长了，也怪我大意。但是要不是它给我发错货，也没后面这些事！一百多一瓶还不是最适合自己的，想想就很不爽！	给一分是因为京东送货速度超赞！对这次购物很失望，除了手机和充电器，其他比如 耳机 贴膜 保护套 充电宝等什么都没有。??? 一次很失望很失望的购物！
物有所值。 酒店气氛非常好。餐厅食品可口。 房间整洁， 环境豪华。	华为的还是有品质保障的	快递哥很负责任，很是敬业。买之前都没有注明要运费买了单才发现多出了，不愉快的购买，	京东越来越差了。送货很差，包装都打开了，估计是别人用过的。售后没人管。差评
苹果不错 之前买过 价格便宜 果实大小均匀 香甜酥脆 会回购	穿上很舒服 大小合适 面料不错料不错	话说回来，当当这次邮来的书，我遇到了跟那位朋友一样的遭遇，我的书是第十二章不全，第十三章整章没有，而第十四章重复，让我感到，怎么说呢，损失不小呀。	"太多,不支持彩信 内存太小......"
大小合适老公很喜欢穿上很舒服质量不错颜色不错领口面料好	酸奶喝来喝去，还是最喜欢蒙牛的红枣酸奶，味道香，还便宜	和图片一样，不过衣服洗的时候会点毛！质量不好	1.外屏文字显示不够清晰； 2.做工一般； 3.按键手感一般，灵敏度不够； 4.内屏图像显示不太清晰； 5.铃声有明显的破音现象，不支持铃声下载； 6.不支持WAP、JAVA、GPRS，红外；
快递公司送货即时，继续在京东购物	运输过程有泄露，但是代收的，也就算了。用了后，感觉不太真，也懒得退了。	收货时机子外壳的保护膜有气泡。保修卡没盖公章。不知道其他人都是这样吗。 穿越火线跑起卡 。	洗发水都弄的满瓶都是，什么玩意。必须差评，还有就是发货发了几天
之前没也没去商场看  没想那样轻巧  很喜欢 换了XP  速度很不错 普通的使用绝对没有问题 独立的128显卡 玩一般的游戏都可以应付	面料柔软，这个价位值。老公穿上非常帅	酒店位置没说的，很好!就是大堂稍微小气了点，还有房间的设施也老旧了一点，比起刚开业时的那种感觉逊色了很多，不过还是挺喜欢这家酒店!	"有法国人的浪漫,就是现在又降价了,郁闷"
物流很赞，衣服很快就收到啦，是我喜欢的风格，没有色差，质量超级棒！比实体店买的便宜多了，以后还会来这家光顾哒！	买3条、这款厚点、不是超薄款、想要超薄款啊，但质量不错，就留着穿吧，	什么东西吗，简直就是个垃圾，上网慢不算，屏幕分辨率太低了。连无线都连不上，	物流真是差的可以，7天收到货，中间催了店家好几次，每次都是应付，零下30度的天气物流走了那么多天，还能吃么？真是够了，不想说什么，我买的时候是49.9，整合给家里买，家人还签收了，要是我绝对拒收！大家看完评价再决定是否下单吧，差评！
真心信赖京东，每次买东西都不会让我失望。连快递盒都是超炫酷的。买了6件套，真的很超值。	我住的是套房，房间很好，环境更好。酒店的早餐等的时间太久，他们主要接团，散客的服务跟不上。	重了点，镜面屏容易在上盖留下指纹和划痕，送的瑞星杀毒软件报密码不对，不知道咋搞得	暂时还没发现，就是预定时间让我等太久了，下单到拿到货居然长达一星期。我晕！
以后带同事一起来 我超喜欢，做工质地都好得没话说，呵呵，	D80最吸引人的地方，莫过于其简洁的外观，特别适合于男性使用。而且手感特别的好。D80的智能拨号能够很轻松的帮你找到联系人；通话录音功能能够在你通话的时候轻松记录通话信息，在需要记录一些重要信息的时候能够给你带来很不错的方便。	是否送鼠标和是否内置麦克风事先不说明，客服咨询部分客服回答也有些不负责任。。。害得我多买了一个鼠标和耳麦。。。	衣服一搬搬不是正品
大品牌，质量好，物有所值！	京东配送超级快，大小均一，看着不错	吃起来没什么味道，看起来也皮不是很漂亮的。	铃声效果很普通，和我同事买的那个诺基亚24和弦铃声相差不多！拍摄短片没有声音！机身内存小，而且不支持外接存储卡！无JAVA功能！无MP3功能！
质量很好，不褪色，客服帮我推荐的尺码，很合适，非常开心	2007年十一的假期路过许昌入住了这个酒店，住的商务大床房，房间十分干净，床上用品什么的也很干净，环境相当安静，是我十一出行中睡得最踏实的一觉。酒店周边环境也比较方便，有大商场，有餐厅。240元的价格更是不错。但是四星级的酒店怎么也得搞两瓶免费水吧。不过还是值得推荐一下的。	这次买的几箱水果 很令人失望 可能是过了季节 果子小的很 而且猕猴桃和火龙果烂了一大部分 失望！	好几天才收到货，收到货打开发现都是烂的，就像在水里捞上来的一样，从来没给过差评，跟傻感觉联系也没人理，太失望了
衣服是正品，很合身，也很暖和，值的	东西很不错下次还会继续光顾希望以后这样的活动越来越多京东快递非常迅速第二天就到货了	1、香味。沙宣洗发水味道越淡而且接近自然的味道，清淡不冲鼻，而且用之后持久幽香;2、泡沫。一般好的洗发水很好打泡，用一点点加一些水就能起很多泡沫，而且泡沫越细越好;3、细腻。越好的越细腻，不会存在疙疙瘩瘩，而且膏体连贯，粘性大，流的时候粘粘的，流动不快;也有极少数的发水添加了植物或者生物成分，并引起不连贯效果，不过这些成分对头发是非常有益的。	华而不实，失败，刚开始不错，过了一个星期卡的一逼！王者荣耀经常卡，以后再也不买华为的手机！大家看p10造*，偷梁换柱！
送货很快，质量不错，就是小了点，还是赞一个！	太普通了，只是近机场而已，配套陈旧	商品没收到，你们物流怎么显示签单了呢？	"这次通过携程订的房间是入驻这么多次最差的一次, 价格比艺龙贵, 房间非常吵."
我弟弟就喜欢穿牛仔裤，给他买的这个。他很喜欢，说穿上很舒服。反正我觉得他上身效果挺好的，照片看的也很青春活力。顺丰快递也很给力，他在东北上学，这几天好像天气转凉怕他没有的换洗，没想到那么快就到了。	"268元房间还算整洁.服务就不敢恭维了.结帐的时候出了件让我意想不到的事:我们是一家三口自驾游的,退房时非说我们用了印度神油和避孕套.靠!要说用了其它东西倒有可能,这玩意是可以当着已经上学的孩子用的吗?解释了半天,还是一口咬定我们就是用了.让我非常脑火的倒不是为了那几十块钱,而是明摆着的讹人的做法非常难以接受.后来见我发火了,楼层的主管才下来说,知道你们是家庭游客,可能是服务员搞错了.靠,刚才还一口咬定用了,现在又说搞错了?!真不知道这帮人是何居心.大家还是小心点为好!"	不想说什么，只想祝福所有骗人不负责的京东的相关人员遭受报应。	前面几位评价误导了我。下次不会去住了。主要问题是：1、整个走廊里味道很不好，是那种很潮、旧的味道。电梯间有浓重的餐厅飘来的油烟味。2、房间太小，我定的高级大床房，可是除了一张床，已经没有多少地方了。3、1~5层是商场和超市，环境很嘈杂。好处是：被褥是白色的，看着还很干净。可以延住到2点，只需要加110块快钱。比较人性化。可以吃个午饭再休息一下。服务态度比较好。总体评价：是一个很老旧的酒店，设施也就1星，服务2星。
"酒店去机场极其方便。设施不错,房间很干净。服务也比较贴心。已经住过两次。向朋友推荐了，都说好。"	好(?▽?)好ヾ ^_^?好ヾ ^_^?好ヾ ^_^?好ヾ ^_^?好ヾ ^_^?	买的太不爽了，物流超级慢，送到家了居然又帮我返回去，然后又发货，我也是无语了。	不好，工艺不行，后背有明显的不贴合感，有中空感，想退货，华为客服还不给退货，总之各种理由，
物流很快，包装很好，没有磕碰的。苹果的重量都量了一下，210g-220g的7个，230-240g的3个，260g以上的2个，苹果挺脆挺甜的。总体感觉不错	非常舒服，穿起超级非常舒服，穿起超级帅，美得不行。以后还要在你这里买裤子的。帅，美得不行。以后还要在你这里买裤子的。	"一家三口上周去了佘山度周末,森林宾馆环境不错,倚竹而居,恬静幽雅,但也有美中之不足, 女儿退房前把手机遗忘在客房沙发靠垫下,回到上海才想起来,几番电话联系,都说没找到,但最后得知手机竟在酒店的垃圾桶里被发现,失而复得不甚喜悦。酒店善后服务也算不错,可手机如何长了腿自己跑到了垃圾桶内倒是蛮值得耐人寻味一番啊!"	"音质和画面还行,有封闭用户组功能,却不能封闭来电!"
京东自营物流超快，东西还没有用，包装还是可以的。	连买三期，这是第三次，前两次的大小色泽都不错，这次个头偏小，色泽也显得陈旧，吃起来还好，希望每次能哈不多，本来想连续买的，不能因为一次的不一致让客户放弃。	1.语音拨号是垃圾，我在九九年拥有一部飞利浦手机，语音拨号可以随意设置。难道是技术不如人？3.待机时间太短！！！烦！4.反应迟钝！！5.内存偏低！！6.价格偏高！！7.MMC卡读取也没TF卡快！！！8.按键过小！不太习惯！！！！9.视频通话麻烦！！！！！！！	我什么都不想说，十号买的东西。现在23才拿到。东西也卡。不好用，平板好丑陋。
比想象中小一些，东西还可以。多付了运费用京准达，谁知道还是比预约时间提前了半小时送，幸好自己也刚好提前到家，一点也不准达。	真不知道是不是过期的还是盗版的。洗了之后头皮痒死了。隔一天就特别的氧	还没穿几天就开线 这是真的 骗你们不是人    被坑了 只能这样来说 估计好评都是返现的吧    都说点良心话吧 别为了几块钱乱说	差评 很不好 真垃圾 再也不买了
1、做工非常精良，手感特别好。2、铃音大。3、照相清晰。	裤子很合适 穿上去很舒服 质量很好	电池盖有稍微的松动；色彩的鲜艳度不够，在阳光下的发挥也差强人意；音量设置到最大的时候偶尔会有破音；摄像头颜色偏淡，效果不尽人意；电池不怎么耐用。	物流挺快，保护膜没给发过来，问客服，两天了没理我，也没给个答复!我就想问一下京东，膜呢？飞了啊！
果子很新鲜，很好吃?，支持京东，下次还会购买的，五星好评，^_^全家都喜欢吃！	好用，正品，购物方便，京东物流就是快！	苹果还不错吧！也没有坏，只能感觉还可以吧！已经吃到剩下一个了……	早餐不错 ，地段好 只是房间一般，床品太差
一直购京东超市苹果，靠得住。味道好，新鲜。吃完再买。	第二次入住，酒店的服务还是一如既往地好！入住的时候，一杯香浓的咖啡立即奉上（冬天是姜茶（喝过），夏天据说是酸梅糖）；在前台要求借用电熨斗和熨衣板，结果人到六楼的时候，服务员已经送到房门口等了；开夜床的时候有送果盘，上次入住的时候被送过小毛绒玩具，这次没有发现，就问服务员，结果解释是一天送小公仔，一天送巧克力，当天送的是巧克力；由于我这次只住一天，就试着问服务员能不能给换一下，没想到服务员马上就给了两个，而且巧克力照样留给了我，真是温馨啊。	华为很不错但得更新系统就没有联不上网络的错误	苹果真的不咋地，外观很垃圾，与图片不符。吃起来亢亢的，水分丢失，建议大家不要买
性能卓越，外观时尚，设计另类极具特色，功能实用而齐全，音乐功能出色媲美iPOD，iRiver等高端MP3	给妈妈买的，还不错	班尼路/Baleno夏男装 纯棉圆领短袖t恤男 小清新韩版潮流纯色体恤 01W漂白 XL班尼路/Baleno夏男装 纯棉圆领短袖t恤男 小清新韩版潮流纯色体恤 01W漂白 XL班尼路/Baleno夏男装 纯棉圆领短袖t恤男 小清新韩版潮流纯色体恤 01W漂白 XL班尼路/Baleno夏男装 纯棉圆领短袖t恤男 小清新韩版潮流纯色体恤 01W漂白 XL班尼路/Baleno夏男装 纯棉圆领短袖t恤男 小清新韩版潮流纯色体恤 01W漂白 XL	果不够新鲜！味道很酸、?值这个价钱！下次不买了
很开心的一次购物～买的裤子男票穿着正合身～物流也很快～跟卖家咨询后也很热心的解答～下次还在你家买嘻嘻	家里的快用完了，有套餐囤货了，很划算，昨天晚上下的单，今天早上就显示派件了，京东的配送真是没说的。由于家里的门铃不好使，快递服务员还特意发了信息告诉放在小超市了，为快递小哥点赞！	是一个别墅式的温泉，非常清静，服务也不错，性价比较高。就是交通有点不便，同时一定不要选一楼的房间，因为潮湿有一股很浓的味道。如果是单独旅游，最好的办法是包一辆出租车，一天才150元，还可以请司机介绍景点，上次我请了一个出租车，人不错，我介绍一下大家认识：李志宁13988505869	口感太差，不新鲜，没有水份。不划算上当了。
裤子的质量非常好，摸上去很舒服，穿上去感觉很棒，也没有色差，卖家的态度也很棒，总之就是好好好！以后还会继续光顾的。	物流超快，包装也不错，产品挺好，挺香的，没有打蜡。	好吃，水多，个小，原来*一箱，后来涨价到*！所以现价均价*一只?。	蒙牛你们工作好勤快啊…
"东城是5星级的..可是在我看来里房间的感觉跟4星级差不多.我定的是典雅大床房,房间小了一点..不过服务还是曼好的跟香格里拉,喜来登一个档次,很亲切.."	"我就奇怪了,评价这么好的书,我怎么就看不出好在哪里呢?孩子好象也不怎么感兴趣."	抵制蒙牛!	到货时间，差评，我等了一天又一天，我靠，早知道就不买了，物流太慢，还京东自营。
裤子质量很好，给男朋友买的，看起来很好看，男朋友说很舒服，下次还回来的?给个大大的好评	"对于这本鲤,我是针对于它每期的主题而买的，第一次买“鲤&#183;孤独”很自然的认为是张悦然写的，买了之后才发现原来是她主编，所以有一点失望，随便的看了几篇，觉得也就这样，没什么大的感觉，但是却一直很喜欢她出书的主题，所以这次就买了“鲤&#183;谎言”。看完之后发生真的很喜欢很喜欢她对于书的主题，里面的内容也相当的好，虽然没有一篇篇的看下来，但让我产生一种不一样的感受。很好看！"	房间小，前台不提示停车场，隔音差	很容易自动死机 没有GPRS不能下载图片和铃声简直就是他妈的垃圾拿出来都掉胃口！！！
烟台红富士昨晚吃了一个还挺甜的，就是个头不大。	"在南阳来讲总体还行,毕竟可选择少少,总体性价比有些偏高些"	东西不错啊。就是包装怎么那么脆啊。估计快递人走路上都是来回摔的。打开全都坏了。按压的那个直接断了。漏了一盒子。哎，头疼，想退货人又经常不在家，麻烦死了。算了。东西还行、	"一星都不想给，这个也太小了，没有70mm,和超市差多了，"
2号下单，4号用上了。键盘触感不错！散热也理想！摄像头还好！处理器还算好！外观是暗花的，有些小别致！文字的linux系统，重新f2后改了sata装了xp系统，稍费些劲，随后用自带盘安了一堆小程序。电池还不错。有问题就拨打4007002000客服电话就好了！声卡驱动最好在官网下载安装，否则有可能不能录音！	上次的苹果很新鲜，这一次没那么新鲜。	是看到排行才买的，但是书既大又乱乱。没一张上都买卖的全是画。我不喜欢，但是儿子还行。作为讲故事的我，看起来没有感觉所以也就无法投入。	客服全都不在线，没买的时候怎么都在呢！
可以说是金华最好的宾馆了，但不是性价比最高的。金华没有比它好的，但是同星级的不是最好，还过的去吧，价格高了点	还行 物流很快	又小又酸，本想过年孝敬父母，真的很失望	可以说酒店很差。强烈建议CTRIP在郴州多准备几家酒店供选择。房间有霉味，床很大，但床垫很不舒服。地毯非常脏。卫生间还比不上火车站的。床单是破的。总之呢，如果各位经济允许，还是不要住这个酒店了。
今天因临时外出电联快递吴师傅，在我回来后送件，吴师傅二话不说，爽快答应。在此特别提出表扬，感谢他的周到贴心服务，每次送件上门均礼貌当先，礼貌用语，微笑服务值得学习。	蒙牛的这种调调我喜欢！回复 您好，蒙牛正在变得安全更好，中粮和欧洲最大乳企爱氏晨曦已入主蒙牛，奶源和品控会进一步加强，希望能恢复您对国产奶和蒙牛的信心。	600多的房间不含早餐还小得吓人，胖点的人都无法转身，所谓的精品酒店也不过是在公共区域多了一点艺术设计与摆设，最关键的房间居然那幺小，还带拐角！？毛巾像七天的一样，最来气的是早餐（酒店没有早餐厅），居然要跑出去酒店合作的小店吃，还没有发票，几根通心粉加一片火腿要35，我算是服了！不要搞金玉其外了。	我实在忍不了了！送货速度，我连一颗星都不想给，京东现在是店大欺客吗！为什么会选择京东买东西，而不去的旗舰店啊什么的，不就是因为你京东的所获速度嘛，11点前下单，当天就能收到，晚点下单，就隔天到！但是自京东越做越大之后，服务越来越不行了！送货时间也是，越来越不准！我买了一单东西，帮我分N个包裹发送，然后再接下来那段时间，我就时不时的收一个快递！！真的好恶心！！不是每个人都有那么多时间天天去等着你快递的！！你的隔天到呢！！还有买iPad，订单一直显示要去采购！！你没货就不要让顾客买呀！买了之后然后再去采购！让顾客等那么久！！还有京准达！！我就不知道京准达的意义何在，买了单东西又是被拆成两个包裹！一个倒是准时到了！另外一个就到不了！！我请问顾客为什么要选择京准达，就是那段时间收货方便啊！你随便什么时间送！京准达的意义在哪里！！你京东现在是店做大了，就很多事情都言而无信了吗！就不在乎消费者的感受了吗！真的是越来越讨厌京东买东西了！就这送货速度！！！！
贝贝好爱干净 每天出门都要洗澡 还喜欢喝蒙牛 不喜欢蹲地方 喜欢坐凳子上还喜欢和我坐在一起~	终于还是没有忍住，剁手了，还没怎么用，不过很不错	"性价比还是不错的,房间也很干净,周围也比较安静,唯一的缺点就是房间有点小,我住的大床房间"	忙的一直没评价，感觉有点假，价格是便宜，但是用的头上会起小疙瘩，其它的品牌都没有过呀
特别好用，经济实惠，玩游戏看电影的话用这个没问题，关键是便宜	本本很好用，喜欢华为，轻薄，音质也不错，就是刚买几天遇上降价，无奈哦	这个包装实在让人汗颜，洗发水都漏出来了?	"今年七月二十一号在958 598买的机子,不到一星期,就出毛病了,不显示电池电量,八月七号拿去修,说是主板坏了,并且维修站没有主板换,不知道什么时侯厂家能寄主板来,要求换一台,说过了十五天包换期.气死人了.难怪国产手机厂家那么或亏损、或到闭。我看CECT 的命运也好不到那里去。"
"一家三口刚从开元回来,是个挺不错的度假酒店。酒店里所有的员工包括清洁工阿姨都会很礼貌地跟你打招呼，感觉特亲切，酒店服务也很好。跟亚龙湾希尔顿有点像，只是规模小了点，不过对于上海周边地区来讲，已经是一家很不错的度假酒店了。中餐厅不错，是个性价比挺高的五星餐厅。房间设施一般，特别是电视机和装电视的柜子，本人觉得很老土的，最好换成42寸的液晶电视机和简洁的电视柜。不过，总的来讲，还是挺不错的，以后有机会我们还会再来。哈哈！"	"这套书是买给外甥的六一节礼物,没想到我两岁半的女儿对那本恐龙的尤其喜欢.不过她看还是太早,端午节回老家给外甥带了回去,当时小家伙没表现出很喜欢,不过等第二天上午他一口气看了三本,小学一年纪的他,基本上可以自己阅读.....小家伙很喜欢,我自己本人觉得这套书能增长孩子的见识,开阔孩子的视野,尤其适合上小学的孩子阅读."	特意用了一段时间再来评价，颜值过关，配置不错，还有指纹识别，满以为会超过期望，但是我失望了，屏幕确实如网上大家所说，素质偏低，2K屏有个毛用，反应拖拉，看着真的容易眼睛难受，屏幕对平板来说最重要，所以差评，华为总是这样忽悠人，失望	质量太差了！一看就是假货！掉色严重啊！不建议购买啊！东西太次了！没见过这么差的东西！打死也不会再买了！客服也烂啊！说了好多回就是不给发票！！你说算什么东西啊！还算人吗！我公司领导把我这一顿臭骂啊！还扣发我一年奖金！买错东西多惨啊！大家一定要吸取教训啊！！！太后悔了！！！质量太差了！一看就是假货！掉色严重啊！不建议购买啊！东西太次了！没见过这么差的东西！打死也不会再买了！客服也烂啊！说了好多回就是不给发票！！你说算什么东西啊！还算人吗！我公司领导把我这一顿臭骂啊！还扣发我一年奖金！买错东西多惨啊！大家一定要吸取教训啊！！！太后悔了！！！
v系统和XP系统能做到二选一就更好了，毕竟大部分人还是更偏爱XP系统。	收到啦，挺快，包装挺好，至于好不好看图片自己鉴别吧	是正品吗？为什么瓶子后面二维码下面有个3而不是一个图标	地摊货，上当了，我三种颜色各买了一件，外包装却不同，质量也不同，让人很难相信是一个牌子
酒店的床比一般的香港酒店大，双人房的床都很大，枕头超多超舒服。酒店正好在金钟的正上方，逛街很方便，东西买了直接就丢回房间再出来超方便。最特别的是晚上逛街回房间又累又渴，桌子上放着泡好的香片茶，非常温馨！国内酒店的服务就缺乏这种细节，下次还要住这里。	水果很新鲜，购买方便。看着应该很好吃，不过个头真的不大，小小的，如果送人就不要买了。	使用中，性能方面视频不错，游戏还没试过不知道怎么样，但是平板好看，分辨率也高，相机也还行。这个32G 的是没有耳机的。建议喜欢玩手游的买通话版的，随时可以玩，奈何我是电信卡不支持，只能用WiFi了。同时买了两台一样的，跟老公一人一个。	算了吧，京东送货员不让验货，等我拿回家拆开机子的塑料膜后才发现有地方掉漆，而且看电视还卡顿，让我一致怀疑是别人退回去的机子，找客服，说让我发照片给他，那幺小的几个掉漆点，让我用什么能拍出来？显微镜？还爱搭不理的，收了钱后就这态度？贴膜里面有几个硬物卡的凹凸点，怎么贴都有气泡。总之京东这次购物，差！！
不错！上身效果很好！穿着舒服！蛮喜欢滴	音效不错，父母很喜欢，用起来也不错	修好回来我简单检查一下没发现问题，一直没用又放了五六天。当我拿出来用的时候，没有震动，震动坏了！我估计是换屏的时候弄坏的！	变态酒店，预定的5点入住，到不了，入住人要求延迟，酒店说不可以，要么5点前到达，5点后就取消房间，要么叫我联系去哪网，去哪儿网解决。联系去哪儿网，人家说不可以，先付钱都不行。下午2点折腾到晚上都没有协商好，最后又打一次酒店找值班经理投诉才留房，很郁闷。
现在在用，没什么问题	"通过携程预定,我们在友好度过了一个愉快的周末!携程不错,友好更好!特别感谢梁思小姐热情,周到的服务.还为我们制定了合理的游玩路线,使我们玩的很尽兴!谢谢了!另外,前台和门童也很专业,友好.让人很舒服!下次,还住友好!宾馆反馈 2008年8月6日 ： 非常感谢您能选择入住我们饭店，为宾客提供热情、周到的服务是我们饭店一贯的宗旨，我们也在饭店的每个岗位积极推行“满意加惊喜“的金钥匙服务理念。您对我们员工的赞许和肯定是对我们工作的最大鼓励。衷心期待您的下次光临。"	还是因为国家食品安全规范力度不够管理力度也不够 我就一直奇怪，蒙牛这样的企业竟然还一直存在！ 没把全中国人毒死，他们是不会罢休的！	没有厂膜，很怀疑是不是新机，开机试了一下，有点卡顿。还是在没有下载任何软件的情况下。给不了高分
这个价位给满分 没有经济来源学生党可选	其他还好，就是早餐一般。酒店设施没有其他城市的喜来登出色。宾馆反馈 2008年8月8日 ： 感谢您选择下榻本酒店！最近本酒店新上任的新加坡籍行政主厨， 正在根据客人的反馈对菜肴进行改进，同时近期也有不少新的餐饮促销推广活动， 相信下一次的体验肯定不会让您失望。 欢迎您再次入住， 衷心祝您身体健康， 工作顺利!	第一次买苹果就这样，坏的有一个	个子很小，三个当中还有一个压烂了，很不满意，这产品大家不要买。
裤子非常修身，上身效果很好，便宜有实惠，真的很不错，朋友看了都说不错，已经介绍他们来看了！	功能不错！铃声够大！其它功能很实用！手感和外观不错！屏显比其它同价格手机好。	掉色加上一礼拜烂掉，哎，直接撕裂了。	好破的手机，跟客服说问题客服不说话。差评
"衣服收到，质量应该是正品吧，包装很好，衣服料子很舒服质量不错，做工也很好，夹克样式比较适合，颜色也比较正，衣型穿起来比较高档大气,值得购买的店家！客服服务态度很好，工作效率高，衣服质量很好"	很不喜欢这种小女人过着自以为小资的生活，每次都联想到夜上海的情景，不是很让人舒服，只有颓废的感觉。	双十一有点忽悠人，价格999，华为商城还送手机壳和贴膜，京东提前把预收款收了，又不能退，有点被欺负绑架的感觉，体验非常不好。	假的，洗完一点香味都没有，后悔没去实体店买。
屏幕不错！MP3与MP4播放都还可以，而且功能较多，对于1500左右的价格值得！！！	裤子面料不错，大小合适，老公很喜欢。	太旧了，就是位置好，其他的真是很一般，停车还要收费	上门自提时，京东居然把原来包装的塑料袋收回去了，没有这个塑料袋，用户自提很不方便。验机必需要用户付完款后才能验，但付完款后，机器要自已拆开验，验完后要自已包装好。验机过程也没技术人员提供任何技术协助。
房间很干净，设施很新，应该是义乌最好的酒店。宾馆反馈 2008年4月14日 ： 给您创造一个洁净的居住环境是我们的职责，愿酒店中的每一次都给您留下美好的记忆，谢谢您！	酒店外观大气好看，但房间设计不好老旧	感觉不怎么样，刚刚洗完头发又感觉头发干枯枯的而且还是好油	不要买。不要买。。不要买。。不要买。很假假的很。。。
ＭＰ３超大声～～声压４方～～～外屏可以看信息～～还可以回设定的信息～～	我共买了7本，大多书的纸质很差，很轻，像盗版，希望管理员能标明纸的质量，如果下次再发现这个问题退货。。	"反应慢的像猪,彩信容量小,上网速度慢"	差评什么骆驼，做工也太差了
不打游戏，所以看电子书 电影 上网运行速度还是能满足我的需要。可能装的应用少，电池待机耗电控制的不错，连续电子书估计能20小时，不咋用的话放一个星期没问题。系统可以升级到Android5.0，总体来看个人觉得还算满意。	挺好吃的，包装很精细，没坏的，泡沫互相隔着呢，就是苹果有点小，挺甜的。	1.一键即可轻松进入QQ世界，并有着与PC相似的用户界面，操作友好简便；聊天中更可及时拍摄，并传输图片，让你的QQ聊天图文并茂。2.人性化的输入功能，既方便又快捷，只要输入文字首拼，即能出现相应词组，让QQ聊天得心应手，灵感源源不断。3.短信存储容量大，外屏直接可读取短信，垃圾短信过滤等强大功能。	物流没得说，就是这次买的两箱不是一般的差，真的很酸，不甜，
裤子质量不错，穿着很舒服！ 客服很好，推荐的尺码合适	外观大气、配置较高、整体设计比较合理，性价比较高、特别适用男士使用。	东西用着一般，但是打开箱子，赠品少一瓶发膜是怎么一回事儿了？舍不得给吗？还是发货人不实数呀！	特别不满意，买回来半个月了，今天才想起，各位买家不要买了，买了你会后悔！
不错布料很好穿上去很舒服还要再卖一件	大堂很气派，湖景很不错。住的是嘉宾楼，好像不是五星，房间里硬件很一般，尤其是毛巾，质量非常差，跟开元的名气差太多。服务倒还说得过去。强烈推荐东营的蓝海国际大饭店，硬件、服务、早餐都很好，可以参考携程上的评价。补充点评 2008年7月7日 ： 对了，我住的那个房间马桶还漏水，浴帘很脏，浴室地面上有很多毛发！！！难道迎宾楼和嘉宾楼有如此大的差距？？？重申一遍：我住的是嘉宾楼的标准间，408一晚。	不好用，这个价位不咋地	两天就起毛，洗两次变色
飞扬的洗发露第一回买，刚到还没用，不过看起来不错哈，嘻嘻	"这是一本小学读物,用以前评书的方式去写书,深得小学生的喜爱,至于中学生是否也喜欢就不得而知了,作为成人的我,不是太感兴趣."	太小了，还有商看图片。以事实为依据	在京东商城平台购物最失败的一次，完全地摊货。
甜脆新鲜，包装很好。生活越来越依赖京东啦，只要京东商城有的东西，价格合适，全部都往京东走。愿京东越做越好越强大。	"这个酒店感觉性价比比较高.房间价格不算高,但里面环境还是不错的,房间里也比较干净,下次要是再去周庄还是会选择这家酒店的."	我喜欢，一切还可以，价钱可以接受	"酒店环境可以,只是交通配套不太方面....................................."
宝贝收到了 很喜欢 男票穿着很帅    必须给个赞    客服人也很好 很耐心	甜！好，质量不错，还会买。谢谢！	我觉得是一本基本没什么用处的书，喜欢英语的用不着，不喜欢英语的也不会因此喜欢上学习英语（我就是个例子），高年级的觉得肤浅，小孩子又觉得生僻，哎！这是第一册，我还在网上发现了第二册，不知道会不会比这个好一点。	赶快来评价，提醒下不要有人再上当受骗，打开一看没法吃，直接垃圾桶
现在用着挺流畅，不知道以后怎么样，拍照效果也还可以！	看起来很不错，质量的话时间才知道	衣服太薄，质量也不怎么样，衣服口袋都是坏的！！！	买回来10天屏幕不灵敏，我在华为论坛看了好多人出现屏幕不灵，游戏方向不灵，滑动变成点击的，我的也是，我要申请退货，或者换货
很新鲜，苹果很甜，水分大，个头不算大，宝宝很喜欢吃，推荐购买	這本小書，雖然文字短小，但是思想的含量確實是很大。其實，最初根本不知道常乃德為何許人也，後來偶然間讀到他的這本書，愛不釋手，立馬購買了一本，這本書需要慢慢的品讀，有些話不是立馬可以明白的，不過在瞭解了中國思想發展的脈絡之後，這本書對人非常具有啓發性的。對中國思想的論述，不乏精彩之處，在此不一一指出。自己感覺可以與葛兆光的《中國思想史》并讀。	林汐算是《最小说》上比较喜欢旳一个作者了。同样。《迷失界限的旅途》并没有让我失望。最感动旳昰故事结尾旳那句“再见”。再见。程介。再见。加井。加井始终认为自己是不属于那个世界旳吧。所以才会选择离开。选择继续回到自己旳世界。始终没有办法让自己先看着程介离开呢。看到加井离开。突然觉得什么都值得了。她只不过昰回到了自己旳世界而已。只昰回去了而已。	裤子不敢恭维，很差，不过京东服务好，有什么问题都积极解决，不像*，有问题都没人理
裤子很不错，买的时候有点犹豫反反复复好几天终于下定决心，回来后太惊喜了和在专卖店里买的一样，还便宜还好看，以后就认准这家了，我太喜欢了	环境和服务都比较不错，最大的缺憾是，早上打的的时候非常不方便。往往需要等上10分钟时间	对京东商品非常满意。但不相信中通快递，快递员服务态度相当差！严重影响了顾客在京东购买的欲望。	看来买盗版是要碰运气的，十张前四张不错，第五张不能看，还有四张图像不错，一上来也有声音，可是后面全没有声音了，呵呵。
还没有用，但看起来很划算，这种也不会有仿冒的吧，总之觉得超值	?11点多刚收到宝贝，还没用，期待^ω^	位置很方便，去哪都可以地铁。一共订了2间房，开始安排了331和333，我们自己住的331房间很小，每张床感觉只有90公分左右，房间有怪味，因为带3岁女儿同行，打电话要求换房，总台在搞清楚床确实小之后答应换房329，房间大了很多，而且气味正常，总台的服务还是比较爽快的。 但是感觉打扫卫生的阿姨不咋地，因为女儿掉了个玩具在床底下，推开一看，好多灰，还有一个一毛钱的硬币。住了三天，房间里的拖鞋也不补新的，又没有带塑料拖鞋，总得穿洗澡时搞湿的拖鞋，感觉很不舒服。卫生纸就剩一点了，也不放一卷新的在马桶盖上，还好自带了一卷。房间里最后一晚因为室外温度已经零下4度，空调制热就不给力了。保险柜时好时坏，不敢用了。 同行老人住的333房间，热水要开5分钟以上的龙头才能出热水，电话一开始就是坏的，后来修好，不补拖鞋和面巾纸，打电话给总台才解决。以上问题的发生，让我感觉这家饭店是我住过设施和客房服务最糟糕的四星级饭店了。 客房窗外环境不错，睡觉很安静。早餐不错，餐厅服务员服务也很好，这点值得称赞。	这次买的西柚特别差，12个里面有两个发霉的，退了钱，其他但是没发霉，但是味道怪怪的，应该是没储藏好，还不如发霉退钱呢，不会再买了
还不错吧，没有想象中大，可能是我个人理解的问题吧，整体还是很好的！	"还比较物美价廉,免费长途很有特色,早餐也是不错的,电视机太小,视力不好,就看不清字,数字电视频道居然连cctv-6都没有,呵呵,不过,总的来说还是物有所值的"	请问5月27号的订单已付款为何现在还没收到呢你们的快递公司是怎么发货的啊？	便宜没好货，请告诉我哪个有70mm，小而酸
"环境和服务都不错,环境幽雅.不要忘去4楼观景平台,可以看西湖全景."	感觉没想象中的那么好，用手搓了几下就快破了	质量垃圾价格也不算便宜，地摊货	破送货员，上午10点打电话过来，说10分钟送到，结果一等等到下午16点！你*到不了，承诺个什么，就你时间宝贵，*
五位《百家讲坛》主讲人对历史上的五位医学大家作了介绍，其中张仲景篇的主讲人郝万山教授，由于是北京中医药大学的教授，在讲“医圣”张仲景时，不但介绍了人物，还运用阴阳、五行，结合病例，给读者普及了许多有益的中医基础知识，使人读后受益匪浅！其主讲篇幅也是最多的，达到百余页，感谢郝教授！其他四位主讲人由于不是医学专业，只是对人物本身做了讲解，对了解人物也足够了，感谢诸位老师！！！	不好，质量一般，号码偏大	两个是烂的，只有一个是好的，这家火龙果不能买。	垃圾裤穿两天后屁股就爆裂
我不否认这是我见过低于两千块最好的手机，看后确是与购买的冲动。	好好好好好好好好好好好好好好	服务很差	质量差的要死
东西不错，比实体店便宜，昨天到的货下午就安装好了，很快，总之很满意，服务态度也很好，给5分，希望店主生意兴隆！	京东棒棒嗒！快递小哥太认真了，可能是生鲜送货有时间要求，还打电话给我说晚两个小时，老客户了！快递非常满意！同时买了两份，竟然风格一看竟不同啊！大小均匀还行！满意！	送货很快，包装也很好，还没安装，用过后会追评哦。	你来告诉我，右边四个哪个是大果？？？？比以前买的差太多！！！太差了！！
送的膜没贴好见笑了，货收到了总的来说，感觉不错，大小挺合适的，开机使用正常，就是现在没有无线，等回去连接再看看效果！！	仅仅时隔2天48小时，手机刚拿到手里不到5小时，降价100。京东你是坑我的节奏吗？	酒店服务员态度很差很差 ！房间设施太旧，周边环境不好！再也不会住它了！	差评，严重差评！我不要加绒的，结果给我加绒的，客服还说厚款的裤子就是加绒的。什么智商？厚款一定就是加绒的吗？
衣服到了迫不及待看了看 真心不错 面料也好 老公回家看了 很满意 下次还会再来	"在洛阳的酒店中还是不错的,餐厅也可以,服务也不错."	给我妈买的，适合岁数大的眼睛花的。就是不太方便携带	这几次入住感觉不如以前了，服务质量在下降，原来房价含早的，现在早餐也不送了，原来餐厅就餐感觉很不错，现在明显上菜的份量比以前少了很多，下次再去南通考虑换一家试试了
这个价位，能买到THINK品牌的本本，很不错了，大厂做工，散热好，屏幕效果不错	裤子收到了，老公穿着很合适，质量非常的好	说好送的吹分机没有差评	产品品质太垃圾，根本不是烟台苹果的口感，欺骗欺骗。奸商。
上网本基本性能都是这样，对于仅仅用来上网聊天以及做一些简单办公的人来说还是不错的。在均衡配置，做工等方面来说这个很适合一般只是炒股上网聊天的的男士。样子比较稳重，还没有A4纸大。性价比比较突出。	苹果还不错，没有烂的水份足，就是不够甜服务态度很好给个赞！??	6月12日那天买的有送吹风机，而且吹风机数量有限的。为了得到吹风机买了第二次，反正2020年过期，能用完。	垃圾，褪色，包装里面全部是黑色灰尘，布料很差，千万不要上当受骗了。
设施一般，房间感觉比较潮湿，被褥都是如此，唯一比较赞的是自助早餐不错，真心不错！	618活动买的，还没开始吃，包装很简单，618活动造成物流太慢了，还好没坏掉	隔音太糟糕了，早餐也不咋地，但是价格还行	快递速度可以， 有一个坏的，又不新鲜差评。
挺好的用习惯了估计还会买	送货很快，又一个果好像被虫子咬了，其他都很满意。	太长了不好看后悔买了它！不喜欢长方形的朋友们要买的话要慎重哦！	晕，真的太坑人，估计人家扔掉的货，放在这里卖
非常可以，华为先用用看	播放视频时，下面半屏会闪蓝屏！不知道是怎么回事！求解！！！	真心感觉不怎么样，布料太差	非常小心的使用下机身严重弯曲！！售后不负责说是人为，再也不相信华为！！！
买了好多台了感觉一直都不错	用了几天才评价，处了像素地一点外其它都好……	裤子挺好，就是物太不给力，	不满意，退色太严重了！
裤子很合适，显得很职业范儿，笔直有型不易起皱，面料舒服暗斜纹，很好看。好评	不错！无硅油。送货速度也快...生姜油性的。……	很薄	太差了，电池不好，手感不好，魅族一生黑。
晚上下单，上午到，物流给力。平板不错，给老妈要微信看新闻够用。	这本书是我迄今为止在当当买过的最有用的一本书。原以为永远也学不会的钩针居然通过这本书让我对钩东西产生了浓厚的兴趣，我已经按照书的图样给彤宝钩了五个玩具了，有小熊、小猫、小木马、小绵羊和小猪。并且通过学到的针法参照网上查到的图样给彤宝钩了一双小鞋，简直太有成就感了，先赞一个！不过书上也有小小的错误，但是不妨碍编织。这本书真是起到了受人以渔的作用啊！	买回来家人说是假的，我也不知道是真是假，心情好差	品相很一般，有坏的，还总降价，还不给价保
很溜，用了一个月，感觉华为的东西都是国内外杠杠的	京东自营，又快又好!现在已经不在水果店买水果啦，想吃什么直接上京东!	将全部硬盘都分给了系统盘，拿回来还要重新分区安装遍系统，烦！	牛仔裤我买了那么多第一次买到前门钮扣被剪开的，明显是人家退回来的，可见商家的信誉，无语
双11买的，优惠不多。还没安装，先囤着，不知道到时候安装是否售后能叫到？先好评。	速度挺快 帮朋友买的	房间太小了，性价比不高，没有停车场有贴条的危险，房间不隔音	三个火龙果竟然有两个是发霉的，当时也没想着拍照留证，想想也窝火，发货前不检查吗？
我是看了电视剧觉得还不错，所以又买了书看，感觉书还是更好一些。毕竟有些心理描写不是电视剧能比拟的。可能这本书的主人公和我的年龄差不多，所以在其中有时感觉和生活太贴近了，所以和主人公的情绪一起不停的起起落落。对于我们这个讲求独立的新的一代人的婚姻来讲，比父辈们面临了更多的选择和困扰。主人公的经历对我们现实中的小夫妻来说也是一个启示，希望从中能找出自己相似的缺点和不足。	性价比不错的机器，就是接口还是老的。送的手机壳不太好，磁力感应很麻烦，放后面也会锁屏，真想剪了	安装花了240元感觉很无语。	脑残客服 发票不知道弄哪里去了？ 在那只会发一句话：已经开好了哦， sb 一个 还在那卖萌， 烂货，东西也不好，大家都不要买，退货！
衣服不错，质量很好，面料舒服，颜色漂亮，大小合适，值得推荐，老板服务热情。	沙宣，专业洗头发的，一家人都在用，一下半年都够了	物流很快，不愧是京东自营的商品，没有想像中的大。还可以吧，很新鲜，	预售活动原价九九九，参加预售活动定金九十九抵二百九十九，没法用券，半天时间就改价柒九九能用优惠券，既然定金不退，再见京东，最后一次购物。很不满意。一星不想给
晚上自助不喜欢，夜宵满记，回酒店还有小同事帮带的有益c，虽然我抵制蒙牛，不过真心高兴～ 你到家没？	不知道什么情况，头皮真的好痒的	用了不到一个月充电插口坏了	一样的价钱，货到付款你就能发京东，在线支付你给我发韵达，京东能送，韵达就要自提，在线支付是对你们的信任，你们却这样对待顾客，还说什么不去拿就退货处理，呵呵，卖家有脾气，下单需谨慎
外观、性能都不错，价格也比较合适，这次的发货速度很快，赞一个，呵呵	现在什么都在京东买 吃的喝的用的 送货快 态度好 很给力	苹果个头不大，味道可以。价格便宜。	容易粘指纹，偏重了点，屏幕换12寸会更舒适，键盘左半部分有点不实，按下去会下凹。
拿回来裤子试穿了一下，是我想想要的那种棉质的裤子并且很有弹力，颜色什么的都很正。个人很喜欢，如果有想买牛仔裤的朋友可以过来看一看	"酒店位置很方便,离开封第一楼和夜市非常近,酒店早餐10元自助很实惠,服务也不错但房间很大设施却有些旧，尤其卫生间狭小。"	衣服很垃圾，物流特别慢，建议大家不要买	我已经买了多次，最初还可以，但一次比一次差！刚收到的货一箱两层，上面一层是好的下面一层基本都是烂的。商家太黑心！！以后再也不买这家的了！
正在使用中，用着还不错	还行，就是屏幕内屏有个小小的灰尘，还是坏点也不知道，用着还是不错的	这个机器待机时间超短~~也就可以用10个小时`可以接几个电话~~你说这个是电话吗~	**京东卖我翻新机
上午上班不忙的时候下单的，晚上到住处收到苹果，开箱子洗干净吃了一个。苹果很脆，也很甜，很好吃！包装也很用心，没有磕碰坏了的。所以，我决定给个好评！	第一次在京东买水果，不错，开始还怕它会在运输中被撞坏或者有烂果，收到后快递员告知如果有问题的水果要及时联系客服，这个服务态度很好，点赞，苹果还没吃，希望会好吃，至于重量，由于没有称去称，就算了，好吃才是硬道理	买机器送的移动硬盘2.5寸250G的，没开封，想卖出，感兴趣短息联系，北京13901019711	21日入住，外观还不错。进入房间，发现网口不通，换房。换的房间床头开关是没用的；卫生间龙头冷热水开关方向反的；夜灯正对床，一开刺眼；房间连行李架都没有；最无法忍受的是半夜被严重的油漆味呛醒，无奈凌晨3点出逃换酒店。退房时刷卡系统又不灵了，信用卡预授权取消不了，至今我还冻结了1200元的额度。大堂副理签字免了我们住宿费，坦言新业主刚接手10几天，还在整改装修中。这样的饭店协程不该推荐，至少近期应该明示。
物流很快，拿到货看了后很满意	里面的装修太旧了，洗手间和浴室觉得不太干净，我住的房间所有的水龙头都不太好使，晚上的电话多，服务也比较一般	这次的苹果是普通的红富士苹果，不是天水的苹果。第5次购买，前几次质量都很好，这次以**乱真，且大部分的过都有小的碰伤。	用了一个月各种死机各种卡。生气。
刚从冷库出来，拿到手还是冰凉的。苹果又甜又脆，水分也多。	内容还行，但是书的味道有些熏人，孩子怎么看	标配竟然没有光盘和数据线！	既不是618，又不是双十一，自营产品到货要三天？是否快递业务已经外包？不再是纯粹的京东快递了？
宝贝收到了，质量挺好的！价格也适宜，真是物美价廉，店家的服务态度好，裤子也是很潮的哟，喜欢的快下手哦！	裤子收到了，大小很合身，裤子的料子摸着也不错，很喜欢，以后买衣服还来咱店里买，五星好评，棒棒哒	这裤子无敌了。穿的我舒服的不要不要的。下次继续过来买。	"没有想象的好看~太多文字的卖弄,内容不实在~"
快递员真是不错，但是苹果真是太小了，真是市场上绝对不会超过两块钱	前台有个胖胖眼镜男很搞，无事生非，和网站订房有矛盾就搞旅客，无聊至极	我下订单时显示送皮套。结果没有?	说送的东西都是骗人的，客服解释说送完了，大家谨慎购买，信誉度不好，质量等用一段时间再说，希望别买到假货
衣服质量不错 面料好 颜色正 穿上很舒服	商品质量还可以，服务态度很好	货物满意，物流配送很差，我还是自己去取货的，到门店不见一个人，东西随放在门口，无人看管	差评！！！！说买两套有送吹风机！毛都没看见，建议客服跟机器人一样！我知道618生意好客服都忙，但是最基本的货物不齐的原因都来跟我扯！懒得再联系！差评！钻石会员第一次体验到京东这么优质的服务！
亮点，手指所指位置亮场和周围不一致！	"质量差,一年坏四次,现已无法使用."	酒店设备陈旧，服务态度极差，卫生条件一般，噪音太大，不隔音，空调声音太大，房间插座不方便，性价比很低。不想过多评论，预计很快倒闭。	不评价，大家看吧。昨天买的手机，开机拍照摄像就这种情况，我要换货京东客服让我找厂家检测，不是瞎子都能看出手机有问题，现在看来，京东所谓七天无条件退货全是扯淡。下面那张正常图片是别的手机拍的。其余两张都是华为X2拍的。
华为这个机子可以打电话 装了卡是为了上网用的其实还是很方便	"住了3天的五号楼,感觉相当不错.无论客房还是餐饮部的员工都能给客人以真诚微笑的服务.酒店附近交通方便,离市中心和各景区都不远.下次还会来住."	不论是产家还是快递的问题，衣服收到的超级不爽。?	说好的送货上门，结果送到镇上就不送了，既然做不到就不要承诺，很失望
宝贝收到就用了，效果不错，很满意，用完还会再来的，物流超快，上午下单下午就到了，给店家点个赞	还没用过沙宣这个牌子的产品。很实惠的套装，够家里用上一段时间了给的赠品也不少。	先看的＜相亲以后＞，以为是风格很一致的作品，没想到气质上还是有很大的不同，估计因为都是女性视角的小说，才把它们归到一个系列．相亲我非常喜欢，因为故事更加有趣，语言更幽默，里面展示的状态更令我好奇和向往．而＜大爱晚成＞有一种大家闺秀的感觉，很矜持，很凝重，很高雅．但两部小说共同的特点都是故事的可读性很好，让人能够轻松的阅读．	"我住过南京所有的五星酒店,选来选去还是这家(曾经的香格里拉).无论是硬件设施还是服务,都很无可挑剔...如果说缺点,就是房价很贵了,呵呵,但愿携程能谈下更优惠的房价啊."
"1，电池不够强大,续航差点 2，内存少了点, 3，无线网络的开关不好.  4，某个键盘松动 5，offcie软件是试用版"	东西不错！但是没有按照我选定的日期配送，提前了一天给我配送！！完全打乱了我的时间安排，为了照顾京东配送员的“时效”京东考核要求，特意提前赶回家收货！！！请问京东是打算为难自己的配送人员呢？？还是为难京东客户呢？！那个仓库出货的人不看配送时间要求的吗？！	1、原来说系统是配DOS，收到的却是正版Vista 2、原来说硬盘是250G，收到的是320G	质量真心的差，我都不知道 那些好评都哪来的。
要找到一本好书不容易，特别是在这个商业化无孔不入的社会。本书文笔流畅，娓娓而谈，对了解晚清社会、历史有很大帮助。对待历史和历史人物，特别是对于清的历史和人物，我们似乎陷入了“腐败无能”“闭关自守”，”奴才”“走狗”这样偏执、狭隘的死胡同，此书可以让我们更理性地对待历史。建议：配合着“中国历代政治得失”“二十世纪的教训”这两本书来看	刚收到，试穿，质量挺好，大小也合适	感觉真的和以前用过的 不一样， 太稀了，香味也有点怪异， 还好不是吃的。 总之 洗发水这种东西下次还是不网购了。 三秒钟 就可以 流的 到处都是！！！！	用到现在3个月，屏幕出现重影，以后不相信京东，什么店铺啊！ 差 差 。。。。给1个星为了给这个品论才能发表
这个价位买个背心实在不值啊，刚买回来一洗水里全是面料上的下来的小黑毛点。洗个6，7次都没用。	跟之前买的完全不一样，电池跟像素根本没法比，难道自营的也出现了假货？用了几天也出了一些问题，触屏没有反应！唉，买都买了亏也吃了 ，还比外面的贵，又不是正的。	忒袖珍了！买京东这么多货第一次发照片评论！总之很失望。图中大个果子是在超市买的，*这12个小?总计4近...	差评，第一次网上买水果，苹果小一点也就算了，用标签挡住苹果的坏点好过分。而且苹果里面完全被虫子蛀了；差评！！！！再也不来这一家买
帮助客户预订的，酒店的地理位置和设施都很好，购得上四星标准！	本次入住提供的房间较为满意，服务耐心，特别是饭菜比较可口，牛排是比较专业水准的，有圣诞气氛，不错。	不得不评价（当地政府接待酒店，真是官宦意识浓厚）：1、关于早餐：此次为08年1月28号入住，2月1日离开，自1月30日早上吃过早餐后一个小时就开始拉肚子，并且还伴有呕吐（根据医生说明是食物中毒了），上午还没怎么太在意，吃了一些自己随身带的药品，没有效果，倒是拉肚子的情况越来越严重，当天晚上根本没有睡觉，并且躺在床上全身发冷；第二实在不行了找了医生开药吃过后于2月1日终于好一些了；1>针对这个情况和酒店联系能不能帮忙买药品，酒店居然让我自己想办法（后来联系前台大副多次沟通了这个情况才勉强答应帮忙出去看看我说的药品‘黄莲素片’但居然给我的答复是外面药店没有这种药；其实对他这个回答我很吃惊，因为这种药可以说每个大大小小的药店都有，所以我可以判断他没有出去问——这样的酒店算什么？？？）；2>以前住这里也出现过这种情况，但没这次严重，也不确定所以没在意；3>根据以前多次住店的情况，结合这次我可以肯定这是酒店的食品卫生有问题，对于一个四星级的酒店我认为没有任何可以解释的理由和借口，希望引起重视；补充：希望在建的5星级能够早日开张迎宾，期待中……	这个酒店真是一般
其实，女人啊，到底为什么而嫁？爱情？金钱？结婚？为爱情，这个理由连我自己也说服不了自己，年纪越大，越不相信。为金钱，哪有那么多有钱人啊，再说了，别人不一定瞧得上你。为结婚，周围的人都结婚了，就剩自己一个人了，必然得结婚了，这就是社会性。我觉得那个女主角真的很勇敢。因为她遇见了陈明然，而不是安嘉和。	"位置稍偏,好在曲阜本来地方就不大.房间设施一般,较陈旧."	没想象的好，玩游戏的时候老自己关闭，超不爽，	安装我自己花了500多，美的够黑心的，真的是烦心，安装的售后叼的要死！差评！！！！！
帮同事买的，速度很快，量也很足，价格也比超市便宜，很划算。	这本书和《 好孩子的成功来自妈妈1%的改变》我都买了，非常赞同作者的一些观点，其中感触较深的是：1.对于孩子来说学习成绩并不是最重要的，关键是基本能力的培养，这一点家长一定要有远见。2.教育孩子最好的方法是在生活中学习。3.关于孩子的独立性的培养，其中一些小例子很值得家长借鉴。4.对于孩子既要有充分的自由，也要一些必要的规定，而且一旦制定规矩，就一定不要破例，这点我深有感触。	好多磕碰，京东的水果真的很一般很一般。	位置偏，周围黑漆漆的。本地人开车都找了好久才找到。房间装修很是一般，可以说是有点差，就10几年的老装修。还是住潭江半岛酒店吧，虽然潭江半岛酒店也不是很让我满意。但是为了出行安全考虑，建议各位还是不要去住该假日酒店。此假日酒店和鼎鼎有名的假日酒店真是非洲和欧洲的区别啊。
非常好，一直喜欢京东，信赖京东	笔记本还是不错的，要是我自己用，linux也凑合了，无奈是给家里人买的，只能改XP	为什么买了两瓶，有一瓶打开过？所以我没办法好评	苹果不行、个头小、还有烂的，不会再买
好好好，白色的穿着很舒服，很好看。	我们预定了四个房间，下午2点十分后入住，但被告知，只有两间房，还有两件要等待。当即，我们便提出异议。当我们表示要投诉后，给出四间房。酒店门口的停车位起先有两次不让我们停车，说是有预定，保安还脱帽，解领带要和我们打架，至此，酒店方面没有一个负责人出面。直至我们向酒店提出投诉，才有人向我们表示歉意。免费的早餐其实真不值所说的要58元一位。缺少食物并不能及时添加。，服务员的服务很初级。早餐听内地服务员不少，但领位，桌面清洁很迟缓，几乎感受不到四星酒店服务。电梯应叫管理几乎没有，真不明白这家酒店是怎么评上四个星的。	蒙牛甚于切糕唯利是图做烂产品毒害人的烂公司自然不可能懂得公共关系的真谛是以公众利益为依归 脑袋被驴踢了，才能想到这个~！ 蒙牛真是我见过的拥有最烂公关团队的公司。 这是指危害程度吗？	去tm的黑心商家穿一次就烂了，草！！！！
东西不错值得大家购买质量很好 很喜欢这条裤子	我很喜欢这本书的封面设计，看上去就有一种西藏文化的神秘感与沧桑感。内容看上去有些晦涩，全书都有关于性爱的描写，不同的人、不同的时间、不同的地点都有，啥子事从这种经历开始聪明的转变，看一遍可能无法理解作者究竟要说些什么，我还是对一些内容不是很了解，可能与对西藏文化的不了解有关系。书中还间接的有些西藏与中原关系的历史，也许就是这种历史关系，才导致今天达赖与政府关系的对立把！总之复杂！	穿几天就烂了	先不说产品怎么样，就说送的这把梳子吧！要么就别送要送就送把新的。结果送了一把梳子上面全部都是灰，明显是人用过的，而且是用了很长时间的一把梳子，超级恶心。看图片吧！
非常好的裤子，那么便宜能买到这样质量的裤子，真是赚到了，物流也很快。????值得推荐。	我喜欢在京东上买东西，尤其是京东的自营店，今天下单，明天就能收到货，不用焦急的等待发货，不用时不时的就查看物流信息，京东的送货员更加要给他们点赞，服务很OK，东西都是要送到本人手上的，很让人放心！相信京东的东西都是正品，会一如既往的来光顾的！	满意满意，真心满意，京东一定要保持服务和质量，永远支持呢……	"10月2号入住12楼大床房,房间太小,隔音差,3号换11楼双人间,淋浴间下水管堵塞,水漫金山啊. 工程人员半夜来处理(辛苦了!). 另早餐餐桌布菜渍很多. 还好床上用品够干净, 否则我很怀疑这是四星级酒店"
很不错的平板手机，屏幕够大，上网看电影都很流畅，我对这款机子很满意，要是运行内存达到4G，机子内存32G，那就更爽歪歪了！！！	洗发水不错，是正品的清扬，用完了下次买个套装组合的。	"价格便宜!体积小!重量轻!质量一般,不过一分钱一分货嘛!配置还成！"	优点：位置是挺好的，离火车站很近，离中央大街、兆麟公园都很近，我们去的时候都徒步来去了这些地方；服务还可以；前台应变能力不错；劣势：普通间的水太小太小了，水温还不好控制，淋浴房也太小了；名气不是太大，几个出租车司机都还是由我们自己给他们指的路。
一直再用潘婷，洗发护发都挺好的，这次正好买个套装，真的挺划算的，期待下次活动更精彩	支持国产，期望并不是很高，但是连照相都无法实现，反应迟钝，真的无语，只能退货	"看了大家的评论及平均分才订的这家酒店,尽管此时间段相同的价格都可以订四星的酒店了.1 7号楼环境非常差,离前台距离远,拖着沉重的行李,无服务员帮忙,路过肮胀的锅炉房,爬上了没有电梯的房间;2 7号楼窗外的风景是锅炉房;3 7号楼房子里有霉味;4 7号楼浴室非常简陋,跟花几十块钱的招待所的浴室一样;5 早餐无论多大的孩子都要求交费；6 7号楼房子及家具非常陈旧。地板上翘，壁纸损坏有霉点。补充点评 2008年8月5日 ： 幸好只住了一天就去华客，感觉好象从地狱到了天堂。"	用了段时间了，我不喜欢评论的。可是不能不抱怨一下，这绝对不是正品，用了段时间头皮多的不得了。越来越多，又痒，以前的清扬都不会，
个人感觉散热不是很好，摸起来有的温手，没我的华硕A8的散热好，另外键盘有点硬，间距有点下，打字还有点不习惯。电源管理之类的附加软件不多。	才买两天调价到899了老子郁闷	京东自营的送货就是快！第一次买这个牌子的苹果。个子小的不说。最重要的是不新鲜！不新鲜！	"以为曾经是排行榜第一的书一定不错,结果,拿到书后,非常失望,印刷一般,纸张也一般,内容......提起内容,只能是消遣一下的书,有些理论是十分错误的.这本书迎合了大众的心里.但是,作者这种不负责任的态度,让人太失望了!不建议大家买这本书!!非常失望!白花20来块钱!"
衣服面料很舒服，柔软，大小合适	"可能是以上海地区而言不算贵吧,但是一切都乏善可陈,就是说不出甚么特别不好的,但是也说不出一点好的,反正如果住这种酒店,不如委屈点住廉价连锁酒店还可以省钱早餐没啥东西吃,又是一个扣分项目,前台和服务员动作很慢,还好离机场近,不然不早退房会赶不上飞机"	听很多朋友说起这本书，自己也被书的名字吸引。买回来看看也不过如此，很多观点是与自己相悖的。可能是国情不同，不能完全照搬。总之比想象差很多，有点失望。	服务态度不行，店家和快递没沟通，先不说寄货慢，说好的改地址，结果收货一天才给我电话说改，一天我自己都快递出去了，再跟我说工作失误，和店服沟通也没人理，实在是评价至少一星，不然连星也不给评
樱花香味，香香的，618搞活动买的很划算。一次就买了好多，还送了电吹风。赞赞赞赞赞赞赞赞赞赞赞赞赞赞赞赞赞赞赞赞赞赞赞赞赞赞赞赞赞赞赞赞赞赞赞赞赞赞赞赞赞赞赞赞赞赞赞赞赞	感觉和自己买的时候看到的不一样，而且号还有点偏大	那么脏？？？二手？？？？	个头特别小，而且都快烂了，什么破玩意啊！！！
环境：酒店环境尚可，周边环境一般，要到大宁国际那边才有不错的商店和饭店。和携程上说的一样，部分楼层在装修，所以下午5点前可能无法休息，好在我白天都不在，受到的影响不大。服务：服务一般，没有四星的水准。在前台都是我提问，也没有获得应有的招呼，进酒店的时候服务生也没有帮忙开门以及拉一下行李。房间：预订的是大床房，但是床只是普通的5尺床，不过好在也够了。房间布局很雅致，热水、空调，房间隔音都很好。这也是我满意的地方。其他：早餐还可以，二楼有个泰国鱼翅馆，看看价格还比较公道，不过没有吃。房间里有宽带，但是路由器上没有电源。也就没有问前台要了。总之，比较中规中矩。周围也没有更好的酒店了(大宁国际的福朋除外)。500-/日，还是可以接受的	机子用起来有些卡，感觉与描述不符，续航能力有些差，反应有时候有延迟	洗发水都是假的，这个还敢用吗请问	严重投诉服务太差，购买码数偏大申请换货，还不与办理，还品牌店，垃圾
好评，毕竟是个大品牌。价格比实体店优惠很多，是正品。值得购买。	质量不错，很满意，样式也很好。	给侄儿买来耍游戏的，很强大很好	为什么申通快递要另外收费。
赠原装包＋送散热器+瑞星杀毒软件；预装的linux系统直接del了，然后重新写mbr，安装xp系统一切瞬间搞定，哈哈 现在烤鸡中！	刚收到，开始使用，下栽文件成功，速度好快，好棒。	质量好 尺寸也刚好 穿在身上很舒服	颜色差太多 退货麻烦将就着上班穿吧
很满意，比实体店便宜多了，只是小瓶比想象中小了点	冷冰冰的文字后面是一颗寂寞的心。安妮宝贝笔下的主人公大都有着放荡不羁的叛逆，同社会格格不入的孤僻，却恃才傲物不为社会淘汰。清醒记：文字深刻，读着这样的文字，你会觉得有一根针慢慢的刺入你的皮肤，直达你的心脏。痛并清醒着。某些文字，粗读只觉不知所云；细读方能产生共鸣。只是，阴暗的文字容易使人沦陷。不知不觉的便沉沦在安妮宝贝为我们制造的那个阴冷苍凉的世界。教人封锁内心，变得沉默。	质量还行，价格便宜，送货还是比较快	差评，二手D
裤子收到了，颜色也正，版型也好，是帮别人买的，我觉得挺好	送货速度挺快，东西也不错的	包装没有保护好 流出来好多 也是醉了	很差，很差，绝对不能住第二次的店，
一直用清扬，主要是这个去油去屑效果挺好，而且不刺激，洗完清清爽爽的，很不错	"质量非常好，与卖家描述的完全一致，非常满意,真的很喜欢，完全超出期望值，发货速度非常快，包装非常仔细、严实，物流公司服务态度很好，运送速度很快，很满意的一次购物"	比想象中的轻，，，就华硕变压器一贯来说。。。 驱动似乎没有想象中的难装。。。 总体感觉还好。。。	一般，就是买小了，留言60升，结果发来是40升的，售后看到留言是60升的，应打个电话问下吧，海，售后没用心，本想退的，凑合着用吧，
苹果第二次买了，相当好吃，水分足，也很甜。京东送货也是神速，非常便利，比水果店划算多了	做工没的说，没有卡顿的现象，正在使用，期待电池耐用些。	买了几次了刚开始买的味道蛮甜的，现在买的果子又小又不好吃，难以下咽，再也不会在京东买水果了	垃圾中的垃圾，被骗了，和图片上的天壤之别，地摊货
速度还可以 这个价位可以了 玩LOL应该没问题	套装是2瓶洗发水与一瓶护发素，收到的护发素变成润发乳了，而且送的梳子也没有	这次非常失望，个头小，不新鲜，还有些坏的，比实体超市的差多了。    以前省外寄过来的挺好吃的，这个不一样，以后不买京东自己仓库屯的水果了。	"非常糟糕的服务态度, 隔音非常差 即使是在高层 夜晚有火车声 第二天搬到远洲国际"
码数标准，可惜自已下错单了，买成加绒的了。	手机电不顶用，刚买了玩一会就有点发热，不支持买着个手机，换一个吧	"竟然取消了洗衣服务, 非常不方便, 还打算车展期间住一段长时间, 现在必须重新考虑"	屏幕有裂纹，客服说签收了不理。
质量不错，穿上很舒服，料子很好，大小合适，老公很喜欢	很高，价格非常实惠。随便找几个图来拿京豆	洗发水不好 总感觉用的比以前的差	样式陈旧，较重，键盘手感一般，屏幕色彩发白，散热是个问题。
很帅很帅，穿上很舒服，老公特别喜欢，带着它美美的旅游去喽	相信京东的品质 物美价廉 送货很及时	牛仔蓝颜色好蓝啊，太亮了，掉色应该是正常的吧！	不好吃，质量不好..............
好用，一直在用，比超市便宜。	房间满干净的，入住时态度也不错，但是有一件事的却改变了我对此酒店的印象，因为退房后充电器落在房间，提前也给前台打过电话让他们去下来放在前台我来取，谁知到了以后他们一直让我等，我等了又十分钟左右，他们又说让我上去自己取，住在8楼，楼上打扫房间的阿姨帮我取了，结果那天就因为这事差点没赶上飞机，难道说退房后的服务变得如此的	说了送的东西都没送，京东推华为，华为推京东	苹果质量太差，大小不一，个头太小，都快烂了，严重玷污京东直采名声。
很便宜，分量多，很好用，满意！	店家很耐心，服务周到满意，就是安装工换了个墙上插座收50，把j旧的热水器拆下来，收了30，换了2跟管子收了40，120就这样没了	遇到外面道路施工，半夜很吵，与酒店联系，无果。第二天换地儿！	用了这么久才来评价，是因为与商场购买的效果不一样，网上买的用了两天不到就油了，并且还有头屑
去的之前只打了一个晚上的酒店，后来由于种种原因就决定再住一晚。随之在携程上找了米兰，到了酒店之后，感觉很温馨。装修也很人性化，房间虽小，但格调很喜欢，唯一的不好就是太靠马路，晚上有点吵。但离西湖很近，我们是走过去的，因为是闹市所以不觉得远。总之很喜欢，下次还会来住的……	因为看销售量很好然后就给我侄女买了也不知道是我智商的问题反正外国的小说我怎么地都没看明白何况我侄女的了……	怎么跟屈臣氏实体店买的不一样难道是假的？一点也不顺滑	酒店确实是旧了，房间家具有些都不能用了，连床头灯都坏了，毛巾也感觉脏脏的，房间的隔音效果也特别差，隔壁房间的说话声听得清清楚楚。服务一般，态度不是很好，早餐品种少得可怜。要不是因为离机场非常近，实在是没有优点啊。
第三次帮朋友买了，很好用。快递给力。赞一个?	这tm也能打包送出去，良心有木有。	比手掌小，而且又皱又干？所以买的是风干火龙果？！	1、3个USB接口都在左侧非常不方便。 2、系统驱动不好装 。 3、电池持续时间较短。
父母不是家长，而应该做孩子的朋友，用心去感受孩子的感受，平等去爱和尊重孩子。这是我看了这本书后的最大的感慨，身边太多人，包括我自己，会自觉不自觉地以家长自居，训导孩子好像是中国人的传统，一副高高在上的样子，让孩子不愿意和我们倾诉什么，看过这本书之后，我开始反省。又买了一本送姐姐，如果她家能够因此改善沟通方式，她家的宝贝儿子一定会有个更加幸福快乐的童年。	感觉不错，不太懂，给小孩买的。	苹果个头不大，但是味道还不错，脆脆的，也不酸，价格没有什么优势，和超市的差不多。	1，前天拍下是*，今天变成了*。2，没有70毫升发膜，多了一瓶80毫升的洗发露。有变化也没告知。
刚买就降价100，郁闷啊，价格保护不起作用。。。做工嘛还行 ati4330是64bit要是128的就更好啦	便宜没好货，味道太难吃了，大家买水果还是不要贪便宜	差评差评比实体店还贵，没有下次了。	1888买的，转天有降价也不给保价，说是限购的不算，第一次差评！
日期近，味道还是能接受，比较香，好用，洗发后发质较酥散 但无流香作用。	洗出来头发打柳是为什么？没有姜的味道。怎么回事儿？	很后悔购买，非常不好	"真的不怎么样的酒店,房间十分狭小,一股异味,卫生间简陋,虽然对于这样规格酒店不能要求太高.但是同样等级同样价格的速8就做的比这好多了,真后悔选择不一样的酒店作尝试."
好用，感谢京东，这是一次很愉快的购物。	位置不错，购物方便，但是房间太小，同等价位在东莞这个地方没有竞争力，服务一般，前台都不懂得英文，酒店也不够大气。	离地铁口徒步5分钟，交通方便。但是我订的是高级客房691元/天，没有窗户，进房间后一股潮湿霉味，无法入住，加了230元，住进高级套房，结果还是出乎意外。 套房的厕所和寝室，只有窗帘隔开没有门，厕所的味道直冲寝室。房型的设计不合理，厕所和洗浴间紧靠窗户，寝室在中间，客厅靠门。也就是说寝室和客厅都没有窗户。 结论是以后到深圳再也不住这家酒店，在深圳订房时一定要注明要有窗口的房。	买了很久才评论，什么都不想说，和在超市买的就是不一样，一棵星是给派送员的！
速度不错，屏幕也不错，很小很轻便，声音也小，电池时间长，待发掘	很实惠，就是不灵活安排。希望能更加进步，下次去还到这里。	因为在机场里面，餐食很难吃，房间至多是以前快捷酒店改的	服务非常差
第一次在京东网上买沙宣的洗头水，不知道效果怎么样，期待效果好	不怎么样 送来第一天就有点卡 而且分辨率 不好	小倒不说了，吃起来还很涩，这品相市面上撑死*一斤或者是超市特价处理的货色，就这也能吃？包装倒是不错	不满意，裤子破了
物流超快。上午买的，下午就到了。优惠套装很实惠。	到手使用了几天，感觉还可以，但是谁能告诉我这手机是原装的还是翻新的，无意中把光线调暗了，看到手机屏幕上有三块斑点。这是原装手机屏幕上应该有的东西？？？	看起来不像是真货，因为瓶子的标签都是歪的。	褪色严重，只想说价格欺骗…………
虽然周围环境差了一些，但是酒店大堂气派，房间宽敞，设备新，服务到位，总体来说在酒店内确实是五星的标准，考虑到周边环境，携程应当在费用上再争取一下。补充点评 2006年8月7日 ： 由于是通过携程定的房间，所以宽带免费，但是没人提醒，所以用手机上网卡磨了半天，这一点比较郁闷。	地点非常好，离后海的酒吧街很近，晚上去泡吧非常方便。但是酒店设施比较陈旧，房间的卫生间里的吹风机居然是坏的。我住的商务电脑间，所谓的商务电脑间就是有个显示器和一个键盘，如果你要是想上网，还是需要自己带电脑，连接上去……这个我有点不明白……难道有人会只带个电脑的主机出门？不过考虑到性价比，还算可以吧。我主要是喜欢这个位置。	苹果太小了，不符合图片。 还有口感一般！	太难看了款式，。。。。
618就是划算，买了两瓶，还有一瓶大的海飞丝，平均一瓶65，光滋源这一瓶就挺值	指纹机。价格略高。散热有待加强。播放720P高清电影还是有点卡。略重。	怎么一样的东西你卖的这么贵？还有我要吐槽一下快递，顺丰啥时候变得这么慢了～	长发，洗了两次，洗的时候泡沫很少，洗完头发还是油的，本来还很期待，现在很无奈，只能给一颗星了～
质量没问题，正品，价格一般！	爸爸妈妈这是要把我当奶牛养的吗？收到给我送的东西，吓了一跳:蒙牛、伊利、光明、君乐宝、巨尔、生生。酸奶、纯奶、老酸奶，就差给我运头奶牛过来了。我不补个儿，补脑。	LCD屏颜色发白，而且在点亮和全黑转换过程中，会出现大片横向的线，不知道是否质量问题？还是这款机器就这样？	太差了，一是脱线，二是沾灰，根本没法穿了
物品很完整，物流配送速度超级快，一直信赖京东商城网购，好评！！！！！	吃了一个，不是很脆、包装物流快递都不错	感觉并不像介绍的那样，令人失望。	全扔了，不知道是放了好久的，不敢吃，一点都不新鲜。
做工也精细，颜色不错，很正，大小合适	价格合适，使用效果也挺好，干爽舒服。下次继续这个牌子。	零碎的时间也可以成就大事，工作无贵贱之分，做客户就向谈恋爱一样，不但要广结善缘而且还要做好细节，细节决定成败，人脉聚集人气，和气生财，医药代表要做好医药工作，一靠“礼”，二靠“磨”在把善缘和细节融进去，必定能为自己找到一个突破口。	蒙牛有质量问题
宝蓝色的外壳，很漂亮，像索尼一样的键盘，较高档，配置还不错，性价比较高。	第一次在京东买裤子，物流快，价格实惠，店家服务很好！以后就在这家店了！！！！！	撒出来的都够洗一次头了，狗屁包装	京东快递真是素质低下，居然想利用订单拆分不给我快递！！！我的一个快递因为缺货所以两个快递被拆分成了两个订单来发，我当时不知道，去拿东西的时候发现一个没有就问快递员(我的东西找人代收的)，他连订单号都没问，只问了什么东西就一口咬定说送了，让我找了半天，还以为被别人拿走了，结果回去看订单发现下的一个单分成了两个订单，有一个还在从供应商进货，我就又问快递员他还一口咬定说送了，我把订单号给他，他说查不到，最后才说快递太多可能就是没送，一直是我在联系他，如果不是我一直催问估计最后他自己把订单改成已收货就不给我了。唉，我的东西又值钱，京东快递也真是够了。单号都不问就说送了最后说太多记不住，早干嘛了！！！
裤子穿着很舒服，牛仔裤，样式也挺时尚。尺码也非常合适，宝贝真心不错哟！下次还来这个店哟	没有漏液~保质期都在2019年	感觉不划算，看起来觉得买啦很多东西，其实都很小，划不来	宽屏也太宽了，比SL300宽了10mm，但扁了15mm，两边的屏基本用不上。 USB口只有两个还在左侧，不只是少了，而且接鼠真的不方便。 键太大了，而且做工一般。我用起来一般。
才几天，物流挺速度的，很时尚，码子比较合适，试穿效果不错大小颜色都很合体很满意，没有色差，卖家服务态度很好给好评加5分!	是蒙牛还是光明？	洗完头很痒，不知道真的假的	本身没有头屑的我用完满头头皮屑，假货不多说。
这一次买的施华蔻感觉气味有点刺鼻，而且洗着有头皮屑（以前同款的洗着没有头屑），让我怀疑是不是假货	很一般，位置超烂，设施很旧，我2号住的，花了我500大洋，心疼ing	货到了一拆开感觉很不好先不说东西怎么样，就是瓶子包装全是灰。感觉是放了好久的货，赠品看着太差了。现在也不知道是不是京东自营的货了是不是正品。还有这个发膜看到瓶子磨得是新的吗？	客服服务态度差，拿到产品后，充电器插不进去，找客服，客服让我找京东客服，京东在线客服不理我，电话客服让我找售后，售后让我换货或退货，后来我自己买了个充电器，前天给我打电话说半小时给我回复至今没理我，我想说你们真牛  
在大连四星级酒店中能找到这么便宜价格的房间实在是不容易。刚开始还比较犹豫，260元的房间是什么样的？入住以后，感觉房间还是可以的，与正常的房间没什么差异。有窗户，能上网，一个人住还是很宽敞的，特别适合商务人士，性价比还是比较高的。酒店位置很不错，就在商业中心，购物，吃饭很方便，夜景很美，是个不错的酒店。	昨天下的单今天中午就到货了，物流很快，我一直都用这个牌子，买一得五超划算，而且比超市便宜多了。	买回来后同描述的不同，而且还有坏的，味道不新鲜，希望店家能够改进	共两个，一个是烂的，也醉了。包装完好，所以吃之前完全没发现。
裤子已经收到了，质量和以前一样，无论是手感还是穿上的效果都是特别棒，大爱这家宝贝，喜欢的不要再犹豫了，赶快下手吧！	还不错，穿着很舒服，衣服料子也还好，也很便宜	在京东上 买了那么多 东西 这次是 最差的	差评，其他的不大但是也还好，可是放两个这幺小的是什么意思
物流一如既往的及时和快捷，这个就不用多说了，价格有比较优惠，值得推荐，关键是凑单后更优惠。口感非常好，爽脆啊	"怎么说呢?勉强够五星吧,不过在小城市里,应该是不错的了.位置是好的,交通也好,景观也好.早餐一般般, 主要是入住率很低的样子,没什么人吃,自助餐东西放不多也不怪了.遇到的最大的问题 - 我们住了两间, 一间我带孩子,一间我父母,第一天在9楼,面江, 结果当晚4楼的歌舞厅吵得不得了,居然要闹到午夜2点,我父母吃了安眠药还不能入睡,半夜里要求换房. 换到16楼不面江,安静了.不过这么折腾一下,几乎一夜没睡.16楼是好一等的楼层,没有要求补差价,但这是酒店造成的原因,所以也没什么不应该."	个头太小，和水果店里2块一斤的差不多。	里面烂的还不少，买来就放冰箱里面，没敢让在外面，不如去水果摊买，可以自己挑选。1分给快递小哥！
没有多余的线头，这个是惊喜 合身，修身效果不错，上身以后感觉自己又帅了，哈哈哈哈哈 没发现明显色差 有一点点弹性，弯手臂不会紧绷 没有异味	购物较方便，上外滩也近，但房间太小。没有早餐不方便，较为嘈杂，装修较老	物品一般，物流太烂！	酒店比较旧，听说有十几年的历史，房间也比较小。一个所谓三星酒店连一次性的剃须刀都不提供，要另外花15块钱买。总体上还不如火车站周边的商务酒店。
好吃，京东物流很快很方便！    大哥每次都送到家门口，比去超市还方便呢，非常感谢！	两年以前在超市买过滋源生姜系列的，当时130元一瓶，买了一个洗发和一个护发的，给了60毫升的赠品，花了240，还打了折，跟现在比好贵呀，但是很好用，那会是备孕期，还总掉头发，所以选的无硅油的，这次618活动，又选的生姜系列，之前的茶耔的这好快用净了	1、手机通话效果还可以，如果用耳机接听的话，会有杂音，不如直接用手机接听，声音偏低，要开到最大声，或者开免提。2、写短信时，输入法蛮方便的，反应也不慢。3、内屏色彩我觉得还可以，毕竟用它只是通通话什么的；单色外屏，支持动画、钟表（样式很多种哦），我觉得挺好。4、来电警卫功能我很满意，我已经把一个我很讨厌的人的电话放进去了。5、手机本身自带60多首铃声，总有一首适合你吧，而且还可以下载铃声。	5月1日入住，其他地方没房间，定了锦地星座的特惠标准间，check in 的时候被告知升级到高级标准间，心里一阵暗喜，没想到经过一段乱糟糟的路（好像是厨房的外面）后，到了1号楼，进了房间更加失望，床小不说，还什么都没有，设施陈旧，马路上汽车的噪音更是让人难以忍受，洗个澡水流一地，哎，下次还不如去住个连锁商务酒店，同等的条件价钱最多只有2/3。
入住了海悦湾酒店，感觉很不错，我们住的是豪华蜜月房，房间布置的很温馨、浪漫，让我们很是开心和惊喜！房间很新很干净。这里的服务挺好的，有什么问题，服务人员都比较及时的赶来处理。早餐也挺丰富，还有13楼咖啡厅看海非常好！这里的吃住价格我感觉还比较合理，酒店这么贴心的服务让我们感觉到物有所值！	首先附赠软件（Office2007、McAfee）是在第一次启动时决定是否安装。不像很多品牌的笔记本，一上来一股脑儿给你装上。而且实际使用后发现它的很多自带的实用软件非常出色，非常人性化！回家仔细使用后发现键盘手感果然如大家所说非常出色。另外第一次使用小红点就爱上它了--感觉比触摸板好多了，难怪它会成为ThinkPad基因之一机器虽然有点重，但是感觉很扎实，比某些“娱乐本”扎实很多。	"地点在市中心，出行方便，服务态度好。住豪华标间，宽敞，重装修较新,卫生不错，免费的矿泉水和咖啡，配的文具包很方便，较人性化，我买了一个，呵呵！。早餐丰富，烫干丝味道佳，娱乐设施比较齐全，桑拿浴比较豪华，据说在仪征是最好的，价格也不贵。"	经典蒙牛，口味始终如一！不是不想说话，而是有很多话讲不出来，放在心里会安全点。
618买的！和洗衣液一起购买，满199减100，简直太划算啦！而且京东就是快！	特价买的，口感还可以，整体性价比比较高。	很不错，这次是帮我哥哥买的，邻居看到很喜欢，现在又要下单啦！	第二个坏的了 才吃了四个 还剩8个 不知道还有没有坏的
买的时候刚好赶上618活动，降价了。988买的，东西真心不错，好用！	这个大小感觉刚好，刚拿到的时候房卡进去没显示出来我以为有什么问题。然后我发现问题是我没有关机就把卡放进去了才没显示出来。客服也挺好的	这款苹果不错，就是价格高了一点	不是本人用，不过用的人没反馈不好，应该还可以吧。
这款手机外观很酷，是NEC公司专为中国市场所设计，性价比颇高。1.支持手写输入，识别率较高； 2.体积和重量控制的都很好； 3.超大屏幕，亮度高，色彩鲜艳； 4.铃声优美动听，支持下载； 5.电话本储存量大； 6.支持GPRS、JAVA、电子邮件功能； 7.拍摄效果不错，成像细腻逼真，支持有声短片拍摄； 8.闪光灯较亮，有电筒功能； 9.内置中英词典；	买了四种水果！打开第一个苹果就发现一个烂掉的！又拿了一个幸亏是好的！口感还可以甜的脆的！芒果我估计是买了假芒果或是没熟的芒果！硬硬的也没有什么芒果味！猕猴桃硬硬是要放几天的我能接受！火龙果也可以接受！虽然比较小！味道可以就行！	前台服务员表情太生硬，没有微笑服务	隔音太差，走廊有人说话就像在自己房间说话一样。房间门关闭不顺畅，要用力推。服务员爱理不理的，前台服务员连英语也不会说。卫生一般。
挺好的，脆甜，新鲜，虽然小点。还会买	面料不错 大小合适 穿上很舒服	用了将近四天的时间读完了大眼的这本书。感觉蛮多的。正如书前所写的本书确实挺逗人笑的，但也同时给了人许多值得思考的地方。在读的过程当中会觉得李可乐这个人其实有点像《鹿鼎记》当中的韦小宝，就是一个小混混，油嘴滑舌的，很会说。有时在他与书中其他人物贫嘴的时候就是在讲述着一段道理和讽刺，比如有一段康红对李可乐说的“骗人与被骗”的那一段等。大眼还不忘本行的借机讽刺了一下中国足球对地震的那段描述让我感触很大，我从小到大还从没亲身经历过地震。能从书中感觉的到当时汶川地震的那惊心动魄的场景。本书前面曾写道书中没有完全的好人也没有完全的坏人，但在没有读完最后一页的时候会觉得康红这个人物是一个不折不扣的好人。可就在读到最后那几句话的时候突然间有来了一个悬念就是康红的父亲以及他们的阴谋。书中也有不少的缺点，这本书就是好莱坞式结局的那种。如最后劫机等某些情节给人太假的感觉……总的来说还是不错的一本书	老是卡机严重，系统还不能保持运行稳定，希望华为公司立即重视努力提高稳定性更强，质量更首先。
之前买过好多箱了，这次又来买，皮装稍微没那么好看，希望好吃吧，也不是特别大。	房间很干净。餐厅饭菜一般般。可惜没有独立的沙滩，需要步行一段路才能到海边。补充点评 2007年12月13日 ： 价格比较实惠。	豪华阁的客房和普通客房差距较大，普通客房都显得比较陈旧，经常听说外国客人遇到房间免费升级，中国人倒是没有遇到过！	这个衣服质量太差，比地摊上*的还差，特别是松紧布的衣袖质量极差。
沙宣这个牌子，特别好用就买了。一直信赖京东	不错。快递很快，衣服还是这么好，又打折	酒店可能是新装修的，还算整洁。地处闹市区，交通比较方便，购物也比较方便。也是因为在市中心，所以晚上睡觉不免有噪音。服务人员态度是不错，但对客人询问的关于景点、线路等问题竟回答不上来，应该说业务知识不是很熟。总体还算不错。	感觉卫生还可以，交通方便，价格也便宜，就是房间没窗户.
京东买苹果还是不靠谱，太小太难吃了!!!不会再买。	垃圾啊，太菜了，裤脚一大一小	太差了，质量不好	烂的，京东就这么烂！在京东网购退货率超高！为什么就不能好好做？
感觉不错，物流很快，买回来就用，感觉洗后，头发很轻盈。整个人都觉得很清爽	很好用！洗了头发很柔顺！是我用过最适合我的一款！	1.信号太不好。（好在我有全球呼功能要不都不知道不好到什么程度）2.经常死机。3.配件维护很贵，宰死人，（哈尔滨恒运大厦的维修部一个电池卡扣30元）。4.打电话去总部，服务台接电话的不够热情，还不专业，解释不到位，还总是敷衍。	京东只能差评，京东只能差评，京东只能差评，京东只能差评。
裤子很好看，穿在身上既舒服又修身，物流速度很快，店家服务态度好，而且价格也不贵，很喜欢这家店的衣服，下次会再买的。	带原装包，原装鼠标，送1G三星金条DDR3内存，250G移动硬盘，6799元下手的。	个头不大，味道酸甜，还算过得去	差评，不给力
功能多，对一个初用手机的人来说确实不错，如果你会玩电脑，那就更好了啊	用着还可以就是内存不够，说好的16G呢？怎么只有4个G可以用啊！唉现在的商家能靠谱吗	毛病百出，蒙牛不乐观	不好用，屏不灵敏，信号垃圾，用起来不方便
京东的物流真的没的说，送货不到一天就来了，流程非常清晰，赶在无一之前使用了！白色本本真的很漂亮，质量超好的，价钱是我看到最低的，同事也很羡慕，我为京东好好做做宣传！	日常用真的很不错，比上网本强多了。速度挺快，噪声小，发热一般。体积家用还可以	宝贝挺喜欢，物流挺快，店家服务态度很好，以后还会再来	送货慢，收到货还没纽扣，自*块钱去补扣子
包装很好，果型不错，颜色漂亮．味道很好！	应急住下，条件比较差	这是我购买的第一个华为产品，以后再也不会购买华为的东西了。我买平板主要是为了看电子书，结果，看电子书的程序都带不动，无论什么程序，都是运行无响应。华为你就自己吹去好了。大家请记住，电子产品买的是硬件+软件，系统垃圾的连程序都用不成，就算1元卖给你想，能有什么用呢？能当菜板用？	太垃圾，机子有问题屏幕有缝隙，降价太快了，恶心，京东倒闭
很清晰，支持国产，非常满意	面料不错，摸起来很舒服。版型不错，不过我老公穿着有点长。先找裁缝剪了一块。	交通还酸方便。挺干净的。前台的服务态度也不错。	不喜欢这个系统的人怎么办呢？而且能在送一些小赠品就更平衡了：）
hp的这款机软件方面虽然有点欠缺，但是打了个电话给HP总部，立马将所需驱动发到了邮箱，装上之后发现这台机蛮好用的，其它方面都很好，外观也蛮时尚大气的，过几天再去加个内存，那就更完美了。嘿嘿。。	刚到就吃了一个，酸甜的，脆脆的，水分还挺大的	苹果味道可以，但是外观不行，不是脏但是给人感觉是脏，价格应该是四块一斤才合理，加上配送这个价钱可以接受	呵呵~通病，京东的东西~就是价钱浮动太频繁了~打算入手的建议多留意几天价钱再够~6月10日下单买的当时也是喊着口号618大促~单裸机（无增值保障）是以1888人民币下单买下的~收货后到现在~隔了几天了打算问一下增值保障发票问题~说是要7月份后1-2个月左右发~突然发现这款手机又降了100块成1788了~现在是6月17日~也许前几天就降价了吧~反正我是刚看见~增值业务2年只换不修也由166降成了159~啊啊~我的小心脏~穷B的我 表示心里不平衡啦！！！疼疼~被坑了的感觉
包装好，送货快，吃了两个比以前买的陕西甘肃的苹果好吃。	不错 面料舒适 价格便宜 赞	蒙牛在国航的路子很牛么。。。一直屹立不倒。。。	很好很好很好很好很好
地理位置不错，离天宁寺很近，就是门面小车库小，停车不方便，服务不错，房间干净，游泳池适合小孩，早餐也不错，作为四星性价比还是高的	"单人间的价格物超所值.早餐不错.服务也好,很人性化.呵呵,第一次碰到卫生间马桶里撒花瓣的宾馆.不过酒店的洗浴中心,美容美发都在装修中不能使用.预定时没有提到."	我真的很郁闷，手机我是10月七号拿到的，我一直装在铝合金保护框里面用的我10月25的时候把边框拆开看见手机已经变弯曲了，而且非常明显。于是我当天就分别联系了京东和华为的售后，得到的结果都是去售后保修店检测。我于10月26号去本市华为保修店，工作人员仅目测后得出结论“人为损坏，不在保修范围之内，要修可以屏幕700多，后壳300多”相信大家能体会我的感受，刚买个电话仅用10几天就要花1000多去维修，心中顿时万马奔腾啊！于是我就拨打了华为400的电话，但是我仔细把我遇到的问题反映给了工作人员，当时400的客服说这已经不在他的权限以内了，他会向上反映。下午华为更高一级的客服给我回电了结论是“人为损坏不在保修范围，假如今后手机有任何问题都不在保修范围了，因为外观变形”我反复强调我手机的保护壳未变形的情况下手机变弯，而且手机最脆弱的部分屏幕没有任何损坏，功能也正常。得到的答复是“因为外观变形，所以整机就不在保修范围之内了”。请问有谁能这么厉害，在手机功能完全正常的情况下把手机弄弯曲？难道是因为我在网络电商上买的手机就遇到此待遇？希望京东能调查和过问下此问题，还有打算买X2的用户三思。有回复了联系我*	垃圾平板，刚买来玩王者荣耀都卡得要 命
這是一個偉大的人，絕對可以用這個詞來形容他：葛瑞格.摩頓森我覺得他完全有資格得諾貝爾和平獎。平凡的他卻做著不平凡的事，且十年如一日的堅持，很難不被他的這種執著打動。他讓我們知道了人性的另一個閃光點！敬上第一杯茶，你是一個陌生人；再奉第二杯，你是我們的朋友；第三杯茶，你是我的家人，我將用生命來保護你。在這個另人感動的友情世界里，陣陣茶香撲面而來，清香襲人	"漂亮的,配制很不错的.一见倾心也不过如此的. 价位也可以接受的.到达很快就是快递公司不让人满意的."	多次多套购买此书，有一次购了一套此书，还要收邮费，我觉得很不合理。	说实话买了没有任何用～说真的 什么都是人的 花了*亏～不信可以自己买试试
真心的不错，快递很快。价格合理，东西也是正品。好喜欢这种香味，用了才评论的。	说老实话没有什么用处，说的比较笼统。	泵头都开了，洗发水也流出来了	买的商品跟路边摊的差不多
很好吃，又脆又甜，个头确实不大，但是比水果店的好吃	环境一般，住了之后让人感觉价格和服务不成比例！	第一次在京东上购水果，收到货与期待的还是有别，其中有三个特别小，然后有四个水果有些损伤，此次还是有些失望。	买了我都没穿，大家不买好嘛
我一直在找一套适合小孩的科普书籍，终于将目光锁定了这一套。书昨天拿到，儿子已迫不及待要看。我全部翻了一遍，总体来说内容和插图都不错，如果这套书能再增加艺术，比如书法、图画、音乐等内容，我想会更理想，也会更完整。另外感谢当当网的服务，书到得很快，而且网上的书大体比较全，希望当当越来越兴旺，能继续将优质的服务保持下去。	东西挺好的~~东西挺好的~~东西挺好的~~东西挺好的~~东西挺好的~~东西挺好的~~东西挺好的~~	不好，这种洗发水会出油	货不行，断线，还把裤袋里布车在皮带绊上，还要自己去修理
在618购买的此款产品，价格当然不错了。相信华为产品的质量是很好的，目前一直使用华为的产品。	不止一次买这家的衣服了，从裤子到毛衣，没有一次让我失望的，不管是物流还是质量都是棒棒的，男票穿上都特别有型特别帅气，真的是物有所值。在茫茫人海中能找到这样一家店真的很幸运，话就不多说了，以后有需要还来你家，值得强烈推荐(⊙o⊙)哦	不支持短信息的群发！无红外功能，以前总是用无红下载，缺了这个功能很不方便！内存小，对于拍照手机，照片可是要占许多空间的！音量调至最高会明显失真！动态摄像只有25秒一段，时间过短！手机内置的游戏可玩性不强！	不好用，太干了！！！！发梢干，头皮油！！！！！
小巧啊！做工真的很pp，键盘也不错，敲击的感觉也挺好，我喜欢，明天找同学去重装系统，争取双系统，嘿嘿：）	体验不错，就是电池不是很给力！续航时间一般，当然和使用方法有关系。总体满意	年前买的，用了一段时间，挺好的，	用了之后头发是挺顺的，但是会有头皮屑，还很痒，要换洗发水了
很好，参加活动比超市便宜，还不用排队往家提，上京东，超市再也不去了，好评！	款式很满意，价格合理，服务到位，发货及时。	房间蛮大很干净，除了前台左登记右登记，上来敲门再登记，然后还打电话来登记，其他可以满分。	不满意衣服太大了，可以当睡衣穿。
儿子住院时平板坏了，买来救急的。小孩现在很喜欢	通过无意中在网上看到这本书，到购买到阅读．让我也分享了这个至大的秘密，发自内心的感到幸福和感恩．很感谢有机缘能够读到这本书，让我明白很多真相与道理．让我比从前更加清醒．更加有能量和信心．更意识到了读好书对我的人生是多么的重要（之前对读书方面并不明了，也未尝过这种读好书的滋味和意义），所以真心推荐大家精读细读反复研读这本书．命运定会因我们的改变而改变．我们一起加油．	挺好闻的 没买的时候还在担心会不会有生姜的味道	垃圾中的战斗机，谁用谁知道，画面垃圾，系统垃圾等等
衣服一如既往的好～已经是购买好几次啦，每一次购物都特别舒心～好东西要大家一起分享，喜欢的小伙伴们快快下手吧～	一塌糊涂，一分价钱一分货！	吹风机没送 没有赠品就不要搞 搞了又不送 什么意思？有意思嘛？	打开包装瓶口是开的…不知道是不是别人用过.包装然后再罐装的…才会这么便宜…*钱也不想换了…差评???
鄙视蒙牛蒙牛旗下的牛奶我已经抵制很久了！	原装配件中无耳机！铃声效果不太好！内屏颜色的显示效果很差！没有录音功能！没有自动开关机功能！没有来电防火墙功能！	之前买过挺好的，这次买的一点不好，本来没有头皮屑，用这个洗的头皮屑好多，跟之前买的完全不一样，不是正品	假货！超级不满意的购物体验！    明明提交订单时显示赠送吹风机，但是实际没收到！然后第二天醒来，就没了这个界面。
性价比很高，看电视，玩游戏挺好。	宝贝不错，看了好久终于下手，喜欢喜欢	我买了之后就后悔了，价格高：1650.00元。6月第买的，国美家电购，当时连真机也不能看，要付款后才拿到的机子，所以好多功能不能试和了解，只是凭介绍就买了。内存太小，像素没那麽高，每次进入都要设置，相片色彩偏差，来电防火墙设计得不好，谁来过电话也没显示，外表摄像头设计得不理想…后来发现我的手机也不能连拍，但是应该有这功能的，问售后服务点，他们也解释不了。	没有收到何来已签收？
材质的感觉不错，自己弄个螺丝刀都没打开后盖，最后是到成都Thinkad服务站让他们帮忙装的内存。还免费把分区做了，一键恢复也没破坏，很满意。 加上1G速度还行，看高清电影效果很不错，游戏还没怎么跑过。	已经收到了！感觉有点差强人意！穿了之后再说吧	大牌子值得信赖，洗过几次还行，*啊！就是太贵了	"要退货，客服只会说是正品，反正就是不给退。如果正品这么难用，洗完头很快就痒，那也是呵呵了，看了评价才发现也很多人说洗了头痒！！！在其他地方买的都好好的，在这里买的洗护用品，都不满意，一点都不满意。快递也是慢吞吞，还给我分拨错误，等了好几天才到，找客服也只会推脱，说是正常派送时间内！这么近的距离，五天还正常？买的时候怎么显示16:00前完成下单,预计明天送达？差差差！！！差差差！！！差差差！！！"
快递速度非常快，昨天下单今天就到了，检查过的确是正品，质量有保证，下次再买，就是不喜欢护发素上面有一个棒子的头像	购物上京东 质量有保证	昨天买今天就跌价了。包装蛮好，就是大小不匀。	这种酒店居然是五星，不知道怎么评的。服务意识差，我入住酒店时，提了两个大箱子进去，门迎居然动也不动。以次充好，我订的是大床房，给我的是两张房拼到一起的，居然就叫大房床了，空间小得可怜，投诉前台，无果；于是投诉到携程，最后长级。旧，这一点我就不说了，别人已经都写了。吃饭要很长时间，要了一个果盘，一个简单的果盘，吃过饭一个小时才上来。总之，下次不会再住了。
很不错，很流畅，屏幕显示效果很好，音响也不错，对得起价格。	东西很好，用着也很舒服！下次还来。	#走进蒙牛工厂#品尝的牛奶不错，感谢@华西生活周报	"1,手机电池用了才半年,不超过两天就要充电了(晚上10点自动关机,早上8点自动开机),太差强人意了吧!2,键盘太小容易打错字和拨错号.3,买来是2980元现在跌到16002460元,太离谱了吧!4,说明书讲的免提功能和录音功能找不到啊!是骗人的吧!"
在买了内因决定外貌那本书后，发现了这本姊妹篇。用了两个晚上就大致读了一遍，觉得不错，里面有不仅有很多小配方，还有的就是作者的生活态度，虽然现在的生活节奏很快，我们无法向作者那样精致、优雅的生活，没那时间和精力，但是里面一些日常可以做到的我会做，能做多少是多少，这也是对自身的一种关爱，呵呵。总之，这本书适合女孩子读一读，学一学	买来降价了。。。。买给老人听戏用的。老人很满意。就是内存小。价钱在这了。	1、散热确实是一般，尤其是左上角，用一会就会比较热，当然不至于烫手。 2、电源插口的位置和光驱离的太近了，老阻碍光驱弹出。 3、自带的喇叭比较差，不过笔记本基本都那样了，想追求好的音响效果肯定得外置。	不值，不是特别舒服，性价比不高
颜色很正，穿上微小了一些，不过一衣服质量真的很好。面料人不错，做工精细，这个价钱绝对划算，以后需要还会再来	好喜欢喝蒙牛的奶特哦，香草味~	宝贝收到了 快递小哥服务很好 下次还会光顾的	二手dong名副其实，太假了，味道根本不对，闻着就让人难受
料子挺好的，有弹性，而且颜色和图片上的一样，没有色差。其实挺害怕买的颜色发过来发现不一样，不过没事，这件裤子没色差！'很棒！！	收到手机第三天手机屏碎了 申请售后时京东华为都没有合理解释 说只能申请维修 维修时要求解释 只是说赶巧了 我没法接受这个解释 不知道这是低概率事件还是高概率事件 不管怎么 对于手机屏质量 我保持怀疑态度 也没法接受京东及华为的处理态度	两个字差评	垃圾，垃圾真垃圾，字体看起来都不是很清晰，买到手之后看耳机没有，皮套也没送，更可恶的是连发票都没有，问了好几个客服都不理人，在你们商城买东西都没有发票的吗？要是坏了找谁修啊？生气
内存用的不错，居然是1G ddr3的，样子有点仿sony的，摄像头和麦克风都有，配置比较齐全	首次开机使用，默认装的东西太多，必须自己优化下，否则用起来太卡了	料好薄。。丫丫的。。。不能只穿一件。做内衣差不多	机器是挺好的，就是京东的服务我实在是醉了，赠品赠品没有给我发过来，然后补差价又自己改回了*，幸亏中午*的时候我截图了，这服务，这京东，玩不起就别玩，中午*的时候我说退货我重拍，客服说正在处理，然后下午来电话说给我退了吧，我去网站一看又改回了*，感情是现在我退了还是*买，哥不差这*块钱，差的是这个事
送货速度快，性价比很高，大品牌质量好，鲜脆口味好极了，京东买我放心！	买了西柚，新奇士橙，苹果，刚吃了西柚和橙子，都很好吃啊！苹果还没开始吃。	掉颜色是硬伤懂吗？其他再好都白搭。我穿了一段时间来评价的	12个果里面明显有两种不同品种，差别好大，还有烂芯的，放好久的
支持华为，一如既往的好	回复 说到点上了 进口奶粉也没好玩意，蒙牛看了开心了。其实，只要蒙牛归国外控制，出问题公知们也会沉默！	写短信不方便，主要表现在在车公交车上时不能很方便的发短信，但是所有的手写手机都这样，不能扩充内存，内存太小，只能存10首歌曲。这就意味着MP3、MP4功能是多余的MP3播放不能后台运行，电池使用时间3天左右。手机备忘录只能输入40个汉字，80个英文字母。手机游戏太少，而且简单。	卖家太粗心，明明是加绒款，怎么到手的是单裤呢
大蒙牛酸酸乳 #还好我们有苏妙玲#	系统似乎不是很稳定  开机进入时 会有几秒黑屏  启动光驱时会发出吱吱的响声  估计是光驱少颗螺丝的原因  中通的送货速度太慢 送2G内存  比较合适	峨眉山的确很美，宾馆所处位置也很好，闹中取静是真的。但是宾馆本身设施也就2星水准，房间很普通，象旅馆。刚进去的时候所有廊灯都是关的，一面靠山而建，一进去就是五楼，下面四层其实都是地下，很暗。感觉不舒服的是领我们进去的是个瘦男，光头，像个混黑道的。和朋友出去找吃的，仔细留意一下，空空的大堂里始终坐着几个象打手的人，怕怕的。一个宾馆没遇到几个住宿的人，晚些时候和朋友商量还是退房换宾馆比较好，总比夜半敲门送客来，客走被人敲的好。服务员服务态度很懒散，宾馆停车还要收费，爱停不停。感觉很不好！和朋友商量，立马退房换住红蛛山宾馆，每间只贵200元左右，可是那才真正正规的5星，很舒服。很不明白的是，打电话到携程预定的时候，携程工作人员竟然说峨嵋只有这家是协议酒店，当地人200元就住的酒店，携程要400多。上携程一查，红蛛山不也是协议酒店吗，为何不推荐？	店大欺客，言而无信，活不要脸
房间很干净，设施还行，家具稍微有些旧。商务间的楼层前台不错，不过清洁工很一般，住的时间比较长，好几次都没有放新拖鞋。不过4星里他家的价位算是比较低的了。	不错，很好，便宜，。。。。。。。	酒店太老，性价比不高	京东自营也是翻新机，我真的服气了，打开格子屏幕上就有痕迹，喇叭处和后盖接缝处，明显是松动的，真是气人，亏了我这么信任京东自营，早知道去*买了
个头不是很大 但是味道很脆很甜 还是性价比很高的	裤子长短合适，而且不紧绷，这点非常满意	一分是给 物流小哥的 但是手机的信号真的是太差劲了 移动的才2格信号 什么手机吗 ？	一分都不想给，连个快递都不会送，第二次送到家，要是别人不告诉我几别人百块钱就白花了
很漂亮的苹果，脆脆甜甜的很好吃。	物流挺快的 质量不错 挺满意的	咋没抵制蒙牛的	不怎么样，说实话不值这个价，布料太差劲
不错，和实体店的一样，很满意的	"酒店的环境不算很好,但房间够大,洗手间感觉舒服,整体感觉可以."	听筒太靠边.声音小.翻盖总是有摩擦的声音.关机就少一个电.	我要的是大床房的，房间超小而且没有桌子，使用宽带也很不方便还要接个东西，拨号的密码也要问了才告诉你。晚上外面锅炉的声音很吵，下次不会再去入住了。
初次使用，感觉还是可以的，能用多久，先试试吧。个人觉得华为应该挺好的，本来想买小米，结果抢了n次，抢不到，这个华为要是可以的话，以后手机也用华为了，看结果吧	不知道为什么。我家女儿就是不喜欢这套书。我们一起看的时候她总是跑溜了。似乎这样的插图和乱七八糟的风格她不喜欢。我也不喜欢这样的书。图画不是很逼真。好多英文单词我看着都不认识怎么教她啊。可能是比较适合国外的小朋友吧。	真不知道之前的点评是怎么得出来的，还以为会是一个不错的酒店，谁知完全不是那么回事。首先酒店没有大堂，是跟写字楼在一起的，check in要到7层。酒店正门不在马路边上，非常难找。因为是写字楼所以进进出出很多人，完全没有酒店气氛。前台服务尚可，可完全不是4星感觉啊。进了房间那叫一个失望，大床房仅比单人床宽出一点点，你说怎么让两个人睡啊？！楼道至房间所有设施都很破旧，而且看起来很不干净。如果也400元的标准来衡量，这是我在全国入住的最差的酒店了。本来预定了3天的房间结果住了一天就退房了。退房时前台还问我是不是因为他们酒店的原因，看来也不是头一回出现这样的问题了。早餐更别说了，比早点摊稍微丰富点有限。本来当时预定这个酒店就是为了地理位置好，比较方便，但是到了才发现周围有很多酒店可以选择。在它旁边有一家12月1日刚刚开业的海悦酒店，468元促销价，简直是让我捡到了大便宜，除了酒店大堂比不上君悦，其他无论是从硬件设施，还是从人员服务，还是从早餐看都绝对的5星标准。就是由于是新酒店房间稍微有些味道，希望他们可以改进。估计到了正式营业的时候绝对不是这个价格了。最近到成都出差的朋友可以试一试。	老是往乡下的货使用破旧纸箱。收到货连嘴都坏了
苹果挺好的，虽然小，但是挺酸甜，好吃，包装也很精美，物流也很给力，非常满意一次购物，全五分好评	给母亲大人买的，当时送货的时候，我没在家，老妈打电话跟我说，怎么是小米的盒子，真是吓坏宝宝，冷静几秒钟后，还是让老妈拆箱，里面装的小白华为M3。老妈就是聊微信，看电视剧，看新闻，用着不错。家里有个三星的平板，妈妈说比三星的好用，支持华为，希望华为越来越好。谢谢京东，在这里买东西放心。	蒙牛的这个牛奶名字很牛逼啊。	房间旧有痕迹，不是很干净
凑单买的，真假不清楚	酒店班车太差劲，让我们在机场等了很长时间。	不怎么样，全是头皮，一点都不好	买回来不到一个月，现在天天不是死机就是重起，再就是开不了机
看视频流畅清淅细致，应用就手，续行时间长，发热小。	比较轻，升级到667总线之后比533的时候快一些了，预装的系统是xp3的。	还可以，小家伙很喜欢，就是没有屏保。。	下雨天冷，想洗热水澡，可惜开了半小时水还是冷的
沙宣洗护套装到了，物流很快，前一天晚上下的单第二天下午就到了，物流很给力，赞，打开包装里面惊喜不断，值得购买！！！！！！	"位置太偏了,不过有机场接机.总的来说还满好的.可以推荐的酒店之一.补充点评 2007年11月6日 ： 离连云港市区有点远,去市区办事的朋友得谨慎点吧.其他无特殊,可以推荐吧"	网上订票看的是2层3层的房间，提前1天支付了房款，到店给安排了一楼的房间，被子还是湿的，到前台提出更换2楼或3楼的，被告知没有了，这不扯淡到极点吗？我是提前一天付的款，这么久了竟然没给我留房间。后来拒不接受一层的房间最后才给换了7楼的大床房。这种服务态度真的接受不了。晚上已经10点多到店，还被折腾了半小时才拿到房间。早餐品种也很少，真的很一般。	不耐摔，小孩子玩从30公分的床掉到木地板，碎屏没显示了，拿去厦门市思明区湖滨东路61号华为售后服务修，说要换屏幕总成，仓库没货，总部没货，问她先报个维修价格，答复换个屏估计得56百块钱吧，那我也认了，说帮我查下屏幕总成的价格，回去等电话，几天没消息，自己又打电话去问，说还是查不到啊，叫我再等几天打电话去问问，我ri，什么玩意，买来半个月就碎屏了，你说是换还是不换？？？？？？？？？
联合利华活动买的，还不错！去屑效果很好?！	用的比较顺手，清晰度很高，用的很流畅	苹果收到了，味道不错。但是一打开表面全是水，而且根本不到75mm连70都不到。	一分都不想给，京东上的东西也不能信了，骗人的
裤子质量很好，尺寸很好，不会掉色！满分！	苹果?吃起来挺清脆，味道很好，包装也很好，签收时京东小哥专门让我检查一下看是否完好，服务挺好的，早上8点多都送过来了，速度啊	妈妈说非常好，谢谢店家，会继续支持	真不知道京东自营的采购是怎么选的供应商，难吃到极点，皮非常的厚，我想说你自营这么做，生意还能做下去？
衣服很好，就是买小码了，穿上有点小，	没有耳机不好	早上7点半到的酒店，本来要等12点才能check in，但前台说可以提前让我们进房间，本来印象还不错。但进了房间一看，中央空调没冷气，交涉，说中午12点会有，想想也算了。下午玩好回来，5点半这样，照样没冷气，交涉，又改说机房检修，晚上7点会有。向携程投诉。过了会酒店又给回音说晚上电路会跳闸，所以目前中央空调没开，可能七八点会有。言辞反复，没个准信，令人气愤，还是三星级的酒店。晚上餐厅用餐，点了香鸭汤，结果上的是鸡汤，服务员还理直气壮说你们点的就是鸡汤，问拿来单子看，服务员自己将香鸭两字涂去，写上山鸡。。。。faint 这样的服务水准竟然还是3星级，是我住过的所有酒店里服务最差的，而且离景区又远，交通十分不便	垃圾。一星都不想给
清扬洗发水，大品牌好用，一直都值得信赖，京东购物太方便了，服务好，物流也快。	没wifi，其他的都还不错。最大的问题是周围吃的太少了，很不方便1。	唯一的缺点就是这个屏和别的上网本差异很大（不是小是分辨率）。	存储太小，配存储卡跟机子不兼容反映慢
给家人买的 反馈酸酸甜甜的 很脆 比较便宜 味道也不错 吃完了下次再买 速度没得说 不会坏 第二天就到了 赞～	沙宣洗发露味道很好闻，这次搞活动买的，还送了很多小瓶，划得来，	蒙牛活菌型乳酸喜欢芦荟味，喜欢喝它的童鞋们举爪。	"每个都有局部烂掉的，,真的是每个烂一片。"
水果很新鲜包装也很好有点冷水的。发货快物流好，全五分好评。	蒙牛纯牛奶加麦斯威尔咖啡。。。味道不错。	不好用。长头皮屑。	这一次买的质量很差，非常稀，味道也变了，不像惠润了
裤子很合适 穿上很帅 客服很热心推荐的尺码很合适 已经收藏店铺下次会光顾的 希望店家越做越好	一口气定了这么多水果，那样都不错，挺甜的，挺新鲜的，	夏天来了，头发老是出汗，好油腻。还是用清扬男士的有效果，洗完澡，头发干干爽爽的，很不错！最近我的同事也用的这种，说不错，推荐购买	机子到手没几个小时没什么毛病，以后再看。使用体验挺好的，就是不是说有保护膜的么？我没看见。
酒店感觉还行，不过说实话不如苏州及上海那边的，不过早点很好呵呵，服务态度也很好的。交通也很方便，就是现在周边正在进行整修，修好后应该是不错的选择。	属于个人口味儿，我个人认为比较脆比较甜，买了几次了。	多快好省上京东，品质监管勿放松。	假货 最右边京东自营的 左边和中间我妈在屈臣氏买的还带磁条 刚开始没想起来对比 但使用第一次 就感觉和平时用的不一样 难怪说 便宜没好货 这次算信了 差评 京东第一次差评
待机最高可达7-9天，多媒体功能十分强大，支持各种视频和音频的录制和播放，音频文件方面支持多种文件类型。	第一间进住的房间都是烟味，地毡上还有好几个香烟灰，后来换了另外一间气味没那麽重！建议酒店清洁卫生必须注意，及最好有非吸烟楼层	美的售后太垃圾，其他售后都是两小时回电话，美的是24小时，结果超过市区不到五公里问我收五十，服务很差。再不买美的的东西了。卖家服务还不错。	住过那么多家桔子和桔子水晶，这家店是最差的！设施差，卫生差，卫生间小的站不开！面盆更是差到不行。。。豪华间也没豪华到哪里去！停车非常不方便！还好，工作人员都挺好。以后去北京不会再去住了。。。可能真的是如家或者汉庭改的。。。
"玩游戏和做设计还可以 ,用的XP系统,2G内存可以开3个虚拟机,可以同时开Adobe一套和AptanaStudio, 外加魔兽, 还流畅 不卡  不错了"	6本书最喜欢《我能打败怪兽》，3岁11个月了，我在网上下载了《不一样的卡梅拉》MP3。放给她听了几遍，今天早上我听她一个人在那里喃喃自语，我仔细一听，“饥荒，鸡舍里正在闹饥荒……”，天~她居然差不多能把整本书都复述下来，她还一个字都不认识呢~我说明天换一本吧，《我想看大海》也不错，可人家不乐意啊~我很不明白，为什么这么喜欢这本书，对了，我家是个妞，很臭美的小妞~	水果很新鲜，收到时凉飕飕地有不少冷凝水珠。有少量磕碰。	一分是给快递的，居然在京东买到假货，洗完头发一直痒，不想吐槽，而且防伪标志又没有，送来还撒出来了，第一次给差评，忍无可忍
很合的裤子，穿起来吃那也合适，很开心的购物，本来想100多的裤子不会太好，结果最后的收获很大，真的很不错	一般吧，我订的蓝色裤子，发过来的土黑色	钱也付了，书干等不来，好不容易找到客服电话，原来书没有了。钱突然退回来，单位查起来还以为受贿，连个证明都没有。伤心。。当当做了那么多年，你们的总裁也天天媒体。服务还是不够精细，要不然我去你们那里管客服得了，肯定比现在好书又买了一次，总算买到了。。下次到卓越试试，看看是不是服务一样的烂	质量太差 我放在背包里 装的东西有些满，打开后洒了一背包
618囤货，很实惠，送货速度也给力，给京东点赞?	第一次非常不满意，收到的时候瓶已经打开了 洗发液漏了很多！！！懒得扯皮了，下次要注意	不甜，颜色也不好。个数不均匀，有的太小了，而且这次物流也不快，总体都感觉不好	不是很满意的一次购物 声音还特小 送的乐视会员 根本就兑换不了会员 一星都不想给
自己找水电工装上了，还没用呢，以前买过一个，挺好用的。还给了优惠。	这本书和《想入非非》一起买的先看完《想》后看的这本书感觉这本书的情节比《想》要复杂描写的也恰到好处女主角疯狂的追求男主角男主角用自己的腿换回了女主角的生命并一直爱着她  明知道女主角假装失忆报复他的杀父之仇但男主角还是一直爱  为了她不顾一切最终女主角放弃仇恨 与男主角在一起很让人感动  值得一读	买了4样水果，猕猴桃有烂的，苹果有烂的，?还好	用C988手机拍照拍照出来好难看啊，颜色有点发绿偏黄色，买的时候很大原因就是这机子有30万像素的内置相机，但是现在好失望哦，哪有30万像素的感觉啊？！还有哦，通话过程中，声间好小哦
活动买的，以前买过他家衣服，这次购物很不错	收到以后大致翻看了一下，目前只学到第二章。感觉非常不错，内容翔实，架构也不错。有考情分析、主要考点、知识框架、考题解析、同步训练及答案解析等，对于我这种主要靠自学的人来讲，可以帮助我更好的理解教材内容，起到事半功倍的效果。有点美中不足的地方，就是印刷的字体稍微小了一点，看起来有些费力，大概是为了给大家节省购买成本的缘故吧？可惜我宁愿花高一点的代价来换回更舒服的阅读。	真的很实惠哦。。。隔着箱子都能闻到清香味儿。。保质期要到20年呢	就在机场边上，离机场太近了，所以总会听到飞机起降的轰鸣声，窗户隔音不太好。
房间太小，服务不错。在王府井能这样就不错了	看着还不错，还没打开。郁闷的是27号下的单，28号就出新活动了。不知道我大国产华为能送个外保护套不	玩不久就会出现看视频卡的现象！质量很一般！还是不要贪便宜好！	酒店的内部管理非常的糟糕：1前台的服务人员，似乎什么都不知道该如何操作，实在令人无奈；2，酒店室内的服务布草的人员，竟然打扫完毕之后，洗漱用品都不放就这样了，令人恼火；总之，是很令人失望的体验，以后不会再去了，不想再看发霉脱落的壁纸了，以及其他很烂的地方了！！！！
很赞，很实惠的平板，清晰度很高，速度也很溜。。	性价比很高 物美价廉 男票很喜欢 说穿上很舒服 很容易搭衣服 他以后网上买衣服会多光顾这家店的	临时决定到北京出差，很快就定好了，房间不错，住了两个晚上，在这附近这里算是最经济实惠的地方，而质量又是最好的了！	真的那么好吗，呵呵 东西出问题大家就知道好不好了 这大京东
有点坏果，不到新鲜，包装泡沫是双层的，还可以，就是苹果坏的也包装下去。	刚收的货就看到这些脏点点，太揪心了，班尼路对你失望了	京东消费最伤心的一次，假货	奉劝各位千万不要买这家的东西，什么垃圾货，严重掉色，泡了三次水还是黑得跟墨汁一样！
一直有这样的想法。虽然现在玄幻类小说已经被炒得沸沸扬扬，但不得不说的是蔡骏还是先头部队中不可缺少的一员大将。《谜小说》有了蔡骏一群年轻有为作家的加盟。我们还有什么理由不拭目以待等待更多更好的作品呢？这次最吸引我的反而是书中向广大读者征集稿件的消息。按耐不住的我们也许也该放手开始写了。我们真的需要更多的蔡骏，让灵感的河流永不枯竭。	看到了第六章，感觉内容确实如书中所说，其实很多的人际日常交往技巧真的是没有什么神秘之处，都是在日常生活中需要注意的一些小的细节而已。但就是这些小的细节，却能够起到很大的作用。内容值得一看！但是我感觉只需要看内容和每章开头英文的章节名称就可以，而不要去看中文的章节名称。中文的章节名称不仅翻译有很大问题（哪怕我们从意译而不是直译的角度去考量）而且和章节内容本身基本毫不相关。	有图有真像，自己看看吧！太差了！	差到极点
介绍给同事，帮同事代买的，还是非常喜欢。	刚拿给女儿看这套书时，女儿以为又是让她学习的书，所以有些抵触，不想看。过了两天，我找一个女儿心情好的晚上和她一起躺在床上看。做过两本书上的练习之后，女儿全做对了，她一下子来了兴趣，说，这书好玩，我喜欢。就这样，我给女儿隔几天就做一下这套书上的练习，除了《简单的算术》那本她不喜欢也不会做（毕竟她才四岁），其余几本书她都喜欢看。有种成就感吧。	这是我买的最差的裤子，前后幅色差严重	裤子跟图片不一样，质量太差，服务也不好，想退货，客服都联系不上，
很好的平板，非常好用，满意，使用顺畅。没有耳机。	呀，感觉有点短。。穿起来还是蛮舒服的	已收到，没有想象中的那么好，物流还可以，开始插卡不好用，拿到客服中心给弄好的，不如去店里面买了	"我是头一次到九寨沟,通过携程预先订了格桑.去到后发现自己被误导了,这个酒店较旧,感觉很脏,服务一般.旁边有很多酒店,没进去,但感觉比格桑要好.下次去,首选是不住格桑了,挑其他的试试."
给描述的一样，早上买下午就到了物流也很快，是正品，想买的就快下单吧	用了这么久了我来说一下真实的感受吧，因为考研想买个平板出去自习时看视频方便，学生党本来想买iPad钱不够，于是分期买了M3，刚拿到手着实漂亮，很喜欢，音响很不错，电池续航时间也不错，总体还行。	这本书质量、印刷还是不错的，不过它只适合五岁以下儿童看，我的孩子已经八岁了对这套书好像没有兴趣。另外这套书有些贵。	价钱还可以，就是我拿到的房间WiFi不好.害我睡不着
白屏亮斑 好垃圾啊	质量太次 一点都不好	之前在京东店铺买的很好，这次买的大小不一，买了两份，挑出来八个很小的，味道也不好。不会再买了，说次日达为什么不是?	这洗发水还没用呢 拿回来就漏了 还掏快递费快递这服务也不行啊 还不值
裤子质量很好，面料很舒适，没有色差!好评!	热水器收到了，还没安装，和前两次买的样，很好的，非常实惠！	苹果外观不是很好看，但很好吃，到家还是凉凉的，只是个头小一点儿	设施太陈旧了，位置离火车站近，但附近差不多条件却价格更便宜的酒店多得很！我住九层，晚上睡觉的环境都不好，比较吵，糟杂，我房间对面及左右的房间门都不关，玩通宵牌的，人多嘴杂（也没有酒店工作人员制止）！这酒店真的不太好！
非常满意！配送速度很快！很新鲜！全五分！	外表看着很新鲜，还没吃，应该不会差。送货及时，相信京东！	以前不买蒙牛，现在不买蒙牛，以后更不会买蒙牛！	做工不行 描述不相符 价钱太对不起这价格
东西很多，秒杀的时候买的，洗头效果也很好，棒棒的	经常用沙宣，很喜欢，效果也好。	客观地说，应该已经是石家庄最好的酒店了，各方面都还可以，房间稍微有点旧了，毛巾不是很白。不过下次还会选择	6月20日购买的，6月26日发现屏幕右下方黑色塑料外壳和屏幕连接点出现了非常严重的脱胶现象，找售后理论，他们将责任推给了厂商，实在不负责！
看了几年的小说，那么多的书，其中不乏文笔好的，构思巧的，情节引人入胜的，但是没有一本可以如《何以》带给我的感动，这本书我看了不下十遍，难过的时候，会拿出来翻翻，开心的时候，也会拿出来翻翻。每看一次，内心就被震动一次。犹记得第一次看的感觉，看完后只是觉得心里满满的幸福，并没觉得特别的好，但是，那样的温情说不出的吸引我，以至于我在凌晨两点的时候还是不假思索的再看了一遍。顾漫的文字，总是第一遍看的时候不算吸引人，但她的文字有魔力，你越是慢慢品味，越是能感受到那种醉人的馨香。她的书我都看过了，让人感觉很轻松，不会特别的揪心，没有什么负担，我每次看都会不自觉的咧嘴笑，真的觉得特别的开心。其实我也有喜欢的其他作者，但是除了金子，阿白白，我觉得其他作者的文章情节够好，但是缺少了让我一直感动下去的灵魂，作品的灵魂，人物最真实的灵魂，还有爱情最本质的灵魂。我会一直支持乌龟漫 ，也要祝乌龟漫早日脱掉龟壳。	宾馆前台的服务极差，竟然将携程网本人的客房订单弄丢，最终又经历了三次换房经验，惨痛的教训啊！ 早餐比太阳神饭店稍好吧！	超级难用，洗完头发还是油油的，像没洗一样1，超级不舒服	非常差的酒店，还不如连锁经济酒店，要不是襄樊没有其他酒店靠近东风，肯定不会再选它。差劲！！
裤子收到了，我老公穿的挺合适的，蹲下起来也挺舒服的，腰码也非常的标准就像是量身定制的一样，他非常的满意，不错的一次购物	质量很好，面料不错，样式很好看，穿	质量很好啊，内存也不错，支持国产	第二次入住了，酒店有免费接机的服务，坐到车上后还有免费的冰镇饮料喝。酒店的服务员很友好，不管哪个部门的，看到你都会主动微笑问候。客房的设施略显陈旧，客房内没有保险箱，电视机是很老式的21寸球形显像管，大床还是很舒服的，我住的豪华单人间有14扇窗，拉窗帘就要花两分钟，房间面积很大。卫生间的换气扇和顶灯是同一个开关，但是洗澡的时候开着换气扇会觉得有些冷，建议分成两个开关。早餐很丰富，第一天入住还有果盘送。附近就是白鹭洲，走过去只要十分钟，去散散步，风景很好。虽然硬件设置欠缺一些，但下次肯定还是会再住的。
