非常满意，喜欢。这次是帮别人买的裤子。听说很好，朋友喜欢的不得了，哈哈哈。可以去她家买裤子噢噢噢。	太小了，而且不新鲜了，像是过季水果了，吃了一个了，味道也是怪怪的，没前2个星期买的好吃了，除了可送到家没啥性价比了	果子不好吃，酸的，孩子都不吃，这一颗心是给物流的，物流比较快，东西实在不敢恭维	差评和图片看起来差远了大裤脚掉色*本想一分钱一分货不直！
比较古朴，具有俄罗斯的风格，坐落市中心秋林附近，靠近松花江，环境优美。	手感不错，声音效果也行，发短信方便	1.全银色设计很时尚，刚买的时候感觉很有面子，不过现在都兴没天线的了，呵呵2.双屏的，外屏也是带彩的，很漂亮，但是双屏也是费电的根本原因3.语音报号不错，来电话不用看也知道谁是谁了，不想接的直接按了，省事4.铃声好听，音色不错，目前调到最大声，也还行，以前用的那只最大音量就要有爆音了	非常非常差的机器，不知道是不是京东卖的是返修机。朋友在华为官网买的用的很好，推荐我们买的。收到机器的第二天，系统就提示“检测不到“SIM卡”，重启后好了，开始没在意。到了第八天，开始反复，频繁出现“检测不到“SIM卡”提示，立刻申请了售后。京东的售后人员打来电话，说不在7天退货时间内了，只能换，然后就挂了我的电话，就没有然后了。。。。。京东，你们好自为之吧
一个人入住对于600元的价格觉得有点奢侈，但是环境还可以，比预想的好，也比较干净。水量很充足，床上用品据服务员讲是每日更换，听说山上的水48元|吨，对于等黄山的疲惫感来说，能好好的洗个热水澡，惬意的睡眠时非常重要的，总的来说还是很好的。	外观不错，感觉比A800那种正统外形显得活泼多了，喜欢！屏幕比较大，色彩也好，就是拍出照片效果一般，色彩不均匀，可能因为这几天我们这边阴天的缘故吧？！在室内光线充足的地方还可以的。我最关心的是声音效果，但外放感觉有点次，高低音仔细听都能发音质不纯净，用耳机的效果还行。全触摸屏很爽哦~~	珍惜生命远离蒙牛	被商家忽悠了 不好用 且贵
到收货了，很快就装好系统，用起来感觉还错，还没发现什么问题。	没有色差，而且质量挺不错啦~送的质量也没有差别，赶快行动吧~	显示的第二到货，结果不知是是过了多少第二天才到	一般 不值这个钱
买一送四，非常满意，感谢京东。昨晚下单今天就收到，物流速度快！给力！！！	第一次在京东上购物，我觉得这个裤子质量蛮好的，非常喜欢，而且本人是一个牛仔控，看到牛仔裤就很喜欢呢	很不错的酒店。可能找起来稍微有一点麻烦，不过，在港澳码头就能看到很大的金龙酒店/娱乐城的标志，实际上就在金龙后面。服务很好，拿行李的服务生态度也特别好，可以顺便问下路。大堂可以兑换货币，换一些零钱可以方便乘车。最好问清到码头巴士的时间，一般是半点一班。房间也不错，面积不算小。插头转换器上一共有三个插头，所以，只要一个就基本都可以够充电了。如果硬要说有不足的话，就是离公交车站稍稍有一点路，大概1、200m左右。主要是澳门的巴士都不报站，所以容易乘过。第二次乘，坐到澳门旅游局或者金莲花广场后面一点那一站，就可以少走很多路。	还不错哦，速度快东西好用
17点下单，第二天9点多就收到货，发货速度赞一个。 特别喜欢小红帽，整个机器也比较大气。散热优良。 完美屏。 钢琴烤漆让你出差不用带镜子。	酒店的硬件和软件设施都可以．交通也方便．二楼的餐厅挺好吃的，不过价格不便宜．早餐也还还可以．	赞赞赞，物流超给力ψ(｀)ψ给我亲爱的老爸买的生日礼物(///▽///)开心了老半天呢，生日礼物不知道要送什么的亲们可以考虑下送这个噢，质量超棒穿起来显瘦显高(?????????)	也不通知一声直接取消了订单…
穿了几天才来评价的，裤子料子不错?，穿着舒适。而且尺码刚刚好。	1.在全民代工的前提下，我单方向希望制造商华硕比其他公司更知道从哪里控制和优化； 2.系统安装没有想的那么麻烦，除了驱动外。。。传说还可以直接使用ghost的，下次试试看； 3.性价比不错。	价格优品质好	对小孩子很有用，可对于我，我想是买错书了。“大学生朋友”指的是年纪大一写的学生例如高中生，初中生，而不是大学生。当当的服务还是很好的，赞一个。
inter 的SSD硬盘 速度超级快，现在用笔记本在也不用像以前那样开机后就小心的放桌子上，不敢随意移动，可以到处拿起走着用，也不用担心硬盘被震动导致硬盘故障！全铝外壳漂亮不留指纹。	很新鲜，很甜，口感很棒！很开心的一次购物！	非常实惠，便宜量足，赠送吹风机，京东的快递是最棒的	像数太低，像是翻版机。真还不如5-600元的机子！ 商品满意度0分！！！！
有时候会卡，但是不知道是网卡还是平板卡，还有时候会打开微信有点久。正在用来煲新买的耳机	好像假的，好多头皮屑	这个膜垃圾的要死 完全对不起这个价格	差，有4个撞损，有一个有指甲扣烂。
感觉不错，住了好几次了，交通比较方便。值得推荐。服务也可以，但是大厅可能不太起眼。	不好吃，太苦了也不甜，原本想买给儿子吃的，结果儿子吃一口就吐了	没冰箱，没浴袍，说是不是主楼什么都没，差	这是我住过的最差的五星级酒店！8月5日住的所谓经济间，504元/晚；房间很小，通道小的只容下一条腿。卫生间没门，淋浴房居然也没门，洗澡水下不去，快漫出卫生间！换了一间，还是这样。地毯很脏！没有服务！再不住了！白送也不住！有被大刀砍的感觉。
刚刚收到就迫不及待的让老公试穿了，他说挺好的，就是裤腿长了点，哈哈，喜欢的可以放心购买啦，质量还可以	第一次寄来错了尺码，和客服沟通换货，答应换蓝色的裤子，结果还是收到黑色的，毫无信用可言	不好，非常不好，客服服务也太差，物流慢也慢是一回事，还把货弄丢了，联系客服人人自己跟单找寻的，跟单却是已经本人签收了，可我根本就没收到过货，而且时间也过去半个月了，大家以后还是别买了，以免上当受骗了	为什么我买完又降价又送东西的 为什么要这样呢 让我以后怎么相信你呢京东君 让我情何以堪 伤心了 难过了 给你个差评吧谁让我伤心呢
超值的一款平板！开机连上网系统会更新到安卓7.0。很流畅！玩王者荣耀，阴阳师都无任何卡顿出现！哈曼卡顿音效也很棒，果然是国际顶级音效调试的杰作！要说不足，个人就觉得那个数据接口是micro usb，而不是时下流行的usb-c，但觉得不影响使用效果，毕竟是去年出的机子。整体评价绝对是超赞！值得入手！	不错 送女朋友看电影用了。视觉效果 音响效果都不错	不错，还耐摔完全低价格高性	一分都不想给，闹心的一次购物。透气性比较差，穿了第一天，身上发汗根本不透气，挥发不出去，里边都是湿湿的，贴在身上，黏糊的特别的不舒服。而且穿了几次，袖口就起球了。
哟哟哟，好评，早上下的订单下午就到了。包装精美，还自带发票。主要就是超值。六件才不到一百。我是看了广告才来买的。我发质本来就不好，后期再追评?	个头不算太大，裹两层保护膜的时候感觉很大一个。	"经常去海口出差,但从没住过该酒店.看外表感觉一般吧其实酒店里面还真不错,房间是新装修的(我住的是20楼商务楼层),很干净,隔音也很好,基本上没听到马路的声音.空调的声音有一点点大,呵呵但是上网的电源比较麻烦,找不到插座,要把电视的拔掉再充电.还要钻到书抬下面去弄,不爽!!洗澡水的据说是温泉水,呵呵,不是很习惯,感觉老是滑滑的,像没洗干净一样:)补充点评 2008年4月9日 ： 还有,今天本来还想订该酒店的,居然没看到有商务大床房了~~郁闷~"	降价也太快了吧！！！！！！别的华硕系列的如N80都没有这么快降价这么多，超出了我的心理承受极限了啊！@！！！！！
平板运行快，指纹解锁快，系统运行流畅，6.18下单，第二天就到了 满意。	"宝贝收到了,没想到会这么快到了,快递小哥的态度很不好,可以理解.是因为天气热吗?真的热"	苹果和香梨一样是挺糟糕的，每一个的屁股都被压坏了，但箱子是好的哦，是不是苹果还没包装前就已经坏了，还硬销售出货？	蒙牛别犯贱，换了包装也不买。那些频频出事儿还买蒙牛的人们，也别犯贱！
还没打开用呢，应该还可以，就是之前买都有赠品。这次没赠品呢，。。。。。？	反应很快。用了几天也没出现卡的情况。但是屏膜反光。储存卡无法用，。	HDMI连接不上，咨询技术服务，说产品太新，他们也不知道怎么弄，郁闷！	收到的火龙果非常不新鲜，还有烂的，坏果，坏果也是可接受，但是火龙果里边都有虫子，不仔细看都吃到肚子里了，想想都觉得恶心，投诉以后也没有合理的处理结果，太气人啦！
太香了，效果非常好，头发毛毛糙糙的，用了之后就好多了，头发不“打结”，柔顺多了。	屏的分辨率最高1440*900。字体小但很细腻。有点累眼。调到1280*768后，字体等不细腻了。	消毒水味太大了，外面大妈舞跳的好，其他还好	图片是纯黑，买回来却是灰黑。快递慢的不行。
苹果收到了，发货快，好吃又新鲜，准备榨汁吃。	一下买了两瓶，第二瓶虽然多了几块钱运费，不过也比平时便宜很多，还送了那么多赠品，挺划算的。快递也很快。	货收到了上面列的赠品一个没有，商家没有诚信	买了他家的苹果，第一物流超慢，第二苹果到时全部冻了，客服回复说：过几天就能解冻，吃了也一样的，无语，这次买他家的苹果算自己倒霉了。
看到这个新包装觉得很不错，大爱蒙牛这款比以前漂漂多了	裤子质量很好，推介购买五星好评，而且还是有弹性的，嗯	怀疑是假的，我用着起头屑，之前买的都不起	质量不好，用了半年不到屏幕烧了，而且容易破，我的朋友也和我一样屏幕破了，而且修修贵的要命，一共要1000多。
外观很男人	就和远离蒙牛一样 正常人一定要远离@东方航空。	完全没有食欲，今天是25号，我是22号下的单，23号到的，打开后，是透气的塑料袋装着的，放着就没管了，今天想吃，结果，打开三个，每一个外面都发霉了。。。家里人本来就说我买贵了，我也很相信京东，这次真的大失所望	质量太差了，评语找人刷的，大家别买
据说女人在家呆的时间最久的地是厨房，总是在里面忙乎，做吃的给自己或是爱的人。也许可以说，厨房里洋溢着爱的空气？也许厨房就是这样平常却不可缺少？也许平日里，我们都会说“我才不怕一个人呢！”但是某天，你真失去了所谓的亲人，变成了一个人，那会怎么样呢？装作是什么也没有发生似的接受，还是独自在夜里暗自神伤？我不知道会怎么样，因为还没有失去，但是可以想象的是会在某段时间讨厌一个人。也许我们都需要一个人或是一种方式，让我们在伤感中伴着怀念逐渐释怀。在某些时候，谁都可以给予温暖，陌生的气息却充溢着温暖。只要你愿意，你就可以重生，你就可以给予别人力量。文字间忧伤中的希望，力量，让人觉得很暖和，也许这就是我爱它的原因。没有刻意的展示，却点点渗透。	第二次买了，感觉没有第一次好	分辨率实在是太低了。	住过的如家里最差的一家，登记入住时说房间还没整理好，要等40分钟，等吧！40分钟后如果不是我主动去问，也没人来通知你可以入住了，也许又是40分钟！标准B间房间在一楼，较小，这倒无所谓，房间里异味较重，这也罢了，关键在于房间里闹鼠患！半夜2：30厕所里一声巨响，一看是厕所吊顶掉下来一块，小水泥块掉了一地，一只硕大的老鼠掉了下来，在房间里蹿了一圈后又爬了回去，第一次在宾馆里碰到这种情况，实在扫兴！建议如家能关心此事，灭绝鼠患。因为前一天住的是洛阳如家（王城公园店），两家真是有云泥之别！省会城市的宾馆啊！希望能争气一点！
山东苹果出了名的，甜又好吃，一直在京东自营买水果，价格不贵服务又好，以后还会一如既往购买，还能分期买，不用利息的，赚到了	"这酒店太旧了,大厅看上去还可以.房间的设施成旧不堪!卫生间的马桶真的都不走水的.早餐太一般了.要去入住的朋友要有思想准备,期望值不要太高.400多一晚说实话不太值!!"	"于山宾馆服务非常差,是我从未见过的恶劣.柜台动作慢,态度凶,脸色臭,房间没空调又冷又潮,餐厅更差.可能是政府公营,不在乎吧"	不说一些，直接差评，假的，基本的商标都没有，包装垃圾，就一个袋子盛着，裤子里面啥也没有，牌子是假的，店家坑人。
价格便宜。屏幕超大，可显示8行中文！32和弦名符其实。红外接口。支持彩信，可玩性强。	价格不便宜但是却比差不多同价格的酒店差！比如朗庭贵一两百但是各方面都好太多了！	蒙牛。姐永远不卖了。坑爹伤不起。次奥。话说人家名字好吧。 好个性的名字草泥马奇葩，蒙牛姐永远不喝啦	京东这是怎么回事？弄的盒子上瓶上都洒了那都是，真讨厌
性价比太高了，同学一个月前在数码城买花了3800，太超值了。CPU是奔腾T4200的，基本上是4000左右本的标配，强烈推荐	总的来说酒店还是很好的，有机会还会住该家酒店。早餐很丰富，而且还是免费的，吃起来很爽，唯一的不满意就是嘉宾楼离前台太远了，要走很长的一段路，在嘉宾楼很少能看见服务人员，想要询问事情非常的不方便	"前台服务态度非常好, 房间大小清洁也都不错退房当天早上才通知延至下午三点退房也ok.离万象城近有机会还是会入住."	买贵了，京东价格一直在变动，买的时候1888现在1868，而且这个价格买这款产品确实不便宜，建议大家看好再买
首次在京东商城生鲜平台购水果 感觉挺方便的 快递效率也十分快 足不出户服务到家 尤其是这些水果都很新鲜 而且还很冰凉 其次又是那么热的天气 总体来说 很不错 比实体水果店的水果新鲜 而且又好吃 很愉快的一次购物 吃完再来	穿着还不错，版型很贴身，看起来L号更适合我	1、键盘有待提高；2、电池是3芯的；3、电源线太粗了！才40W的电源，用得着这么粗的线吗？都可以去烧开水了！白白增加成本！最主要的是增加了重量！削弱了上网本轻巧的优势！4、微星笔记本售后太差	第二天就降价了，心里不舒服给差评
不错，送货挺快的，质量挺不错，包装挺好，比商场便宜好多，相信京东，应该是正品。	入住过几次，房间还是不错的。但是早餐质量是江河日下，一次不如一次。	不怎么样拉，都是很烂的笑话加几个单词而已，贵哦。得考虑呢。。。	质量不好，面料缩水厉害
键盘有点粗糙， 安装无线网卡时需要手工安装，不然重启XP后无线受限	待机时间也太短了，撑死40几个小时（在几乎除短信和偶尔的电话外啥也不干的情况下）。电池不禁用……晕！	最不要脸的价格！还不如一个橙子大小，看准了不会退的吧，也不在乎这评价了，建议千万别买，这是我买过的最小的	差评，表面已部分霉烂，非常小，第一次京东买水果，非常非常失望
质量不错 穿着很舒服 大小很合适 款式很不错 和卖家描述的一样 服务态度很好	一口气买了三件，看着蛮舒服的。	更新老了系统后和荣耀5C的图标按键几乎一样，优点是系统流畅，WIFI信号很好，续航也不错，重度使用也能用1天半。缺点是默认的屏幕亮度偏低，调高亮度的余地也不大，自动亮度调节不敏感	受不了，基本隔壁所有的声音都听的一清二楚。因为隔壁没睡，所以我也跟着无法入睡，见过隔音不好的，可没见过如此不好的。听一个出租车司机说这个如家是厂房改造而成的。真是很有疑问：经济型酒店，到底经济了谁？
"我是圣诞节前入住的,连住了三天，性价比很高,房间面积很大，卫生间也很不错，酒店位置很好，交通很方便．酒店服务也很好，我是带着BABY去的，酒店免费加了一张小孩床，并赠送了玩具熊，每天送矿泉水、水果。。。。CHECK OUT也比较人性化！非常好的酒店，以后有机会还住这里。"	东西不错，发货很快，期待继续合作！！！！！！	衣服可以，领上商标那块太大了	坑货．昨天买了今天就降价．这不是坑人吗！
一直有这样的想法。虽然现在玄幻类小说已经被炒得沸沸扬扬，但不得不说的是蔡骏还是先头部队中不可缺少的一员大将。《谜小说》有了蔡骏一群年轻有为作家的加盟。我们还有什么理由不拭目以待等待更多更好的作品呢？这次最吸引我的反而是书中向广大读者征集稿件的消息。按耐不住的我们也许也该放手开始写了。我们真的需要更多的蔡骏，让灵感的河流永不枯竭。	看到了第六章，感觉内容确实如书中所说，其实很多的人际日常交往技巧真的是没有什么神秘之处，都是在日常生活中需要注意的一些小的细节而已。但就是这些小的细节，却能够起到很大的作用。内容值得一看！但是我感觉只需要看内容和每章开头英文的章节名称就可以，而不要去看中文的章节名称。中文的章节名称不仅翻译有很大问题（哪怕我们从意译而不是直译的角度去考量）而且和章节内容本身基本毫不相关。	有图有真像，自己看看吧！太差了！	差到极点
机器很轻，屏幕效果很好 我这台屏幕没有发现坏/亮点机器本身就带VISTA	太大了，一点不合适，唉，都不想说了	买大了，我已经申请换小号了，但一个多月了还没寄回来，极差	买回来不到一个月掉*来块，所谓价格保护都是假的，说我有赠品，不接受保价.呵呵，这一份是给京东朋友的
快递挺快的，产品还没有，服务态度给满分，好了来追评，	挺新鲜的，包装也很好，防震，果子就比较小个一点	我还是比较喜欢 德州的凯苑温泉度假村 便宜148元 安静 不会有电话打扰 温泉也很好 只是在开发区 里城里远了点	昨天才收到货。第一次下单是在双11，11月23号下午6点才给我配送，因没接到电话，第二天京东竟然就直接把我订单擅自给取消了，在线联系了N次客服，没有一个能给满意的解决方法，最后打电话给高级客服才给我解决，说让我重新下单，按双11的价格给我，有差价还要等重新下单完成后才能退。对京东擅自取消客户的订单相当的不满。
很好的酒店，强烈推荐．只是服务员打扫房间有点太勤快了．我刚出门几分钟，也没要求打扫，她们就自己进去打扫了．不过，还是不会影响我对这家酒店的好印象。	酒店环境不好，设施还算可以吧，毕竟这种酒店都是住一晚就走了，性价比低，488还没有早餐。最重要的是房间地毯上有尿骚味，让人受不了！周围就一个便利店，其他就比较远了！	今年的5.1、10.1长假分别定了西安与重庆的如家，非常失望，如家简直无诚信可言。这里把我的遭遇简单描述，希望能给各位出行的朋友提供借鉴。5.1西安的如家严重超定，我们一行11人险些露宿街头，与酒店交涉了2个小时，原定的4间房，只拿到3间。同时到达酒店的不少客人，因无房可住，只得带着行李走人。9月14日通过携程携程定了10.5日如家的上清寺店，吸取了5.1教训，于10.5日下午用信用卡做了付款担保，到达酒店，办理了信用卡预受权，莫名的签了好几份入住单（在酒店坚决要签的情况下），拿到房卡时才发现，原定的2套商务大床房被换成了标房和大床房，酒店除了说“抱歉、房已满”再也没有任何解释。对房间的大小、设施没有过高的要求，毕竟是经济型酒店，最让人受不了的是，其中的一间房臭气熏天，请服务员弄了3次，仍旧臭。无语......	以后不会再买寻真水果的苹果！我是寻真水果的老客户，每向寻真水果反应后，第二次会供应质量好点的产品，从第三次开始供应的水果质量又很差，第四次供应的更差，然后再反应，供应的产品又好点！有信誉的供应商，产品质量是稳定的！有保障的！
赞一个，又香又甜，虽然不是很大，但是够吃，孕妇的我每一天一个，简直太幸福。	一直用的潘婷不错的产品，第一次在网上买看着还不错，不知道效果怎么样，用过了再来评价?	该饭店地点尚好，好像是军方经营，军官在酒店里不排队乘电梯。房间里的设施非常破旧，墙纸、地毯都肮脏不堪。照理说这样有历史的饭店该有待客经验，但运毛巾的与客人抢乘电梯。电梯来了，推毛巾车的大婶先把车推进电梯，回头对后面的一片抱怨声说，“对不起，你们可去乘后面的电梯！”令人目瞪口呆！！大堂只有一部电梯，每次等电梯都站到腰酸，加上军人和饭店人员抢先，往往还乘不上。我登记入住时，饭店正停水，前台也不说明，进了房间才看到一张道歉信，顿生受骗上当之感！晚上附近房间的军人好像在执行什么任务，气氛紧张，像是随时会发生枪战。只住了一晚，赶紧逃离！	物流速度太慢，足足等了8天，还是我认识的京东吗？？？
很好很好很好很好	顶起！！！ 我早就开始要求身边朋友亲戚都不要买蒙牛伊利了，人人用脚投票，这种无良企业就无法生存。珍爱生命，远离蒙牛！	自己去松江配送点拿的货，一打看就看到显示屏下方的有一处黑漆掉色严重．是帮朋友买的，郁闷中．	码数偏大，物流超慢，
补充装，好用！还送2包，好划算啊！一直喜欢用滋源的无硅油不刺激，发货快，质量好！继续买！	使用效果还好，就是一个大版的华为手机，流畅。	潘苹果，不过如此，而且还有压坏的那种，那种现象。嗯，但并不是物流压的，可能就是，或者是苹果放的时间长了。	差，电话一直打不通
很好用，我一直用这个牌子的洗发水	预装LINUX 我觉得还不如装个DOS。一般新手不会做系统 菜鸟吧会做系统却不知道要重建MBR，说明书全英文， MSI售后只有省会有。	这个火龙果还是挺让人失望的，买来都有些白毛了	这个赠品少了一瓶，送货时间也慢，标签也是贴上去的，不好。对这次购物不满意
买过很多次了，很甜水份够多，孩子非常爱吃！	1、高像素；在数码单反中，2、算是便携型较强的机种；3、电力强劲；内置闪光灯使用方便；4、LCD屏幕的塑料保护罩透明度高，	春节期间，朋友住了几天，杯子脏了不换，房间也不打扫，放在房间里的sk-ll的化妆水无缘无故没了。与酒店反映，也敷衍朋友一下，就OK了！对酒店的这种管理非常不满，客人住在里面也不安心！	上周家人过生日，看到送一年会员才买的。配送倒是特别好，很快就送到了。放假回家准备用，一看送的是过期一个月的。那还送个什么意思？写着玩呢？找客服问，客服让我直接评论在商品评价里。这解决方式厉害了
裤子非常的好，这是第二次购买了，值得大家购买，而且裤子不起球，质量非常的好。	京东购物就是快，购生活用品超级方便！	用了很舒服，之前一直用潘婷，	那不是很大，但是味道还可以，嗯。那你买起来都很方便，亲自迎的货，送货速度也快，睡的放心，不错。
不错，确实是正品，好货	性价比方面比较好，独显是最大的亮点之一，带摄像头+耳机不错！	裤子很好看，穿着又舒服，质量也不错	早上挂的单，下午就去取货，机子性价比很高，用了10天了，才上来评价，发现这机子京东还没有降价，心里很高兴，只有一个扬声器，音效还可以，没有网上说的那么差，重装系统后运行很平稳，没有什么问题！
东西挺好的，京东物流还可以，可能下雨就慢了点。	装XP太麻烦  在网上看了无数贴子 最后下了个1G的GHOST文件  自己做了个U盘启动盘才装上 但驱动装装太麻烦   特别是声卡驱动  超级麻烦    显卡没有A卡性能强  玩游戏也勉强能凑合着玩	京东自营 快递竟然没在预计送达时间送达 真是无语了	今后再也不选京东了，麻痹刚买就降价，太不要脸了，机子卡的不行，谁买谁后悔，垃圾客服
钢琴烤漆的外壳，透着水纹肌理，感觉不错。这款笔记本的配置也不错，甚是合理搭配！物有所值！自己装了XP系统，运行很流畅 ，一般办公用足够了	还可以。。。。。。。。。。。。。。。。。。。。。。。。。。	XP下如何用指纹，有人才告诉我一下吗？IBM有软件打开的ACER的好像也有个软件，装了却打不开，点来电去没反应。散热量跟我THINKPAD X200比太热，跟我的COMPAQ V3803TX比还算好的	提个意见，这个火龙果首先是小不好吃。其次，前天送到，开箱就坏了一个，好，我就算是压的吧，把那边削了吃了。今天从冰箱拿出来，到处就是烂的疤了。怎么，基因突变吗，才过了两天啊。
很脆很好吃，为了凑单又一起买了一盒山竹和两盒芒果，都有冰袋和保鲜盒，装的非常新鲜。早上下的单，下午就到了，非常快。买了n多次了，还会继续买的	什么破客服，说了换地址，立马不换，从来没评价过，第一次评论，操立马	一个字烂，两个字太烂，三个字非常烂，好差的苹果，第一次在京东上买到这么差的东西，商家太不负责，句句属实，苹果又小而且还有坏的，肯定是去年的。强烈建议大家不要买。好气！	开始下单时说是22号到货，可是直到23号下午才送到，垃圾产品，假货，我要的是32G的，收到后发现只有26G，再联系商家怎么都联系不上了，发信息不回，太垃圾了！差评！差评！差评！
裤子很好，颜色很正，非常喜欢，准备再买一条，好评，绝对好评	不错，搞活动买的，还赠吹风机	当初无意在电视上看到对于丹的采访，满怀希望地买她的书看。看后觉得与电视中的讲演相距甚远！失望！	房间比较陈旧，没有无烟层，商务间和会议室在一起，白天环境很差，早餐非常简陋，服务态度先不说，单就服务质量而言就很不令人满意，客人大部分都是国内来开会的，不推荐个人旅行者入住。
刚拆开外包装就有一股香味扑鼻而来，是我想要的味道，也是正品，继续关注	个头有点小，吃起来还是挺好吃的，也非常新鲜，京东送货快，看中的就是这点	宾馆地段不错，可惜没有早餐提供。隔壁的那家饭店很有特色，名字忘了 好像有吉祥两个字 浴室下水很慢。总体评价中等。	客服态度很好，妈妈收的，没有拆开，还不知质量，希望完好
我一直用linux，觉得比xp快很多，很喜欢；键盘比我以前的三星小一点点，轴很结实，屏幕感觉挺舒服，但是厌恶输入法	"1.外形设计相当有个性。2.支持RS-MMC扩展。3.手感良好。4.最大卖点：双喇叭设计与3D环绕立体声配置,音效效果酷似专业级音源。"	位置挺好，标准间特宽敞，服务水平一般．若到星海广场玩一天并晚上观看剧场真人秀可选此店入住．	配送速度快 服务态度好 配的赠品不对！
"周六到西山去采橘子,路过这家酒店的时候就觉得应该不错的,采好橘子回来天也晚了,就临时决定住在这里,因为到了他们家门口才通过携程预定,大堂在没收到信息的时候通过携程的电话确认就先帮我们办了入住手续,感觉服务还不错.定的是他们家的非湖景套房,房间很大,床是2MX2M的,设施蛮齐全,标房在周末都住满了,套房的入住率好象不是很高的.值得推荐的是他们家的几个看得到太湖的大露台,一个可以看见大桥的中餐厅.吃早餐的西餐厅也能看到点太湖风景,整体感觉还是很好的,想看看湖景,散散心的朋友住在这里绝对适合,他们家没挂星,但设施是按五星标准配置,环境幽静,服务员看到客人都会打招呼,比较满意!"	S65经常会死机；电池续航能力太差，仅一天；反应比较慢；搜索网络的能力不太好，一旦没信号，再也找不到网络了，要关机再开才行；	特别小，味道也不怎么好，还不如去超市买	一颗心我都不想评。焦灼的很，假货真心，一直都相信京东的。但这次真的很失望哎。上次买的梨也是烂的，这次的苹果更是吃都不能吃，周边的人都在说，怎么还在京东上买啊，现在都开始pian'ren人了。简直吃都不能吃，扔了又可惜，哎。我从来不评论的，这简直不叫事儿啊。全都是这种，还有比这个更小的更烂，但。我发图的目的不在于什么。只想大家能看到有一个选择。
大小合适老公很喜欢穿上很舒服质量不错颜色不错领口面料好	酸奶喝来喝去，还是最喜欢蒙牛的红枣酸奶，味道香，还便宜	和图片一样，不过衣服洗的时候会点毛！质量不好	1.外屏文字显示不够清晰； 2.做工一般； 3.按键手感一般，灵敏度不够； 4.内屏图像显示不太清晰； 5.铃声有明显的破音现象，不支持铃声下载； 6.不支持WAP、JAVA、GPRS，红外；
物流很快，质量很好，已经买了5件了，很喜欢	手机效果不错，华为的品质真心不错	太小了，根本不值这个价钱，还没我手大。坑	苹果缺点：个头太小，像是筛过的，全都是小个，也难怪，24个平均下来不足200克一个，不可能大；形状有一半不规则，更像是筛过的，和宣传的差异太大，下次绝不会再买。
我觉得还是A96好。造型上，A810肯定远不如A96的；手感上，A96比A810设计合理多啦，手感很好；功能上，A96比A810全多啦，比如GPRS上网，短信防火墙等等。	买了这套书，里面的画面是黑白的，而且还有点点浅，不过画面的线条比较美。我是带儿子度假的时候把这本书带上的，在美丽琼海边上两棵大柳树下的秋千上一起读这本书的，我和儿子一起给书里的男孩、狗、青蛙取了好听的名字，然后美美的看着画面想象着开心的讲完书里的故事。儿子开心极了，因为故事是我们自己编的，我们都喜欢。不错的一套书，能给你无限的想象，也能给你无限的乐趣。	地理位置不错，在市中心繁华地段，去天津街、清泥洼都很方便，楼下不远就有有轨电车；我住的是个mini标间，但比想像中的要大，有17、8平吧；服务什么的也都挺好，觉得不好的一点，上网居然要收费，20元/天，不过我也时间上，希望以后可以免费；电视可以收到韩、日、美、港等台，但有些台不清晰	和主楼相比不是一般的差
非常不错的酒店，前台服务人员的态度也非常好，只是目前现在大堂在装修，找门都找了半天，这是小小的遗憾之处，其它都是非常不错的，值得一住！宾馆反馈 2008年5月30日 ： 谢谢您!!您的支持就是我们服务最好的鼓励!!	物流速度还算满意，毕竟距离蛮远的，这个价格来讲还是满意的	键盘不是很好 上下左右键有点歪 还有就是VISTA 需要适应很累 要好好研究	是在外面卖不出去了的存货吗？呵呵。
穿上效果还好，大小也可以，整体还行！就有味太大了！	第一次买的还行！第二次买的就全是个小的！对这家店铺很失望！黑商	一次买了两个套装，满159送吹风机，结果却没送，客服回答各种奇葩，还有说这个是潘婷送的，沙宣没送，有这样的吗，太让人生气了，公然欺骗消费者	请商家自己看看这样的能吃吗能吃吗？打开包装看到四个都是这样的直接扔**桶了！!最堵心的一次购物。一直信赖的京东怎么会这样？!
裤子质量不错，穿起来很好看，给男朋友买的，穿起来帅帅哒，今天泡过后也不褪色，值得买	味道很好，很甜，水份很多！京东物流一如既往的快！	东西很好，快递很快，京东超市非常好	京东的33208号客服，不解答，说着说着又不回复，一个买书补差价问题我咨询了好几天，每次到最后他是去上厕所了还是去洗澡了？就把我往这一放再不管了。本来都不评价的，默认好评，被这样对待了几天，数次，实在是受不了，用1星表示一下对京东客服的抗议。
好像早饭没有以前好了，品种也少了，居然没有煎蛋。星级酒店里很少碰见。房间有异味。打扫不够彻底。	产品很不错，唯一不满的是保修条款第八条：背贴被撕去，或背贴模糊不清的，不在保修之列。我估计没有几个人不撕背贴的，华为是在变相逃避保修责任吗？	客服太差劲了，维修弄了半个月也审核不通过。建议嫌麻烦人不要买，机子才用半个月主机就坏了，不能开机也不能充电。	买六瓶发三瓶 京东售后处我提交多次申请查订单 没 回复 实在愤恨 差评
不错，面料很不错，质量不错，以后会多关注	情节设计很能抓住孩子，6岁的孩子不仅让大人讲了又讲，还自己主动讲给好朋友听。绘画效果也还可以接受。孩子在无意间浏览了各个时期风格迥异的名画。美中不足的就是一套书中不同本的情节设计没什么差别，只是名画的年代或风格不同。遗憾的是为什么没有中国人的精美绘本，从创意、文字到绘画，好作品都是外来的，文化品位也是外来的，下一代都喝洋奶了，本民族的养分谁来继承？？！！！	包装不错，果子能吃，但酸度比较高。吃的时候还好，吃完了嘴巴里一股酸味。应该不是烟台苹果，烟台的吃完了嘴巴里是甜味。	想退货也不行，装软件也装不上
拿到的是完美屏，速度也很快，因为原来笔记本就是Ibm所以用着也挺顺手。准备过几天改成xp。显卡是集成的，不过因为我不玩游戏，所以无所谓了。之前看了很多地方，价格都比京东上贵一些，所以这个价格我觉得还好	小，还有一个坏的，另外一个箱子没了拆开，味道我觉得还可以，就是个小个小个太小了	玩下消消乐就发烫的厉害。	真的，操作感还不如几百块的手机，国产平板太垃圾了。平板还是买苹果舒心
宝贝很好，价格也很合适，好评。	我是今年五一的时候去的，感觉还可以，餐厅也不错，服务也很好，受感动最深?	比超市都贵！买前没对比，想退货还得付运费！算了，以后得多看看	太垃圾了，头皮屑越洗越多，头发越洗越掉，不是这个洗发水不行就是假货，大家慎重考虑，别买
做工也精细，颜色不错，很正，大小合适	价格合适，使用效果也挺好，干爽舒服。下次继续这个牌子。	零碎的时间也可以成就大事，工作无贵贱之分，做客户就向谈恋爱一样，不但要广结善缘而且还要做好细节，细节决定成败，人脉聚集人气，和气生财，医药代表要做好医药工作，一靠“礼”，二靠“磨”在把善缘和细节融进去，必定能为自己找到一个突破口。	蒙牛有质量问题
香脆又可口.冷链供应.确保了水果的新鲜很赞值得推荐哦快递小哥尽责.到货后可验视如有变质可退货	"酒店很新,服务也很不错,如果要在旺角买东西的话,住这里真不错,先达广场,波鞋街,郎豪坊都非常近,而且离地铁也很近.我春节去的,虽然价钱有点贵,加了HKD100/天升级到32楼的行政楼层,不过房间还是比较小,HK的酒店看来是没办法.总的来说,下次去,还是考虑住这里,相比其他动不动就2000多的酒店,1700左右,五星级,性价比不错."	东西就这样一分钱 一分货	发来的都是烂的，差评，建议不要购买
质量很好，是正品，京东服务好送货及时。	清扬男士，夏天用特别好，去油腻，清爽	有强大的存储空间，铃声蛮大的，配置的游戏也可以。我最欣赏的还是红外线的配置，和朋友来个任意“沟通”！还可以长时间录音``````蛮不错的	昨天在京东第一次下单，购买了此电脑！今天上午拿回了了家，外观很漂亮，做工也很精细！特别是屏幕，真的很亮眼！（说老实话，我就是冲着优派的信誉而去买的，尽管他第一次做上网本）内在质量我现在无法瞎评，用一段时间后再交流吧！到现在我连续用了5个多小时了，感觉不是很烫。我个人认为对的起此价格。至于4600的六芯电池介绍上说只可用3小时，我是不理解的，到底是优派客气，还是此本耗电是厉害，等我使用后才能知道
不错，上图和送来的苹果有好大的差距，送来的苹果是过季的，苹果颜色暗淡无光，如介意的不购买。上图看是很新鲜。	最恨的就是你这种坏了一锅粥的！蒙牛	哎，收到货后打开一看，三个坏了两个，大夏天，伤不起啊，是不是应该联系京东客服啊？	差差差，太差了！不是一般的差，我希望以后携程不要再推荐这样的酒店给我！！！
给老公买的，穿着比较舒服，下次还会光顾的???	一般，非常一般	2012年的最后一天，就这样子对待我。。。刚刚美滋滋的领完蒙牛酸酸乳的饮料，就被通知说要写体育学论文，并且就剩我跟二丝我俩没交了。手机坑爹的没流量了，无奈跑回宿舍百度，路上还碰到好几个同学，还囧的要死的跟大家解释要回宿舍补体育。。。这是要有多无奈与尴尬。。。2012，赶紧拜拜吧。	差评，可用内存不到10g，懒得退货了。
裤子收到了，很满意，有一点弹力，就是舒服，应为我以前买过，穿快7个月了，完全没问题。 洗的时候用盐水泡下，以后几乎不会掉颜色	一个字，太慢，王者荣耀能卡死，唉	看电视超棒，看一整天都够电量。玩农药王者5个小时。一点也不卡。不爽的是加购的钢化膜。居然这么用意碎爆。39块一天没用的就爆了！那个气呀！	很差，刚刚买回来屏幕老是按不动，垃圾
第二次买了，很划算，是正品，洗了头之后，头发很顺。	朋友推荐的，收到实物应该是好东西，给个好评	按照入住同事的说法，可能在马鞍山算不错了，不过不太对得起价格，尤其是早餐比较惨～	1.键盘手感不舒服。2.屏幕亮度不能进行调节。3.机带内存容量太小。4.电池续航能力不理想。
这条裤子真的非常非常非常好，超级无敌贼尖儿棒！弹性十足，穿着显腿型特别好！特别喜欢！下次还会继续购买的！认准这家店！非常棒！	散热没有想象的好，很热，linux系统是没有安装图形界面的，只有字符，一般人只能是换系统，而且换系统很不方便，需要修改bios下，改为IDE模式，而且装了VISTA后没办法激活，很麻烦，正在找解决办法	251页到267页内容缺失，换成了239页-246页再来一遍。太不爽了。图书内容随便看看还可以，史书这样写看起来不错。一句话：可以看但不值得收藏的书，指的可能就是这样的书。	千万别买，谁买谁后悔，一点都不好。
总体来说不错。设施比较新，房间也不错。下楼30米就是星巴克。缺点：1，楼下就在修地铁；2，早晨我是被隔壁的XX声叫醒的，而且很清楚！3，上网系统简直会让人想顺着网线把服务器扯过来砸了......4，洗发液都是含护发成分的，短发男性会比较痛苦。补充点评 2008年7月25日 ： 忘了说了，我是大概2周前入住的。另外我也没吃那里的早餐，没法点评=。=	快递早上就收到了，太快了快递小哥很客气，下次还买	太油，看上去像一个礼拜没洗头的效果	"电池太差,买后6天就不能充电,经经销商的专门检查部门检测后说没事,他们给""激活""了,可冲了一次电后又不能冲电,现在还待修,也不给""保退,保换"",惨呀!!有高招的能人给指点出路,谢谢。"
用起来感觉还好，系统游戏都比较流畅，实际可用内存大约有6g……加个内存卡，电池看电影大约六小时，这是新机状态	花花公子品牌，就是不一样。穿着得体舒适，希望京东和花花公子多做一些这样的好产品。	质量差，掉毛严重	第一天收到还可以，第二天就冲不进电了，大家不要买京东得商品了，全**骗人的。
房间干净、舒适、典雅，地理位置绝佳，携程的价位合理，值得入住。卫生间稍小，块头不要太大的人，应该没有问题，呵呵。	好大的一部手机，适合老人家用	"这次订的是豪华商务房,干净,设施也齐全,免费宽带可以使用.感觉是小一号的索菲特.很不错.唯一不足的是电视的频道非常少,国内三星级酒店都有的凤凰卫视居然没有.但是对于商务人士来说还是可以的了.交通也非常方便,地铁,出租车等非常方便.由于没有和酒店的服务人员打交道,所以服务方面就不评分了.建议前台多增加人手,在办理CHECK IN 和CHECK OUT的时候都是一个工作人员,时间太长乐.宾馆反馈 2008年7月25日 ： 前台人员少确实是暂时的问题，我们重新调整了班次时间，尽量让您满意。给您带来不便敬请谅解。"	先声明差评是给京东的，不是给商品的，年前拍的，承诺年前到，2月6号就到哈尔滨了，2月13号刚收到，耽搁8天时间，物流没有动态，也没有任何人联系过送货，打过2次京东客服，只有派送点地址，没有电话，找到地方之后，派送点关门，门口贴着春节休息，12号营业，拨打门上留的电话，不知道货物去向，给了我另一个站点的电话，也不知道货物去向，又给了我快递员电话，辗转打了3个站点的电话，又联系的京东客服，没有人知道货物去向。中间催单客服也受理了，让我耐心等待，受理后也没人联系我，跟没受理没有区别！我想自提都不知道去哪提…中间有1个电话都没有，货物位置没人知道，也没人联系派送，可能我是个例，可也反映了京东派送环节的漏洞，如果无法承诺年前到，就不要打出广告，没人强求，大过年的快递员也都不容易，承诺不了起码提前告诉一声，这样杳无音信的是什么意思？货都收到了，京东客服才回访，问问收没收到…早干嘛去了
轻巧，外观和图片一样的，我喜欢 带电时间经过实际运行检验5~6小时，还是够长了 立体音效也非常不错，蓝牙功能和手机连接比较方便	东西很好大小刚刚合适，关键发货快啊，收藏店铺了，下次还会来	泡沫是挺多的，但是没啥清凉的感觉，薄荷不够力，卖家还送了一包尿不湿……不知道为啥送这个	不建议购买，质量太差，服务态度不好
初次使用，感觉还是可以的，能用多久，先试试吧。个人觉得华为应该挺好的，本来想买小米，结果抢了n次，抢不到，这个华为要是可以的话，以后手机也用华为了，看结果吧	不知道为什么。我家女儿就是不喜欢这套书。我们一起看的时候她总是跑溜了。似乎这样的插图和乱七八糟的风格她不喜欢。我也不喜欢这样的书。图画不是很逼真。好多英文单词我看着都不认识怎么教她啊。可能是比较适合国外的小朋友吧。	真不知道之前的点评是怎么得出来的，还以为会是一个不错的酒店，谁知完全不是那么回事。首先酒店没有大堂，是跟写字楼在一起的，check in要到7层。酒店正门不在马路边上，非常难找。因为是写字楼所以进进出出很多人，完全没有酒店气氛。前台服务尚可，可完全不是4星感觉啊。进了房间那叫一个失望，大床房仅比单人床宽出一点点，你说怎么让两个人睡啊？！楼道至房间所有设施都很破旧，而且看起来很不干净。如果也400元的标准来衡量，这是我在全国入住的最差的酒店了。本来预定了3天的房间结果住了一天就退房了。退房时前台还问我是不是因为他们酒店的原因，看来也不是头一回出现这样的问题了。早餐更别说了，比早点摊稍微丰富点有限。本来当时预定这个酒店就是为了地理位置好，比较方便，但是到了才发现周围有很多酒店可以选择。在它旁边有一家12月1日刚刚开业的海悦酒店，468元促销价，简直是让我捡到了大便宜，除了酒店大堂比不上君悦，其他无论是从硬件设施，还是从人员服务，还是从早餐看都绝对的5星标准。就是由于是新酒店房间稍微有些味道，希望他们可以改进。估计到了正式营业的时候绝对不是这个价格了。最近到成都出差的朋友可以试一试。	老是往乡下的货使用破旧纸箱。收到货连嘴都坏了
衣服非常好看，物有所值，大品牌值得信赖。	货已收到，很满意，我这么胖的人穿起来也很有型，不错，会继续光顾的	刚刚结束4天的旅游行，在YMCA的三天我非常满意。首先是交通方便，出门口2分钟就是地铁口，而且这个油麻地站通两条地铁线。特别是早上可以坐地铁去吃粥，晚上再晚也不担心回不来。（这个地铁站到12;45分关门）再次就是干净，不知道是不是新装修的。墙面和床上靠垫的颜色非常协调。卫生间也够大。（相对于一般的香港酒店）我们住的房间是三角形的，卧室和卫生间的灯光配合房间的结构布置的很好。龙头出水量很大，还有挂壁的吹风机，保险箱，小冰箱。。都不错。还有是服务员的态度也很不错。可能是因为这是基督教会所属的酒店。所以每个迎面遇到的客人，都是面带微笑，感觉很亲切。总之有朋友去香港我一定会推荐这家，下次再去也会首选这家。	498元的价格不是很厚道，但位置还是可以，预定时携程说酒店要信用卡担保，担保后到了酒店时，酒店说我预定的标准间没有了，免费个给我升级到套房。房间很大，感觉不错。
很好，加上圈很便宜，送货也非常快，上午下单，下午就到了一直用清扬。	苹果脆脆的，很好吃，拿出来一层水珠，应该是从冷冻货仓运出来的，外表看起来很新鲜，吃了两个，不酸，甜甜的，辛苦物流工作人员了，几箱水果送货上门	裤子质量超级好，给男友买的 他穿上尺码也刚好合适，朋友还问我要链接 说是也要买	太烂了，打开都自己冒出来，一点也不好
做工精细穿起来很舒服，质量很好	参加6.18活动买的且还有赠品一电吹风。	不好，卡球了	很不新鲜，好多烂的，还是小小的！
宝贝收到了。质量很不错，颜色和图片没色差，大小正合适，快递速度真是快哦，好评	物流快，东西是正品，信赖京东。	商品质量不错，配送及时。	哎，本来挺信赖华为的，结果买来用了两个月就黑屏了。要说黑屏就黑屏嘛，数码产品看运气，我也能理解，生气的是售后！手机修好后邮寄回来，打开京东的纸盒子一看，手机啊 数据线 充电头 早就从手机盒子里面掉出来了，难道修好手机后给装严实点，用透明胶把手机盒子给封一下都很难吗？第一次差评！
这个从外地寄过来的哦，物流很快的，今天买最最晚明天就到了，苹果真的很好吃，下次继续买京东水果，很满意	宝贝收到了还是蛮喜欢的送给宝宝的礼物爱不释手	商品已经收到，还没有使用，看外观和超市里面一样的，日期也比较新鲜。	外包完好，送货速度快 但是没有给我发票-.
外观、性能都不错，价格也比较合适，这次的发货速度很快，赞一个，呵呵	现在什么都在京东买 吃的喝的用的 送货快 态度好 很给力	苹果个头不大，味道可以。价格便宜。	容易粘指纹，偏重了点，屏幕换12寸会更舒适，键盘左半部分有点不实，按下去会下凹。
用了一段时间，效果确实挺好的，挺不错，还会再买这个品牌！	我用2051这款手机，虽然颜色不多，但很柔和，感觉还好，没出现过死机现象。洁白的外身和小巧的样式是令我着迷的地方。	买的适中款的，但是和超薄的是一样的	型号不标准，质量太差了，不值这个价！
特别好！挺喜欢的！划算！声音确实不错！	蒙牛牛奶，干爹最爱	缺少功能，当初听促销员的话就是个错误。	感觉假的，因为包装被打开过。合包装都坏了?
评价晚了，发货速度很快，头一天下的单第二天就到了，苹果很脆，有甜味。只是个头不够匀称，有大有小。总体满意。	不错，很喜欢，支持京东	内存小。打CS有点卡，不知道什么原因。发热量感觉有点大，不过可以接受。	还可以理解为什么有人会说我们的话。我的生活费都市全部都市全部都市全部都市全部都市全部都市
挺好的，就是买过之后，就促销了，早知道就晚点买了，总的来说好评吧	此本做工非常好。人见人爱，花见花开啊。 自从购买了此本后，腰也不酸了。腿也不疼了。工作也有劲了。 等着数钱呢。	"房间还不错,就是电视有点高,看着有点累,前台服务还可以."	可能美国的男女和中国的不太一样？对于一个有丰富生活阅历的人来说，这本书里的很多东西都不太实用，唯一实用的一条建议就是：时刻记着，男人和女人是两种完全不同的生物。
环境卫生等都很好，唯一不好的就是住店还要自己出停车费用，巨贵，住店人希望不要客人出停车费	7月19日入住酒店 总体感觉较好 不足之处如下1.一号楼到二号楼的指示标志不明显，而且要走很远2.服务人员似乎不知道什么是主动见面打招呼，这点比起海景花园酒店要差的远。我在酒店大厅、走廊 、院子里，见到酒店各个岗位的服务人员，大部分都不知道应该主动和客人打招呼问好	这就是在京东买的尚品实木沙发 退款比登天难	渣渣像素，渣渣分辨率，已经退货
房间不错，也有升级，服务也不错如提供擦鞋服务等，在下雪天确实很有帮助。值得推荐入住。	苹果很脆很甜，比在超市买的要好吃，吃完下次再来买。	吃货在蒙牛工业园	三个全部烂了！！！！！！！！！！！！！气死我了
特别大的屏幕，看电视剧特别爽，屏幕分辨率也还好，我觉得很满意！没有他们说的那么不清晰，除了照相的像素有点差！光用来看电视还是相当舒服滴！幸好买的9.6寸的，就是大！哈哈！	苹果很不错，大小均匀，红，甜！    第一次网购水果，没想到很成功！	一般吧，买的时候说当天下午到，结果下午到派送公司第二天早上才给送，味道也一般	我11月21号下单到11月27号才收到货成都到广安坐大客两小时就能到的送货送了7天，下单说今天下明天到的，下单说送保护套的也没送京东现在差差差
应该是正品的，之前也买过的，比较信赖的！挺好的，服务周到，快递给力！赞一个！	非常满意，商品质量不错，物超所值，以后还会来购买	电池耐用，系统反应还不错，华为平板推荐大家用，反应不如电脑，那是正常的，毕竟配置摆在那里，电影王者农药啥的，没任何压力	"没有自动关机,声音小,速度慢,短信发出没自动储存."
裤子收到了质量非常的好很喜欢送朋友的他也很喜欢	衣服不错，发送时间长了一些。	还没打开包装就闻到了好大的味道，心想不会是露了吧，没想到打开一看，心里拔凉拔凉的	标准间的卫生间居然热水都上不来，后来叫来了服务生和经理折腾了半个小时才弄好。。。 第一次住这么差的房间！！
今早收到货了，还送了吹风机，商家真有心了，到货和下单的一样，包装完好，等用之后再追评，五星!	很好，比上回买的潘苹果强多了，这次个头差不多一样，口感也挺好，下次还会再来。	"刚买的时候儿子不太喜欢看,因为在那以前都是给他读比较短的,内容比较简单的书,可能是太长的原因他不太喜欢。但现在非常爱看，几乎每天都要读上几遍。《汤姆走丢了》、《汤姆挨罚》、《汤姆上幼儿园》、《汤姆的小妹妹》他都爱看，本来以为《汤姆去海滩》那本会不太喜欢，因为他还没去过海边，怕他不明白，没想到他也喜欢。第次看完都嚷着要去看大海。这套确实不错，很值得推荐。说明一下，儿子现在27个月。"	这个平板真不值，有失华为水准。
发货超极快，果子比较脆，口感还不错	款式跟图片一样，质量挺好的穿着舒适；大小合适。	非常的好，宾馆里面太漂亮了，服务态度也非常好，床单很干净，去同里一定要住这里。只是美中不足的房间里的地毯陈年痕迹显得太脏了，建议能更换成地板显得干净也好打扫	"周边环境不太好，比较乱。房间设施简陋，收费偏贵。服务不太到位，中午1点你正在休息时，服务员来打扰要清理房间,真是令人烦恼。结果让他们下午晚些来，结果这一天房间也没打扫。这样的服务在别处是不可能遇到的。"
蒙牛正能量，只为点滴幸福。	今天刚收到的货，穿起来挺舒服，物流也还可以，整体都不错，但给广大的淘友说一句选码数，尽量比平时实体店买的小个码数，这是我自己的意见，采纳不采纳随意	怎么一点樱花味都没。商品倒是完整无破损。洗完了并没有觉得清爽。 感觉是假的。都不香的.....很失望	无线基本不能用，电视基本没频道，周边除了机场，没有东西。而且，飞机很吵。
非常不错，实惠，虽然不含早餐，但是也很实惠，房间很大很干净，地理位置不错，卫生设施一流，下次一定还选	衣服质量很好，穿着也舒服而且价格也便宜值得购买	东西很好，但是上次发错东西，拍照给客服就是死活不承认，失望了	第二次购买。竟然没降一分。差评，就看你快递快，不然走**，便宜，还有耳机，。所以差评
很合的裤子，穿起来吃那也合适，很开心的购物，本来想100多的裤子不会太好，结果最后的收获很大，真的很不错	一般吧，我订的蓝色裤子，发过来的土黑色	钱也付了，书干等不来，好不容易找到客服电话，原来书没有了。钱突然退回来，单位查起来还以为受贿，连个证明都没有。伤心。。当当做了那么多年，你们的总裁也天天媒体。服务还是不够精细，要不然我去你们那里管客服得了，肯定比现在好书又买了一次，总算买到了。。下次到卓越试试，看看是不是服务一样的烂	质量太差 我放在背包里 装的东西有些满，打开后洒了一背包
虽然不是最新款平板，但是性能还是杠杠的，很好用0，便宜，性价比高	不错，不错，挺甜的，不过话又说回来，苹果不是很大，苹果肉有点紧，需要用力咬，哈哈，下次想吃苹果时再来买！	超实惠、是正品和我之前在沃尔玛买的一样、快递小哥也很好、早上没有联系到我、下午专门送货上门	流量卡都用不了，累
不好意思，收货晚了，最近太忙。东西很不错，同等质量便宜好多，绝对超值	M2性价比确实高。618大优惠给孩子买了个。很是满意，不过老板也太抠了屏保都不送一张。	真垃圾，用个无线网都用不了，一样的网络就华为x2用不了，这是为毛	购买一条加厚款的和一条不加厚款的，商家发货与购买物品不相符合，全部发送 不加厚款，咨询卖家卖家答复是按照下单发送，实物加厚款和不加厚款完全没区别，标牌几乎无区别，存在严重的欺骗行为
轻巧，电池强劲，键盘尺寸够大，打字不吃力，cpu性能够用，WLAN性能不错，摄像头比较垃圾	脆甜可口，买了好几次了。这几天不便宜。	从拿到书到昨晚读完，用了不到一周的时间。我已开始运用书中所描述的方法，来改变我的日常生活。虽然知道要达到那种平衡的状态，我还要修炼很久，但我感觉现在的我比以前平和、积极了很多。它让我明白，如果你从内心让自己喜悦，这种感觉是任何人都夺不走的，不管你周围的事物做着怎样的变化。我会把这本书推荐给我亲爱的朋友们和家人，愿我们都生活在爱、喜悦和希望里。一定会。	开机就花屏，根本不能看。由期望转失望！值得赞的就是京东的送货挺快！
即使加了1G内存，相对于台式机+XP，Vista还是有点慢，而且几个老版本的软件需要重整了。	"房间可以,特别的套房,非常不错,就是餐厅太脏了,早餐搞得没胃口,"	此物品不值得去买，如此垃圾，既然还有这么多好评，30块钱的货而已。	差评，要不是没办法零星一星没有，瓶盖松的很，都漏了
换了一部小灵通，选的627，还不错，挺漂亮的一部机子，感觉通话质量挺好的也稳定，偶尔有掉线，但是这种情况不多，在外边跑业务，电话费感觉真是省了不少，呵呵，选对了机器	吃了一个，很好吃，酸酸甜甜的。口感不错，物流真给力！个头不大，还可以	为啥买的两瓶一瓶干性头皮适用的有外包装，一瓶油性头皮适用的没有呢？	蒙牛作恶无底线
非常棒的手感，屏幕大小也适合玩游戏看电影，第一次用华为，感觉不比水果差	酒店位于市中心。房间设施古朴典雅。很有情调。室内像上个世纪初老上海酒店的内部布局。温泉也不错! 下次我还会去。我住的是2005房间。	我的显示屏有时变色，待机时间较短，不能传送数据。	没有任何赠品不说，包装有图，我都不知道还有没有漏掉东西
质量超级好，超级喜欢，物有所值，准备再买一件，大家不要犹豫了，很好的，男盆友很喜欢	苹果中中的，很甜味道不错，冰箱冷藏着，饭后甜点，爱吃苹果么么哒	很乖巧、轻薄，做工细致，2099元时买的，没有赶上特价1999元的好日子，但是同事还是感觉性价比不错。买回来帮同事重新装了xp系统、分了区。	我住的是特色标间，所谓特色，是有些类似家的感觉。寝具不是单调的白色，是条纹和大格子的，感觉很温馨。圈儿椅的靠垫是卡通的加菲猫头，明黄的颜色有点扎眼，和周围配在一起感觉有点不协调。客房硬件评价3.5分。加湿器、烫衣板、电熨斗、吹风机、小冰箱等俱全。缺点：液晶电视固定在墙上，位置不好。一是遮挡了一个电源插座；二是与桌子搭配不当。桌子（与冰箱柜一体）在电视下方，如果坐在桌子旁上网或工作学习，正好挡住了电视屏幕。错开坐，正好是冰箱柜，腿脚伸不开。
有点漏，但是总体来说还是不错的，老公喜欢用沙宣，用其它牌子的洗发水有头皮，只有用沙宣不会长头皮，物流很快，好评好评	这款手机在使用上非常顺手	这个价钱还算可以吧！就是主题不能像其他产品一样能去下载	说好的有大礼包也不给送客服回答问题慢的很。还不正面回答问题。
非常不错值得佣有，哈曼卡顿音质非常好，看电影电视清晰度高，可看2k电影。	我只想说非常的实惠，用的感觉良好，物流还不错。家用早晚是个买！	衣服不怎么的 不好	火龙果一点都不新鲜，焉嗒嗒的，浪费钱。
裤子质量挺不错的，男朋友很喜欢，穿起来很帅气	收到刚觉还不错，但不是说送膜和皮套吗？为什么我什么都没有？	手机没有达到预想效果。用起来也感觉不怎么样，就是不知道后续怎样？店家太抠了，连膜和手机套都不带。唉！	京东售后太差了，有问题报了返修，好多天都不给回复！打电话那么多选项，找不到人！以后再不来京东买东西了！！
宝贝收到了，包装很精致，老公穿大小合适，做工精细，质量不错，非常满意。	"酒店很新,房间大设施全,离汽车站很近,不过地点大概属于城外了.下次还是会选择这里"	一，铃声太小。据说把环绕关掉之后会大一些，但还是不够大。二，对mp3支持尚不够理想。需要DM格式，还不能大于192Kpbs。不能随心所欲想要什么铃声就什么铃声。三，输入法设计的不太科学，需要长按数字键。四，我用蓝牙传文件老说蓝牙文件传输服务不存在，连接失败，有蓝牙拨号网络服务和对象交换服务，就没有文件传输，我传不了文件。	用了几天，真心垃圾，谁买谁后悔
宝贝收到，质量不错，做工精细	1、开机时读取SIM卡资料的时间还是比较长，整机运行速度不是很流畅特别是短信存储过多之后有明显的停顿感。2、和弦铃声不够大如果把阴凉调到最大则会出现破音。3、继承了OKWAP一些手机容易死机的传统，而且按键的反应也比较迟缓。	刚收到就降价了，这让人怎么觉得这么不舒服	差评，酒店很不人性化。
东西不错，比实体店便宜，昨天到的货下午就安装好了，很快，总之很满意，服务态度也很好，给5分，希望店主生意兴隆！	京东棒棒嗒！快递小哥太认真了，可能是生鲜送货有时间要求，还打电话给我说晚两个小时，老客户了！快递非常满意！同时买了两份，竟然风格一看竟不同啊！大小均匀还行！满意！	送货很快，包装也很好，还没安装，用过后会追评哦。	你来告诉我，右边四个哪个是大果？？？？比以前买的差太多！！！太差了！！
可以，舒适，不过有点长就是了。	装XP时候有点麻烦 要硬盘要改成IDE模式  一般盘子会报错 有点热量	哎，不好用，真不好用	东西一点都不好，假货，自己和家人用了都不好，不说别的，洗了第二天头皮很痒，一个人痒就算了，全家都一样，这个质量真假打假考虑，以为京东信得过，看来以后不会在这里买洗护东西了，假假假，怪自己贪便宜，打假千万不要像我一样
秒杀买的，同事都说便宜，还没用上，，等用上再评价如何吧，大牌应该不错的吧	看着不错，还没有吃。期待品尝后的感受，后期在评论	华圣 高原红富士苹果 12个装 约2-2.1kg 新鲜水果	上次送袜子，今天不送了，没诚信。
买来办公用的，还不错，特意用了几天才来评价，很好，目前没发现任何问题，亮点是音质不错，赞一个，然后续航还可以	好小呀！超市卖5毛一斤的都比这大	质量差，与图片不符，垃圾	今次买的苹果很差，其中有一个很差、皮很皱，都过了保鲜期了，还卖给顾客。你们以为顾客还会再买第2次吗？
物流非常好，客服态度好服务周到，宝贝也非常满意，质量好料子很舒服，款式大方百搭，颜色很正没有色差，下次还会再来	用了几天才来评价，以下是切身体会1.画质和音效不错，看视频啥的体验都很棒，并且比较轻薄2.耗电量：我主要用来看视频和看文档之类的，主要用来学习，差不多一天多（晚上还是也让它休息一下?），如果降低了分辨率，开启省电模式，会用的更久一点3.带上耳机会听到电流声，外放的话基本可以忽略4.最不满意的是指纹解锁，个人觉得不太灵敏，有很多次都是验证失败了，很影响心情，但用我的iphone就不会，秒秒钟开。5.屏幕比例个人觉得不太适合看文档，当然这是个人感觉，可能是我用电脑习惯了吧，但是有护眼模式值得表扬??7.可能是软件不兼容吧，我在微信上视频会有很大很大的回声，完全受不了，但是在qq上视频还好8.网上说的啥子拖影我感觉不出来，可能是我太木了吧?9.是请要下单的朋友注意，送的贴膜如果自己手残就让会贴膜的贴，这个屏幕太大了，跟手机贴膜的难度是不一样的，我就贴毁了，有5、6个气泡，但是也不想重新换了?10.鲁大师跑分12万多，说是正品?	买的时候感觉不错，现在用了几个月电池竟然就不行了，待机一天会少了20%的电	刚刚收到了已经有一个坏的斑点，下次再也不在京东上面买水果了，还是去实体店买！而且果好小
热水器相当不错，中午送到的货，下午就安装好了。好评！	地理位置不错，附近就是春熙路商业街，对面就是王府井百货。出门打车有点困难，附近吃饭的地方比较少，没有什么成都特色的餐饮。酒店的服务挺不错，但是银座边上有一个塔一样的东西，半夜会有轰鸣声，比较吵。	设施陈旧，服务员有点坑！明明门外有超市偏偏说没有买水10块！空调挺凉，房间有怪味道，有接送机很方.	很小很小很小很青真的差，以后都不会在京东买水果。
1.铃声音量较大； 2.屏幕显示效果不错； 3.支持外屏幕取景，方便自拍； 4.支持WAP、GPRS。	"26万色的屏幕效果不错,电话簿存量大,mp3音质较好,还支持移动QQ"	首先快递寄了九天，裤子上很多线头，特别不满意	买了四次了，这次拿来送人的，然后发现打蜡好厚，尴尬了，表示以后不会再光顾了，一分是给物流的！
这个价买这个东东很值了，够用了	花园式的酒店，在城中，有点旧，但靠花园的房间不错！	这也就是涤纶面料，连棉都不含，更不用说麻料了，真是上当	太坑了，这是网球火龙果嘛，还没个橙子大，分量不足，超级坑，也佩服被你们找得到这种大小的果子，还中果~~自己看看这叫中果
京东618，感谢卖家的优质商品和低廉的价格，物流小哥很给力，在家购物不用出门了。	真是不错，我就是一直都很信赖京东，到目前为止我也只有京东这一个网购平台，所以每次购物都是感觉很愉悦的，谢谢京东，	看了大家的评论后买的，可书拿回来后孩子不太感兴趣，给他讲也是总心不在焉，等他大点再看吧。	裤子不是很好，面料也没弹性，版型也不怎么好，和图片也是两回事
爸爸很喜欢～16G父母足够用了 也就平时玩玩斗地主 聊聊微信 看看视频	东西很不错，送货快，小哥直接上楼	带孩子入住只是希望能畅游迪士尼乐园（住客可以一次购票两天入园且中途可以自由出入），感觉还是值得的：整个园区景观幽雅，植被丰茂，各条园路均引人入胜，建议有时间可以四处走走。酒店环境不错，房间宽敞整洁，床很大，可以算作两张双人床；订的海景房，窗外远眺海湾，看渡轮往返，赏烟雨迷蒙，心旷神怡；晚餐自助餐尚可，早餐不敢恭维，孩子们如果喜欢与米奇合影，也可以尝试；建议下午六点左右回酒店到日落大道走走，海滨、晚霞、远山，值得期待。行李寄存和免费穿梭巴士很方便，入住时间下午三点，退房为上午十一时，但前后都可以免费寄存行李，不过乐园入口左侧也可以寄存，只是需要开包检查，麻烦。喜欢高球的朋友也可以到酒店后右侧早上挥几杆，我们是去游泳池享受了温水泡浴；泳池后还有个吧，看配制可以烧烤和表演，应当是晚上的节目，我们那天晚上下雨，没赶上。	洗完头痒的不行，空屑也多的不行。
买了好多台了感觉一直都不错	用了几天才评价，处了像素地一点外其它都好……	裤子挺好，就是物太不给力，	不满意，退色太严重了！
性价比高，速度很快，不卡，	性价比高，必竟才4k多。至于系统安装其实很简单，网上介绍很多。	已经学了好几章，感觉挺好，韧性已经有了明显改善了。但有个感受，呼吸难以掌握，俺们还是初学者，也许应该去健身房跟着瑜伽老师学习下在做某些动作的时候如何调整呼吸。不管怎么样，很喜欢这本书。坚持做下去是最重要的。给想买这本书的网友们的建议，这本书还是挺全面的，如果不是只想在短时间内专门减肥的话看这本就可以了，不需要再买其他的书，现在市面上瑜伽的书太多了，好多都是从里面拿些出来凑页数的。	超乎寻常之差，怎么评的三星不知道，按说就那设施水平连县级招待所都不如。房间巨窄，洗手间就纯一厕所，连个放物品的台子都没有，地漏巨容易堵，刚洗5分钟就水漫金山。总之，设备过于陈旧，建议各位驴友切勿上当。
总体很好。第一次住公寓酒店，家的感觉很好，房间分里外间，特别宽畅。不是一般酒店的房间可以比的，床也是2张床都超大，就是有点硬。虽然开放式厨房我们也没怎么正式用，但还是方便。有张餐桌也很方便。顶层的餐厅也是丰简由人，油画廊的感觉，特特别。广东早茶也是很好吃方便。酒店周围环境也挺好，在林荫小路里，很安静，有点象国外的那么cottage的感觉。　特别适合家庭情侣住。	C盘太大，不过可以从网上下载软件AcronisDiskDirector10.rar来调整分区 标称320G，不过我只见到298G（C 288＋D 10），其他的没见到	包装太恶心，让人感觉不舒服！	l感觉和以前在超市买的不一样，泡沫很少，液体太稀了，不是正品，悔死，真是便宜没好货！京东也是够了，不能那么相信它了！
物流超快啊，点赞。包装很好，真的很实惠	多次购买了，每次都没有失望，尺码标准，做工质量都好，一点也不比在专卖店买的差	在当当一次性订单600多元，可是送货的只把货送到楼下，说：“你的书那么重，我只赚你1.5元，我不可能给你送上楼。如果你自己不拿，那我就把书拿走”。我不知为什么你们之间的矛盾要把我们消费者牵涉进去，我们并没有少付一分钱。请当当给我一个合理的解释。	真是又小又蔫又差，还不如超市的处理货！
华为这个机子可以打电话 装了卡是为了上网用的其实还是很方便	"住了3天的五号楼,感觉相当不错.无论客房还是餐饮部的员工都能给客人以真诚微笑的服务.酒店附近交通方便,离市中心和各景区都不远.下次还会来住."	不论是产家还是快递的问题，衣服收到的超级不爽。?	说好的送货上门，结果送到镇上就不送了，既然做不到就不要承诺，很失望
很漂亮哦，黑黑样子，我喜欢 另外为这个本子单独定制的LINUX的操作系统，也非常适合这种小家伙	性价比高，外观还是不错的。GF130M显卡在笔记本里算是可以的了~T4200性价比要比T6400高很多，也就在2级缓存稍微差点。	品牌商品就是好 高端大气上档次啊 用完继续买	房间设施偏旧，洗澡设施太差
华为的平板也不错	快递 值得点个赞，下午下单 第二天早上就收到了	模具很一般，背面没有散热风扇的进气口，另外我去自提的时候被告知我买的是没有杀毒软件送的，和解？	天气原因，航班取消，就找了个离浦东机场近的地方，一进酒店浓郁的七八十年代老宾馆的风格，老旧，入住的楼道一进去就一股子发霉的味道，门还是老式插卡，屋里房间也小，地摊特别脏，屋里也有味道，中央空调暖风不太热，而且噪音特别大。时代在进步，这酒店也得更新换代下吧。总之要不是因为飞机航班取消，绝对不会在入住这里了。唯一可取的就是去机场有班车接送。而且吃饭也不方便。东方航空每年赚那么多钱，改善下这宾馆还不是九牛一毛。总之，体验感特别差，很差，很差。
凑个数 来个豆豆 不知道有木有 哈哈 还是不够哈 再来一遍吧	新机电池也太不耐用了，用了两天想换货的，京东又说拿回去检测什么，还不给备用机，我妈又回去，只能作罢。唉，京东越来越失望了。	拉圾 说好的返还钱呢 问客服一个字都不回	一个无窗的小房间，房间一股烟味，散都散不掉。睡到第二天九点，隔壁就开始装修，吵死。 入住体验很差。
买了整整两大瓶750ML的清扬，送了两小瓶100ML，还有一瓶凌仕沐浴露，太赞了，价格还超低，对京东的爱，越来越深，618就支持京东，再赞100边京东快递	蒙牛的香蕉牛奶……也还不错啦…	我买的中干性的，但是给我发的油性的，我是买来囤货的，因为太相信京东所以一开始没有看就放进柜子里了，现在拿出来想用了才发现给我发错货了，不给退货我可以理解毕竟时间太长了，也怪我大意。但是要不是它给我发错货，也没后面这些事！一百多一瓶还不是最适合自己的，想想就很不爽！	给一分是因为京东送货速度超赞！对这次购物很失望，除了手机和充电器，其他比如 耳机 贴膜 保护套 充电宝等什么都没有。??? 一次很失望很失望的购物！
非常棒，用过，顺顺的，水水的～	不错，苹果很脆，也很甜，挺好吃的	这是一个很有才气的年轻人， 每个刚刚走过高中的学子，都不妨读读这本书， 回味一下自己走过的青春花季。古人常云： 少年不识愁滋味， 为赋新词强说愁。不知为何， 当今的少年文笔好的很， 而且文字中很少牵强附会的。随着书中文字的真情宣泄， 读者往往会陷入对往事的追溯， 无论隔了多少代，那几年的生活， 于所有心扉初开的少年都是非常相似的。左手倒影， 右手年华。 青春是舍弃与获得的酸涩抉择。	这书我是打算送给我的小侄女看的，她今年6岁了，希望她过两年就可以看了，其实我还想找另外本书呢，就记得书名了，《前后汉故事新编》，上下两册，20几年前的书了，不记得作者，真抱歉，我要是记得他多好！那是本小说，对孩子来说读来毫不费力，可里头前后汉的历史事件，名人轶事所表述的内容却异常丰富，那种当时的享受和N年后的回味与喜悦，我多想告诉当年的作者呀！谢谢！
用**券，不错，挺合适的，便宜很多，没用过，听说好用，超值！	2g拖vista还是有点吃力的，后盖里面金属框架确实有点像翻新的，寒一个。	苹果个头不大！常温下食用不好吃！放冰箱后再食用脆甜！买水果这事儿还是实体店直观更靠谱！！！	比较差的苹果，失望至极，颜色差，味道差，个头差
离海边很近，但是房间的装修已经不是很新（海景房，1号楼），老式的宾馆，老式的服务。适合要求方便，但对房间设施不挑剔，要求不是太高的朋友补充点评 2006年9月3日 ： 比较过分的是所谓“海景房”（还要多加90元的）外面竟然首先是个堆放垃圾桶、扫把、拖把和打扫卫生者晾晒裤子的晒台，之后是个树林，再远处才是海，不知道这样的房间叫“海景房”合适不合适？；房间内霉味较重，打开窗户跑味半天时间也用处不大，个别墙壁角落处有霉点；床单、被褥的洁净程度很一般，比小旅馆还是要强，床看起来不是很平，但是睡着还凑活；枕套两套，上面的还算白（但是有洗不掉的污迹），下面稍灰；刚进入房间后不满霉味和所谓“海景”提出换房，当值的中年男人推诿多次无果，答应有退房的换，后来竟然告知一天都没有人退房。管理水平很一般，当然是和类似的小地方比，办手续的速度很慢，前台电脑里没有管理系统，竟然用的是word，好歹用个excel吧！这种管理落后的宾馆建议ctrip除名，要不以后怎么让人相信你们？	洗发水感觉可以，就是不知道是洗发水还是护发素不好，洗了头发一点不顺，打结，还毛毛躁躁的，我头发本身是很顺滑的，洗了这个过后惨不忍睹。	晚上几小时无热水洗澡，小洒店不如！贪平中伏！中伏！	垃圾货**的说是秋冬裤厚的，谁知道寄来裤子跟纸那样薄，颜色跟图也不一样，寄过来裤子颜色就跟街路边卖*一条一样，丑得要吐，**，下一个买裤的朋友最好不要买，太假了真的是假货，裤子颜色不对跟纸那样薄，想买的朋友要小心
外型美观。	确实在固执地送蒙牛，拿顾客不当人啊	这个火龙果，其他的都很好，就是酸死了，非常非常酸，什么玩意？还不如超市买！有一个还又小又白，完全没熟，又酸又涩！没办法吃了！	大小比苹果大一点。无法接收的是都发霉和烂掉了，这个就叫生鲜吗？很差的购物体验
店家老板服务很好，裤子质量真心不错，物流快递很是给力，很满意的一次购物	科学家们的口述史不仅说的是各自领域的自然科学史，实际上也是一部社会发展史、人文历史。比如本书主人公在西南联大读书时就参加了进步组织，57年被打成了右派分子，又像说到理学院长吴有训等等。这一段经历就不是单纯的自然科学，绝对脱离不开当时的社会。但从中可以看出科学家们那时候的真诚的爱国情操，也能从侧面对当时的社会人文各方面都能有进一步的了解。	三月29日手机下单购买，3月30手机下单就降价100元，我申请差价补偿，客服说收到货后才能申请，也没说需要截图，31日收到货后要求补偿差价，客服说需要截图，商品价格已经调回。这不是逗人玩呢么。	这一星算是给快递速度吧，唉，刚下单半小时就降价200，订单想取消都不行，商品保价都不能保，就是因为有赠品，赠品还没刚加入购物车时的多，少了几样价格还是不变，京东很强大的嘛。唉，本想拒收的，可快递来了，本人没签收就丢在公司前台，事先也没电话通知，这是最不愉快的一次京东购物。
昨天下单今天就到了！京东的速度很给力！很超值	环境很美，服务很好。但房间装修一般，入住时感觉房间很潮，酒店内吃饭的地方太少。	朋友同时在实体店买的，有带XP2的光盘，虽然用不上，而且装箱清单也是DOS的，真的奇怪？	第二次穿，裤子就起毛了，看来是买到假劣产品了
一直用这个牌子，很好用，掉发少，618买的，价格很合适	裤子收到了，看着还不错 面料也挺好的，下次还来这家买！！五星好评！	收到货有三个是烂的，12个烂3个！！！收到货有三个是烂的，12个烂3个！！！收到货有三个是烂的，12个烂3个！！！	打开包装后看到润发乳文字是颠倒的！用的时候发现，用了点洗发露，头发变得洗不干净的感觉，很郁闷！这次在京东买东西很郁闷！！差评！！！！！
用清扬用了好几年了，特别好用，别的洗发水用了以后都有头皮屑，支持清扬	总体来说还可以！就是房间稍微小一点，床也不太大，家具有点旧了，但是比较干净。服务还可以，饭菜的口味也不错。比较经济实惠！	如果不会装系统的话，会觉得很头疼，要在bios里更改，硬盘的类型为IDE，才能正常安装	拆开包装就看见小瓶的漏出来了！，我在京东购物第一次遇到，和客服沟通，客服好高冷！京东在我心里的形象降低了很多！
速度快，质量好！	美的美好专卖店美的美好专卖店	房间有味道，服务实在不敢恭维，预订的房间给卖掉，好在给免费升级，还算不错。就是实在可气的是退房后我忘在酒店了衣服，在前台办理手续的时候不予提醒归还，行李存放了将近三个小时后依然没有归还，直到我离开哈尔滨后回到父母家里两天后整理行李的时候才发现，电话过去才说有看到衣服，这样的服务实在是太差，衣服给我寄回来还要我支付快递费用。	第一次买的很好用，这是第二次购买涨价了不说，垃圾的要死。洗了头屑超的头又痒。感觉是水货。
牛仔裤很休闲，弹性也蛮强的，穿在身上很舒服，店家服务态度超棒的，而且发货速度也快，快递也快！喜欢的朋友不要犹豫啦。	相当不错的服务，房间也不错，　值得住．　而且位置很不错．	相信品牌！相信京东！物流超赞！味道不错！新鲜可见！包装完好！潘总代言……呵呵！	差吧，不好，不行。
看重的是这个套装非常实惠，总体很不错，家人的头发也很合适，头发比以前顺很多！总体不错噢，值得拥有！哪些个小瓶装的也挺适合旅行使用！	照相不怎么清晰 不怎么满意 还没苹果800万像素清楚	酒店房间太一般了不值这个价，洗手间一个字差	买了十二天，扬声器就坏了，联系客服也不在。想要换货，填了返修换货的单，想请问什么时候可以回复？
一直用潘婷，喜欢它的味道！！！！	"前台客房服务态度好！早餐也很丰富，房价够干净。再接再厉！中国人的酒店就是无烟房间少，或者把烟灰缸放进抽屉就是无烟处理。我们这类75%不吸烟者需要再忍受25%烟鬼吗？希望中国办的宾馆向外企学习。请多设无烟楼层。谢谢。我原先定的房价没有无烟层楼了，我就得加付20% 提升高级点的无烟层房间。We are the 75% non-smokers, it is about time that the Hotel respect us to have the freedom of freshair, BAN the Smokers in the Check-in or Check-out counter please. Thank you.没有或者很少无烟房间! 电梯内不许吸烟, 还是有一些吸烟者仍然没有服从规则! 我是不抽烟的人, 成为二手烟的受害者! (中国13亿人口中,烟民只有3.2亿. 不到1/4!!!)看到这条评论的烟民,请自觉好吗?谢谢."	内容我是喜欢，但前后叙述的顺序很乱，头会大！	黑色钢琴漆太漂亮了，可是也太显指纹了，不知道白色会不会好一点
"亚运村地区, 以这个价格, 还是相当不错的.交通方便, 楼下的酒楼很有特点(味道江湖),日日客满, 8:00PM以后有表演, 相当不错,来晚了占不到座位."	东西不错就是个别客服超烂 态度差业务能力差 欺骗顾客购买商品	外表光鲜去皮后原形毕露。换货申请两天没回复。	以后不会在京东买水果了。烂加不新鲜还贵。如果贵点。新鲜到无所谓。买的都起皱了。。还不如去水果店买
刚收到宝贝，还没有使用，以前用过这个产品，第一次在网上买，希望和实体店的一样好，物流很快，昨天拍的今天就到了，根据我的性格还是先给个好评吧！	给力的产品，给力的鬼子！支持日货！	现在的孩子要自杀的方法越来越坑爹了，过量饮用蒙牛	好评都是刷的吧！苹果难吃...并且十斤水果还坏了几个...商家不诚信...谁买谁吃亏...
收到了，质量不错，比想象中的还满意，上身效果非常满意，大小合身，很喜欢 重点是保暖 老板人很好 嘿嘿。。。	物流很快裤子试了一下很合身，做工也很好。	和华为手机的用法一样，给我老公办公用的，用来看excel表很合适，开会拿着又方便，用了这么久也没说不好，另外有两个音箱，听歌效果不错哦	希望京东严把商品入场关！
比超市的便宜几块钱，还有就是多送了两个小支的，用小支感觉还好吧，性价比不错！	第一次买，再也不会有以后了。小的跟我的拳头一样大，有的表面的霉斑都满了。还不如去超市买呢！	真难吃，有的都快干了 ，又硬，最差的一次	东西收到了，外表有一个都发毛了，不是一般的难吃，一股捂了的味道，一颗星给快递小哥吧
包装盒完好，没有坏果子，这个很满意，毕竟买水果看重的，就是这个的    说说送货速度，	太小了！跟水果店没得比，还贵……	这价格波动简直了，**感觉分分钟的事～还没寄到就掉了**手机电池很耐用，就是没有悬浮窗是什么意思～	不怎样，跟我看到图片不一样
速度快，音质不错，完游戏挺爽	坚决抵制傻比话！ 抵制蒙牛！	5.0屏跟别人手机太小了，手机整眼睛，功能有时候莫反应，再也不买了	NND，总结最多只让人写100字，不够啊，见总结！ 一，做工较粗糙！塑料感极强，整个一个塑料洗脸盆！机身衔接缝隙大，上下不齐！ 二，钢琴烤漆容易脏，容易刮伤！指纹就不用说了，才两天烤漆就刮伤了！
"用过华为的手机，这款确实是华为的feel,应该是真的，也不用验啦！用着还不错，挺流畅的，也很清晰，虽然是两年前的产品，说真的很不错！"	苹果还是可以，就是有点小，价格也得比较合理，速度也快。	送货快，但是像素真心太低了，反应也不是很快，给老人买来跟孙子视频用的，只能凑合用了吧	买4个品种的水果，收货的时候，出于相信京东的缘故，再者一一打开查看浪费快递小哥的时间，就没打开看，回来发现苹果少了一个，看来仓储师傅装货太忙，没数清楚，苹果又小又丑
京东的物流真的没的说，送货不到一天就来了，流程非常清晰，赶在无一之前使用了！白色本本真的很漂亮，质量超好的，价钱是我看到最低的，同事也很羡慕，我为京东好好做做宣传！	日常用真的很不错，比上网本强多了。速度挺快，噪声小，发热一般。体积家用还可以	宝贝挺喜欢，物流挺快，店家服务态度很好，以后还会再来	送货慢，收到货还没纽扣，自*块钱去补扣子
质量不错，做工精细，大小很合适，店家热情，样式不错，穿上很舒服	我昨天中午十一点多钟才下单购买了华为荣耀x27寸通话平板电脑，当时系统显示要从外地调拔，真没有想到居然今天就能收到了商品，送货速度特别快，而且外观质量很不错，物流配送也非常到位，本人很满意，特予以五星好评，以谢京东。	屏幕拖影，用的是廉价的负液晶显示屏，华为偷工减料，迟早要倒闭！	酒店房间太烂。服务一般。地点也差。房间小，卫生间小，居然还是蹲便。。。
质量很好 材质很好的 穿上很舒服 大小码合适 做工细致 与卖家描述一致！	快用完了，是正品，配合护发素用头发洗完香香的，很柔顺，用完还会回购的。	环境比较糟糕	酒店最大的特色就是房间大。问题在于，我在前台明明刷了两天的预授权，但是服务员却只给我做了一天的房卡，我每个月都会至少住一次太平洋，每次至少3天，每次只做一天房卡的事情发生也不止一次了！！而且楼层电话是坏的，没办法打到前台区，每次都害得我跑到大堂去重做房卡，这样的服务是在是让人气愤！！
看起来不错，送货快，包装好，没有磕碰坏的，赞?	去年无意中帮朋友预定过一次这个酒店，后来朋友每次来都要我预定这个酒店，我自己住过一次，也觉得感觉还不错，出行也很方便。	也或许，你看完A型、B型、 O 型、AB型这所有的四本说明书后，觉得书里所言都不怎么确切，那么恭喜你。在你身上，一种新型的血液很可能已经诞生了。你不妨为自己的血型起一个独特的名字，比如说，X型，然后，你就动手为自己也写一个《X型人说明书》吧。说不定，很多的X型会因此找到共鸣，觉得自己在这世界上，再也不孤单了呢。	简直就是垃圾中的极品，发个货等了一个礼拜，到了也就算了，结果到了还是发错的，真是垃圾，垃圾，垃圾，服务也差劲。
还行，有那么一两个被磕了，应该是运输中碰到的	面对大海很舒服.周围环境也很不错.客房也就3.5星.早餐也实在没档次.	价格高，质量还有问题，不管你干什么，声音要等将近半分钟才出来	还有比这个更小的嘛，还让我说什么，垃圾
非常满意的一次购物，物流快捷，包装完好无损，非常的新鲜可口，好吃，活动价格非常满意，五星好评！	非常超值，价格还比现在优惠，然后包装很好，次日达非常方便。	这个不支持电信卡的 买的时候没看清楚 不过用着还挺好的 颜值也高	一般一般太一般了。
甜又脆，很新鲜，苹果吃的是健康吧，第二次购买了，继续加油哈	电池电力很好，还有就是信号强劲，在几乎完全屏蔽的地方竟然还能接打！	刚收到货，还没用，后面再来评价	同时买了两个牌子的苹果，价格一样，品质差别立显，这家个头略大些，但是放了两天几乎集体长脓疮溃烂，可能和我没放冷藏有关系，但是另一家同是常温放置为什么没问题，苹果本身有问题吧，果子味道倒是很新鲜，又脆水分又多，不是很甜
非常好 香 甜 脆 我买了很多次了 真的很好吃	苹果大小均匀，水分充足，脆甜，快递比较心细还拆包一个个看	总体感觉还不错，唯一的不足就是酒店给我的房间不在主楼，而且正对电梯大门，晚上感觉有些吵，窗户打开面对的是一个垃圾场，无法开窗比较煞风景，可能通过携程预定的酒店都给安排这种房间，不过在香格里拉能住到这样的酒店已经算不错了，据导游讲这可是当地市政府办的酒店，平时开会都会安排住这里，还订不到房呢，在这里除了天界神川就属龙凤祥还行了。	差，特别差，非常差，衣服质量不好，衣服又大，发货速度又慢，什么都差
酒店位置还是可以的，有免费穿梭巴士接送，酒店的整体外观不错，但内部的设施和卫生的确一般，如果转机还算方便，但带孩子不建议入住	好咯哦咯哦哦 Joe look 内膜进行了，凑骷髅头一轮OK咯哦	没看过她的讲座，所以买了她的书看看，结果大失所望，真想不到为什么会有那么多人去追捧这本书。太简单，没深度，从另一方面也反映了我们大众对传统经典的陌生。	对所谓的藏畅销书越来越失望了这本书读起来味同嚼蜡不管从小说的角度还是说心理书的角度都写得非常不到位以前毕淑敏的小说有些还不错这本...就太失望了
买完就降价 太恶心了	上午*下午*送蓝牙键盘，我只收到裸机，没有键盘，申请补发，客服让提供截图，难道我们每次下单都要防贼一样吗！	这次买的苹果真是特别无语，坏了得大半，外面看着好好的，里面都黑了，儿子吃着吃着就坏了，时间长了的东西就别再欺*消费者了呗，还搞什么秒杀。这次真的特别失望。	昨天下单，今天降价300，京东的价格波动我也是醉了~~~可以选择退货么？低分不针对商品...
给老爸买的。穿起来很合身。裤子也非常有弹性。比在实际生活中孩合适。老爸大爱	耐着性子看完，不知道作者想表过什么，内容离我们的生活似乎太远了点。	额，包装不怎么样，用起来一般般……	买了两个，一个还行，另外一个就呵呵了，屏幕不好用，客服推三阻四每个解决办法，玩了游戏闹心！
酒店的感觉比较旧，应该是装修的时间比较长了吧	"房间比较新,面积还算可以的,也很安静.关于前台服务:现在通过CTRIP预订是免上网费和正常服务洗衣费,但打单子出来就要客人付款,被质疑之后推脱为工作失误,该事已经有人在这里点评过,又被我碰到,因此可以怀疑其诚信."	**，连瓶盖都没盖紧，弄得一箱子都是洗发水	都不知道是在库房里堆了多久的火龙果了，这样子还拿来卖，味道也很糟糕，吃过的最难吃的火龙果。上当只上一回！
买过好多次了一次四箱，独立包装很新鲜，个头很大口感脆甜，吃完继续	不错的苹果?，大小均匀，比较甜。	非常不错，京东小哥尤其给力，非常棒，很不错…信赖京东自营，非常棒啊！你说过年前啊巨头理论理论路上咯！	在灯光下的照射下看少了五分之一
物流很赞，衣服很快就收到啦，是我喜欢的风格，没有色差，质量超级棒！比实体店买的便宜多了，以后还会来这家光顾哒！	买3条、这款厚点、不是超薄款、想要超薄款啊，但质量不错，就留着穿吧，	什么东西吗，简直就是个垃圾，上网慢不算，屏幕分辨率太低了。连无线都连不上，	物流真是差的可以，7天收到货，中间催了店家好几次，每次都是应付，零下30度的天气物流走了那么多天，还能吃么？真是够了，不想说什么，我买的时候是49.9，整合给家里买，家人还签收了，要是我绝对拒收！大家看完评价再决定是否下单吧，差评！
很不错，很新鲜，老顾客了，买了很多次了，配送也很快，送过来有的还有冰袋。保鲜不错，很赞？	买家印象颜色好看做工精细比官网便宜无色差原装正品	离机场附近 无法选择	真的很失望。包装虽然是完整的，但是屏幕上有指印，还有被胡乱擦过的痕迹，看起来非常恶心，不知道是出厂问题还是京东的问题。东西没有用，扔到一边了，怀疑根本不是新品。失望。
屏幕刚刚好，不错	信号太差基本只有2格	和图片上的不一样 而且不是我想要的修身款，非常不满意	不得不说此次购物非常垃圾，首先苹果太小，其次味道很不好，有股异味，像是放了很长时间，不新鲜
从广州第四次来仙湖。仙湖不仅环境好，还可以随意停车。（主楼的停车场有保安看守）广州来这里几乎全程高速。渔人码头物美价廉，我儿子非常喜欢吃那里13元的扬州炒饭。而且餐厅外有停车场，并设有棚帐，不怕烈日炎炎。只是自助早餐一般般。总体来说，真不错！补充点评 2008年8月4日 ： 我们入住的是378元的悠闲高级房套餐，住在北楼。	挺好的，大小合适，质量也不错，值二十块钱	生活永远是最打动人的。不管在哪个国家，亲情的道理是一样的，陪伴玩耍、护佑、教育、关心、糊涂……点点滴滴，尽在纸端。更让我感动的是，这部不朽的漫画，诞生于德国最黑暗的时代，作者颠沛流离，生活动荡，可是，爱的力量超越一切，它埋藏了苦难，把温暖、温情、温和的情感永远保留下来。现在人们生活好了，可是却好像不太会带孩子了，“亲子”成了一个市场上的商业品种，啼笑皆非。	送蒙牛...健康才是最好的礼物。
很值得推荐的酒店，四星级，价格公道，童叟无欺，四星级的标准，三星级的价格，房间里铺了很不错的地毯，网络很通畅，不像某些酒店谎称“网络中毒”而不让上宽带，连好一点的借口都不会找！	味道不错，好评，只是希望以后水果能发的再快一些，毕竟时间长了天气热就坏了	不错。物美价廉 感觉薄了点。	不满意，卡死了
裤子质量不错穿着很舒服 样子也好看 性价比超高 真是物美价廉啊！！！	朋友推荐的，还拍了视频给我秀了一番，到货一看，确实蛮不错的，价格也划算	还没有用哪，也不知道好用吗？	东西收到了 非常不满意 掉色而且还很薄 裤子后面还有折
用了几天，比前几天退掉的ipadmini好用，护眼模式在晚上光线很暗的情况下，用半小时眼不会累。确认好用了新买了原装皮套，也比较满意。值得推荐！	衣服还可以，就是穿着稍微有一点小，如果肩宽和身材好建议买大一号的。	以为是为孩子们准备的书，即使有些教育父母怎么给孩子读书也不错啊，没有想到，居然就是一本说教的书，很遗憾，下次会好好理解简介导购的意图，不知道能不能退货？？？	拿回来是开了封的，而且用了头皮很痒，卖假货，找客服也不理，真不晓得好评是那里买来的
裤子很不错，穿着也很舒服，没有任何的色差，料子也很不错，非常喜欢，大爱	集合两岸三地的艺术家创作插图，每一本都风格独特。字号大，跟小学课本文字大小差不多，并且是注音版，尤其适合小学低年级的孩子阅读。能增加孩子阅读的兴趣，而且能增加传统文化修养。书的选择也非常好。如果说有什么遗憾的话，那就是缩写得太历害了点，对于要真正了解传统文学的中高年级孩子，更应该阅读完整版本。是一套质量上乘的儿童读物。浙江少儿出版社一直有很好的表现，值得肯定！	特意用了两天来评价，程序运行很快，不管是玩游戏还是看视频都很好，就是平板屏幕比较大，图片有点失真，但不影响使用。已经关注好久了，华为MT3果然没让人失望。	货已收到，蛮好用，像素挺满意。实物与图片一模一样
挺不错的一家酒店，地段也好。入住的是31层的行政楼层，房内的设施比较好，特别是卫生间内设置得很有条理，透过淋浴房的大玻璃可以看到卧室内的电视，所有的洗漱用品都放在一个精致的小盒子里，马桶还配置了自动冲洗装置。特别喜欢为入住客人准备的很厚很软的大拖鞋，作为一次性使用的拖鞋感到太可惜了。酒店为行政层设置了单独的早餐厅，环境很好，只是感到品种太少了些，早餐质量也有待提高，不知道是不是因为新政层每天用早餐的人不是很多。以后到南京还会考虑入住的。	优点就是位置好，去大运村或中关村办事方便。携程的价格真的不够优惠啊，还不包早餐。	不错不错不错不错不错不错不错不错不错不错不错不错不错不错不错不错！	酒店大堂环境不错358的房价还是物有所值，办理入住很快很顺利，让我心情级差的是前台结帐时服务员的傲慢和冷漠态度让人不敢恭维！可能这位小姐心情不是很好对我即是叹气又不耐烦，可是在与老外交谈时态度可以同5星饭店比较一下了。不过这位小姐的形象想进5星还是有点难度哦。
不错，房间很大，设施比较完备，地理位置也很方便。电视机稍微差了一点。	这次买的洗发水 怎么用了后头皮痒 还有头屑 一下下单的还有另外两瓶 欧莱雅的 怎么用了后头皮痒 还有头屑	使用了刚刚一个月还没评价就黑屏了，送到华为售后检测，说是排线问题，现场没有配件，要从总部调，需要一周才能修好。买机器的时候购买了两个延保服务，结果也用不上。	苹果也很好    差评，果断差评，习惯差评.神一样的帅刀    客服请不要回访    谢谢
裤子很合适，质量也很好，钱没白花，这个价格值了，这是物有所值。	气味芳香，洗完头柔顺，去屑止痒，	酒店设施太老旧，而且还有蚊子晚上就是离浦东机场近点，但是还是没有大众空港，华美，锦江之星这些近，相对老说各方面最好的还是维也纳南祝酒店最好，之前在那里住了2天，机场和迪士尼乐园都是免费接送，最重要的是干净卫生，附近买东西方便还便宜，这个酒店附近什么都没有	前台办理入住的服务员态度很差，一点礼貌都没有，酒店OK，差评给的是帮办理入住的男服务员
至少8个有糖心，好吃，家人都喜欢，大小适中，送礼的话小了点	比超市便宜，很好用，快递特快	设施、服务与五星的浙江宾馆差不多了，整体感觉不错，早餐花样挺多，空调效果也不错，唯一一点遗憾的是2月9日的晚餐很不满意，加份的菜卖完了，米饭吃完了，等面条等了半小时，服务生一直说在锅里煮。看着唯一的一个服务生上窜下跳的，我们忍不住对他说：“你辛苦了，是不是新来的”，他点点头	预装的**系统太复杂，不适合家用，价钱也有点高高。 另外就剩太完美了！！！呵呵！
房间很大，而且直接面对长江，景色很漂亮，不过附近好象吃饭地方少了点。	系统换XP后会更好用点。微软为什么一定要让生产商强制安装vista这种自以为很cool的大块头呢？如果能有包就更好了！	看重位置的可以试试，设施不敢恭维，	?拿到的实物比样品真是差的好多?，感觉真的好土哎?
不错的衣服。白色T恤嘛，随时可穿，价格也非常合适。满意	裤子挺好看，质量也不错，老公搭配衣服挺好看也很喜欢穿	裤子手感不错，现在穿很合适！活动也不错！	垃圾得要死！褪色，掉扣子，散线，布料比踩脚布还差！
待机时间太短了，不连接网络不玩手机只能待机一天，问了客服，客服说，这手机电量只能用一天，我也是醉了，挺失望的	Wifi网络不稳定，垃圾	不好，明明买的是领般的牌子，发过来是利堡，跟图片不一样	这也居然说是大果，和平常买的小果一样    而且皮都蔫了    这次是买水果最坑人的一次了
衣服款式很满意，儿子穿上很帅气！质量做工都还不错，包装完好，发货快，客服态度很好！好评！	记得刚给她买回来时，是和《我爸爸》一起拿回来的，当时问她听哪本时，她就要听《我妈妈》，讲完了要给她讲《我爸爸》时，她说“讲《我妈妈》吧”，第一天就听了四遍。我给她讲时都会加进一些能和生活中联系起来的内容，这样她更愿听，讲到最后孩子爱妈妈，妈妈爱孩子时，我都会告诉她“就像妈妈爱你一样”，然后宝宝就会说“妈妈，我爱你”，听了以后，心里特甜蜜。	坑人的裤子！吸尘器似的！难怪掉价了！买了两天就降价了！现在99，买的时候119	东西不咋的，看起来像人家穿过的一样，连扣子孔都剪开了，无言！
两大两小，花199-100买的，还是挺划算的，不错不错，支持京东。质量用段时间再来评价！	这套书有天马行空的想象力、生动有趣的故事情节，以及很多知识点，是一套很棒的科普书。小一些的孩子适合与水、蜜蜂、太阳系、飓风等内容有关的分册，不但很喜欢听还能抢着回答问题。各种不同的岩石、奇妙的电、人体感觉器官等内容对小孩来说有点抽象、难以理解，是初中以上的课堂里才会接触的东西，故事也比较长，讲给我刚六岁的儿子听时，他已经没有耐心听到最后了，等他长大再看吧。	1、LG W800是全球首款基于AMR9 CPU并且支持UniJa和JTWT业务的双模式手机，采用了一机双卡双号的设计，可自由切换于CDMA和GSM两个网络之间。为了更加方便用户的实际使用，还特意设定了便捷式网络转换按键。2、26万色的TFT显示屏幕，拥有2.2英寸的宽大显示面积，整体显示效果有所提高，可以带给用户更加出色的视觉效果。3、内置30万像素CCD摄像头，其辅助拍摄功能较为强大，支持4倍数码变焦、3张连拍、5秒定时自拍功能以及趣味性像框拍摄功能。4、W800首次应用由LG独家研发的72和弦铃声，更加具有震撼力和专业品质。5、和其它两款同样采用双模式设计的手机相比，93×48×22.9mm的体积使W800显得更加轻薄、小巧，具有质感。	第2次入住该酒店。总体还是不错就是不能免费提供宽带上网服务。宽带上网价格高的离谱 50元1天。着不是可以承受的价格。总体还不错
彩屏，和弦，关机后有时钟	用过的感觉，包装脏脏的。。画质也不咋地。。	房间隔音实在太差了，我住的是最贵的了，隔壁有人上网，他们的QQ好友上线的提示音都被我听得一清二楚，搞到半夜三天钟才睡着，刚睡三四个小时，就听到外面服务员拿着扩音器大喊某某房间的住客起床，就好像部队里早上叫军人起来做早操一样，居然用扩音器大喊，操操操，这种怪事都有！难道不会打电话到他们房间叫他们起床啊？为什么叫一个人就得用扩音器大喊，弄得整栋楼都无法入睡！！！我第一次入住如家快捷就遇到这种情况，以后免费我都不会入住如家快捷了！！！	两个月就坏了谁买谁煞笔谁买谁缺心眼，还不给维修，一共几百的东西，维修费就要我700多，希望大家不要购买，一直买京东的东西，现在开始不会再买了
内存用的不错，居然是1G ddr3的，样子有点仿sony的，摄像头和麦克风都有，配置比较齐全	首次开机使用，默认装的东西太多，必须自己优化下，否则用起来太卡了	料好薄。。丫丫的。。。不能只穿一件。做内衣差不多	机器是挺好的，就是京东的服务我实在是醉了，赠品赠品没有给我发过来，然后补差价又自己改回了*，幸亏中午*的时候我截图了，这服务，这京东，玩不起就别玩，中午*的时候我说退货我重拍，客服说正在处理，然后下午来电话说给我退了吧，我去网站一看又改回了*，感情是现在我退了还是*买，哥不差这*块钱，差的是这个事
平板电脑已收到，京东商城的购物很方便，华为的产品质量很好实用方便价格适中好评!	京东生鲜很超值，物流也快，拿回家就被消灭了好几个	好用，感觉比超市买的还好用。柔顺，香，喜欢！	小了好几码，颜色也搞差了，客服连系不上。太差。
很好，一直都用这个牌子，味道不错，速度很快，快递小哥直接送到门口的，买套盒还多送了一小瓶	刚收到货，质量很好，物超所值，以后还来这家店买	奶制品一直是在京东买，主要是快递快，加个还可以，省的跑超市买，我老家的生活用品，电器，都是我在京东买的，快递基本上都是次日到，很方便希望京东以后也要注意一些细节，像包装就没某猫包装好	苹果太差了，以后再也不买这个了。
苹果甜度高水分大，非常不错。物流也给力，为京东自营点赞。	借助一位职场精英的评价来表达自己对这本书的看法吧：可读性还不错，对刚入社会的学生特别新鲜。可对一些参加工作很多年的人来说，看上去就很麻木了……	床不好，被子薄，吃饭贵	产品真不怎么样，包装回到家已经破损了，而且洗发水已经流出来了，之前没有头皮屑现在用过之后已经起头皮屑了，
华硕品牌大  送人体面  配置不错，性价比高！ 玩游戏不错   打完华硕的官方显卡驱动后  显存会变成1G显存   很牛X	一直用清扬牌子洗发水，质量不错挺好，京东自营有保障，永远信赖京东。	衣服不错，老公很喜欢大小合适又买了一件米色的	酒店房门不隔音，卫生一般。含早的早餐不好量少，就一个选择。
对于了解中国的古代工艺有很大的意义。发现古人非常重视经验的积累，对于很多工艺的问题已经有了精妙的解决方式。但是同时，也发现古人对于工艺程序中的安全和环保问题大部分是忽视的，比如用汞提炼各种东西，以及镀金，这样操作，少活20年吧。还有采煤的坑完全没有通风，死亡率应当也是相当的高。古之君王，重农轻工，也不是没有道理，因为农业相对于工艺确实是一项更安全的职业。	酒店很干净，服务不错，所以决定今晚再次来入住。宾馆反馈 2008年7月31日 ： 感谢您多次选择国宾大酒店入住，并对酒店予以认可。我们将一如即往，以优质的服务，热情的微笑期待您的再次光临！	洗发水已收到，都没装满，不知道够不够量	连个视频会员也不送给个差评
新鲜配送货及时，比超市便宜，口味口感好。	买了3盒，太给力了。表面看着好像大小不太均匀，量了一量，说是75mm的果，其实比这大的数量不少（偷乐ing……），小的也达到75mm。吃起来鲜甜可口，甜中带酸，口味不错.	这是我住过的这一级别的级别的酒店感觉最舒服的。虽然大厅及外部没有那么华丽，但是房间干净、舒适，而且服务也比较好。下次我还会住这个酒店。	机器用了两天变弯了，会不会越来越弯？？？
手机不错，屏大清晰，速度快。	环境还不错，旁边就是华师，在华师参加考试是个不错的选择。缺点就是没有留加床的位置，加床后非常小，另外就是价格定的有点高了。宾馆反馈 2008年7月1日 ： 感谢阁下的宝贵意见，酒店有个别房间是适合配置加床的，如阁下需要加床，可在预订时提出需求，我们将尽力为阁下安排，期待阁下再次入住我们酒店。	真不知道评价怎么那么好，订了一晚，肠子都悔青了，前台是一问三不知，房间小的出奇，内部饭店不好吃，空调也老早关了，吃得热死了	酒店的服务极差，房间很大一股烟味。对面有个还开着门打麻将，让人无法休息。再也不住这家店了
性价比还可以，特别是返600后，如果有券的话就更好了。到货快！	东西收到了 感觉有点反应不是很快，还算能用吧。	外观有点难看，估计是模具的关系吧，还有塑料的外壳感觉很低档，应该是设计的不美观	不管你信不信，反正蒙牛自己都不信。
外观挺好的，比照片漂亮。重量轻，屏幕好，发热也不大，风扇隔一会转一下，声音也不大。用萝卜家园笔记本专用版XP3.0装了系统，支持SATA硬盘，不用改成兼容模式。只有无线网卡没驱起来，用了机器自带的驱动盘就解决了。总的来说这机器挺超值的。	用了一次，味道很好闻，不过感觉头发油的更快了，该需要再用一段时间评价，618买的，128一瓶，满199减100的活动，价位比别的牌子确实贵一些，不过如果真的有效果还是值得的！	苹果不错，与商家描述的一样，脆脆的很好吃，秒杀时填错了订单，两箱变一箱还交了*运费，算起来有点小贵，好吃也就可以了	垃圾店家，我拍的30的发货却是32的，给我发货错误不给换货，换货还要我自己掏邮费！特马双十一拍的，过了十二天才到，你们这是什么物流，蜗牛爬行吗？客服态度差，根本就不爱理你，提到换货他们就不给好脸色，这样对待客户注定走不远！
酒店位置其实很明显，但因为携程地图不清晰也或者是我不太会找，找酒店费了一点周折，但酒店的各方面设施给了我们安慰，酒店的服务人员都非常有礼貌，无论是前台或在走道上碰到了都不错．床也很舒服。	没想到蒙牛今天连续给我打了好几个电话问明情况，我说那一盒臭奶我已经扔了，也不需要什么赔偿，可是对方仍坚持要送我一箱＂新养道＂！其实，我不该仍掉那奶，应该给他们拿回去研究到底是哪个环节出了岔子！由此看来，他们的希望还是好的！所以我们国人更应该给他们时间与支持！中国，加油！@蒙牛乳业	商品收到了，但是还没用，等用过后才追加评价吧	这是我见过最小的火龙果，品质极差！再也不会在京东购买水果！
双十一买的！拿到手是这样滴 大家看看吧	刚收到就屏幕不清晰，不是很亮，联系调换，客户说只能换同款，真是忽悠同款还不一样，还有什么好换的。所以说无理由调换一点意义都没有。	真的差，这家酒店实在是服务有问题，说染头发掉色，弄脏了他的枕头，还问我要不要拿走（埋单），呵呵，住了那么多年酒店也是第一次，也不和他们说，你喜欢怎么扣就扣吧，以后不会再住如家，我第二天住了淄博饭店2天，也看到枕头有印，但是我告诉他们，他们说我们会帮您换上新的，这个我们会清洗了，实际上也住过如家几次，实际说真的，并不是非常理想，房间隔音差，管理参差不齐，酒店位置差，加上打的费用一样！就是靠服务员说几句你好就是管理？就是如家？以后真的不住如家！	重来没给过差评，现在不得不给了。两条30的裤子，居然一条穿不了……
特别甜的苹果，糖份很充足，口感不错。快递员很辛苦！	甚为强大的上网本，而且是ASUS的。总结以下几点： 1、电池续航能力强 2、无线带n，一般都只带g 3、带麦克风、蓝牙、摄像头 4、包装箱里头还配有内胆包、擦机布 5、电源适配器小巧（线上还带有绑带）。 总体~值！	一个多月前去住过，现在去发现新装修过了，看得出他们很努力，支持一下！	不新鲜，个小，口感差，好后悔，不像现摘的，太令人失望了，与介绍不符，有种受骗的感觉，今后永远不会购买了。
看了这本书，觉得人还是简单点好，阿嬷简简单单，充满生活的智慧，任何时候都不低头，只是不断地往前走，往前走，不抱怨，不担忧，只是往前走，乐观的往前走；有点迟钝的小昭广简简单单，外婆说什么就信什么，在困苦的环境中也快乐的成长。健康而且活泼，娓娓道来的记叙方式仿佛在面前徐徐展开了生活的画卷，让人忍俊不禁，随着他们饥饿而难过，随着他们幽默的言语而快乐。 是本好书，值得一看！	"酒店较老,空调效果不行."	该酒店新开业，各方面都不完善。携程上介绍的东西很多都没有，包括电视节目，居然没有一个海外节目，国内电视节目也很少。结帐的时候，居然因为餐厅有笔帐单重复计算，让我等了足足有半小时。很需要改进！在商务中心，我希望能用自己的笔记本电脑上网，也同意按照他们要求的一小时20元的价格，但一开始服务人员不同意我用自己的电脑上网，后经一貌似经理的人询问，说是可以，但令我气愤的是，那位经理很严肃的和我?	虚假折扣 还不如去超市了 看评论好多说都是假的，再也不买了
长恨歌，我想王琦瑶只是追求自己的幸福，从李主任时是青春追求名利，康明逊时追求的安稳的生活，老克腊追求的晚年孤独的陪伴，只是她的追求都破灭了～我想如果程先生没有在文革的时候自杀了，也许晚年的王琦瑶就会愿意了吧，愿意只有恩情而没有爱情的陪伴了吧～很不错的一本书～王安忆说过，她笔下的王琦瑶代表的是一座城市～值得一看哈～	吃的我们凌乱了、、、、、、这个星期考虑不吃肉。真的太感谢 和他的母亲大人啦。还要感谢 的伊利和蒙牛。	外观太不好了，而且内屏太小了，键盘挨的太紧了，没有座充，太不方便，上当了	很小很蔫，也不甜，就三颗26.9挺坑人的，没想象中好，特别不值，上当啦……不如去超市现场挑着买
"房间很不错,还是套间,前台服务员很贴心,因楼层少怕吵,特意没有安排向马路的房间给我。酒店地理位置极佳,就在七星岩牌坊斜对面,旁边就是华侨大厦。总的来说很满意,另外楼层走廊真的好长,开眼界了。"	中央空调噪声很大	去他妹呢，卡的要死！	质量太差了又小又全部不新鲜，各种烂的白点看着都不敢吃
6.18买到现在才收到货！催一次！快递走一下！	码子不对，有点长 颜色不一样	包装一打开，瓶子外面很脏，就像很多灰尘一样，不知道是不是卖不出去的，感觉像过期的	双十一时下的单体现为送皮套和钢化膜，到货后发现没有，客服告知需要在结算时另行领取，京东钻石会员第一次遇到这么奇葩的规定，只能差评了！商品使用后评价！
1：散热是最大的问题，左手托散热量太大，设计不合理。 2：奶牛本装xp很麻烦，不过买一个带硬盘驱动的系统安装盘，先将硬盘分区，在安装系统。	我收到货的时候，不怎么新鲜，不知道是哪个环节的问题；吃起来也是淡而无味，很失望 的一次网购。	"服务很差, 房间供暖不足。换啦两次房间才行。 态度恶劣。 新房间床上有别人的毛发。 叫服务员换还很不高兴。"	给个差评！这个差不是给华为机器，是给京东的发货工作人员，很没有责任心！这样精密的平板电脑，就用一个塑料袋包装送来，原厂的包装盒上有很多磕痕，今时今日这样的服务是让人鄙视的！
大小合适，面料也挺舒服的，好评	总是买这种苹果，家人喜欢吃，甜脆。发货很快	夏天不要玩、会烫手的‘	小的很，大小不一。小的可以手掌包住。
酒店还可以，早餐也不错，值得推荐，若价格能再低点就更好了。	舞台中央的奶滴形象真耀眼。这是今晚在发布会现场出现最多的图案了。由此可以看出蒙牛是真的决心从点滴开始改变了，也期待每一滴牛奶的改变和每一米幸福的降临！	衣服一般，跟图片不一样。	严重差评，物流慢，态度很不好
快递到了，拆开后看了包装很精美，东西也很多，比超市买划算多了。	物超所值，挺不错的，一直支持京东	昨天送到的，拿出来看果就不好，今天想吃一看长毛了	不好看，垃圾
比在实体超市里买的差太多，香味很淡，这个不重要，重要的是用了以后根本就和没用过一样。京东最失败的一次购物，果然是一分钱 一分货	很失望，感觉兑水了，以前朋友在实店拿过一瓶来用明显不一样，第一次在京东买东西，以后不会再来	大家看看洗头水这个上面漏的是什么，打开快递就是这样，京东自营商品真的是这么差吗？快递一打开，沐浴液是一早被人开了，盖子是弹开的，差差差，级度超级差差差 ，过分的	哪位大神设计的瓶盖啊，转了半天都弹不开，差评
好评！！！快递实在是太快了！！！！还没用！！！应该好用！！！	非常不错、喜欢、喜欢、超喜欢！！！	"屏幕亮度不能调节,晚上感到有些暗，想调得亮些，却无法满足这种要求！拍照需求许多内存空间（照片很占空间），可是它的内存并不大；而且不支持外接存储卡，拍照前总要考虑它的空间问题。还有就是用红外传输数据时，有断线的情况。还有就是价格不便宜。"	感觉假的 又不去屑又不止痒 又不柔顺 气味还不好
真的是正品，质量也不错，值得大家购买。	凑单买的东西，一直都在用这个牌子的洗发水.不错，快递小哥态度好	假货，电话查询无此号码，看吊牌吧，去年买了个表，法克鱿鱼，一万个差评，擦亮眼睛别上当，不会再来了，滚粗。负一万分！！！	劳资不想说啥了，要的黑色送个蓝色，要的加绒送个薄的，还特么送的死慢死慢的，垃圾中的极品！！
平板速度快，系统流畅	这家酒店是我在携程定的酒店里面是最差的，房间设施太小气，环境也不好，特别是我住的那天先是第一晚停了一会儿电，第二天停水，没法洗嗽，就连厕所也没法上，糟糕头顶。服务还可以。	买来就是烂的	很不爽的一次购物，整的什么赠送皮套，还赠完即止，结果我还没有收到皮套，我就想知道有人收到皮套了吗？恶心的活动！
很好，送快递帅哥很好，看我抱娃，帮我直接拿到四楼，非常感谢帅哥。	相信京东！第一次在京东上买水果，感觉还不错。	拿到手在色泽和款式上和商家无大的差别介绍，从卫生角度出发先洗了一下，洗完既没有缩水也没有变色，质量过关给个赞。穿了三天，还蛮舒适的，保暖适宜，有伸缩性。缺点是面料容易粘灰，皮带位上的标签也不能穿过皮带被皮带遮挡，还有就是如有些网友所说的确实裤子上没有品牌的标签。总体上来说还是符合我的购物期望的，下次还会继续关注。	服务态度很糟糕
24号买的，手中不小心滑落屏已经碎，时时刻刻，分分秒秒做好换屏的准备。	没什么好说的！不喜欢京东！东西本来就比别家贵！我一个账号可以领好多优惠券！一个账号一张都领不到！客服给我处理了四天！没有结果！说不是每个人都抢到！我赠送分享优惠券！说系统要处理24小时！因为是京东e卡，所以必须在这购买！	既然叫朗读手册，应该是一本可以朗读给孩子听的书吧！翻开才知道原来全书都是在围绕“大声为孩子读书吧”这8个字写得废话，只有最后几页读给孩子听的推荐书目列表还算有点用处。总结：这是一本毫无价值的标题党垃圾书	盒子里什么都没包，平板电脑直接放里面，配送员还得我主动打电话联系，还说找不到地方，箱子上面都压扁了，屏幕分辨率很差，看的眼睛疼，果断不用了，虽然便宜也*洋，看电影都难受。
宝贝质量不错，版型也好看，发货快。。。好评	包装很用心，里面是正规的商品包装盒，不错的平板，运行速度快	"办理入住很快,感受的是梦幻般的童话世界.大厅持续播放着迪斯尼的经典动画片，空中飘荡着迪斯尼的经典旋律。海蓝色是主色调，米奇头像是主元素。大巴是海蓝色的底色，上面画满了迪斯尼的动物明星；酒店外墙是海蓝色的，窗户的形状是米奇，椅子的扶手是米奇，电梯间的按钮也是米奇，镜子里刻的还是米奇，到处是米奇的身影,到处是孩子的笑声。房间很大，很整洁，一次性纸拖鞋上也印着米奇头像，包装袋上还注明：这是酒店送给您的礼物，请把它带回家吧！海景房风景不错，窗外是海，还可远眺五星级的迪斯尼乐园酒店。内设游泳池，带温泉，对入住酒店的客人免费开放，当天晚上没有去泡真是可惜，第二天一早赶紧补上。"	个头不是很大但是味道还可以味道还可以
香梨和苹果一起送到的，香梨看似正宗香梨，很甜超甜。	啦啦啦啦啦啦啦啦啦啦啦啦啦啦啦啦啦	蒙牛伊利都不要脸！越来越不要脸！抵制！坚决抵制！！！	一起买两条不同的裤子，回来发现货号一样样子一样价格不一样。坑
挺不错的，好用还不贵哦，效果不错的，下次用完再来买………………不错………	太小个了，味道偏酸。物流很慢。有两个有点坏。总之来说一般般。	服务态度差	买完就降价，欺骗 消费者，垃圾
裤子布料很好，穿在身上很舒服，也很有型，重要是价格公道，水洗不掉色。推荐购买	挺好吃，有点小时候吃苹果的味道。个不大，口感好，推荐买了自己吃的朋友买。	本人是一个军事白痴+经济白痴，本书的宋晓君、王小东两位著者说得赤裸裸的军事、经济论述，我等白痴都可以看明白。以前买的许多经济学的著作终于可以放弃不看了。当然，专门的经济学著作是很细致、具体的，但对于门外汉就很难入脑。尤其是我等不关心这方面的小女子。《中国不高兴》当然不是一本经济学的著作，它只是揭示了现阶段的国情、以及军事、经济力量的本义。这本书2009年3月出版的，新鲜之极。里面提到的2008年雪灾、西藏骚乱、地震、三聚氰胺、火炬传递、奥运，以及期间抵制家乐福等事件，亲切莫名。让我们永远记住2008，记住2008的激情，让民族之魂永远延续下去。看了此书一半内容，理解如下：军事是必须的。西方人的自以为是，是被我们惯出来的！！无坚强的工业及军事力量，就爽不了啦！所以制造业、军事都是我们需要努力的方向。中国要有伟大的目标：第一是要在这个世界上除暴安良，第二是要管理比现在中国所具有的更大更多的资源，给世界人民带来福祉。	人家最爱喝蒙牛酸酸乳了 找轮么？ 上面那个帅多了
一直用清扬的牌子洗头，效果特别好，不油腻，好评！	外壳很有特点 条纹很好看 用起来不错 装XP按网上的说的很容易装，还有原装鼠标	觉得洗发露有点假，不是广东产地连二维码都扫不出标价来，上挡下次不再买了	真J8坑东西不送就算了，隔天就降了两百，呵呵能说什么？
裤子非常合适，颜色也很好。真是大品牌。本次购物非常满意。过几天打算再买一条裤子。	出乎意料的好，坏的一个也没有，而且几乎没有压伤的果子，快递送到楼下。第一次在京东买生鲜，这么一看，在京东买生鲜也很靠谱的，比自己跑去超市买，不仅省事，而且省钱，同价位的苹果，超市这个价可买不到。京东有自己的物流就是赞，知道要爱惜每一件包裹，比起其他物流公司好太多了	前段时间给儿子买了蓝精灵系列（第一辑），他狂热地喜欢看。只要是空闲时间，他都会捧着一本，细细地读。沙发上、床上、车上、马桶上；早饭前、晚饭后、睡觉前，他都沉浸在蓝精灵的快乐世界里。每天回到家，都会听到他兴奋地说：“妈妈，我又认识了一个新的蓝精灵，它的名字叫。。。”。所以这次毫不犹豫地购买了第二辑，他还是一如既往地喜欢。如果你家有3-7岁的小朋友，建议拥有一套哟！	大过年得让我中招不高兴 都跟着闹心吧 互相伤害吧！ 真是活久见钱给了不发货 还不吱声
宝贝收到了，特地用了几次才来评价，绝对正品，洗发露很好用，润发乳用了后头发很柔顺，用完了还会来	涨价没意思 包装都省了 很差啊	头屑过多，我不适合，下次不买了	房间太差，外面就是立交桥，吵的很，房内脏，味道又大，房门不牢，开关感觉都有问题。办入住的时候，前台给了房卡，打开房间发现里面已经睡着人了，这种事情怎么能够发生？
裤子收到，质量杠杠的，款式简单大方，穿出男人的气质，朋友见了也要给买一条，特满意	还不错，个头一般，没有称，不知道够不够重量	垃圾，水果，物流，快递员都不好	也没带耳机！带的硬件都没有！差差差！
非常好！活动时买的，物美价廉，非常实惠！品牌的东西，值得信赖！	还是可以的 但是发错货 很恼火.......	春节买的，全部有6个是烂的，个头也不是很大，希望可以改进。	穿了没有几天，发现两个口袋就脱线破了，质量太差了
裤子很不错，买的时候有点犹豫反反复复好几天终于下定决心，回来后太惊喜了和在专卖店里买的一样，还便宜还好看，以后就认准这家了，我太喜欢了	环境和服务都比较不错，最大的缺憾是，早上打的的时候非常不方便。往往需要等上10分钟时间	对京东商品非常满意。但不相信中通快递，快递员服务态度相当差！严重影响了顾客在京东购买的欲望。	看来买盗版是要碰运气的，十张前四张不错，第五张不能看，还有四张图像不错，一上来也有声音，可是后面全没有声音了，呵呵。
味道很不错！甜脆，大小均匀，冷藏的，送货很快，下午下单晚上送到！第二次买这款苹果了！还是一如既往的好！好吃！?	"不错,住过几次了,值得推荐! 酒店外就有超市买东西挺方便的:)"	垃圾书，典型的伪科学，幸好是帮人带的。	售后服务态度极差
1.铃声优美，音量较大； 2.支持关机闹铃； 3.支持群发短信； 4.按键较大，手感不错 5.屏幕显示效果不错；； 6.支持GPRS和WAP，GPRS 上网速度较快	京东价格便宜质量又好，物流快服务态度好	物流很快，很喜欢，一直用这个的	质量跟*有得一比，穿了两次就能破个洞。
还在用，暂时一切正常，不过和我以前用的苹果6比起来显得有些迟钝，而且买回来充电线是坏的，寄回去换了一条，这质量值得大家去思考和猜疑，国产的东西为什么就是比不上国外呢，因为中国人的做事思维就是将就，不严谨，能做出来好东西？简直就它M扯蛋。	都是买给女用的 男的不怎么好用 都是单一的洗发水好用 套装不好用	不熟不熟不熟，买了水果还不够生气的	京东的快递员太差劲，晚上我人在家，他居然只送到小区门卫，也不联系我，也不告诉门卫是几号门的，直接网上打上签收就算完事了，打他电话也不接，问京东在线客服，非但不帮我催问，让我自己找快递员联系，在那里踢皮球，发好这个评论后，直接删了这APP
多次购买了，果子新鲜甜脆多汁，口感好，物流超快赞赞赞	"十一的时候去的洛阳,就住在这家酒店,总的感觉呢,地理位置不错门口就有去龙门石窟的公交车1元一位很方便(我打车去的也只花了30元)前台接待很热情,但缺点是房间实在是小,四星级这幺小的房间有点说不过去,但房间里有电脑这点还不错."	看着不错，先用着看吧。。	"一,是贵了点~.二,什么支持下载图片和铃声下载~到现在还不知道怎么下载的~~~~~~"
东西是给慰问同事用的，但是同事说没给开发票，报销还得再申请电子发票 挺麻烦的	我买了一套，是冲着作者买的。没什么内容和深度。	买了两瓶大的，两瓶小的，同一种。大瓶和小瓶洗出来效果就不一样，大瓶洗出来头发跟草一样，小瓶洗出来很顺滑。    能告诉我哪个是不真的么。	服务太差了，以后买他家东西真的需要考虑了，早上买的下午就降价，还一直不给退差价，让我退货，还说邮费自理，总而言之不会再买他家的东东，不管宝贝到手怎么样，这样的服务态度真的不敢恭维
每次都买套装，确实挺实惠的，这次换了个这个牌子真的挺不错	裤子质量非常好！男票穿上帅帅哒！喜欢的帅哥赶快入手吧！	裤子很好 很合适 颜色也不错 下次还会来的	光盘发现有裂痕，无法使用，已联系当当客服中心申请换货，应该是14号连同书一起寄回当当客户部的，但到现在还没消息，请当当确认尽快发货
作者结合希尔和卡耐基、汪中求等大师的一些观点，结合中国的实际情况，给渴望成功的青年指出一条实实在在的路。我也看过不少成功学著作，只有这本书的作者是企业家，感觉他说得比较实在，其实我们也不指望成功就一定要和比尔盖茨比，能实现自己的小小梦想就行。如果说希尔等人的著作是习武的总纲，还需要你研究推敲一下，那这本书就是本武林秘笈，你只要照着练就行了，至于成龙成虫，就看你练得如何。	性价比还可以的，就是16g买回来就剩下7g可用了，看来后期还是要买卡的。运行不玩大型游戏不卡。	挺好的…这个价钱买这个配置差不多了	这还真是不要脸了，这幺小的一个果子？放到我们这的超市都没人会买！
别人说的优点都有，散热好，完美屏幕，外观大气，送货效率高！！！！	东西不错，老公喜欢，发货速度很快，一如既往支持京东，呵呵	属于小巧可爱型的，携带方便，如果充电正确的话，电池待机时间可达半个月。	苹果上有一股难闻的气味，皮削了果肉上也有
虽然还没吃，但一看就是脆的。苹果很不错，包装也完整。	房间里有电脑，虽然房间的条件略显简陋，但环境、服务还有饭菜都还是很不错的。如果下次去无锡，我还是会选择这里的。	第二次来了，这电热水器真的不错	平板收到了，超级不爽，包装摔成了这样，箱子里面就一个包装盒，连一点填充物都没有，幸好机子没摔坏
我不是白领，也不是写字楼里的袅袅婷婷的女人们但是这段故事，仿佛自己亲身经历了一样，北京的各色建筑流离其中，感觉这个故事就发生在自己身边，有趣的是，程睿敏正是上一本书《曾有一个人，爱我如生命》中男主角的发小儿，是啊，每个人的生活，就是一本书，看自己是否用心的记录，并感动建议朋友们看一下，感觉非常精彩，尤其是心里描写和职场的一些斗争，绝对的受益匪浅	抵制蒙牛 无耻了无敌了，打死也不能喝蒙牛了。	打开包装前 沐浴液已开启（不知是否邮寄颠簸导致） 且有大量漏液	火龙果超级小 还少分量，说好每个最少450g，专门买的大果就给这幺小的，我就想说你家小果卖的是火龙果种子么？
1、做工非常精良，手感特别好。2、铃音大。3、照相清晰。	裤子很合适 穿上去很舒服 质量很好	电池盖有稍微的松动；色彩的鲜艳度不够，在阳光下的发挥也差强人意；音量设置到最大的时候偶尔会有破音；摄像头颜色偏淡，效果不尽人意；电池不怎么耐用。	物流挺快，保护膜没给发过来，问客服，两天了没理我，也没给个答复!我就想问一下京东，膜呢？飞了啊！
资源品牌的生姜洗发水还是很不错，很好	"门口服务很好,一楼的湖南菜价格也不贵,味道很好!尤其是菜单上没有的菜,他们会安排二楼的餐厅去做.一个人吃饭的话，汤可以按碗来点,这个很爽! 有8元/10元/碗的汤,很好喝.早餐简陋了点， 我喜欢喝酸奶, 可这早上不提供.房间也是挺干净的.我当时是去电力机车厂办事,很近! 只是叫的有时候真的不很"	住过几次了，谈点儿意见：1.交通方便；2.房间够干净；3.有报纸看；4.窗帘拉不严，住过的房间都这样；5.早晨8：00不到，服务员就来按门铃、敲门，问有没有脏衣服要洗；6.服务员有时在楼道里大声聊天。	房间设施陈旧，服务一般，由于中午到的酒店，网络调试需要帮助，居然说中午人都休息了，得等1点以后上班，靠。早餐还是很丰富的，下次不会住了，性价比不高。
优点就是地理位置，到外滩和南京路走路10分钟。房间比较小，楼层举架低，有点压抑。卫生间毛巾也许消过毒，但很旧，颜色发黄，没办法，我用的自带毛巾。服务人员都不太热情，办理入住的女孩子们还好，大堂前的服务生，问个路什么的回答问题时基本不正眼看我，很锻炼我的脾气，有利于修身养性。	刚收到货就降价，太气人了吧	很差的酒店	建议不要去买，不值，看图不错，到手就是很差，最后一次在京东买衣服。
宝贝质量很好，没有色差，东西质量很不错，大小合适，非常舒服	没有坏的，只是有两个特别小的，还没吃，不知道味道怎么样，应该不错吧	618活动买的 坑人的	"酒店总体感觉太差了,房间脏,旧。晚上入住后用水, 开出来的水竟然是混水-铁锈的颜色。早餐也很差,没有什么东西可吃的。和同级别的如家相比,比如家差得不少"
裤子很修身。穿起来，感觉挺好的，轻柔软的。面料很柔软。很有弹性。强烈安利一下。	我要加棉的 给个薄的	到处都是灰尘，是从垃圾桶里捡出来的吗，怀疑是假货，京东能解释一下是咋回事？	全是坏苹果，外表好看，芯都烂的，没注意咬到了，恶心死我了
华为平板，618活动室买的，价格公道	看起来不错，希望是正品哦，会一直关注你们的	可能看错了，以为买的是750ml.的，原来是买到500ml的    包装很漂亮	简直想退货了，用了一个多月，太差了，还有一瓶都不敢用了，头皮越来越多了，还不如夏士莲好用，真心不满意，能退货吗，还有一瓶。
这次到酒店就告知免费升级到套房，确实是一个惊喜．早餐比以前丰富些．房子隔音不太好，早晨外面卖菜的声音都听的很清楚（我在九楼）．	我觉得这次买的假的洗发水，和我先前买的不一样	实在太差劲了哦！照片好看，实际的还没有商场的好，还比商场里贵好多，	性价比差，吵，隔音差，楼道里一群人说话，睡不好
个头大小均一，色泽一致，卖相还不错！尝了一个，香甜多汁，口感好！赞！	6个包装很好，经常买的，喜欢这口味	不错，刚刚合适，就是不太后，冬天不太好穿。	生产日期很新，能用到19年12月份。还没有用，不知道效果1怎么样。
哈哈，终于收到了 超乎我的意料，裤子的料子很好，也没什么色差。最最重要的是客服态度好！以后还来！！	我想问这是正品吗？怎么感觉被坑啦！	买的时候图片上有吹风机，邮回来没有，问卖家卖家不承认～～～京东，我也是无语了～～～	酒店服务就是个垃圾，大堂经理和前台都是一脸不耐烦，再也不住了！
喜欢上了蒙牛酸牛奶的味道…	88秒的，还可以了，原价90多呢，一直用的很好，就买了。	酒店环境还行，设施老	西门子的售后真的很差，质量也不好
京东物流超棒，信任京东。苹果真心好吃，推荐给身边同事，都很满意。	苹果有点小，凑单买的，支持一下	看了还算不错的点评，定了标准间， 但是无论是硬件还是服务令人失望。硬件设施还不如一般的农家乐，窗户和门并排在走廊一侧，通风很差，一进房门扑鼻而来的就是浓烈的霉味和香烟味，害得我们一晚上就没敢关窗户，卫生间的淋浴设施地面连挡水条也没有，一洗澡就满地是水。前台服务冷冰冰的， 我们11点到达，称房间还没打扫完， 让我们在大堂等，之后就没人理我们了，过了半小时再去前台问，才给办理手续，实在是太差劲了。	首先我要点评一下玄武饭店6楼的房间，实在是太差了，最多只有3星级的标准；8楼以上的房间明显是重新装修过的，要好很多；我们入住的时候一下子要了6间房间，前台有位大堂副理为我们升级到豪华房，都在12楼以上的，房间就要大很多，服务态度还不错；但是令我非常愤怒的是，酒店居然不允许我从带外卖回房间吃，真是太太太可恶了，在我据理力争下，居然还有人拿着什么酒店的管理规定给我看，难道酒店的规定不让吃饭？他们让我要么出去外面吃饭，在房间吃，只能在酒店点，这样的霸王条款，我怎么能接受，我在大堂与他们几个貌似高管的人纠缠了10多分钟，他们在一楼的餐厅给我们找了个包房让我们把外卖回来的饭在里面吃，还提醒我们不要弄脏了桌布。如果不是因为这一出的话，我想我还是蛮喜欢这个酒店。但是确实因为这个，太令我失望了！
早上下的单，下午就送来了，物流棒棒哒。东西很好，拿着玩了会儿游戏，很流畅，这个价位值了。	送给老婆，外观很漂亮，配置也均衡，该有的都有了，对得起这个价位了	屏幕转轴有点松，不知道是不是个例 电池使用时间实在是一般 在网上找不到读卡器驱动	航班临时取消从虹桥改到浦东才被迫在这里住了一晚，打电话订的，没想到会这么糟糕…浴室淋浴房漏水，花洒漏水，不知道是这个价格的原因还是怎样，估计是几个月没人住过的房间
字很大，买一本放在家里给孩子查，另一本小的让他带到学校去。从1年级下学期开始老师就要求不认识的字要自己查，问题是作业里的生字太多，孩子的眼睛哪经得起这样折腾。孩子现在二年级，上次检查班上已有不少孩子视力下降，有的已戴上眼镜，所以赶快买上这本大版的字典。各位本爸爸妈妈注意，因为大、小版的页码不同，所以小版的也要买一本放在书包里。学校里老师有时会有查字典比赛什么的，页码不同又麻烦了。	使用时间不长，没发现什么缺点，只是有点热，屏不太理想，背光的。	发货挺快的，东西也还不错。挺满意。就是刚买就降价太气了。	绿野芳香，一点味都没有，日本鬼的货太差了
裤子收到了，料子不错哦，老公很喜欢，我特意洗了而且还不掉颜色	和我买的第一条慕尼黑的颜色不一样。	有五个磕伤的，形状奇形怪状，最关键的是有一股类似药水的味道，不知道是不是防腐剂	没有比这更差的酒店了。房间灯光暗淡，空调无法调节，前台服务僵化。用早餐时，服务员居然叫我回房间把拖鞋换成皮鞋再下来，到底谁是上帝，这家酒店的老总应该马上辞职。建议大家不要住这家酒店，有被骗的感觉！
料子挺好的，有弹性，而且颜色和图片上的一样，没有色差。其实挺害怕买的颜色发过来发现不一样，不过没事，这件裤子没色差！'很棒！！	收到手机第三天手机屏碎了 申请售后时京东华为都没有合理解释 说只能申请维修 维修时要求解释 只是说赶巧了 我没法接受这个解释 不知道这是低概率事件还是高概率事件 不管怎么 对于手机屏质量 我保持怀疑态度 也没法接受京东及华为的处理态度	两个字差评	垃圾，垃圾真垃圾，字体看起来都不是很清晰，买到手之后看耳机没有，皮套也没送，更可恶的是连发票都没有，问了好几个客服都不理人，在你们商城买东西都没有发票的吗？要是坏了找谁修啊？生气
绝对很赞，一直吃这个品牌，脆甜汁水足	冰箱里有蒙牛新出的奶，君乐宝新出的奶，打我记事以来除了喜欢蒙牛就只剩蒙牛值得我去喜欢了，一直脑残的偏爱至今，天凉了，您也来口蒙牛吧小伙	买的时候说秒杀，没收到就降价，还说秒杀不保价，真是醉了	和去年同价位相比不仅个小很多而且甜度也差很多，差评，必须差评！亏我去年在你这买了那么多。真晕！
大小合适，无色差，朋友都说好看，摸着面料也舒服，好。	快递寄到时间非常快～而且客服服务态度很好，可以耐心解答。最重要是裤子穿起来舒服，没其他裤子一样那么邋遢，赞	作为一本西方人创作的心理学读物，还是以西方人的视角来看待问题的方式来阐述，目前刚刚开始读，但是感觉到作者对事物的描述还是偏西方化的。西方人观察事物喜欢抓重点，而东方人的习惯比较抓整体。这是开始读这本读物的感觉。不过西方的开放式教育模式，给这本重点教材添加了无与伦比的趣味性，和我国的教材体制有明显的不同。个人认为还是非常值得一读的好书。	三样东西就你烂，东西不好物流也慢
包装完好。一打开盒子，看到红红的诱人的苹果，心一下放下来了，因为第一次在网上买水果。这苹果看着不错，闻着也有着苹果的清香。待尝过后再追评。京东的服务超一流！	酒店五一期间不对外打折，经过电话咨询后，酒店和携程沟通后放开了空余房间，我们顺利的预定了二间房间。酒店硬件还不错，但床不是很舒适的那种。可能是五一期间，早餐品种不多且新补充食品似乎不能及时。我们退房时候匆忙，忘记一个房间内柜子中放置的备用衬衫和裤子了，幸亏服务员查房比较仔细，在结账时及时送还了衬衫和裤子；但我们将一本考试用书忘记在另外一个房间的桌子抽屉了。我们在第二天晚上20:30才发现，当时已经到太原了，电话联系酒店大堂副理（男的），对话里对话先是推托说明天再答复，后来说查一下告诉我结果。后来打来电话说客房没有。我又打电话问了客房部，客房部的一位王姓的小姐告知我他们发现的该书，问如何给我。真是感谢她！我请她代记录下我北京家的地址和邮编，请她们帮忙EMS快递一下，邮费由我出（选择对方付款）。第三天上午，我再次电话给客房部，说书已经送达前台了，真晕。幸亏碰到了大堂经理李小姐，她答应用EMS给我快递，并垫付了邮资（因为当地没有对方付款选项），我当晚在石家庄上网后，通过网站银行给李经理的账户转账了邮资。感谢李经理！同样是经理，差别怎么这么大呢？	一直都用这个牌子，生过小孩了头发掉得厉害希望有所改善吧！	像超市的特价水果，蔫的一塌糊涂，还都发霉的。不值得买。差评～～～
很好，包装的很好，也没有坏的，很好哦	"体积小,方便携带.各性能平衡在同价位的产品中算得上是佼佼者.流畅运行VISTA没有问题."	"翻改时候有黑色闪屏,好象是劣质产品"	差评，什么乱七八糟的客服，说了改地址。还x你祖宗的。寄这来害我跑了十公里。东西质量相当差，再也不能买这拉及货了，朋友们别上当了
一直想给妈妈买个可打手机小平板，首选华为荣耀，对比一下，还是买了这款，最后一部我买到了，妈妈用的很开心！	这本书故事情节不是很强。人物简单，说不上有什么波折。亦舒新经典中，已经很少有《喜宝》，《我的前半生》那样一波三折，一唱三叹的故事了。不过，主人公在主持信箱过程中，表现出来的思想，与处理问题的态度，还有很有意思的。不用学不必学，因为有些未免极端。作为书架上一堆亦舒的小说中的一本，这本的确是为了买而买的，谈不上喜欢，也谈不上不喜欢。等下次有心情翻起，不知道是何年何月了。	烂了，无语，装箱的时候不知道看的吗	不愉快的购物，买完，几天后，突然发现屏幕有坏点，建议买这手机的人看好屏幕里面，而且售后不赔钱，退换货的话我的隐私全在里面，能放心吗，而且退换货，我就没的用了，你们也不管，行啊，那我只能差评，无数的差评给你们，
洗发用品一直都是用沙宣的，效果很好，而且套装活动时候买的很划算	安装快捷，真心不错，温度到了会跳掉，省电。美的就是好	裤子收到，3免一中最快收到的一件，裤子厚实，内绒非常厚实柔软，只是还没穿，不知肥瘦是不是合适。	大堂很气派，但是酒店房间与图不符！心里落差较大！
"本来是买来学习教育孩子的,结果看完后总是不自觉的拿来比对身边的成人.因为文中的理论被现实应证了,感到中国的教育真的需要改进.当然是在现有的好的基础上吸收更多新鲜的元素.文章中的案例能帮助我正确理解这蒙式的教育理念,希望我能正确的运用,并坚持不懈的执行.但愿我的孩子的未来比我们的更光明.如果作者能写些爷爷奶奶级能接受的书就更好了,这样孩子的生活会更统一更完整.谢谢作者!!"	非常脆又甜口感很好！唯一差评是太小了！跟实图大小不一样( ˉ ? ˉ ?)??	耳机没有！钢化玻璃膜没有！性价比不高！照相不清楚！	最不满意一次够物，裤子上吊牌都没有而且掉色特别严重！洗了十多遍那水还是黑呜呜的，这样的质量还卖那么贵真让人失望?！
香香的苹果，水分很足，脆脆的，满99减20	裤子收到了，替朋友买的，朋友说质量非常好，以后会经常光顾的！大赞！	包装完好精美。第一次开机提示系统升级，不过速度很快，也就不到十分钟就升级完成。手感不错，比iPad略轻。操作方便，试试电话功能，只能免提通话，但是声音清晰，也很大。	差评 绝对的差评
很不错，大小个适中，正好一次吃一个，苹果挺脆的，水灵，味道也不错。京东送货上门很好。	贼几吧小，还硬，大家别买这家。	苹果品种名不符实，至今都没有吃完。太难吃了。不是真正的品种。希望平台调查客户情况整顿控制以次充好的现象。	服务态度差到不解释！前台接待人员态度很不好！！绝对是一间缺乏管理的酒店！
这款手机外观很酷，是NEC公司专为中国市场所设计，性价比颇高。1.支持手写输入，识别率较高； 2.体积和重量控制的都很好； 3.超大屏幕，亮度高，色彩鲜艳； 4.铃声优美动听，支持下载； 5.电话本储存量大； 6.支持GPRS、JAVA、电子邮件功能； 7.拍摄效果不错，成像细腻逼真，支持有声短片拍摄； 8.闪光灯较亮，有电筒功能； 9.内置中英词典；	买了四种水果！打开第一个苹果就发现一个烂掉的！又拿了一个幸亏是好的！口感还可以甜的脆的！芒果我估计是买了假芒果或是没熟的芒果！硬硬的也没有什么芒果味！猕猴桃硬硬是要放几天的我能接受！火龙果也可以接受！虽然比较小！味道可以就行！	前台服务员表情太生硬，没有微笑服务	隔音太差，走廊有人说话就像在自己房间说话一样。房间门关闭不顺畅，要用力推。服务员爱理不理的，前台服务员连英语也不会说。卫生一般。
小巧轻便，竟然比我的X61还轻，做工一贯的好。屏幕比X61亮，分辨率也高。	漂亮！ 重量轻巧，外接电源也很轻便 键盘足够大，用起来比别的上网本爽 自带了一个白色的包包，不用额外买了 随机的小游戏和大头贴软件有意思 本本用起来温度低，不烫手 性能还好，一般的上网应用已足够 无线网卡信号不错 电池续航时间长，一般的上网应用在最低亮度、关闭蓝牙和无线网卡下5个多小时吧 驱动都已经装好，摄像头白天还将就，晚上用起来像拍鬼片 正版winXP家庭版	说是送果盘，到了房间根本没有，打电话问了几遍，开始还说马上送，后来有说下班了，第二天才给送来，而且水果都是整个的，没切。但总体还算物有所值。	在超市看见蒙牛牛奶依然上架感到很奇怪，超市人员说：＂自有人买的。＂对哦，萝卜青菜各有所爱，我不买蒙牛，不代表别人不买。再者说，在中国喝什么牌子的牛奶都没有安全感！
宝贝到了，洗完头发清凉很舒服，夏天必备清扬薄荷味洗发水。最近一直在?东超市购物，??买东西的确很方便，当晚下单第二天就到了，都不去超市了。商品都是正品，好用又实惠，?东超市值得信赖。物美廉价，快递很给力。非常满意，用完还会买，五分	"交通很便利,到渔人码头和港澳码头都在步行的范围之内.CHECK IN和CHECK OUT的速度都很快,房间属于狭长型的,还算蛮大的,尤其喜欢那个宽敞的卫生间~~~"	小，根本没有80mm，常温放几天味道就变陈了。	昨天下的订单 今天到的 发现京东降价100 与客服沟通保价无效 正常拆包装以后基本上不可能满足京东的退货政策 非常不愉快的购物经历 而且客服的态度不好 以后考虑要不要继续做我的京东金牌会员了 真实的经历 给大家一个借鉴吧
不错，用了一段时间了，各方面都很好。	我用了这机子有一段时间了，总体感觉还是不错的，显示上够清晰，但是有一点点的暗，问题不大，功能的设计很不错，人性化设计很到位，优点有不少。	很酸，但是很新鲜，不过坏了一个，很快就赔了钱，非常满意京东的服务！	让我最不爽的是没有ＸＰ的驱动盘，我上官网下载花了我一下午时间！
非常好的一个酒店。我拿到的是特价房，感觉物超所值。	还可以吧，携劳方便点，其实就是一个加大屏的手机，没什么用	买了2个不一样的裤子，结果卖家挑了其中一款最便宜的发了两条，而且11号下单，18号才收到。直到16号才发货。	给一个星就可以了，偏大，偏大
质量好，裤型不错，修身，穿着舒服，做工好，满意的一次购物。	原先看了别人的评价，做好了不怎么样的准备，到了之后真的有惊喜的感觉，在富豪酒店住了3天，（我们也是住在三楼，）房间虽然不是很大，但也够住了，房间是新装修的，很不错，也蛮有情调的，四面都是镜子，感觉不错，服务人员的态度也还是不错的，第一天到酒店时，忘了行李，酒店还专门打电话询问呢，一个老先生还帮我们收好了行李，CHECK-IN 的速度也很快的，也没有什么说普通话被歧视的感觉，交通离地铁远了些，但周围公交和小巴很方便，我们一共去了五个人，所以打车去地铁站比做小巴和公交合算，周围的又一城和新城都是购物的好去处，附近的小吃，茶餐厅，甜品店很多的，一家叫口香舌滑的甜品店里的榴莲飘飘很不错的，总的来说，这家酒店的性价比还是很不错的，以后还会去的，另外在酒店还可以定去迪士尼的直达车，也很方便的。周围环境不是很现代，但也没什么影响。	产品还没用，但是我都没拆包装，快递把东西搞得到处都是。液体都出来了。有点小失望	下单第四天才收到货这服务佩服，还未用不知好用唔好用。
完美支持XP，不敢买HP和ACER就是怕不能装XP，这台终于没让我失望，BIOS里ACHI选择IDE就可以了，所有XP驱动在联想网站输入产品编号都能下载到，4999价格也比较合理，屏幕不错，散热一般，用一段时间，触摸板就发热了，外接鼠标如果需要禁用掉触摸板，需要先装个老版的，选择“当存在USB定点装置时禁用TOUCHPAD”，然后再装新版的才行，直接装新版，没有这个选项！	太薄了，以为是加绒，谁知是夏款，被忽悠了	标价199领券省一百今天就变59了 能不做欺骗人的事不？	洗发水洗完头发一点都不顺滑，涩涩的感觉，所谓的电商套装到底是不是正品？反正跟超市买的用起来不一样，以后再也不会买了
京东购物实惠～一不小心就买了16部手机，接下来不用再买手机了！_(: 」∠)_嘎？	蒙牛去死吧	真他是骗1子又不甜，还小个。再也不在这里买水果了，买回来还有烂的	实在是垃圾，卡，而且屏幕分辨率实在是太低了，图片视频根本就没法看，都是锯齿和马赛克，真是倒霉死了！要不是急着出国，我肯定退货了！真是垃圾，千万不要买！
大品牌值得信赖，京东购物方便快捷	还是不错的.	裤子要粘毛不好	佩服京东，这么袖珍的小苹果是在哪里进到的货？还敢说是红富士？当别人都没吃过红富士是吗？那些评价说苹果个大又好吃的人，你们是京东花银子雇来的吧？
帮闺蜜买的，闺蜜很喜欢。而且价格很便宜！	完美，东西很好用，还送了好几瓶小的。	用了好久，说白了就是大号的手机，不过真的挺方便，而且大小刚好，平时玩的话，配置和大小都够了	裤子太胖了太胖了太胖了
一千个一万个好评，布料摸起来手感还是不错的，洗了一次之后并没有缩水和掉色的现象出现，给店家个五星的好评~希望店家继续加油哦么么扎！	活动之前买的没吹风机送，可惜了，其他还好	"标准大床间,面积较小.宽带每天20元(其他连锁店一般免费).床垫上只有很薄的床单有很硌的感觉.服务生年龄一般都很大,老油条服务,较差.步行到世纪公园站约5分钟.如果参观上海新展览中心而入住该店,性价比刚刚及格."	我买的全套，洗头有头皮屑，不知道我们一家人，是皮肤不行，还是你的产品不行。我在买一瓶香港的回来洗下看看。如果有头皮屑，就是我的皮肤问题，如果没有问题，就找你们官方。
第一次在京东超市买水果果然没让我失望，好吃又甜又碎	还不错 物流一直比较给力	质量还好，毕竟这个价。物流也很快	苹果点都不好吃 小还不甜 像没熟
京东直营商品，商品质量好，服务质量佳，快递速度快，是品牌商家首选网站	京东太方便了，还没试吃，试吃一同下单另外品牌很甜，这个果子小，还有撞坏的，不过比当地店铺的好太多了。京东自营送货速度基本没谁，品质自营不能说绝对可以，一般应该没有什么假货，第三方就不一定，自营保修也是非常满意，就是价格可以再便宜点就更好。	背面不平。凹凸不平。。。。。	都烂掉了！还寄给我！完全影响了京东的品质！
第三次购买了，跟原来的一样东西不错，老板态度很好，值得购买。	总的来说，印象很好，房间干净整洁时尚，网络速度很快。对有些要求较高的客户，需要注意的是：洗浴用的花洒是固定的，不像一般淋浴头可以拿在手上冲洗。	不带，机子质量蛮好	我不知道是华为的问题还是京东问题，电脑后盖有细微的划痕，电源插头处有用过的痕迹。这毕竟不是在华为官网买的。
凑单买的，很划算，京东这次活动力度很大，超级划算啊，日期也很新鲜，都是到2020年的，囤货党必备，这次活动最满意的就是快递小哥，暴雨天，每次都把东西送上楼，给我省去很**烦，真是辛苦他们了，很感谢	收到货了挺好的，京东快递也很给力一下子买了两瓶，还没用不知道好用不希望好用！全五分	各种老旧	就给一星。感觉不爽。不能再多了
欧式简约装潢，有飘窗，可惜周围全是楼，大床是2张小床拼成的，可以看出小床很小，羽绒被、枕头，在跑马地住宅区，比较安静，周边超市、洗衣店多，餐厅一般，出门不易打车，有免费bus到时代广场等地，有收费机场穿梭巴士	杰出企业的标准是什么呢？三个力：影响力，能够成为一面旗帜；生命力，能够经受住死亡考验；贡献力，能够给人们带来幸福。中国蒙牛董事会主席	为什么一定要6个字，信不信就因为这点给你个差评的	太二逼了吧，这点小事都平不了。客户受损失你应该赔，客户诬告你亦应该反告ta。看这意思人家没诬陷蒙牛，是你们一毛不拔。关键是失职 ，废物 这意思就是说，你爱咋咋地，死了活该。。。
裤子没有色差，尺码很标准，正好合适。洗了一次，几乎没有掉色，性价比很高的一条裤子。感谢卖家。	衣服质量好，穿上很好看，样式挺喜欢的，面料也不错	1、样子沉稳老练，无论屏幕还是按键看上去都很大气，但不笨重；2、功能上没有冗余，该要的功能都有了，如摄像、录音等，摒弃了MP3、收音机等功能（要知道这两个功能很不适用，即费电，容量又小）；3、体积虽然变化不大，但容量不小，比如容量电话本容量达到1000之多，用起来很爽；4、我最欣赏西门子的T9中文输入法，其联想功能相当强，中文输入又方便又省时，西门子所用的T9词语联想功能是其他几个品牌不可比拟的。	950的输入法比较繁琐，喜欢发短信的朋友可要注意了，手机虽然设置了拼音、笔画、T9等比较常用的输入法，但在发短信时标点符号的输入就比较麻烦，没有直接切换的按键。要想加入标点符号，就必须按机器的上导航键，进入选项，选择输入法，之后按菜单快捷键进行确认，进入输入法状态后再选择符号，按菜单快捷键进行确认，进入添加符号菜单，选好符号后，再按确认才能把选好的符号添加上，是不是很麻烦？
活动时买的，很超值，大大小小的六件套，够全家人用一年的了！次日送达，速度杠杠的！	"很宽敞, 非常好的地方。如果可能的话，希望能把洗脸处的存水盖子修理好。应该是件简单的事。"	小了一点，不行	这次太垃，圾了。难吃，不晓得哪儿捡来的，有苦又不脆
真的不错，老公就喜欢这个品牌，说是质量又好，体重202都能穿，，说码数又够大，一直信赖它。满分好评。	很不错，值得大家入手！	才开始使用，希望质量没问题。	一般般般版般
家里一直用的清扬洗发水，喜欢这个牌子！！！快递小哥辛苦！！！！天热也按时送达！给个大大的?	配置还行了，最满意的是京东的工作效率前一天买的第二天就到了！	有蒙牛无幸福	写的要赠的两套茶籽的套装去哪了！？
正在使用，挺好的?。京东自营，很喜欢?	一直吃这个牌子的苹果虽然个头不大 但味道还不错	"外观不错,就是有点大,其它都没问题!!性价比还是不错的.好用与否就有待考验啦,刚装好系统还没用呢!!"	如果我用这句话来评价，说明这款产品没问题。
超爽啊，比我之前用的三星好多了	自由是令人向往的，但是有时我们会很盲目，以为自己的自由就可以代替天下人的自由。自由是什么呢？自由是在不影响他人的自由的情况下的自由。这是一个复杂的体系，非三言两语所能解释的清楚的。但是，我们必须牢牢记住，我们的自由是得之不易的，别人的自由也是神圣不可冒犯的。在尊重自己的时候也得好好的尊重别人，这是我们获得自由的必要前提，也是我们获得自由的重要保障，没有人可以为所欲为。自由是我们人类的重要的福祉，没有自由，我们的个性将被泯灭，我们的行动将被制约，我们的财富也将由于这些而减少。社会的福利由于创造而生，由于无为而灭。谁能够承担得起这样的责任：消灭社会的财富！我们是社会的功臣，更是自己的功臣。我们劳动，生产自己善于生产的东西，交换自己不善于生产的东西，因此，社会的效率提高了。这得益于自由的环境，我们能够自由的生产自己想生产的东西。我们排斥邪恶，它使我们社会的总财富减少，因此，我们限制其自由。其目的是为了更好地发挥自由的功用。	投诉@蒙牛	昨天收到打开一看，就发现有一个苹果是坏的，生气
永恒之塔，魔兽都是可以玩的，非常不错了，极品飞车一样玩。哈哈	苹果卖相很好，而且很甜，很喜欢这个苹果，下次还会支持的	买来给家里小孩玩的，听说还不错！	"全银色的机身搭配纯黑色的背景，很有气派!粗而短的天线也很有个性!屏幕大,还有翻页,看东西很方便!手写功能也不错,手感好，反应快。屏幕显示的图片效果出众，字体也是端庄秀丽,不愧为顶极的26万色屏幕。拍摄没有过多花哨功能,重要得是清晰度,无论远景近景，颜色比较逼真!"
卖给小朋友玩的，不错，挺好用的，平时玩游戏，功能还不错。	包装完好 618购的 实惠 屯着以后用	很不幸，收到包裹时已有破损，包裹中有平板电脑，黑米移动卡，发票，京东广告一张，但是，没有畅读卡和腾讯视频卡，正在咨询客服。。。。。。。	好像不大适合北方的语言习惯，词，字搭配得很别扭。所以读得很累。读之前报的希望太大，所以失望越大吧。总之，不喜欢了。
越来越支持华为了。老人用的手机好几年不出问题，路由器也换成荣耀的很好用，这个平板的性价比确实很高，做工精致，虽然是给爸爸用的，但真心支持！	送货速度快，包装完整，苹果也不错！	一直用这个牌子，很好，第二次买了	洗头的时候用了很多，但是泡沫很少，怀疑是不是质量有问题
颜值很高 收到每个都完好无损 赞	发货速度快，价格实惠。 品质很好，一直在京东买。相信京东。	"外观时尚,功能强大,质量还好"	苹果全都压坏了，三件就4个是完好无损的，其他的都压坏了。
一直很喜欢小黑，这次终于如愿以偿了，4399买到这样的配置和品牌，很超值！机器很漂亮，外观很稳重，键盘很好，比我以前的华硕要清晰很多，屏幕很完美，自己检测的，应该没有坏点什么的！小红帽还没习惯用，不过据说很赞！	裤子质量很不错，穿着很舒服，以后还会再来~	包装挺好的，没有坏果子，吃起来脆甜，～送货速度快！	你这是5KG还是10个？10个苹果一个1Kg?就这苹果一个1Kg两斤？
裤子质量不错，就是有点薄，不适合冬天穿。	还不错，挺快的	纯属蒙牛喝多了	"房间装修差设施也不好,早餐很一般.位置偏僻."
裤子质量很好，客服态度不错，快递也很快两三天就到了。	苹果蛮好吃，水分也可以就是个别苹果如图，明显是发货前没检查	为什么他们都有手机套，我怎么就一个耳机，这是什么情况，但是机子拿到了还可以	去年到现在，基本一星期一箱，曾经有过一次来货大部分有磕碰，反应后没让他们赔，以后注意。这次连续三次三箱，两箱大部分磕碰，局部变质，一箱部分磕碰。反应问题，客服态度很差，赔几个！亲们，不诚信，今后拜拜了。那没苹果？
衣服手感不错、没有色差、好评！	味道闻着是没有问题的！！只不过还没有使用！！！生产日期还担心来着！收到货确认了下四月份！还不错	瓶子很粗糙，我都怀疑是真的假的啊！看到瓶子就忐忑啊	垃圾东西，和图片上的差别太大
酒店还算不错的，价格实惠，服务也很到位，推荐下！	很稀，像是稀释过。。。。。	还可以 前台接待员服务员态度不好	比之前买的75mm的还小不止一点点，能不能行了
样式沉稳，适合男人用，送货较快。加了2G 三星金条，系统很快。	穿了一次，下水洗了，才来评价。版型不错，尺寸合适，就是没达到我想要的弹性，不掉色。好评吧	这手机够大啊，和平板一样，还行吧，平常用用也够了	超级恶心的一家宾馆，入住后发现写字台窗台上到处是灰尘，非常恶心，向总台投诉后，才打扫干净！服务非常差，房间也非常差，进去后还有异味，而且床非常不舒服，感觉床单也不干净，个人感觉根本够不上星级！太恶心了，这么破的地方，晚上竟然还有人打骚扰电话，问要不要服务，什么破地方！早餐也非常恶心，根本没什么吃的！！?
这是有多脑残多谄媚才能说出这样的话！ 估计是蒙牛喝多了。。	不甜，酸的，口感不好，不如实体店买的好吃。	不怎么样	贼他喵的难吃，还压烂半个，无法用言语形容直接扔。
物流很快 卖家的服务态度也很棒 裤子洗了一下 没有太严重的掉色 而且裤子也很软 弹性也很不错 总之 很棒 值得购买呦	苹果很好吃，很甜也很脆，大小都差不多，	不能给人什么深刻印象，老五星，价格比较低。。。可以入住。。	惠普预装的软件太多了，竟然有72个进程，vista又太垃圾了，cpu是单核的，特效全关机子跑的还是有点慢，新上市的本本驱动又不多，想换xp只能先等等了！
这本书带给我不一样的职场小说，也让我学得一点经验，它是最贴近生活的，就是我们生活中会发生的事情，不象有些小说那样的浮夸，这本书就是很简单，很温馨，很有趣，又能带给我快乐的享受，看着米娅的蜕变，但她始终坚持着自己，选择适合自己也是自己想要的，没有被环境所完全的左右，做个快乐的职场人	不怎么样。这样的裤子也有	卧槽，快递递太慢了，用了了9天，我就操了	不想多说
HP的品牌还是不错，做工好，我原来就有一台HP的M2000，是但是的低端机一直没坏过。相比起来现在的做工好多了。配置够用就好。	东西包装还行，但是用了后有头皮屑，八成是假的。	还没洗过就掉色？穿了2天，我的白袜子上已经有了明显的蓝色，我的手机放在裤兜里，耳机线上也染上了蓝色，这太夸张了！以前没买到过掉色这么夸张的裤子！	什么破裤子还掉色真无语！
掌柜太善良了，真是干一行懂一行呀。在掌柜的指导下我都快变内行人士了！    卖家服务真周到。以后带同事一起来。    宝贝质量不错，很喜欢了。谢谢掌柜。    货到了，比图片上看到的好多了3Q！	宝贝收到，味道和实体店一样，感觉挺好，量大划算，一直用这个牌子挺好。	门口有专车送到机场 10分钟一班 ??方便 周边没有吃的 房间只有两瓶小矿泉 不高档 没办法定不到了 都满了	"故事发生的城市是在大连,呵..D市,当作者提到希望广场\青云街\海边广场(星海广场)/展览中心(会展中心),时我觉得是那么的亲切,没想到作者竟然某段时间和我同在一个城市.作者描述的男主人公真的是很完美,所以我就在想魏成晨如果站在我的面前那会是什么样子呢?这么优秀的男人女主人公为什么要一再的拒绝呢?为什么这么优秀的男人我从来都没遇见过呢.很让我入迷的一本书."
很好的宝贝哦！轻便柔软又保暖，面料也好的，觉得穿上后很瘦，个子都高挑了很多，包装的很好，服务很热情，全五分好评。	物超所值，是一款值得拥有的平板！老婆超喜欢！	挺好的，帮朋友买的，送货也挺快的！	C盘也太大了，找个可以在VISTA下能分区的软件费了蛮大力气。外壳太薄了点，给人一种没有信心的感觉。
清扬(CLEAR)男士洗发露 活力运动薄荷型(去屑+清爽)500ml(洗发水)价格比超市实在。	苹果?新鲜，就是有几个碰伤了。味道不错。	速度跟态度都挺好但是你告诉我穿几天就全是毛毛是什么鬼	与图片不符，不是黑色，图片是假的一颗星都不想给
裤子质量非常好，版型很正，看上去像两三百的裤子，老公很喜欢，透气性也好，穿上很凉快 ，果断好评。	收到书后我就仔细的读了一遍，感觉是一本好书，受到很多启发。	1，服务没有任何亲切感，生硬、机械。我们一大家人五口，其中一位大人和一位孩子没有带身份证，为此我们吵了40分钟才入住。打电话到派出所，派出所说没有证件就不能住。我们争辩说开了3个多小时车到地方，不让住有点说不过去，警察说这是规定。我们说希望你们警察帮忙，和北京核实一下身份，被生硬拒绝。最后酒店的一个服务生看见我们两个70岁以上的老人累得不行了，才办理入住，已是晚上11点半了。试问:拿着3个身份证开不了房，这承德还能去吗？2，房间不知为何评为携成4星。被子有烟味。设施陈旧。隔音不好。早餐水平比如家的十元的还差。服务员根本不够用，我自己收拾了一桌子，然后坐下吃饭。退房在没有人排队的情况下，用了20分钟，这样的酒店我可使用了610元/房。3，在携成提供的承德酒店列表中，这家酒店可能是最贵的，我本以为找一个好一点的酒店让父母住得高兴一点，看来是适得其反。希望携成在签酒店时还要多做考察，为携程的会员多作考虑。	只能使用配置的Type-C线进行充电而无法读写数据比如通讯录，部分功能隐藏且难以使用。
我一直都在买这家的苹果，真的不错哟！	"想延迟1小时退房,被告知延迟退房按钟点房收费,每小时50元,太没有人性了.不知道提前退房有没有奖励"	卫生间打扫不干净，有异味。房间无线网络也不行。	"8月刚住过,奉劝大家不要入住这家国营企业,客房服务员极恐怖,还未到中午12点退房时间,就把你的房间磁卡给取消了,私人的物品还都在房间里面,和他们大吵一架才解决,还打电话给携程的人求助,浪费不少时间.补充点评 2006年9月18日 ： 早餐也不怎么地"
质量很好，做工精良，穿着很舒适，买的很超值。。非常喜欢。老板人不错，发货快，物流也很给力呢。。五分好评！！	相当不错，是正品，老婆一直都在用，这次又买了一套确实很好	就是安装XP系统不方便，并且华硕官网没有这个型号的专门驱动，只能下载近似型号的。	打开吓我一跳，一瓶漏了一半，把其中的一瓶盖子打开就是这样的，你们包装的真好啊！！！
快递给力，送货的小哥不畏酷暑，点个赞，这些是每天必备的东西，真的很好	还可以吧，活动买的，价格挺划算。	"晕,本来给四星的,结果网页出错,发表出来变一星了"	蚊子那叫一个多啊，根本睡不好觉，蚊香都不好使
包装特别好 快递员也特别亲切 打了两次电话让我及时找快递，给个赞。苹果比较小 但大小刚刚好	钢琴的底漆似乎惹手印和指纹，磨砂的表面应该会更好吧？呵呵，我只能贴全膜了，全副武装。	没有上次效果好，洗发水太稀了	送货什么的都很快，可是用后头皮屑很多，头皮很痒，之前在屈臣氏买的用了两瓶一点问题没有，在京东买的不会是假的吧???
给朋友买的，裤子很合身，穿起来很舒服，不褪色比较不错哦！喜欢的朋友赶紧下手吧	该酒店楼层比较高，所以对自驾游的朋友来说，酒店容易找的到。我住的是20楼，那个位置基本可以俯瞰整个横店，观赏性比较好。酒店设施比较好，比较新。如果不是自驾游的话，那有麻烦的，因为酒店在市中心以外，很难叫到出租车的。补充点评 2008年7月6日 ： 地下是专用车位，游客不能停车	内存有点小，虽然自己买了一个已经装上，但是还不如京东直接促销一下送根内存更好，更人性化，还有买电脑居然没有包包送，也不很人性化，采购一批一般的电脑包也就20--30元一个，这点京东有点小气！	服务差，不干净，和外面几十的差不多
衣服大小合适，面料柔和，穿上后给人一种惊艳的感觉，一点也不臃肿，总之满意十足	酒店位置不错，环境也很好，干净！ 前台男生服务一般，爱理不理的样子。	果实不正，有霉心病。基本每个核都发霉了	订的东楼！结果却说东楼没房，换主楼！结果主楼房间就在楼下的士高楼上，吵到天亮才睡着！中国的生意人就是用骗的！可恶到极！
衣服尺码合适，。穿上很舒服，很满意，质量不错。	这套绘本很适合1－3岁的小宝宝，画面及文字都非常简洁，可给家长和小孩许多发挥空间。也许有些人会觉得内容过于简单，有点重复，但对于小宝宝来说，一次摄入不了太多信息，适度的重复更有助于她的记忆。宝宝特别喜欢看里面的刷牙那一本，结合平时看到大人刷牙，觉得更有意思，我们就借此机会每晚喝奶后给她漱口刷牙。推荐给大家。	第二次购买，品牌好，店家服务也好！	"早餐很差劲,不过一般这种地方的四星也差不多就这样了."
拿到个完美屏，比较清晰细腻，LED背光+16：9看HD电影不错 散热还好，不好不坏 键盘看起来挺好，用起来还可以 这个配置可以玩一般3D，对游戏要求不高的话这款够用了，性价比还行	能再轻一点，能送些配件就好了，买了笔记本还得配好多小配件，选东西很麻烦呢	有些热，装XP麻烦，驱动也不好找，买的最好买个外壳的彩绘的保护膜	总重1.1kg，这就是总重的东西，大的里面参个小的，小的不能吃，还卖大的价格，京东上买的最垃圾的东西
"我住的是两室一厅的房间,在17楼.虽然只住了一夜,但总体来说,对这个公寓感觉不错.就是有几点不满意: 1.地方确实不好找,没有醒目的标志,第一次去还真难找.2.没有一次性拖鞋,而是塑料拖鞋.3.浴缸很大,但是没有浴帘,我们住的那间,浴室的门都坏了.4.并没有两个卫生间,只是把一间分成了两间.不足的地方就这些,总体给我的感觉像家一样,有客厅和厨房,感觉很温馨.床很舒服,地方也很安静,能休息好,前台服务态度也很好,.下次去还是愿意住这里."	远离蒙牛	和地摊货差不多	玩梦幻西游之类的回合制网游，电池只能续航5个小时左右。对于4800毫安容量的电池是不是有点短了。买过之后客服的那个态度那叫一个敷衍。客服态度差评！！
平板收到了，还没使用，收到开机就提示升级，为啥给4星？机器左上角有两个明显瑕疵，感觉是别人退的货，先看看更新完机器有没问题，没问题的话就不换了，懒得来回折腾。	是我喜欢的款，质量也不错?，过两天在买二条送朋友	"果超小，至多也就55mm,还有坏果，都烂到核里了！建议别买，谁买谁闹心！！！"	差评 ！差评！差评！蜗牛一样的速度 6月18号下单 显示的是隔天到货 结果到22号还没发出来 打京东客服说是618大促 我同时在京东买了6件东西都到了 只有这个最慢 京东你意思是只有这一件商品促销吗？搞笑 差评
苹果也不错，虽然快递没有燕麦片那些快，但是也还行，味道也没开始，现在试试，但是整体包装样子什么的，看着首先不错，大赞。	的确，我不是一口气读完的，所以，我说，我用来两口气。我很少在看电影之前先看小说，这就是少有的一次。小说写的很真实，虽然作者在回忆的时候几次说他有些记不清当时是怎么一个情形的，我却记得我读每一页的感受，当我自己一边读一边流泪的时候，老公又开始笑我怎么又莫名其妙的哭了呀？我真的是抑制不住，被那份最真实的感情感动。值得买回来在一个周末安静的阅读，是一本好书。	挺好的！孩子很喜欢	交通不方便，没什么车，隔音很差，虽然是新开的，但是同价位还是选择汉庭和莫泰吧，房间感觉就像是纸糊的，浴室太差了
昨晚下单，今天早上快递员冒大雨送过来。感动? 苹果没得说，没有打蜡。果子个头不大不小，刚好，超好吃！西北日照充足，水果很好吃！	京东自营商品品质好，有保障！京东自营商品物流速度依旧如此快速和准确！	好评，和图上的一模一样，料子也很好，，下次还来这里买	第一次在京东买东西，失败！！！为什么评分不能打无星。买的时候网页说有赠品，屏幕膜和内存卡，我急着要就马上下单付款，完了说我买的没赠品。我就问客服，华为客服要我联系京东客服，我联系了，客服说给我补发，过了好几天没见动静，我又去问，开始说没见有说补发，后来说看见了，又给同事留言说补发，最后收到赠品，就一张膜。好了，心塞，我看着赠品有那些东西还说不用另去买了，现在还是要自己去单买。搞噱头也不是这样搞法，把顾客当小孩哄。不然就算你产品再好，多搞几次这样的事还有谁愿意在这里买啊。我也是醉了！
用神券买的超值划算的，京东值得信赖，就是618物流慢了点	《贝贝熊系列》是我儿子最喜欢的一套书。没上小学时，他每天晚上睡觉前总要我重重复复地讲前面几集给他听。上小学后，我再买了余下所有的故事，每星期学校要求写读书笔记，他就自己读，学着去理解故事的含义，然后抄下好词好句，写下简单的心得。每星期的读书笔记都得到老师的赞扬，他也从中明白了不少生活中的道理，还常常活学活用，搬来与我讲道理。	位置不错，去海滨浴场挺方便的，就是房费有点高。门口的出租车不好打，最好往北出了口再打车。服务很好，态度不错。	由于飞机晚点，半夜到酒店11点半左右。登记后无人提示酒店是否有无烟楼层，酒店不提供火柴，我半夜跑楼下去买的火机。房间没有吃的东西，水也没有，马桶也不舒服（座垫太小），半夜风大，窗户风吹的声音很大，（1115房间）。早餐20一份，自费，一碗皮蛋瘦肉粥、炒河粉、一杯牛奶，一个鸡蛋。吃饭地方偏贵，总体来说没有值得赞扬的地方。我住了2天半，最后半天上楼我出示房卡，清洁卫生的阿姨说要问楼下，一问就是3、4分钟。
性价比款式都不错?，挺喜欢一下买了三条	配送还是很快的，但是水果不新鲜，不知道放了几天了，表皮都干吧了，还是从水果摊买好	便宜没好货，特假！！！！！	垃圾货，洗几次裤子了，水还是像墨水那么黑，第一次洗的时候4桶水都是黑的，退色得也太历害了，再也不买了，质量又差，感觉被坑了
不错。。。买给家里老人用的，喜欢	京东速度就是快，不错，价格还可以。	“在梦里，我们白天的劳动与休闲、欢乐和痛苦是绝不重复的。相反，梦的唯一目的是让我们从中获得解脱，尽管有时我们的头脑灌满了一些事情，或我们承受苦难的折磨，或我们的精力统统投入某件关注的事情，梦也是以一种象征的方式进入我们的头脑。”?做梦的人在梦中被从清醒的意识世界中带走;在梦里，那些我们在清醒中所记忆的有序内容及其正常行为都不见了。”你希望自己是在梦中吗？一本不错的书，慢慢读的书！	欺水的流氓货色，，，，，
华为品牌真心不错，收到马上开机更新，感觉蛮好的！看视频打电话听音乐效果杠杠的！	好吃的不得了。国产苹果也有好东西。	整体性一般偏上点，看视频有点卡顿，触屏有点不是太灵光，客服不是太好，问题推来推去的，希望你们以后改进，毕竟我现在支持国产的，产品呢跟这个价格也差不多了。	不好。掉色严重。。
从认识这个牌子后就一直使用，品质不错，又再一次购买这个牌子，希望好好保持质量。	性价比高，24号的时候还是两千七百六十六，现在降了近200，比较值	"这次去香港,飞机晚点三小时,可到酒店,心情大好,房间升级,已为我们冰好香槟,水果,热情的服务,还有免费早餐,有两个餐厅选择,服务是最好,是我每次的首选,也会推荐给亲朋好友,很值得入住."	回复 每次我只要提到蒙牛~不一会他就出现。你好，感谢对蒙牛产品的喜爱呦，我是蒙牛微客服，欢迎关注我
代朋友买的，收到货后试了一下感觉很合身，满意。	人品还可以 没啥烂的 不过也是不是很甜 个头比较小。放公司里吃可以吧	应该不是我第一次评价这个酒店了，没办法再次补充如下：1、早餐真是超级垃圾，做得真的感觉和猪食差不多，不知道请的什么厨师？2、仍然是早餐的问题，在大堂旁的一个好象是叫‘玛格丽特的’西餐厅；1>光线特别不好，谁都希望早上起来有个明亮的环境用餐，但这里肯定不是；2>给食品加温的不是电热式，采用的是燃烧腊来加热/保温，弄得餐厅里面很浓的一股腊燃烧后的气味，让人感觉非常不好；3、真不知道这样的酒店怎么样就能够评上4星？哎。。。	价格高 房间及服务差
用了两个多月，买的是128gWIFI版，画质和音质都超赞，系统流畅，拿在手上好拿，大屏幕用得很方便，要说不好的地方就是电池的续航能力有待加强。够买一台手机的钱了，也值了，更多功能还有待我去发掘，华为还是很值得信赖的。	牛仔裤质量非常不错，很透气，弹性也好，果然很修身!谢谢店主，下次再买另一种颜色试试!	性价比不错，其实我一直关注Dell的XPS1330，不过性价比不好，一直犹豫未买。幸亏没买。	衣服的颜色相差很大，一看就知道一洗就会掉色的，刚刚试穿就掉了扣子！
大小合适，没有色差，穿着很舒服，老公喜欢哦	挺好用的，赶上活动还赠送外壳和贴膜	"我们住的是13楼,不过因为是延马路,所以到了晚上还是有很吵的声音,隔音不太好,房间内的设施很旧,有可能是年代久远的缘故,都不及如家,莫泰168....性价比很差另外还有?"	京东的服务越来越差了，原来对客户的承诺在客户不知情的情况下随意更改，也不事先通知一下客户，对客户造成的损失也不进行补偿，只会说“对不起”，有用吗？1.原来的钻石用户在购买第三方卖家的商品发生无理由退货，京东补偿邮费，现在改成非质量问题退回不补偿邮费了，你们通知客户了吗？2.原来的钻石用户是拒收商品多少次，都不扣除京豆，我清楚的记得，以前在拨打4006065500客服电话的时候，客服不止一次的告诉我，钻石用户不受拒收次数限制，现在不一样了，每次都扣除500京豆，客服态度也变得恶劣了，变得会撒谎了，不知道规则从什么时候修改的，也不通知一下，发个短信通知一下说规则改变了，就这么难吗？这是一个上市公司的形象吗？单方面修改规则，不通知客户，和单方面撕毁合同有什么区别吗？
我刚买了一个星期不到，但是它的优点真的很多，还算得上是非常值得！mp3不错，送的配件也都够用了，送得联机线不用软件也能与电脑传输得非常棒！屏幕是不错的，照相移动还是很快的，闪光灯真是帮了大忙，最厉害的就是内存卡了，有钱就买个大的，顶了！送32MB也够用了。	还不错，希望以后还有更多优质的服务。	这幺小哪有80……上当了，差评	如果可以，我一颗星也不想给，，什么破洗发水，一打开就一股特别浓烈的劣质香水味，刚取完快递就去上课了，在课堂上打开的，*
个头不大，脆脆的，带点酸味，总体上口感还好	有停车场，房间干净、安静，各方面还算不错只是价格在肇庆来说还是偏高了些。上次我们在肇庆皇潮搞个活动，房间设施各方面比星湖大酒店最起码高一个级别只需260元。	打字的时候，键盘左半边有明显下陷；屏幕两边有漏光；等货的时间有点长，第六天才能自提。	蒙牛你太无耻！
刚开始，要我升级两次，我只升级了一次。感谢客服宝珠专业，耐心的回答。谢谢给的三个赠品。	除了离机场近没别的好处，床头都没有插座，设施老	真是恶心，一共收到3个火龙果，2个发霉，其中一个一半霉掉了	差评，很小，也不新鲜，太失望了，京东还是好好卖电子产品吧，买个毛水果
不错不错呢 第二次买啦 好吃 好吃 满意满意 快递小哥 很帅气	1. 所谓的智能学习，就是偷取隐私。2. 后台强制自动升级版本。	差评 都漏了！！！	差评！大写的差评！都不新鲜！一共买了九个回来吃了一个 其他的放了一天有六个就全都长毛了！什么呀。过分！坚决差评！
外观上，苹果采用了13.3英寸小巧机身，外壳上是纯美的苹果经典白色机身。整机边角采用小弧度圆滑处理，线条极其简约。键盘触感轻柔，操作感出众！触摸面板面积很大。该机还配置了isight摄像头；；配置上，该机子配备了英特尔酷睿2双核p7350处理器，主频高达2.0G，3M二级缓存，1066MHZ前端总线，标配2G内存和120G硬盘，内置DVD刻录机，搭载NV9400独立显卡，满足日常需要没有任何问题！	房间很大，大堂很漂亮宾馆附近餐厅很多	搞活动时买的，买回来看了一下跟实体店的有一点区别，使用了一下感觉差不多，先赞一个吧！	很多!
特别脆甜，直接洗洗吃了，不愧是原产地供货，物美价廉	价格比市场价是优惠了不少，但是貌似比我买第一台的时候要贵一些啊~要是再便宜一些就是绝对的京东了~~~	看看别的网最低才卖47块钱了，这里好贵啊	买加绒的给我邮夏天穿的，骗子
清扬洗发露以前也用过，一直觉得这款很不错，很好洗，这次6.18年中节搞活动买来【京东超市】多芬（DOVE）滋养美肤沐浴露套装 深层营润1000g+樱花甜香1000g送清透水润190mlx2+洗护旅行装实惠的，新包装樱花香型，应该洗着很不错的，陆续在体验当中。?	不错，本本超薄，携带方便。原本想买黑色的，收到货以后发现这个颜色还挺不错，不会太艳，也有送原装内胆包。	"散热口温度蛮高的,不过我摸过,底部温度还可以,可能热量基本及时散出去了的原因,没附系统盘,装系统要纯净版的,否则装不上,没XP的驱动盘,要从三星网站上下.但有VISTA的驱动."	这款平板电脑非常垃圾，想玩游戏的就不要买了，顶多看个视频，然后购买后客服不理人，多次询问客服在不在，都无人回应，降价厉害，建议大家谨慎入手。
超值！老婆超喜欢！一夏天够用了。	比超市便宜，速度也不错，赶上活动	我订的是标准房，没想到还送了我一份营养早餐，免费的，有水果、有酸奶，搭	很实惠，发货速度很快，态度不错，不知道用着怎么样，用着好了，我再追评！
裤子质量很好，很舒适，弹性很不错，挺满意的	和动画片比，我觉得大量文笔优美的文字是这套书的亮点。所以我女儿从3/4岁听我读这套书，到现在7岁半开始自己读，一直都对这套书保有着浓厚的兴趣，尤其是那本《鼹鼠和老鹰》，都不知道读了多少遍了。让女儿爱上阅读，《鼹鼠的故事》、《提姆与莎兰》、《不一样的卡梅拉》、《法布尔昆虫记》等等都功不可没。也非常推荐给父母们，这几套确实是能吸引孩子的好书。	送过来的时候已经流出来了，能不能好好包装一下，就直接这样送过来，流了一盒子都是，东西还不知道，还没开始用	才穿一次就起球了
不仅果好，还有卡片，物流大哥服务超好	以前买的好用，现在活动买的还没用，原价比猫贵	实在太小了，根本不是介绍的70毫米，下次再也不网上买了	上当的感觉。。。。听说电视里火啊。，书里讲些什么都不知道，里面故事从读者摘摘来。。。没意思。
六一买给宝贝的儿童节礼物，这可是宝贝的第一件电子产品，玩的倍开心。我的手机就是华为的，信赖他家的产品。	不怎么好，美团都进不去，定不了位	噪音大A面有点太轻飘，塑料感太强。打着HP的牌子做的却不像大品牌做出来的东西。个人推荐宏基，此机配置虽高但与价格不符，不值。本人推荐不要光追求大品牌。华硕和宏基就比HP强---起码在做工和声燥方面。	买了才几天，就降价了，还不肯退钱，还找各种理由。垃圾，劝大家还是不要购买
包装很好没有损坏，一拿回来就用了，感觉棒棒的，和实体店没有差	我参加了蒙牛#中秋月团圆，点滴秀幸福#活动，快来秀出你的点滴幸福，百部平板电脑等你来拿呦！ http:t.cn/zlQzW9I	质量非常号，有线头，估计会掉色	这书不是很喜欢，我女儿5岁了，这书我认为不适合中国的儿童，其中有一本，完全就是学英语的单词书，如果要教孩子必须要求家长有标准的发音，这对外国孩子来说也就是一本2岁以内的识物书，没意义，如果要学英语，同类的专业教材要好的多，而且有很多情节和中国国情不同，孩子不好理解。
买回来的裤子和卖家的一样 质量不错 裤子颜色也是我喜欢的 总体来说还行 穿出去也倍有面子	4000多元的手机，感觉有些贵得没道理，拍照效果不好，和同学拿的二千多的手机差不多！也没配手写笔！什么电视频道的，现在并不实用！	没有生产日期，不知道怎么办？	"酒店在桂林站正对面,出站就能看见,适合第一次到桂林的人.那晚我八点四十左右到的酒店,总台一字排开有六人,其中三人问了下好.但都没问我是否需要入住.可能生意太好的原因,让来的人觉得爱住不住.终于有人为我办理了入住.房间是一如概往的小,厕所的地上居然就有二根长头发,喝水杯底部的灰洗都洗不掉,给我感觉相当不好.遥控器也是坏的,根本不能遥控.换了电池后也只能坐在电视跟前才能勉强调换频道.真要晕死.早餐的品种少得可怜,而且超级难吃,还不如就在酒店后巷吃碗米粉来得舒服.看着房间的评选微笑服务人员的东西,才真的觉得好笑.可能是我运气太好,从头到尾没有一个人笑过.所以不评也罢."
帮朋友买了，他说用过挺清爽，而且去屑效果好！	"京东服务好送货快, 苹果小了点口感微酸, 放放会更好吃些"	主要是深圳产，广东深圳一带的产品最好不要买，我的手机也是自动开关机不定。	由于房间里面的水是锈水，大堂副理免费升级到套间，由于我预定3天，讲好头2晚是478，第三晚是578。结果第三天直接告诉只能是678，经过与携程反映也没有效果，原因就是第三天有一批人来此开会，房间不够，故意把住客赶走。坚决再也不住这里了。态度十分差劲。
性价比很高，看电视，玩游戏挺好。	宝贝不错，看了好久终于下手，喜欢喜欢	我买了之后就后悔了，价格高：1650.00元。6月第买的，国美家电购，当时连真机也不能看，要付款后才拿到的机子，所以好多功能不能试和了解，只是凭介绍就买了。内存太小，像素没那麽高，每次进入都要设置，相片色彩偏差，来电防火墙设计得不好，谁来过电话也没显示，外表摄像头设计得不理想…后来发现我的手机也不能连拍，但是应该有这功能的，问售后服务点，他们也解释不了。	没有收到何来已签收？
键盘功能键好像翘起来的，仔细观察，好像东芝的都这样，大家看得时候注意	用完特别容易痒，跟以前屈臣氏的根本不一样，绝对的假货！！！	给差评的原因，第一耳机呢？，第二找客服回话了？？，第三乐视的会员卡呢，别人都有我的呢？？	差评，刚买还没收到货呢就降了50想退还不行
拿到后初步使用1G的内存跑起来稍稍慢些，很安静，像关机一样，键盘手感超好。	为什么我昨天到货的平板电脑没有发票？	果子小，非常小，还不甜，我也是醉了，感觉被坑了，路边摊卖的都比这个便宜，甜。大家购买要慎重。	物流慢，态度差，差评，非常非常差
裤子已收到，质量真不错，穿上刚刚合适，长短也合适，包装也很好	"个头比上比75mm,的果大，五个有个大约80mm,剩下在70到80mm, 大约2 8kg,不算运费，一斤五块多，加运费一斤六块多，特点比较酸甜，汁水很多，新鲜！个别显青的放几天就变甜！尝尝鲜，不错！上次到手75mm,不少果很小，上次快递包装给拆开了，这次有改善！要不是怕和上次一样包装给拆了，我就买俩了！希望包装考虑快递易收货的箱子的大小进行包装发货！"	住了两晚，宾馆的墙除了外墙外，基本上是由木板隔成，隔音效果较差。房间里打扫不够干净，卫生间里的长达20来CM的头发就这么放在地上，是不是现在的经济酒店都不用打扫地面的？早餐对于南方人来说，有点不习惯，两天的早餐都是在外面解决的。酒店的设施有点老化，电梯味很重，受不了。	本来挺喜欢在京东上买东西的 但是这次的购物体验真的太不愉快了 并不推荐
618活动价，非常棒，立马入手了，裤子收到，包装完好，打开试穿，很舒服，尺码合适，版型也很好，做工细致，在这家店买了好几条牛子裤了，都很好，以后会继续光顾！	水果每一批都不一样，希望像上次那么好。	就是钢琴烤漆收集指纹功能有点强大 哈哈  不过这也没什么 个人觉得完全可以忽略不计 就当是信手涂鸦的作品了	无良商家一个星都不想给，苹果与图片实物根本不相符，下了十斤只有五斤，而且苹果又小包装也不是冷运，还有几个烂的，最失败的一次购物！
衣服很不错，穿上很舒服，面料不错。	物流很给力，平板已收到，不错，喜欢	物流给力，一直用的沙宣品牌，好喜欢？	没得说，这个价位好到不行。。
很满意，包装完好，速度快，价钱实惠！	离火车站、长途汽车站很近，打车起价就到（五分钟内），楼下有24小时营业的麦当劳（点餐可免费送至房间），出大门往左便是平原商场，其对面是影剧院。	4.18下的单子，送给我的卡截止日期是3.30，如下图，而且到处找不到怎么解决，京东，醉了	这是我用过最难用的洗发水和护发素。与京东无关。
很不错，这次赶上活动买的，囤货，能用上好久了，京东买东西还是有保障的…	男人的事用男人的东东解决，没头屑，无烦恼，就是这么自信，你是我的小三，值得我用一生去托付，呵呵	第一次用华为，手机是新的，第一感觉还不错，	好好好好 挺满意 一直用京东
是正品，用起来效果很棒，老婆很喜欢	我推荐大家先去了解了一个萨提亚，可以看一看她的那本《萨提来冥想》，对于希望能够自我成长和认识自己的人来说，这是一本非常捧的书，文字中透露着宽容和爱。看完后你会明白她要传达给人一个什么样的信息。然后再来看《家庭治疗模式》这本书，你才可能有更深的体会，其实当你决定要想来看这本书的时候就已经有了一个渴望，那就是让自己幸福，让家庭幸福。所以，试一试吧，不会后悔的选择。	觉得不是正品 买回来一直没用 在那放着 前两天拿出来用结果发现照相特别不自然 特别 准备拿去华为售后检修 估计是组装机 现在也退不了 认栽	京东快递不送货上门。差评。（本来就买回老家的，我父母在老家收货，京东快递还打电话给我爸爸要我爸爸过京东快递分店取货，老人家了还要来来回回跑，现在京东都做到这么差劲的地步了吗？未送货过上门怎么知道收货地址在哪里，在京东买四五件货物都是不送货上门。）
到货很快，包装完整，应该是正品	是我读高中的时候，美术老师推荐看的书，其实他有一个系列。我还在慢慢收集呢。因为已经没有出版很久了。这本书，适合那些对社会问题有看法，或者你是对人类行为、人类发展感兴趣的看。一开始，吸引我看他的书，是老师在课堂上说的一句，为什么两个感情好的人会越长越像，连某些小动作都一样呢？ 作者的书就有写这个问题。其实，很多我们既定的一些理所当然的行为，在书里面都找到一定的解释。	酒店地理位置很好。但设施有点老化了，浴缸的塞子拔不出。床上的席梦思也太久了，睡得不舒服。餐厅服务员态度很冷淡，见不到笑容。	用过后头皮奇痒无比，还有头皮屑，老人说肯定是假货，以前在超市买的完全不会这样
做工很精细值得信赖。颜色也是我喜欢的，这是我很满意的一次网购。谢谢客服的热情服务。因本人害羞就不发试衣自拍照了	一直信赖京东，好东西赞一个！	挺好的，速度快，昨下单今天到货，期待使用	不错，用着很合适。
味道不错，价格便宜，约6元每斤。可以值得拥有，秒杀摊贩。	以前从来不写评论，现在觉得好不划算，因为写评论，可以给正在考虑想买的人一个参考，而且自己又有京东拿，这叫一举两得啊！很好的苹果。	"边框太粗,相经放在一起的T40,边框有点过份了 系统vista home太鸡肋了,装2003花了大量时间,建议没有光驱的同志做好准备"	有没搞错？31号下单是*次难忘的购物。
可以啊，性价比可以的哈哈。。。。。。	第二次入住没有前一次感觉好送的水果不新鲜	"对新月阁只有失望两个字,我敢说那些评论都是他们自己写的,在丽江太多又便宜又好的客栈根本不用提前预定,新月阁的价钱可以住别的更好的客栈好几天了,他的房间又小东西都没地方放,建议大家去住万古楼那条路的客栈,又大景观又好又便宜,大家把钱留着去玩吧!"	差评差评，里面订货单都没有，就光装了一瓶洗发水。感觉路边捡到的似得。
用着挺好，泡沫丰富，宝贝说香香哒，大人用大瓶，小孩用小瓶	这个头的苹果怎么不像75mm还有点蔫吧	这个洗发水是次品的 不可以买 洗完后一天掉二三十根头发 有头皮屑 还糊糊的 很痒	给零颗星，不新鲜，有一个腐烂了，差。
感觉还是很不错的，必须好评一下，质量也很可以，东西很很赞的拉	该有的东西都有了，这个价位有这么好的配置，就快要赶上很多三线品牌的性价比了。华硕的东西质量还是有保证的。很适合学生。	直接铺垫在狗窝	非常垃圾的手机，使用4天，无缘无故出现排线破损，退换货还不给处理。这不是质量问题是什么？还让我自己去华为厂家检测，我是在你这里买的，关华为鸟事？找你们没用是吧？我是没时间去厂家检测，那就只好投诉咯，我还真不信，使用四天的手机自己出现内部破屏，还不处理
配置挺高，相当专业的娱乐本，特别是旋转屏和触摸让人耳目一新。还有钛合金的外壳和键盘！国产质量很难突破！	嗯嗯！这果个头虽然小了点，但很香、很脆、很甜……嗄吱，嗄吱满嘴果香！	挺慢的，建议买小米平板	提价再打折出，双十一用折扣卷的卖的和现在不用卷是一样价。.......
味道很好闻 好实惠 值得购买哦	紫霞喜欢至尊宝，至尊宝喜欢白晶晶，白晶晶喜欢齐天大圣，齐天大圣喜欢紫霞，你以为齐天大圣和至尊宝是一个人，但是他们相差了500年。一切都对，除了时间不对。想要救紫霞就必须打败牛魔王，想要打败牛魔王就必须要变成孙悟空，想要变成孙悟空就必须忘掉七情六欲从此不能再有半点沾染。 人生就是这样：想自由地和心爱之人在一起必须要事业有成，想要事业有成就必须要抛弃天真戴上面具，当你变得有能力给心爱之人一切时，却发现找不回最初的自己亦失去了爱的能力。	用了有一个星期才评价，反应速度还行但是看视频有点模糊 成像不是太清晰	二手东，擦买的平板被人用过，平板没有封包，没有打开盒子里面还有一些象卫生纸一样的碎末，盒子里外都很脏，充电口有充电器插入的划痕。
以前也用过无硅油，刚开始还行后面就不怎么滴，希望这个不会这样。	物流太不给力，乖了一个多星期！	为什么洗完了之后头发更痒，头皮屑更多了？	货收到后，打开为什么平板上没有保护膜，而且有明显的擦过和手指印的痕迹，应该是之前打开而且用过的吧，京东应该好好反思了！
618囤货，很实惠，送货速度也给力，给京东点赞?	第一次非常不满意，收到的时候瓶已经打开了 洗发液漏了很多！！！懒得扯皮了，下次要注意	不甜，颜色也不好。个数不均匀，有的太小了，而且这次物流也不快，总体都感觉不好	不是很满意的一次购物 声音还特小 送的乐视会员 根本就兑换不了会员 一星都不想给
环境很不错，。。淡季携程的价格也蛮有诱惑力的过程中遇到了一些问题，。。不过携程还是有一点影响力的，。。在反复督促下，还是比较圆满的解决了。。。表扬一下五星级确实不错，温泉值得一泡。置身于森林中，。。面向翠湖，。。细雨纷纷，。。和热腾腾的汤池。。。十分享受。。。由于是内陆城市，。。消费水准还是低于沿海城市的酒店的服务意识不错，。。性价比很高。。	我终于知道为什么我们学校蒙牛的酸奶那么便宜咯，因为蒙牛的酸奶厂就在我们学校旁边 我在#包头医学院# http:t.cn/zOgJuEk	这包装能在简单点吗？	今天刚到的平板，开机好慢，充电太慢了，用电好快，是拆封用过的平板
换XP搞费劲的 颜色我一直以为是黑色的 害的我弄了一层膜上去 声音的触摸键不灵 散热不是很好 风扇声音太大了	"给朋友订的,原来计划2天,结果入住遭遇使得第二天改到凯悦了,1)送朋友入住,所有的车位都上锁,只好找别的收费的,其实在同一个院子里2)办理入住时竟说没查到有订房,不知是携程还是酒店的原因3)房间的床上竟然有一条很长的血迹,恶心4)所以要求换一个房间,被很不客气的告知只此一间,感觉给我房间是给我很大的恩惠和施舍了5)竟然没有热水洗澡,朋友强烈要求以后不要再订这家酒店了"	第一天来开机用了一个多小时 以后就卡卡卡 第八天死机了 呵呵 现在不是死机就是黑屏 太不靠谱了	非常不满意
"设计非常漂亮,散热很棒 设计非常漂亮,散热很棒 设计非常漂亮,散热很棒 设计非常漂亮,散热很棒"	充电口对不正不好插进去，就凭这点顿时感觉这平板不咋地，其他方面不多评论，反正有点后悔，平板还是得买苹果的才行7	这个是真不好吃，酸的要命，还有点辣舌头……	产品有漏损，客服无回复
活动时候买的，感觉挺合适的，一直在用清扬，挺好用的！赠了几瓶小瓶特别适合出去玩带着用！客服也很贴心！物流速度也可以！	裤子超级好的。布料很舒服。不掉色。物流也很快。喜欢的赶紧买赶紧买！！	在电视上还挺喜欢于丹，买了书发现，不差，就是觉得有点不值。内容少得很。	东西收到后很不好 都烂了 也有没烂的 不过口感不好 唯一感到满意的就是京东的服务
比超市便宜，头发很顺，护发素不错，包装好，品牌好	给儿子买的，秒杀的，虽然味道很淡，挺好的。	除了充电器有异响外，其他什么都正常。还是值得购买的	我也是醉了，一打开就这样，说不是徦的都没人信，一颗星是给快递小哥的！
满满两大瓶洗发水一瓶护发素，还送了另外一些赠品，包装完好，一次买这么多东西，还另外有一大桶赠品送，可以用一年多了，真是又好又快又方便。	做工精细，运行流畅，64g通话版，不仅仅是一个平板，其实就是一个大手机！功能齐全。	不好，用了还是好多头皮屑	真的不行，一股霉味！洗澡换衣服后就躺在床上玩手机，哪里睡的着，只能等飞机临时钟点房而已！
给老人多次购买了，有京东太方便实惠了。京东送货也快。商品质量有保璋。	我是抱着求救的心里去读的。不像很多人说的不要急于读完，然后束之高阁。我是一口气当故事读完的呵呵。之后很少拿起。我的确需要相对长的时间来再次拾起来读。我以为读完了就基本找到答案了。其实我是连第一个问题都无从为自己解答。。。。。。它帮我开启了一个全新的世界。我闯了进去匆忙看了一遍又溜了出来。似乎懂了些东西，又似乎什么都没得到。我会得到的，这是个开始而已。	第一：外表不是金属，第二：色彩差，第三：玩游戏会卡	拉圾客服不在退货太慢
待机最高可达7-9天，多媒体功能十分强大，支持各种视频和音频的录制和播放，音频文件方面支持多种文件类型。	第一间进住的房间都是烟味，地毡上还有好几个香烟灰，后来换了另外一间气味没那麽重！建议酒店清洁卫生必须注意，及最好有非吸烟楼层	美的售后太垃圾，其他售后都是两小时回电话，美的是24小时，结果超过市区不到五公里问我收五十，服务很差。再不买美的的东西了。卖家服务还不错。	住过那么多家桔子和桔子水晶，这家店是最差的！设施差，卫生差，卫生间小的站不开！面盆更是差到不行。。。豪华间也没豪华到哪里去！停车非常不方便！还好，工作人员都挺好。以后去北京不会再去住了。。。可能真的是如家或者汉庭改的。。。
1.精致小巧。2.键盘设计整体表现干净利落整洁。3.影像拍摄清晰细腻。4.内置颇具人性化设计之“化身”程序，可对不同联系人进行设置，这点极具创意。	做工还可以，外观也不错！操作起来（我主要只是用来办公）速度也不慢。	"房间设备太差,连空调都没安装,下次如有机会再去不会再选此酒店."	必须差评，还没用不知道质量怎样，昨晚刚下单今天就降*
好好，平板好看，操作系统流畅，不卡	周六下的单，周一到货，很满意这个笔记本，也感谢京东，下次再来。更感谢其中一个男话务员，帮我询问运货情况，并给我打电话回复	系统安装还算顺利，网卡驱动怎么一直装不上。郁闷。fn+f11也没用啊。	什么玩意100就这样了？看是京东自营的，评价都没有看就买了。
很好，挺不错，很喜欢	买的大了，纯白色显得有点单调。	可以用不到的。紧来？	严重差评，3个都坏了，还很小一个，物流太慢。
三星级的硬件，五星级的服务。服务真的没话说。离解放碑还是稍微远了一点，没有想象的近。不能用走的，还得打车。打车到只要5块钱。地段设施也只是过得去，但是它的服务能让我们两个在外面漂泊了一个多礼拜并且饱受重庆插头司机拒载之苦的异乡游客感动得惊天动地。细节决定成败这句话真没错。首先，凡事打车到达酒店或是从酒店出发的客人，门童不但负责开门拿行李以外，还会及时将该车的车牌号抄在一张小卡片上交给客人。以防客人遗失物品在出租车上。（貌似重庆插头没有给发票的习惯）酒店check in的柜台是低柜，客人和前台小姐都是坐着得，感觉非常亲切。虽然是自助早餐，但是你只要对服务员说一声你要的鸡蛋是什么样的，保管五分钟内热乎乎的给你端上来，而且绝对不会搞错老嫩单双。自助早餐的质量也比我们住的成都的一家类似价格的号称四星的酒店好多了。房间里的拖鞋是那种厚厚的棉质的，不是纸头做的一次性的。卫生间里配有可收缩的晾衣绳。洗手液取代小肥皂，外加一包手洗洗衣粉。对出行有任何疑问只要致电总台就能得到详尽的答案。我们的古怪问题包括附	环境一般，只能作为换乘飞机的另时休息。	装xp，驱动盘里面的驱动不全。需要网上下，还有就是屏幕亮度不能调，声音可以的。不知道是不是驱动不对	明明拍的加绒的，发来一件没加绒的
"衣服收到，质量应该是正品吧，包装很好，衣服料子很舒服质量不错，做工也很好，夹克样式比较适合，颜色也比较正，衣型穿起来比较高档大气,值得购买的店家！客服服务态度很好，工作效率高，衣服质量很好"	很不喜欢这种小女人过着自以为小资的生活，每次都联想到夜上海的情景，不是很让人舒服，只有颓废的感觉。	双十一有点忽悠人，价格999，华为商城还送手机壳和贴膜，京东提前把预收款收了，又不能退，有点被欺负绑架的感觉，体验非常不好。	假的，洗完一点香味都没有，后悔没去实体店买。
今天接近中午下单的，没有想到晚上9点就收到了。苹果不大，好不好甜不甜先不说了，只想说快递小哥辛苦了，给快递小哥10个赞??????????我是第一次在京东购物，以前都是在其他购物平台上成交，以后我会是京东粉?	看完书后，有这种不一样的感觉：原来国际关系、军事斗争还有政治安排，原来都有“冲突的战略”在里面左右。作为“博弈论”的先驱，谢林先生的思想高深而又全面，可他通过事例却把这个理论说的清楚、了然。要说感想，可能需要再看几遍才能形成自己的思想。翻译的质量好像不是很理想，特别是一些理论的阐述。	此时的切糕可是一个贬义词 蒙牛这些傻逼是不是以为切糕很高级呀	保修卡，说明书什么都没有。差评！纵使平
非常别致的一家酒店，设计很独特。地理位置有点偏，但酒店有班车也挺方便的。下次还会住。很喜欢：—）	看着不错！还没有使用！看评价都说不错！所以给父母买一个，玩游戏！接打电话……	不足有两点： 1：风扇噪音大   从一开机到关机风扇就是一直转（用手摸摸出风口 有时吹的是凉风）不知道是不是设置有问题 还是风扇。	不是所有的房间都有阳台入住记得要问一下向马路的单床间 两头的都没有阳台服务很好隔音很差尤其是晚上只要有人在走道说话一清二楚
很喜欢，看起来就很喜欢，瓶身外就可以闻到香味，发自内心的喜欢，虽然还没有用过，但是已经想回购了。	比想象的要好。 看来金钥匙联盟还是有一定的质量控制的。房间设施还可以，就是烟味太重。回来睡衣上全是烟味。早餐很一般，可选择的东西少。不过那个巴基斯坦服务生态度倒是很好。就在鸭绿江边上，周边环境到还可以	"酒店大堂奇大,没有任何布置,空空荡荡,非常浪费空间,周边好像没什么吃饭的地方,房间对著西苑公园,景观还可以,算是洛阳最好的酒店了吧,服务真得不行,没有四星五星的水准,我们晚上下机坐的士到酒店,门僮站得老远没有走过来拿行李的意思,只好自己拉着行李去check in,前台小姐服务还是可以的,走时也一样,门僮也是站在一边看,很奇怪,这家酒店培训工作可能做得不够"	差评！！！空调只能到25度，找总机来了个什么都不懂的阿姨，屁都没解决丢下一句我们就这样爱住不住走了！本来订了两天，就只住一天，差评！
非常棒哦，老公用的挺舒服，继续购买，速度也是杠杠滴！！！	东西非常实惠，快递很给力，昨天下的单今天就到了	大小合适，颜色也对，穿着也挺舒服。	没用多久就坏了，开不了机，问到哪里修店家服务不好，在差了，在也不买这家店的东西了。
平板收到，物流快速，款式颜色都让我喜欢得爱不释手，打开后更是惊喜多多。很实用的一款平板，推荐购买。	酒店位置不错，就在市中心，从火车站坐2路、9路到体育场下车都可以到，2路还可以到陕州风景区。酒店门口有公交站，6路站牌上写着可以到虢国博物馆，但实际上6路改线了，终点是上村，可以坐到第二个铁路道口下车走一会儿可以到博物馆。定的是单人房，房间不大，但自己一个人住足够了。装修还可以，可地毯和浴室脚垫太脏了！！！！实在太脏了！！！不知道多少年没洗过了！！！其它还好，只是中央空调制冷不太强。一楼餐厅的菜不错，也挺干净，住店客人消费挂帐还可以打8.8折。值得一说的是服务，虽然酒店装修比较旧，但服务是可以达到三星标准的，比较有效率，态度也不错。退房的时候把乘车卡忘在房间里了，房间服务员发现后马上告诉了我。晚上有个穿短裤拖鞋的人想进酒店找人被门童拦住了，被告知短裤拖鞋不能进入，必须衣冠整洁。对这点很满意，这是个城市酒店又不是度假酒店。只是门童的制服太滑稽了。	这个真的很一般，不知道是不是正品	质量没有想象的好 尤其是卡 最主要的是没有宣传的那样省电，我的只能用一天，使用时间不超过5个小时，比宣传的差太远了，最多能上网聊微信5个小时不能再多了，还以为能用10个小时以上，宣传看视频都要10多个小时 很失望
包装好，色泽好，口感不错，快递小哥送得很及时赞一个。	"春节期间酒店比平时折扣更多！非常不错！已经第三次入住了！补充点评 2008年3月3日 ： 我是春节期间入住，目前的价格又回复到285了，春节期间是258,含早哦"	总体来说，价格公道，服务和设施都不错，出差商住比较理想，干净、清静、方便、舒适。但是也有不尽如人意的地方，例如我进入房间后发现，装修的榔头和木板竟然还在地上，不过及时更换了房间。下去吃饭，竟然一个位置都没有，不是住店客人太多，而是大厅和包房全让结婚包场的和请客吃饭的占了。试问：一个5星酒店，怎么说也要为住店客人留个大厅用餐吧，不能对着每个客人说：先生，麻烦您去我们西餐厅或是日餐厅吧？	太难吃了，一点甜味都没有，京东的东西质量也不行了。
裤子很满意，买给弟弟穿的，弟弟很喜欢，尺码，款式都很好，质量也很棒，很喜欢，会一直关注的。	包装精美，品质有保证，比超市便宜许多。	抵制日货，抵制蒙牛、伊利	"房间太小.设施太垃圾.洗澡水半天都是凉水.放很久才有热水啊.洗澡间放5分钟就水漫金山了，所以原定住10天,结果住了2天就退定了,冰箱没接电,宽带还可以."
一直想用沙宣，觉得贵，看到有活动立即下手啦，??	房间没有想象中的大 设计实用性并非很好 不错档次还算可以了 服务也不错	酒店旧了	"618当天下单，第二天就降价100，,618不是号称一个月内极低价么？申请了N次价保毫无回音，难道要等到申请时效过了在告诉我不能价保，看来只有投诉了。"
套装很实惠，性价比很高，很喜欢！	在哪里是中果啊，分明是小果，在外面水果摊上买也不至于是这样子	包装二个装在一起，送货的时候只有二个包裹，导致收获的时候以为是二个产品，沟通的时候态度恶劣	京东垃圾以后不会买京东的东西了。
弟弟的生日快到了，买了送给弟弟的。真心的推荐。裤子版型很好，面料 也很舒服，好评。	环境不错，价格合理。房间没有太平洋酒店大，设施较旧。	蒙牛不死，死的就是我们 蒙牛：蒙牛，我不行；蒙人，我很在行！	物流慢，打开就这样不知道是不是少了一个，才11个，说的是16到24个的，看着搞特价才买的，难道这就是所谓的特价，太贵了，建意大家，买水果还是不要在网上买的，物流就得几天，水果就少了新鲜感
面料好舒服哦!不错，给个好评!	中左同你分，小叶子 为了牛奶~~ 我们将抽出三位幸运者，奖品是一箱蒙牛优酸乳欢迎大家参与投票	"性价比极低,根本够不上4星的标准.送单早,早餐另外收费,68元/位,上网收费,60元/天.下次再也不住了!"	垃圾正中垃圾，布料差码数偏大
电池用不得手机一天不怎么用电池都不能用到黑	服务态度不是很好，遗忘了东西在酒店，酒店也不配合寻找，多次打电话询问都没有回复	假货，商标是用塑料贴上去的，这不应该是京东所为，可……	服务态度极差，房间简陋，且房间里有鬼，永远也不会去
做工没得说，超薄的那种，音质特别好，感觉苹果也做不出这么超薄的效果，挺好的。	裤子收到了，质量不错，面料摸起来很舒服	"酒店的地理位置不错,面对员当湖,这次住了个01号房,有两面的窗户,一边可以看海一边可以看员当湖,尤其是员当湖的夜景,很漂亮.房间的设施有些旧了,毕竟是99年开业的,不过房间里有免费水果和免费矿泉水；大门口的LED电子屏幕很是惹眼，漂亮得很；6F的健身房和游泳池对住店客人免费开放。员工的素质和服务很不错,从进酒店大门就有门童向你问候,总台和客房的服务员都也很热情,退房时宾客关系主任还主动来询问住店的感受，征求意见，感觉很听客户关系主任说年底要装修,期待ing......房间价格包含的早餐很丰盛,品种很多，口味也都挺好的。400多块钱挺值的，我加了20块钱选了个每天“180分钟国内长话随意煲”的优惠，打了很久也才20块，直拨的，比IP电话还便宜，省了好多国内长话费！入住的时候正好有人办婚宴，大堂人来人往，很热闹，听说有几十桌的客人呢。下次还选这家入住！"	这本书是朋友推荐的，个人认为是值得一看的。书中作者对阐述了自己对佛教，道教和基督教的综合认识，我觉得写得挺有深度。说实在的，作者说得那些，我并不能真正理解。不过觉得，如果人真能象女主人公芮小丹那样洒脱地面对人生，很不容易。看过书后，我马上在网上找到电视剧看了看，电视剧拍得不太好，显得象是在背书，没把男女主人公的深度演出来。可能是书写得太好了吧。
很大一瓶，感觉划得来！就是去头屑效果不太好，可能我的头屑确实很难去，配合康王用，效果明显好多了！	机子还不错，没发现什么，就是4599特价时买下了。隔了1天现在便宜了100元，心里很不舒服，	酒店设备，环境都还可以，就是早餐不怎么样。而且晚上有不明电话。女士接起来以后说是要不要足底按摩。希望可以改进。	说好的赠品一个都没送，手机显示屏真的很模糊，这个价位不如买魅族或者小米，真的，像素甩畅享6几条街
大小都有，赠品不少，很划算。	性价比很高 外观漂亮 速度快	派送很快，苹果味道也挺好的，还会继续购买。。	一周之内连续降价2次，无语
很不错的一家酒店在三亚湾那里，价位很低，服务也不错。	很好，质量不错，店家态度挺好	还不错，一直信赖京东，以后还会继续支持，送货什么的都挺好的，快递员也挺尽心的。	衣服挺好的这个价位还算不错的
1-酒店地处偏僻，离海边很近（走路2分钟），且海水比北戴河和南戴河要干净，但是海边没有什么娱乐设施。2-我们是8月22日入住酒店的豪华间，房间室内设施一般较陈旧，因为楼层不高，阳台上会发现有蚂蚱一类的小生灵。卫生间的设施还不错。3-酒店的服务很好，有问必答，有求必应，而且员工们无论是哪一个岗位都很热情。饭菜也很不错，只是当天入住时海鲜的种类很少，但味道很可口也很精致。比起大排档来说要吃的舒服。4-周边没有什么超市和商铺，很清静，30元一位的卡拉OK，即便4个人也可以给你提供一间大的功能厅，超爽，只是音效略差一些。5-总体来说这个酒店从性价比上来讲是非常不错的了。	谈牛奶的安全，土的洋的，都是浮云吧！说一个蒙牛喜欢的听的话，我用蒙牛的原味酸奶做种，自己制作酸奶，效果很好，其它许多品牌的效果都不行，有些根本做不出！	码偏小啊?‘	不支持Xp和未能提供相关该产品硬件的升级网站，且网站公布的可供下载的驱动不全，需要找HP工程师才能发链接。
房间很干净，设施很新，应该是义乌最好的酒店。宾馆反馈 2008年4月14日 ： 给您创造一个洁净的居住环境是我们的职责，愿酒店中的每一次都给您留下美好的记忆，谢谢您！	酒店外观大气好看，但房间设计不好老旧	感觉不怎么样，刚刚洗完头发又感觉头发干枯枯的而且还是好油	不要买。不要买。。不要买。。不要买。很假假的很。。。
环境不错，设施也相对齐全。菜肴也比较美味。价格也适中。不错！强烈推荐！	"不错的选择,气派的大堂,干净的房间,卫生间也很大,玻璃墙.缺点是卫生间的装修有点旧了.地理位置也很好.对面就是青龙超市,补给很方便.在宜春,还是很推荐的.补充点评 2007年5月5日 ： 晚上也可以在酒店里吃饭,"	什么破4星，热水要10分钟后才来。没有中央空调。	为什么和以前的差很多，面料差很多，而且还有黄斑，几十块的东西就懒得换了
衣服质量不错，款式时尚，穿起来很合身，和定做的一样，卖家发货很快，我很满意！	硬软件都相当好，房间环境优雅，服务温馨体贴，早餐也很丰盛。只可惜门口的道路成了单行线，有点不便。但性价比绝对高，下次去沈阳，我仍会坚定不移地选择这家酒店入住！！	是我到目前为止住过服务最差的五星级酒店，气温下降空调没热风，冻得直打哆嗦。按摩小姐无孔不入不管男士客人是否与老婆同行，即使在电梯里也疯狂的推销要不要按摩。妈妈桑更是夸张竟在我们房间门口问我先生要不要按摩她是妈妈桑可以安排最漂亮的小姐。 有问题找值班经理，值班经理根本不予理会。不知道这个酒店是怎么评价成五星级的。	内容空洞，讲得道理都是平常人都知道的。不值得买，没事可以到书店翻翻，不必浪费这个钱。
京东很快，信任京东，潘婷很不错，喜欢用！	大家都喜欢吃随便，蒙牛公司怎么做的来……	太贵，洗发水不好洗头一天就油了，	洗完有头屑还头皮痒
已经吃完了，挺好吃的，做活动买实惠，包装到位，没有破损！	第一次用安卓系统，还有点不习惯，机身屏幕很大，但是分辨率不高，看电视图像不够清晰（看的是高清版），优点是电池持久，如果对拍照，看视频没有太高要求的话可以考虑。其实价格也不低了，iPad迷你2也就1880，看个人追求了，我还是决定支持国产，希望国产越来越好。	"感觉没什么有意思的,就是一些单词堆彻的单词书. 除了包装有些精美."	系统要自己装，会让你很头痛！买回来发现不能上网有线和无线都不行！打过800服务电话也找过网络工程师却发现网卡问题！原装系统超慢且容易死机换系统装驱动却装不了!麻烦的还在后面 售后服务简直不人性化！
很清晰，支持国产，非常满意	面料不错，摸起来很舒服。版型不错，不过我老公穿着有点长。先找裁缝剪了一块。	交通还酸方便。挺干净的。前台的服务态度也不错。	不喜欢这个系统的人怎么办呢？而且能在送一些小赠品就更平衡了：）
超喜欢这个苹果，大小对我正合适，一次吃一个。这是脆苹果，咬一口嘎嘣嘎嘣，一口汁水四溢，特别是再冰一下，太爽了	作为一家两星级酒店已经不错了，我订的是套房，房间很干净也很宽敞，卫生间很大，还带淋浴房，服务也很到位，毛病就是服务员的普通话需要加强	不错，裤子很结实，怎么撞都撞不拦	不好，京东马扁子，图书优惠券一张都抢不到。
款式不错，质量很好，没有色差，尺码标准，很满意！	此书算是一本论文合集，对于中国古代甲胄的介绍尤其详细，包括从原始社会到宋朝。里面对各代甲胄的特点、材料、制作工艺介绍得十分具体，并且配有表格及清晰的线描图，令我受益匪浅。对于武库、兰錡和胡床的考古发现我还是第一次看到，觉得很新鲜，总算明白胡床是什么样的了......可惜对于兵刃的介绍还不够多，但还是不失为一本内容丰富而的好书。	果肉不新鲜，还有两个发霉的，太差。	大厅那么大，里面十分糟糕！跟图片上看到的除了两张床是一样的，其它一点都不一样！隔音超差，毛巾异味，拖鞋坏的，早上六点施工就把我们吵醒，纱帐上破洞堵了卫生纸就糊弄人了，面积居小。这都没什么，主要是服务极差，开房慢退房慢，因为我们预约的是三点的车，两点退房，大堂里居然没有服务区，只有桌子没有椅子，因为下雨外面没办法坐，想要把外面的椅子拿到大堂坐不让搬，跟服务人员反映，爱答不理的，找主管让我们去开房！？退了房客人**不是。从未住过如此差的宾馆，性价比差，不推荐入住
质量好，发货很快，我很满意，不错的宝贝，谢谢卖家，好评	质量很不错 穿着很舒服 客服态度也很好 物流也是杠杠的 很满意的一次购物 下次还会再来的	包装精美。送货速度快。苹果很新鲜。一起买了很多别的水果。也都特别好。京东老客户。生活所需一应俱全	"住鸿宾楼客房,感觉比前段时间来住更超值了,发现通道地毯换的很漂亮,有点高星级酒店的感觉,另外房间里都可以提供宽带上网了.住在这样一个在努力进步的酒店,我喜欢"
此宾馆十分气派，唯一美中不足的是，我去的那几天，从宾馆出来不容易打到车	伊利奶没有蒙牛的好喝....但是红枣酸牛奶还可以...蒙牛利乐的纯牛奶不错，最好喝的是核桃奶....三元的也还不错，就看这评价我怀疑我要奶中毒了...	东西差评真的是有原因的，还相信京东是个大品牌，然而是真的会让人失望，不要被鲜艳的图片所欺pian了，可以接受你个人小，不能接受你是残次品，还抱着侥幸的心里说果肉应该没坏，事情证明不新鲜的火龙果果肉都是臭的！再也不会在京东买生鲜了！！！	垃圾华为，WiFi连着总跳，玩个王者荣耀还不能开中配，而且自己的华为中心开着还卡，用华为账号登入游戏还总退出，卡死，游戏角色消失，这东西只能用来看看视频，问题是看视频高清比手机看着还模糊，音效是不错的，总体来说还是丢了吧……*的价我宁愿去换个小米。真是越期待约失望。京东的物流还是不错的
非常实惠，套装一个不落，快递更是好的没话说，直接可以显示快递小哥所在位置，京东就是专业，贴心！推荐使用京东购物！	已经开始使用了 绝对是正品 味道很好闻 喜欢用完还会在买的	还不错，就是旁边在修桥，交通不便。服务还不错，早餐丰富，总体够4星标准。	衣服有股酸味
昨日下午下单，今日上午就送到了，京东物流没得说，相信京东，相信正品。	先赞一下京东客服，有问题给与耐心的解决！    洗漱用品一直京东买，送货速度快，比超市还便宜，继续支持！	颜色不一样，太差了！	质量差的要命
"很不错的一家五星的酒店,房间很大,设施也很新,重要它的位置在金融中心,去哪里都很方便,以后会考虑再次入住的."	很好 房间很好 位置很不错 以后还会入住	太薄了，根本就不暖和，这也叫加绒啊？失望。	不能再烂了！好意思是五星级！唯一好在城楼式的门面和大型的后花园。房间一股霉味，床单被套也是，差点给熏晕了。实在忍受不了，只好开窗睡。。。除了味儿，还脏，地毯墙面，包括房内设施都很陈旧了。本来以为是因为高级房的原因，结果去了德国同事的豪华房，一个样。最让我忍受不了的是，枕头上的一大块黄斑，房间灯光暗，晚上没看到，早上才看到的，心有余悸。。。住过的史上最差的五星酒店，没有之一！
还好啦，卫生还可以搞得更好一些，床单上有一小片污渍！补充点评 2007年11月14日 ： 其他方面都不错。	服务还可以，硬件条件一般般，十分的吵，想睡个好觉的千万别住；火车站早已经搬家，坐火车也不方便，倒是晚上饿了吃东西很方便。呵呵，我只住了一晚就跑了。。。	掉色怎么回事？？太假	网购十余年遇到过的服务最烂的店，没有之一。衣服首先漏发，告诉客服很紧急需要补发办活动后客服去仓库查货查了三天还没消息，期间每天催客服，客服每次都让提供一堆已经提供过N次的资料重复提交，提交完后仍是没有回复的等待.待仓库核实完又过了好几天仍旧不补发，造成我这边没赶上活动只好要求未发的退货，又弄了好几天.事后要求开票，目前已三周了还不知道发票在什么地方，差评，建议大家不要买这家的东西
裤子很不错，面料很好，穿起来非常帅气，喜欢！	卖家服务好，东西质量也很棒，很喜欢，下次有需要的话还回来这里...	隔了一段时间，过来住，还是那样差，空气不好一直咳嗽，卫生很不好，味道很大，广交会临近没有得选择，只能选	差评 说好的赠品没有送 京东越来越不亲民了 以后在京东只能冲话费了
材质的感觉不错，自己弄个螺丝刀都没打开后盖，最后是到成都Thinkad服务站让他们帮忙装的内存。还免费把分区做了，一键恢复也没破坏，很满意。 加上1G速度还行，看高清电影效果很不错，游戏还没怎么跑过。	已经收到了！感觉有点差强人意！穿了之后再说吧	大牌子值得信赖，洗过几次还行，*啊！就是太贵了	"要退货，客服只会说是正品，反正就是不给退。如果正品这么难用，洗完头很快就痒，那也是呵呵了，看了评价才发现也很多人说洗了头痒！！！在其他地方买的都好好的，在这里买的洗护用品，都不满意，一点都不满意。快递也是慢吞吞，还给我分拨错误，等了好几天才到，找客服也只会推脱，说是正常派送时间内！这么近的距离，五天还正常？买的时候怎么显示16:00前完成下单,预计明天送达？差差差！！！差差差！！！差差差！！！"
昨天下的单今天就收到了 物流很快非常满意 节省了我花时间去超市购买 还省了我的油钱 包装没有变形破损 拆开包装宝贝儿没有破损泄露 必须给你个赞 这说明用心在服务 拿出一小瓶打开盖 用鼻子味了一下 再给你个赞 很清香没有刺鼻的味道 还有一种薄荷凉爽的感觉 绝对正品 虽然错过了618的活动，但是还是让我享受到了5折 赞 比去超市方便 节省时间 有需要还会来买	试穿了一下，还挺舒适的，可以的！挺满意的。	东西很漂亮，要是有个套子就最好了。	怎么说能，这个裤子，我认为还不错，外观也好看，很好看，我表示很喜欢
618买的！和洗衣液一起购买，满199减100，简直太划算啦！而且京东就是快！	特价买的，口感还可以，整体性价比比较高。	很不错，这次是帮我哥哥买的，邻居看到很喜欢，现在又要下单啦！	第二个坏的了 才吃了四个 还剩8个 不知道还有没有坏的
裤子质量特别好，物流也特别快，客服态度也很好，问了很多问题都特别细心的回复了，裤子穿上很舒服，上身效果超好，不显胖，特别满意的一次购物，下次还会来～	不错，做工精致，系统流畅，支持国货，支持华为，支持京东。	2008，7，19，长沙国贸惊魂夜。我与同事入住后外出一个多小时间，两间房被陌生人轻易地通过前台接待“请”服务员擅自先后开门，贵重财物（电脑等）被盗。报警１１０，并有监控录像和笔录为证，相信人民警察能为民除害。国贸酒店＂引狼入室＂，玩忽职守，到目前为止没有一点真诚的道歉、赔偿损失的态度和行动。但事实能赖掉吗？法院见。唯一评价：＂黑店＂。ＣＴＲＩＰ也该反思了。	东西很一般，像素不好，也只适合我们这些穷鬼用用，建议稍微有点钱的还是加点钱买好一点的吧。还有:卖家为人不厚道，我这是双十一买的，里面就有个充电器和数据线，而11月12号早上我再次逛京东，还是双十一的价格居然送保护套，我想问问商家:我是少给钱了还是怎么滴？？？凭什么同样的价钱你双十一不送套子，过了11号你12号居然送套子，你们这搞的是什么意思？？？这事搁谁心里都不舒服，并不是我买不起那几十块钱的套子，你们这样做对吗？？？总之这是我很不愉快的一次购物，祝早日关门大吉！！！！！！！
环境很好，花园很大，服务生态度也很好，距离机场很近很方便，不错，下次考虑再次入住	一箱有一半的都是不好的，有碰伤有坏的，个头好小，有点酸不是那么喜欢。	**手机发热太厉害都不敢用，真怕用着用着炸了	第一次买京东的水果，一共买的香梨苹果橙子青见柑，苹果是最差的，一股腐烂的纸板味道，没有正常的水果香味，和京东客服反应，客服说是尾货，言下之意这都是正常的。。。拉锯了几次才给处理，还得自己电话追着，实在是很失望。
想要完美人生，就用沙宣洗发水。	买太多了 统一回复 点评的都不错 ！不好的会单独评价 或不评价！	玩王者荣耀还画质可以，前几把不卡，第一把过后开始发烫，后面越来越卡，最后能卡成APP；续航不太给力，但是充电比想像的要快一点点；音效还行，但是软件有好多不兼容，我买了快一个月了，系统没更新过……说白了就是一个放大版的手机，总体来说还说的过去，就是略贵……有一点特别不能忍：就是板子自带的杂志锁屏，关又关不掉，每天变相发广告，烦的要死，看见就想摔了它，现在基本不玩了，扔仓库了……简直一身广告，靠	质量不怎么样，感觉一般，价格也不贵了，
衣衣收到了，裤子质量非常好，卖家客服也很好，非常满意的一定购物，祝生意兴隆，以后还会经常光顾的。	质量很好，面料不错，大小合适	裤子质量不错，无弹，直筒，就是穿起来没有像模特那么修身，不过产品确实特别好，细节做的很到位	这是入住最不爽的一次，前台12个人，都不知道干嘛。流程原始麻烦，开个发票磨磨唧唧，说财务要求。财务要求和我有什么关系。
还不错!离湖南卫视很近!因为是去看湖南卫视的节目所以很方便!	此次入住双人豪华商务房有提供计算机，饭店位置离机场巴士终点上清寺站打出租车起步价五块，坐轻轨在曾家岩站下车Ｃ号出口。交通位置方便，住起来也安静。	春节期间入住，性价比高，还不错，但是不知道平时多少钱，在成都知名度高，住着比较有面子，但是房间太小了，而且显得旧，可能和当初的设计有关系，门口都是单行道不是很方便，如果价钱还是这么可人的话，下次还会选择。	一般，总的来说不及莫泰。交通也不是特别便利。以后不会在去这家酒店
与刀刀结实是在众多的期刊杂志中，本人也是属狗的，看到刀刀就更是亲切万分。收到书后有些失望，我还以为这本书与绝对小孩一样的开本呢，相比而言刀刀小了些。不过内容还是很精彩！虽然有很多在其他杂志中看过，但这本书我还是看了数遍，且还再看。画中的三言两语是那样的幽默深刻！读来微笑间还挂着泪水!在读书便是一定的，而且还会购买其他几本书。本人推荐这本漫画！这的很喜欢刀刀！	"宾馆到山水园景区很方便,马路斜对面就是.环境很好,服务也很到位.我们订的二间房,六楼的一间,空调就比二楼一间的要好.唯一需要改进的是淋浴设施,不小心的话,水很容易溅到玻璃门外,弄湿地砖.非周末的话,在宾馆晚上八点就吃不到晚餐了."	可惜电视反应特慢，网络慢的打不开网页气死人！设备贼旧，好在反现金多。	请问，你们系统到底是人为的还是自动的，到底有没有准信？！三个客服给了三种说发，我听哪一个？我就想开个能用的发票，怎么就这么难！
"酒店位置还可以,比较静,是个住宅区,房间是在别墅里,看上去别墅也有些时日了.房间设施还行,就是价格贵了点,468的大床间有点贵.其余也没有什么特别印象.一般般吧"	得说，翻译的人缺少激情！和日本语的版本相比，翻译后的文笔平淡如水，情节发展如同夏日中的找吃的狗----无精打采。书，依然是好书。故事也够味，想表达的意思也很清晰。总的来说，这是一个颓废版的谷崎润一郎式的作品，人的劣性、不满足、爱情的虚幻，表现的挺好的。作出选择就是结束，如果后悔，就很糟糕。这本书倒挺适合那些做选择时前思后想的女孩阅读。	满心期待 多花几块钱买大点的能好些， 全是歪瓜裂枣的 长得丑就算了 还还有好多烂的！还不如超市3.98块一斤的随你挑！	不好，很差，坑货
一直使用，干爽舒适，虽说刚兴起几年的牌子用着比大品牌强。	"爱德华的礼物看过后，真的觉得受益匪浅,原来在生活中、工作中遇到的人与事，是可以用那么有意思的语言来说明，并且总结出观点、看法、还可以用各种不同的方式去运用。对个人在以后的职来生涯中可以用到那些看似在生活中微不足道的事情，却影响事业发展的工作方式与方法得运用，使其达到那样完美的职场天地.非常棒的书,一本?一语惊醒梦中人?的好书."	配置不错，外观也行，就是喇叭的音效很一般，用惯HP的再用这个差距很大。	为什么给一星，原因很简单：18日诛仙游戏出活动，只要买就送游戏虚拟物品，我就早买2天。点背！现在很想退货，再购买一次，得礼包。
很好的平板，颜色和视频色相当不错，又清析	屏幕就不用说了，2k-359ppi的细腻，显示色彩也不错，未发现网上说的拖影现象。	我给我爸爸买了一条，穿上特别合身而且还很舒服，下回给爸爸买裤子还买这家的，店主信誉没的说，喜欢的宝宝们赶快拍下吧	我呸他的蒙牛脑缠，以后我不买蒙牛了
这个苹果很好吃，外相也好，坏的也少，点个赞！	第一次装xp到一半蓝屏，不过进bios，在advanced一栏里把硬盘模式从achi改为ide即可。驱动网上都有，下载g430驱动就行了	e398视频不能放，售后说是软件版本的事，已有好多用户放映了	包装的不好，瓶盖都开了，洗发露都流出来了整个瓶子都是粘乎乎的。
宝贝收到了，衣服不错，价廉物美，材质及做工也可以的，比想象的好	帮朋友买的，自己大致翻阅了一下，自己更喜欢曲黎敏老师写的，不过朋友很喜欢。这本书最大的好处就是有一套人体穴位图	一般吧，价格变动太大，有时候还买不到，购物体验不好	"本人正是受当当网各位评论的误导,以为这是本不买不看就会留有遗憾的好书,发现后便赶紧买下。看过若干页后,真是大呼上当.这哪里象是一本讲述历史的书籍，通篇调侃的风格以及所使用的网络语言、大白话，甚至许多句子多含语病，真是误人不浅。"
早两天到货了，明天用了一次后才来评价的，很好，跟实体店的一样是正品，相信京东商城的东西。	"再次入住该酒店,令我有种涣然一新的感觉,入住了新装修的房间感觉不错,服务也很好,早餐也比较丰富,下次我还是要住请水湾!"	本来满心欢喜的买回这本畅销书，可是还没看完，书的封底就快脱落了。根据我买书多年的经验来看，从书的纸张、印刷质量、包装和内容来看，有理由相信我买到的是影印版。	小的很，简直就是最小个的了，千万别买，居然还有烂的，京东就是坑人的，12个就是最小的12个，以后再也不在京东买水果了
这个好吃，我做不到这个，味道不错，小孩也很喜欢	伊利蒙牛没毛病，是人有毛病	全是缺点，这是我切身体会	太厚，分辨率太差。看什么都花，像打了马赛克。
软硬件都不够三星标准，我是凌晨2点多入住的，过道无人指点，房前灯也没有，还是我自己摸索找到的；房内设施陈旧，有霉味，床上用品看上去不清洁，久放水不热，我点了6：15叫早，结果小姐忘了快7点才叫我，第一句是“你大概已经起来了吧”。我在网上订的高标，最低193元，但是宾馆大幅广告“休闲房118，高标168”，鉴于此，我进店就问有无客房，小姐反复问我是否预定，就是不正面回答有无客房。我向宾馆提出房价问题，宾馆一会说是我的房间是高标的，是总统套房的附属间，一会又说促销是针对当地人的。我指出宾馆有促销应当及时与网站沟通，没有沟通应当对网站客人至少按照促销价结算，否则我要提前退房，宾馆又说要给我换一个好的房间。给我的感觉，宾馆缺乏应有的诚信和气度。我提前退房，发现那里有许多报馆，虽然总体条件不能与上海相比，但是价格便宜。	京东越来越烂，出现问题客服不管，京东在线客服从来没回复过，不要因为买一件东西而生气，购买需谨慎！	这是我住过的最差的酒店，空调坏了，大热天空调不好用 ，进屋半小时从30度降到了28度 然后就一直维持。叫了酒店来修理不修理，最后亲自跑到楼下才叫人来修，你猜怎么修的，tmd拿了个风扇我去，反正我这辈子都不会也不会推荐任何人来这个酒店了，人生第一次给酒店差评，还不如去住七天。	还京东自营，京东自营上还卖假货，看评论上有人说是假的我还不相信，买回来一看，还真是假的，那瓶洗发露的瓶盖都打不开，我知道是往下压着拧几圈就能打开的，不管是正拧反拧都试过了就是打不开，还有在京东买的充电线，用十几天就坏了，京东上的假货是越来越多，***你敢说京东没假货，以前还挺相信京东的，现在京东上假货越来越多。
整体来说，本书还是不错的。至少在书中描述了许多现实中存在的司法系统方面的问题，这是值得每个法律工作者去思考的。尤其是让那些涉世不深的想加入到律师队伍中的年青人，看到了社会特别是中国司法界真实的一面。缺点是：书中引用了大量的法律条文和司法解释，对于已经是律师或有一定工作经验的法律工作者来说有点多余，而且所占的篇幅不少，有凑字数的嫌疑。整体来说还是不错的。不要对一本书提太高的要求。	要买就买京东自营！物流快！快递小哥服务态度还好！大部分自营订单都不会出问题，虽然这次有一个苹果有一点坏，但是自营客服积极的给予了解决！以后继续支持京东自营！	怀疑是不是真品？    泡沫少，洗完2次后有头屑了	不值这个价，拿出来没有苹果香，一股药水味
苹果真的蛮好吃的，而且咬起来酥酥脆的，真不错！东买比超市便宜，还送货上门！关键是很甜	在超市买的用着不错，这次看见了就屯了这好几瓶。慢慢的用吧。	还以为多便宜呢，问了妈妈才知道，750毫升*一瓶，护发素*一瓶，这个才500毫升2瓶1000少了三分之一，折算下来不便宜！	以为是和电影一样，原来是很多的故事的删节篇，没什么意思。上当、上当。
比想象的差，没那么便宜，这边超市也这个价	活动的时候买的，标价三百多，现在189，都是骗人的啊	不好 穿着不舒服	没想到这家火龙果这么差劲 失望了
帮姐买的，说是很不错，满意	每次都是来京东买这个牌子的洗发水，值得信赖，最主要能保证是正品，而且京东物流给力，服务好。	快递速度快，昨天下午下单，早上就收到了；包装完好无损，产品如何要待试，闻起来到挺香的，第一次买沙宣产品，希望会有个好印象！	1.铃声效果一般，音量比较小； 2.回复短信息不能选择对方的短信直接回复； 3.电池待机时间非常短；
趁着6.18搞活动赶紧囤货，哇，满满的一大盒，还没用，应该是正品吧。	客房太小，房间设施陈旧，有点闹，有接送服务，方便。	相信京东的商品，之前有买过还可以，如果是第三方的商品就不会考虑买。	暖气不热，开着空调还是冷
宁高宁的承诺：“蒙牛每天出产7000多万份产品，有300万学生饮用早餐奶，150多万奶农供应牛奶，也有30多万蒙牛销售人员在全国销售，同时又有3万多员工在生产乳品”，宁高宁说，这是一个非常大的运作系统，希望能够以新的经营理念、质量检测水平和严格的要求来提升产品质量，获得消费者的信心支持。	苹果收到后开箱打开后一看个头都很小，根本没有标注的7.5公分	订单1444309157 到货就烂了。京东送货说不允许退货。 所以，最近的订单一律差评，不解释。	明明买的是31码，穿起来像33码，难看死了，不修身，码数不标准，差评
帮朋友代购的特意扫码发现是正品物流很快快递员服务态度很好评价的有点迟是因为在等朋友使用过后洗发水质量很好洗完头发头发柔顺有光泽很不错	面料不错 质量不错 大小合适	Check in时入住的承诺到了第二天结帐就不承认了。。。另外前台Check out 速度慢的惊人！再也不住了！	滑盖松，信号差，做工粗糙。视屏蜜封差，进灰。
平板收到了，屏幕大就是分辨率有点低，总体还不错吧，给外甥买的，玩王者	送货速度真的快，商品质量不错。	“保持战略定力，在正确的时间做正确的事”，“稳中求进不是无所作为，不是强力维稳、机械求稳”……7月21日、24日，由总书记主持的党外人士座谈会与中共中央政治局会议相继在北京召开，习总书记深刻阐述了经济发展“稳”与“进”的内在联系。	复活节开门吗你敢发防腐剂交话费方法和姐姐家
好吃，京东物流很快很方便！    大哥每次都送到家门口，比去超市还方便呢，非常感谢！	两年以前在超市买过滋源生姜系列的，当时130元一瓶，买了一个洗发和一个护发的，给了60毫升的赠品，花了240，还打了折，跟现在比好贵呀，但是很好用，那会是备孕期，还总掉头发，所以选的无硅油的，这次618活动，又选的生姜系列，之前的茶耔的这好快用净了	1、手机通话效果还可以，如果用耳机接听的话，会有杂音，不如直接用手机接听，声音偏低，要开到最大声，或者开免提。2、写短信时，输入法蛮方便的，反应也不慢。3、内屏色彩我觉得还可以，毕竟用它只是通通话什么的；单色外屏，支持动画、钟表（样式很多种哦），我觉得挺好。4、来电警卫功能我很满意，我已经把一个我很讨厌的人的电话放进去了。5、手机本身自带60多首铃声，总有一首适合你吧，而且还可以下载铃声。	5月1日入住，其他地方没房间，定了锦地星座的特惠标准间，check in 的时候被告知升级到高级标准间，心里一阵暗喜，没想到经过一段乱糟糟的路（好像是厨房的外面）后，到了1号楼，进了房间更加失望，床小不说，还什么都没有，设施陈旧，马路上汽车的噪音更是让人难以忍受，洗个澡水流一地，哎，下次还不如去住个连锁商务酒店，同等的条件价钱最多只有2/3。
不错，用了以后头发没有那么油了！	我发现蒙牛新出的 奶特不错上面那句浪漫从遇见开始	"最近的苹果差很多,削皮后都有班点,应该是放太久了,以后不买了"	当当网名不符实，订货多日不见送货，询问客服只会推托，只会要求用户再下订单。如此服务留不住顾客的。去别的网站买书服务更好。
"房间舒适,宽带够快,服务员素质不错,还可以免费三餐.入住第一天有免费饮料送.餐厅的自助餐味道不错.出门打的也很方便.就是酒店暂时没有娱乐设施,除了KTV."	反应有点慢，分辨有点低	这个火龙果不如另外一个牌子好，建议别买。    太坑人了，把很小果子包装了几层装大盒子。    不如去外面店里买的好。	酒店设施陈旧，卫生条件很差，电视不清楚，去酒店的道路特难找，携程说该酒店近劝业场，我打的去１０元钱，大家说近不近．不过酒店的保安服务很好而且热情．定了２个房间，晚上问前台要根网线上网，告知上网不是免费的，要收１０元钱，靠，网吧多钱啊，真黑．劝大家一定别定这个酒店，后悔死你．
1、外观设计非常有创意，手机的外壳材质采用独特的柔软质地，搭配起来感觉极佳；2、200万象素的摄像头，无与伦比的拍摄效果，对色彩的还原很好，照片效果不错，作为moto的第一款200万象素的机器算及格了。3、QVGA屏幕显示效果非常不错，看起来很舒服。4、Linux操作系统稳定性和易用性两方面比其它系统强，手机中内置的软件能满足大部分商务人事需要	与同买的汤姆系列，这个一直搁浅，感觉很乱，没有故事情节。3岁3个月男孩，不打算再买此系列的书	之前买过一次还挺好的，这次买的。。。。80MM?感觉是在碰运气，啥也不说了，看图吧！大的果子就一个，其余全是小的！！	说好送的手机保护套呢，怎么没送？打了好几次客服，最后说那天没有，但我亲眼看到页面说有赠品的。京东不会这么忽悠吧。交涉几次，客服说给*元代金券。哥给你说，我不需要*元，我需要的是诚信。下面是我的截图。请大家购买时多加注意，不诚信，就不要去吊他！！！
到手还没有用，期待它的效果哈。	说多了都是泪啊 真的	应该不是真货，首先，闻味道和在商场买的不一样。其次，洗完头之后没有顺滑的感觉，之前用过很多次了，都不是这样。大家不要贪便宜吧	真是太差劲了，收到货全是烂的，这样的水果也拿出来销售，欺骗消费者
一直都很喜欢用滋源的洗发水，这款生姜的很好用，效果也不错，正好碰上搞活动还得多送一包补充装。	还可以吧 买贵了 第二天降价了 申请补差价 很顺利就退钱了	如果能有蓝牙的话，就完美了，商务用没蓝牙还是不方便啊，有蓝牙那型号的又带摄像头。另外，我怎么没发现包装箱里有原装的包？大家不是都有的吗？	非常不行，三星的携程定290元，说景观房，其实什么都看不到，连大马路都不繁华。火车站附近佳丽4星，协议价298。只能说这变价高了，而且很老破破的样子，一点花园的感觉都没！其余一般。
首先性价比很高，这个价位买512独显超值了；其次品质还是很不错的，毕竟惠普的牌子还是值得信赖的，不愧是世界第一的笔记本供应商。	第一次在京东买，物流很快，并且送了很多小包装，给力，下次还会再来	看了头几页，觉得有点空洞，被搁置了	反应慢，外壳易变形
货收到了，还是那么好，码数正，老公穿着刚刚好，面料舒适。实惠的价格，值得推荐的产品	我儿子不久就满4岁了，拿到这本手工制作后就迫不及待的要动手做。和他一起做了几个，然后就让他自己一个人玩了，可能是太小了点，不能按线折，剪刀也用得不太好，剪偏，所以现在还没有一套真正由他个人完成的手工制作，小家伙自己还是很有兴趣的，原来只知道看电视，现在也会分出一些时间来动手制作，我的目的达到了。建议：5岁的小朋友买这本书不错。小剪刀比较好，很安全。	电池不耐用，而且后摄像头还装斜了	送的东西就是个坑，包装就烂了，意思就是想要退货就得花198块钱买这个**会员
很新鲜，从杆子看得出来，没有任何碰压伤，味道也脆甜，价格也便宜，比水果店的性价比高很多	质量好，价格便宜。大品牌值得信赖。	买的第二条了，速度很快，质量也行，	我定的是32的，你给我发的是34的，我给差评！
"东城是5星级的..可是在我看来里房间的感觉跟4星级差不多.我定的是典雅大床房,房间小了一点..不过服务还是曼好的跟香格里拉,喜来登一个档次,很亲切.."	"我就奇怪了,评价这么好的书,我怎么就看不出好在哪里呢?孩子好象也不怎么感兴趣."	抵制蒙牛!	到货时间，差评，我等了一天又一天，我靠，早知道就不买了，物流太慢，还京东自营。
位置还好，不算太难找，屋内比较干净，卫生间装修不错，木制的氛围比较喜欢。没窗户，但是夏天住空调房也不是很需要窗户，所以能接受。	该酒店地处城市边远机场附近，进出方便，周边服务设施较小，生活不太方便，设备陈旧，服务态度好，早餐一般，居住感觉尚可，去机场方便，值得推荐。	极差的包装，被人盗用过少了很多	我订了二个房间。酒店隔音太差，夜间此起彼伏的开门关门声、其它房间的门铃、电话声、走廊中的交谈声。。。声声入耳！这些声音刚停歇，凌晨马路上的拖拉机、大型车辆又开始行动。整晚只睡着三四个小时！携程订房，酒店开始预留的是朝内院的窗外有大型空调机组的房间，看了前面网友评论，怕卡拉OK吵，才换到了朝马路的房间，结果还是这样，强烈建议朋友们不要再订这个酒店。同时地毯脏得出奇，上面有各种液体留下的印记（包括呕吐物）。房间还算大，床也不小，这是它的优点。另外从酒店向东二百米处，位于钱王街与蟠龙路口有一家叫豪顶的饭店味道不错，价格也不贵，我们五个人点了十个菜、二瓶啤酒一大瓶雪碧才三百多元，还吃到了几种野菜、土鸡等。临安大酒店看样子不错，下次可试试。
比超市便宜 不错的东西 很满意	"价格上太贵,比宏基的贵...整个机器的硬盘就分一个C盘,带VISTA家庭版系统,要改装其他系统比较麻烦.要保留C盘数据,无损分区,还有多操作系统启动问题...XP系统下,电脑音箱音质明显降低...."	物流还可以商品不大满意	收到货，然后心情更差了，口袋那里暴线了，唉
屏幕有点太长，刚开始看得很不舒服，键盘间距太大。预装的LINUX系统不会用，改装QP费了半天劲。	太小太小了，好小好小的，不如超市买的好	完全是一条旧裤子。	差评老死机动不动就不好用了
除了地段好之外，其他没有一样好的。宽带慢得像蜗牛，他们居然说就是这样。大堂和客房是在不同楼里，我登记后要拿行李出门去旁边的楼坐电梯。早餐也配五星酒店？吃得像农村一样。以后不会住的。	一般般，隔音效果特别的差，晚上吵得不得了，房间也小，最受不了的是要找个充电的插头都很困难，真心一般，设施比较旧	不晓得是买的水货还是什么，洗了一个星期再评的。洗了头发干燥不柔顺，比*的护发素还差，还要*	我真搞不懂那么高的好评是怎么来的？就这破质量还卖这么贵？？？*
裤子穿上不错 质量也不错 棒棒哒 值得购买	散热性大了点，开机一会就发烫，驱动不怎么好弄，但基本搞定，摄像头不太好	和噼哩啪啦有部分重合，太低幼，不好	与上次买的包装不一样，外面的盒子是天天果园的盒子，根本看不出是那里产的，里面的猕猴桃是不是进口的吃不准，里面用一堆乱草一样的东西装的，很乱那是装猕猴桃用的吗？
质量没问题，正品，价格一般！	爸爸妈妈这是要把我当奶牛养的吗？收到给我送的东西，吓了一跳:蒙牛、伊利、光明、君乐宝、巨尔、生生。酸奶、纯奶、老酸奶，就差给我运头奶牛过来了。我不补个儿，补脑。	LCD屏颜色发白，而且在点亮和全黑转换过程中，会出现大片横向的线，不知道是否质量问题？还是这款机器就这样？	太差了，一是脱线，二是沾灰，根本没法穿了
外观大气、漂亮，散热好，噪音低，尤其带的小键盘对造价人员非常方便适用。速度、性能均感觉不错。自带的VISTA系统挺好的啊，掌握方法，用起来比XP更爽。	在用，感覺不錯，功能實用很貼心，但是基本不考慮照相功能。憑著諾記的品質保障，還是很值得一買的。另說，諾記的售后服務不錯	物流太慢，裤子质量太差，裤子很薄，手感很不好，没有弹力	前台接待服务态度极差，非常嚣张，我说找你们经理投诉，居然那人回答，我就是经理，你投诉好了，还给我拍名字，及其嚣张（原来是经理），这也能叫五星级酒店？太太太差了，大跌眼镜，无语
"总体来说,还不错,就是价格不怎么样,如果能再便宜一点更好,呵呵"	手机按键过小，排列过密，使得输入比较困难，听筒设计过于简单，音量较小。总之实用性并不强。	一个钻石客户对京东彻底失望了，以后不再京东购物了。	"我的一部中兴890机子,刚用时便出现通话质量差,通话时时断时续,用了不到2个月便出现不能送话,无网络的毛病,送修后说是换了主板,可用了不到几天,便又出现了通话时断时续,好像结巴似的,而且大多数情况下是无网络无信号,打了中兴的服务热线,说是让我自己送到专业的检测点去检测.我的天,一部破手机折磨的我痛苦不堪,还是跑老远的路去检测,所以决定,以后不再用中兴的机子,任它是舌灿莲花."
我是严歌苓的忠实追客。从5年前左右第一次读到她的人寰，雌性的草地，就开始一发不可收拾的追她的每一本书。她的小说题材基本可以按照她本人生活经历划分为军队文革题材跟留美寄居题材。追她的小说很大原因我想在于她很能讲故事，比喻总能让人耳目一新。这部穗子物语里面，我最喜欢她们一帮子女孩在作家协会大院的生活。笼罩在父辈罪名的阴影下，依然活出了属于她们的童年。	现在用了这么长时间还可以	第二次购买这家苹果 打开后和第一次天壤之别 24 个 烂了一半 沟通希望重新邮寄12 个 对方 又是 客服 又是 打工的 直接和稀泥 这样的态度京东缺失自己砸自己的品牌 ，第一次质量个头好 第二次一塌糊涂 失望	差评，用了头痒，我去超市再买一个牌子的，用了不痒
不错不错不错，性价比还行，苹果用多了用用安卓也不错	尺码偏大一点，别的都很好，建议大家买的时候，选小一号的	衣服太少了买来没法穿呀。偷工减料的产品怎么行呢？	非常不愉快的入住。朋友是晚上11：30左右到达的，此时的柜台服务只有1人，连服务生整个大堂只有3个人，因为年纪比较大，本来行李想让服务生帮忙，招手示意后他们竟然不理睬并且跑开。check in的时候连刷两张信用卡竟然说信用卡不能用，很莫名其妙。房间的设施极差，灯光很暗，酒店的东西非常破旧，真是有损5星级的标准。难怪朋友会说这家酒店的客人非常少，都吓跑掉了。还是在繁华的南京路附近，真是丢人。
很不错，正品，使用后，效果蛮好，头发很顺，感谢京东给我们带来了方便，足不出户可以买到品牌产品，再次感谢！昨天订购，今天上午送到，物流超快，快递员送货上门，服务态度极好，给予全五星好评！	卖家态度很好，快递到揭阳大概一两天。裤子是买给我哥的，除了裤头有点紧，质量摸着挺舒服的。	小了点儿，不怎么甜。三个一起一斤左右吧。坑！！！！	比楼下百果园的水果还贵上百分之十左右
刚用，分辨率不是很高，摄像也不清楚，不知道怎么搞的	抵制日货的同时，一起抵制蒙牛！	拿到手第一感觉就是塑料外壳，不是说是金属机身吗？感觉骗我	差评，真的差评，买给爸爸用的，想想华为这个老人用用不会差，但是一个月还没有到，我爸就说，待机时间基本6小时左右就没有了，老人家，也不玩什么，打打电话就没电了，还在要老人家跑来跑去的修理，这老人怎么懂～本来是京东方便的，这搞笑了，反而麻烦了～
喇叭音效非常棒，屏幕显示效果也很好，挺流畅的，我不玩游戏，平时就上上网看下视频，物有所值	不错，对比了很多款，最后买了这款，，真的很不错	一点都不好，特别卡，不好用！今天买来十来天了，现在已经冲不进去电了	商品太差了，不建议买，不好穿，没法穿
小巧实用，两人正合适。售后安装太快啦赞一个。材料费收了113元	酒店不错，房间干净整齐，服务也还好。希望在硬件设施上能再多多加强，那就好了哦。	"这个如家实在是太小了,房间很小很小,就不舒服了"	手机没啥问题！就是京东的售后很垃圾！建议不要在京东购物！
东东用了一次，还没啥感觉。不过活动期间买的，现在也没觉得活动。这价格也是我很无奈，下次看好了再买	快递挺快的，拿到中午就吃了一个，可是谁给我解释一下，这是什么情况？都烂掉了	我们是5月1日通过携程网入住的，条件是太差了，根本达不到四星级的标准，所有的东西都很陈旧，卫生间水龙头用完竟关不上，浴缸的漆面都掉了，估计是十年前的四星级吧，总之下次是不会入住了。	32G内存跟16G的没区别，卡得很，机子反应太慢了，用不到1个月时常黑屏。
物流服务态度挺好，就是给送到乡镇，送不到地址信息位置	收到裤子后，我打开快递，一看成色简直惊呆了，简直是牛仔裤中的极品，话我就不多说了，好的一批	所有按键经常会神出鬼没的失去功能	这个酒店是我住过最差的酒店，虽然到了机场有免费接送的车，但是到了房间一看，充斥着臭味不说，洗澡的水龙头居然是坏的，只能下面水管出水，搞的只能蹲着洗澡，也是醉了。餐厅虽然挺大的，上菜的速度真是一个慢啊，服务员在那边嬉笑打闹的。本以为是航空公司自己的酒店会好很多，没想到这么烂，再也不会去第二次。
很好的平板，非常好用，满意，使用顺畅。没有耳机。	呀，感觉有点短。。穿起来还是蛮舒服的	已收到，没有想象中的那么好，物流还可以，开始插卡不好用，拿到客服中心给弄好的，不如去店里面买了	"我是头一次到九寨沟,通过携程预先订了格桑.去到后发现自己被误导了,这个酒店较旧,感觉很脏,服务一般.旁边有很多酒店,没进去,但感觉比格桑要好.下次去,首选是不住格桑了,挑其他的试试."
不错，有免费宽带，很适合出差住的。离开发区很近，很方便。	裤子是正品，质量不错和描述的一样。一直都喜欢这个牌子衣服。	还没开封，还没开封。暂时五星评价吧。。。。。。	"如果你想一个晚上不睡觉想心事,强烈推荐入住该宾馆。同样是高架边的饭店，其他宾馆都采用隔音玻璃，而陕西大厦却没有采用，夜深人静的时候就听到高架上滚滚的车流声！"
这苹果味道真不错。    京东购物真是好方便，第二天就到了。这几天天气很热，快递小哥还给你送的房间。真是超赞。    还会来买还回来买以后水果就在京东买。	也是冲着这楼下诸位旅友的评价去的，连住了几晚，感觉酒店的整个经营思想还是颇有独到之处的，整个运行结构颇似欧洲的中低端旅店，感觉务实简洁，亲切与温馨。房间隔音确实不行，尤其是经常听到服务员在走道里大声说话（这在欧洲旅店可是难以想象的事情），酒店后面有个楼盘的工地，白天略有噪音。醉月轩的菜的确味道一般，另希望进一步加强客房的打扫清洁工作，住了几天，身上有蚊虫咬痕，奇痒难忍至今未愈。希望你们做的更好所以说了那么多。	唉，上当的感角，会自动重起。。。有点卡。	衣服一般般，气愤的是右边口袋居然是穿洞的，超无语！
挺好的 父亲节送给老爸用的	还好很美观，安装费太贵花了190元。	"感觉环境,服务方面还不够位,房间里面的洗浴设施有点发黄,需要改善!!"	"对书中内容的科学性有些怀疑,而且书中写的一些穴位等也不是很容易找准,所以个人认为实用性差."
牌子是一直想买的，但是比较贵，所以一直没有买，这次活动就买了，还送了小瓶	手机用着挺好，送货员态度也很好	京东和盛世竣峰店，不发货，却完成订单，当心，受骗	酒店相当难找，房间很闷，沙发也看起来很脏很破旧。发票只有手撕发票，请帮忙重开发票 居然跟我说要我先寄给它税率的钱。搞不清楚手撕发票也要收取税率么？反正入住不愉快，下次再也不会选择
穿着很舒服，很合适，做工很精细，质量也不错，个人很满意，值得推荐	平心而论，这个价位这个房间应该还算不错的，如果我没有碰到下面的几件事情的话：1、拿到房卡到了房间，居然是没有打扫过的2、房门的锁发生了两次故障（锁不上，从外面不用钥匙就可以打开），虽然服务员很快就修好了，但，总是让人怕怕的3、宾馆主楼的一道边门直接连着通往公园的通道，但居然门大开却没有任何门卫和安保措施，从这道门可以直接到二楼客房的走廊。虽然走廊上有探头，但这样的安全措施总让人不放心。4、个人感觉餐厅菜太贵，一盘糖醋排骨要68元，没敢点。（如果要求不高的话，早上的自助餐还可以）	住了一次 可以让你不想再住第二次的酒店一次痛苦的经历 不想再提	失败失望的一次购物，薄的跟纸似的，感觉随便一下就会破！这质量跟着价格…哎，被坑了！
比较旧 隔音很不好 离机场很近 还有接送	没有安装xp或者Vista，消费者自己安装的时候很容易装错顺序，导致声卡，显卡不能够正常运行，官方的驱动程序比较fancy	比外面的贵太多了。欧莱雅（LOREAL）奇焕润发精油100ml（免冲洗 修护烫染卷 精华竟然比*贵20多。差个几块钱都忍了。这也太多了。	洗了一次还掉色，*
"一家三口刚从开元回来,是个挺不错的度假酒店。酒店里所有的员工包括清洁工阿姨都会很礼貌地跟你打招呼，感觉特亲切，酒店服务也很好。跟亚龙湾希尔顿有点像，只是规模小了点，不过对于上海周边地区来讲，已经是一家很不错的度假酒店了。中餐厅不错，是个性价比挺高的五星餐厅。房间设施一般，特别是电视机和装电视的柜子，本人觉得很老土的，最好换成42寸的液晶电视机和简洁的电视柜。不过，总的来讲，还是挺不错的，以后有机会我们还会再来。哈哈！"	"这套书是买给外甥的六一节礼物,没想到我两岁半的女儿对那本恐龙的尤其喜欢.不过她看还是太早,端午节回老家给外甥带了回去,当时小家伙没表现出很喜欢,不过等第二天上午他一口气看了三本,小学一年纪的他,基本上可以自己阅读.....小家伙很喜欢,我自己本人觉得这套书能增长孩子的见识,开阔孩子的视野,尤其适合上小学的孩子阅读."	特意用了一段时间再来评价，颜值过关，配置不错，还有指纹识别，满以为会超过期望，但是我失望了，屏幕确实如网上大家所说，素质偏低，2K屏有个毛用，反应拖拉，看着真的容易眼睛难受，屏幕对平板来说最重要，所以差评，华为总是这样忽悠人，失望	质量太差了！一看就是假货！掉色严重啊！不建议购买啊！东西太次了！没见过这么差的东西！打死也不会再买了！客服也烂啊！说了好多回就是不给发票！！你说算什么东西啊！还算人吗！我公司领导把我这一顿臭骂啊！还扣发我一年奖金！买错东西多惨啊！大家一定要吸取教训啊！！！太后悔了！！！质量太差了！一看就是假货！掉色严重啊！不建议购买啊！东西太次了！没见过这么差的东西！打死也不会再买了！客服也烂啊！说了好多回就是不给发票！！你说算什么东西啊！还算人吗！我公司领导把我这一顿臭骂啊！还扣发我一年奖金！买错东西多惨啊！大家一定要吸取教训啊！！！太后悔了！！！
上午就收到啦！挺好的，就是没有保护套。如果配个保护套还更好。	这酒店的服务不是很规范，在夜间check in 感觉就像一般的私人酒店，没有你好之类的问候语，大堂的服务生没有主动提行李的，倒是司机很不错，放行李，提行李很主动，大堂的服务员态度就是爱来不来的味道，没有服务行业的职业道德。	有点被忽悠的感觉。四核2g运行16g内存乞丐版。	不是正品，防伪标识都没有涂层
裤子收到了，物流很快的，质量很好做工也很不错，颜色没色差，穿着很合身，很满意，价格很实惠的，以后需要还会来的。	非常好用的平板，老电影非常棒	通过携程预订了2个单间，结果到了酒店，酒店前台告诉我订的是1个单间和1个标房，强烈交涉后，酒店还是给了我2个单间，但是里面设施极差，一进房门就有浓重的烟味和臭味，电视遥控板是坏的，房间的被子超级薄，不得不把空调开到最大。柜子里塞满了枕头却没有被子，洗手间的下水不畅，洗个澡还堵得地上都是水……唯一值得一提的是早点还不错。总结如下：1.房间预订有问题，携程已经跟我预订2个单间，但是到了酒店却变成1单间1标房；2.该酒店条件太差，根本不符合三星级标准，不建议入住	买完就降*本来想无理由退货从拍的，无所*块啦给东哥拿去疼女乃茶女未啦，给一星的理由是说好的赠品一个没有。机器看着还行。就是别在京东买。骗你没商量呀！无赖啊！
系统不稳定，经常死机，这是我最头痛的！而且内置的游戏也只有一个！不支持JAVA技术！配件也不太齐全！待机时间比较短！	还来？ 别骗人了 做人如做事。抵制蒙牛和抵制牛根生相关的其他产业可以同时进行，并不冲突！ 回复 貌似蒙牛被中粮全部控股了吧，不管牛根生什么事吧？	卫生差，有小动物出没。早上第一班车退房人多，只有一个服务员，那个淡定，差点误机了。	充电观看时关机，充电超级慢。一小时冲5%！一星给快递小哥
沙宣的质量毋庸置疑啦！就是好。日期也是新的。京东自营的有保障。快递更是有力的！	不错，水份多，酸酸甜甜的，不是很酸。孩子很爱吃	一次买了很多，囤货中慢慢吃，会继续帮衬	潘苹果质量还是保证的，这次的苹果酸味多一点，可能是成熟度欠缺吧，总体还是满意的。
晚上下单，上午送到，送货速度点个赞。    随机称了2个：226g，216g	太差了！！！不知道怎么评的四星！！！肯定贿赂了评酒店星级的人。	商品应该没啥问题，但问题是说好的满128元送赠品，我赠品都选好了，也显示我已经选了一件赠品，可结果发现收到的东西里没有赠品，以为是漏发了，问客服，竟然说是我的订单里不该送赠品，简直瞎扯，后来我又跟她理论，他又说赠品数量有限，赠完为止，我去，赠完为止，没货为啥还显示在赠品选项中，没货为什么没有在我要结算我要提交订单的时候提示我让我换一个赠品，什么破活动！我刚刚输入一个词汇，还提示我是敏感词汇，让我重新输入，到底还让不让消费者评价了！	1.系统并不稳定，有时会出现死机现象； 2.内置游戏仅有一个，且不支持JAVA技术。
京东速度就是快 头天订昨天就收到 还没有用不知怎样看包装是不错的说洗了再评价	东西本身还不错，但是卖家的各种促销活动真是让人呵呵，一次性买了5台，说好的赠品一样也没有，说是赠完为止，真是搞笑。还有亲们一定要一个一个的下订单，不然你买100个也只会给你算一个活动赠品，而且还会“赠完为止”	裤子太修身了，修的穿不上，上当受骗了。	这个就是京东直营的东西，不会在购买，差评，差评，差评
东信EG818 GPRS双屏手机，4096色激情真彩，16和弦曼妙铃音，处处动人心弦。机身做工手感都很好，流畅线条，轻巧优雅，手感盈然，为你带来前所未有的激情体验。 屏幕大，支持10行中文显示，每行8字，支持WAP、GPRS、录音、来电防火墙功能，电池待机时间较长。	还不错，第2次买了，好用，价钱经济实惠，下次还会再买的	看过很多匪大的书 准确的讲是买了很多 但是有2本一直没看完或者说不敢看完 人间最美的爱情在最后都变成了凄楚 让人不禁唏嘘 而这本是匪大自称亲妈的作品 我很喜欢后面关于黑社会的篇幅 有美好的爱情 好的结局 让人看了 满口留香 回味无穷 但是如果要我说 不如上一本也是短篇 番外的当时明月在好 记得里面有一个写杨九妹和耶律的 还有纪晓芙的 都很让人感动 希望匪大多写点这样风格的书 满足我们读者	全国多少亿人包容蒙牛的毒奶？是包容还是无奈？
运行流畅.上网快.华为不错.赞赞	除了有黑边较大，其他都满意。做工精细，音效很好，音量也大，游戏还没试，拍照效果满意，全金属外壳，高大上，续航也不错，50%电量视频|小时，音乐3小时，又待机了两天。先考虑小米2，光是小米2不能扩展就果断放弃，再说8寸的板子搞Win系统有意思吗。	哈哈，可以用很久了，送了三瓶小瓶装	太坑了，前两天88，这两天就69，价格变化也太大了吧
国产品牌里很不错的一款平板，也是华为做的比较好的东西，尤其是音效，就像家庭影院一样，很大声，有环绕立体声的品质，其他的功能、速度、灵敏度都很好，指纹解锁超快，看片听歌什么的足够了，真不用花那么多钱非得买个苹果的，买的很满意！	酒店的服务人员服务周到，细致，给人一种宾至如归的感觉。	1VISTA系统真的很慢，而且很多东西用起来不习惯 2运行时硬盘一直有响声，好在声音不大 3对于14寸的本来说真的挺厚的，和我原来15寸的compaq比了下一样厚 4警告音很响 5硬盘只有一个分区	裤子不错，但是活动说的两条送皮带，皮带呢？
号小了，穿不上，懒的退了	八天才到，三个火龙果烂了俩！！！	真是真* *，开始买回来就有点卡，以为是新机有点不适应，这才用了多久，平时除了看视频基本就没有用，最近下了个* *，上个* *直接能把你卡吐，一直说应用没有反应，真是真恶心，一星都不应该给，真是大* *	一分都不想给，太差了，打开全都倒出来了，收拾了一天，最差的一次购物
京东生鲜好，苹果甜又脆，女儿说好吃	苹果不错，京东购买方便快捷，没有坏的，质量可以。	1.电话线、网卡接口处没有状态指示灯； 2.没有提供网线网卡、喇叭的手动关闭开关（必须使用Fn组合急键）	不是粉的，是脆的，而且味道太差，不好吃，比起一般的富士都要难吃
没有电话录音功能，手机特殊功能里没有英汉双语词典。朴实的外观，内在的品质，扩充内存后可以听MP3、看3GP格式的电影、看电子书。我很喜欢。有该机的朋友可以一起探讨QQ：539522629	1、桔黄色灯光炫目2、四合弦铃声动听3、七十克机身轻巧4、一星期待机舒服5、200条电话记录省纸6、210条短信容量省脑7、IP电话一键接通省事8、动画屏保有趣9、图形待机美观10、通话清晰舒心	用了两月后上来评价，流畅度还行，系统有待提升和更完善人性化点，开机键还是在顶部好些，照相色彩和屏幕色彩偏深暖色，由于平板有些重量其实顶部和底部可以设计更宽一点，总的说来也就值这个价，有待提升空间！	最大的不足就是C盘空间，用系统自带的工具分了一次区，只分出100G的空间，结果还进不去系统了，只能用恢复盘恢复出厂设置。还有就是没有附赠系统安装盘。也没有摄像头。
送货很快，质量不错，就是小了点，还是赞一个！	太普通了，只是近机场而已，配套陈旧	商品没收到，你们物流怎么显示签单了呢？	"这次通过携程订的房间是入驻这么多次最差的一次, 价格比艺龙贵, 房间非常吵."
牛仔裤确实不错，跟描述一样，面料也不错，大赞，值得购买	在自提点检测了挺久，算是完美屏吧，各方面性能也不错，跑vista也没什么不好，所以没改装XP。 样子还是蛮好看的，网上自己搞定了分区。	荣耀平板电脑不错国产品牌就是好	包装很一般，好多压坏的，建议商家注重水果配送质量问题。
物美价廉，穿着合适纯棉面料穿着非常舒服	保证游戏流畅下：中画质跑pes2009，低画质跑使命召唤5，高画质跑孢子	买了不到两天，就降价，当时还是秒杀价。。	很失望的一次购物，第一次给京东差评，打开外包装箱里面一点保护措施都没有，弄的纸箱内都溢出的洗发水，并且洗发水瓶的按压头都是放松打开的《如图片》，当晚使用了一次，一丁点生姜的味也没有，一丁点儿辣的感觉也没有，应该是买到伪劣产品了。以后再也不会再在京东买洗护产品了，以前对京东产品的信赖，荡然无存。
"声音太小了,开到最大,声音都小得吓死人,最好是买耳机听歌,,视频晚上有点黑,亮度调到最大也有点黑,送的内胆包太差了,我买的白色,送的黑色的内胆包,而且内胆包还不能封口,我觉得不像内胆包."	分辨率那个低了去了啊。别说看电影，完全看不下去，连软件在里面都显得不清晰，朦朦胧胧的。最后斟酌再三，给退回了。	最后悔的一次预订，这家酒店卫生真的很脏，这是最公布的，最基本的卫生都搞不好，别的不想多说了！	为什么发给我的萍果这么差？？非常失望…无语…
苹果新鲜漂亮，脆甜可口，很好吃，家人喜欢。物流快，很愉快的一次购物。	像素还可以吧。	"春节去住了一晚,进门就像到了一个大市场,晚上快12:00了,竟然还人声鼎沸,感觉很闹.房间进去后感觉还可以,不过卫生间很差,淋浴没有门,撒了一屋的水.整体感觉就是3星标准.第2天换去香格里拉了.以后也不会再去!"	收到的苹果真的是又小又难看，现在还没心情吃，不知道味道什么样
裤子真的不错，洗后也能一样保持版型	小潘品质不错，包装好，吃口较好。	就是图离机场近了，但这幺小的房间这个价实在有点贵。600虽然在上海不算多，但选择面实在也不少，主要考虑飞国外怕误机，以后住2号线沿线也可以。	质量不错，值得购买，下次还来的。
基金痛所有投资项目一样，必须先要有所了解，才能把握分寸，不至于跟风而造成损失。此本基金入门的书是一个不错的选择，不像一般的书一样偏重概念，虽然也涉及到概念，但作者用自己的方式解读，使第一次接触基金的人能更好的理解。内容以非常容易理解的语言象大众普及了基金的很多观念，对于普通基民来说，要想有所收获，必须了解基金界的很多情况，在关键的时候才不会盲目跟风。对于新手，强烈推荐。	很好的衣服 布料也好试穿很舒服	1、很喜欢X700的来电防火墙功能，设置好后，对方电话上听到的提示音为：”对不起，您拨打的电话正在通话中“。如果能提示：“对不起，您拨的用户暂时无法接通，或是暂时不在服务区”就爽了。2、提供快速静音模式，只要长按#字键就OK了。	根本没有经穴部位挂图，承诺要兑现，这是最起码的，也是必须的。
去上海一般都住这家，地段还不错，交通也比较方便，房间很大也比较干净，就是江景房有点差（以前住过，很小），一般标房就可以了，套房也很不错（有厨房，够大），每件房都有冰箱，很好，就是宽带不是免费的，一天好像要80吧，太贵了	"住了三天,感觉服务还可以,晚上的自助餐还不错."	不脆。不甜。汁不多。确定是烟台栖霞的红富士？	质量不怎么样，居然说给好评***出卖自己吗，人永远不要贪小便宜，不然不是害了大家吗？有差评才会有进步哦
老牌子！每年都买不少班尼路！618价格更实惠！	有质量问题。	我真心的，真的不行，服务不行，快递不行，东西真的不行，卡的要死，还没东西送，就一个平板一个充电器。哎！早知道不买了，便宜就是不行啊！兄弟们听我一句劝不要买，真人评价。	这个宾馆的接待人员没有丝毫的职业道德可言。我以前定过几次这个宾馆，通常情况下因为入住客人少，因此未发生与他们的冲突，此于他们说要接待一个团，为了腾房，就要强迫已入住的客人退房，而且态度恶劣，言语嚣张，还采用欺骗手段说有其他的房间，先引诱客人退房。然后再说没有空房。这样的欺骗行为，造成了我没能及时定到其他酒店的房间！！！差就一个字！！差，太差！极其差！
虽然有点贵，但是确实好吃。物有所值。	包装好，送货快，没有坏果，但是味道一般吧，一分价钱一分货，总的来说还可以	比较薄，容易退色，不理想。	这件起毛毛厉害，价不对货
第一次购买清扬洗发露，用了之后在评价效果如何。快递没的说，头天买，第二天收到?好评	不错不错很好很好我就这样凑够了10个字	整体还算可以，离市区稍远，环境不错，旁边有公园，酒店提供接机服务，如果有送机服务就更好了（打的到机场20元）	优点就是离机场近，有短驳巴士。
漂亮，连适配器都是小巧精致的，也是白色，很好看~屏幕亮度挺高，晚上开到最亮刺眼~ 续航时间没有那么长，大概5个小时左右，不过也够用了。	"自己用的荣耀手机就很不错,所以就选择了这款平板.荣耀产品真的挺不错的,价格优惠,"	不好. 闻见什么恶怎么办 太恶心.....	很不满意。。。。。。。。。。。。。。。。。。。。。。
第二瓶了这个牌子的产品还不错?还有赠品送哟	质量好，穿起来舒服，只是领太高，冬天用来打底，见到领口	重量不到1kg，表皮多黑斑，果品很蔫，对此货物不满意。	一直在京东买施华蔻的产品，这次是最差的，每一瓶都脏兮兮的，明显有擦过尘土的痕迹，既然擦了你们倒是给擦干净啊，严重怀疑是积压产品或是产品的真伪！
快递昨天收到了 京东快递就是快没得说 收到了晚上用很好用	裤子不怎么好	像素低的很，还有破损	差评差评差评差评差评差评差评差评差评差评差评差评差评差评差评差评差评差评差评差评差评差评差评差评差评差评差评差评差评差评差评差评差评差评差评差评差评差评差评差评差评差评差评用过之后没有头皮屑的越来越多，头皮痒得难受！
华为平板还不错，虽然现在看来内存小了点，但可以，现在感觉不错。这个平板支持OTG功能，可以通过OTG线连接U盘，这样对数据的交换和有益。	运行时不够静音。 电池只能用五、六个小时，距离8小时差距较大。	垃圾裤子，码子不标准，做工差，最可恨的是裤子褪色超级严重。	如果不考虑位置因素，这种酒店也就一晚138元的水平，前台还是在6楼，到了楼下也没有明显的指示牌从哪个门进去，设施和卫生只能给2星，两张床摆得几乎靠在一起，根本没有什么间隔，地毯有一块很明显的污渍，洗手间的门整个是歪的，关不严露出一个大大的缝隙，洗手间的灯是感应的，感应位置刚好在开关的位置，就是说刚手动按开关把灯关了，结果感应器还是感应到手的移动，灯又亮了，根本没法关灯，明明是双床房，房费只含一份早餐，抠门！下次不会住这里了，不如到对面的深航酒店
"偶认为手机最重要的作用是通讯，因此拥有较长的电池待机时间、良好的通话能力是鉴别一部优秀手机的前提。K618电池巡航能力强,电池经过三次完全冲放之后（座冲），现在可以做到薄电70小时以上，厚电120小时以上的待机时间（平均每天3个电话，5条短信，连线30分钟）。信号稳定，通话失真率低，通讯质量让人满意。"	太吵了！受不了！隔音设施不好！	心好几个发黑的。潘石译太差了！	货收到好久了才来评价，说实在的一点都不好，刚收到的时候是青的没味道，等过了一段时间青的还是没味道，发黄的是甜了但是中间都烂了，下次不会再买了
大小适合 质量也很好	不是棉的，卖棉的价格，跟纸一样！	服务有出错，让人大跌眼镜的那种，房卡会被搞错！	清明前几天买的买回来 拆开盒子 手机表面套子感觉灰蒙蒙的，不知道以前拆过还是怎么的，手机表面有自带贴膜不知道你们有没有。电完全不够用 ，还不如荣耀6P。 有时候充电到百分之95感觉就充不进去，到充满最少要半个小时。因为前一个手机被我搞坏了，就将就着用了，感觉这次买了挺失望的，我估计也是第一次再京东评论。
非常好！性价比高！比超市便宜！还送几瓶小洗发水！！！！！	好小，除了核没果肉了，下次再不买了	衣服穿了一个月已经有破洞	电池太差，MP3音质太差。
很满意，东西很多，价钱便宜，很划算	1.配置合理；2.外观不错，稳定性好，接口全，做工还好，相比硬件配置及稳定性，外观及做工是其次的；3.散热效果好。	物流很给力，就是物流也是要求才送到户，但是安装的时候搞的有的不愉快，因为是老房子想给厨房安个热水管，师傅必须用他的材料，要不不给安装。说也不保修，最后我自己找人装的，花的钱无所谓。希望以后可以可以因地制宜。有的霸王条款的味道。总之不是太愉快。	机器有时候经常卡顿非常不好用！像素，分辨率，运行内存都很低。
酒店的设施还是不错的，大堂的布置的比较气派有气氛，房间虽不算很豪华但各种设施很齐全。但可气的是原来看到订酒店有送１００元的餐饮消费券，但你不问就没有得送，因为有这项优惠，我们就去西餐厅夜宵，消费了近３００多元（东西超贵的）．而且走的时候，也没在系统上显示出来，有个大姐级的人物还斩钉截铁的地说自己是大堂经理，从来没有不知道这项，搞得好象是我在无理取闹一样。结果还是在我坚定的要求下，才去咨询其他人员，其他很多人都知道是有的，最后才免了１００元，浪费了我好多时间。	老牌宾馆，设施很旧，两百多元一点都不值，网速较慢。	我以前买过也见到新笔记本都有屏幕保护膜，这次没有，不会是返修或用过的吧，肯请大家告诉你们也是吗？	绝对差评。除了快递大哥还可以。你们客服小雪有问题的。有没有赠品都他么给老子说有。差评差的就是这口气
6月初蜜月旅行，到达丽江的第一晚入住。房间很整洁，木质的家具感觉非常舒服，很有古朴的味道，与庭院的风格非常接近，一下子就喜欢上了！以后去的话还会住在这里。	感觉运行速度很快。	Vista系统还是感觉不好用，换XP非常麻烦，对电脑不是很了解的推荐不要自己安装，本人研究了半天才终于换成XP，非常有成就感。	失望至极，以后再也不会在京东上买水果了，又贵又不新鲜，送过来的火龙果都焉了吧唧的，和下面的图片差好多，箱子也没放保鲜冰袋！
已经住过很多次了，几乎每次来东莞都来宏远，房间很宽敞，布置也很好	?苹果还可以没有坏的，就是个别有小的。水分多甜中带酸。好吃	我要求纸张发票！！！！ 请客服联系我！	超级差评，才用了一个多月，就坏了，而且还不能退了，超过一个月了，还要客服没有告诉我，买差价险，都降价了两三百，差评差评，不也不敢买华为了，也不在上京东了，还是**好。
苹果不错 之前买过 价格便宜 果实大小均匀 香甜酥脆 会回购	穿上很舒服 大小合适 面料不错料不错	话说回来，当当这次邮来的书，我遇到了跟那位朋友一样的遭遇，我的书是第十二章不全，第十三章整章没有，而第十四章重复，让我感到，怎么说呢，损失不小呀。	"太多,不支持彩信 内存太小......"
超级棒，比超市好，价格还公道，以后就在京东商城买水果啦?～～	苹果很脆，甜度一般，这个季节已经很难得了。推荐	感觉是假的，室友也买了一套，大家用完的感觉都是头屑超多，头皮痒，买了这么多，还是要果断换别款	什么都不说了，垃圾垃圾垃圾，客服态度简直就是没的说，买个衣服四天了还没出库，居然还骗我说是物流的问题，说是物流没有及时更新，我打电话给圆通根本就没有我的订单号，我和客服说要求退款，结果各种推辞，最后还说我爱咋咋地！！！
确实质量不错 首先外观上来看 没有破损 我是削皮吃的 存在少量的地方是坏的 然后尝起来还是蛮甜的 味道不错 口感也蛮好 总体来说 还是推荐的	沙宣西洗护套装 还有小瓶便携装 方便实用 物流也很给力 以后继续支持	住的还不错唯一不好就是不知道提醒客人车要停去负二楼 白白教了35停车费 真是操蛋	优点我不说了，说说发现的问题。1、即使硬件是DDR3，由于CPU总线只有800，所以内存降频至800使用   2、请教各位了，调节集成显卡显存的选项在哪里？？？
包装不错，ds个头不大，口感不错。	数量可以，就是质量不咋的，有5-6个坏的。以后不再网上买水果了。	京东是太不是东西了，说好了送吹风机没有送	垃圾中的战斗机，提醒广大消费者切莫购买，已经亲自体验，连4g都带不动，各种水吧，当我们一点常识都没有？还当地网络信号不好，我几个手机放旁边，再仔细看看那个包装，那个所谓的劣质充电器，我都心慌。
不错的裤子，很漂亮，质量也不错！	初次入住京华大酒店感觉大堂非常的靓丽，房间够大非常整洁。东芝液晶电视，HBO。酒店三楼中餐厅的扬州狮子头爽嫩滑口。酒店出门就是商业中心，步行至瘦西湖也就10多分钟。	天啊，，，，，房间地毯非常的脏，有灰，污滓，毛，烫痕，好象从开张就没有吸过和保养过。床单是新换的，卫生间就是地狱啊，墙上都是死蚊子的血和尸体，镜子脏的要命，所有含铁的地方都是锈（卫浴架，横杆等）墙角都是黄色的污垢。餐厅吧台服务员一边化妆一边和客人交流，我找一位女服务员要盐，她说问吧台，我找吧台，吧台问让她给我拿，她就指使另外一个男服务员给我拿的盐。 前台服务急差，过了1个月我还清晰的记得那天早上搭车去机场的人很多，前台就1个服务员，我排在第3位，轮到我的时候有个日本人站在了旁边，我说我先来的，她就先给他退房，人家理都没理她，把房卡放在那就走了。那服务员给我退房时，摔摔哒哒的，把我的票往那一仍，签字，好像我欠她100万。天啊，那叫个任性，什么样的酒店培养什么样的员工。无组织无纪律。无语！！！！！ 电话中携程工作人员给我推荐的酒店因为我们临时在上海住一晚。 携程怎么会和这样的酒店合作？影响自己的名誉！！！！！	买这本书的时候，还没有读完张爱玲以及关于张爱玲的书。只因为看了这里的评论似乎还不错。也因为急切的想了解关于张爱玲的一切。待读完张爱玲以及关于张爱玲的作品以后。真没有心情也没有兴趣看这个垃圾写的书了。淡定！淡定！既然买了，就看一下吧，从另一个侧面了解一下也好。可，才看了一节，就不想看下去了，于是丢在了某个角落，再也不想去碰。都说他是才子，我倒觉得其文笔实在拙劣。絮叨、杂乱，庸俗，不知所言！将其猪脑子里所有自认为华丽的词语堆砌到一起便成了所谓华丽的句子。总的评价：垃圾
t4200cpu不错，带摄像头，带dvd刻录，升级了内存。速度一流。带电池延包卡可以包1年。	给人惊喜的一款平板，比实体店便宜了几百块！照相、看视频，棒棒的，20块华为的活动价买了那半年的华为会员，可以看好多电影、电视剧！	好好好～都好，价格公道～物美价廉～亲们放心购买吧～京东太给力了～	餐饮较差
苹果很甜，水份足，京东购买方便，物流快！	经常在京东上买东西挺划算的三大瓶，还有小瓶的试用装，洗发水闻着挺香的，还没有试用，希望是正品	走廊真心小，房间一般，设施设备老化严重	刚买的就降价， 99买的第二天就79，质量一般，用完有点干！
"mp3,u盘，35万像素拍照，TFT显示很绚丽，真的很好！用了3个月，没任何问题，一个字爽！！！"	物流很快，昨天买的今天就到了，哈哈，今晚就可以用咯，头皮屑实在是太多了?	上次买的挺好吃，希望这次也一样	感觉跟在超市买的不一样。因为做活动囤的货现在才开始用，洗了以后头发好痒。不晓得可以申请售后退货么可是我已经打开了?。京东直营如果不是假货就是不知道啥渠道来的。真的跟超市买的不一样便宜没好货啊！
不错价格实惠 老顾客买好多次了	拿回来用了两周 感觉差太多 毕竟800的货 玩个手游 玩一半 屏幕就点不动了 非要关闭屏幕重新解锁 都有点想摔了的冲动	酒店服务不好，服务员态度生硬，特别是酒店物品管理方面，物品的清点不到位，我明明没有用房间内的收费物品，可是退房的时候硬说我们用了四包收费的洗液，非要我给钱，我因为急着赶飞机只好付款，简直不敢相信这是携程推荐的酒店，难道这家酒店就靠这样挣钱，有到了黑店的感觉。补充点评 2008年3月24日 ： 还有洗澡用的是电热水器，始终让我觉得不安全，提心吊胆。卫生间马桶不好用，修过一次也不好。总之，住在这家酒店觉得很别扭，觉得不安全，不舒服。四周感觉很吵。	烂玩意，地摊上*的背心都比这个好。 吃亏上当就一回！！
东西没有想象中大，其他还好！质量感觉挺好！京东快递太给力了，当天下单当天到！！！	"离南京西路才一公里,靠近中心商业区,所以价格比一般如家要贵!地点算是好找!周围环境一般,房间内比以前住过的如家要大,但是房间内有比较浓的空气清新剂的味道, 所以要开窗开空调换气. 整体来说可以接受!特别是在上海房价这么贵的地方."	我12月5日订的书，到12月14日都还没有给我送到.服务怎么这么差?气愤!	不明白偌大的一个当当网为什么会卖盗版书。已经对比过图书大厦的正版，拿到的这本杜拉拉1纸质粗糙，字迹颜色明显浅与正版。路边书摊8块钱能买到的盗版书，在当当网多花一倍的价钱买来，还暗自欣喜，认可网上购书的优质与便利。真是失望之极。
白屏亮斑 好垃圾啊	质量太次 一点都不好	之前在京东店铺买的很好，这次买的大小不一，买了两份，挑出来八个很小的，味道也不好。不会再买了，说次日达为什么不是?	这洗发水还没用呢 拿回来就漏了 还掏快递费快递这服务也不行啊 还不值
裤子大小合适，客服非常nice，质量好的没话说，已经买过几次了，下次继续买买买。	不错!就是洗澡的地方小点~~下回去还住这家~~	东西还行，毕竟就几百块钱的东西，不能和几千的去比。想说的就是京东的打包也太不负责任了，下面附图说明	按照预定的时间去住宿，携程却说我的订单取消了，对携程的信誉产生明显的怀疑。不是一个值得信任的网站补充点评 2008年1月24日 ： 给携程的800打电话，得到的却是一些冠冕堂皇的敷衍的话。
出差入住，价格比较优惠，酒店位置很好，比较干净，就是周边吃饭有点贵，四个人吃了三百元，还没吃饱。来去机场很方便，每半个小时一班，一直到很晚都有，具体到几点记不清，要看酒店介绍了。以后公司人员到浦东，都给安排到这家酒店，	各方面都好，拿到手了就爱不适手，是好货就是好货，不只是支持国货。	送货速度非常快，快递员态度也很好，今天试用了一次，感觉还可以吧，之前一直用的沙宣的，换换看效果咋样。	我一直认为不应该强调小朋友去刻意认识自己的不良情绪，而且家里关于孩子心理方面的书已经很多了。不过还是买了这套书给小木头，他并不关注书里关于调节情绪的部分，他只关注为什么这个小朋友哭了呢？他为什么害怕滑滑梯呢？可能他三岁之后会理解一些吧。我认为这本书中讲的调节的办法还是少了一些，也写得比较大概。不过很喜欢书里的图片，除了小兔子那本，好象是叫我好生气的那本吧。画得比较差一些。
双十一活动购买的，不错，买三免一活动，划算！	性价比高 linux其实也挺好用的 也正是由于linux是免费的 所以性价比才这样高	价格不算贵。质量还行。这个价位的质量还差不多。还没有洗过等洗过了看退不退色。到时候再来评价。	小！什么10斤，连包装都不一定有10斤！！要不是不方便出去买谁会在这买啊！垃圾 都别买！！！
屏幕很亮丽，非常悦目，各项指标都在购买前预料中，质量不错，外观也秉承HP的传统机型	本次入住酒店的网络不是很稳定，断断续续，希望能够改进。	要加绒的收到的是没加绒的，.图片上的颜色与实物相差太多	我感觉京东卖了电商装清扬，一点都不凉。以前三哥前几个月买的那个也是，是不是假货我都不知道，我都不知道怎么说好了又没办法去验证是不是真的。
性能不错，运行起来很流畅 外观很简捷大方 屏幕超好，hp屏幕很赞，比我用过的ibm等好	东西到了物流挺快的 打开看质量不错 也有没色差，和图片上一样真心不错！	"我买这款机才17天,就死机两次.上回发个信息好不容易打了70个字,正准备发送时,莫名其妙就死机了,当时电池还有两节,几秒钟后,又神奇般开机了,真是让人气愤。这款机的待机功能也是超强短,几乎天天都要充电,烦死了。现在打电话,发短信都只能在内心祈祷它千万别出问题。"	1、用耳机简直不能正常通话回音太大简直太烂货在任意价格的情况下买的它本公司新原装机总能应该正常通话吧但是天阔就达不到2、用免提在信号弱在地方不能正常通话3、照像效果不好4、不能发彩信5、售后服务太差我买机的第二天去换机他们说是耳机的问题一换就是一个星期以后去取，保换十五天就去掉一半的时间了，我一个星期以后去取，用耳机还是不能正常通话，我说换机，他们再啊试几天看，到第十一天去换的时候说现在没有这种机了，再过两天去，到第十四天到的时候说，这种机是这样的，没得换，又说我把机又搞花了，最主要的是说这种机是这样的，没得换，大家说这是什么样的售后服务。我真后悔怎么就选中了这种手机
裤子是含棉的，质量不错，弹力很好，不掉色，穿起来挺舒服的，和图片基本一致 ╰(*︶`*)╯	买了好多次，整体不错，不过我觉得有时候好的和差点儿掺合着装，还行吧	假货！用了一个星期起疙瘩，到现在才好！	很差，被子里还有蟑螂
速度快的没话说，东西也不错，挺理想的	第二天就能收到了，感觉真的不错，用了一下	看了就后悔，除了把单词用语言串起来了之外，什么都没得了，还不如直接把那些个单词一一罗列的实在。想增加词汇？靠他，实在是不行，至少是我，看了一篇就没什么在想看下去的冲动了。为了不浪费钱，就用来当本小型词汇表，有需要的时候看着目录查查了。学习英语，特别是记单词，还是没什么捷径可走啊~~&#183;~&#183;	妥妥的差评，看你介绍的和发来的是一种吗？ 大街上甩卖的都这样吧？
小巧轻便，外型美观，色彩还行，功能还算过得去，因为只有这么多钱。总之我这一星期还感觉不错，只换过一次电板。	晚上有很多按摩小姐打电话，很烦！告诉他们不要再打了还是照样打！前台无法用信用卡预授权，一定要现金交押金，而且还不然存放行李，搞得我拖着行李去银行取钱！（还好银行近，要不...）	离机场较方便，但是卫生很差，服务不行，完全失望	最差的体验，没有之一
裤子质量很好，做工也不错，穿上也合适	东西绝对正品，赠品也很棒，给岳母的母亲节礼物，她老人家很喜欢	东西挺好的 很好看的版型虽然分辨率不高 但是这个价钱值得了 给老人看视频用的 自己用用也还行	80的果子还是很不错的，甜脆，70的感觉就不是一家人了
客服态度很好很热情有耐心，非常满意的一次购物，以后老公的牛仔裤就在这家买了，很赞!	这个机子有JAVA功能，可以免费下载许多好玩好看的图片；虽然手机功能很少，但一下子感觉到功能丰富了。还有就是支持WAP上网！它的输入法也十分的丰富，象智能、英文和特殊符号！声音和显示效果还说得过去。	觉得不是正品，有一瓶盖都是坏的。这—星给快递小哥。	什么鬼东西，质量差，东西又发错，垃圾
感觉非常好，没有发现什么问题。运行流畅，只是系统有一些不够智能！如果能完善一下系统就好了。	只收到平板，64G卡不知在哪	"后悔,很没劲的一本书,比介绍的差很多."	感觉不咋滴，说好的薄荷香呢？记得之前在超市买过一次200毫升的，感觉真不错，洗完香味留存很久。这次买的是很便宜，超市一大桶750毫升的差不多也得*十，两瓶就是*。只能说明两个问题一:网络特供的洗发水便宜同时质量也在打折扣，第二就是超市的加价率真不低。顺便说一句之前买过一次沙宣，体验也不是很满意，以后这种便宜的大牌还是不敢恭维了。心塞*
东西很好！快递师傅很给你！晚上还送货	"服务态度好，物流及时,东西很好 感觉不错"	第二次买了 垃圾快递 我都怀疑他是走着送来的？	掉色太严重！一颗星都不想给！
第一次买你们家的裤子，质量好到不敢相信这才不到***的质量，跟我平时在实体店一条***的裤子一样，下次再来光顾你们店哦	"此店是本人住过10余家北京如家中最贵的,所以我们满怀希望的过去.的确,进门就是很大气的大堂,但是也只有这点勉强能算优点.进入房间,不言而喻,是老酒店改的,完全没有如家应有的温馨感觉,设施陈旧并未完全翻新.最要命的来了,一只一圆硬币两倍大的蟑螂爬到我们同事的腿上,顿时,一个五大三粗的山东大汉被恶"	…蒙牛奶喝不得……连喝两天我就啦肚子了……超级不舒服………黑心蒙牛！！去死去死！！！	受手机支付限制，分两次买了三台。结果，送老人一台居然是返修机！！新机里面出现别人的大头照是什么鬼？？京东/华为你粗来，给个解释听听？？？
本来只是想买《放大本大盂鼎铭文》的，突然看到这本，我有收集癖，于是也买了。买来之后，意外地发现，这本让我几乎一见钟情。字体更秀丽圆劲，而大盂鼎更多方、尖、肥壮之笔。不过书后附的吴大澂所临虢季子白盘铭文，笔道感觉更雄壮些，但还好，基本不走样，不像吴昌硕临石鼓文，掺入自己的笔意比较多。这本的装订也还好了，基本中间会留缝，除了前面两张原大铭文还是左右粘到了装订线里以外。	很好，很信任京东。	wifi 用不了，连接+短信认证，还是用不了，不推荐购买，后悔了。要的900给你	差。大堂浓烈的香水味闻着不舒服；隔音太差，大下午隔壁的叫声听得清清楚楚；车停在门口过夜要收40，前台没有提前知会，差。不会再住，强烈不推荐
还不错，用着还算不错，就是华为平板的配件不多啊	音质棒棒哒！玩游戏还行，性能中上吧！像玩王者荣耀这类游戏完全不卡顿，就是有点大，不好操作玩不了多久手就受不了！本来想买七寸的可以玩王者农药，可目前华为只有8.4寸好伤心，没办法还是买了反正之前那台平板不好用了！	上周五就把支票给京东了，现在是周四上午了，还没拿到东西。目前赠送又增加了鼠标和杀毒软件，估计时没我的了。	差评！苹果一点都不脆，第二个苹果还烂了！垃圾！！！
大品牌。值得信赖，一直买它，很好用啊！！！！！哈哈，，不错，哈哈！！！	這是北影的教材，北影的攝影專業的實力應該是全國最強的，所以它的教材也不會錯了。這本書的作者是顧錚，瞭解攝影的人都會知道他的，他是我國目前比較權威的攝影史和攝影理論家了。這本書的條例很清晰，語言也很簡潔，沒什麼瑣碎的話，作者的一些看法也很勁道。但唯一的缺點就是裏面的黑白版的圖（最後又十多頁是彩圖，前面都是黑白圖）印的過黑了，有點失真。	坑人的蒙牛！！	"定单5216523与6月3号要求处理补发赠品.现在已经20号了,仍然未补发!现在都出了大礼包了.要求给一个满意的结果.不要一拖再拖!!!(而且我们拿到手就发现键盘问题,已经拿去修了.才买几天啊?)"
拿回来裤子试穿了一下，是我想想要的那种棉质的裤子并且很有弹力，颜色什么的都很正。个人很喜欢，如果有想买牛仔裤的朋友可以过来看一看	"酒店位置很方便,离开封第一楼和夜市非常近,酒店早餐10元自助很实惠,服务也不错但房间很大设施却有些旧，尤其卫生间狭小。"	衣服很垃圾，物流特别慢，建议大家不要买	我已经买了多次，最初还可以，但一次比一次差！刚收到的货一箱两层，上面一层是好的下面一层基本都是烂的。商家太黑心！！以后再也不买这家的了！
很好，老公很喜欢，就是有点儿大。	还可以，用起流畅。不过系统是手机无线版的，平板是wifi版。不是专门的系统。	已经评价过一次这个饭店了，每次到开平都是住在这里。这次去，好像服务员换了，原来熟悉的面孔少见了。房间里面的电话不好使，发现后马上更换了。希望提醒一下注意服务质量，因为对这家饭店原来一直十分满意的。	差，一点点薄，还透风，
苹果又大又红，价格也合适很不错。脆甜好吃，好评好评好评好评…	比超市便宜，送货及时，味道可以，个头一般，整体凑合！	不知道怎么样？还没有用	信号质量差，中间会有死机现像
裤子真的是很不错呢，穿上也很好看，很有型，值得购买哦！！	去年1600多 用了一年很好用 今年女友换机 也要这款 才1300很划算 性能续航配置甩其他千元机器几条街 而且电话平板二合一 十分便利 在外还能随时进行文字编辑类的办公 我手不算大 都能极限单手操作 用习惯了 就真的回不去小屏幕了…	在本地肯定是不错的酒店了，去淮南的话值得一住。	严重怀疑产品质量，洗了跟没洗一样！
周围环境有些乱，但是很热闹吃饭的地方也比较多。房间还可以。	还不错，标配没有东西送	刚到货随便挑了两个看还挺新鲜也没仔细看，今天拿一个出来吃一看是坏的了，幸好没有影响到整箱	拿回来拆开一看像六仔裤样
昨天到货了，今天早上就试了一下，效果不错。是正品	一次买了这么多，还送了小样，真不错	这个苹果，形状和口感都怪异，但不是怪异的好吃，而是难吃难看，外包装真的是能蒙人啊	包装没损坏，但打开吃的第一个苹果就是坏了，实在无语。是我倒霉还是你们质量没把好关
"< 考拉宝宝吃饭了>的绘画风格是我很喜欢的.比较精致,色彩和谐鲜亮的一种风格.考拉宝宝和小仓鼠皮皮还有考拉爸爸,考拉妈妈的形象都很可爱,很有立体感.我给女儿选书都喜欢精致的漂亮的书页.考拉宝宝的饭是土豆泥和豌豆.看了书,我也马上给女儿买了豌豆和土豆,做熟了以后,她很爱吃.应该两岁以上的宝宝都可以看的.纸的质量较为厚实,但晚上在灯下面看会有反光,不知道是不是对孩子们的眼睛不好.因此还是白天看吧."	以后再也不喝蒙牛了。。。一天拉了十几次。。。难受啊。。。	短信铃声只有一种，很单调！电池不稳定，明明显示充满，可不久又没电了！一旦没电，马上关机，连个提示都没有！和其它牌子相比，这点太没人情味！没有自动开关机功能！显示屏不清晰！拍出照片不行！没有夜拍功能！没有彩信功能！菜单默认为英文，每次都要切换！电话薄太弱，查找联系人只能从上到下地翻看！短信只能存100条！不能录音！	一点都不好，连耳机那些什么也都没有，别人家都送好多东西
很顺滑不错。洗发水很好。下次还来	质量很好，是正品，速度很快，还给了很多赠品，华为专业制造手机，比某米没有自己的工厂都是带加工的，比某视，出电视的出手机。还是华为*都在用华为你还犹豫什么。	胡不过在卖弄词语，描写虽然有过人之处，我总感觉有句无篇。张迷尚可以一看。鉴定完毕。	反正一个月没到就扬声器出现问题，只能维修。维修这段时间怎么办是我要思考的问题
"酒店还是不错的,房间挺大的,床很舒服,服务人员的态度很不错的,有问必答的,周围交通很方便,离码头很近的,而且门口就有去大三八和妈祖庙的公交,不错"	一个字爽，可惜就是没有配套的皮套卖	买本新书刚打开包装袋就看到破损，感觉挺不舒服的	黑色的裤子，洗几次就掉色了，差评
这套书是送给孩子六一的礼物，正如读过的朋友点评的那样，确实是套值得购买的好书。刚拿到时，我还担心因为没有拼音孩子读起来会比较吃力，事实证明我的担心是多余的。从打开那一刻起，象散文一样的、故事性很强的内容就把她深深吸引了。。。连着几天已经看了第四本了，到了睡觉时间还不肯放手。。。今天一早起来，孩子睁开眼第一句话就是：“妈妈，我喜欢阅读！我喜欢我的儿童节礼物！”这话让人很是欣慰。	虽然是蒙牛的，但素真的很好喝，感觉比棒子的香蕉牛奶味道还要浓郁些，最后谢谢费老板金钱支持感恩诶！	"招待所改装,确实是不行。以后再也不会住这里了。建议携程取消该定点，否则可能连带损害携程的声誉。"	我就搞不懂了 为什么这个会那么脏 ？到处都是划痕 ，瓶子还都是土 ，我想请问是扔掉又捡回来的吗？差评！又不是便宜货
内容少而定价高，利用女人的心理来赚钱，招数不可谓不高	蒙牛，牛逼	买了台问题机，经常什么信号都没，电话网络什么都没信号，砖头	洗完头奇痒，用水不好冲掉，买到了假货。
住了几次了，价格倒还可以接受，不过在这里觉得再低些可能会更有竞争力。不过，令人惊奇的是：3天内在房间里打死了2只蟑螂！	交通方便，设施尚可，就是这次定的房间都是靠路边，太吵！！！！！！！	感觉一般般“”	官方通报酒鬼酒含塑化剂事件：每天喝1斤无害----评：真不知道这些混蛋官员是怎么混上去的！！和曾经解释“蒙牛”是一个腔调！有害就是有害，祸害就是祸害！！你他妈的非等喝一斤才叫有害吗？！
"MP3不错,我喜欢,价位还可以接受。"	服务很不好，第一天到前台登记入住时，因为对预授权的签字有质疑，前台接待竟然对我说，如果你不愿意签字，请让其他人帮你付钱（这个回答简直让人无语）！第二天结帐时，用了另外一张信用卡结帐，之前用于押金的卡的预授权不能解冻，告知需要10到15天才可以，和前台理论，要见值班经理，通知要15天到1个月才可以解冻，着急办事，先走了。后来打电话询问被告知要45天。心中觉得诧异打电话至银行，得知酒店方如果不做任何处理，自然解冻至少45天。如果要提前解冻，要酒店发传真给银行。对他们的解释及其处理的行为是在感到很气愤，这样的酒店还能上4星，服务太差了，不管是软件的还是硬件的，硬件的提高可以花钱，人员素质的提高是花钱也买不来。	活动买的，跟实体店买的不一样不像正品	差评……物流那么慢 并且还把尺码搞错了 差评差评……
包装很好，果型不错，颜色漂亮．味道很好！	应急住下，条件比较差	这是我购买的第一个华为产品，以后再也不会购买华为的东西了。我买平板主要是为了看电子书，结果，看电子书的程序都带不动，无论什么程序，都是运行无响应。华为你就自己吹去好了。大家请记住，电子产品买的是硬件+软件，系统垃圾的连程序都用不成，就算1元卖给你想，能有什么用呢？能当菜板用？	太垃圾，机子有问题屏幕有缝隙，降价太快了，恶心，京东倒闭
酒店很不错，硬件很好。自助餐厅早、中、晚都有很方便。性价比很高！	屏幕清晰，运行速度流畅，软件较多，音响清晰，对得起这个级别这个价格，	还可以，打王者一点都不卡，追剧也非常之好，我用了两天才来评论，非常不错！	还好，就是通话质量不太好有回音，上网卡卡卡，比较不man?y
其实，女人啊，到底为什么而嫁？爱情？金钱？结婚？为爱情，这个理由连我自己也说服不了自己，年纪越大，越不相信。为金钱，哪有那么多有钱人啊，再说了，别人不一定瞧得上你。为结婚，周围的人都结婚了，就剩自己一个人了，必然得结婚了，这就是社会性。我觉得那个女主角真的很勇敢。因为她遇见了陈明然，而不是安嘉和。	"位置稍偏,好在曲阜本来地方就不大.房间设施一般,较陈旧."	没想象的好，玩游戏的时候老自己关闭，超不爽，	安装我自己花了500多，美的够黑心的，真的是烦心，安装的售后叼的要死！差评！！！！！
很轻 开机速度很快 看视频十分方便 漂亮	便宜，以前是LINUX系统，一拿回来也没用直接重装了XP，装完后速度很快	我也坏了一个火龙果，不过被我扔了，也挺贵的，在我们这边买还更划算，有点不值得！	买了一套，用了半瓶了，根本就没用，给普通的一样，刚开始用的时候掉的比平时还多，还是掉头发，不建议买
不错，性价比高，反应灵敏，音质好，赞	7月份住了2天。是我住过最好的4星级宾馆之一。交通非常方便，离榆次老城非常近，走路5分钟可到达。房间里面还提供杂志和旅游指南。地毯很厚，而且非常干净。住的很开心。下次绝对还会选择这家酒店。物有所值。	宝贝穿起来舒服，客服好，价格实惠，满意的一次购物，值得推荐！	住的是闽西宾馆新的六号楼~~新楼的装修、房间设施都很好~我开的是标间，房间够大，床也非常舒服，室内的灯光很柔和，窗外的夜景也不错，室内设施比较全，能上网，网速不错（网线可以找服务员要，不过长度只适合在办公桌上用，如果想在床上上网，建议大家带自己的网线）~比较喜欢它的浴室，通常一些宾馆不是淋浴房（太小），就是浴缸（总觉得脏），它的较简单但是感觉舒服，设施配备也比较齐全~~六号楼的早餐不错，是牛奶和糕点之类的~那的自助餐不错，最喜欢三文鱼和生蚝，冰淇淋也很好吃，还可以向厨师点东西~~
款式挺新的，大小也合身，穿着还行，快递不错，尺码很准，价格也合理，还是蛮满意的。	服务周到，地理位置很好，无论是在环市东路、淘金路这一带逛街或者吃饭都很方便。而且在房间里上网是免费的。	还不错?就是电源按键要用比较大的劲	分辨率差也就算了，卡，卡得人想砸。
"1，电池不够强大,续航差点 2，内存少了点, 3，无线网络的开关不好.  4，某个键盘松动 5，offcie软件是试用版"	东西不错！但是没有按照我选定的日期配送，提前了一天给我配送！！完全打乱了我的时间安排，为了照顾京东配送员的“时效”京东考核要求，特意提前赶回家收货！！！请问京东是打算为难自己的配送人员呢？？还是为难京东客户呢？！那个仓库出货的人不看配送时间要求的吗？！	1、原来说系统是配DOS，收到的却是正版Vista 2、原来说硬盘是250G，收到的是320G	质量真心的差，我都不知道 那些好评都哪来的。
很实惠比在超市买划算多了 味道也很好闻	第一次网上买苹果.感觉还可以.	这酒店真的不咋样，一进房间，就闻到一股地毯发出的异味，晚上睡觉时，房间弥漫着一股厕所的异味（估计是中央空调的送风口送出来的），很是难受，我住了两天只好仓惶而逃。而且通过携程预定明明可以免费升级至豪华间，但酒店只是升至商务间，和酒店交涉，酒店前台人员居然说豪华间还不如商务间（豪华间518，商务间才458），那岂不是自打嘴巴，订豪华间的客人岂不都是傻子？总之，郁闷！	这个酒店就是招待所改建的，所以各项硬件设施非常简陋，关键是大门在二楼，也没有无障碍楼梯，背着行李上楼，更没有服务人员帮忙！晚上在一个居民区里休息，都不敢开窗户，总之，很不满意！
VK800配备了两块锂离子电池，免去了再买备用电池的麻烦。并且此机器有MP3播放功能，对电池的使用会比较高，实际使用中，大概每天通话15分钟，发送短信20条，拍摄图片15张，MP3多媒体播放20分钟，电池能接近三天。如果不是太频繁地使用MP3功能的话，电池待机时间还是不错的。1.百万像素拍摄功能强大2.MP3播放音质好3.64MB大内存	看起来和专卖店的有点差别	华为荣耀7的平板屏幕很模糊，分辨率过低，运行速度慢，因为采用最低端的展讯方案，挺后悔买这款。	本来一直很信赖京东，但是这次令我太失望了，先不说平板质量到底如何，你们这种行为就是错误的，完全就是欺骗消费者，我非常清楚的记得我11.11早上买的华为平板M3日辉金，买的时候只有一台，我便火速下单了，拍完付款后，我还专门看了一下看是否还有货，果然显示无货了，我还说我运气很好，今天看见平板，居然颜色都不对，奇葩的是订单居然上面变成了皓月银，没货吧，通知我一声，看我是否还要货不行吗？以后要是还在你们上面买东西，看来得下了订单后截个屏做证据。服务简直就是差差差。
效果不错，头屑少了不少，618买的也比较便宜还有两个小瓶，出门携带方便。	就是图个近，原本订的舒适房特别强调了无烟区要求，结果一进去一股烟味，房间也很小，跟地下室一般压抑。为图个窗加了两百多升了豪华房，结果窗还是封死不能开的那种，形同虚设啊。另外，早餐在外面ok，但卫生条件只能呵呵，档次显然配不上酒店的格调，因为有苍蝇，只敢吃需要剥皮的东西了。只能说，酒店把力气都花在大堂和走廊的设计上了，格调是挺不错，有艺术气息，但房间一来小，二来贵，688的价格可以住比这好很多的，真心不值，还不如经济连锁酒店住得舒服呢，除非你是想把大部分时间都花在大堂里。	不喜欢，不喜欢，超级不喜欢	"虽然第三方软件多,但机子根本值不了那么多钱!因为这手机的技术含量不高,比比索爱和诺基亚就知道,TREO 650就那30万摄像头和多出了十多M内存能有什么优点,硬件伤一看就知道,还有第三方软件很多都要买注册费的,价格不低,而且机子辐射大,连FM收音也没有,还什么可听MP3?只是标配的耳机真的有些让人哭笑不得，还不如买部MP3!色调也不好看,本来以前黑色版的TREO 600还可以，现在呢？除了电池有点优势外其它根本就看不出什么优点，所以这么高的价绝对不值，凭现在手机硬件潮流对比挺多值两三千左右！失望！"
刚到手，也许这次还不错吧，感觉虽然还没有用，相信京东吧，反正是正品好了。快递也很快，第一天买的第二天就到，爽呆呆。	有病吧，继续买伊利！ ……说明蒙牛比卖切糕的都黑么？ 脑子装满了切糕 蒙牛的公关脑子有坑啊！	没人签收，就完事了，连个电话都没有	我11月6号下的订单，今天还没到！  当当上显示是已完成交易！  请问是怎么回事！ 订单号：1421846721我11月6号下的订单，今天还没到！  当当上显示是已完成交易！  请问是怎么回事！ 订单号：1421846721我11月6号下的订单，今天还没到！  当当上显示是已完成交易！  请问是怎么回事！ 订单号：1421846721
第二台了，感觉很满意，外观美观，大品牌值得信赖。	外观工整，触屏灵敏整体画面不错	最大的缺点就是电话薄里设置的对应照片，如果不小心删除了，那么拨出电话会出现死机现象，不知道这是什么毛病！	果有6个烂掉的，其他两个肉粉粉的。还不如普通的好吃。差评。坑！
东西挺不错的，多次购买了，会再次购买的。满意！	很好，新鲜物流也快！当天下单当天就收货！	"总体感觉很不错,酒店硬件和软件都还满意.前台服务生服务热情到位.房间安静,不嘈杂,总体房间还是很舒适的.如有可能,下次还会入住,早餐品种也还丰富.宾馆反馈 2008年6月22日 ： 非常感谢阁下对本酒店的支持及认可,我们真诚的期待您的下次光临! 另看了您对其它酒店的点评,呵呵,期间也有至深圳、北京出差，我们在其它城市同样拥有木棉花酒店，如深圳木棉花、北京华京木棉花、河北白洋淀培训管理学院以及广州的米兰花酒店，希望有机会您能下榻我们其它的娣妹店，愿我们木棉花给你的旅途带来不同的体验！ 再一次谢谢您的支持！"	苹果个头一般，味道还不错。配送员态度很好，收到后发现有两个坏了，申请售后京东处理的非常快。
裤子很合适 穿上很帅 客服很热心推荐的尺码很合适 已经收藏店铺下次会光顾的 希望店家越做越好	一口气定了这么多水果，那样都不错，挺甜的，挺新鲜的，	夏天来了，头发老是出汗，好油腻。还是用清扬男士的有效果，洗完澡，头发干干爽爽的，很不错！最近我的同事也用的这种，说不错，推荐购买	机子到手没几个小时没什么毛病，以后再看。使用体验挺好的，就是不是说有保护膜的么？我没看见。
外观很漂亮，自代的VISTA也不错，这个机器评分能到3.8很好。平时办公足够用。	产品不错也便宜。不知道是不是正品的。试过后再说，送的那两瓶也太小了	苹果不熟，酸不拉几的！真是小爷命不好啊！	质量差有点像地摊货
很良心的平板 支持国货。	蒙牛创造了奇迹!	太不行，反应太慢，退货	快递服务态度很好。折开看就是没有发票，联系服务，说没发票，我说京东自营没发票，说我没选择，差评！差评！
"质量非常好，与卖家描述的完全一致，非常满意,真的很喜欢，完全超出期望值，发货速度非常快，包装非常仔细、严实，京东快递态度很好，运送速度很快，很满意的一次购物"	中國奶業的悲催 不喝蒙牛很多年！	被压过了，还好里面没事，京东的物流如果跟其他快递一样的话还是京东吗？	不是很满意，感觉不像正品！！！ 不会是冒牌的吧
毛巾特别好用，京东神券买的。神券非常划算，可惜经常抢不到。京东确实不错，实在，也是因为有了京东，网购套路才少了些。	住的豪华大床房，房间基本无可挑剔，就是阳台脏了些。早餐要早点去，晚了连座位都没有。还是比较满意的。	东西已经收到.东西不错的	酒店牙具里面是空的，跟前台讲了，也一直没人换，还特别吵。
选购《小房子》是因为看了日本松居直的一本书《幸福的种子》，书中对小房子进行了高度的评价，我想大师极力推荐的书应该不错，就从当当网上订购了一本，确实孩子很喜欢。开始我给他讲，讲了三遍以后人家自己开始看着图讲述，有时让他爸爸当听众，有时让我当听众。孩子对插图很喜欢，插图中细微的东西他也能注意到，用自己的理解去讲。还坚持带到幼儿园与小朋友们分享此书，我很高兴。这本书买得值！	因为是油性发质，所以一直很想买一款去油的洗发水。以前没有买过这种洗发水。也不知道这款洗发水怎么样？看商品包装像是真的！物流也很快，大热的天中午快十二点的时候快递小哥顶着大太阳送货过来。洗发水闻起来很香。配送过来的发膜更是非常香，希望是正品。用过再来追评。	东西刚收到，闻了一下气味，挺好的	"位置实在是太不好了..不方便 入住给的感觉很不好,不过后面有东西留在饭店了,打给饭店,饭店态度就蛮好的"
漫步者（EDIFIER） R10U 2.0声道	买了好几次这个牌子的了，不过这次怎么样用了才知道，之前买的和超市无两样，吹风机是赠品	usb接口太少了，而且都在左侧。 用时间长了键盘很热，但是运行稳定。 装ghost系统，会死机，要从官网下载网卡驱动。 内存只有1g。官网上的xp的驱动做的太烂了，摄像头到现在都没装上。	真的不想说什么了，发过来的苹果烂了好几个。无力吐槽，找客服，客服让我打电话找什么生鲜组。请问客服是摆设么？纸盒包装都扁的不行。就差破了。最不满意的一次购物。
已经习惯了京东购物，品质好，小哥送货给力！	用于公司，不过看样子不错	清晰度大差了，没有想象中那么好	这活动搞得也太多了吧，前两天下单说是618活动，今天618还没到又再次降价，什么意思，难道我上次看到的是假的618活动。1分给平板，用着不错。
才几天，物流挺速度的，很时尚，码子比较合适，试穿效果不错大小颜色都很合体很满意，没有色差，卖家服务态度很好给好评加5分!	是蒙牛还是光明？	洗完头很痒，不知道真的假的	本身没有头屑的我用完满头头皮屑，假货不多说。
房间很大，环境不错。云台山风景也好的。就是当心遇上非正规导游的：（	我当年就想IBM的公关有问题，一条丑闻都没有的结果就是内部腐败的日益严重，和蒙牛今天一样。媒体失去了该有的监督和约束。	很严肃得投诉包装。请看晒图，如此漠视顾客。没有塑封，没有气泡膜，基本的防震都没有。再不改进，砸的是自己的招牌。请参考*超市包装，看看人家是怎么努力提升顾客满意度的。如此下去，不要说没有回头客了，连新客都会望而止步。请重视这个问题！	住了特价的房间，实在是差的没法说了，房间小得完全出乎意料，像个剩余的角落留出来的空间弄了这么一个房间。还有停车场，实在不方便，而且地下三层，而且非常的陈旧，去停车场的电梯怕怕。第一次遇到这么差的停车场。下次不再去，永远也不去。
质量不错，适合3岁左右小孩玩。每一页边上都有已经打好的虚线孔，直接将页面撕下来就行，都是很简单的手工，练习孩子剪图形，折纸。我儿子3岁半，特别喜欢做，就是用剪刀用不太好，正好练习啦。有些东西做出来“实用性”还挺强，像太阳帽，刚好能戴在儿子头上，拖鞋，他也刚好能“穿”，儿子自己还说呐“大小正合适”，呵呵。让他练习手工的同时还有很多乐趣，超喜欢。	"书的内容不多，其中很多剧照，三两下就翻完了。中间部分的访谈比较专业，篇幅也显得比较冗长。从书中能感受到那个时代成长过来的不易,特别是写到演完《英雄无悔》之后成了红人，却还是住在旧胡同里的宿舍，与那些爷们冲凉，蹲茅厕，感受着别人的眼光和指指点点，蛮感慨的...通过这本书可以看到一个公众人物在平常生活的另一面，喜欢的可以买来翻翻。"	《资本论》与亚当斯密的《国富论》，凯恩斯的《通论》一样，只是一套经济学理论书籍。但在中国落地生根后，国人却把它作为一套社会制度的理论去研究，并出了很多衍生版本。金融海啸的冲击令我们反思西方传统-经济学理论，试图通过资本论去寻求现象后面的真理时，千万不要忘记，资本论只是一套经济学理论书籍。要读就读这种直译的原始版本..........	品相不太好，有的太小了，口感还行。
裤子质量真的超级不错 而且洗了也不会变色 真的买对了一回 料子也是很舒服的 穿上感觉很好 一分价钱一分货 买这家店的衣服绝对值 绝对让你放心 下次还会继续在这家店购买	东西很快收到 日期挺新的，都是最新包装 ，价钱也很满意	呢套书已经买来两年了，宝宝一看到封面仍旧叫的出咕噜牛，咕噜牛小妞妞，清晰记得内容。还模仿以前我讲故事的口气，用书里的语言说几句，家里只有讲故事的我明白宝宝的话的出处，相视大笑之余，默契之情十分有趣。虽然故事中有语言的恐怖，但画面明朗，就是宝宝的可爱恐惧没有真正吓人的地方，带着调皮的俏皮，憨厚的勇敢。也是我和宝宝挚爱的绘本。任教授的翻译押运上口，尤其《女巫苕帚排排坐》十分好玩，一般女巫的形象被颠覆，这个女巫有蝴蝶结，帽子，有漂亮的魔棒，和朋友小猫青蛙小鸟小狗，生活的真快乐。	人可以失败，但不可以被击败，外在的肉体可以接受折磨，但是内在的意志却是神圣不可侵犯的，这是《老人与海》一再强调的论点。真正的大师都是用最简单的语言来表达最深刻的道理，真正的好作品都是用生命的历练做题材，《老人与海》所刻画出来的正是海明威的一辈子最好的画像，正如海明威所说，?我一直读过２００多遍，每读一次，我就多一份收获，好像我最后得到了我这一生辛苦工作所欲得到的东西?。
东西很超值，买了几件东西，用了一个2000-100的东券，节省了100元，哈哈。感谢这位会员提供的京东券：http://club.360buy.com/person/grbkrufw-1-1.html	不支持MP3，现在太多手机都有这个功能，我朋友说，许多都是免费下载的，而且他机子还有SD存储卡，羡慕死了！！！	线头多多，掉色利害，异味重！不值这价钱！懒得退货！总之不太好！	买了没几天就减价了，差评，联系客服态度恶劣，还不退差价
键盘设计得很不错，比14寸的还好用 几个快捷键是感应的，实用 小巧	“主管会计必读”这本书独具匠心，一改革以往这类版本书的编排风格，从内容上编排上更加贴近实际工作。是一本难得一见的好书。是我们会计人员身边不可缺少的工具书，也是我们会计人员的良师益友。作为会计人员手边有一本这样的书，就等于免费请了一位好老师。对提升工作效率增强自身竞争力有百利无一害。一个好的“主管会计”可以增强企业的竞争能力（人才的竞争），化风险为效益。和乐而不为呢？	不错。。。。。。。。。	像一条工作裤，与商家描述大不相同，
第三次买了，一如既往的好～满意满意满意满意……	蒙牛真果粒、美丽有新意。	"没住过苏州其它的五星..但感觉万丽还是不错地..至少环境比较好..拉开窗帘入眼的就是金鸡湖水..周边也很静..噪音几乎为零.不象住在市区那般吵闹..周末价比较超值..和心爱的人相拥而眠,再去逛逛江南的小桥流水,怎一个惬意呀..."	以前一直在实体店买这个牌子，发觉网上便宜许多，就果断下手买一单试试，如果好以后就它了
颜色很正没有色差的。和卖家描述的一样！	洗了有头屑，不知道是不是正品的。以前从超市买的就没问题	呃，9号到的个，就11号吃了一个，12号发现剩下的两个全部发霉流水长虫了。。。保质期没这么短吧？	1.声音效果粗糙 2.机器本身以及屏幕爱吸尘 3.自带的vista home 不实用
照相、声音都很不错的机子功能齐全容易上手	超级超级满意！！！！很有气质呢，我们办公室的同事都说好看，还问我要了链接，照片就不付了，进来的朋友可以放心选择，是个良心卖家呢	不错，朋友都说性价比高，又买了条给表弟	感觉没商场里买的好用 洗完头发不清爽 还很多头皮屑
花花公子旗舰店    值得信赖。要是不掉色就更好了	换个马甲就以为消费者不认识啦？ 凸凸 哥们儿是从小蒙牛喝多了吧··· 回覆 这话你自己信么？ 回复 新蒙牛，新变化。http:t.cn/zWBhkvl	我只想说，京东真**的有点坑人啊，小果一个个小的要命，上周刚从烟台回来，这果在烟台顶天也就卖*	我呵呵，京东真够垃圾的京东真够垃圾的京东真够垃圾的京东真够垃圾的京东真够垃圾的京东真够垃圾的京东真够垃圾的京东真够垃圾的京东真够垃圾的
是第二次入住，因为离客户很近，图个方便。先说第一次的入住，空调不冷搞得房间像桑拿房一样，我把它归类为运气问题，略过不计，可是网络速度慢到只能用不可思议来形容。中国电信的宽频服务在这个酒店居然速度比拨号上网还慢，我算是开了眼界。再说第二次，从checkin开始，就让我决定了不会再来这个酒店住第三次，前台那个男员工，吊儿郎当不说，再加上一副爱理不理的腔调，问三句话还只勉强回了几个字，我想，那搞不好是老板的儿子，要不然我还真想不出酒店用这种员工的原因何在。早餐烹饪区的厨师也是不知道怎么教育的，老是躲来躲去，想下一碗面，站了半天硬是见不到人，后面服务台的小姐索性也装作没看到我，估计是希望多一事不如少一事吧。房间设备这次倒是正常了。想赶走一个客人就是这么轻而易举的事。没办法发现或管理好不适用的员工，那是酒店管理的问题了。我只能说，如果贵酒店觉得自己根本就不想做个四星级酒店，那我为了我的吹毛求疵道歉。也对绝大多数兢兢业业的员工表示歉意。	平时也不怎么用，刚买第20天就出现阴阳屏了，打客服电话说是等专业人员答复，说是正常7天退15天换，意思就是我是能修了呗！我这个心呐！！！真是京东如新闻所说吗？等他们售后答复后继续评价！	wifi版的网上不能查真伪，只能去网点查，真是浪费时间，服务做的真差。问客服有没有办法，客服说我们的产品是依法提供三包服务的，如果不相信我们的信誉，请考虑购买通话版或退货。看到这个我就醉了，法律都不能保证没有假货，不要说信誉了，唉～～	拿到快递时，就闻到味道了，打开一看，果不其然，漏了，第一次在京东购物，给差评，不是东西不好，是快递不负责，京东自营哦
买这本《穿越泰姬陵》是因为我非常喜欢泰姬陵，记得上小学的时候，第一次看见美术书中的泰姬陵图片就喜欢上了，真是一见钟情式的喜爱。虽然不知道它是在什么背景下建成的，但是却单纯的喜欢着，希望有一日能去亚格拉目睹它的风采。这本书，没有我想象中的好，但也还是不错的。因为从书中我了解了以往所不知道的内容，能增长知识。早就想看有关泰姬陵的穿越文，如今这个愿望实现了，真好。	我觉得这本书写的相当的真实，相当的感人，用看似平淡的语言，简简单单的话语，就将有关母亲的所有细节都描写的清清楚楚。用完美的文字表达了作者对母亲的那份挚爱与眷恋。虽然文章看起来很平淡，但是，说实话，我真的被感动了！！树欲静而风不止，子欲孝而亲不待，抓紧时间孝敬我们自己的父母吧！！！！	不买蒙牛很久了	太恐怖了……太恶心了……誓死不喝蒙牛了…… 消费者喝蒙牛牛奶喝出活虫子 (来自 http:t.cn/zWk74O6
划算。继续支持京东。好用啊！	挂的是三星的牌牌，但室内、用具、环境及性价比还是差太多，现在可能是哈市的旅游旺季，因为是冰雪的季节吗？房间内有股汗味让人实在受不了！	手机电池不耐用，带机一天都不行！！	差，连基本的耳机，都没有
老客户了多次购买果虽小但是脆甜可口偶尔有个别不怎么好	入住这个酒店，应该算是被携程给误导了，把它放在了第一选择位置。如果酒店介绍加上一条说明“紧邻坟场”，估计生意全没了。丽悦（还有丽都）真该好好感谢携程。	这泥@马包装！没谁了	太无语了，基本每个苹果都有烂掉一块，吃的很难受
好评，父亲节送给老爸的，老爸高兴就好	质量很好，没有色差	4月28日晚上1点多到酒店的，预定了一间商务我大床房，携程网站写明有免费宽带的，结果我在房间找了20多分钟，没找到网线，连网络接口都没有，只好打电话给总台，告诉我说，八楼在调试，禁止上网（当时给我的房间是6楼的），可以给我换房，因为要上网处理一些事务，无奈拿着行李到总台换房，又告知没有大床房了，只有标准间，价格和我预定的价格一样，因为太晚到酒店，自己也不好意思，所以没有理论，只好住了标准间。我有几点疑问：1。酒店深更半夜调试什么东东，而且8楼调试，6楼还不让上网？2。既然是调试，，暂时不能上网，为什么房间里没有网络接口？3如果总台早就知道这个情况，为什么我入住的时候不告诉我，非要等到我打电话的时候才说？4为什么第2天在6楼会议室开会的时候，又可以上网了？如果酒店连夜调试好了（虽然不知道调试什么东东），那他们的员工还真值得表扬！5为什么酒店前台总有那么多业务不熟悉的实习生在为我们服务？	晚上九十点到的酒店 被告知团购的不能用 于是在去哪儿网上定房 前台妹子服务质量超级差 我去的时候还在跟航空公司的空乘人员吵架 还重复收取我房费！收了我两个380元
商品已经收到了，泵头是不是很容易开！为什么会泵开！是不是正品啊？	以前都是在超市买清扬，从来没有头屑。这次在京东买的套装为什么头屑越洗越多。	同样的牌子，同样的类型，为什么这次买的好差，还一下买了两瓶，不知道能不能用来洗衣服，不然只能丢了	口感太差，个又小，真有损潘的品牌
物流挺快的，质量也挺好，和卖家描述的一样，好评，推荐给大家	这套书买的时候还担心宝宝读是不是有点儿科了，到家以后发觉故事很简单，宝宝易接受，还能从中学到很多知识点，现在垚垚通过这套书，知道：1  什么动物夜间活动，还有各种动物睡觉的姿势2  大象平时喜欢做什么，小蚂蚁在要下雨前要做什么3  蛐蛐是用什么发出声音的4  壁虎的尾巴断了还会长出来，还有什么动物会为了保护自己而丢掉身上什么部位5  云是怎么样形成的，为什么会消失总体下来，这套书真的很不错	太卡了 我就玩个手游真的是太卡了 真卡 玩游戏还是不要买了	前台服务员太坑人！入住的时候告诉我们可以送迪士尼！第二天早晨下来时候接近六点让我们去门口等！六点半的车！六点半的时候告诉我们预约了吗？我真的非常生气！害我们等了半个小时到最后还不承认
硬盘没有分区，VISTA太慢 好像我 的 本本也是左边比右边的 温度要高一些，但是还能接受	不太好 不要去了	"缺点:总是不明原因的死机,有时运行程序也不能正常进入,需要重新开机才能正常进入,手机反修率很高,我上星期去修的时候,同时有好几台都来修,都是因为软件的原因,不稳定，我的建议还是不要买这款手机,估计在设计上就有问题,缺陷!"	垃圾，尺码严重不符
华为反应快，不比mini差，值了！！！	一次性买了好多囤货，价格划算，服务到位物流快捷虽然是618，但是在京东各个领导的带领下，货物还是得准确到达，感谢京东的支持，以后还是会继续支持继续购买，相信京东会给我们带来更多的惊喜，谢谢再见。	华为值得信赖物超所值给儿子买的儿子高兴坏了	今天我用吸马桶的棒子买了一个我喜欢吃的蒙牛大果粒。。。好有乐趣啊。。。吸着它走了。。。
买买买，昨天趁促销买了很多洗发露，护肤品，家里快变京东仓库了，当然购物少不]蒙牛红枣味早餐奶，特伦苏小女儿最喜欢，大女儿就喜欢伊利味道够清，京东购物，快，放心	这次的苹果不甜，没有水分，还有坏的！	包装差，连泡沫都不放，直接放在一个纸盒子里！	在呼吸灯的上方，竟让有磕碰，都磕掉原漆了，我真的很点背～～买了两次手机都是二手机～
买给老妈和妹妹看电子书玩游戏用的?8.4寸挺过瘾。就是拍的时候保护套居然没送，哪怕你没货，发别的颜色也行啊，这也太那啥了。京东跟*就差在这	商品没问题！就是京东预定说是1-6天发货，可实际等了10天左右！其实等等也没关系，可是你京东6天发不了货，就别写1-6天可以发货！希望以后可以改进！	潮州迎宾馆确实装修了，不过里面还是那样，隔音效果差，旁边有人开门洗澡听得一清二楚，半夜尽然有老鼠在空调出风口捣乱，另外，房间送餐服务及其差劲，不按餐牌送餐和划价，建议出去吃	苹果不敢恭维，真的不咋的，一颗星是给快递小哥的！苹果个头也太小了吧！
这是一次很愉快的购物经历，裤子的质量也很好，很适合他，快递很快，客服服务态度也很好，有需要会再来的～。	京东618活动买的，价格非常给力。就是送的慢了些。	感觉还不错，我一次买了两条，大小很合适	装修很旧，电视机还是显像管的，房价也不便宜，根本达不到4星标准。
这平板性价比还是不错的，一般使用没有什么问题，做工很精致的，触摸和清晰度都满意，电力耐用。	12个，没有磕碰的，都挺好，果子有点小，自己吃完全没问题，送人品相差点，口感也不错的，满分	"我是前天下午把这个心怡好久的爱机带回宿舍的。当时在店里试用了好久,发短信,打电话,仔细检查好几遍，最后选了黑色的拿了回来。拿回来后先把手机的自带铃声听了一遍,感觉就一个字,爽！很有震撼力，尤其推荐""新音乐""这个铃声，抬头率保证100%，嘿嘿……下载的铃声想当作来电铃声时要从""文件夹-下载-铃声""里找到你的铃声然后在菜单里选择""保存到铃声""就可以了。然后，拍个写真，个人感觉它的照相功能不错,当时我挑手机的时候和康佳A28对比了一下,A28只有两层调节,而且变焦后效果模糊不清,惨不忍睹！而我们的TP700有10层调焦,放大到最大也没有明显的模糊,实在难得，而录像功能毕竟不是手机的强项。"	M3视频音效都很好，第一次给京东差评，已支付的订单上写明了送钢化膜，结果第二天订单变成无赠品了，客服解释说抢购没成功，不想送就不要放在在商品页吧，没必要这么骗人
ＭＰ３超大声～～声压４方～～～外屏可以看信息～～还可以回设定的信息～～	我共买了7本，大多书的纸质很差，很轻，像盗版，希望管理员能标明纸的质量，如果下次再发现这个问题退货。。	"反应慢的像猪,彩信容量小,上网速度慢"	差评什么骆驼，做工也太差了
产品刚拿到，一看包装很好，拆开后拿去洗头，很顺滑，而且快递员服务态度很好，赞?	"还不错, 房间很大,装修家居都很好,唯一不足没订到海景房间,好像很抢手的说"	撒了收到。包装太简单	环境很脏，不干净，床单好象很久没换过，破旧不堪
挺好吃的，不错。还是有点贵，就贴了个商标。	这次的苹果比之前的都贵些，但口感没之前的好！	跟朋友买的，没选好码数偏大一码	质量一般般，价格再底点就好了
性价比很高的一款，配置不错，做开发变成都够用的，而且加上了送的内存，机器很快哟，钢琴漆的表面也是我的最爱	好好好，很新鲜，没有一个坏果，以后买水果可以转到京东买了，楼下百果园太贵了	质量太差了！穿不到一天就破了！气死我了！建议别买！	这次在京东上买手机是最大的错误，买个手机寄给父母，用了两天手机有问题，父母寄给我再去申请售后，时间超过了七天，只能维修或换货，中间联系京东的人都转了好几次电话才知道怎么解决，好不容易把手机寄回去换货，今天收到的手机还没开始检查质量，充电器这次又漏放了，以后绝对不会在京东上买手机，希望大家也谨慎考虑，手机不行，服务找不到人，真不知道这上面百分之96的好评是怎么来的。
屏幕挺大的，拍的照片也清晰，机子也够薄，摸起来手感也还可以。单说2000元以下的机子能配到130万像素的可是不多，刚刚搞了一部用，呵呵，感觉超不错	质量不错，促销装，再用券，实惠。	618买了两套 大概就是65左右一套很超值！还送梳子，不过不耐热！	64和弦，1.8寸26万色TFT，1.3寸LCD，WAP1.2.1，红外，联想输入法，
裤已经收到了，很不错，很柔软，已经试穿了一下，大小刚刚好，颜色也很正。	质量不错，款式很喜欢，发货快，包装很好	收到水果已经冻了，还有冰，化了切开后冻的地方是坏的，两个都切去了一半，省了两个半拉，还特别酸，最差的一次网购水果。	假货，牌子都是贴上去的，对京东失去信心了，就是这么欺骗消费者的，一百多买俩假洗发水用，洗完头皮还痒，味道特别恶心人，售后特别不负责任，你说是正品，当我没用过正品沙宣吗？你们这种掩耳盗铃，不负责任的态度居然还能干售后，干客服，以后坚决不会再买京东自营的东西了，**，真的一颗星都不想给，祝京东这卖假货的网站早日倒闭破产，不要再欺骗消费者，不要让假货横行，不要让人们对网购失去信任，你们也就干这一锤子，买了两次假货，谁还会买第三次，京东你们这样透支消费者信任，是在砸自己招牌，断自己后路，抵制京东自营，抵制假货！
每次去都是住这家酒店， 决定环境很棒， 服务也非常到位， 性价比不错， 而且经常会有意外惊喜的upgrade!	外观很漂亮，比较轻，，这样的价格能买到这种性能和配置的本本，已经很不错了	自己买了个，帮别代买2个，反应快，就是大了点，偶有视频播放不出的情况，但耐摔。	质量还好，主要看洗了会不会变形。
好评，通话荣耀平板T1-823L，移动、联通通讯。好评，创建文明，感恩有你。	支持国产，想买大朋友赶紧下单	酒店位置还不错，附近就有不少饭店。由于是单行道车子只能停在酒店的后门，到前台要走点路，这点不是很方便。酒店的门童如同虚设既不会帮客人开门，更不要说帮客人拿行李了。前台态度也不好，对客人爱理不理的。房间设施一般，网速不仅慢还会经常断网。	要不是离机场近，房间还干净，这种服务态度这辈子都不想再住
去年孩子刚上学，当时小学里安排了教育专家给家长上课，讲怎么培训好孩子。其中老师提到一条，注意培养孩子的观察能力，也提出一些相关的小游戏。之后，发现这类大搜寻的书对培养孩子的观察能力非常有利，而且书内的图文精美，孩子也非常喜欢。这套书每本书都有一个主题，在培养孩子观察力的同时还能增长相关的见闻和知识。大力推荐一下！	好吃好吃好吃。    物流速度，独立包装，防止果子损坏。    价格便宜。	外部环境不错，内部环境有点差	不怎么样，没有塑封。
我为国外客户预订了三个房间，其中一个客人住过该酒店，虽然酒店设施都有不同层次的提高，但他提出服务水平已经不如一年以前，评定：硬件4星，服务3星	不是加厚款的，上当了。	物流差，本来第二天可以送达，物流把订单完成了，可商品却没到。	真心讲 不怎么样 拿到第一天就卡的要死 真的很卡很卡很卡！
"挺好的，穿1,2个冬天还是没问题的"	待机时间短，又常死关机。	我付款已第三天，至今未收到货！由于点错了，才进到这个介面的。无奈中！！！	当时下了单，没过一会申请退单，骗人说钱立马到帐，说订单己取消，订单钱没立马到帐，还继续发了货，这不是强买吗？这什么服务态度，再也不相信京东。?
这款机买了很长时间了，最让我开心的就是它的输入法联想功能。很合理、很丰富，还有词组联想，有时候还能联想出相应的标点符号，省了我不少时间呢。而且红外线兼容性也很好，传输速度很快的	这个牌子我经常用 第一次在京东上买 不知如何 用了在来评价	不知道我英语太菜，还是的确有缺漏，书翻开的头几页，有一个句子，好像是错的	面料非常的差，五十块就值
味道不错，口感好，孩子喜欢吃，京东的送货非常及时。	看着不错，老婆很喜欢赞一个	你至于我为什么要说这句话。就是因为我话说少了京东上不给我金豆。在京东上买了好多东西，从来没有晒图评论过。这次不知道为什么，可能喝酒多啦，上来就说了几句话。	一股异味扑鼻而来！外包装那层泡沫实在太臭了！没有坏果，不够甜。
汇特蒙牛还是很不错的哈～下次还来@jing忘忧草	地理位置不错，房间环境也可以，洗衣速度快，值得称赞，唯一不足就是装修期间，很多楼层乱乱的。	开始还担心其他评论上的问题。结果到货看到包装什么的还是比较满意的就是。 箱子密封不彻底胶带被剪开过 不过东西没问题。就是不知道以后怎么样。玩了一上午王者农药。后来哪些7p都感觉好小	买了5kg，发了两箱货，目前只开了第一箱，里边共9个苹果，吃了5个有2个是烂的，不是外边烂，是从苹果核往外烂，差评~~
散热好..样子帅..性能也不错.造型有商务风格。小红点不错 一直用它呵呵.还有原装鼠手感很好..	去丽江住此酒店不错，整体环境非常好。交通便利，性价比适中，物以所值。无论是公费商务，还是自助旅游，建议到丽江的朋友选择该酒店。补充点评 2008年3月24日 ： 风格别致，由很多院落构成，相当的安静．不像别的酒店是大院构成，噪声很大。	总体感觉很不错，酒店的地理位置很好，出行很方便，而且对面就是市政府，景观效果很好，房间面积也很大床很舒服，整个房间给人的感觉很干净、舒适，最值得一提的是酒店的服务，每个服务人员都让人觉得很亲切，因为我带个小孩子，吃早餐时服务人员对我们的照顾更是无微不至，真的很感动，下次来威海我还会选择该酒店，不错不错补充点评 2007年9月9日 ： 还得补充一点，退房时相机落房间了，服务员能及时送还，值得表扬	还可以，不过买完过几天就降了几十块钱，感觉有点亏，这款这个价格性价比算可以了，只是画质没有期待的那么清晰，有待提高。音质，连接家里的蓝牙音响放出来挺好的，单放就一般，自带的应用市场里有些APP找不到，比如说王者荣耀…，浏览器上搜索也可以下。内存再大点就好了！
暂时没什么问题，安装费也很公道	酒店离观全街很近，整体环境很有苏州小桥流水人家的风味，酒店内部环境幽静，园林式的花园就像住在古代大富人家的感觉，就是房间的面积很小，卫生间更小， 床是大床但也比一般酒店的标准尺寸小一些。	回复 下次要买真正的蒙大牛酸酸乳了感谢支持蒙牛(可这图片..)	没看清楚，洗发水是500ml的，比平时用的750ml的小很多，感觉不怎么合算，也不高兴退了
特意用后才评论，很好用，应该是正品	昨天用了之后同学们都说头发好香?(? ? ??)而且抹了护发素之后头发真的超舒服(? ? ?)快递员小哥态度也很好嘿嘿嘿（*＾ワ＾*）	交道便利，近民航售票处，房间大整洁，但早餐实在一般。	1.SATA的问题，经过发狂后。认为装XP前要改硬盘模式为：IDE-Native. 这样就不会出现黑屏的问题。 我在AHCI模式下也装上了XP，但是装驱动的时候一直黑屏。
可以说这是我看过的最好的一本有关孩子教育的书，关键是教会父母们改变了一些心态和观念，比如说“不管是是最好的管”，“拒绝惩罚作业”等。作者不愧是一位教育心理专家，可以从孩子心理的角度来思考和处理问题，让我信服。一口气读完，还想一读再读。推荐给国家教育部领导们读一读，也许对中国高考（现如今的科举制度）改革能有一些启发。	收到，给老爸买的。希望他老人家越老越可爱	这是什么西柚？整个苦涩的味道！怎么吃啊？	态度超级不好 买完东西退货不能还原 ！很恶心
一下子囤货囤了好多，主要就是便宜。另外也是我喜欢的品牌。送到的时候还凉嗖嗖的，服务挺好	到目前为止感觉买对了，到货一看比期待的好。外观设计进步，不像以前的华为那么乡土气了，简约大方，做工在国产机中算比较细，屏幕和苹果清晰度相当，不过宽屏幕在看电影时会比苹果mini更大屏！声音比苹果可牛多了，是立体声哒！emui系统和小米的miui系统一样都是超级超级好用！缺点拍照像素低，但是我一般不用，主要是买给老妈看微信用的。	特别特别好 快递不错	像素不好，下载软件也不行
收到后还没有使用，比超市便宜不少，听说效果不错	衣服看着还可以，还没有穿。特别是快递小哥服务热情很不错，大冷天的送快递辛苦了.	果还行，物流绝对差评，生鲜水果居然用什么韵达，包装再好也顶不住物流的暴力运输，收到后发现有三个烂果，太失望了	很垃圾，穿一天就有很多小斑点
第二次买套餐了，这次没有送的小瓶装的护发素，东西挺好的	给朋友买的，肉疼，肉疼	"房间小,风格老.特别是服务糟糕.我是3月初住的,当时房间空调吹冷风,跟服务员反映三次都没任何效果,管他们要被子也没有,差点把我冻感冒.本来是订的三天,结果第二天一起床就""落荒而逃"",去了五华.性价比太差.相比下五华好得多,同样的价格房子大了一半不止,而且风格很家庭化,特别是我住的是拐角处的房间,大弧度的落地玻璃将芙蓉路与河西景点应收眼底."	在当当买书无数，唯此书最垃圾，样样数百页，有用者不过三两页，愤怒之情无法用语言来表达
清扬 !冠军表现 无屑可击 !非常喜欢 洗洗人都自信了很多!还有赠品	目前没 使用。没发现有点，看 起来不 错 ，第 一次从本店买 东西，发货很 及时，没发现什么 质量问题，在买个 无线路由，用用在 谈感受	基本可以说上是完美	说送的也没送了，我买了两个都没送
1.散热好，非常好 2.屏幕很亮很清楚 3.觉得键盘也不错 4.摄像头非常清楚 5.最重要的一点，性价比高	货不对版质量非常差衣服很薄很薄。。。。。。。	这是最差的一次购物，存在着严重的欺骗行为，电脑的质量没的说，华为的客服咱就别提啦，好在我打了京东客服电话最后才解决问题，素质有待提高呀	这质量，这布料，我只能说在也不想在网上买东西了，太假啦，根本不值***我都不想要。?
给男朋友买的，质量不错，用这个钱买太划算了，去实体店得一百多呢，给好评，希望店家生意兴隆，快递服务也不错哦。	蒙牛这次的活动非常有创意点滴幸福美好瞬间感染了偶‘瘦小’滴心灵	蒙牛真的很敬业啊 2月30号还加班加点！	地摊*，一水的衣服，当时就要求退款了，还是给发过来了。
外观厚重，很有IBM早期的感觉，个人感觉外观男女通用的啦，很沉稳。 性能很好。配置实在。最主要的是价格实惠。一般上网用用没问题了。 发货很快，昨天12点发货，今早8点到了。快递人员和我的京东客户经理服务都不错。	很好，使用很流畅，没感觉有任何不便。	环境还行。服务质量不高～～前台接待员缺乏礼貌用语， 行李没有服务员运送，也没有导行的服务员。 进了酒店要自己做所有的事，包括找自己的房间。	不好用 好油啊 太失败了 灰灰
比华为商城还便宜?，支持京东!快递小哥很迅速，很敬业，点?	第一 散热一般。。。用了一会托腕处就发烫了?第二 液晶屏和主机部分的圆柱形转轴太粗了。。。影响整体美观。。。电源按键设计学的sony的本吧。。。第三 预装的系统太?了。。。	个头太小了，下次不买了，也不好吃	太少了！严重与图？不符！！！
手感好	瓶口坏了，漏了一下子洗发水	实物没有质量认证标，但是宣传页有，且无说明	便宜无好货，退都懒得退
感觉不错喔，实惠，各个角度都拍了，给亲们做个参考^_^^_^	服务值得褒奖，是见过的国营酒店里最好的，尤其是行政楼层长兴阁，贴心的服务，精致的点心，无线上网，免费的下午茶，感觉很惬意，尤其是服务员的素质，蔡雪妹妹的微笑实在让人难忘。大堂吧也不错。行政楼层1030一晚，含免费下午茶（长兴阁），每天免费洗烫4件衣服，免费享用4瓶小冰箱饮料，含早餐。性价比相当不错。好话说了这么多，批评一下：主楼和世纪楼的中餐厅真的很烂，据说是外包的，生意非常火，每天都是婚宴，要吃饭必须定位，否则排队吓死人。住了一个星期，两个中餐厅分别等到机会吃了一把，差点没被气晕过去。素质和环境和酒店本身相差太远，吵闹，难吃，奇贵无比，拿着红酒杯倒啤酒，拿着洋酒杯到红酒，厉害！服务员素质也不到位，和外面马路餐厅相当。酒店里两家中餐厅外包，天上人间也总会外包，都极差。日本料理店东西不新鲜，早餐每天都一样，只有鸡肉粥换成鱼片粥，呵呵，吃顿早饭吗，不用那么挑剔，也罢。4楼健身不错，很全，保健按摩很专业。总体来说，性价比不错，切记只选酒店自有的服务，准没错，外包的别再尝试了，只会影响心情。	"酒店大堂不错,房间设施也物有所值,服务员态度非常好"	本批次的苹果非常的差。烂心的。
很不错，这个套装挺实惠的，很大的两桶，够用一段时间了，旅行装很可爱	和地摊货差不多，多了个牌子，不知道是不是真的。	本子外观不错，可惜显示稍差，真心这个价位这样的显示效果，我只能说，太差	苹果都是坏的，有虫，有的直接就是焉的快干了，无语，基本上苹果都扔了。
"一直很喜欢林夕所写的歌词,有些歌是伴着我慢慢成长的,所以看到这本书就毫不犹豫的购买了.几年前由于个人的原因,有一段时期感到非常的迷茫和困惑,相交多年的一位朋友曾经一直在开导我,但是我好象对他所说的不是很理解的接受,几年后的今天,在这本书中,阅读到作者的一些似曾相识观点时,我的内心豁然开朗,之前的困惑终于解开,仿佛一股清凉的泉水注入心田,又仿佛是一支来自心灵深处的声音,让人产生共鸣."	酒店离码头太远，建议有班车接送，房间硬件还行，早餐较差。	"160-180业左右的业张全乱了,怎样退货."	坚决抵制蒙牛牛奶！！坚决抵制！宁愿去喝妇炎洁，也不去喝蒙牛！！大家都说我笨蛋，思前想后，为什么我以前很聪明，现在总被骂笨蛋。想来想去，是大学一直喝蒙牛！坚决抵制蒙牛，频繁出问题的牛一定是病牛！
还没用，看上去不错，实惠。效果用后追评	说实话购物不是很理想买来没开机就死机	蒙牛的优益c太坑爹了 淡的跟水一样还好意思卖7块钱。。。再也不买了	一直在屈臣氏买，第一次在京东买，想的是自营，没问题，可是是假货，味道不对，洗了头痒，听说京东的化妆品只有货到付款是80％的正品，在线都是30％的正品掺着卖，这是我的第一单京东，觉得我好欺负吧，店大欺客
内置的声音和视频文件播放效果很好，图像清晰，声音洪亮，总体来说满意。	这本书我是买来送给爸妈，听说很简单易学，所以给妈妈看，让他们了解一些基本的健身之道，这样我们在外面工作也会比较安心。妈妈正在学，听她说还不错。	收到了，包装仔细，日期新鲜，还没使用	小死了，根本都想象不到会有这幺小，感觉不值
生鲜一直在京东买，快递服务好，还把保鲜盒留下，说第二天再来取，信任京东	九寨沟喜来登国际大酒店是五星级大酒店，价格不菲，尽管携程的价格已经便宜了许多，但是的确有点名不副实。主要有以下几点让人不是很满意：1、酒店号称在九寨沟沟口，但实际上距离沟口还有一公里半的距离。只是喜来登的广告牌确实屹立在沟口位置。2、酒店的娱乐设施比较不好，桌球、电玩、网吧聚集一室，空气不好，而且设备也少，不过，喜来登的客人也不多，可能也用不到很多的设备吧。3、酒店的自助早餐价格还是很贵的，但是品种实在是很少。4、酒店的大床间的床真的是很大，居然是双床间的两张大床拼成的，床的宽度可想而知，半夜起来要爬半天才能摸到床灯。5、这个酒店给人的感觉就是贵，价格绝对是五星级的，但是其他方面也就跟好点的四星级宾馆差不多吧。而且酒店周围是完全找不到吃饭的地方的，荒芜一片，所以，这也要减点分吧。	福州是个很无趣很破旧的地方，还好有这家酒店，才让我能在福州呆了几天。酒店的服务很好，因为订的是豪华阁楼层，所以chick in和chick out就在楼层上办了，方便。早饭也是专门的楼层，就是品种太少。服务员都很热情。房间在五星级里算一般吧，还行。酒店的餐厅价格很适中，味道也还可以，推荐在酒店用餐，比外面的饭店有保障多了。这家酒店最值得推崇的，是他的服务。福州，实在太差，但幸亏有了香格里拉。	买了三个，吃了一个，不怎么甜，口感不好，隔了两天，其余两个全部坏掉了，这是什么道理，不新鲜，个头也不大很小，相当差劲的火龙果。
苹果特别好吃，特别脆，特别新鲜，味道特别甜，价格又便宜了，建议大家买	很划得来的一次购物，经常在京东这家店买洗发用品，信得过	各种励志，成功学的书汗牛充栋。自己多年以来也读了不少，后来干脆对于这种书敬而远之。因为，这种书中往往是自我催眠，各种雕虫小技，给人以智慧的实属凤毛麟角。但是郑老师的书，以佛教智慧贯穿，融合现代人的感受和困惑，帮助人转识成智，读后让人觉得内心温暖，同时又加强了智慧的判断力。台湾人的人文主义教育，传统文化的教育，对于人内心世界的关怀可能要比新富的大陆的更加进步一些。	还不错，布料还可以，腰也合适，就是裤脚长了点！！！
不错还好挺不错	东西蛮好的，只是安装人员的东西比较贵，材料太贵了。说是人工费不要的，其实比我自己叫安装人员，另外出人工费还要贵呢，一共200元安装材料费。占热水器价格的在分之一了。	比想象中小，80mm的这幺小，不敢想象70，75的会有多小。第一次买生鲜，感觉不太好	买三件送纯棉内裤一条，是假的最好别买
很好用 玩梦幻西游 光明大陆一点都不卡 很喜欢	感觉苹果包装很精美实用，也没有过度包装。味道，主要是味道，有的特被甜，有的普通甜，	地址位置可以，但是房间没有窗户，还是有点难受的；刚进去气味有点次不消，太闷了！ 介意的旅客就不必考虑了	唯一的优点是离机场近有免费往返酒店机场的班车，司机师傅非常好。但酒店本身真的不怎么样，卫生间卫生做得不好，放浴巾的架子都生锈了。设施老旧，床被不干。以后应该不会住了吧。
"送到很新鲜的，还是凉凉的，常温保存了两天也没坏，价格也实惠,非常不错，会回购。"	裤腿太细，穿不上	就买瓶洗发水一共用了7天！！！ 用京东这么久第一次这样评价的！	连个包装都没有，收到货一看共3瓶，两瓶都是开的，这都什么跟什么呀
质量不错，款式很好，老公很喜欢，穿起来帅气。	平板用了一段时间才来评论的，总体感觉不错，反应快，运行稳定，WIFI接收能力强，不玩游戏几乎不发热，音质和分辨率是亮点，和iPad各有千秋吧我认为。就是有一点，屏幕亮度有点高，暗环境下有些刺眼。希望攻城狮后续优化改进。	"早餐份量很足,四个人吃两个人的份量都吃不完!!!"	差评是给京东的，买个手机用了1个月2天，抢购，预售，抢了买了就是不发货，买个手机都可以拍一部叠荡起伏的连续剧了，不管搞什么活动买了你们的货，就该发货，买了不发货只能对相信你们的忠实客户是一种期骗，叫我们什样相信你。
地理位置好，主要是韩国人入住，早餐韩式的，房间比较干净，洗手间很小。	比超市里买的优惠，这次买的还没有使用，京东物流很给力，我是郊区的，物流能送到家门口。超级赞	覺得很失望.這本書這麼火.可是並非我想要的內容.作者是博客出身.怎麼寫都是他的自由.但是出版成書就應該章節嚴謹.出處博引.不然怎對得起讀者?看在我眼裡.只能想到這個評語--有寫小說的欲望.沒有寫歷史的本事1.朱元璋的人生中.劉基跟胡惟庸是多麼重要的角色.但在本書中.所謂足智多謀的劉基.作者只寫到所謂安丰之戰.而且還只是劉基規勸朱元璋不要攻打的兩句話.這樣就可以定位劉基的神機妙算了嗎?其他的戰役呢.其他的權謀呢.劉基的角色何在?胡惟庸寫的比較多.但是他的惡形惡狀呢.他的權謀運用呢?都是一筆帶過.比起他對戰爭場面的描述.那真是小巫見大巫了2.作者的強項顯然是戰爭場面與部份小故事.雖然還引用古文.還幫我們翻譯.但我覺得大方向沒定好.重要主角群配置份量沒抓好.很多事件只是輕輕一筆.可見參考文獻的不足3.寫作的語氣當然可以是作者自身的風格.作者用現代流行語重新演譯了亂哄哄的明史.但是作者屢屢試圖以第一人稱做心情描述.卻煽情且花費了大篇章..只能說..他下一部書應該是小說吧	非常失望，定了一周第二天就换了酒店，是个康体中心，房间设施最多也就是个2星的标准，却要498。真是奇怪，携程还有这样的酒店。晚上9点到酒店，黑乎乎的一片，以为是出租车把我送错了地方。
外观还是比较漂亮大方的，价格也很公道。DDR3的内存，领先不少台式机。	到货很快… 个头很匀称… 苹果很甜	换一XP居然200块  敲诈嘛？？ 而且没分盘  还说外国人都只使一C盘  用着很是奇怪???	有一个最大的是坏的，太苦了！还太厚了，拨完皮就特小一个！还全扔了
宝贝收到就用了，效果不错，很满意，用完还会再来的，物流超快，上午下单下午就到了，给店家点个赞	还没用过沙宣这个牌子的产品。很实惠的套装，够家里用上一段时间了给的赠品也不少。	先看的＜相亲以后＞，以为是风格很一致的作品，没想到气质上还是有很大的不同，估计因为都是女性视角的小说，才把它们归到一个系列．相亲我非常喜欢，因为故事更加有趣，语言更幽默，里面展示的状态更令我好奇和向往．而＜大爱晚成＞有一种大家闺秀的感觉，很矜持，很凝重，很高雅．但两部小说共同的特点都是故事的可读性很好，让人能够轻松的阅读．	"我住过南京所有的五星酒店,选来选去还是这家(曾经的香格里拉).无论是硬件设施还是服务,都很无可挑剔...如果说缺点,就是房价很贵了,呵呵,但愿携程能谈下更优惠的房价啊."
买的时候刚好赶上618活动，降价了。988买的，东西真心不错，好用！	这个大小感觉刚好，刚拿到的时候房卡进去没显示出来我以为有什么问题。然后我发现问题是我没有关机就把卡放进去了才没显示出来。客服也挺好的	这款苹果不错，就是价格高了一点	不是本人用，不过用的人没反馈不好，应该还可以吧。
这是时隔两年第二次入住这个宾馆了。环境依旧很好，第一次和朋友入住时一致认为很灵，第二次陪老妈，老妈也认为很灵。早餐比两年前有进步，但就四星来说仍有不足。相信会再次拜访这里，因为优美的环境。	于丹视而不见《论语》里的许多糟粕，把它吹捧成了指导人生的宝典但不能不承认好的一面说的也有些道理	离机场近，有免费巴士接送，有wifi。但房间隔音很差且住客都是赶飞机的，从临晨开始就不停有开关门声，拖行李声，大声喧哗声。另外我们订的是无烟房，前一天还打了电话确认我们要的是无烟房，但当天晚上到时却被告知无烟房没有了.	实在太磕碜，条件太差，不值这个价钱
酒店环境不错，地理位置很好。设施不算旧，还有一个小院子。早餐18一位，粥 糕点 咸菜 样式还算多。唯一不好的是服务员的态度太差了！！！	衣服有一股怪味 感觉不是纯棉的	电池太不经用了，一天都用不上	狗屎 一样的选择，连续买了3次生鲜，真的要放弃对京东的希望了。
1. “OK”按键手感一般2.屏幕在强光下显示效果一般3.拍摄的照片不能作墙纸使用4.外观设计无新意5.不支持红外和蓝牙	第一次从网上买水果，真是醉了，这种成色的水果在超市里我连看都不看，真是糟糕的体验	6月18日下午3点多下的订单，6月22日才收到，先不说物流时间太长的问题，收到快递打开一看，三个火龙果有两个已经烂了，另外一个也是干干的，有一头还张了白毛毛的东西..这是第一次在京东超市买水果也是最后一次。从来不给差评的我这次真的没办法不给。	商品还行但京东把我帐号弄成什么优惠券都不让领，这个1星是给京东的，
之前买过好多箱了，这次又来买，皮装稍微没那么好看，希望好吃吧，也不是特别大。	房间很干净。餐厅饭菜一般般。可惜没有独立的沙滩，需要步行一段路才能到海边。补充点评 2007年12月13日 ： 价格比较实惠。	豪华阁的客房和普通客房差距较大，普通客房都显得比较陈旧，经常听说外国客人遇到房间免费升级，中国人倒是没有遇到过！	这个衣服质量太差，比地摊上*的还差，特别是松紧布的衣袖质量极差。
商家推荐的尺寸很合身，相当实惠 发货速度也很快	不是特别大也不是特别小 总的来说还不错 没有耳机 数据线充电器都有的 个人感觉耗电比较快 物流配送服务很棒 很快也很专业 目前没有什么大的问题 后期再来补评价	"因为工作关系,每个月都会去住.在金华市区400左右是最好的选择."	坦率地说，我认为云天海湾酒店在面积上有欺诈行为。酒店广告说，标准间B面积为33-37平方米，标准间A为44-47平方米，但7月17日我预订并入住了2号楼1102标准间A，服务员称面积只有30多平方米，后来到楼下售楼处咨询，售楼人员证明，此户型属于G2，37平方米，全价20万左右，购房后每年返还7200元。很明显是广告上说的标准间B，但酒店却以之冒充标准间A，很显然完全没有丝毫诚意。虽然标准间AB价格相差不大，但这样的把戏足可以显示酒店管理者的素质，因此我希望大家在选择时一定要慎而又慎，不要上酒店管理者的当！！！在查看点评时，我发现其他人也反映过类似情况，足在这种以次充好，欺诈消费者的行为，酒店已经不是第一次了！补充点评 2008年7月19日 ： 强烈要求酒店对这种面积欺诈行为向全体携程消费者做出解释，并退还相应多收房款！
1 有品牌优势，做工细致 2 CPU散热好，声音小 3 USB接口左右均有，设计较合理 4 键盘较舒适 5 附送1G内存，售后不错，帮我安的内存条，安上后用VISTA系统快了不少	已经在使用了从5.26开始就读了《端午节的故事》开始小傢伙并不喜欢呢后来慢慢引导，孩子会针对每本书后面的“换一种方式看看”的小图片进行“看图说话”还是很有收获的！虽然孩子并没有表现出巨大的兴趣但我觉得这种文化是需要一个长期的接触，才能称之传承我不急哟~~再说孩子对这本书表现出“看图说话”已与其它的阅读书目不同了！书好，我的引导更好！呵呵~~	还不错！只是收到价格就降了。	效果一般般，味道跟商场的不一样，使用后没啥效果，感觉买到假的啦
性价比高，用券后3199入手，装系统听说麻烦直接拿到电脑城里装，20块搞定，不过好像有个亮点。	华为(HUAWEI)M2 8.0英寸 平板电脑1920×1200 麒麟930 哈曼卡顿音效 3G/16G WiFi)月光银 ￥999 很好	各方面都好了 内附一张贴膜	"我是10月20日一家人入住的,北京五日游,从门童,柜台接待,餐厅服务,卫生,都比较温馨,热情,礼貌,给人一种宾至如归之感.入住,结帐都很及时,速度很快.到北京各景点交通很方便.周围的景点步行10分钟到达的有梅?"
吹风机太烂了，根本没法用	26号才给送到，当时没打开看，后来一打开发现所有的火龙果表皮都冻了，吃了两个，果肉还可以，第二天剩下的果肉全都发酸了，只能认倒霉了	太垃圾的衣服，	水果良莠不齐，一看就是为了凑数，也不甜。五花八门的水果，就这样欺骗消费者？
很好，爸爸很喜欢，就是太大了点！夏天没法放啊?	蒙牛客服太牛了……我刚发完一条带“蒙牛”的微博，就问我有什么能帮助的……佩服佩服……	买回来后当天试了试，因为出差一直没用，昨天才打开，过了换货期。电池不能充电，希望出厂时严把质量关，给顾客减少不必要的麻烦。	京东真是垃圾，拍完了马上就降价。以后在也不会买京东商城的东西
这话真有深意啊 珍爱生命远离蒙牛，远离纽崔莱	看着外观还可以 ，还要等几天再用。不知道效果好不好！京东自营的应该是正品哦！	很好很好很好很好很好很好很好很好很好很好很好很好很好很好很好很好很好很好很好很好很好很好很好很好很好很好很好很好很好很好很好很好很好很好很好很好很好很好很好很好很好很好很好很好很好很好很好很好很好很好很好很好很好很好很好很好很好很好很好很好很好很好很好很好很好很好很好很好很好很好很好很好很好很好很好很好很好很好很好很好很好很好很好很好很好很好很好很好很好很好很好很好很好很好很好很好很好很好很好很好很好很好很好很好很好很好很好很好很好很好很好很好很好很好很好很好很好很好很好很好很好很好很好很好很好很好很好很好很好很好很好很好很好很好很好很好很好很好很好很好很好很好很好很好很好很好很好很好很好很好很好很好很好很好很好很好很好很好很好很好很好很好很好很好很好很好很好很好很好很好很好很好很好很好很好很好很好很好很好很好很好很好很好很好很好很好很好很好很好很好很好很好很好很好很好很好很好很好很好很好很好很好很好很好很好很好很好很好很好很好很好很好很好很好很好很好很好很好很好很好很好很好很好很好很好很好很好很好很好很好很好很好很好很好很好很好很好很好很好很好很好很好很好很好很好很好很好很好很好很好	父母自驾去北海游玩，于2008-5-24晚入住该酒店，订的是豪华大床房！第二天下午就接到妈妈的电话，说这个酒店的“豪华房”简直不是为人准备的，是用来养鸟的，据她说整个“豪华间”面积大概不到15平米，尤其是卫生间，最多2个平米，实在无法舒适使用！于是第二天他们就换了宾馆，随便在市区内找一家只要100多，还送双早！此家宾馆唯一的优势就是离海不远，周边环境比较宁静，但是提醒要入住的朋友，一定要记得先看房间！！！
活动的时候，真的便宜到没朋友	一个星期两支蒙牛优益c，身体都健康滴	包装还很好，看起来很红很诱人，拿了两个准备去公司吃，就是有点小	这衣服质量没的说，垃圾。。。没怎么扯一下，一个痕迹，然后回不去了。。。
第二次买了，不过这一次的苹果个头大小有点不均匀，然后不是那么红，不知道好不好	对于第二天赶早机特方便，但服务员态度太差了！	啥呀，，虽说不是太值钱但这包装也太小了，，而且还什么也不带，我都差点以为没给充电器	很差，超市一块一斤的苹果，水果还是实体店的好。
是买给公司同事用的，轻便小巧，适合女孩子出差带。性价比较高。	是一款很不错的商务手机，功能多，虽然本人不是商业人士，很喜欢。	垃圾手机	袖口链接做工太差了，连接处的做工简直无法直视。衣服拉链看起来也很差，洗几次就会掉色，到时候更难看。早知道这样就不买了。看来还是不应该在网上买衣服。买都买了我也不想退换了懒得折腾，就当花钱买教训，下次坚决不在网上买衣服。
谢谢快递小哥，因为我的粗心把新换的手机号码留错了，给快递小哥带来不便，宝贝还是很喜欢的，高大上的感觉，还没用	说好24个，价钱没便宜，可是收到货只有23个，不知商家是故意的还是真的疏忽所致，另外苹果大部分都是小个，我想有九斤就不错了！	乱发货，俩个颜色同个尺码大小差一大截，买东西还是要买京东自己经营的。	差评因为刚买两天就送保护套和膜，坑他爹。白花几十块买膜和套
共三本。我女儿刚看了二本，生物和文明版。女儿特别喜欢生物版中关于恐龙和史前人类，刚拿到生物册，第一个晚上就讲了一个小时。现在她正在阅读文明册，对英法百年战争中的黑死病兴趣多多。就整个文明册而言，主要涉及的是世界的发展史，中国方面涉及的内容比较少。目前我只看到关于孔子、兵马俑及中国古代的一些知识，有点不过瘾。但图画不是很精美。我有一个朋友的孩子一看到科技册，直觉上认为画太难看。	1。我住的是靠马路的标准间。房间内设施简陋，并且的房间玻璃窗户外还有一层幕墙玻璃，而且不能打开，导致房间不能自然通风，采光不好。2。吃了三顿早餐，品种少得可怜。3。二楼餐厅被租出去了，价格特贵。原来订餐时告之房客可以打九折（房间服务指南里也明明白白写的，等到结帐时却告之海鲜和酒水是不能打折的，而且没有发票，找来经理才好不容易在第二天拿到发票。综合来说与四星级差距太大了！	苹果说实话 小 而且并不好吃 还5块多钱一斤 这个在我这直接1块一斤都不要 1份给包装	我要的是xxL发过来不一样的！一句话就是差
"非常喜欢夜上海的美景,尤其是流光十色的外滩夜景!上海曼哈顿商务酒店具外滩只有数百米,哈哈,真是意想不到的一转身就能饱览全上海最美的地方,一回头就能融入最繁华的南京路!"	酒店的交通不很方便，电梯特别慢，其余还是如家特色。	别人的退换货，干洗发的皱皱巴巴	买的29码给我32码什么玩意
"为孩子订购的此书,但我却先于孩子去阅读了.这部小说,如果说是儿童作品,也只是以儿童的口吻去记述了个人在法西斯蹂躏下的生存与抗争的历程.成人阅读此书,可以更多地从此书中感悟到战争对人类的摧残,还有生命的力量.儿童阅读此书,不仅会被故事情节所吸引,更重要的是从中会学到勇气与机智,善良与坚强.除了感谢作者,还要感谢本书的翻译者,如此生动与流畅的语言,让人有一口气读完的冲动与惊喜."	好象新装修过了，各方面都很好。可是原来一次性的刮胡子刀没有了，希望能继续提供。	第一次入住，觉得体验很差，酒店设计和迷宫似得，标示不清，看得出运营公司为了省钱，人也不愿多配几个，最后来回几次总算找到房间	我才买来四五天掉地上屏幕坏了 我申请退回去修 居然给我来个他们哪修不了 给我找个 附近的自己去修 但是给我找了个绍兴市的 但是我在诸暨市啊 真火 在网上买东西真的不靠谱 我以为在京东不会发生这种事 但是……唉
"房间设施不错,隔音也很好,是疲惫的我美美的睡了一觉,我已经很久没有睡的那么好了,服务也不错,我要的是送餐服务,由于忘了点咖啡,致使服务员跑了两次态度很好,房间的咖啡机不会使,说明的不清楚,总的来说还是不错的."	杀毒软件和office2007都是60天试用版 QQ里摄像头使用有点麻烦，要先在设置里更改视频设备为“USB视频设备” 六芯电池突出来有点多 硬盘震动稍稍大了一点 屏幕仰角过大的话容易翻过去	送的志美光驱做不了XP系统。电池后边有点松（X200都这样）装XP比较麻烦。	分辨率太低，触摸不灵敏，和小米平板2比起来差不多了吧
挺好用，一本书大小适合外出携带，只是包装里没有操作说明，让我这个第一次用平板的人上网查了好半天怎么才弄明白怎样才能退出当前应用程序。	一般般吧，这苹果说不上好吃，但也物有所值我是做活动买的，如果不是活动不建议买	搞活动买的，结果比平时买的贵	"此书质量不好,买回来一看书中出现断页146-179页,本来想马上送人的,结果因一本书还要全部退货,耽误我们的时间"
不好意思，刚才上传错了另一本书的评论，因为买了几十本书，搞混了。我和孩子都非常喜欢这个系列三本，还经常就内容在一起讨论，我还准备暑假带他做一些昆虫标本呢！	很好，很满意	就这个洗头膏还好么，什么破洗头膏就是垃圾	都烂了，像是放了很久的，非常不满意物流倒是很快，可是买回来也不能吃，非常非常不满意
头发洗着一点都不柔顺。	"物流速度太慢了,物流速度太慢了,物流速度太慢了,物流速度太慢了,物流速度太慢了,物流速度太慢了,物流速度太慢了,物流速度太慢了,物流速度太慢了,物流速度太慢了,物流速度太慢了,物流速度太慢了,物流速度太慢了,物流速度太慢了,物流速度太慢了,物流速度太慢了,物流速度太慢了,物流速度太慢了,物流速度太慢了,物流速度太慢了,物流速度太慢了,"	洗完半个月都没有头皮开始发红发痒 然后很多头皮屑 不知道是什么原因 之前没听过这个牌子 好差啊	个头跟网球一样，甚至更小，超失败的购物，不建议购买
还可以，关键价格超便宜，用京豆抵了*，拼单又少几元，那么几瓶才*！拿回家迫不及待的用了，使用起来和在超市买的一样！味道正宗，洗后头皮不痒，很清爽！	"如此高配置,声音这么小"	紧邻马路和高架，房间非常吵闹！严重影响休息。	很不满意，像穿过的口袋都是脏兮兮的熨衣服的痕迹很明显，无语了面料也不好
裤子质量确实不错，非常满意，而且裤子还有弹性，面料也不错。	物流相当的快啊，自我感觉樱花亲爽的用着舒服点，是正品的，趁着活动买的好多，感觉超级实惠，送跟亲戚朋友们一些，用着评价也很好，推荐给大家，一直信任京东！	位置比较好找。房间不大，设施略旧。	没给发票 买完就降价 咪咕直播为什么打不开给个解释
不错不错，真的很好用，老婆很喜欢，味道也不错，洗了之后头发很柔顺	用着很美，一直用的潘婷，这次3.8促销活动买的很划算，我刚用了才来评价，确实是正品，京东就是一如既往的好????’	每一本书的内容都不错，没有介绍的那么悲伤，人与动物的生死本就是一件自然的事情，只要在日常生活中给孩子慢慢讲讲就会接受的。我把其中的三本读给我不到4岁的孩子听，他听的很认真，对其中的内容很关注。故事的结构有些类同，但语言不错，图画也很好。只是美中不足的地方是有错字和漏字的现象，不能不说是一种遗憾。想想我们小时候看过的书，从来都没有错别字，让我怀念当时做学问的人的严谨。	"估计是中韩文化差异吧,老觉得看待问题角度差强人意,难以共鸣,纸张太粗糙"
趁京东活动时购买比超市便宜，还送货上门，多好啊。	好的商品。好的质量。赞赞赞赞赞赞	房间设施陈旧。但是服务水平不错，比较安静！	苹果总共24个，但大部分都很小，只有个别几个挺大，但有两个大的已经烂了，这是我第一次购买，以后不会再购买寻真的水果了。
支持华为，一如既往的好	回复 说到点上了 进口奶粉也没好玩意，蒙牛看了开心了。其实，只要蒙牛归国外控制，出问题公知们也会沉默！	写短信不方便，主要表现在在车公交车上时不能很方便的发短信，但是所有的手写手机都这样，不能扩充内存，内存太小，只能存10首歌曲。这就意味着MP3、MP4功能是多余的MP3播放不能后台运行，电池使用时间3天左右。手机备忘录只能输入40个汉字，80个英文字母。手机游戏太少，而且简单。	卖家太粗心，明明是加绒款，怎么到手的是单裤呢
裤子质量很好，颜色和图片一样没有色差 尺码很标准穿起来很舒服	买下这本书，是因为它唯美的名字，以及书后的张小娴，安妮宝贝等我喜欢的作者的话。这本书的故事还是比较吸引人，但是读完了的感动之余，我多少觉得它的情节有些老套，呵呵。不过对故事的主角孙嘉遇的刻画还是挺不错的，我挺喜欢他的，呵呵但是真正的感动和身在其中还是要看 《匆匆那年》和《山楂树之恋》！	不错，大小也合适，颜色也挺喜欢的	"这是一家性价比很好的饭店,是苏州闹中取静的一处福地.酒店有宽敞的停车场,绿地面积大,古木参天,绿草如茵.登上小山,还有可供游人休息的凉厅,山脚下流水淙淙.房间里布置典雅华丽,中式的且床头有古诗相伴而眠."
"酒店设施尚可,房间内镜子太多.携程的套餐包括送水果,还有巧克力,比较温馨. 服务一般,入住时前台试图诱导我买早餐,两大一小每天早餐440元,两天共计880元,另外冰箱里的东西可以随便吃,被我拒绝了!第二天就不再送水果巧克力了,连免费的两瓶水也不给了...酒店离九龙又一城步行约15分钟,旁边有个公园,但是离地铁远了点,需要做小巴,有时6元每人,有时3元每人,开得飞快很吓人,小孩同样费用,就是这点不满意,还是住得离地铁近些比较方便."	蒙牛真心不敢喝了啊 转发微博	对这次京东的配送员很失望，竟然把东西放在了我不知道的地方，要我自己去拿，很无语，配送员差评！	什么情况啊，都坏了，还要卖给我。差评，当时没注意，要不绝对不签收
裤子昨天就收到了，今天特意洗了一下才来评论。裤子质量不错，不掉色，结实。老公说穿着很舒服，没有线头问题。老公稍稍有点瘦，所以穿这个码是可以的。	"城市不错,房间也很好,很大的房间和床,就是前台服务不是很及时."	非常不满意，实在太差了，蓝色都掉	破手机 刚买的就卡成狗了 我说换成别的 客服总是有很多理由
非常好 一直信赖清扬 用了好多年的品牌了 年轻人必选	速度很快，东西也很划算，送货员态度很好......	洗了一次像旧裤子 都不想穿了 掉色厉害	真心不行，都蔫吧了还发货，也是醉了，有一个都软趴了，看图吧
来的很准时，感谢京东物流，这次靠谱了。苹果还未品尝，看个子不小，希望味道也能不错	东西包装很精美，送的东西也很实用！唯独缺点就是边框太宽，清晰度太山寨的感觉！华为这几年自己代表中国走向了世界！	就是京东降价太快。买的时候5199。没过几天居然4999了。直接损失200块钱。感觉本子像阉割过一样。分量很轻……	布料差的不能再差了，还不如地摊货30的那，真黑，
尺码正常，质量不错，颜色 也很正，很满意，实物比图片好看	夫学业在勤，故有锥股自厉；志于文也，则有申写郁滞。故宜从容率情，优柔适会。若销铄精胆，蹙迫和气，秉牍以驱龄，洒翰以伐性，岂圣贤之素心，会文之直理哉！    且夫思有利钝，时有通塞，沐则心覆，且或反常；神之方昏，再三愈黩。是以吐纳文艺，务在节宣，清和其心，调畅其气，烦而即舍，勿使壅滞，意得则舒怀以命笔，理伏则投笔以卷怀，逍遥以针劳，谈笑以药倦，常弄闲于才锋，贾馀于文勇，使刃发如新，腠理无滞，虽非胎息之万术，斯亦卫气之一方也。	离机场近而己，其它什么都没有	漏的一塌糊涂，而且是二手货，又像被踩过，果断退货。
收到后，包装完好。笔记本封条完好。 性价比很高，DVD驱动盘包含VISTA所有必备的驱动，方便。	"相对其他一线品牌价格低,配置也均衡,xp很容易装,跟普通装电脑没两量,给后来买的朋友一点建议吧,用深度的xp,按F2进入bois,设置光驱启动,这个懂吧/然后跟平时安装xp差不多,可能大家用ghost比较多,关于分区安装盘微软已经自带了,很方便,关键安装的光盘要带sata口的驱程,建议用深度6.2或者雨林,其他驱程网上很多,不行的话查ACER的tai wan网站,不懂的话PM我."	不好，太难闻了，假的	一个星都无才正对的，差差差！
房间很宽敞，很干净。处在闹市区，很方便，能看到整个城市也能看到一片海。我个人比较满意。	色彩比杂牌好多了，就是套餐里的膜太差了，撕开就像缺了一块	2006年4月21日，我在重庆市垫江县移动通信城花了2380.00元购买了飞利浦960手机，使用到五月八日就出现故障。原因是自动关机，于是，我于11日找到垫江县移动通信城销售商后他们就把我的手机发到重庆新瀚科技有限公司售后部进行维修，并更换了主版。5月16日垫江县移动通信城销售商通知我领回手机，使用不到两天再次故障，同样是自动关机，我于19日再次将手机交销售商维修。到目前也没有叫我去取手机，也没有给我一个答复，真是维修手机的时间比我使用的时间还长，买手机买出了麻烦。我试问飞利浦（上海）公司售后服务如此差吗？	质量不好刚买了1个月就开不开机还死机
介绍的教育方法非常的有操作性，像施展了魔法一样神奇。原来我的宝宝（4岁半）弹琴的时候很调皮，我很生气，而她也觉得委屈，后来就变得不肯弹琴了。用了这本书教的方法，现在我们两个都很愉快，她的进步也很大。家人看到我们俩写的纸条，笑得几乎走不动路：上面有她的三条办法：把琴扔掉，不弹琴，和乱弹琴。当然在我的引导下，她自己划掉了，只留下我的那条建议：每天弹一次，好好弹！	就是离机场近，其它都不好	个人觉得不值得一买。不喜欢这种乱糟糟的画法。喜欢这本书的，大多是单身生活的女子，与其说是喜欢这本书，不如说是喜欢作者传达出来的态度，是单身生活让大家产生了共鸣。	我能不能说下问题，请告诉我，这盖子是不是特么盖错了？怎么让我相信是真是假？就这样忽悠消费者吗？还特么动不动让我自己去打保洁服务电话查真伪！能不能给我解释下包装盒被雨淋了？
第一次在网上买水果，简直太棒了，每个苹果大小一致还很新鲜没有坏的，而且包装还很精美！下次还会光顾的，希望一往既如的好！	蒙牛鲜语奶茶新品上市，纯正奶源搭配地道红茶，不添加奶精 @蒙牛乳业	朋友说挺不错，这个质量还真的挺好，下次继续帮衬	电池  显示只能用四小时  喔第一次充了15小时的电还不行   还沉
裤子质量很好，穿上正好合适 很满意	价格偏高，且没有赠品。 运行vista有点慢，最好装个DOS好了，也可以降降价。	买回来给老公出差备用的，几乎没用过，听筒声音太杂，说话都听不见	穿着不舒服，不是棉的。尺码太小
穿着舒服。第二次购买这家的裤子了。以后继续。	"外观比较满意，显卡很好，总体性能还可以,冲着NBA版买的 不足： 散热时间长了不知道怎么样，还没有长时间用。附带光盘没有XP驱动，要自己下载比较麻烦 总结： 第一次在京东买笔记本，购物还是比较愉快的。如果送的联想运动背包也是NBA纪念版就完美了"	为什么要刷主板，导入代码证书才能装VISTA呢；USB口太少，而且插鼠标很不方便啊，用惯了倒也无所谓；电源插口很容易碰到啊，我就经常断电，55555555555	货到，大个火龙果裂开一个大口子已经有异味了，小个儿火龙果超级小。非常不满意再也不买了。
宝贝不错，与描述完全符合，下次还会再来买，好评五星	不知道怎么的，感觉不太会玩，应该是不太好用吧，唉。。。	和商场里的不一样 不是纯棉的 收到干干净净的快件 我特么开心屁了	为什么一打开就漏了，这是什么意思，产品难道是假冒伪劣，而且包装特简陋，还坏了
活动价秒杀入手的，送货很快，日期新鲜，用着放心	无论设施还是服务也就是快捷酒店，最多三星半的水准，收费却是五星。不会再住了	能不能这么坑。我要的是30	假货！！！沙宣用了很久了，第一次上京东买，洗完头发都还是油的！不会再买第二次！！！
样子漂亮，配置主流，性价比高，再D盘有驱动，联想想得挺周到的	货已收到，现在看应该是正品，但还没有用。用了再追加。	5月10日前后买的机器，找朋友帮忙，在广州的中域购得，RMB3250。另外有活动，额外赠送了一块电池，不是MOTO原厂的。 （1）屏幕颜色十分艳丽，我使用的是原机的红色平保画面，看上去“相当”炫；但这种大屏幕的滑板机器不得不面对的一个问题就是，屏幕过大而且没有保护，像我这种平常把手机放在口袋里面的人使用的时候很容易就把屏幕磨花了，所以我又花了10块钱贴了一个保护膜；（2）声音效果还算不错，操作起来也还可以；（3）不带蓝牙和红外，和电脑传输数据只能通过数据线；（4）130W的CMOS摄像头拍摄效果还算可以接受，在此之前用的普天T618，T618采用的30W摄像头是什么的？为什么普天的拍出来效果我感觉更好？（5）按键声音音量不科学，即便是调到最弱的音量听上去仍然很响，所以我只好选择把按键声音关闭了；（6）前一个帖子也有人提到，170M的自带内存，没有办法扩展，我个人觉得倒也够用了，但是也许有人会觉得这是问题吧；（7）在电话本里面的号码可以对应其个人照片，设置好之后，在每次呼入的时候屏幕上就会显示照片；（8）电池使用时间还可以，我本人使用比较频繁，而且全天开机，但也能坚持两天两夜；我之前用普天的T618的时候一天都坚持不下来，所以这已经让我觉得满意了；	其它还可以 就是拉链会露出了
早上蒙牛喝多了？	一般般，支持国货这个价位值了，不过好像没了双击屏幕唤醒功能。	这衣服不行，	这个价格，酒店管理很差，早餐很差，经常有卖淫女KTV小姐出入，还有发类似名片的，恶心！
宝贝收到了，做工很好，和 老板介绍的一样，穿着很舒服，大小合适，很喜欢！老板热情，物流快！	除有点笨重外，散热，屏幕都不错。能当台式机用。用了一个月了，还没发现有任何问题。	买假了！无语 外包装都被拆了 味道跟我在超市买的不一样	比宣传的小，重量也不足，口感是涩果（没有成熟）的那种口感，当然价钱不贵，但是宣传夸大了，这个在批发市场也就***/斤的价格，以后是不会买了。
晶莹剔透，看着还不错，但还没有吃，吃过再追评吧	中国的奶业有几家能信赖的？ 我已经接近一年没有购买蒙牛的任何产品，抵制蒙牛，从自己做起 今天你让蒙牛活下去，明天它毒死你孩子。拒绝蒙牛，比拒绝日货更重要	"这本书,我和狼图藤一齐买的,可是只有狼图藤这本书到我手.还叫我评论.;;太过份了...快把书寄来,快递费我不会付的.气死我了,我上次说过了,可是都没有帮我处理.请来电解释清楚.否则以后都不会再来."	说好的大于*，还送一小瓶，收货也没见啊 不送就不要说啊
"让人不会用,数据线是摆设连接就充电,真是活见鬼!"	不好，不新鲜，不好吃，。。。。。。。。。。。。。。。	假货！洗了头发发硬，之前在超市里买的没用完，对比了下差距太大了。太坑了。看到这条评论的朋友千万别买，京东自营的也买假货，从此和京东说拜拜！	差评，火龙果都长毛了还说什么生鲜水果
确实是老家苹果！值得推荐！一次买了两盒！味道鲜美！明天还要下单！支持老家产业！?	"地方真是偏,连出租车司机都找了N久啊房间到是很大啊里面的设施台陈旧了啊一住进去就有骚扰电话跟踪而来,真是强啊!"	本次购物是在京东购物这么长时间来第一次满意，也是唯一一次买水果，果粒太小了，表面成色也很难看，这个是让我最不满意的。	稀烂，护发素用了和没用没区别
裤子收到了质量真的很好，摸起来很软，穿着活动完全没有紧绷的感觉很舒服，已经是第3条了，价格也比较合理，牛仔裤弹力超棒，又很修身	4499元买的。整体性能比较均衡，音响不错，外观漂亮，键盘的手感很好。试了一下播放几个1080p高清片花，都很流畅。	总体来说我对这个酒店十分失望。靠近立交，车子来往非常吵。我入住的810房间的阳台门锁是坏的，完全不能锁门，漏风很严重。3楼有一个ktv，我住在8楼还能听见咚咚的节奏声。不知道有多少时间没有清理过这个房间了，在被子里居然有巧克力的碎屑，把我的衣服都弄脏了！！空调只有在12点以后才能开，而且只供应非常有限的几个小时。千万不要去开卫生间门口的声音旋钮，他们一大早就会放音乐。早餐少的可怜，完全没有东西可吃。完全看不出来是07年刚建造的，地毯又旧又脏	客房环境级差，房间里时常可以看见“小强”，新铺的床单上由占整个面积3分之2的不知道是什么液体留下的印记，还夹杂着3、4个黑鞋印，恶心之极。卫生间所有的下水都很慢，在浴缸里冲澡每5、6分钟得听一小会儿，要不就水淹七军了，毛巾都是灰色的，实在是差劲。建议想入住德请慎重考虑。
送货迅速，价廉物美，品质也不错，以后的水果就在京东买了。	这本书是买给我妈用的，但我也从中学到了一些。我觉的这本书的最大优点在于它所用的食材对于普通老百姓比较好找，市场上都有卖，价钱也不贵，做法也容易，很实际。不像有些书上写的不是食材中国没的卖，就是超级贵，贫民根本卖不起，又或是做法很讲究，佐料都难买的那种....这本书虽然内容是少了点，但总的来说还是好的，希望以后多有一些适合中国老百姓的书出现。	说是昨天当天能送到，但是第二天早上送的，但是还是签收比较价钱比较合适，使用以后再追评吧	其实我都不想说，评价，裤子不行，布料一点都不好
质量非常的好。面料做工也相当不错。	多次购买，老牌子，实惠，适合全家人使用，	"键盘还是要贴膜才好, 内存问题,我基本不玩游戏,不需要那么多内存. 再说内存便宜,都不是问题."	失望，每天拿一个上班吃，竟然几乎都烂的。之前都没有拍照。
酒店房间确实是干净，没问题，就是要仔细看这个水是偏黄的，热水保持的时间不是很长，住在顶搂的房间，当天正好没有很多的客人，晚上开房门想看看走廊的设施的，结果一看，估计一个搂面就我一个房间有人，十分的可怕，太安静了，安静的我没想法了，酒店里的MINI吧～～看看是几几年的？2年多了还放着，真节约，太节约了，总体感觉不错的，值得一住，但是里面细节做的细致的话，我会经常去的～～	不知道配置的情况下盲约了M3青春版，人的青春期是很冲动的，18元为冲动买单，华为大概就是抓住了这一点，结果很惊没喜！降低屏幕，内存做法很合理，也就差价300而已，但是还用了骁龙435如此强大无比的CPU，不愧为我国之华为良心之作，堪比一代神机再现，水果机都要拜服于此，如此神机给我太浪费了，真还不如买m2，金属机身，麒麟930，用了一周，游戏一点都不卡，活动950+拿下，非常有性价比，就是这系统更新跟不上啊，配置不低却不升级emui5.1，良心的华为。	酒店卫生不佳，地毯很脏，虽然房间感觉还不如经济型快捷酒店的卫生。	京东垃圾
裤子质量好，穿着很舒服，总之就是高端大气上档次！	总体来说非常不错，一直很信任华为京东，支持国货，从京东购物开始！	还不错，挺好看的，物美价廉。	买了好几次了，每次的都挺好，之前买的别的苹果，一半好一半差
五位《百家讲坛》主讲人对历史上的五位医学大家作了介绍，其中张仲景篇的主讲人郝万山教授，由于是北京中医药大学的教授，在讲“医圣”张仲景时，不但介绍了人物，还运用阴阳、五行，结合病例，给读者普及了许多有益的中医基础知识，使人读后受益匪浅！其主讲篇幅也是最多的，达到百余页，感谢郝教授！其他四位主讲人由于不是医学专业，只是对人物本身做了讲解，对了解人物也足够了，感谢诸位老师！！！	不好，质量一般，号码偏大	两个是烂的，只有一个是好的，这家火龙果不能买。	垃圾裤穿两天后屁股就爆裂
白天在酒店房间小睡，朦胧中感觉有人在叫我，我怎么也没想到，一个自称是酒店的女服务员，在未得到我的允许下，而且是在我睡觉时擅自把我的房门打开，站在门口处问我有没有衣服要洗？虽然我及时警醒，到有余悸，这件事我是不能容忍的！	第一次在网上买衣就遇上这种情况	垃圾，很多土，脏啊垃圾，很多土，脏啊垃圾，很多土，脏啊垃圾，很多土，脏啊垃圾，很多土，脏啊垃圾，很多土，脏啊垃圾，很多土，脏啊垃圾，很多土，脏啊垃圾，很多土，脏啊垃圾，很多土，脏啊垃圾，很多土，脏啊垃圾，很多土，脏啊垃圾，很多土，脏啊垃圾，很多土，脏啊垃圾，很多土，脏啊垃圾，很多土，脏啊垃圾，很多土，脏啊垃圾，很多土，脏啊垃圾，很多土，脏啊垃圾，很多土，脏啊垃圾，很多土，脏啊垃圾，很多土，脏啊垃圾，很多土，脏啊垃圾，很多土，脏啊垃圾，很多土，脏啊垃圾，很多土，脏啊垃圾，很多土，脏啊垃圾，很多土，脏啊垃圾，很多土，脏啊垃圾，很多土，脏啊垃圾，很多土，脏啊垃圾，很多土，脏啊垃圾，很多土，脏啊垃圾，很多土，脏啊垃圾，很多土，脏啊垃圾，很多土，脏啊垃圾，很多土，脏啊垃圾，很多土，脏啊垃圾，很多土，脏啊垃圾，很多土，脏啊垃圾，很多土，脏啊垃圾，很多土，脏啊垃圾，很多土，脏啊垃圾，很多土，脏啊	吵，隔音非常差！差差差差！
ipad坏了，赶上618就买了华为这个，因为我是华为mate8手机，对华为感觉还不错。系统运行和我的mate8差不多，950的cpu性能还是有待商榷，玩游戏偶尔会轻微卡顿。发热量不小，要是平放在床上玩游戏一会就能到烫手的程度。尺寸略小，我还是更喜欢9.7的尺寸。颜色略艳，亮度色调怎么调看着都不是那么舒服，看久了很累眼睛。拿到手50%的电，更新完系统，玩了会游戏，大概2个半小时剩12%的电。我记得我当初刚拿到ipad的时候连看电影在玩游戏50%多的电整到晚上才用没。。我买的白色发了个金色给我，没啥区别就不折腾了。总体感受就是便宜。音质在我听就那么回事，外观还算喜欢。	挺好用的。就是刚收到那个按压的刚打开还没按洗发露就自己流了出来。	环境还可以，房间不大但也不是太小，够住了。写字桌前的落地灯离得太近了，每次移椅子都会碰到，另外有一点就是隔音效果不好，夜间车子路过的声音有点吵，其它的还行。	预定的时候看见有大床房是没有窗户的，特意避开选择这种房型，选择了价格较高的舒适大床房，结果进房间发现依然是没有窗户，询问总台，被告知就是这样的，都没窗户，有种上当的感觉，很失望！
很好吃，实惠，包装保护没有碰坏，很好！	非常满意，性价比高！很好的一次网购	好水果，可惜不新鲜，有臭味，生鲜水果重要的是鲜，革命尚未成功，同志还需努力	"个人感觉：1、条件差，房间小。2、服务不到位。钥匙老是需要到大堂刷卡。3、楼下是KTV,很吵。总体感觉：便宜没好货。边上的星宇大酒店真的是物超所值。"
热水器安装好了，暂时还没用，感觉不错。送了好多的礼物，诚信的好卖家，以后还会再来。	清扬刚上市无硅油的时候，就尝试买了一次，450ml一瓶的都要五十多好像，这个套装也才一百多一点，真的太划算了。囤货！	第二次购买了，用了感觉还行，所以再来……搞活动买还比较划算……	此乃极品，颜色红润，鲜嫩多汁，咬上一口即刻便似冲上九霄，俯瞰神州大地。吃了第一个便感觉有种醍醐灌顶的明悟，马上吃了第二颗 立刻明白了我是谁，我从哪里来，吃了第三颗的时候无师自通精通五行八卦，奇门遁甲。不知不觉已经吃了一整箱 12个，从此一个超人就诞生了，接着迎娶白富美，走上人生巅峰， 突然我感觉脸上很疼，睁开眼睛发现领导站在我旁边 瞪着大眼睛看着我，此时我已经口水三尺，连我的手机也被我的脸压坏了，生无可恋，，
品牌货 价格便宜 配置也还好 该有都有的 屏幕看起来很舒服 外观设计独特 感觉还好	个头不大，但很脆，很新鲜！不是很甜！	这种苹果还说是红富士，看起来非常白，几乎都不红的。有点失望。	三个火龙果烂了两个，而且是烂到这种程度，我相信不是一两天能烂成这样的吧？发货都不看的吗？
非常好每一个都很新鲜饱满，颜色很正非常爽口甜脆	性价比很高~~~显卡是3430 不错~~~~~装一个萝卜花园的ghost版就全部驱动都有了~~~很方便~~~比HP的方便多了~~~	活动时买的*，收到货时才发现超值，次日达，包装精美。	不好，头屑多，原来没有过
包装很好，物流特别快，裤子很不错，质量很好，显瘦显高，很满意。	看过前一本《大便书》后，跟着买了这本。其实两本书风马牛不相及的，一本是说肠胃排泄，一本是说能量调理，不过都不错就是啦，日常花上几分钟都可以练一下。里面附送的海报很有意思，可惜是正反面的，不方便看，我复印了好几份，办公室、家里书房都贴上了，同事们看着好也纷纷跟着练。动作和呼吸大概是瑜伽的套路，比较简单就是，插图画得好玩，价格打了折也正好划算。呵呵，随身带着，开会时可以看看。	很好，还没有开箱就有香味了，值得买	太划算了太划算了，超市买的要比这个贵好多，还送了小瓶的，但是还没用，等到以后用过了再评价吧
很喜欢这款，质量不错，穿上去很修身，很满意这次购物。	坚信品质！我喜欢！已记不清第几次买了！	我看是这个人脑子有毛病。 内蒙基层官员：蒙牛伊利没任何毛病 源头不安全 http:t.cn/zjzXSgs （分享自 @新浪财经）	电话一旦接通后根本无法根据语音进行操作（因为根本找不到键盘了），也无法回到拨号界面，这么低级的错误真不知道厂家是怎么设计的，好像CECT其他手机都可以在通话同时继续操作，只有这一款不行，居然还让用户一次把所有分机号全拨了再呼叫，那我反问一句“我要给手机充值得一次拨多少个号码啊！！”而且一个号都不许错！！错了全部冲来，这不是拿用户当傻子么！！！
去的之前只打了一个晚上的酒店，后来由于种种原因就决定再住一晚。随之在携程上找了米兰，到了酒店之后，感觉很温馨。装修也很人性化，房间虽小，但格调很喜欢，唯一的不好就是太靠马路，晚上有点吵。但离西湖很近，我们是走过去的，因为是闹市所以不觉得远。总之很喜欢，下次还会来住的……	因为看销售量很好然后就给我侄女买了也不知道是我智商的问题反正外国的小说我怎么地都没看明白何况我侄女的了……	怎么跟屈臣氏实体店买的不一样难道是假的？一点也不顺滑	酒店确实是旧了，房间家具有些都不能用了，连床头灯都坏了，毛巾也感觉脏脏的，房间的隔音效果也特别差，隔壁房间的说话声听得清清楚楚。服务一般，态度不是很好，早餐品种少得可怜。要不是因为离机场非常近，实在是没有优点啊。
这本书本身是个短篇小说集，只是以其中的一篇《少女小渔》作为命名。所以我记忆最深刻的竟也是这个短篇。。。小渔的形象，象生活中某个肉乎乎的邻家女孩，谈不上思想深度和生命高度，就只有明澈的眼睛和内心，随波逐流（非贬义）象是活得没有目的也有几丝无奈，但从来都不曾放弃过什么，也不刻意坚持什么，象柔软的柳条，春来绿秋来黄。少有能将这个一个没有个性的生活中典型写的如此令人印象深刻的。。。	老者还知道你很好奇，知道你有疑问，他还允许你提问，然后他会用他渊博的见识，耐心地为你分析，合情合理，还不乱下结论，好像在和你互动。	三个火龙果都坏了。熟透了，还有虫趴在上面???	很不满意，很失望，和图片以及评论很不符合，怀疑评论的真实性，这是在京东第一次买水果，苹果很小，如图，不比我的拳头大，果皮有瑕疵，削皮后，很明显看到有磕伤的痕迹，虽然快递给力，但是感觉不比超市*一斤的苹果好，成本都是快递费和包装费抬高的，很不满意
用了几天才来评，用了后的确可以改善油性发质。以前一天就感觉油油的。现在用这个的确两三天都还行。但刚开始时感觉不到。可能得持续使用才能有想要的效果	电池下面有划痕，LINUX不是很方便装系统费了老劲了，其他都还OK！	房间里有冰箱，十分方便。但是离开房间后必须将卡插上，否则没电。正在部分改造，楼道有油漆味。房间比较陈旧里味道比较大，淋浴喷头是坏的。自助早餐，品种比较多。环境比较安静，中央空调运转正常。服务员态度很好。	我去年也住过北京昆仑大饭店，对比去年前台服务不好了。虽然我们一共有六个人，但是入住手续需要半个小时的话还算很慢，简直不像话的。目前上述服务来看，我认为不值得住。
非常棒，很大的果子，一分钱一分货这个没啥说的，京东快递也靠谱，早晨下单，下午就收到了！	"比较高的性价比,环境服务都不错.68的自助餐也还不错,每人给10块钱的抵现券,58/人.就是不知道有没有停车场,大厅门口的停车位非常有限.宾馆反馈 2008年7月31日 ： 感谢您选择国宾大酒店入住，并对酒店予以认可。酒店负一层有专门的停车场，门前、后院及负一停车场都能供您停车使用。期待您的再次光临！祝生活愉快，工作顺利！"	不好用 硅感太重 洗都洗不干净 一股子残留感	不将信用的商家、说好的送皮带、一千万个理由不送、我倒是电话费花不少、
宝贝质量很好，价格也实惠，很满意的一次网购，谢谢店家	裤子挺薄，穿着舒服，棉的不错不错，物流很快，跟客服咨询了一下尺码，态度特别好	1.机身做工出色。2.整体软件的响应速度较快。3.拍摄功能强大，支持短片拍摄，且成像效果不错。4.支持大约两个多小时的录音。5.电池待机时间比较长。	一般没有心跳感觉不建议购买
带给人蒙牛酸酸乳一样的惊喜和快乐	看过了，不怎么样，绝没有吹嘘的那样。建议还是捂紧钱包。	住过最差的五星酒店，设施是3星不如，一进房间通道一股霉味好旧啊。房间隔音比如家汉庭还差，房间和隔壁竟然有个木门，隔壁晚上看电视到一点多，早上5点多就又被电视声音吵醒。真的1288这是受罪的酒店。自助餐也是最差的，没有热菜大家都只能变成打火锅，关键小火锅要加收钱，哎几百块的自助餐还不如去吃小肥羊。只能评为史上最差的五星酒店。绝对不会再来，本来住两天的，现在是早上7点马上决定换酒店。差差差差差！	这衣服真垃圾，*一件太垃圾，还买了三件。和超市里卖的*一件，*件那种差不多，亏大了
物流神速，昨天下单，今天就送到！	宝贝收到了，挺失望的，与正品的味道差距很大，但物流超快	客房陈旧、服务响应慢、游泳池维修中，还停水导致没有洗澡、还好最后补救	怎么总觉得作者的书总是充满了悲情色彩的呢？我以为《迷魂记》就够灰的了，可这本居然还从头到尾都是压抑......每每以为有新人物要出场时却发现怎么又是已身亡的状态...但从气氛的营造上来说真的非常到位，心情一直徘徊在紧张害怕与同情之前游走可惜故事一副还有续集的样子，也没有提到结果，一些决定性人物个性摇摆不定......特别让人气愤的是对《迷魂记》中人物的后续提及得太少了！
一直都在用沙宣，挺好用的，还会再次购买。物流也挺快的，一直信赖京东。	家里的洗发水没有了，正好赶上活动。选了这款洗发水。比超市里便宜一点。京东买东西不用担心质量问题。所以果断下单。宝贝收到之后。晚上洗澡的时候用了。和之前使用过的这款差不多。夏天洗洗头还是蛮清爽的。所以说，一次愉快的购物。	不明白为什么机器有哒哒哒的杂音，并且杂音很大，好像没有别的用户和我一样，我今天去三星售后问下，是不是质量问题！	到货穿了一次就去洗。。。。谁知道掉色掉的太离谱了，一桶的水都是黑的，很不满意的一次购物，差劲
速度真快，上午下单，下午就到了。618屯点货	因为有了去年的经验，去之前我和酒店联系了一下，得知相比豪华商务间还是标准间相对安静，所以在携程更改了订单，携程方面处理得很快，马上和我取得了联系并了解了情况。酒店比我想象中要好，挺宽敞、挺干净的，服务人员素质不错。标间一大床、一小床，空调用的果然是大金，效果不错，噪音几乎没有，房间里的宽带是免费的，不过我不知道怎么连接：P值得一提的是房间还有跳窗：）另外，房间隔音还好，就是走廊来往的人声很吵，不过我凌晨2点睡下的，没影响。旁边有景江大厨不过我没去，就不评价了。关于交通方面，由于我是退房前电话叫的士的，所以没遇到什么不便。总之，270块钱能住成这样已经很满足了。	没有看，还不知道，不过送货人员没有给我送上楼！	按180买的，结果还是小了太多，穿着紧难受
很不错的平板手机，屏幕够大，上网看电影都很流畅，我对这款机子很满意，要是运行内存达到4G，机子内存32G，那就更爽歪歪了！！！	洗发水不错，是正品的清扬，用完了下次买个套装组合的。	"价格便宜!体积小!重量轻!质量一般,不过一分钱一分货嘛!配置还成！"	优点：位置是挺好的，离火车站很近，离中央大街、兆麟公园都很近，我们去的时候都徒步来去了这些地方；服务还可以；前台应变能力不错；劣势：普通间的水太小太小了，水温还不好控制，淋浴房也太小了；名气不是太大，几个出租车司机都还是由我们自己给他们指的路。
到货很快，京东就是不一样。东西用了，非常不错，还会再来。	蒙牛不是策划出来的，而是踏踏实实的产品、服务和体系做出来的最优秀的模式往往是最简单的东西	就是装系统 很麻烦，用GHOST盘装会启动不了， 出现什么GRUB，后来我用的安装盘才搞定。但是晚上夜深人静的时候， 只要我一操作电脑就听到滴滴的硬盘声音，不知道是否正常？	衣服已收到了。跟网上的图片比有点差距，不过还算可以。
收到本书，非常兴奋，带着梦想与期望迫不及待的打开包装开始阅读。觉得书中各部分都是不错的，但是缺少发动机和航电系统是美中不足的事情。另外就是其中的现有工业范例太少，很多新型结构都没有展现或者提示，也许是我们的技术封锁太久太久了。不过黑鹰直升机也是一块很经典的机型，如果能好好解剖这款机子，对我们发展民用直升机是有相当大的帮助的。	胡兰成看似有情，实则无情。胡兰成处处留情，用情不深。书中不光写了胡与张的爱情，同样写了胡从小的生活感受。此书宣传过于大量渲染胡与张的爱情，书中更多是一些别的东西。文笔细腻柔和，挺适合中学生阅读提高作文水平的。个人认为，偏重喜好情节取胜作品的读者，还是别浪费时间了。	老公说洗了头发很痒，这两瓶怎么办？	酒店设施不错， 服务很好。 但是交通不方便， 出租车不好找。去朱家角要计双程。 且酒店没有什么娱乐设施。 晚上比较无聊。酒店靠近东方绿洲2号口。 2号口里有出租自行车的地方， 强烈建议不要去那里租车。 车子很破，服务很差。 且4：30 就关门。过点就没办法还车， 押金就算买它的破车！？ 可以到1号口或者在酒店里面租车。
当时买这个本儿就是冲着它漂亮+电池，性能啥的小本儿也没什么追求 不过升级了2G内存+重装了vista之后感觉还是不错的 而且比较皮实，去电脑城看了其他品牌的上网本后，尽管这个当时贵一些，还是入手了	受同名电影的影响，在读的时候眼前总是浮现出爱德华诺顿和纳奥米沃茨的身影。此时我尚未读完，刚读到瓦尔特死去，心中感到既惋惜又无奈。毛姆的小说总是让我感动、感伤，读后常常陷入沉思，许久不能自拔。这部小说中对旧中国城镇环境和人物的描写令我不快，虽然也许是那时的实际情况，但毛姆似乎充满了西方人对落后中国的优越感，我这个狭隘的过分敏感的中国人颇感不爽。总的感觉是非常喜欢。	我试着卸载了默认安装的杀毒软件后。系统启动有时候进不去windows	不论产品的真假，这种气味就值一星*庭装一样的气味，难闻死了
东西很惊艳，做工没得说，音质好，不过电就没那么耐用了！！	裤子质量不错，穿着也挺舒服，下次还会再来的	看看建国饭店色图UI哦哦看那八嘎国际卡克拉拉李娜娜	条件太差！房间面积太小，简直就不象4*酒店！
桐华的书貌似我都看过了，都好喜欢，而且都那么紧张，让人沉沦，每次看了都不想放下，这次也是，3本书几个晚上就看完了，都熬到12点多实在不行，早上要早起上班，只能睡觉。情节很吸引，云歌我不知道这样算不算一个好结局，但是在我看来这个结局还是挺完美的。虽然不是大团圆，至少很符合人的心理！对于刘弗陵和云歌的爱情，中间还让我哭几次，可怜的人（但无可恨）……喜欢~值得一看	所谓山景房，就是非海景房而已，没有什么山景可言，海景房确实有景，有条件尽量选。只是这种房的窗帘边上拉不严，早上光线进来如同亮着灯一般，可能引发早醒。另外窗外隔音不佳，如果风大则呼呼响得明显， 这想必也必不了了。	质量太差，好像是隔年生产的。	买了套装居然没送两瓶小的，差评
我有点后悔把跑步机装到你宿舍了，它应该待在我宿舍，这样就可以无聊的时候玩玩。话说你宿舍阴的感觉，大热天的一进去有点凉飕飕的感觉，都说好阴森的感觉。从 一点出去到三点回来，好热的说，来罐蒙牛酸奶冰一下，好心水的感觉	其他都不错，就是隔音太差，几乎相当于没间隔。隔壁住的是小情侣，闹腾一晚上，害的我一晚上没睡好	腾讯视频会员卡呢??给不起就不要写上去欺骗消费者	一起卖那么多次了，一个店铺同一种尺码。2件不同颜色，居然小那么多，穿不了，不多说，大家看图，还不让退货。
屌丝变男神，就靠的它，还不都来买！	"酒店服务人员服务好,交通方便,价格适中,房间一般,缺点是早餐比较差,还要10元/人."	太长啦，真的太长了，其他还好	裤子掉色非常严重。
"性能很好!配置不错!自带系统,开机可以用.VIST比传说中的好用.送货很快!当天14点下单,次日早11点到货!"	苹果个头一般，一个人吃一个正好，也比较新鲜。	不能下载、不配置耳机。太厚太重太大。时常死机。短信息书写字数太少，只有一种书写方式。色彩不好。	烂成这副恶心的样子我只能说超级无语
屏超大，颜色超好，看图，打游戏爽死了，另外，这机子功能超强，MP3红外蓝牙俱全，爱玩的朋友可以考虑一下	出差时住的，酒店地理位置不错，服务也很好	支持TF卡（256M）DVMP3	服务态度不怎么样，很多设置不人性化，例如床头没插座，得移开床拔了台灯插座才可用，刷门卡只有一个方向一面可用，捣腾了许久
买了两箱苹果，三箱香瓜，口感还是很不错的，也很新鲜。	混迹京东八年有余，依稀记得360buy的大蓝袋，那时候网点还很有限，红色果然更红火，618更值得期待，不知不觉钻级会员已多年，没有当初的热情一条条仔细评价，我觉得我选的都好，送货网络特别值得一提，非常给力。	一般般…打电话过去的时候服务态度很差！搞的我欠她钱的一样	到货后，屏幕内有异物！！是异物！不是黑点！与dell报修说是要3周才可以更换或者找经销商，上门去京东总部售后，经过售后和dell确认情况后却要我自己和dell联系，京东不能更换。
给机子系统评分才3.5，主要是图形处理功能要低点，其他还可以。还有，应该搞一个鼠标触摸板的开关功能！	看完后一个月，发现一个字都不在脑子里了。	这是个锤子包装，好像都打开过，都漏了	完全是套话 空话 没有一点点实质上的内容……建议不要买……
对比了好长时间才选择的这款，配置还是不错的，做工很精致，外观全黑很漂亮，送的赠品也不错，摄像头很清晰，.奥特蓝星音质也很好，性价比高	它的机身小巧玲珑，正面看很简洁素雅，只有中间的圆盘播放键比较显眼。内屏不是很大，但画质却是相当细腻，比较有特色的是在屏幕的周围有一圈镜面材质，可以当镜子用。按键的接触面积大，而且比较柔软却有不失力度，手感很好。在功能上，比较喜欢588人性化的音乐播放功能，简单易用的拍照功能和强大而丰富的女士生活助理。它的音乐播放界面活泼时尚，操作简易，欣赏节奏感很强的音乐时层次感非常分明，细节丰富而又不杂乱；用它拍的照片色彩还原真实，而且可以加上非常丰富的特效，使得照片更加可观有趣味；最为贴心的是“女士生活助理”工具了，里面的日程表，卡路里摄入量，购物列表等等都是很实用的。	借同学的w800玩了几天，觉得跟我自己的NOKIA的6230i比有几个优点。1.电池很耐用。第一次充电狂发300多条短信，打了几个电话，能用超过两天，期间还玩过几分钟的相机和WALKMAN。2.摄相功能：200W的像素自然比6230i好，有自动对焦功能，而我的6230i变焦功能就是摆设，在这点上NOKIA要检讨了。3.内存大 随机512M简直有硬盘的感觉 ，而且W800C还附送读卡器。	早餐是中式，有些东西很奇怪。住店停车还收费，不应该。
裤子质量非常好，穿着也特别舒服，老婆说裤子没买错真的特别喜欢，下次还会光顾的。	1、完美屏，无坏点；2、音响效果很棒；3、外观漂亮，很有面子；4、散热很好，再加上九州风神N15的散热架，不错；5、装了XP，跑起来飞快；6、接口丰富，超乎想象，连少见的红外接口都有；7、没什么可说的了，希望联想能够替国人争气，不要辜负大家的期望和支持	第一次用这个 效果非常好 日期也新鲜！会长期用去下，快递也恨给力！	垃圾中的战斗机，一穿及坏！赶紧是全麻的，和粮站麻布一样粗糙。
货品已收到，配送速度好快试穿一下，!裤子和商家描述基本一致，穿着舒适，裤码合身，就是唔知洗时会否退色?个人比较满意本次购物!	很失望，不知道那四颗星是怎么得来的。住的单人标间，328，房间很小。一直有流水的声音，可能是暖气?隔音也很差，我房间隔壁是服务生房间，一大早就开始活动，分配工作什么的，吵醒我，再也没机会睡着。房间的小冰箱里只有可乐，晚上想喝啤酒的要注意了，自己带。早餐种类不少，就是餐厅太冷了，因为我去晚了？早餐也都凉了。	果子甜，但是一点都不新鲜，个子也小，须也都没有	非常酸，都没熟，做生意还是实诚点好啊
一家人都是用清扬的。头发洗的顺顺的，不会痒啊，用的很好，还会一直关注	配置比较超值，发热量比我用的联想E390小（CPU待机40度、最高71度；GPU45度、最高70度），风扇声音也不大，而且不经常高速运转，3dmark06：27XX分，在4K以内的机器中还没见过，接电视播放1080P基本流畅（硬解cpu占用率没超过40%）。做工说不上精细但也还没什么发现什么缺陷，操作系统安装顺利，附带DVD中有全套XP、VISTA驱动。	性价比很好。一个月前有促销活动，总共花了4430，现在还4800，有点小幸运。呵呵	还可以，买给爸爸用的，他挺喜欢的，希望可以用久一点，感觉在家这边弄京东保修的事情很麻烦。
今天因临时外出电联快递吴师傅，在我回来后送件，吴师傅二话不说，爽快答应。在此特别提出表扬，感谢他的周到贴心服务，每次送件上门均礼貌当先，礼貌用语，微笑服务值得学习。	蒙牛的这种调调我喜欢！回复 您好，蒙牛正在变得安全更好，中粮和欧洲最大乳企爱氏晨曦已入主蒙牛，奶源和品控会进一步加强，希望能恢复您对国产奶和蒙牛的信心。	600多的房间不含早餐还小得吓人，胖点的人都无法转身，所谓的精品酒店也不过是在公共区域多了一点艺术设计与摆设，最关键的房间居然那幺小，还带拐角！？毛巾像七天的一样，最来气的是早餐（酒店没有早餐厅），居然要跑出去酒店合作的小店吃，还没有发票，几根通心粉加一片火腿要35，我算是服了！不要搞金玉其外了。	我实在忍不了了！送货速度，我连一颗星都不想给，京东现在是店大欺客吗！为什么会选择京东买东西，而不去的旗舰店啊什么的，不就是因为你京东的所获速度嘛，11点前下单，当天就能收到，晚点下单，就隔天到！但是自京东越做越大之后，服务越来越不行了！送货时间也是，越来越不准！我买了一单东西，帮我分N个包裹发送，然后再接下来那段时间，我就时不时的收一个快递！！真的好恶心！！不是每个人都有那么多时间天天去等着你快递的！！你的隔天到呢！！还有买iPad，订单一直显示要去采购！！你没货就不要让顾客买呀！买了之后然后再去采购！让顾客等那么久！！还有京准达！！我就不知道京准达的意义何在，买了单东西又是被拆成两个包裹！一个倒是准时到了！另外一个就到不了！！我请问顾客为什么要选择京准达，就是那段时间收货方便啊！你随便什么时间送！京准达的意义在哪里！！你京东现在是店做大了，就很多事情都言而无信了吗！就不在乎消费者的感受了吗！真的是越来越讨厌京东买东西了！就这送货速度！！！！
东西不错也很好只是我拍的尺寸不对卖家已经同意了更换，很满意的一次够买，下次再来	比较清静，环境还好，我住的一楼房间比较潮湿有霉味，蚊子较多	刚昨晚买了，今天就降价，以后还让我如何信任你们	我老板在超市发买了一箱变质的蒙牛牛奶，超市不退，竟然说是老板味觉有问题！！！打客服尽然说要去原产地去投诉，为了一箱牛奶拍到内蒙去？？？坑人也不带这样的。 昨天转了这个没多久被删了，新浪跟蒙牛一样不要脸。
在天津星尔特大酒店丢失白金项链一条，未能找回。客人洗澡时摘下，放在床头柜上，走时忘记拿，结果丢失。	洗了有点油，容易有头屑，不推荐。	质量不行 工人穿的 不建议购买 电焊工人的衣服	酒店真的很差劲，设施都很老很烂，床单什么都是潮潮的，空调声音巨大，因为航班取消，没有办法，机场周边酒店都满了，就剩这家了，380的房间，真的是没有办法才住……
送货速度快，性价比很高，大品牌质量好，鲜脆口味好极了，京东买我放心！	买了西柚，新奇士橙，苹果，刚吃了西柚和橙子，都很好吃啊！苹果还没开始吃。	掉颜色是硬伤懂吗？其他再好都白搭。我穿了一段时间来评价的	12个果里面明显有两种不同品种，差别好大，还有烂芯的，放好久的
送货速度很快，大小也适中，水分很足，不错	苹果味道还不错，送货态度很不错，不过快递小哥换的挺快的。	狗屁垃圾！！！！	说老实话，我还没有见过这么差的酒店呢！前台服务人员素质极低，还给我信用卡用扔的方式，打电话给前台直接挂我的电话。我不知道是不是价格低一点，就有了别人非住不可的自信。总之，非常差，希望以后取得朋友们注意了。尽量不要选择这个酒店，除了生气，不被尊重，可别指望能够享受到什么服务。
感觉很有质感，性价比相对来说还是不错的。物流的效率也比较高，第二天一大早就送到了	平价，实惠，质量好。这条裤子质地软，没有一般小产家生产的牛仔劣质味儿。春夏穿着不会冷也不热。很好	很不错，大小也很合适，客服也很好	给父母买的，居然有坏的。太不好了。
"外观很漂亮,特别适合女孩子使用,买粉色送给老婆的,她看了后超喜欢,一部手机的钱一部本本的享受,真值!!!"	好衣服，买了三件，就感觉这件好，价格实惠	平板做工还可以.但总得来说一般.功能手机也基本可以满足.我在挖掘下...不行就....	内置的海力士内存不怎么样，主板也不怎么样，装了VISTA不能流畅的运行，没办法又重新买了4G内存
开始不习惯，买来是为了玩安卓游戏，屏幕没有保护膜，后面倒有一张膜保护，在盒子里也看到一张屏幕膜，另外赠送的钢化膜，赠送的还不错，贴上合适，玩游戏还行，不知道时间长会不会卡，	箱子上的标签被割掉了一部分，本本底部的一个标签被揭掉了，也没给一个说明	烂的，切开更明显。切了几个都是这个样	*黑我号！！客服都是犊子！
猕猴桃：蒙牛的饮品我喜欢猕猴桃口味的，果汁猕猴桃味道的，猕猴桃片，猕猴桃本身我都喜欢。。。。大前天之前我却从不知道自己喜欢猕猴桃	没有光驱，装东西不方便，还是要配个外置光驱才好。内存1G根本带不起来VISTA，幸好送了个1G内存。	好差，太小了。就一点点大。。坑得死	刚收到，大家看看吧，瞬间心情不好了。有两个坏成那样还放进来，真是呵呵了，一星是给快递的，什么破玩意儿，同样的价位，另一家上次买的没有一个坏的
还没用几次，生发是没有的了，我觉得生发不可能吧，最多就让发根紧一点，少掉一点，反正现在没什么效果，倒是我老公用着不错，以前他用沙宣，现在他用这个，他说这个比沙宣好用。	没什么特别～还是买个CD、MP3自己练吧！	"一般我是懒的去评价住过的酒店的,这次选择""金泰海博"",是因为新公司就在对面,图个方便,但是,住过3天后,让我太失望了,我觉的不吐不快:1 酒店正门在马路背面,第一次坐车去会习惯的开到马路旁边的前面,结果发现是一个杂草丛生的停车场!2 我网上定的是一个大床无烟房,到前台一入住,告诉我没有了,给我一个没有地毯的标间,不得以,加了100多换成了豪华标间!3 豪华标间在8楼,走廊超窄,最头紧靠的就是一个大会议室,早上还没起来,外面吵吵囔囔,3天都有不同的会议在进行!出门再一看,是个公厕!4 比较晚起,下午4点叫服务员打扫房间,然后出去,晚上8点回来,整整4个多小时,居然房间没有打扫,想找人骂~~5 因为靠近马路,晚上你就算把窗子关死,你也能听到外面车子嗖嗖的声音,比较吵!6 我比较怕热,北京这些天也非常干燥热,可是到了晚上1点后,居然没有空调了,到了7点左右才开,TMD,他们晚上把空调都全关了~~开窗吵,不开窗热,你能怎么办,7 服务员长的那叫一个眼泪啊!这点就无所谓了!"	我想问你还有在垃圾点的吗郁闷
裤裤收到了，非常好！腰头踩线不错，不像有些裤子穿上老搁肉，这条穿上很舒服！好评一个！	屏够大，老人家用合适。	一箱六個核桃 一箱特侖蘇 一箱真果粒 一箱好吃點 一箱八寶粥 一箱蒙牛 兩箱早餐餅 兩袋北京果脯 一袋蘋果 讓我如何拒絕 以後該怎樣	距离浦东机场有一段距离，但有机场接送巴士，这点还不错。 设施感觉一般，前台服务态度比较差（感觉像国企，不知道是不是），另外打电话需要另外加押金。 卫生条件很差，有点像八九十年代很差的招待所，传单被套泛黄，地面有很多污点。
不太好用，电池也不行，而且用起来不好！	垃圾 有问题不及时处理	不满意！发票怎么不开	1、插笔的地方用不到百年就松动，已经丢了两只笔了2、运行速度慢，经常假死3、电池盖不久不久就变形，现在中间凸着4、中间层掉漆5、键盘是个鸡肋，根本没什么用处
因有台Ipad air，所以入一台小尺寸，体验其他系统。1.做工出色，大小正好，可以很好的单手握持。屏幕总感觉不适应，也说不上来原因，但是不影响体验2.一到手就升级了最新系统，续航可圈可点，前天早晨充满电，每天晚上刷2个小时左右，不玩游戏，一直开着wifi，到现在还有48的电。3.音质还可以，可能我放的声音小，没有太大感觉。4.可能之前一直用苹果三星，没体验过息屏指纹唤醒。不得不提，M3的指纹很好用，息屏下手指轻触Home，秒开锁。总体感觉不错。	酒店房间到是不错，就是位置稍远了些，但是酒店有免费的班车可以直接把客人送到地铁站方便客人出行，不过要提醒大家要看酒店班车的排班时间。	还行吧！处理器不行！	我那天是6月18日京东搞活动的时候买的，说好有赠品，可是我一直就没有收到，不知道什么原因？
宝贝拿到了谢谢，昨天下午才下单今天就到了，是我喜欢的款式谢谢，一拿到手就试了一下网速，网速超快。	昨天下午下的单今天上午就到了，中午用了是正品，有需要的快入手了??	外包装太简陋了吧，连填充物都没有放，一个纸箱里直接放平板。等用过后再作评价。	一颗星都不想给，瓶子坏了，洗发水都躺出来了
第一次在网上买水果，大小不一，还行啦！	就是网线上网的有效范围太小了，路由器在卧室，在客厅就上不了了	假货，严重掉色。	苹果质量非常差，又快要坏的，而且没什么味道。
超出我的预期，不比什么水果差，音质画质无可挑剔，棒棒哒	很好吃，包装好，生产日期是最近的，送货快，吃完下次还来	看了一半不想看了，内容就一个，反复絮叨	包装还很不错，可苹果没想像的好，，太小了！
物品很完整，物流配送速度超级快，一直信赖京东商城网购，好评！！！！！	吃了一个，不是很脆、包装物流快递都不错	感觉并不像介绍的那样，令人失望。	全扔了，不知道是放了好久的，不敢吃，一点都不新鲜。
华为的最大特点通话质量好，应该是原封的，缺点是游戏会闪退，大黑边，不过很满意。	爱偷偷自动关机，键盘也灵，不能放在震动上要不一来电话就震关机了。	"质量差,服务更差"	这次物流不仅慢，中途就破损了。第一次这么垃圾
质量挺好的，面料弹性很好，码数很合适，穿起来很好看	很不错，送的钢化膜很好用。第一次买华为的产品，希望不要让我失望。	散热不是很好，不过送的散热器还可以将就用用，到天热的时候再看怎么样了	假货，用了头皮痒，起头皮屑，还掉发，必须给差评
配置在2899的这个价格上显得还不错  昨天刚到手 系统也装的很快  试玩了一下散热什么的都不错	用了，不错哦，非常的流畅，而且价格也非常的便宜，感谢京东	分区真的不合理，除了备份区和恢复区，其他地方连同系统都放一个200g的盘里面，如果对这个盘直接再划分区，又怕影响系统。	已经付款2个多星期了，我还没收到书，怎么办？我是不小心点了收货确认的。留言投诉，也都没人理我。。。呜呜～
沙宣的味道真的很好问，很喜欢，和超市买的一样，价格比超市便宜，还送货上门，真的很好，一直相信京东自营!	具备现在时尚的MP3、照相、还有U盘功能。双屏显示。价位低廉，款式简洁。	不值得 电话的废话都觉得好的	苹果真不怎么样！还有不成熟的，小的可怜！
新鲜，实质感不错，共16个，包装很到位，好评推荐……	酒店还不错，房间不大，但是比较舒服。酒店下面只有星巴克和肯德基，吃饭要到新世界那边有点远。	感觉不错，就是包装还是漏了些有点不好，希望改进。	"非常差的酒店! 前台竟然把预授权取消做成了一般消费, 现在还要通过银行来沟通. 结帐的时候, 不给看消费清单就要刷卡, 还把房间号给搞错. 入住用了一小时, 退房用了一小时. 太可怕了, 下次坚决不住了."
蒙牛出大瓶的yakurt，味道还不错！	我们的悲哀是：这些垃圾企业最后和蒙牛、伊利这些民族的耻辱一样屹力不倒	快递很好，只是电子产品还是在实体店买好，在网上买售后太慢了！哎	房间太小，设施很差，还贵
湖光山色几乎可以用完美来形容，客房是实实在在的江南木结构民居，非常干净，环境保护得非常好，员工也非常礼貌、服务不错，特别大的停车场，非常适合自驾游的朋友，其实酒店就在景区内，不过去景区需要买票。	以前名字叫吴宫喜来登，现在改名字了，酒店位置是绝对好的，离开盘门景区是零距离的，住店的客人可以免票进景区的。景区是古色古香的，是古物。现在的酒店的酒店的设施明显是老旧了，下水不是很通畅，水管的水量不是很大的。可能是春节期间，住店客人多，我们是下午2点多道就酒店，等了将近一个小时才有房间的。早上的酒店自助餐和五星级的差距是有点的，品种不是很多的。酒店的游泳池是不错的，是个很好的锻炼的场所。酒店的服务员和管理人员还是很专业的，这个给他们点个赞。希望硬件设施可以得到改善。	"非常的好,服务很热情,房间很新很干净,交通也算方便"	房间挺好，但是内部的电视太陈旧，紧靠马路非常吵人，玻璃也不是双层的，但是吃饭很方便，就在背后有一条街都是
就喜欢在京东上买吃的喝的，又方便又实惠，快递师傅也好，送上楼，谢谢，辛苦了    本来的东东除了有点贵，物流有点慢，其他都很好，老公婆婆都觉得很不错，已推荐给朋友哦	"价格便宜，配置不错：T4200,GL40,SAMSUNG 1G (800)。 自己加一条内存，跑起来很顺畅。 风扇声音小，整机重量可接受。"	超满意，质量真不错，男朋友很喜欢	装修和服务一流，但房间的床有点偏小，卫生间浴缸旁连放脚垫的地方度没有。另外床头灯不可调节。旁边的新开元酒店的饭菜不错，很好的一个去处。下次定个豪华间也许待遇会好些。
质量不错，价格合理，发货迅速	豪华大床间房间大，叫人想到摆一台麻将很宽松！出大门左后街道边的瓦罐汤粉面馆很有风味！值得一试！宾馆反馈 2008年4月28日 ： 尊敬的宾客：感谢您入住七星商务酒店！本酒店豪华客房舒适宽敞，可一解您商务之旅的疲倦，也适合小型商务会恰，另本酒店紧邻的福州路为南昌餐饮一条街，汇聚多家美食酒楼及风味小吃。诚挚地期盼您再次入住七星商务酒店！	作为在人民广场附近的酒店来说这个价位算是比较低的，而且相对房间来说也不是很差。与一般的经济型酒店设施还是差不多的。但是酒店的地点却不是很熟悉，所以也是找了一段时间才找到。但是走到人民广场还是很方便的。	手机不能充电第一次来京东卖部手机还不到一个月就出现问题了，运气这么好就被京东送了假货，关键是现在还不知道找谁处理，恨死你京东了，
性能卓越，外观时尚，设计另类极具特色，功能实用而齐全，音乐功能出色媲美iPOD，iRiver等高端MP3	给妈妈买的，还不错	班尼路/Baleno夏男装 纯棉圆领短袖t恤男 小清新韩版潮流纯色体恤 01W漂白 XL班尼路/Baleno夏男装 纯棉圆领短袖t恤男 小清新韩版潮流纯色体恤 01W漂白 XL班尼路/Baleno夏男装 纯棉圆领短袖t恤男 小清新韩版潮流纯色体恤 01W漂白 XL班尼路/Baleno夏男装 纯棉圆领短袖t恤男 小清新韩版潮流纯色体恤 01W漂白 XL班尼路/Baleno夏男装 纯棉圆领短袖t恤男 小清新韩版潮流纯色体恤 01W漂白 XL	果不够新鲜！味道很酸、?值这个价钱！下次不买了
没有配鼠标，还好我有蓝牙的键盘鼠标，凑合着用。安静时可闻及硬盘寻道声，运行时间长稍微有点热。	还不错 一般般后退按钮设计不合理分给送快递的	买了三个，有一个是烂的，怎么回事。两个好的，说明不是运输问题，本身发货的就是烂的，京东自营的水果都有烂的，体验太差了，请问该怎么索赔！	不连WiFi还能用，一连WiFi就死机，给一星我都嫌多
苹果不是很大，但已经ok了。口感还不错，挺脆的，甜度也ok	蒙牛，我早已从失望到绝望…这个行业怎样安慰我们受伤的心？	网络信号太差劲了，经常没有网络上网，卡得要死，还不如我的三星呢	60MM的果子，冒充80MM果子，京东的领导层就不动脑子想想，，12个80MM的果子，正常情况下，净重是不可能低于3KG，正常情况在3--4KG，京东自营以总重量2.6KG去冒充，不知道是领导欺员工，还是员工忽悠领导，总之消费者不是傻子，，，，，2箱果子里，只有一个是80MM的果子，投诉了也没有用，，伤心，又一次受伤，
苹果第二次买了，相当好吃，水分足，也很甜。京东送货也是神速，非常便利，比水果店划算多了	做工没的说，没有卡顿的现象，正在使用，期待电池耐用些。	买了几次了刚开始买的味道蛮甜的，现在买的果子又小又不好吃，难以下咽，再也不会在京东买水果了	垃圾中的垃圾，被骗了，和图片上的天壤之别，地摊货
很好，相当优惠，值得信赖的商家!	用滋源好几年了，长出新的头发了！感觉用什么都要贵在坚持啊！	"价格合适,加了一张优惠券,3599拿下.速度也很快,第二天就收到了货"	东西还没用，但是上面按的盖子已经被拔起了，不知道是不是新的，很不爽
一直喜欢班尼路纯色T这个系列，纯棉材质非常舒服，一直当打底穿，夏天也可以直接穿，简洁大方。	一直在京东上买东西！购物体验还是非常不错的！自营的速度也非常快！头天下单的，第二天基本上就能到，方便使用，时效性点赞！！！！！！！质量也非常不错	很满意，收获很快	说话不算.以后在也不在这家网店上卖东西
华为手机挺好的，一直都用华为，郁闷的就是屏幕太容易坏了！	"总体评价一般或者还行吧,只是性价比有些偏高,服务还行,尤其是大堂的大河旅行社,早餐相对丰富,豪华间不值,除了面积大些,个人而言不比普通间好在哪里"	难吃，再也不买了。不甜，也没水分。	太坑人了，不仅价格贵，果品太差。太差大家不要再上当受骗了！
苹果没有菜市场买的味道甜，但是送货很快。	我是给我弟弟买的，他说裤子可以。	"该店的环境出乎我的意料,楼道里是有鼓很难闻的气味,早饭也不是很好,我就没吃.但是房间比较干净,我住得是单人房,网速也蛮快的,房间插头没欧式的,本人建议有电脑的朋友带个欧式过去.离王府井也就十来分钟的路程挺方便的."	"质量次,样子货,买了就上当"
性价比好，酒红色适合女生用，很拉轰，键盘手感不错，屏也没坏点	一直都相信花花公子的质量，值得购买	身为三国迷，我对这本书充满期待啊，可是看了有点失望。人物太少了，而且一些人物的冠饰部分尤其怪异，比如关二爷、夏侯惇和周瑜（当然比起光荣真三无双里的人设正子公也的还是正常多了），唔，可能是我自己太缺乏娱乐精神了吧。还有，旁边配的文字太小了，而且还配英文让我觉得很怪异。不过，画面效果还是挺有冲击力的，色彩也很好。再啰嗦一句，想象中古代英雄骑马载美女都是美女坐前面，为什么书里那幅貂蝉坐在吕布马后的图，让我不自觉想到男生骑车驮着女朋友......	掉色严重，不怎么好看。
昨天下午买的，今天早上就到了，苹果没有一个坏的，不错，京东品质。	其他都好，一般的棉料。只是这个标签牌会戳死人的你们那么多年就不知道改进一下？只是这个标签牌会戳死人的你们那么多年就不知道改进一下？只是这个标签牌会戳死人的你们那么多年就不知道改进一下？只是这个标签牌会戳死人的你们那么多年就不知道改进一下？只是这个标签牌会戳死人的你们那么多年就不知道改进一下？只是这个标签牌会戳死人的你们那么多年就不知道改进一下？只是这个标签牌会戳死人的你们那么多年就不知道改进一下？只是这个标签牌会戳死人的你们那么多年就不知道改进一下？只是这个标签牌会戳死人的你们那么多年就不知道改进一下？只是这个标签牌会戳死人的你们那么多年就不知道改进一下？只是这个标签牌会戳死人的你们那么多年就不知道改进一下？	我买了杜拉拉升职记这书寄给朋友，朋友说到现在还没收到，有点晕了，都快半个月了啊！！！	非常不好，压不了，是坏的，而且也不适合油性发质，洗完第二天就油了
"酒店设施还是很不错的,房间舒适,早餐也很不错;但温泉没有想象中的那么好,不管在设施还是在娱乐性上都不能和小汤山的比,不建议大家去泡....别的都还不错的!"	去住的话最好是住朝向大院的房间，因为酒店后面有中央空调的一些设备，晚上响起来的话影响休息的。早餐很一般，没甚么好吃的东西。酒店旁边有条小路，那里有几家实惠的小饭店，比如私家菜甚么的。总的来说，出差宜兴，国际饭店还是第一选择。	平板一般，玩简单游戏就卡。	待机时间比较短！还有就是感觉功能简单，既无可以免费下载的JAVA功能，也不支持MP3播放；也没有拍照功能！
这款裤子质量就是好，做工很精细，也不褪色。物流也快，店家服务态度也好，值得信赖！	废话有点多，见怪莫怪哈！见谅！总之看上了就买吧，不会后悔的！	我收到都坏了，刚收到，打开一看全坏了	各位亲，大概四五年前我开始用施华寇的商品。虽然洗头发的时候感觉护法素特别不容易清洗，但是洗后头发特别滋润，柔顺，所以一直都在超市买施华寇的洗发水和护法素用。最近为了省事，我在京东上买了这款，因为觉得好用，所以就买的组合装，而且因为是京东自营，所以根本没想过会不会是假货。但凭我多年使用的经验，这件商品绝对是假的！！特别是润发乳！首先，没那么粘稠了，关键是抹了很多在头上，还是没有润滑的感觉，清洗也比以前容易的多。尽管容易清洗，但却没有以前那种效果了！所以，我以人格担保，是假货！假货！
非常满意的果子，大小适中，皮色好看，皮薄肉脆，值得推荐购买	挺好的，速度挺快，也挺好看，物流很快，上午下单，下午到	"装系统很麻烦,重新分区,LINUX的文件都还在,搞了半小时才装得上XP"	"到半夜竟然没暖气,怎么住啊????!!!!!!!!!!"
昨天收到的，还没用，在自营店买的，应该是正品，比超市便宜多了，物流挺快。	今天收到货了。还没使用，感觉还行，用后再追评价！	发票没有包装太差	因为一直信任京东的自营产品，苹果一下买了2箱，基本不能吃，水分少，而且有其它怪味，只能丢了，简直是昧着良心赚钱。
底座比较热，不过独立显卡的能理解。打算加个散热底座。 换内存比较麻烦，因为底座没有螺丝的。得把喇叭那那条拆了然后把键盘取出来才能装内存。 面板和键盘处收集指纹满严重的。	反应迟钝 玩个传奇还没?手机反应快	噪音太大了，还他妈死贵500元	妈的，人生第一次穿那么恶心的裤子！这样也太不符合图片的样式了，居然平邮等八天才收到，，，，，，直接愣了，。。。大家不要买千万别上当，我要投诉投诉
质量，做工都不错	GL40，浪费T4200和DDR3。无蓝牙。键盘缝隙大，易进灰。 右侧似乎有一个暗点，不太明显，需进一步测试。 个人认为16：9不如16：10看起来舒服，太宽。 送的瑞星没用，不如换成鼠标。	蒙牛在开拓之初，蒙牛速度的确是行业无敌。但是高速发展的背后有太多的负面隐忧。单纯的销量赶超背后，看到的更多的是玩命似的冲刺。蒙牛敢于尝试，勇于改正的作风造就了它的成功，但是同样弊端多多。伊利即使有郑俊怀事件，但是凭借2008年北京奥运会、2010年上海世博会还是在品牌传播、溢价上收获多多	差评！买的红心火龙果，切开是白心！已投诉
苹果质量很好，下午收到还是凉的，包装结实，没发现明显磕碰。	非常满意的一次购物，宝贝真心不错	好小 ！一开开以为挺大 但仔细一看 每个苹果用两层兜包着 我买的不是75mm的吗 随便量了一个 55mm都没有！	不好～像*～这么贵的洗发露怎么不是很混合～还有线条撞～假货～和上次买的海飞丝一个样～头子露点出来过天会结块～香味也不正常～压根不知是啥味～以前用完才开瓶～不然退货了～只比超市*还卖假货～呵呵了～以后还是去超市买吧～～
裤子不错，颜色也是我想要的，大小合适，面料舒服，有弹性，喜欢	接口丰富，外观漂亮，性价比高（我在天津，自提比在商场买便宜），京东服务好。	作者完全是以一个过来的自认为是成功者的角度去写这个问题，感觉很不客观。虽然不是很喜欢，但是，有不少的观点还是可取的。	衣服款式做工都还可以，退色严重，衣服洗过的水就像墨水一个色，严重影响健康
第二天就收到货了，还没用，东西用这应该不错，比超市便宜，值了，快递服务也不错。	有点小，不知道好不好吃。姐姐介绍的她说好吃，应该不错。	一直用潘婷，很好，京东送货就是历史	这本书已经快被我翻烂了，中国这样的人和这样的书太少了，没想到这本书能通过审查。现在所谓的专家、学者、官员有良心、有见识的不多了，要么有话不敢说，要么就是胡说八道，阿谀奉承“揣摩上意”，直叫人恶心。还好，这本书被现今的领导所重视了，据是老师博客说中央政治局常委们人手一本，中央各部委领导也在看，部分省市还作为学习科学发展观的必读书。
我住的是4星的，不错！餐厅下班有点早，到9点就打烊！边上有个洗浴中心，不错！	也真是要赶飞机才会住在这里。酒店设施太过老旧，价格还贵。只是有班车到机场这一点还蛮好的。	数量不少12个，就是跟鹅蛋似得那么大，还不甜，真难吃	离机场太远，性能价格比太差，前台态度野蛮，勘比山村野店。
嘎蹦脆的小苹果！经常在京东自营买水果！好吃不贵	一般般吧！反正不是正品。	"晚上10点钟到达宾馆,前台一名女服务员告诉没有接到携程的传真订单,并且态度恶劣,说已经没有标准间了,只能住套间,我们与携程取得联系后,前台翻了翻管理极为混乱的订单后,告诉我们说我们已经入住过了,简直可笑至极.后这名服务员给我们的房间还是标准间,(之前说没标准间),但都是靠楼边的,房间很小,每间房内高高耸立着一个大柱子.客房服务员也是冷冰冰的,客人要求送物品到房间后向其表达写意时,服务员都是板着脸扭头而去,建议酒店应加强单据的管理及服务员业务的培训."	不满意，刚买回来没几天，就有问题，触屏点击好多次都没反应，给个差评！
买了就降价，不过给我保价了很划算，而且很好，我喜欢	酒店位置优越，房间设施还可以，不太新。我入住的是一个拐角的房间，有点怪味。有旋转餐厅，算是一家比较不错的三星级酒店。	"还好了,房间的窗户是不能打开的,电梯要刷卡才能上楼,保安性不错.这个酒店我住过很多次了,可以肯定的是挂二星的牌,并不是携程网所显示的三星级酒店."	指纹识别不管用，耳机听不清，触屏敏感，这一星我给快递吧。
很喜欢 家人都说好看 手感很好 客服推荐的号码很合适 快递也很给力 总之满意 愉快的一次购物 5分好评是必须的 很好	很好用，第二次买了，活动价很实惠	荣耀畅玩平板2 WiFi版 9.6英寸，用了一段时间，各方面还行。	尺寸差距太大
味道我很喜欢，包装不错，是正品，京东比超市便宜，送货又快，太值！还送了小，有2大3小了。	沙宣质量不用说，送的东西也多。总的来说不错。值得购买。	一边是不停地搞些宣传活动，一边是质量问题频繁被曝光，蒙牛很忙啊，品牌形象不是这么树立的	闻着太臭了，让人很不爽，
看过不少点评，这是第一次在携程上自己做点评，因为以前基本上没有订过酒店或机票，算是初用者。有人说好，有人说不好，但我看到大家指出这家宾馆的硬件不错，所以就选了它。去之前还有点担心呢。它位于市中心，若按郑州的古城墙的范畴来看，应该是在城内，要知道以前的城都不像现在这么大的。不过，现在的二七广场成了主角了。小浪底宾馆大楼在一堆高楼之间，建筑蛮特别的，比较以高制胜的大厦而言，似乎看上去给人一点不够宏伟的感觉。但是，走近大堂，服务员的温婉明眸一下子让略显暗色的空间亮了不少，check-in很快，网络上预定的价格也很不错，虽然我们本来是想找那种从七八百降到三百左右的房间，事实证明这间宾馆本身要价不算很高（我们住的普通标间大堂标价488）。最让人兴奋的还是诺大的房间，它的空间是配得上四星，设施也很不错，我们预定了两个房间，连经常出差住过很多酒店有国际标准的老师都说它够水准，尽管还有一些需要加强的，但是对于四星来说，基本的东西都做到了，而且服务也好。晚上我打电话要转换插头，服务员都很快的送来了。不过，似乎房间里没有snack bar和免费水果送哦。呵呵	只想说屏幕不直，在也不相信500强了，真坑，都换了两个都那样，同志们看下自己的都直不直啊	"太差,根本达不到5星标准,房间旧装修很久的了,桌子都是坏的,唯一的是宾馆里的环境还可以,标准间里就太糟糕了"	真不知道是怎么回事，发来的根本和拍的不一样！而且也没有发膜，和第一次购买的完全不一样！
一直再用潘婷，洗发护发都挺好的，这次正好买个套装，真的挺划算的，期待下次活动更精彩	支持国产，期望并不是很高，但是连照相都无法实现，反应迟钝，真的无语，只能退货	"看了大家的评论及平均分才订的这家酒店,尽管此时间段相同的价格都可以订四星的酒店了.1 7号楼环境非常差,离前台距离远,拖着沉重的行李,无服务员帮忙,路过肮胀的锅炉房,爬上了没有电梯的房间;2 7号楼窗外的风景是锅炉房;3 7号楼房子里有霉味;4 7号楼浴室非常简陋,跟花几十块钱的招待所的浴室一样;5 早餐无论多大的孩子都要求交费；6 7号楼房子及家具非常陈旧。地板上翘，壁纸损坏有霉点。补充点评 2008年8月5日 ： 幸好只住了一天就去华客，感觉好象从地狱到了天堂。"	用了段时间了，我不喜欢评论的。可是不能不抱怨一下，这绝对不是正品，用了段时间头皮多的不得了。越来越多，又痒，以前的清扬都不会，
扬子岛酒店的位置很好，逛街、购物、吃饭、娱乐都很方便，酒店对面就是大都会和太平洋商场，背后就是美美百货。酒店的装修也很不错，干净整洁。最重要的是，价格也比较便宜。总之，作为一家四星级的酒店，扬子岛不管是服务还是环境都非常的到位，甚至感觉比一些五星级酒店要好。不过，扬子岛自己本身的健身中心、娱乐设施我们没有尝试过，因此不做评论。	包装不错 果子也看的还蛮好看的呢	刚收到一分钟，满怀期待打开包裹，然后。。实在是从来没买过这么丑的红心火龙果，我想问这还能吃吗。。。吓人。。。	7月4日入住该酒店，房间陈旧，一次性纸拖鞋是烂了个洞，卫生间的镜前灯竟然被挖掉了，线裸露在外面，看起来很糟糕，淋浴的莲蓬一碰就掉了，只能用一只手拿着洗，地板漏水...第二天一早吃早餐，等了很久，酒店的早餐豆浆没有了，因为早餐竟然是外卖的，这是我第一次听说。原本跟前台讲好的，推迟到一点退房，结果等服务员来查房，然后到前台办手续只晚了十分钟，竟然要加收半天的房费，而且前台的说法是服务员问了说没有人要退房，是房客的问题，差点晕倒，最后解决的方法是加收了三分之一的房费，不知道这间酒店是不是在房费的结算上有很高的随意性，因为当时急着外出办事，没有继续理论。总之，强烈呼吁大家不要入住这间所谓的国际酒店，真的很糟糕！
电池强劲，虽然没有达到9.5小时，但初次使用觉得6小时应该有的 。 键盘舒服，尺寸大小合适。	手机非常不好，自动跳转。不支持微信，等等软件！！	快递哥有问题，我还没签收，他自己帮签收了，快递还没发货，就一大早弄了发货通知，感觉被欺骗，感觉换了个快递哥，京东快递服务质量下降，让我考虑还买不买京东了	做婊子，立牌坊。恶心以后不住了。
脆甜，水果相当新鲜，推荐购买，送货快，次日达	味道酸甜可口，就是个头稍小一些，不过很好吃。京东送货速度很快，非常满意。	表面无腊，口感酸甜适中，水分足，略小。每箱12个，一人拿起来很轻松	客服骗人 不是恒温又说是恒温 噪音大 燃气的味道浓 10号开始使用 17号马上没有热水出 差差差差
裤子收到了，颜色也正，版型也好，是帮别人买的，我觉得挺好	送货速度挺快，东西也不错的	包装没有保护好 流出来好多 也是醉了	很差，很差，绝对不能住第二次的店，
我买养生的书都是送给老人的，他们说这书不错。	表姐凯听到温森特的表白后，花容失色，一直逃避着梵高，她当时只说了句“不！决不！决不！”这几个字，简短，却是梵高面失败的态度，经历了五次失败，他终于寻觅到自己该走的路——画画。其实我是欣赏梵高那种随遇而安的态度的，做福音传教士时，目睹着矿工一个个挨饿，生病，死于矿难，即使他倾尽所有，宁愿自己挨饿受冻，也无法传递上帝的福音，使上帝降幅他们。于是他开始质疑上帝，上帝是否抛弃了这里的矿工？庆幸的是他选择去画画，他没有被生活所打败，他仍是渴望生活的，正因生活中面临着挫折，才愈激起他去挖掘生活，体味生活。放弃？不！决不！决不！	一打开就飙出来了洗发膏…    我还能说什么…	难吃的不想说话，小，而且很酸，口感太差，再也不买了
令人感动的，不是行文中的文字，而是这些文字组合起来的故事。人生，经历了如此多的变故，蜕变成沧桑的脊背与老牛相依为命。是乐观？不尽然。只是一种状态，一种活着的状态，没有评判，只有叙述，过去的终将过去，悲伤着继续还是真实地回忆？没有谁能主宰一切，没有谁不能承受生命中的变故，只是，经历过之后，你能否依然挺起脊梁去迎接斑斓的阳光和寂静的黑夜……	肯定配不上4星级酒店的称号（携程注明可是4颗星）1.大堂太小气，跟汉庭客栈差不多。2.check in时间太长，永远只有一个接待，一边登记，一边肆无忌惮的接电话，手忙脚乱，才不理会有多少人在排队。3.客房的电话没有快捷键，用起来太麻烦，还得去找分机号。4.卫生间的淋浴不能调节方向，居然还正对着门。5.上次IT告知不能用VPN，有没有搞错，很多大公司要用VPN收邮件啊，要工作啊！6.本想预订回上海的火车票，被告知只能预定飞机票，不能订火车票，岂有此理！哪有四星级酒店不能预定火车票的，没辙，只有自己打的去趟火车站。	用起来有点卡，而且玩游戏不是很好	待机时间短，死机，开机速度慢，有时找不见存储卡，MP3音乐文件经常出现损坏。
裤子质量很好，面料很舒适，没有色差!好评!	热水器收到了，还没安装，和前两次买的样，很好的，非常实惠！	苹果外观不是很好看，但很好吃，到家还是凉凉的，只是个头小一点儿	设施太陈旧了，位置离火车站近，但附近差不多条件却价格更便宜的酒店多得很！我住九层，晚上睡觉的环境都不好，比较吵，糟杂，我房间对面及左右的房间门都不关，玩通宵牌的，人多嘴杂（也没有酒店工作人员制止）！这酒店真的不太好！
本次购物十分满意，裤子质量很好，做工很细，颜色也没色差，大小尺寸也很标准，客服态度也很到位。是一次很棒的购物，以后还会光临本店。	首先感谢京东物流小哥，非常非常负责任，等我下班后亲自送到我手上，！！支持华为，不比苹果差！！音响效果非常非常好！！！希望京东一如既往的好下去	太好用了，玩游戏一点也不卡，如果玩王者荣耀都有点晃眼，屏幕像是10寸的给力	"差评,连个耳塞都没有，手机最基本的东西都没有"
还没有用，不过一直相信京东自营！希望不要让我失望！	艾玛。误导消费者。特小。不像图片辣么大	洗完了头发都粘一块，不用护发素根本梳不开，还不如国产牌子	这个是我在京东买过最垃圾的东西 ，苹果非常小，这也好意思拿出来卖，建议大家不要买
酒店位于别墅区内，适合全家人度假。南楼距离主楼比较远，有时感觉不太方便。酒店南楼的SPA环境非常好，推荐。	国产的还是不行，买过来也没什么用，有些卡	收到是白屏，太郁闷啦。不知道是质量问题，还是大偶尔。但愿是个案。	苹果每个都很小，吃了四个，有两个坏的。外面看不出来，削了皮看到一块坏的。坑。在网上买水果就是省得自己往楼上拿了
老公喜欢用清扬的，洗过头感觉很舒服，是正品哦，，包装也很好，京东值得你去信赖！	大小合适，用着很流畅，电池也比较耐用，对的起这个价格	入住此酒店很值，只能这样概括性评价了：温馨、舒适、有特色。服务得体到位。挂牌四星级酒店嘛！！！	质量真的不咋的，我都怀疑是不是买到*货了，用过之后掉头发，头发变柴！控油也一般！
平板运行速度很快，看电影很清晰，特别是音效很好。	房间还可以，不脏；热水放了30分钟后才有点热，洗的不爽；早餐就凑合者吃吧，有就不错了；补充点评 2008年3月21日 ： 还不可以刷卡	苹果太小了，估计四个能有一斤，味道一般吧，买水果还是在店里买吧。真感觉都配不上这快递的纸箱	我买的裤子颜色，大小号都不对，京东的衣服真的不怎么样~~~
水份很足，口感脆，比较清甜，好吃	味道蛮香的，之前在澳大利亚买过这个牌子的洗发水挺喜欢的，所以这次就毫不犹豫的下了单。说话的嗯，说话的时间蛮快的，速度很快，包装完好无损。	小说：青春万岁，活动变人形，恋爱的季节，变态的季节，踌躇的季节，狂欢的季节，青狐，应该称之为自传体小说吧？是小说，人物与真实贴近，呼之欲出，似乎又担心熟人对号入坐，更怕读者不明戏，书中的谁谁谁，就是现实中的谁谁谁。传记，这该直呼其人了吧？偏偏又欲说还休，深藏不露，打哑谜，把一大群读者打入闷荫芦，乃至打了赌：谁人能将书中的事与现实挂起钩来，揭破谜底，作者还有奖呢！高手？	商品很好，但是，页面上所说的什么赠满***赠两瓶，就是个坑，这个商品套装就是这样的，厂家设计的包装就是就两大两小，哎。
宝贝非常好，价格合理质量保证，我喜欢，给好评！	很好！！！！一整个箱子！摆放得也很整齐。	大果和上次买的中果没差别，价格贵很多。	灯不亮，地毯脏，前台服务差，没有发票，不值得！
味道很香还没打开包装拿在手上就已经闻到香味了，昨晚下的单十一点就收到了，给快递帅哥一个赞，	第一次入住，感觉很好，不吐不快，一来表扬酒店，二来为他人做一介绍。本次入住主要感觉的特点如下：1、服务较好；2、大床房的床真的很大，很舒服3、有健身房、游泳池和桑拿，住客免费4、西餐厅个别菜肴和点心味道极佳（名字搞忘了）	很好    【京东超市】清扬(CLEAR)去屑男士洗发露 活力运动薄荷型(清爽)500ml(洗发水)    【京东超市】清扬(CLEAR)去屑男士洗发露 活力运动薄荷型(清爽)500ml(洗发水)【京东超市】清扬(CLEAR)去屑男士洗发露 活力运动薄荷型(清爽)500ml(洗发水)	什么啊都是骗人的，说是双十一的活动提前买，结婚到双十一那天还是比前几天买的便宜，活动都是骗人的啊啊啊啊啊！买的时候是**现在是**而且都是**，醉了
如果学习社会主义理论，卫老师的书非常值得一看。卫老师用马克思的论点来解释现在我们的社会主义市场经济阶段的理论，条理清楚，有理有节，会让人充分感受到社会主义的优越性。同另一些社会主义理论的书相比，卫老师的书虽然没有太多现在流行的术语和理论，但是全篇结构安排紧凑，文字流畅，通俗易懂，对马克思理论的透彻分析相当具有启发性。能把社会主义理论研究到这个程度，真是很令人感动。	房间很干净物超所值价格也蛮合理的还不错	东西收到了，里面东西外溢了，被快递员拿走了	这就是送来的苹果，不想说什么了，小就算了，里面全是烂的，我服了京东了，各位买家慎重
酒店位置好，环境可以，房间就是小了点，不过出差住在这里是很不错的选择。	手写发消息快，功能多	"携程推荐不怎么样,总台登记后房间在打扫,让在大堂等一下,但等了一小时也没人过问,经过与大堂副理交涉亲自领进房,说赔礼送水果,等退房后没见水果送来,如不送就不要说,下次不会在住此酒店了."	本人用了这款小灵通一年多，总的感觉这款小灵通很差，首先让我最不满意的地方就是电池容量小，特费电，待机时间超短，朋友用的其他小灵通24小时开机都能用一个星期，而我的在电话非常少的时候（每天2-5分钟）待机最多36小时，电话多的时候一天就没电了。失望！其次是信号不好，通话和送话声音特小，平时接电话的时候基本上都要把另一个耳朵堵上才可以勉强能听见，在嘈杂的环境干脆听不见，送话器的声音也太小，每次都要把嘴凑的很近，还要很大的声音才可以。信号也弱，通话的时候经常有嘟嘟声，经常掉线。再有就是铃声很小，虽然说明书上说是40和弦，但根本感觉不到是40和弦的声音，在稍微嘈杂点的地方都要放震动，否则休想能接到电话。总之本人对这款机器的感觉只能用两个字代替：后悔！！！！！
今天下午买的，晚上就送到了，这个物流速度也忒快了。洗发水很好用，用量不多，泡沫丰富，关于改善油性发质，需要时间的检验，拭目以待吧。	这本书很真实细腻地反映了花季少女在患白血病后的心路历程和经历。我感叹于作者怎么能在40多岁的年纪还能用10多岁少女的口吻写下这本书。这里虽然充斥着死亡的恐惧、对上天的抱怨，但是我看到了更多的是人性的光辉，不论他是由什么东西表现出来的。看到泰莎最后能那么安详地去世，我悟到了可怕的不是死亡，可怕的是在临死之际还有很多为了的心愿未完成。这是一本很值得一看的书。珍惜当下，珍惜生命吧。	这酸酸乳要火~	物流时间很慢，等了四天才到
大品牌就是不一样，运行流畅，声音澎湃	鄙视蒙牛鄙视中粮鄙视宁高宁	一句话形容吧：真TM是日了狗	严重差评！！！！！！！WiFi信号不稳定，下了三个软件，两个不好用，一打开就是说网络无法链接，可是我手机，我家电脑都好用，我关机试了，卸载重新下试了，就是一会有网络一会没有，可是两个手机却都有，我找客服，客服都不理我！！我真的是非常无语！！！！以后绝对不会再到京东购买！！而且绝对不会在购买华为！！！线上根本没有保障。我觉得想买的还是去下线吧，真的是太让人无语了。
离珠江夜游的码头很近，所以对旅游者来说是个不错的选择，周边环境也很好，很安静。房间比较宽敞，下次会再选择入住。	大促性价比太高，系统更新后流畅得很。大型游戏还是算了。拿来看看书，追追剧最适合不过。这个音效真是太好了，比市面上一般的蓝牙小音箱要好。	第一次用京东，早上下的单，下午就到了，说真的京东快递，真的快，这点我服。清扬洗发水，应该不错，用了几年了，品质值得信赖。	环境还算可以，但出入不是很方便。其它配套设备还过得去吧。
轻薄，整体感觉特别流畅，感觉很适合男生用，有棱有角，显得很硬朗，诸多的特色设计，看到就让人爱不释手，特别是这个价位对应这个配置，很具性价比。	苹果?非常的不错，包装完好无损	之前没有用过，还好，感觉不错。	苹果太小了，好几个带伤的，根本不能送人，有种被欺骗的感觉！
质量好 舒服 做工细 很不错值得购买	很不错的 很省电 很耐用	还可以 应该算是划算吧 送的吹风机好逗	用了觉得味道怪怪的，后面特意在超市买了一瓶，味道和效果都有差，应该不是真的
东西不错，貌似号要稍微大点，是棉的，物流也快，应该是年后第一波吧	只想爆粗，你妹	手机一般般，没想到的是下单过几个钟头后就降价，问有没补差价，客服好像一个只能问一次，在问又换客服，所以一点结果都没有，失望!	简直了 收到苹果是哪种又小又丑的 我知道图片与实物有出入 但是你这个苹果差别太大了 简直就像路边五毛钱一斤的 我发誓 这是我买过最差的水果 大家买的时候一定要考虑清楚
双11买的，优惠不多。还没安装，先囤着，不知道到时候安装是否售后能叫到？先好评。	速度挺快 帮朋友买的	房间太小了，性价比不高，没有停车场有贴条的危险，房间不隔音	三个火龙果竟然有两个是发霉的，当时也没想着拍照留证，想想也窝火，发货前不检查吗？
一如既往的好吃，价格也是最低点。	一直用这个挺好的一直用这个挺好的一直用这个挺好的一直用这个挺好的一直用这个挺好的	我才买的，送包应该也有我的吧，质量还是不错对的起联想这个牌子啊	物流太慢了，是水果能不能换家快递
裤子很好 质量不错和图片一样 还会再光顾的	包装不错 封面有图看?刚刚好十二个，没有烂的，好像是刚刚摘下来不久的	总的说来，我认为属于很好的。要拿m3与ipad mini 4比，就像拿p9p10与iPhone 7 比吧。	貌似买到了假冒伪劣产品，用后直掉头屑
很便宜，分量多，很好用，满意！	店家很耐心，服务周到满意，就是安装工换了个墙上插座收50，把j旧的热水器拆下来，收了30，换了2跟管子收了40，120就这样没了	遇到外面道路施工，半夜很吵，与酒店联系，无果。第二天换地儿！	用了这么久才来评价，是因为与商场购买的效果不一样，网上买的用了两天不到就油了，并且还有头屑
物流太慢，裤子还可以	刚买没几天就降价了，好不爽，亏大了！！！！！！！！	凑了单礼品没送，套路	挑选的非常不满意。大的大小的小。歪的歪。还有两个烂掉的
秒杀价买的这两箱，很划算，个体大小均匀，没有坏的烂的，包装大红色很喜庆，生产日期也很新鲜。	洗发水收到了，包装很严实。快递也很快，很超值的一次后续。很赞！	从未去过深圳，通过携程看红桂酒店不错。感觉是大堂很气派，象个4星，服务也不错。房间（我订的标准间）是小了一点。我很满意！	实惠的套装，洗发护发一步到位都有了。味道挺好，唯一不足的是刚刚收到货竟然降价了，心里塞塞的55555....
正品，质量很好，日期到19年底，昨天下午下单，今早就送到了，点?	凑单买的，比海飞丝便宜量足！使用起来效果还行，没有广告那么夸张	"巨大又重的,A面指纹板一张~  联想的视频软件挺烂,那个噪音吓死人~ 关声音就没了~ 勉强接受~"	钢琴漆镜面不能防指纹，可惜！ 本来有缘第一个对该产品发表评价的，同城的情况下，京东快递却让我等了3~4天，可惜！ 订单确认结束的时间又用了整整一天，可惜！
生产日期看不到只有裸瓶，也没有外包装。使用日期在标签下面有，用过一次感觉还可以	太一般了，，，，，，，	不怎么好，掉发严重，买那么多东西也没有小礼物	这家如家实在是太差了，定了两个房间，一个还没有窗户，一个所谓的商务大床房，结果小的不能再小。希望大家入住以前一定要好好看看我们住过的人的评价，真的觉得很差，我也是因为打电话预定，没看到以前住过的朋友的评价才住进来的，入住的时候已经10点多了，结果还等了20分钟才办好check in，勉强住了一天，第二天一早就退房了。建议大家不要住。
裤子非常不错，布料摸起来非常舒服?。质量不错值得一买。而且也不贵。物流也超快的。	这次买的苹果也挺好的，跟以往一样，各大又脆又甜，橙挺好的啊，味道很纯甜，物流超快赞一个	支持红外线传输；并且有一项限制功能非常好，可以给相片册、国际长途、短消息联通无限等13项设置密码，可以保护住隐私（很不错）；支持自动应答，不方便接电话时还支持电话录音功能。	屏幕连个保护膜也没有。
家里的洗发水同时都有好几种，沙宣从来没断过，一直都有，好产品无需多说，有活动就屯货！	很好，没有色差，穿着很帅气，儿子很喜欢。	1、X500机身方正，外观设计精致、线条简约、流畅十分符合现代人审美观念。而85×47×22.5mm小巧、灵动的体积也着实扩展了X500的消费层面。2、在整体做工方面表现不错，制作精美，机身各个接缝处理紧密，滑顺的滑轴自然、顺滑。3、65536色的彩色屏幕显示效果较之“X移动”系列其它手机产品而言有所提升。色彩过度自然、显示内容清晰，文字锐利。4、X500内置30万像素摄像头，具有较为强大的拍摄辅助功能，不仅支持景物拍摄功能，同时具有无声动态影像拍摄，4倍数码变焦、五种趣味相框以及多种拍摄效果增强了拍摄的趣味性。5、手机具有JAVA功能，一定程度上增强了游戏的可扩展性。	以汽车为主的绘图形式，不适合中国的女孩子亲子阅读。我孩子就新鲜一会儿，再也不愿看了！
平板电脑不错，速度很快，系统华为优化的不错。我不买通话的就用手机做热点再用万能wife破解上网，不错。	花花公子的裤子一直值得信任，不知为什么不是京东的包装	不差钱别住这	钢化膜和皮套是垃圾。。。都是骗人的
正如黄河是中华民族发源地一样，美国的密西西比河堪称美国精神的熔炉。马克&#183;吐温通过《哈克流浪记》这本书刻画了美国精神的渊源：作者以朴实的语言描绘了密西西比河梦幻般景致，又以幽默甚至是辛辣笔调歌颂了男子汉的成长，以及自由、梦想与冒险精神乃至牛仔作风的源流。因此，尽管名为儿童文学，但称得上美国历史最好一部文学作品。小时读过，倍敢今天男子汉气不足的少年更应看一看。	可以。不错。值购！	失望这苹果连外面三块钱一斤的都没得比，下次不会在京东买水果	是假货，和以前的用起来根本不一样！没想到京东自营的也开始卖假货了，对他很失望！
一直在吃，烟台苹果，味道不错，物流快	good	是华苑产业园区唯一的酒店，虽说有3星，但总体感觉也就比快捷酒店好一点。	我也不再喝蒙牛，但是话说回来，牛奶变质过期了，是超市的责任，跟厂商貌似关系不大吧 流氓蒙牛. 打死不买#喝蒙牛死全家# #喝蒙牛死全家#
苹果一早就收到了，打开有惊喜，想不到7mm这么大个！而且个个都完好无损，赞赞……味道待尝，快递小哥很礼貌很给力，送货上门的	收到货了 是正品 而且码数刚好 质量又很好	质量不错， 穿上很舒服， 大小合适	所有观点都是泛泛而谈，点到即止，没有实际效用．很失望．对任何一个受过教育的女性来说都米啥大作用
买了2箱，一个坏的没有，个挺大的，好吃再来	感觉不错用一段时间再说	"很一般的商务型快捷酒店, 地理位置还可以"	好吵！不停的有杂音！
包装挺用心，收到检查外观，没发现有破烂或磕碰的。主要是甜，带一点点酸，水分充足，吃起来挺脆和解渴。甜度适中，另外有个特色就是核心很小，所以果肉相对占比多些。还不错。	裤子品质优良，老公试穿很合身，舒服。	买完降价 根本不知道京东自营商品为何不宣传	第一次在京东评价，东西还没用，给妈妈买了看电视用的，暂不评论好坏，但是京东换购的活动是骗人的，噱头，我本来选择的是保护套，结果送过来却是保护膜，咨询了n个客服结果都说我选的就是保护膜，他们系统没问题，我想说没问题为什么选的时候是保护套，下单就变成保护膜？写这么多就是为了讲一件事京东存在欺诈客户的嫌疑，如果换购的商品不能如实相送，就请不要放在选项里让客户选。
个人觉得还是国产的好吃一点！这进口的烂的很快！感觉味道还没有国产的甜，个人觉得国产的要好吃的多！	手机还好 像素1300万 我想说有300万吗 还没有我已经用了两年的800万的好	酒店真的一般，手机信号不稳定，无线网络连不上，卫生不好，唯一优点离机场近些，价格588，个人觉得不值啊?	1 房间很小，地毯很脏，白毛巾显黑色2 中央空调有异响，后半夜只好关掉3 洗澡水忽冷忽热
今天晚上被人放飞机了话说最近很是上火今晚先是两包夏桑菊，接着来了杯清热排毒茶，最后是现在的蒙牛牌纯牛奶，希望明天醒来能舒服点都是看电影吃零食惹祸晚安~~~	价格实惠，购买方便！！！！！！	屏幕看上去好像有点小，呵呵！音响效果也没有预期中的好。价格变化太快了！	实在比较差的酒店，强烈不推荐！CTRIP现在也越来越不象话！！定的还是豪标房，一进房间，居然两个床靠在一
裤子挺好的 很喜欢 质量也特别好 绝对正品 很修身 超爱 五星好评 ～	"第一次去西宁，通过携程定的房间。我住的一个房间,卫生间的味道非常大,另外前台有个别服务员服务生硬,象是黑脸的包公,位置也较偏，总体来说与四星级的标准差距很大,性价比也不高。不知道携程怎么会把它定为银牌酒店，因为在西宁也没有住过其它酒店。"	2006年12月16号住了一晚，因为看过ctrip的住户点评区，直到比较吵，专门要了一间8楼的，不靠街面的房间，结果还是吵到不行。而且房间隔音很不好，室外的一点点动作都听的清楚。其次，水龙头的流水真叫那个小啊，虽然中央空调打到30度，淋浴的时候还是冻得不行了，只要随便冲洗一下作罢。	房价要四百多，但感到非常失望，陈旧，脏，比锦江之星还差。以后肯定不会再去了。这样的硬件设施和服务怎么吸引客人呢。
裤子蛮好的，比奥特莱斯买的宰人货强多了。	预定了书，但是没有拿到书，郁闷！	这个是真的是沙宣吗？这只是标志贴上去的吧，又坑人了	帮朋友订的 结果半夜被虫咬醒 卫生太差 就给了早饭当赔偿 服务也差
这本书刚拿到，就被同事抢去看了，第二天就还给我了，惊讶！原来她熬了一个晚上就一口气看完了。。。。还和我交流了半天。自己看完后，觉得挺有感触的，里面的一些故事都好像发生过，很有感触。总的来说，是一本不错的职场工具书	偏薄，整体还不错，适合春天穿！	居然有坏的，而且个头小，还没有水分，太失望了	我的M260手机4个月，除程序偶尔出现点错乱外，一直没出现太大的问题。但今天突然开不了机了，已经送去维修了，客服说是进液，并剥夺了我一年的质保服务。我的手机绝对没有沾水，根据充电接口的锈蚀程度可以判断，是因为夏天攥在手里，汗水从充电接口与键盘接缝处渗入手机。海尔手机的密闭做的非常差，难道用手拿着也是非正常使用！！提醒正在使用海尔手机的朋友，海尔手机太脆弱了，最好装在套子里使用。
"衣服己收到了,包装完整,和图片描述的一致，无色差、有点加绒起保暖！款式质量都挺好，做工细致，摸起来也很柔软，大小合适，价格实惠,物超所值!值得购买！"	苹果很脆，很甜。包装很好，每个苹果都有一个独立空格放，避免果之间磕碰。	买了5条换着穿，还不错，谢谢客服小怡	"服务人员素质好,彬彬有礼. 软硬件都很好的酒店, 早餐有很好的西餐, 也有当地传统小吃, 值得一住."
不错，家里老人用着好，喜欢，价格超实惠的。	京东自营的速度确实快，真不是盖的，苹果个头确实不算大，味道还可以吧	质量太差啦……	感觉不是正品，洗发水买了很多次了，第一次在京东买沙宣，没想到从来头发不痒的一家人洗了这个沙宣，第二天就头发痒，还有头皮屑，多年没有头皮屑了！一家人！是一家人都这样！
挺好的，我用这个牌子的洗发水，沙宣	手机带电不行，一天都不到，不知道是不是翻新的	目前打开都坏了了一半了，之前买的挺好这次买两箱，目前已经坏了两，本来坏一个忍了，这直接从外表坏了，我信任的京东啊，咋回事	这个我连一个?都不想给，买了6个，其中有一个还是坏的，很酸，水分少，还苦。买了多年京东的商品，这次买生鲜很失败，以后都不会买了
第一次购买生鲜产品，价格实惠，京东配送物流给力，包装完好！买了好几种水果，五六个包装箱，没有一个碰坏或者变质的！特别是京东的快递师傅会等着客户当面检查完才走，态度好！有耐心！真心点赞！非常满意京东的服务！五星好评！	第二次购买了，感觉很不错，物流也很快。	虽然是女士的，可是男女都可以用，没什么本质区别	700的房间不值，太老了．房间小，后悔选这家了
是正品花花公子的，深蓝色很好看，我喜欢的颜色。物流超快，两天就到了，有需要下次再来。	6月末到访苏州，下榻此店。感觉不错。房间虽小些，但实施齐全。晚上很安静。酒店的小庭院，有一古井，配些翠竹和绿植很有味道。出店行不远就是有名的观前街，散步购物都方便。	用了两个月了，不错，孩子学习用，挺好。	EXO-M，希望在新人盛典上能拿到新人奖，这是你们和歌迷共同的梦想，加油，祝蒙牛酸酸乳音乐风云榜新人盛典举办成功 ！
功能多，对一个初用手机的人来说确实不错，如果你会玩电脑，那就更好了啊	用着还可以就是内存不够，说好的16G呢？怎么只有4个G可以用啊！唉现在的商家能靠谱吗	毛病百出，蒙牛不乐观	不好用，屏不灵敏，信号垃圾，用起来不方便
收到宝贝，物流快，华为质量很好，赞下。	做工还不错 键盘也挺好的 散热相当的好 风扇声音不是很大 可以接受 C盘220多个G D盘10G F盘是1G 我狂汗 用ADDS可以解决 不会影响到预装操作系统	为喵不喝蒙牛，瞧不起中国企业么	酒店服务比较差，除了前台的态度还可以以外。客房、餐厅的服务质量和态度都比较差，根本不能算3星的酒店。另外房间还是比较干净的。最郁闷的是没有早饭吃～～早上看完日出回酒店，去餐厅吃早饭被告知已经全部给订掉了。服务员还反过来问我们怎么没有预订，我们入住时根本没有人提醒我们。另外具我观察，大部分已经预订来吃早饭的不是本酒店住客。都是由导游带的一个一个团队从外面进来吃饭的。住客的利益何在～～。
很不错，长期京东买水果，品质好，速度快，放心。	周边交通方便，但是附近有工地施工，房间很不错，就是浴室透明让人不习惯，总的来讲还是不错的	质量不好，快递跟乌龟一样	什么东东，穿两次口袋就烂了
裤子的款式漂亮，面料不错，穿上很舒服	这个华圣的苹果比超市的便宜，但是没有超市的大，不过也可以了，挺新鲜的！	"新酒店的内部各方面都不错. 服务也还行. 行李生不会帮客人拿行李, 只能自己拎上拎下那台阶. 最不好的是, 旁边一施工工程(海景房对着), 日夜奋战呀!!! 睡着了, 也会给吵醒! 还有夜间工地汽车喇叭声! 下回最起码也得等这工程完毕才能住."	酒店过于陈旧，不满意。
经常用的品牌，赶上活动，价格美丽	洗护后感觉挺好，一只都是我的首选品牌。	1.外形不错。我喜欢直板机，估计看我这个帖子的朋友也都是这样；我的是全黑的，很酷；还有一款是橙色的，颜色比较跳跃些，不太适合我。2.配置很全。两电两充、立体声耳机、蓝牙耳机、两只手写笔、128M T-Flash卡（自己已经换成512M的了）、USB线、130万像素摄像头。3.按键设计比较合理。功能键、菜单键要较数字键低些，这样不会轻易碰到那些键从而导致目前菜单的退出。开关机键设计在机身侧面，而且顶部与机身平齐。4.座充居然带一个“小尾巴”，旅冲接上座冲给单块电池充电，座冲又有个外接旅冲接口，可以接手机充，就像旅充那样。但不能同时给电池、手机充电。5.侧面电源按键，在待机时（屏幕亮着）轻触，可以黑屏进入省电模式。6.可以播放mp3、mp4。7.磨砂表面，手感不错；屏幕密封比较好，1个多月了，还没看到里面有灰尘。8.声音大，免提声音更大。9.屏幕亮，显示细腻。可以比拟三星的屏幕了，真怀疑和三星有关系。10.语音拨号识别率较高。11.查找电话簿可以通过名字拼音首字母查。	货都还未收到，让我如何评价？？？
帮同事买的，看中奶牛的外观漂亮，配置在同价位的笔记本中明显高出一截，接口很丰富，买个HDMI线接口全高清的电视，看起来超级爽哦！比较超值。散热还不错，不会太热。有摄像头和麦克风，可以直接进行视频聊天，读卡器，能兼容市面上常见的卡，整体性能非常好	装个XP，结果好像是没有安装合适的驱动，所以打魔兽争霸都卡的要命，打华硕售后服务，原来在官方就没有针对XP的驱动，大部分都是VISTA下的驱动，因为看见许多朋友装XP都很成功，所以急切希望用S97V这款笔记本的朋友们把XP下的驱动共享出来，总体来说，不错	非常好，baleno完美。 下次继续。	房间不算太小，床不错，虽然不太软但也挺舒服，干净。最大的问题是上网太贵，HKD70/HOUR，抢钱似的，为什么香港的酒店都没有免费上网呢？
一直用的牌子，洗完头发很顺，已经用了一个，剩下没用的晒出来，大家可以放心购买?	试用装是假的吧，洗完头发跟稻草一样样的，比超市买的难用多了，如果知道是这样再优惠也不买的。	买完就降价*，真想退了不买	假的，味道完全不对！送的小的味道却是对的！！！！京东怎么可以这样！！！！！！！！！！！！！
摸着不错，手感挺好的，大小也合适	蒙牛养牛场的牛很厉害 越来越喜欢这歌了 转发微博	"房间很好,价格也不错,服务也不错,就是不好停车."	以为只是表面摔坏了一点，切开才发现是里面坏了
沙宣的洗发产品很好用。一直都用。618搞活动买很划算	非常好用，功能强大，大小也很满意，相信华为的品质。现在价格又便宜了可惜买早了！	房间真的很不错，非常干净，特别是床大，睡得很舒服，就是隔音差了点，外面一点点声音里面听得清清楚楚，有点吵。总的来说性价比还是比较高的。	京东把我的货发到哪里去了
用了十几天了。真的不错！屏大，机薄，电量足，上网速度快，价钱也实惠。只是如果想扩容就别用双卡了。但我32G够用了，所以我还真没觉得有什么缺点。总之非常满意！	谈什么公平？整本书都在买广告，每件事都在为自己辩护。拜托，家事就在家里解决好了，出什么书啊？还起了个挺哲学的书名骗人。	布料什么都能粘上，褶子特别多。垃圾！！！	手机设计很垃圾，音量键在中间，经常误按。流量信号很不好。经常断。我之前的三星不会这样。相同的环境。别说我路由器的问题。大家不要买。
没有多余的线头，这个是惊喜 合身，修身效果不错，上身以后感觉自己又帅了，哈哈哈哈哈 没发现明显色差 有一点点弹性，弯手臂不会紧绷 没有异味	购物较方便，上外滩也近，但房间太小。没有早餐不方便，较为嘈杂，装修较老	物品一般，物流太烂！	酒店比较旧，听说有十几年的历史，房间也比较小。一个所谓三星酒店连一次性的剃须刀都不提供，要另外花15块钱买。总体上还不如火车站周边的商务酒店。
酒店感觉还行，不过说实话不如苏州及上海那边的，不过早点很好呵呵，服务态度也很好的。交通也很方便，就是现在周边正在进行整修，修好后应该是不错的选择。	属于个人口味儿，我个人认为比较脆比较甜，买了几次了。	多快好省上京东，品质监管勿放松。	假货 最右边京东自营的 左边和中间我妈在屈臣氏买的还带磁条 刚开始没想起来对比 但使用第一次 就感觉和平时用的不一样 难怪说 便宜没好货 这次算信了 差评 京东第一次差评
裤子收到了 确实是很不错 材质和裤型都很时尚也显瘦 喜欢的朋友可以下手了 物美价廉	非常棒，已经买了大半年了，每次都很满意，家里都爱吃！	"2017-01-15 14:59:28订单号：48543319839 荣耀 V8 4GB+32GB 铂光金 移动联通4G手机 双卡双待双通    收到货打开包裹 当时就惊呆了 ，屏幕居然是碎的（当时第一反应：暴力快递真是坑，因为里面包装盒是开的）    但马上深思：荣耀V8就这个质量吗？给京东打电话 投诉，售后，一直不处理，就是各种刁难，就是脱    骗人死全家，上图为证,这种残次品大家还买吗？？"	第一次给差评 拍的时候说带壳子带钢化膜 收到货的时候说没有 那卖得时候可以说没有啊 一起买套餐就好了 这骗来骗去有意思吗 五一送麻麻 难道五二五三再送个膜 再送个壳？？？？？？？？客服不要说我这儿看不见信息 我想问看不到信息 那还要客服干嘛 有没有货你那都说不清 那还用客服干嘛 我自己看页面介绍就好了啊
各方面都挺好的，一直在用这个牌子，用起来也非常好。	房间总体环境不错，而且还有提供免费上网，现在入住价格还可以，不过现在可是大连的旅游淡季了．但是有一点：就是早餐不但没含房费里，而且３２元的价格也不低，但是内容实在是很简单．	也是觉得比较值，不过几年前在超市也是*还赠送了一辆小拉车。	快递包装极其简陋，送过来的时候都烂了，一部手机的包裹竟然没有一片防爆带。。。。真心不理解京东快递，是打算作死吗？不想好好干了是吗？别这么让忠实的用户心寒好吗？垃圾，垃圾，垃圾，另外，无线网一直断断续续，连接特别不稳定。
多次购买的了，个头可以，就是颜色比较红，同之前买的可能是不同品种，口感没前几次的好。	这个味道我喜欢、蒙牛优益C	"摄像头非常的不清楚,比我买的45块钱摄像头都烂多了,内存容易较点.电池3芯不够用"	买了三个坏了两个，都烂掉了，还没有客服售后，真是无语
这条裤子质量非常好，弹性好，以后会光临店铺，希望生意越做越好。。	洗后头皮凉凉的，可能要用的多久才有效吧？	不好的，319房间有故臭味。要求换房说满了，我是3月去的。在路上认识了一个上海人，他说他退房前也住的319，也是一股臭味。而且这个去不掉，特别是晚上，很浓。不知道是厕所的还是窗外的。服务一般，门前有绿皮公交去莫高窟，不过敦煌宾馆也有，下次住敦煌宾馆。再也不住这个酒店了，热水要放半个小时才有。	东西太粗糙了！！还大了！！衣服的直码都不一样！！买了都没穿！！一直放着！！最失败的购物了！！
不知道是不是五一期间的缘故，感觉性价比不是很高。住的标间B好像是原来的餐厅包间改的，超级大，但是没有窗户，冷气不足，唯一的好处就是电视节目有很多频道。浴室小，水压也小，下水不够快。但是地理位置就没得嫌。	坑，不想在京东买东西了，什么优惠套装，结果特么尺寸都不一样，是误导消费者吗	太坑人了，垃圾，尺寸大了，退货十几天没有处理，坑人的店，大家千万别上当，不要购买	差评，哪个接口一按就往外冒洗头膏，洗头膏味道也不对，包装也跟图解上不一样差劲?，
"目前景德镇最好的酒店,这次住的是358元的商务标间,房间和卫生间都比较宽敞,干净.但是国外的卫星电视节目只有NHK和CNN.两部小电梯在客人集中的时段要等很久.早餐的确很差."	看乐以后感觉是很傻的书，直接送给初中的小朋友了	面临着等半个月也不一定能收到货的风险，京东客服被我打电话催了多次的情况下，手机终于收到货，在这里要批评一下京东客服，在线客服根本都不会理你反馈的情况，当你打电话给客服，他们只会回复你要等一个星期，结果却等了半个月，最后通过投诉途径他们才会帮你解决问题。手机性能很好，外观很好看，拍照很给力，不过用电挺快的，不玩游戏也要一天一充，系统占用差不多10g的内存，要做好心里准备	我想跟华为说再见了～不解释
这套书目前是我5岁女儿的最爱，每天要要求我给她讲上2本。这套书用“化身游历”方法近距离接触各种科学知识，真是非常奇妙的创意！看得出出版社也很用心，每本前都邀请相关领域的科研人员写序言。总体内容适合4岁以上的小朋友，因为内容还是很丰富的，也需要有一定的理解能力，太小的孩子可能会不感兴趣。总之，好书值得人人拥有。	一般，毕竟价格这样	不新鲜 像放了好久一样 不甜而且还带酸 尝一点就扔了	第二次购买，这次买了三份，每盒两个，超厚超大的包装，每盒里总有一个小的可怜的迷你小火龙果，攥在手心里几乎看不到，多年的京东老客户，最失望的一次购物，哎。什么也不说了
挺好，卖家态度也很好	颜色和实图相差较大，洗后会缩水，质量不好	经常死机，买了不到一年现在就不能用了，因为完全的环了。都不能开机了！气愤阿！	很信任京东，所以选择自营店下单，本想是一次愉快的购物，如今产品出现质量问题（电视内屏破损），结果飞利浦商家，及京东自营店都在推卸自己的责任，投诉了很多太，也没有处理，还承诺7天无理由退货及保修。这就是一种赤裸裸的欺骗消费都行为。是没有道德的商家行为。 每一张是通电前，（完好无损） 第二张是通电后（发屏，内屏明显破损）
尺寸好大，感觉和ipad mini差不多了，不过还是很好用的	衣服还挺好的，只是有一点轻微的掉色	内容越看越邪乎，不太可信。宣传得有些过头	连个软管也不送，尽送些没用的
一次性买了五个，反应快，高端	头一次买这个品牌的洗发水，着着挺不错的。等用后再来追评吧	苹果超难吃，涩，一点甜味都没，甚至连酸味都没有，更没有苹果味，总之我不知道在吃什么，不知道是不是催熟的，京东采购的时候不尝一下吗？	住过的最差的4星级宾馆，墙壁根本不隔音，晚上楼下卡拉ＯＫ吵的没法睡觉，早餐餐厅都是附近过来喝早茶的老头
给老人买的生日礼物，屏大，待机时间长，老人喜欢！	东西收到了，物流真给力， 一次性把一年份的买了	质量不错，但是尺码偏小，商品介绍是120～140斤可以穿但是我才130斤穿在身上有点小，不想退了，说给别人了。	假货，真的太假了，跟我在专卖店买的差太多，做了比较，是假货，头发洗的一点效果没有，再也不相信京东
可能是酒店比较旧和天气潮湿的原因，酒店内气味太难闻，离高架桥比较近，噪音很大。	非常小、皮都在烂了，完全不值这个价，同样的两个超市只需要20多元，我买的将近40了。还有海鲜的臭味，估计和海鲜放在一起冷藏的，是我最不满意的一次京东购物体验。	丑的无法想象，掉色是最大的特点，布料粗糙已就算了，质量更是最大的亮点，没穿几天就破了。	差差差！！！！
送货快，跟描述的一样。苹果新鲜、香味、脆甜 。给五星吧！	包装挺好，严实，生产日期也很近	不错，挺好的，买第二次了	好吃是没得说的，又脆又甜，就是小了点，价格偏高
很好用，物流给力，还有不同的赠品，这次买的媳妇特别喜欢，非常棒的东东！	快递小哥很棒，水果也很快就到了，前天晚上12点多下的单，今天中午就到了，挺快的?水果看起来也很好吃，是秒杀啊，一下子买了两箱???谢谢店家的优惠?	颜色不错 穿上很舒服 质量不错	平板挺不错的，要吐槽的是包装，纸箱没有平板大还硬塞进去！
挺不错的，快递小哥特别负责，苹果上午送家去了，家里尝了一个全给宝宝蒸果泥了吃完再来	很臭   但是大多都是说中国人的中式英文有点耻辱。	第一次买还可以，今天是第二次，苹果一股味道，我承认是价格是便宜，那也不能这样糊弄人啊	"我买这本书感觉被骗了.什么公平定律,实际就是他的发家史.唉,没有意思."
第一次在京东买水果，超乎想象的好，特新鲜，汁水多又甜，个头均匀，不是很大，一次一个正好。    还有就是快递师傅特给力！超赞！	苹果不是很大，但是味道不错，就是有几个有磕到，不过还好不影响吃，很甜的喔……棒棒哒……还会再买的	有蒙牛，我不怕不怕啦 感觉我的前途一片黑暗…	差差差差差差
好吃，很喜欢，，活动好便宜！！！	说实话，非常喜欢，这个是送给客户的，之前送的苹果派的，但是不能拷文件，自从找到这款，物美价廉，经济实惠，很喜欢！！！买了好几个了	给公公买的，能玩游戏看视频就可以了，价格优！	你看看这怎么看电视看电影？我凑 什么玩意儿？
京东自营物流超快，东西还没有用，包装还是可以的。	连买三期，这是第三次，前两次的大小色泽都不错，这次个头偏小，色泽也显得陈旧，吃起来还好，希望每次能哈不多，本来想连续买的，不能因为一次的不一致让客户放弃。	1.语音拨号是垃圾，我在九九年拥有一部飞利浦手机，语音拨号可以随意设置。难道是技术不如人？3.待机时间太短！！！烦！4.反应迟钝！！5.内存偏低！！6.价格偏高！！7.MMC卡读取也没TF卡快！！！8.按键过小！不太习惯！！！！9.视频通话麻烦！！！！！！！	我什么都不想说，十号买的东西。现在23才拿到。东西也卡。不好用，平板好丑陋。
单位活动的奖品，应该是不错	味道可以，大小太不均匀，还有一个有伤的！有待提高！	两块切糕不敌一支蒙牛。	售后服务很差，退货自己系统的问题，还给客户造成不便
刚收到货，儿子怀疑是假的，打开用后，味道清新，头发柔顺飘扬，物流也挺快，态度很好.	最早认识张曼娟，是在张清芳的CD上边，作为一位写词人。细腻的文字连歌词也写得像情书，小女人的楚楚婉婉。后来才知道，张曼娟也是作家。于是，开始计划读她的书，挑了这本很奇怪的名字。《张曼娟妖物志》——写妖物，也写人——最喜欢里边的《永恒遗失│女螺》。张曼娟的文字没有讲过大道理，但是留有思考的余地。“也许错身未知；也许缄封成秘；也许不愿承认，妖物活在你心里。”	可以装xp，但内附的驱动盘是vista的，要自己到华硕官网上下载xp驱动就可。内赠送鼠标的，害我另外多买了一个。	说实话，我是满怀期望等到书，发现里面得内容最多三分之一是讲治病方法的，剩下的只是作者的主观的比喻比喻再比喻，再加点遐想 特别繁冗，明显在凑篇数。悲哀。。。
京东的速度，京东的品质，京东的价格，一如既往的好！	给力，比超市便宜，物流速度快。	外观很精致，外壳是硬塑的，韧性很好；我最喜欢的还是铃音，尽管是16和弦的，声音很大啊！对了，它的屏幕不是STN的，而是TFT的，效果挺好。别看它小，但功能一点都不少。自动开关机，关机闹钟，短信群发，机身可存100条短信。	这是我这三年来在京东上第一次买到质量如此差，差到极度的裤子，如果是买回来穿了十几天再破 我都无所谓了，可你这才穿一天就这样了，让人难以接受无法容忍。我想问厂家一句：你们的良心何在？难道就是这样欺骗我们老百姓吗？如果说你裤子质量好点，价格再高点我都可以接受。希望各位朋友多看看评论其实有很多好评都是假的
包装的挺好，东西也好用，味道也好闻，是在同学的推荐下买的	酒店周边环境一般，酒店内设施不错，感觉还挺新，价格也尚可接受。	尺码不准确，平常穿两个x，这次的大很多，退货换货又很麻烦算了	苹果很一般，不值这个价。个小，皮糙。
收到好多东西，好大的两瓶，袋子装的也挺多，最喜欢的是旅行装，好可爱。不过我买的时候没有看，这个适合油性头皮，我不是油性头皮，不过用了两次，也没啥影响，下次买的时候会注意。。。。	东西不错 物流牛x 准时送到 下次继续买买买买买买！	好像比较霉。1、6月14日下单，16日付款，25日等不了上中通自提，送货近10天！2、不知是驱动问题还是机器问题，触摸板一旦打开就会老右击，LINUX及XP都一样。现在只能用鼠标。3、系统不是XP。	太小了。 坑我一脸。    尺寸不对。只能送人了    各位。买时可以买大点的。    cao。 这次购物非常不满意
送货速度满快的，带内胆包，重量比想象的重，还能承受，待机时间不错，做工很好。	"大品牌， 硬件配置很好， 系统换成xp,不加内存就跑的很快！ 适合咱米米少的兄弟。"	标上去的码不标准太小了.太单薄了，不够暖和，130斤xL码穿起来腋窝下面的提起手来紧绷的快要烂了，懒得退了。不好！不开心的一次购物。	一星是给京东快递小哥的，买了两天就降价，有点坑人
个人觉得味道太难闻了	这次买的不满意，瓶上都是脏东西，磨的都是痕，感觉像用过一样，洗发水都净出来了，瓶口瓶盖都是洗发水，所以不满意，没在实体店买的好	收到的苹果有发霉坏的，给客服发照片，客服看了发霉的苹果照片，说洗洗还可以吃，不影响食用。很无语。老板招了这么好的客服，你MA知道吗？很无语。。。	实在不好，差，电话难打，服务不好，客人退房时，服务员检查房间，只检查宾馆自己的东西，客人的忘记在房间的东西也不管，过后找时，说没看见，极差。望大家三思，不要住不负责任的店。
送货快，包装完好，搞活动的时候买的，还送了膜和保护套，非常划算，屏幕分辨率色彩也不错，华为大品牌买的用的时候也放心，不错的一次购物	周围环境比较安静，房间干净装潢较新，总的来说性价比高。 离九华山有30分钟的车程，没有车的话会稍微有些不便。早餐品种太少，不过看在是送的也就算了。	挺好的，好吃又营养真的是好东西。	第一买这个牌子，还没用过，但愿质量不错
这本书连着看了两遍。为那些如同发生在身边触手可及的案例，为那些为人父母很容易走偏的路，为心爱的孩子—希望自己能将书中的菁华尽量多地吸取到生活的言行中，真正成为陪伴孩子快乐健康成长的同路人。“大道至简”，这本简洁实用的心理书籍，可以推而广之地运用在众多关系的处理上，因为只要你用心读，你愿意实践，就能掌握那些高效的方法。她确实是一本不可多得的好书。	颜色比想象的要深得多……感谢快递员，每次都非常好	该款偏小，同时露在外面线的颜色，与衣服的颜色不一样，太难看	送过来都烂了，第一次在京东购物就出现这种问题，很失望！
不错，完美的产品，完美的购物体验	产品还不错，主要是评论可以得积分，这个挺好的，所以多发几个字，多赚点积分，产品还不错，主要是评论可以得积分，这个挺好的，所以多发几个字，多赚点积分。就是没有送货上门	前台接待工作态度差，酒店房间大.出差住住可以，旅游别住，闹心	今天拿来吃几乎每个都是烂的，不敢再买了
苹果真的很好吃，甜脆的，大小正适合。满意。京东自营就是快。到家还很湿润呢。	房间面积蛮大的，我住的普通房的洗手间设施稍显陈旧，但是很干净，看了一下商务房，是后装修的，很不错。网络偶尔不稳定，可能是插头的地方有点松，稳定的时候下载速度超级快，爽的！早餐中规中矩，还行。靠马路的房间没有入住，不清楚情况，不靠马路的这边很安静。可以订火车票，手续费收的不高，很方便。	屏幕上有一个坏点，不过影响不大；电池的确不禁用，也就是一个多小时；散热还可以吧，键盘右下侧有点热。	买的是2个多大的，给我发的是3个小的，太坑了吧
裤子真的很不错，穿着很舒服，料子很好，物流也很快，总之很满意，客服服务态度好，值得购买。	质量不错，版型好看，穿上很舒服	挂五星实在有些牵强。卫生间太小，还不如呼市国航四星的大，房间暖风给的太早，又没有冷风和换气，热的人实在难受，只得开着窗，开窗又太吵。早晨赶飞机结帐，必须等服务员查房，简直就是三星级服务，呼市的国航四星都不查房了，十几位客人在大厅里等，大家都很奇怪：这样的房间有什么可拿的？不知道他们查什么。唯一还行的就是410一天房价了，但当地人还是说太贵，等香格里拉开业，这里也就250了。	摄像头问题：感觉是个鸡肋！效果差，我是晚上试的，不过也是在灯光比较充足的地方，拍摄时我把它改为了夜间模式，要不然拍摄出的图片底色会变色，效果很不清晰。
设施不算新，但是挺温馨的，位置很不错，卫生也好	"环境是很不错的,很漂亮,就是免费升级的事没有事先通知,让客人受到了不平等的待遇.意见很大.中餐不错,西餐太不地道.房间价格很便宜,套房很大,早餐也不错。"	1，没有什么快捷键，所有快键都得通过FN来操作，不大方便。 2，这是SIS主板，不是英特尔原装主板，不支持双通道内存，怪不得价格比较低。	机器还可以，但是下订单时是送原厂开窗保护套的，没有送，双十一这么忽悠消费者，鄙视京东，希望京东可以补发过来！！！
送货速度快，服务质量好，京东自营有保障。	"离京沪高速江都出口大概4公里, 开车的话5分钟就到了, 很方便, 院子里面有专人看车, 车子也很安全. 酒店若从一个三级城市的四星级标准来衡量是很好的, CTRIP的价格也很好, 260块含双早是超值了.床很舒服, 热水也很大, 卫生间规格很高, 干净, 并且CHECK IN/OUT都很快, 一看服务生就是经过很好的训练的.自助早餐品种多, 味道还可以"	"酒店设施还可以,服务也不错.值得一提的是:早餐不象是所谓的五星级的早餐.门童的服务也不到位!其他都还好!"	"我是3.23日入住的,定的是大床房(515房间).这是我住过的房间最小的酒店了,房间的宽度就是一个床的宽度,床脚上面做块板子就放电视机了,整个房间没有窗户的,电视机边上的墙上好大的裂缝.晚上洗澡发现下水道堵的,由于已经12点多了,所以也没有要求服务员来帮忙解决了!还有办住宿的时候前台就一个人,帮我搞了半个小时(我还是用现金付的).不过房间还算比较干净,就住一个晚上,所以也没有那么计较了!!!"
读了第二遍，比较喜欢Edward和Bella感情发展的细节描写很喜欢，反复看，还下载了英文版对照着看，赞~~~	总的来讲整个酒店的服务还不错，不能说是热情，但至少是非常职业的礼貌。看得出来老外也挺喜欢它，让我比较动容的是在酒店里面打国内长途和市内电话完全免费，宽带免费而且配置了无线。但是仍然存在问题：1.早餐是发现一只苍蝇飞来飞去，服务员当作没看见；2.浴缸掉了一小块瓷片，露出黑色的内芯，一开始我还以为是什么脏东西；3.申请了延迟退房，但是钥匙在12：00就不能使用了，十分不方便。	价格偏高！无线不好！手机上不了网！上不了星！收挂星的价格！！！	"差得要死买回来有一个都不能吃了,很不满意"
早就想看的书，今天终于如愿了。期待了这么久，总被时间遗忘。为微微加油，因微微伤心，被微微感动。看微微的大学生活，很是羡慕；想微微和阮阮的友情，很是嫉妒；其实我们也同样拥有。微微是幸运的，遇到了她认为的最爱陈孝正；微微也是幸福的，如愿嫁给了她一直期许的林静。跌宕起伏，很值得看的小说。上个月看了〈山月不知心底事〉，亦很好看，里面的向远，还跑到这里了呢，辛夷坞的作品很有连贯性哦。支持！	质量很一般，不值得购买，店家态度还可以	有点失望啊，给差评	超级 垃。 圾，六个，居然都是苦的，全丢掉了
"很好的酒店,床很大!卫生间的设计很好.很有艺术性!感谢入住两天那位男服务员对我的帮助谢谢!!"	第二次京东上买苹果?，个子不均。?大小，不过口感不错，很甜，也脆，还可以，下单直接到家，速度，给快递小哥10086个赞?	在四川广元，这种酒店算不错了，在当地也是最好的了。早餐也很丰富。不足在于房间地毯太旧，房间隔音效果也不是很好。	订的单人间，房间不大，隔音效果不是很好，可以听到隔壁说话的声音；房间里比较昏暗，但还算干净。旋转餐厅还不错，吃饭时心情很好。房间里没有吹风机，打个电话，服务员马上送来，态度很好。结帐时前台表情冷漠，不如check-in的态度好。补充点评 2008年7月10日 ： 门童服务超级差劲！我一个女孩子提着大箱子，他看了一眼，什么也没说什么也没做就走来了，令人心里很不舒服！！
裤子质量很好，不褪色，版型也非常不错，颜色也很喜欢！！	在京东买水果很方便，县城速度也很快，一天就到了，水果很新鲜，不错！	客房和前台服务都不错但酒店太陈旧，房间不如一般3星宾馆，阳台卫生间极小位置也不好，花园泳池都很小尤其要说的是酒店花园里的餐厅，叫东海渔家还是东海渔村的太黑了市场8元一斤的海瓜子，他卖50元一斤，还少秤味道也差一盘炒黄瓜要18元根本是露天排档的环境，桌子都脱漆摇晃了很过分	这是在京东最差的一次购物，太差了，*完全货不对版，料子穿起来都扎皮肤！！穿了一次，果断弃之！！！
女儿说沙宣洗护特别好，趁活动价买的，好极了心情好好	感觉做工、材料什么的比以前IBM时代有了退步！当然不是360的问题！	换内存不是很方便，没有XP操作系统。 另外硬盘如果要改成SATA格式比较麻烦，估计现在有50%的人还不知要硬盘要打专业驱动。另外，奶奶的，串口到哪去了，DELL工作人员，告诉我是有的，到底在哪	垃圾 全寄发霉烂的过来 联系客服 客服说售后会处理，我就呵呵了，套包一出问题直接就能处理，这里倒好 一出问题客服直接推给售后，叫顾客一直等售后，你们的时间是时间我们的时间不是时间嘛？等半天售后都不来电话，你以为我们全天都要等售后你这位大爷打我电话吗？我们没事做？
选择蒙牛就是选择健康	但是对于偏爱短信和操作方便的朋友8000不是好的选择，它的操作实在是。。。唉苦恼。另外虽然它26万色，可是下载适合它的图片是个问题啊，我这不是在网上到处找嘛，买了它的数据线原以为下载方便了但是要找到适合这款机器的图片和铃声又成了个大问题啊。。。。哭啊。	清晰度，分辨率特别低，看着字都是花的，比例也不协调，就一个土砖头，不值得推荐，邮寄回老家了，换货不方便啊	差评，一个东西送了快十天才到
京东快递就是快，昨天晚上下的单，今天早上就到了，也不酸，苹果好脆，	包装可以，没有压坏的，还有水气从冰库拿出来的。口感还不错蛮好吃的，个头大小不一样，没有描述的那么好。	"感觉非常奇怪,这套书我明明都写了两次评论了,可我的当当始终提醒我对这套书写评论!晕啊!这是套很好的书,也不用我写几次评论吧!"	六百的平板本来就没报多大希望，画质真的太渣，这都不要紧，我看中的是通话平板这一点，看重的是华为这牌子，没想到用了两周不到就死机开不了机了，完全没摔过没碰过！！！甚至没没过放或过充，充电的时候都不玩。莫名其妙就死机了，对京东太失望了
之前没也没去商场看  没想那样轻巧  很喜欢 换了XP  速度很不错 普通的使用绝对没有问题 独立的128显卡 玩一般的游戏都可以应付	面料柔软，这个价位值。老公穿上非常帅	酒店位置没说的，很好!就是大堂稍微小气了点，还有房间的设施也老旧了一点，比起刚开业时的那种感觉逊色了很多，不过还是挺喜欢这家酒店!	"有法国人的浪漫,就是现在又降价了,郁闷"
房间整洁，有电脑可以打游戏和上网:-) 空调声音有点大，此外一切都好。室内所有收费项目上面都有价签，很公道!我的手机充电器插头制式不一样，房间服务先后送来充电器和装换器，很有效率。自助早餐也不错的。就是临近苏锡路老城区，周边有点乱。	这个酒店基本上我不太满意，住了那么多酒店，就这家酒店打扫房间还要人催的，回到房间下午5，6点了，房间居然还没有打扫，而且不是1天2天，住了10天，有一半以上都是这样。但是宾馆2天会送一盘水果，每天还有免费报纸。虽然这方面还不错，但是作为一家宾馆，尤其是要充四星级的宾馆，这样的服务未免有点太。。。。还有餐厅的服务也不好，上菜也上错，餐具都是灰尘。。。。下次不会选择这家宾馆，我个人对于房间的卫生打扫还是很在意的。	买了真是亏了 垃圾一样的衣 穿三次就破了	出货是不是不看的，烂了还往外发？？？ 2手东是不是买东西全靠运气？
质量很好，真的很不错，跟图片上一样一样的，码子也很标准，包装也非常好，    跟专柜的一样的 很好    感觉物超所值 服务态度是很好的，没什么挑剔的，全五分	裤子收到了 大小刚刚好 穿着舒服 款式也挺好看的 我喜欢	昨天收到今天就降价，太过分了！	我买的32的裤子给我发的33的，而且尺码上什么也没有，之前买的蓝色的32穿上刚好，然后买的黑色的32莫名的就大了一号，而且尺码上什么也没有
摸起来挺柔软的，质量不错哦，客服推荐的码数刚刚好。满意的购物	速度评?。    收到货，包装好，产品支持。    快递员值?	"我入住在如家,让我这个漂泊在做技术服务的人员真正感到如家的感觉,我非常喜欢!"	中粮董事长：蒙牛若再现质量问题市场将不会饶恕 全文: http:t.cn/zj2mwFp （分享自 @Wind资讯）
宝蓝色的外壳，很漂亮，像索尼一样的键盘，较高档，配置还不错，性价比较高。	第一次在京东买裤子，物流快，价格实惠，店家服务很好！以后就在这家店了！！！！！	撒出来的都够洗一次头了，狗屁包装	京东快递真是素质低下，居然想利用订单拆分不给我快递！！！我的一个快递因为缺货所以两个快递被拆分成了两个订单来发，我当时不知道，去拿东西的时候发现一个没有就问快递员(我的东西找人代收的)，他连订单号都没问，只问了什么东西就一口咬定说送了，让我找了半天，还以为被别人拿走了，结果回去看订单发现下的一个单分成了两个订单，有一个还在从供应商进货，我就又问快递员他还一口咬定说送了，我把订单号给他，他说查不到，最后才说快递太多可能就是没送，一直是我在联系他，如果不是我一直催问估计最后他自己把订单改成已收货就不给我了。唉，我的东西又值钱，京东快递也真是够了。单号都不问就说送了最后说太多记不住，早干嘛了！！！
还不错，酒店环境很好，设施很齐全，周围是商业街，旁边有很多知名的饭店餐馆，步行或者打车去商场都很方便	一部便宜的商务手机!	外设计不错	下次网购再也不买这个了 到了六个 拔了四个 前面三个里面都软的 有股味道 。
给老爸买来用的，听听音乐，看看文件，上个网足够了	很好的一个酒店。比路桥的南苑e家性价比要高的多。早餐非常丰富！超值！座便居然是带清洗的，我住过的酒店这是独一份！出门正赶上下雨，向前台借了一把伞，居然不要任何担保，这份信任让人感动！椒江、路桥、黄岩地区我肯定是作为首选了。补充点评 2007年12月20日 ： 光表扬，忘记批评了！酒店的空调不制热，问了前台，结果到我退房也没给我结果。还有个好消息，酒店换床了！据说被子也要换。那就更完美了！	用了才一个月坏了，通话时扬声器会突然自动一会儿开一会儿关	本人是在春节后2月27号入住的，该酒店很差；说是四星级，可是服务完全没有到位。我共住了五天；三天服务员进房间就是叠被子和补一次性酒店用品；地上都没有清洁过；我第一天掉的小纸屑到第三天连躺的位置都没换过；真可笑！晚上很吵，开门声音很响；实在很差；建议大家都不要去住了。
配置不错，不到4K可以双核+独显，性价比很高。经测试为完美屏，运气不错。	黑号系统，用户是分等级的，低利润用户就抽不到券，还不承认，所有活动都会设置可以参加的用户 自营很棒，第三方赶紧睡吧。进口牙膏口感不错，包装简约，价格实惠，卫生巾吸收很彻底，丝袜摸起来很顺滑，果汁味道很纯正，全球购不能开发票！第三方不能买运费险！	买之前，看到广告上说：D1070有摄像头，而且屏幕达到26万色，铃声也达到64和弦；朋友那个手机一千出头，没有摄像头，屏幕和铃声都没D7010强。可买了没多就，问题就出来了，开始是翻盖处不灵活，接着是摄像头启动极慢，有时屏幕严重失真！！......	服务态度不好，极差，前台态度恶劣，房间卫生不干净，诬陷客人照成，要求客人赔偿
第二次买了，买了两份，品质很好，很新鲜，比外面店里的好吃多了，吃完还会回购的，	还可以噢，外观看上去挺鲜嫩。有一个是中心坏了的，不计较了。味道是酸甜，不是甜。个头大部分比较均匀，有两三个是歪了的。总体好评吧，希望做的更好。	轻薄，CPU够强劲，加了附送的内存跑Vista还可以，正在犹豫要不要换XP。准备找个蓝牙模块装上去――还是等过保了再说。	不说别的，真的实惠，还没用，多，快，好，省，后期补评价
好用，感谢京东，这是一次很愉快的购物。	位置不错，购物方便，但是房间太小，同等价位在东莞这个地方没有竞争力，服务一般，前台都不懂得英文，酒店也不够大气。	离地铁口徒步5分钟，交通方便。但是我订的是高级客房691元/天，没有窗户，进房间后一股潮湿霉味，无法入住，加了230元，住进高级套房，结果还是出乎意外。 套房的厕所和寝室，只有窗帘隔开没有门，厕所的味道直冲寝室。房型的设计不合理，厕所和洗浴间紧靠窗户，寝室在中间，客厅靠门。也就是说寝室和客厅都没有窗户。 结论是以后到深圳再也不住这家酒店，在深圳订房时一定要注明要有窗口的房。	买了很久才评论，什么都不想说，和在超市买的就是不一样，一棵星是给派送员的！
个头均匀，包装很结实，比外面小点买的档次高	毛线小脚裤，桶裤还差不多	价格有点高，电池电量消耗过快，机身容易留下指纹，其它的还没有发现！一点人情都没有，赠品一样都没有！可恶！	差评！买过最差的平板了，充电很难插进去，开机软件还有使用记录和别人的照片（哎），伤心，想想退货太麻烦，买来就是看漫画的将就用吧。
性能很不错。显示跟运行速度给力。支持国产芯！！！就是背后的弧形有点失望	这是我买的最慢的一件京东商品，	蒙牛该倒闭蒙牛去死吧	不好吃???，不如本地2块一斤的?！上当了！
像素低，真的挺渣的。其他没啥问题！！！看直播有点发热！问题不大	这个酒店的设备很老，不像3星酒店。房间的设施像80年代的。	不好用！第二天就考不进去东西了。	水货手机，**的手机，天天手机信号也没有，甩用得太快了，在也不在京东上买手机了，假货，假货
刚拿到这套书。每本书都很薄，丰富的图画，简单的句子，每本书都是通过替换简单的单词来重复同样的句型，这种方式来学习，应该不辛苦！CD的歌曲很有意思，就是第一课中的一段音乐太长了点，弄得你莫名其妙。孩子7岁了，上一年级，学了有四年英语，在幼儿园学的。培养了语感，但单词都没好好记过。通过这套书，应该能够让他好好记记单词。就是价钱太贵了，都是影印的，一套就要127元多。能便宜些才符合中国国情。	不如超市便宜不如超市便宜不如超市便宜	不好用，在也不会买了	襄阳的京东快递太慢.......太慢！（4天才到）打联系电话还不接......！这样的服务.....视为TCL（太差了）！
非常不错的酒店，环境很好，空气也很清新。我一起入住的同事还建议我们公司的年会就到这里来开，呵呵	"第一次在他们家买，还害怕质量会不会有问题,买了以后穿了一下，质量还挺好的,重要的是不会褪色，卖家态度非常好，物流速度很快,是一次满意的购物，下次会继续光临"	个头小，看着还行，是冰的。苹果有一个有点乱，整体比想象的好些，打蜡不会看。	裤子和商家说的不一样，松松垮垮的，不适合20多岁的人穿，40岁的人穿是可以的。准备拿去改下，看看能不能穿
颜色款式跟卖家描述的一样样的。面料做工都不错。	质量很好，材质手感不错。	不是很面，味道一般，不如以前好吃了	真心垃圾，都不如*的洗发水，懒得说了
v系统和XP系统能做到二选一就更好了，毕竟大部分人还是更偏爱XP系统。	收到啦，挺快，包装挺好，至于好不好看图片自己鉴别吧	是正品吗？为什么瓶子后面二维码下面有个3而不是一个图标	地摊货，上当了，我三种颜色各买了一件，外包装却不同，质量也不同，让人很难相信是一个牌子
收到货后非常之好，我用之后再评价。大品牌。	还不错吧，刚开始用	原以为红心会比白心的甜，实际切开尝了下，啥味道都没有，第一次京东上购买生鲜，体验较差	没窗户，不好，真的不好！
活动买的，以前买过他家衣服，这次购物很不错	收到以后大致翻看了一下，目前只学到第二章。感觉非常不错，内容翔实，架构也不错。有考情分析、主要考点、知识框架、考题解析、同步训练及答案解析等，对于我这种主要靠自学的人来讲，可以帮助我更好的理解教材内容，起到事半功倍的效果。有点美中不足的地方，就是印刷的字体稍微小了一点，看起来有些费力，大概是为了给大家节省购买成本的缘故吧？可惜我宁愿花高一点的代价来换回更舒服的阅读。	真的很实惠哦。。。隔着箱子都能闻到清香味儿。。保质期要到20年呢	就在机场边上，离机场太近了，所以总会听到飞机起降的轰鸣声，窗户隔音不太好。
一收到就立刻开机，换装了XP SP3，使用将近十个小时后才进行收货确认。 散热不错，键盘使用起来比较顺手。 有外接显示屏的接口，SD插槽对我来说很有用。蓝牙驱动装好以后，我自己因为有购买蓝牙装置，所以比较实用。 开机就进行了出厂和驱动的备份，所以光驱用起来还行。一般的本本光驱都会有一些噪音和振动，算正常。没有坏点和亮点。自己下载网上的驱动后，用起来还蛮顺手。	"附带的XP驱动盘没有正确的无线网卡驱动,也没有快捷键等软件,需要自己去网站下载."	质量太差，掉色非常严重，穿了一会手上都是裤子的颜色。	这次买的水果最差超级差的就是这个火龙果了 不仅小还有一个坏的 都皱的不成样子了都不知道放多久了 打开一开直接都扔了 还不如水果店十元三个的 闹心啊 从来没有这样闹心过
个头大小适合我(*?-?*)早上吃苹果是“金”，还不用担心苹果个头太大吃不了。京东自营的送货就是快，让几点到就几点到，还直接送到手上、又优惠???以后就在他家买水果啦……超级脆甜多汁	平板收到了是原厂正品！很好用！很漂亮，很喜欢！第一次在京东买平板电脑。真心的不错！以后可以放心的在京东买电器了。之前看到有些不好的评价犹豫了很久！现在看来不管什么还得自己亲身经历，光看评价是不真实的耽误事！	上周二又来住了。这次住的是大床房。有个最大的问题，给了我一间装修味道很浓的房间，进去以后一下子鼻子很不舒服，开窗开了大概半个多小时后才稍微好些。也没和顾客说最近装修啊，以后能不能不要给有装修味道的房间？	收到包裹打开箱子满箱子全市粘糊糊的洗发水，一起买的别的东西也都污染了，洗发水撒了半瓶，狗东！
一，昨天订的平板今天又到了，非常漂亮，半边脸都挡住了，就是有点大，音质不用问了，哈曼的，反应很流畅，目前开机使用情况正常，运行王者荣耀流畅，其余待使用后评价。	总体来说还可过得去。我们入住时，房间还未打扫，和酒店人员反应，马上处理了。房内设施应该只够三星！宾馆反馈 2007年7月27日 ： 现在正值旺季，酒店的入住率较高，所以出现了上述情况，我们对此表示歉意。目前酒店已制订了一系列的相关措施，以保证旺季能及时安排清晨到店客人的入住。我们十分感谢您提出的宝贵意见，希望您下次有机会能再次入住我们酒店。	"我07年10月19日入住,确实是休闲的好去处,有空还会去.不足之处是山庄酒店菜色一般,入住那天不知为什么上不了网,虽然叫了人来查看,但还是未曾上网."	新手机连电都充不上，屁大点事搞那么复杂，差差
一直支持班尼路，适合学生阶层和工薪族，质量可靠，价格还可以。	东西很好用。。。东西很好用。。。东西很好用。。。东西很好用。。。	后悔，失望，建议买之前去别人家看看，我后悔是买完了才看的，发现这是最贵的，而且，什么都没有，别人家还有膜，皮套什么的。唉	物流太慢了 开始是货到付款我给取消了 然后联系客服说不取消了给发货，客服说可以发都能查到JD的物流单号了 等了10天时间还没到 我问客服竟然说没给我发，草了 重新买了 网银支付的 让给快点发顺丰 还收我运费20多 只能说这太JB坑die了 啥也不说了 下次i不来了
活动时给老公买的两条、质量很好是正品、先屯着以后穿	1、没有驱动，自己还要去下驱动。 2、屏幕不是主流的，这个是14寸，16：9的，看起来显得小了一些 3、键盘的感觉不是很好，是很容易进灰的那种	今天刚到，适了一下午，屏幕清晰度很差劲，速度一般，耗电量一般	前台服务态度好，但该店极不隔音，一夜未眠，走廊吵嚷声不断，隔壁说话声就像在自己屋里，关门声此起彼伏，刚入眠再醒，位置离各路公交站都不方佼。
快递很快。口感不错，爽脆清甜，夏日小零食。减肥作用。祝生意兴隆。	对我们老年人来讲，还可以 非常满意，看看电视剧方便。	好，物流也快，就是安装费花了200，有点贵。	服务还可以！别的和招待所水平差不多。网络经常不好！不值得推荐！
烟台红富士昨晚吃了一个还挺甜的，就是个头不大。	"在南阳来讲总体还行,毕竟可选择少少,总体性价比有些偏高些"	东西不错啊。就是包装怎么那么脆啊。估计快递人走路上都是来回摔的。打开全都坏了。按压的那个直接断了。漏了一盒子。哎，头疼，想退货人又经常不在家，麻烦死了。算了。东西还行、	"一星都不想给，这个也太小了，没有70mm,和超市差多了，"
大牌就是不一样，信任京东，物流太给力了	有两个苹果有点坏不过其他的还好	最差的购物体验	个头实在是太小，完全没甜味，跟吃萝卜一样，一星给快递小哥
刚收到水果很新鲜，送货很快，给快递师傅点赞！	削了皮吃，还是有一股农药味。而且一点不甜。剩下几个没吃扔掉了！无语	洗发水是假的！跟商场买的不一样，二维码也扫不出来！	根本没休闲的根据，一星都不想给，只能说。。。
配件齐全。照片效果不错，而且有自拍、闪光灯性能。手机的一般性能也行了，象信号，铃声都能接受。	宝贝很喜欢 质量不错 物流超快	"总体来说房间非常干净,卫浴设施也相当不错,交通也比较便利,唯一的不足之处就是早餐每天的内容都是一样的.实在让人无法忍受"	再也不买东信的东西了！我2003年4月买的，一年多了，几乎无法忍受！1、信号特不好，在同一房子里东信没信号，其他的有信号。2、总是在电源充足的情况下自动关机。3、通话质量也很差，通常只听到字的前半个音。4、售后服务不好，我在本地电信局买的。不能换，只负责维修，一修就不知道要几个月。5、不能下铃声，不能下图片，作为一款新出炉的彩屏机真失败，连早几年出来的黑白机都有下载功能。6、电源盖总是盖不紧，容易进灰。7、待机时间太短，我一般是用一天就要换电板。8、背景灯时间太短。9、游戏太少太烂，俄罗斯方块操作设计不方便，玩过的朋友都说烂。10、打电话时如果来短信，仍然是短信原始声音，耳朵不被震聋也会暂时失聪一段时间。11、反应迟钝，看以前的短信要等待几秒，取消拨号也是要等待几秒。
裤子质量很好，颜色正。稍有些大，整体不错。	不是每个人在成长的时候都有一个美好的环境，指引你走向健康、成熟的心智旅程。也许一些坎坷、挫折在心里留下的影子并未随时间流逝，而你又无法自己解脱。苦苦寻求外界的帮助又迟迟得不到要领。某年某月的某一天，无意中翻到一本书，那似曾相识的场景，那些捅破多年来心里隔阂的窗户纸的文字，带着感激的心情用心浏览一页页解惑的篇章。感恩的心，感谢命运，感谢有你，让我有勇气做我自己...	装系统麻烦，XP要改IDE装，然后再改回ACHI 装Vista有点慢，而且搞不定激活	穿一次扔了，各种沾毛，黑变白
物流真给力，京东的物流一直都很棒，东西也很好，满意	酒店周围环境好很好，是个度假的好去处。打车直接让前台叫就可以，还比较方便。房间比较干净，面积也挺大，比一般标准间要大一点有个单独办公桌，很方便。	"酒店的环境非常好,但是房间装修一般,比较旧.服务也不错,有24小时送餐服务.虽然设施陈旧,下次还会选择这里,因为酒店的环境吸引我碰巧是桃花开花季节,非常大的桃园,开得很灿烂的桃花!值得!"	不好，不好，，，，，，，
总的来说很不错，环境很好，特别是早餐，很好，很有竞争力。我过年这几天综合比较几个四星级酒店的早餐，还是他家的最好。	近日亲临，确实不错，较泉州的其他高星级酒店舒适	"线头一大堆,居然商标都没有，最差劲的一次购物"	差差实在大差了
做工精致，手感也不错 。质量不用说，手机就是P9plus.	热水器很好用啦，	"1.) 订了330的超豪华标房,房内有电脑,但每天上网收费50元.房内没有免费瓶装水.2.) 第一次给了一个没有风景的房间,推开窗看到底楼餐厅的玻璃屋顶,强烈要求换房.然后换到一间,结果窗外两个大水箱,不知道是否CTRIP上订的房间都是这样的.3.) 房间的空调有时会突然不制冷.4.) 阳朔很美,还会再去,但肯定会换酒店."	不甜，爸爸非常不满意！浪费钱了，不好吃
很高兴看到药药终于完成了这部新作，也算是填补了国内bjd娃圈专业书籍出版的一个空白，为新入娃圈的新手娃妈或即将变成娃妈的亲提供了一份较详细的养娃指南，值得鼓励。书中，药药以自己的口吻生动道出了一个娃妈养娃的心路历程，如数家珍的介绍了她家的少爷们，同时，也让大家看到了药药的一份执著和热诚。衷心希望药药和紫玉继续努力，打造出属于你们的完美华丽的娃娃世界~	酒店设施很新，细节问题处理非常好！服务人员的态度非常好，很喜欢，已经多次入住，以后还会作为杭州出差的首选酒店！宾馆反馈 2008年8月11日 ： 非常感谢您对酒店的肯定和支持，您对我们的肯定是我们前进的最大动力，我们一定会再接再励努力为客人提供高品质的服务。忠心期盼您的再次光临。	酒店位置很好，中山陵里面，梅花山旁边，走过去很近。但是房价和价格不成正比，大堂很豪华但是冷清；528的房间很干净，服务也不错，只是设施陈旧了点，比如马桶盖居然是看起来旧旧的塑料盖，房间里面的椅子也很旧了。若价格降到300到350还差不多。	不好的一次购物，内包装差劲，打开包裹发现有泄露！已经联系售后换货！
热水器很好用，商家服务也很到位，很诚信的好卖家。特此给予淘宝最高荣誉，全五星好评！	"2008年1月16-20日,C楼405房间入住.也是看了前面的兄弟给的评价去的.大厅正中央挂着5星级的牌子.房间内2个字""巨大"".整体感觉不错.可惜电视要是壁挂的就更完美了.进门左手,会客市.可以玩麻将.前走.左手卫生间.5电吹风必备.再前卧室.也是大.感觉不错.性价比高。去广安的朋友首选."	价格稍微高了一点。 上网本的CPU还是差了点 第一次开机的时候分区要注意。想要把D盘再分，可以通过右键－我的电脑－磁盘管理－删除磁盘D－重新分区－重启―格式化-ok	之前很喜欢明晓溪的书，之前没买过，只买了这一本！书的质量挺好的，但是基本上全是连载，没办法，就只看了几个后面的小故事，感觉一般啦！要想看完这些连载估计还要买很多的书，所以一下子就没了兴趣，因为在看最小说嘛！而且在这两本杂志中，最小说是不可撼动的，所以不准备再买了，就让它继续待着吧！但对这本书还是肯定的，有喜欢明晓溪的朋友还是尽情的支持吧1真的很有明晓溪的特点！
此型手机样式挺好看，轻薄，机内功能多，支持真人真唱，40和弦铃声，拥有5倍数码变焦，5级亮度/饱和度调节，5种拍摄模式，多角度自由拍摄是个挺不错的手机。	老公很喜欢这裤子，本来打算给爸爸再买一条的，结果涨价了，裤子的价格也不贵，质量挺好的。好评五星	618好给力，叠加活动券下来就*，可惜券不够呀，送货快速，态度好，价格便宜，没理由不买那，日用品都在京东买了，超市不用去，还送到家门口，给力。	快看完了，虽然有些地方不是很明白，但是，也从中学会了认同和放下。有的东西，不是你想要就一定能拥有；有些事情，不是你一直抓着就会幸福；有些人，不是你珍惜他就不会走～我们要学会认识真正的自己，知道自己究竟是谁，然后正视自己，正视他人爱过。痛过。哭过以后欣然接受，你会发现你的身心将无比轻松。。。
基本上没有缺点，因为他的缺点是所有笔记本的缺点：为什么还不能升级其中的硬件以便做到永远不过时呢？（基本上是一种梦想）	"环境尚可,房间也够大,但地毯较旧,够得上五星,但是酒店里的食街较贵"	就是接打电话而已，新机子为什么每天都要充电？很不满意。不建议购买。	3个火龙果中1个烂了没法吃了，想找客服也没有。奇葩
这条裤子非常棒，非常喜欢，下次还要买！物流很快！总之就是很棒啊?	走廊上极噪 估计是乌合之众的住所 根本没睡好 害得我考试时候晕糊糊的	本来是可以送礼品的，提到礼品了居然不理了，真坑，还能不能愉快购物了，一点售后保都没有，下次不来了	买了三个华为手机，这次最差，以前的电池能用两三天，这次的居然一天都用不到，怀疑是别人退货的。差评
"地段不错,房间虽小但干净,适合商务活动."	分辨率太低，无法使用！	十号下单，20号没收到货.期间致电客服，说双十一忙，让我等，后又说帮我补发一份，19号之前到，至今无果	就这拉链，根本拉不动，穿的时候生怕把自己小弟弟给夹了，叫我如何给好评
裤子已经收到了，质量和以前一样，无论是手感还是穿上的效果都是特别棒，大爱这家宝贝，喜欢的不要再犹豫了，赶快下手吧！	还不错，穿着很舒服，衣服料子也还好，也很便宜	在京东上 买了那么多 东西 这次是 最差的	差评，其他的不大但是也还好，可是放两个这幺小的是什么意思
习惯好评，还没吃，吃了，再来追评！	地点很方便，就在火车站附近走路3分钟，但是因为第一次去竟然打了车被司机宰了个起步价，唯一的不足也是离火车站太近了，火车的声音比较麻烦，谁让徐州自古就是交通要道呢，呵呵。如果有可能下次还要入住。	不是特别好有开线的地方	网上买水果还是不太好，有虫眼，不满意
很喜欢这一段，写得真好！和以前的描写都不同。看着文字就像是一幕幕场景在眼前走过，呼呼大睡靠在小厉门前的写意，偷偷看着糖葫芦想吃的眼神，穿着阿衍长大衣一脸奇怪的写意，穿着羽绒衣有着一头柔软的毛茸茸头发的写意，全是阿衍的写意，全是他心里眼里手里的写意，刻在瞳孔里的写意。痴迷地跟着阿衍的写意，不知道的是正当她无知无觉地粘着小厉的同时，正一分一分流进阿衍的血管里，顺着血管流进他的心脏。	非常好的商品，物流也快很好的商品	没什么香味！强健发根，希望有效	能斗好强的个性让人不是那么舒服。个人不太喜欢。如果人人都要以这个为榜样，那职场就变得太可怕了。
裤子质量很好，店家推荐尺码很合适。我男朋友穿着很合适很帅气。推荐大家购买哦	说了送梳子的都没有！	衣服与照片不符	什么破东西 又小又不新鲜 不如市场超市的 太差了 第一次购买 不会再买了 差差差 跟描述不符 根本没有300-350g 太差了
收到了不错 一个盒子里装的 挺满意的	感觉还不错，和之前买的一样，之前买的89一瓶，6.18搞活动两瓶才95还送了一小瓶，还送了吹风机	"一般,周边比较荒凉"	瓶子本身包装外观还可以，只是买了两瓶，有一瓶送来的时候居然漏了，发票也泡坏了，不满意这次购物
最近一直在京东生鲜买水果，品质有保证，价格合适，全程冷链物流，物流也很快	1、回来装系统搞了好半天； 2、内存还是有点小气了，虽然够用，但无论如何都要升级的； 3、价降得有点快了，现在是3799了，买了没几天呀！ 4、重了一点。	马马虎虎，质量一般	这幺小这么贵太不值了，这都是赠品
裤子很合身，弹性不错，刚洗了也不怎么会掉色，挺不错的	早上下的单，下午两点半就到了，神速！好好好！	感觉没有说的那么好！海景也一般，给我安排的是很偏的海景房！房间给升级了，不过是吸烟房间，晚上回去发现问题严重，后来给安排了1台空气净化器，问题算是解决了。房间很大，不过形状不好不实用，到是挺适合加床的！装修和配置一般，不能算豪华了！班车很方便四周也比较安静，商业一般！	夹肩，不好，做工不平整，根本不合身尺寸偏小，一点不好看
裤子质量很好，夏天穿很舒服哦，并且卖家发货速超级快\n\n\n\n\n\n，最重要的是它不起球，下次还在这里买	果子大小合适，个个完好，确实脆甜好吃，下次再买。	物流很快，平板用着也挺好，就是没有数据线，，，	不行，也不修身。买完就降价30。。绝对差评。
这是第二次购买！真心感觉不错！纯棉的！物有所值！	收到用过后才来评价的，质量，包装都很到位，效果还不错……	酒店位置离虹桥机场很近.硬件也好.自租餐服务尚待提高.	GP的价格保护，忽悠人，京东人为设置种种障碍不给你成功申请价格保护。对京东的好感归0。
质量不错，物流也快，卖家态度也好，已经是第二次购买了，给5分。	机器很好用，大小正合适，音效强大，电池稍有点不足！总之瑕不掩瑜是部好机器，值得拥有！	我感觉这次像是买到的洗发水有一大股味道，估计洗发水有点问题	客户反馈：一般！不怎么样！ 一般！不怎么样！
性能不错，价格适中，还在京东买了一个无线AP，感觉不错，无线看电影也不卡。比无线路由器好多了。	走出武夷山荘的客房犹如进入了景区，晨雾缭绕，空气清新。酒店区位的确是武夷山独一无二的。我住的是5号楼（普通标房）房间是旧了点但够干净哦。很有特色的水帘餐厅就在楼下，边享用美食边观赏落地窗外的巨大水幕，别有情趣哦，我连着两晚都在那里用餐，不错不错！	"配置合理，速度较快，没有系统，没有软件。屏幕没坏点。外观还可以,第一次买本,没啥经验也没有多少钱,送给妹妹的礼物,她高兴就好了."	效果很垃圾，后悔了，不能一点头屑都不去吧！
很好，参加活动比超市便宜，还不用排队往家提，有了京东，超市再也不去了，好评！	玩游戏 发热快	赠品比想象中要小点，目前没有使用	洗完头发有头皮屑，真心瘆得慌，已经买了也只能这样了。
除了百香果有两个稍微不大新鲜，其他都堪称完美。	"不错,的确不错,很方便,也很安静,空气好~!唯一不足的是,床垫对我个人来说有点软(我定的是大床)"	到货玩了几天，玩玩王者有点卡顿，其他一切都好。不知道能不能换	哎，大家莫要买了喝喔。蒙牛应该也有问题，我喝还是不喝啊？
水果很新鲜包装也很好有点冷水的。发货快物流好，全五分好评。	蒙牛纯牛奶加麦斯威尔咖啡。。。味道不错。	不好用。长头皮屑。	这一次买的质量很差，非常稀，味道也变了，不像惠润了
618之前买的，说是保价，享受便宜价，结果618还是降价了。不过总的来说超值吧。两个750，两个100。以前经常用活力运动型，，现在换个樱花型用用，毕竟C罗也用清扬。不过到货的时候有点泄漏啊。	不错，物流也可以，毕竟这价格	不支持蓝牙红外，短信只有70个字，要精心对待不然就会死机，内存太小，网上很多的铃声游戏都不支持，没法从网上下载QQ软件	差评！联网真心不行！经常连不上网或者断网！手机卡WiFi都一样断网连不上
通话质量还可以。铃声一般，不是很大也不很小；外观还看得过去，价位也不高，新奇的功能一个没有，基本功能较齐全，能满足日常使用的需求。	手感很好	回复 网络危机公关做得很不错，希望品质也能如此 我向您保证，蒙牛还是很好吃的。	不多说 觉得很垃圾 问题很多
快递真快，热水器已经安装好了，售后服务态度挺好，而其东西不错，质量挺好，用起来很舒服。谢谢卖家！	采购囤货，买少了，下次继续。	你的完达山真纯 我的蒙牛纯真~~~~	地理位置优越，距离机场只有13分钟路程。打电话询问酒店接线员态度不好不耐烦，房间比较小，设施比较简单，卫生条件看上去还好。我住的288元房间wifi信号很差，早上想坐5点的车去机场，说没有只有4点和5点半太不为旅客着想了。赶5点半到机场要么太早要么太晚。说好返现50的问前台他说没有，要我找携程，可恶。
裤子版型不错，洗了也不会褪色，布料摸起来也感觉好好，而且最最关键的是穿起来好帅，分分钟被我哥帅一脸	一直都用这个牌子，每次都是做活动囤货，比超市的便宜好多，用着也不错，京东快递一直都很给力，看好京东！	苹果，我买九个的，很小，然后也不甜，不是很好吃。	手机收到后，在能退货期间出现过问题，但是卖家说升级这升级那，就不会有什么问题，在能换货期间有出现问题，又解释说重启或root就好了，半月内出现了五次问题，开机键不管用，屏幕不灵。卖家说你可以拿去厂家修。我真是醉了，一开始那么相信卖家。刚买没多久就这样，分明就是有问题，现在卖家就是说超期不能退换。超期他们也有责任，只是给顾客说了声抱歉。很不满意。我建议大家考虑好在买。另外这些问题都是手机本身的问题啊，差差差
很好很划算，一直用得清扬男士，也比超市便宜，相信京东自营。	这个是不错的萍果，直得买，个头还好，有萍果味，跟新鲜的无差别	苹果?味道我就不说了，反正外面打了一层腊	无窗，临街还很吵，房间有异味，用品不齐全，服务各种不行，要什么东西都提供不了
信赖京东，苹果没的说，个头也大，买好几次了	前后买了三次吧，算是屯够半年的了，确实挺划算，	东西是正品，非常好用，第二次购买了。	酒店房间设施已经比较陈旧。入住的房间内柜门和床的靠板有皮质表面脱落，非常难看，是在如家汉庭这种经济型酒店里也看不到的景象。浴缸下落水的旋钮居然是用白水泥（？）修补过!空调开至30度最大档，也不给力。傍晚，没有客房服务为你整理床铺。总之，不像五星……
很好，还会再次入住。晚上有钢琴演奏。。。	裤子有点偏小，本来物流慢，不想换了	你确定这个不是假冒伪劣么？这的比较稀啊，洗过之后涩涩的。能退货么，这还是我熟悉的清扬么。	买回来觉得挺好用，充满电可以用很久，但是还没到一个月，里面的屏裂掉了，开不了机的，我滴个神，什么产品呀，这次的京东客服也让我很失望，不管什么是产品原因还是什么原因，只看了图片就是这个不在保修范围内，就这样不能修，还要自己直接去找华为的客服，7月份买的就这样完了。下次在京东买东西还是要注意，在京东还算是金牌会员，以后不敢买了！
包装精美，苹果很甜又脆，超级好吃	下单等了三天才到，包装的非常非常好，纸盒泡沫盒袋子，没有碰坏的痕迹。到手的时候还冰冰的，保护措施很到位。苹果酸酸甜甜的很好吃，水分也很足。有一两个碰坏了的痕迹。	苹果?很好，京东生鲜真的很好，继续支持京东商城～	可以投诉吗？烂掉了一个，特别臭，说是70的果，实际上大部只有60，真是失望
送LP的，她非常喜欢，外观漂亮，装系统也很方便，跑XP速度很快。	货物来的晚了三天。索性用着和以前的没两样，挺好	性价比较高!现在看都没有了!庆幸自己出手了!自己用着非常不错!就是不知道为什么没有进网许可	收到书就随手翻看了个大概，觉得一般，感觉有那种各种中医书上再摘录整理，用自己的语言加工过的感觉，而且写得很粗糙，像是随口说说，而不像书。后悔买！不知道作者的工作什么是什么，但就此书看来，非常不专业，也许是想出点书也过过出在的什么人都能出书的作家瘾吧！
物流超快，下单第二天就到了！用来看电子书和视频很棒！电量也耐用，喜欢！！	"我们一家三口在岛上住了一天,总的感觉还不错.沙滩海水无得弹,很多珊湖石.在携程订观海木楼,山下几间房是看不到海的,一定要山上的才能观到海,有点遗憾.在岛上吃得还能接受,就是什么都要现金,另外晚上有很多小动物."	苹果包装太差劲了，打开包装已经有一个完全烂掉了，很多脏水!	手机基本没用，键盘空隙太大，最重要的是内存太太小了
上次买部不带打电话功能，刚好这次618京东做促销又买打电话功能m3平板电脑，质量一级棒，做工挺好的，就是没听筒，自营送货就是快上午下单下午到，	赤裸裸的商人 有一半是特别差的 明显是专门好坏放在一块 差评	这个一星是给京东的包装，没有填充保护，盒子边角变形压破了，东西还没用，用后再追评	评分是给快递的 苹果有很多是烂的
不错布料很好穿上去很舒服还要再卖一件	大堂很气派，湖景很不错。住的是嘉宾楼，好像不是五星，房间里硬件很一般，尤其是毛巾，质量非常差，跟开元的名气差太多。服务倒还说得过去。强烈推荐东营的蓝海国际大饭店，硬件、服务、早餐都很好，可以参考携程上的评价。补充点评 2008年7月7日 ： 对了，我住的那个房间马桶还漏水，浴帘很脏，浴室地面上有很多毛发！！！难道迎宾楼和嘉宾楼有如此大的差距？？？重申一遍：我住的是嘉宾楼的标准间，408一晚。	不好用，这个价位不咋地	两天就起毛，洗两次变色
试了一下。感觉不错，检视了下，很好，值得购买。明天洗一下，看看色牢度如何。	吹风机也没有，东西还破了，哎太没有爱了，让我心情很不好，很失望，。。。。。。。。。。。。。。。。。。。。。。。。。。。。。。。。。。。。。。。。。。。。。。。。。。。。。。。。。。。。。。。。。。。。。。。。。。。。。。。。。。	便宜不是货，月工资超*建议不要买。	苹果很甜，就是太小了。比宏辉的好多了。售后服务太差，只能一星
这本书说实话不太好用，讲的东西不会让我觉得学到了什么。只是一些平时日常生活中用错的地方，在网上随便搜一搜就有。	我之前在超市买的洗发水也是清扬只不过没有这么便宜，用了好几年都没有掉头屑，这次贪便宜在网上买的用了一个多月都在掉头屑，本来不想评论的实在是看不下去了！谁用谁知道	这就是京东物品？好无语！ 欺骗消费者吗？瞬间心情就不好了	不是为了这一个，是因为全球购的另外一个，太气人了，要差评！
酒店外的周边环境还不错，酒店的保安服务态度很差，设施也老旧了，早餐好难吃，好多都像是隔夜热热端上来的，非常不值这个价，下次不会再光顾了！	发货和派送速度没得说，就是这货太让人心塞了，坏成这个样子都不知道放了多久，都发霉了，恶心，再也不去这家买了	很失败的一次网购，都没收到货，货就不见了	"非常糟糕的酒店,住了1天,停电两次,酒店装修的材料很劣质,甲醛的味道让人睁不开眼睛.地理位置也很差,打车很不方便,每次出去都要让前台提前叫车."
不错，挺过非常新鲜，非常好吃，已经吃吃苹果，经常在京东上面购买，还会再来，购买了非常不错的头街，购买隔天就送到	的新专辑《年轮》发行后备受好评，在刚公布的2012年度蒙牛酸酸乳MusicRadio中国TOP排行榜入围名单中，《年轮》获得内地最佳唱片和内地传媒推荐唱片大奖两项提名，将与许巍、曹方、曲婉婷、郁可唯、尚雯婕等一同争夺。竞争激烈，无论获奖与否这都是对雅莉歌唱事业极大的肯定。@黄雅莉歌迷会	蒙牛回收篡改奶：何不重罚以儆效尤？	很一般，总共2个，有1个到货的时候就比较蔫了不新鲜，另1个也不甜。
昨天早上定，昨天下午就到了，速度不错！还坚持让送货的等我验完货了再走，服务质量不错！本本看上去很不错，本来就是看看电影打打游戏，这样的配置这样的价格是很合适的！	先买了小样尝试下，价格30，不便宜，东西真心不好，洗了很毛躁，头发就像草一样	第一次买苹果很小，而且水分不足，没有超市的好，再也不买了???	给家里老人买来看视频的，一天也用不了多久。结果使用了才一个多月，触屏就失效了 点击没有反应，返修一次，结果还是一样。非常差的购物体验。
线条硬朗，轮廓清晰，做工上乘。转轴可把屏幕以180度展开。键盘手感极好，打字噪音小。三星完美屏。磨砂屏，适于商务应用，长时间使用不易视疲劳，可自动调节屏幕亮度。电池容量高达56Wh，续航能力强，可使用3～4小时，电池芯是韩国的，控制芯片是三星的。内存是三星的，双面8颗粒，时序6-6-6-18。硬盘是希捷的。光驱是三星的，模块式。电源适配器为薄片式，由台达代工。笔记本整体散热极好。	"装到U盘果然这次认到了马上格式化然后进行GHOST,嘿嘿结果大家该猜到了装好了，不过后头的事情还有很多哦，装驱动是最最麻烦的了，"	一般般，不知道是真是假的？	以前我请你喝蒙牛，现在我请你吃肯德基和蒙牛！！不信，你还不死！！
机器外观很不错，干净，整洁，手感很好。 完美屏，音响效果相当棒。 性价比相当不错，5000以内的本本我觉得相当的值。	"装修前也住过几次,现在感觉完全不一样,非常不错的一家4星酒店,早餐也很丰盛,下次去嘉善还会考虑住,出来就是市中心,就是房间的隔音差了点,隔壁的电视声音也听得见,还有浴室的灯是感应式的,但感应范围好像不大广,人在浴缸基本感应不到,会熄灯..."	换的大号 还不错 大小合适了	"订了两次这家酒店,遇到都是几乎相同的问题,我在备注里写的很清楚,""不临街,安静,高层,不要KTV上的房型,""不知道什么原因,是携程没有把信息传给酒店,还是酒店的理解有问题,第一次给了我?"
王者荣耀每个时代都有自己特别的英雄，比如宫本李白之类的	质量不错，老公很喜欢 ，。穿上很舒服	装系统比较麻烦。搞了一个下午。屏幕大了点，还有就是重啊！呵呵	第一次买！这个包装也是厉害了，?????
脆甜很好吃很不错(*?╰╯`?)?	这个是500ml的，比750的小好多，不过整个套装一起也算比较划算的	机子不不错、	冲这个标题，连一颗星都不想给! 确定这是170-210g的??!!    还酸不拉几的
几天前买了一条，穿起来舒适、有弹性，款式也新鲜，大少刚好，比本地商品便宜，有超值感觉！三免一也值得推荐，店家厚道，给你一百个赞！	潘苹果真的很好吃，一打开箱子就闻到浓浓的香气	苹果新鲜、好吃、非要好、满意。	假货！假货！假货！千万不要再买了！还不给退货！最后一次在京东卖洗发水了
还行 续点 背心男 无袖背心男夏季宽肩v领男士健身休闲汗背心	洗发水不好，没有泡沫	不新鲜的，大家不要买，京东不知道是不是要倒闭了	料子和拉链的质量都很差，与路边***的货差不多，做工差线头特别多～将就穿，以后都不会买这个牌子。
不错的一款产品，没有碰触，包装很好！打开用了几天才回复！真的很不错，手感也很好！色彩也不错！孩子很开心！主要是给孩子刷题买的～就是待机时间有点短～看电影的话也就两三个小时吧～不过这个价真的值了！总体而言，真的很不错，物流服务也是非常好～～所以必须给五星！	第一次在京东买苹果，299减120活动非常划算，苹果个头基本相符，颜色非常漂亮，每盒有个低于标准的，190克，可以接受。12个5斤半左右，苹果水分足，很甜。希望多搞活动。	刚从那儿回来。的确离大相国寺很近，离鼓楼夜市更近。但酒店住宿环境极差，标准B间在四楼，没有电梯，拎着箱子爬层高很高的四楼可不是一件轻松的事。房间里极其浓郁的异味，通风条件极差，又不敢开窗，因为对面居民区养了几条喜欢狂吠的大狗。总之下次去开封不会选择了。补充点评 2008年5月2日 ： 还有热水开了很久也不热，浪费啊！不过，前台接待是热情的，笑脸相迎。	这个小店可能是因为在使馆区，住的外国人比较多，服务态度就差了一点，素质比较低，对于签名还要问你：这是写的什么啊，我都不认识。入住首先就让你签订一个贵重物品丢失不赔的协议，给你的第一感觉就是一种不安全感，以至于我们出去吃饭的时候，都把笔记本电脑背上。本来预定了3天，住了一个晚上，第二天赶快跑吧，以后是不会再去了。还不能刷卡，招待所都不如。
衣服收到了！物流确实给力！?裤子质量很好！是修身款的，很潮流！	根超市里的差不多	这里服务各方面不达五星级标准，早餐特别不好	质量太差了……我都无语了，真的浪费
《生命的教导》上册是一个人类工作者开悟的成长历程。他把赚钱更多的是当成一种社会生存的工具。一次偶然的机会，我经历了生命的蜕变，瞥见了自己的完美，虽然我现在依然徘徊在需要被需要的层面，但那动人的生命之源让我无法停止再次见到它的渴求。当我看到了瑞哈夏对内在存在执着的探险，我为此感动。那也会成为我的路。我也想成为那样的一名咨商。在这之前，我先要成为自己。	鄙视蒙牛！再也不买蒙牛任何产品！！！！ 人渣！ 转发微博	跟地摊货一样，质量太差了。	无窗房空气流通极差，房内留有极度严重烟味。房内空气流通设备无效果，室外温度15度，房内高达29度，空调都没用，绝对的黑名单
裤子质量很好，尺寸很好，不会掉色！满分！	苹果?吃起来挺清脆，味道很好，包装也很好，签收时京东小哥专门让我检查一下看是否完好，服务挺好的，早上8点多都送过来了，速度啊	妈妈说非常好，谢谢店家，会继续支持	真不知道京东自营的采购是怎么选的供应商，难吃到极点，皮非常的厚，我想说你自营这么做，生意还能做下去？
飞扬的洗发露第一回买，刚到还没用，不过看起来不错哈，嘻嘻	"这是一本小学读物,用以前评书的方式去写书,深得小学生的喜爱,至于中学生是否也喜欢就不得而知了,作为成人的我,不是太感兴趣."	太小了，还有商看图片。以事实为依据	在京东商城平台购物最失败的一次，完全地摊货。
实在是太舒服了，价格实惠，穿着舒服，而且弹性也很好，没有异味哟！果然强大?，棒棒哒！喜欢就赶紧下手。我也是看到了就立刻下单了！暖暖的很贴心，客服人也很好！	套装很实惠很好用物流速度快味道不错去屑效果好	苹果大小匀称，甜脆，第二次购买了。京东购物方便快捷，快递员负责	质量根本对不起这个价，也太水了吧
裤子收到，老公很喜欢，裤型也很好，穿上很好看，面料穿着也舒服，下次还会再来	圆通快递送货很快，服务也不错，给个五分，给家里买的，家人都很满意	正本书是同事让我代买的，她是位国家二级心理咨询师，同时她又是位很称职的妈妈，她女儿刚满4岁，按她的话说这个年龄是接受家庭教育的好时机，她常会买些儿童看的书给孩子阅读。我同事说这本书的内容围是围绕着作者女儿成长的经历写的，其中，作者的做法对家长们在家庭教育上有一定的借鉴作用，一般可阅读到到孩子上学后，还是比较值得购买的。	宝贝收到啦！质量不错，非常喜欢
好小巧玲珑呢~精致~没有噪音~散热好~ 刚开始拿到手里，以为是假的呢，因为太小了，像是小孩子的玩具呢。女孩子用刚刚好呢~太pp了~~我的小白~联想的这个机子，超值呢~喜欢死了~~吼吼~方便呢，可以放在随身的包包里头~~	给4岁的儿子买的。故事的内容很实用，上幼儿园啦，海边堆沙子城堡啦，幼儿园挨罚啦，商场走丢啦，都很切合孩子平场的行为，基本都碰到过。就是现在孩子有弟弟妹妹的情况不多。故事语言很孩子化，图片也非常生动，儿子很喜欢的。不过一本书的内容并不算多，感觉刚上幼儿园的孩子会比较适合。对4岁以上的孩子来说，稍微有些偏简单。	今天准备用，应该是很好用的，用了再评	很棒，可惜不送钢化膜和耳机，就一个普通膜。运行速度挺快，屏幕清晰，色泽鲜艳，快递也很给力。
小巧，安静，外观漂亮，电池很持久  小巧，安静，外观漂亮，电池很持久，京东送货很快！	裤子不错，摸着手感很好而且还便宜，物美价廉呀！	拿到的时候感觉质量比想象中好点，而且挺轻的（这未必是优点……），屏没坏点，当然，最重要的是便宜实惠。	出差在外，本来很担心在酒店能否及时收到货。结果按时收到，以后即使出差也可以通过京东网购了?
所长，干脆点，梦个蒙牛！我相信猛牛	连套子都不送，有点不爽。原来是微卡，还到移动店里剪成了迷你卡，移动的美女也该赞一个！	苹果太小，味道一般！感觉不值这个价！！	没用几天就黑屏开不了机了，买给老人家用的，真是无语。。。。。明显是二手机翻新的。。。叫我如何是好
1.超薄设计，轻巧灵便。2.屏幕显示效果不错。3.MP3音效相当不错。	还不错～～～～～～～～	很大的味道，直接全部扔掉，好在京东客服不错，申请了售后，很快解决了^_^	一分钱一分货！送快递的兄弟态度差！
键盘可以适应高速打字，比较出乎意料，可以聊天使用了，比原来的9寸的本确实好。电池的待机时间还可以，用win7，开无线，蓝牙鼠标，播放了2小时的高清电影，5.5小时。电源适配器很小巧，符合上网本的定位。	故事是精彩的，虽然在中期通过书名和故事情节能够揣摩到作者意图，但作者话说一半的写法成功地让结局出人意料。书籍以情节见长，但还是没有逃脱多个天才人物布局解局，又惺惺相惜的传统写法。从书籍的营养上讲则没有什么可称道之处。花3个半小时就能读完的原价28元且以后不会再碰的侦探书籍比比皆是。不过情节上的缜密和叙事方式上的拿捏仍然让该书在消遣功用的发挥上让人身心愉悦。总的说，还行。	太差了吧？小的跟鸡蛋一样。几次在京东买火龙果，都是极差。疯了，京东采购员怎么采购的。以后不会再啊买你家的火龙果了。气氛!	太差 服务很差 床太小咨询跟住完全不一样
非常满意喔。物流超级快，下单一天就到了，质量超级不错，老公穿着特别帅，大小尺寸都很适合，颜色也很耐脏，喜欢的亲们都可以赶紧购买了喔	马先生的收藏系列，一一读下来，看到这本画册，虽然价格不菲，仍然忍不住要买一本。自己本身并不是学建筑或相关的专业，但翻看下来仍然觉得叹为观止。正如马先生所说，中国史五大建筑文明中唯一以木质建筑为代表并完整存续的文明，而有趣的是，中国自古以来，并不将建筑作为艺术的一种，认为是“匠人之作”，而偏偏这些匠人们，创造出来让现代许多建筑家惊叹不已的作品。中国古代的门窗，除了承担出入、透气透光的功能以外，更因为中国文人形而上的追求，被赋予的多种含义，今天看马先生的书，不但了解了中国门窗的演变，更能细细欣赏门窗雕刻工艺之美，加上书的印刷精美，马先生的文字洗练，确实是物有所值。	分区时出现拒绝访问，怎么分都不行，请求帮助！ 送的1G内存条，怎么安装呢？应该不能自己擅自安装吧	麻痹，差评，箱子里面竖对角线放着，填充物没有，把你爸爸压坏怎么办
衣服到了迫不及待看了看 真心不错 面料也好 老公回家看了 很满意 下次还会再来	"在洛阳的酒店中还是不错的,餐厅也可以,服务也不错."	给我妈买的，适合岁数大的眼睛花的。就是不太方便携带	这几次入住感觉不如以前了，服务质量在下降，原来房价含早的，现在早餐也不送了，原来餐厅就餐感觉很不错，现在明显上菜的份量比以前少了很多，下次再去南通考虑换一家试试了
货收到了，质量不错，款式喜欢，材质挺好的，做工精细，物流很快看着还不错 还没穿过 希望质量会不错 期待	裤子的质量非常好，穿着很舒服，以后买裤子就来这家，便宜又实惠。	已经买过好几次，东西真的不错，服务也好， 什么都好	﻿一直信任这个购物平台，每天都会买水果，每次都期待不一样的体验，这次购物特别心塞。一点都不新鲜。欲哭无泪
书本身是不错的，虽说是一篇篇短小的游记，但读来却感觉是小小的散文一样，让人身心放松。周末起的早早的，坐在阳台读一两篇，感觉尤其好，能让人精神小憩。不足是好像不论什么小镇，介绍起来字数都差不多，像是定好了字数去写的，有些很好的地方感觉没有说的特别到位，惜墨一样的感觉。还有虽说每篇都有一两张图片，但配合文字特别介绍的特点应该有匹配的图片更好些。	回复 我的雷滴老天爷啊、我一平民百姓这么小的人物随口一说您都发现了、我好幸运、好幸福啊、谢谢您 、爱蒙牛的酸牛奶是我近六年的喜好了、我不得不承认我爱这个品牌酸牛奶、我喜欢这个味道、即便包装袋换了几次、但味道依旧让我心动。您好，感谢您对我们产品的	"三人房和商务套房都不错,房间很大,适合一家人去住,厨房设备齐全,还有洗衣机.补充点评 2007年12月21日 ： 但房间设施和用品就非常一般,大概2星水平!!!"	插座只有一个。太不好了。 看其它的是4点1。 实际的情况是地板脏，厕所臭，附近还没吃饭的地方， 差评！
物流很快，裤子不错，是我喜欢的款式，颜色和图片也没有色差。而且这个价格买一条这样的裤子也很划算。质量不错，摸起来也很舒服。	作者对于某些电影“表面粗糙”、“内里光滑”的分析，可谓入木三分，为理解那些貌似触及现实而又让人觉得哪里不对劲的影片提供了一个清醒的视角。这个角度在导演来说也许是讳莫如深的，也许是不自觉的。而不管是回避还是无意识，这种对于现状的屈服都是有害于艺术真诚的，或者他们所做本来就与艺术无关。	我没有想过还会买蒙牛，可我控制不住，太狠了…	一分都不想给，连个快递都不会送，第二次送到家，要是别人不告诉我几别人百块钱就白花了，
通过别人介绍在此住过两天，感觉总体服务很贴心，住的11楼的房间，床很舒适，因临时改变行程，打电话到总台帮我订了机票，服务效率很高，很快就送到房间，整体给我的感觉很好。	挺甜的，个小，不是很脆那种，但是也没软掉	衣服偏大不开心，就是想给差评！！	有一个烂苹果！恶心，这么贵还给烂的！
这次去广西在金都住了2天，一次普通房，一次豪华房。规规矩矩4星级。服务很好，房间不错，离火车站步行10分钟。性价比很好。当然广西整体房价不高。推荐。	酒店的房间不错，非常宽敞，背靠音乐学院，很安静，经常有美女出入。缺点是此楼是商务用房，很多小公司在里头，还住了不少学生，高峰期间电梯有点繁忙，半天不到，晚上有骚扰电话，网速比较慢。周围吃饭，消费，酒吧等都很方便。	包装还是很不错的，如果快递时外面的箱子与平板盒子中间有气泡膜保护就完美了。外包装看着还可以，好像大一号的华为手机。	果然和之前人家评论的一样， 前台接待跟死人一样的， 要么不回答， 要么不超过5个字的， 人家还没有说完就挂掉电话了， 真的是让人无语，反而打扫卫生阿姨都蛮好的
京东买苹果还是不靠谱，太小太难吃了!!!不会再买。	垃圾啊，太菜了，裤脚一大一小	太差了，质量不好	烂的，京东就这么烂！在京东网购退货率超高！为什么就不能好好做？
物美价廉，快递及时，价格合理。	到株洲出差，可选的酒店也就是它了。虽然是株洲机车厂出资搞的，但是因为来往的内外宾多，总体感觉还是不错的，前台和服务员都还训练有素。	这家酒店有点差，1）登记大厅客人的座位一个也没有，2）房间味道大，家俱及装饰都很旧，不值得入住，3）前台客服服务差。	差差差，差到了极点，什么75毫米？有60毫米就算不错了，在京东买东西那么多，第一次遇到这么黑心的商家，记住这个品牌，以后再也不买了
非常便宜，还送了赠品，非常的划算，物流也是很快的。	一直用沙宣，这次买的很便宜了，已经最**的价格了，还用了***	我是为了能生头发买的，希望有效果	质量差的没话说，只能认上当了。
质量非常的好！纯棉的，颜色也很棒。	24块6个和23块12个的区别。这个比较实惠，经济实用型，追求口感和美观的话不适合。	环境一般，卫生间不够合理，服务总台的服务待提高;距离浦东机场较远。	说实话，这裤子做工还有材料都很差劲，首先做工有一些零碎小线头没剪干净，然后就看到后面口袋那里有一个破洞，翻开一看，里面有一大堆线头。再说说材料，布料摸上去是发硬的感觉，并不是那种柔软带弹力的手感。穿在身上不是太舒服。
在他的诗中始终贯穿着爱与美的主题，在对大自然的讴歌中抒发了对自由、理想、爱情与美得渴望，在对人生经历的描绘中无不蕴含着对人生真谛的探索。他对物欲、剥削、压榨、暴力的社会极端的厌恶，他离群索居，就是渴望内心的精神自由。他认为真正的自由意味着人性的升华，人主宰自己的命运。《先知》表现了万物统一和生命超越这一主题思想，他认为人类要实现生命的永恒就有超越死亡。	"总的来说比较满意，服务好，热情周到，因我们带了小孩，在我们出去玩好回来后，帮我们换了家庭房，房间干净、温馨。房间比较小，不过按这价钱，性价比还是满好的。因为酒店位置较好，离天安门10几分钟路程，离天坛也比较近。酒店东边的前门大街,正在拆了重建。如坐地铁，到前门站后，从到大栅栏那个出口走出地铁站，然后过隧道向南，一是往左一点直接走进胡同，往南一直走，看到门头牌子写着“大栅栏”，然后走进“大栅栏”，就是“粮食店街”，再5分钟就到了。二是往南沿着“煤市街”走，走到看见“云居胡同”就拐进去走到底。如坐汽车，则在“大栅栏”下，望前一点看见“云居胡同”就拐进去。如出去玩，可以走到前门乘地铁，或从“云居胡同”出去到“煤市街”、前门做公交，几乎能到北京各景点，很方便的。"	六个火龙果烂了两个！！！果特别小，绝对上当了。	太差劲了，根本和实体店的不同
房间内的家具确实够老了，而且被子有的地方没弄干净。但总体来说服务不错，前台小姐很热情，虽然出了点小问题。早餐还是比较丰富的，但显然是给外国人准备的。中餐元素太少。不过看老外的架势，我们以后一定要吃好早餐啊！宾馆反馈 2008年7月14日 ： 尊敬的宾客：您好！烟台中心大酒店非常感谢您对酒店提出的宝贵意见，并将完善好酒店每一个服务细节，期待您的再次光临！	"总的来说,这家店不错,就是环境有点吵闹,设备坏了也不维护,我洗澡的时候,差点被懂感冒,洗浴室的窗户把手坏了,冷风直灌,哎,不过早餐还行."	不好，一点香味没有，大家一定不要上当，都是骗人的	京东快递送的没京东标识就算了，这水果前天中午买的昨天上午到的打开一看有一个坏的离谱（发霉了?）这苹果估计是打包好久了吧 还鲜品我都不想多说 这个都不知道放了多久了 这坏一点还是可以接受的问题是你这坏的腐烂了
机器非常好用，就是忘了买摩托买包，如果有可以做一套的这种套餐就非常好了。	阿送货快，没有坏果，也甜，不过呢，不是我喜欢的种类，没那么脆。	服务还可以，酒店是差了些	买了两箱，只有两个跟宣传图片有点像，有纹路，其他都是红的，感觉很差，别人买剩下的。苹果不新鲜，个别上面有划痕。苹果长的很难看，歪歪扭扭的。
分享图片蒙牛冰淇淋月饼包装很漂亮，味道也超赞！	1.不用说那华丽的大屏，看到1600万象素我就傻了～2.合盖不清桌面，这个很有用啊！编辑短信到一半合上...打开还能继续。	很好用，挺好的	黑边太恶心，有时会卡！
质量不错，功能也算较齐全。铃也还可以。价格也能接受。性价比比较高。	一次买太多了，图估计都搞乱了，但真心便宜。	商品很好用，又送四瓶小瓶vs ，服务态度又好，下次还在这家买。	京东涉及欺骗，买的时候写的是大果4个，后来又变成中果4个，中果还不新鲜，又老又蔫，真恶心
发货快，第二天收到，挺好用的。	蒙牛纯牛奶。。的包装～～～～好漂亮。。。不知道味道有没有变。....刚刚搞到我以为是芦荟味道的。。	不是说还有个小赠品呢！怎么没送呢	蒙牛曝三聚腈胺，换成伊利; 伊利曝致癌，换回蒙牛; 蒙牛又篡改临近过期产品的生产日期，又换回伊利……看来得去香港给自己买奶粉了…
且不提它的字和画的排版，看起来那么舒服，光是那纸张摸着都觉得感觉很好。很久就知道有这本书了，这回是想送给朋友的孩子才买的，送之前自己就先看了。这一看不要紧，居然让我看着看着感触颇多，而且不知道该用什么语言来描述自己的感动和感悟，我只知道，看完一遍居然有一种心灵被洗涤了一次的感觉。但愿所有的人都能从书中得到最美的享受并唤起自己心灵深处的那份淳朴的不加修饰的真善美！如果那样的话，我们的社会一定会更加宽容和谐。	第一次网上买苹果，看来还是去水果摊自己挑的好，这个跟超市买3、4块钱一斤的没差别，不过也没有坏的，凑合吃	水果不新鲜，这么热的天，连冰袋都省了。不敢恭维	一颗星都不想给，衣服洗了一次，两个袖子下面的线就开了
东西很划算，还有赠品，沙宣大品牌，值得信赖!	入住豪华房，房间很大，但是有些设施显得有些陈旧。拖鞋很舒服。淋浴房漏水。还送水果，很不错。酒店的送餐不错，价格不算贵，量也挺多，味道也不错。check out的速度很慢！	总体环境不错 服务也很好 细节上处理的不错	VISTA游戏真的很慢！！！开心玩偷菜都偷不到！！！ 用了10天还是换了XP
很好，参加活动比超市便宜，还不用排队往家提，上京东，超市再也不去了，好评！	款式很满意，价格合理，服务到位，发货及时。	房间蛮大很干净，除了前台左登记右登记，上来敲门再登记，然后还打电话来登记，其他可以满分。	不满意衣服太大了，可以当睡衣穿。
囤货，朋友介绍这款不错，趁活动买来待试试！好用会再入手	最近大半年（2007）的周末都是住在这家酒店的。价格适合560元的高级房还是不错的。酒店的服务态度相当好，门童很客气，设施也蛮好的。酒店的销售做得也不错，时常看到一个大团入住。出租车还是蛮好叫的，门口是周家嘴路主要通道，可以去市中心。停车有时候有点紧张。总之，这是一家值得住的酒店！	将此书推荐给所有的父母与孩子，其实也就是所有人，因为就算不是孩子的父母，也是父母的孩子	物流配送速度快，东西质量也还行，就是果子太小了！
这苹果挺好吃的，口感不错，水分也很好，没有发现坏的，都挺好，快递也很给力，拿到水果时候都感觉水果冰凉凉的	称了一下一箱苹果的净重是2.1公斤，这点跟宣传的2.8公斤相差太大。苹果水份足，但是不是很甜。包装很好没有磕碰的，但是有些苹果的卖相不好。	刚买就掉价。。实在不想多说什么了。东西其实挺好的。就是价格经不起跳水。	连接无线平板会卡，质量太差
以前也在京东上买过，水果，现在觉得还是京东团队直采比较好，第三方我觉得还是差了一点，生鲜这一块，可能对，采购的生产地啊，还有配送这块要求比较高，希望京东努力能够拿下这块，难啃的骨头。继续支持。	价格实惠，买完降价，客服给我退了差价，很不错。尺码偏大，购买的时候注意一下	"房间内饰尚新,服务也比较好.稍感不便的地方是坐电梯的时候必须插入门卡.(虽然目的是为了客人的安全)但是实际上给客人造成的不便估计更大.从楼层到地下停车场需要到一层转换电梯.还有值得注意的是部分房间内部有和隔壁房间的门.这种房间隔音效果差.一般隔壁看电视,干什么事情的声音都能听见.如遇到这样的房间建议换房."	不愧是国宾馆，深宅大院，门口还有站岗的，里面有警卫处，一般人都不敢靠近，就是院子太深了（进楼还得走老远），没有自驾车很不方便。房子不错（虽然仅仅是便宜的7栋），而且还有两瓶免费的矿泉水——是我住的长春三家宾馆中唯一的，就是早餐不咋地——是三家中最差的。
呵呵正想通知你们中粮的朋友呢！好奖品！事实证明，不只蒙牛需要我们的900ML天谷，天友乳业也积极跟进了哦，发哥威武 @天友圣提斯	买了3件，先试一试下次不错了，可以在次买，也不知道。脱毛不	"相对于这种酒店,房价应该算非常贵的,而且还有旁边的楼在施工.早上4点多钟就开始干活.吵的人睡不好,更可气的是Check in 的时候服务员不告诉你."	生鲜都不配送上楼不知道快递怎么的，苹果一般没有陕西的好
裤子收到了，质量不错，款式挺时尚的，料子也不错，快递也可以，很满意。	是白心的！我买的是红心出的是红心火龙果的钱。	质量差，裤子只穿一次就裂开，现在差不多都光着屁股呢！	差评差评差评差评差评差评差评差评差评差评差评差评差评差评差评差评差评差评差评差评差评差评差评差评差评！！！！！！    这是本人第一次给差评！！！此家产品垃圾到位，质量有问题还拿出来卖，好评都是刷的吧！！！！垃圾产品，奉劝各位别像我把钱打水漂！！！    买件衣服因为天气问题没临时就穿，这两天拿出来穿了一次就开了。找客服直接说是我个人问题，跟他们没关系。我想知道买东西的都是脑残吗？买完给弄破再去找你们？????如果可以我一颗星都不想给，衣服质量有问题还不承认！给大家看看这衣服的质量，还有这家的服务态度！！！    京东就是这种服务态度，还有什么可信度！
快递员非常给力，京东也给力。	地理环境不错，但对面一直在盖楼，门前的街道打车不方便。	散热较差，2400XT待机状态下60度，CPU也60度，很烫 音箱效果太差，声音太干，这是唯一让我不满的地方 内存是单条1G，要升级成双通道，不好配内存	为了赶早班飞机而入住的，条件真的不咋的，态度也有点生硬。
音质不错，很好，屏幕也很清晰！很喜欢！	还可以，第二次买了，京东生鲜还可以，但有一个坏了	我原地小复苏后我妈问我喝的啥牌子牛奶？我说，德国得。我妈说，你看吧，国外病毒更可怕，直接整中毒，都找不到赔偿，还不如喝蒙牛呢！	购买29的裤子小了、换30回来一个样、只能说悲哀啊。
好便宜啊，比商场里好多了！京东商城品质保证，这个已经购买了很多次啦！	"内容只是一般,总感觉是翻译翻的不够好!语无伦次,没有重点.只是简单的把韩文翻译成白话文,没有特色!"	你们的货太慢了，要一个多星期才到货	"东东没收到,网上讲已送到,无语,以后必须货到付款."
真的很好吃，每个苹果都很大，水分很多，酸酸甜甜的，好吃！	去过日本以后，非常感谢这本书救我了无数次，尤其是那个不通英语的国家，没有它真感觉很无助。连我爱人都夸我买的很实用。坐新干线3个小时，我都在听它附带的mp3，掌握了一些常用的话，学了一些常用语气，同团的人都夸我“专业”。呵呵	质量蛮好的，包装不错，发货速度快	吃起来不方便，味道也极度难吃，以后坚决不买蒙牛了，只能说好奇心害死人！！！
苹果很好吃，下次继续购买，快递员小伙子人很好送货时正赶上我搬家具，他帮了我很大的忙很感谢他。给小伙子5分。	很好哦的苹果，是京东统一配货的	不错好用！音响效果不错。	长癌了 不敢吃啊！好失望 第二次 再也不想买了 香菇蓝瘦
这种包装我都怕平板被摔坏了，除了包装其他都挺好的，没有发现什么问题，后期再补充了	纪事，不像小说，文学爱好者看不下去，上班族打工者还可以看看消遣，文学艺术谈不上，没有欣赏的心情。宣传过于夸张了。我读书速度还是偏快的，但是这书读了两晚上才60多页，我喜欢的书一晚上能读150－200页。	太慢了，看来生鲜果菜物流跟不上。	请那些老拍广告害小孩子的傻逼明星们看看，顺带呼吁抵制蒙牛！
愿意吃苹果，应该不错，尝试一下。	我为什么喜欢在京东买东西，因为今天买明天就可以送到，而且还有送货上门。我为什么每个商品的评价都一样，因为在京东买的东西太多太多了，导致积累了很多未评价的订单，所以我统一用一段话做为评价内容，省时省力，还能得京豆。总而言之，言而总之，在京东买东西方便方便超级方便。	跟很多买家一样遇到了表面金属标牌划痕问题，但知道没法退货，去商场看了样机，基本每台都有划痕，所以不知道是RP问题，还是普遍现象。使用中有散热问题，但基本能接受。虽然有蓝牙图标，但其实并没有硬件支持。	苹果卖相差，味道差，总之一个字，差。
1、样子还算漂亮； 2、性价比还算是比较高的； 3、屏幕很好，亮度够；	京东忠实粉丝，超市就在家门口我也不去，就是要在京东买！！！	质量差，不建议购买	"救命呀，遇到黑店了,房间小而且脏呀,服务态度也差(员工都是上海人，没有客人的时候保安,前台服务员都坐在一起聊天),天拉!怎么给推荐这种酒店呀!"
一直购京东超市苹果，靠得住。味道好，新鲜。吃完再买。	第二次入住，酒店的服务还是一如既往地好！入住的时候，一杯香浓的咖啡立即奉上（冬天是姜茶（喝过），夏天据说是酸梅糖）；在前台要求借用电熨斗和熨衣板，结果人到六楼的时候，服务员已经送到房门口等了；开夜床的时候有送果盘，上次入住的时候被送过小毛绒玩具，这次没有发现，就问服务员，结果解释是一天送小公仔，一天送巧克力，当天送的是巧克力；由于我这次只住一天，就试着问服务员能不能给换一下，没想到服务员马上就给了两个，而且巧克力照样留给了我，真是温馨啊。	华为很不错但得更新系统就没有联不上网络的错误	苹果真的不咋地，外观很垃圾，与图片不符。吃起来亢亢的，水分丢失，建议大家不要买
一看就喜欢上了，反应快，音质好，看电影和听歌很棒！	感觉还不错，一直喜欢用潘婷，但洗发水要经常换下用用。小瓶的主要是为出差准备的，三天左右的出差，不会带行李箱，100毫升一下的可以直接不托运带进机场，直接过安检。	蒙牛要幸福。。。	分辨率偏低，而且刚买完四天就降价，客服还以秒杀不参与价格保护为理由拒绝客户的合理诉求。
强势点一波赞！系统是熟悉的EMUI5.0，应该是5.0，就最新的那个。因为用的华为手机所以操作习惯并没什么区别，一如既往的流畅好用！屏幕清晰！夏天了，室温30+℃发热也不高！电池给力，满电能用两天！就是充电不是太快，可能因为不是typec。躺着玩pad不如躺着玩手机，这个pad有点重，躺着玩累！还有外放音效！给力给力给力！比什么皮皮虾iPad强太多/斜眼笑。APP实测，主流应用和非主流应用都很顺畅。游戏实测，阴阳师是不卡顿的别的没玩。	裤子老公已穿了一周，是比较满意的。因为长短哪啊！宽窄都比较合适，与实物相符，这次拍的宝贝，顶，顶，顶。这个照片，可是洗过的啊！	其他的都还好 快递小哥服务太差 你东西放我家店里不就行了 我爸妈都还在店里呢 我刚好在上卫生间 一直在那儿哇哇叫我名 接起电话都能听到他在那儿哇哇 好笨的快递员	合下来*一斤了，苹果却很小，无光泽，外观也不好看，反正不是红的，难看死了。很不值这个价，超市里*的也比这个好太多吧，两个字，差劲！！！！
裤子质量很好，版型也很好看，物流也很快，总之是一次非常满意的购物，还会第二次再来的	真心不错 这个价格有这款神机也是值了 赞一个	慢慢慢慢慢慢慢慢慢，等得花儿都谢了	竟然漏发，不好的一次购物，对京东失望了
烟台苹果确实是最好吃的苹果了。	裤子质量好，面料不错，穿着好看	还可以吧，换换口味夏天不能老吃西瓜	冲着品牌买的，一点都不好用，用过后又痒又起头皮，差评
蒙牛真果粒真实水果+醇香牛奶！完美搭配、天生是绝配！蒙牛真果粒邀你一起来感受天生绝配的奇妙滋味，分享你的美丽心情！ http:t.cn/zO5LPfb @mark	#蒙牛百变大咖秀# 我很爱蒙牛优益c的哟\\^O^/它已经成为我生命中的一部分，伤心的时候想喝它，开心的时候更想喝它所以，你知道怎么做的啦。	不好 头皮屑 就味道好 不要买	"房内设施简陋,客人很少,很冷清,很没落,没有象样的温泉,早餐是有人吃才开火,而且什么都没有,下次不会再选择."
外观好看，做工好，散热非常不错，是见过最好的，比想象中的要好，，价格实惠，满意	早餐太差了，不值得入住但是上海延安饭店位于延安中路，介于繁华的南京路和淮海路之间，邻近静安寺商业区、上海展览中心；酒店三面环绿，环境幽雅，交通便利。	满怀着期待购买了毕淑敏的《女心理师》，阅读之前对这部作品充满了期待，因为我已读过不少毕淑敏的作品。非常喜欢她用平实而又富有哲理的简洁的语言讲述的一个又一个故事，特别是08年读过的《女工》，连续读了很多次，非常喜欢。说句心里话，读完《女心理师》感觉有些失望。虽然我是一个学理科的人，但非常喜欢阅读。这部作品的主人公贺顿是一个由于自身的出身卑微，但又聪明、有一定追求的人。在不断的努力下获取了心理咨询师的资格，为了开办诊所，嫁给一个内心厚道但根本没有感情的男人。我不知道，这样的女主人公带给读者的是什么？同时，作品中的几个故事远远脱离日常生活，看着就感觉作者纯粹是为了写作而写作，毫无价值，除了有几句话让我留有一些印象外，其余的看完书后就忘记了。真是失望！	书中有7页的缺页，确切的说是7页的白纸，你们倒是省墨了，可苦了我，看起来没有连贯性，有时不知所云，故事情节连不上，让人非常的讨厌。
质量很好，做工扎实，大小合适，颜色跟图片描述一样没有色差，很满意。款式很喜欢，穿上很好看，服务热情发货快，不错不错！	包装特别好，很新鲜，物流快，快递小哥服务也好	一般吧！号有点大	酒店有一面的房间对着墓地，定深圳出发的香港自由行特惠套餐给安排的房间都是靠墓地一边的，介意的朋友，建议不要选择这家酒店，或者订豪华房。
京东速度就是快！好大一套，够用一阵了。小的出去玩携带方便。包装好，满意！	价格便宜，服务好，早上买，下午就到家，非常方便，京东的东西质量非常好，一直相信京东的产品，下次还会在京东上买	sony的笔记本就是样子漂亮，不过买笔记本这点我觉得非常重要，所以选它了	速度还是很快的，很郁闷的是苹果的一些游戏华为是不能下载的
交通非常方便，房间也不错，很适合一家出游	刚收到宝贝，就降价了，然后联系客服，马上给返还了差价，很满意京东工作人员灵活变通。坚持在京东购物6年，以后一如即往的陪伴.......	都是烂的，不要买，京东的水果越来越失望……	我只能说两个字，差评
外形很酷，再配上黑色很有个性，可以播MP3，可手写，发短信很方便，64和弦铃声很好听，功能也比较全面	千万别买，质量不好。	良好信誉的商家从小细节做起，抽奖抽到一半球热水壶上面居然写着 真货&rdquo;！！！！还有防伪电话，打过去之后 空号&rdquo;消费者都是傻子吗？？？？？？？？？？？？？？？热水器在 一号店&rdquo;卖599元。	太差，三个火龙果，小就不说了，一个烂了，一个里面不知道是啥东西！！
一直在这买，不错。这个算下很合算。快递小哥特好，送家了。	快递神速，宝贝很好，非常满意的一次购物。	衣服不怎么样 穿了一次就没有穿了	这个掉头发太厉害了。不知道是假货还是本来就不行。
还可以不错，看电影比手机要好多了。	头一回用华为的产品，刚收到正在前期使用中。	房间很一般，不过离机场近	前台领头的瘦瘦高高的化个细眉毛那个，对客人的态度太差了吧。我们好言好语的跟她讲，她倒叼起来了。说2点前退房，我们十一点前就跟客服打电话说要续房，她倒说客服说的没用。那你们不是一个酒店的？最后跟我们说我们的房间被订出去了。在别的客人订房之前，问客人续不续房这是最基本的，你们都做不到。
面料舒适度：衣服的质量很好，穿上很舒服，很修身，特有范，卖家的服务态度好，物流快，下次还会再来的。	特意买的礼盒装，我的天，九个苹果，有两个被指甲掐坏了，其中一个坏的厉害的被婆婆给吃了，不知道包装的工作人员眼睛干什么吃的，上图。	裤子不是一般的难看 真的一星都不想给 50块钱的裤子都比这条裤子好	再也不会在京东自营购买水果了，简直是坑人，不良商家，以次充好坑害消费者，买了12个西柚，6个火龙果，西柚不新鲜不说还有烂的，火龙果个个都不新鲜身上带着烂的斑点，请问你们京东是如何严把质量关的？为什么已经把烂的水果还要出库？难道你们的心跟?的西柚一样黑吗？建议大家千万别上当了，不要再买?商家的东西了！强烈要求退回烂西柚的钱，水果不值钱，关键有一种被欺**的感觉！
加在购物车里的，看到降价了赶紧买了一组，很划算。昨天晚上下单，今天早上就派送到家了，由于家里的门铃有问题，快递小哥就发信息提示把东西放在楼下小超市了，京东的服务态度很好，有需要回购，好评！	把喜宝的评论写在了这里。我的前半生，看完后，心理很暖。女人真的需要靠自己，只有自己才有安全感。一向我对婚姻都保持着理智态度，但遇到了对自己好的人，就觉得会这样一辈子的被宠爱下去。其实哪有这样好的人。总有一天，你变得不再新鲜。	挺好用，不错不错	不甜很酸不好吃 一星给京东快递服务
这个价格太优惠了，超市要比这里贵很多， 我相信用起来也不错，大家快动起手来买！	屏幕亮度不够亮，其他还好啊	蒙牛就是傻比	没有收到就显示签收了，害我白等一天，快递说因为电话没打通，，，，没打通就签收么，打不通就不能再打一个，客服只是让等，拆开包装后，上有一个指纹，不知道是不是新的，对京东刮目相看了
裤子薄的要死热天穿还差不多	差，不好	第一天买 第二天就降价 就这坑人商家？*的东西 就这包装 一个烂纸盒子 真不如*	我现在都不能用一句话形容自己的心情，第一;裤子质量暂且不说，第二：我就想知道我换的货呢，给我运到哪里去了，我人在安徽，一会说给我单号换货了，结果发到辽宁，现在又说发到上海，别人都签收了，你还跟我讲什么系统出错了，我就呵呵，到现在衣服都没收到，就让我确认收货 第三：你们还是个旗舰店，我都不想说什么了，服务态度这么差劲，几次找你们，不是推脱，干脆不回复了，忙，你忙个头，我就不相信几个小时你都看不到我的信息，我本来是主动要给你们协商的，你们倒好，直接不理不睬，我就呵呵，第四：还有我的毛衣，2天就起毛，还旗舰店，我也只能呵呵
特别好吃，像冰糖苹果，甜脆水份大。陕西苹果赛过了国外的苹果，比royal gala 好吃多了。	包装很精致，东西也实惠。不过发现秒杀都多2毛钱，其实完全可以不用去凑618的热闹啊！	个头感觉有点小，也没有以前新鲜了	不按服务约定提供饮用水，还要狡辩，不愿意改进。国外许多地方都习惯于直接喝饮用水，不因该要求客人喝烧过的自来水。两者不能划等号。补充点评 2008年2月5日 ： 这个酒店评为携程4星，我觉得有问题。有些评价不客观，有些评价文一会儿说是替来北京出差的人订的房间，一会儿又谈自己住过的感受，有猫腻。希望携程（听说已在美国上市，有远大志向）不要沦落成为街头拉客的公司。
东西很好，大屏、速度也快，能打电话、能装内存卡，适合娱乐，很满意	"很仔细的读了序,也一口气读了小半本书。确如序所言，星辰也有忧郁的影子，也有不可解的迷惑，不可化的孤独与寂寞。明明是某时某刻的某种情绪，却也会变成理性思维下的分析与解读，却也无法排遣内心的怀疑和不安。不知道这是不是他的人生的低谷或者脆弱期。看着看着，又找到看鲁迅的感觉，一面理性犀利，一面感性柔软。"	感觉太一般了，绝对没推荐的那么好	包装虽然好看，物流速度也快，可是，哎，买了个假货，洗头发都是头皮屑，，我没有头皮屑的人居然被这个假货洗了有头皮屑，，我也是醉了，以后再也不贪图小便宜，不在网上买洗发水了，，还是到实体店里面买真货，虽然贵点，但是值得。。
很喜欢！！买给男朋友的，正合适，质量也很好，不掉色~哈哈	价格挺便宜的，给家里的老人家用来看电视，挺不错的	第一次买，送保护套。第二次买就啥都没了，物流还超级慢！！2.9号下单，2.17号才收到！！	用完掉头发很严重，便宜没好货，家里到处都有我的头发，以前根本不会这样， 我同学很久没见我，看到之后竟然问我最近是否经常掉头发。就是从开始使用者沙宣 开始 掉这么多头发的头发的。 我自己也有发现。 第一次给京东差评。
非常喜欢这套书，两本，包括《闲情偶寄》和《漫话》。放在枕头边上，随手就拿过来翻一翻。不仅仅是内容，看着的时候就感觉像自己也生活在其中一样。每看一次都会发现有不同的小细节，比如阿乔被扣在了大罐子里，我是看到第三次才发现的，笑了好久。我家先生和我说，下次不许再买漫画书了，有机会一定拉着他下水，好好看一看，再出这种漫画他不肯我也是要习的。	看起来和摸起来不错，就是不知道耐不耐用，物流很快！	两个字：差评	差评！发票没我随货一起寄，耽误时间！
前几天刚买了陕西洛川苹果，前天又抢购山东烟台苹果，想对比一下，那个口味更好。节日期间，送货仍这么快，昨天清早就送来了，送货员小蔡真辛苦!??	服务非常好，锦江大厨的口味也很好。吃饭时，在野兔煲里面发现一根兔子毛，我想看看这里是怎样处理的，就向服务员提出。服务员马上汇报，领班表示给重新做一份，并把菜放在我视线所及的范围内。直到重新做好菜并送上来后，才把原来的撤下。后来快吃完饭时，又在空心菜盘子里发现一个玉米粒大小的土块（泥块）。提出后，领班马上表示在给换一份，并一再致谦。看到他们的态度很好，并且我已经快吃饱了，就表示不需要。最后领班还表示多送一份水果，我谢绝了。就是电梯里面的灯有点暗，头顶像蚌珠一样有16盏灯，还是觉得有点阴森森的。顺便说一下，附近的蜀渔坊特别差，餐厅内热浪滚滚，仔细一看，原来是因为厨房没有门，热气全跑到餐厅来了。最恶心的是吃到一半，桌子上突然出现一只蟑螂，向我的碟子飞快的爬来。与店长交涉（等了他很长时间，他解释说很忙，也许有许多蟑螂...之类的需要管理），他竟然说：“活物是没法管的，就是卫生部门的人来了，也不会说什么。因为蟑螂不是在菜里面发现的。”我靠，难道他们还想卖红烧蟑螂不成？	自己开的，这个真的不如天毛超市，希望你们可以继续在这上面努力。	宾馆设施陈旧，卫生很差，被褥潮湿
618搞活动买的，便宜的不要不要，还送吹风机，质量很好，信任京东快递很快	外观独特比较吸引人	单手操作起来非常不便。板载内存容量太小。摇杆短而且又滑，操作不舒服。	在京东最糟心的一次购物经历 居然能给我发个旧手机 虽然售后服务比较到位 也挺及时 但你自营店给我发旧手机这个问题 必须差评
买的是正品，质量很好，京东商城的价格便宜多了。	洗发水套装实惠好用，效果很好。	开始想退掉的，结果今天中午给送过来了，打开以后很惊喜，非常不错的平板，国产能做到这样真的超乎我的想象，还有强调重点，京东这次没有给我发二手这次！哈哈	商品不是真的！上当！618活动是不真的！上当！上当！上当！上当！后面的人注意！！！没有泡沫！没有香味！只有味道难闻！！！
好用，味道好好闻，比超市便宜一半，是正品！！！	一直以来对日本这个民族没有好感，但是，对他的文化始终有浓厚的兴趣，各方面的信息拉拉杂杂也了解了不少，但都不成系统，日本四书把人类学、文化、政治、历史各个领域以及和日本有着深厚渊源的学者的著作合辑一书，实在是善莫大焉，对这个民族的特质和历史有了很全面，有比较的了解！其中的诸多观点非常的有深刻性和预见性，常读常新！书的内容不必多说了，买来收藏非常值得。	二岁半的儿子一直喜欢贴贴书，买过很多，个人认为这是买过的最好一套。动手能力，认知能力，观察能力，对数学的启蒙都包含在了每一页的精彩画面中。更让我惊喜的是还有培养孩子好习惯和道德品质的内容，这下不用再单独买了，孩子喜欢，接受得也快。另外纸张质量很好，后面的几套也一定会买下来。特意将感受写在这里，希望对所有爱孩子的父母有点帮助，毕竟，找到一套好书送给孩子不太容易。	综合各方面的指标显示，本平板与小米平板2相当，但操作起来感觉没有小米平板2好使流畅。不过觉得有一点比较突出的优点，就是音响效果不错。
这本书是具有开创性的介绍性著作，内容全面，很多是第一次被译介到国内，值得一读。如果跟编译者之一张长军博士的另一本著作《美国情报失误研究》对照阅读获益会更多。推荐这两本国内不多见的态度认真的著作。问题是，这本书还有很多明显的校对失误，如果有机会再版的话，应当好好修订一下。此外，相关研究领域好像很不为人所关注。但是，我认为这个研究课题是很重要的，希望更多的学者能参与进来。	环境还算可以，房间也算比较干净，因为住的时间短，所以没有特别的感受，服务还是可以接受的，在南三环这样的酒店还不错了。	从最小说连载开始，我就对这个故事特别关注。刚一看，我还以为讲鬼故事呢。看仔细了，我才发现自己太肤浅了，在灵异故事背景的后面，是一段穿越时空和生死的爱恋。略一熟悉那段历史的人，都知道林怀锦是有原型的，作者按照这个原型创作了一个感动天地的爱情故事，在我看来，这值得人尊敬。听过很多人说，这本书写的不好，是纯粹的抄历史材料。可我认为不是这样，在大量的历史材料下，作者锐利的笔锋，鲜明的人物特点，都抓得很到位，她的写作风格也是我很欣赏他的地方。也许，不懂爱情的人，可以看看这本书。看完后，才知道，到底什么是爱情？即使没有在一起，缘分终究会把他们牵扯在一起。就如同书中的林怀锦和锦佩之，他们虽然从来都没有在一起过，可是他们的孩子替他们完成了他们的梦想，这也许是爱情的最高境界。	书不错，但是没有送我挂图！！！是什么原因？？？
做工真的很好，音质很赞，屏幕素质很好，16-17年第一国产品牌平板当之无愧。	追了两天剧，感觉挺清晰的，追剧够用了。电池充满后一直追剧的话几个小时。声音还行，耳机还没有试，看着样子不错。游戏下载了，还没有玩，不知道速度怎么样。对于我追剧的人来说，够用了。618买的，价钱还好。	洗完头痒，除非隔一天洗一次。不知道咋回事。	为什么商品描述是酷睿双核，而我拿到后发现是迅驰？ 打电话给客服，接电话的只会装傻，非常让人恼火！！！ 没人处理我的投诉……
衣服很好，就是买小码了，穿上有点小，	没有耳机不好	早上7点半到的酒店，本来要等12点才能check in，但前台说可以提前让我们进房间，本来印象还不错。但进了房间一看，中央空调没冷气，交涉，说中午12点会有，想想也算了。下午玩好回来，5点半这样，照样没冷气，交涉，又改说机房检修，晚上7点会有。向携程投诉。过了会酒店又给回音说晚上电路会跳闸，所以目前中央空调没开，可能七八点会有。言辞反复，没个准信，令人气愤，还是三星级的酒店。晚上餐厅用餐，点了香鸭汤，结果上的是鸡汤，服务员还理直气壮说你们点的就是鸡汤，问拿来单子看，服务员自己将香鸭两字涂去，写上山鸡。。。。faint 这样的服务水准竟然还是3星级，是我住过的所有酒店里服务最差的，而且离景区又远，交通十分不便	垃圾。一星都不想给
特别好用，经济实惠，玩游戏看电影的话用这个没问题，关键是便宜	本本很好用，喜欢华为，轻薄，音质也不错，就是刚买几天遇上降价，无奈哦	这个包装实在让人汗颜，洗发水都漏出来了?	"今年七月二十一号在958 598买的机子,不到一星期,就出毛病了,不显示电池电量,八月七号拿去修,说是主板坏了,并且维修站没有主板换,不知道什么时侯厂家能寄主板来,要求换一台,说过了十五天包换期.气死人了.难怪国产手机厂家那么或亏损、或到闭。我看CECT 的命运也好不到那里去。"
赠送的小包装赠品不少，价格也非常优惠，还是非常给力的	物流很快，上午买下午就用上了，赶上618活动买的，很优惠，希望不要出现质量问题，信任华为	真得大差了，	老死机，蓝屏，太刺眼了，信号不好，没有扬声器，通话时声音太小，１６和弦，太单调，发短信不方便，不像三星那样没有下一个字．
这个裤子上身效果很棒，穿上很时尚，料子也很好，好评好评好评！！！！！！！下次还会光顾	价格实惠 家用实惠装啊 活动购买的 很满意的一次网购 家里人很喜欢用这个 好评 有机会再来了	双核独显，商务机，性价比不错，值得购买，放在家里上上网挺不错的	垃圾的平板电脑，正在看视频两分钟就黑屏了！系统有很严重的问题阿！
"质量非常好，与卖家描述的完全一致，非常满意,真的很喜欢，完全超出期望值，发货速度非常快，包装非常仔细！！！"	儿子能来听歌	"首先是对快递不满意,本来货到了应该给我送来的,可快递员请假休息说第二天送,我等不及自提!开箱打开笔记本看到键盘帽都跳了出来,肯定是摔引起的,不过机器没毛病.京东为什么把华硕应该送的笔记本包给贪污了呀."	不好，个头小而且不甜，有点微微发涩，表示不会再买第二次！
裤子很不错，质量不错，穿着超级舒服，值得信赖。	外观比较时尚，适合年轻人使用，按键比较舒服，运行vista还行。	我三周前买的中兴c988，一直用得很好！最近老出问题，先是手机存了10几条概不到15条短信之后，如果再有人发信息给我的话，手机会自动拒绝，还会显示存储空间不足的信息，接着打电话接电话的时候，我可以听到对方的声音，但是对方却听不到我的，还有声音也是沙沙的，严重郁闷	我不想说，这是我买的最差劲的一次东西，有划痕，而且按键有问题，
在618购买的此款产品，价格当然不错了。相信华为产品的质量是很好的，目前一直使用华为的产品。	不止一次买这家的衣服了，从裤子到毛衣，没有一次让我失望的，不管是物流还是质量都是棒棒的，男票穿上都特别有型特别帅气，真的是物有所值。在茫茫人海中能找到这样一家店真的很幸运，话就不多说了，以后有需要还来你家，值得强烈推荐(⊙o⊙)哦	不支持短信息的群发！无红外功能，以前总是用无红下载，缺了这个功能很不方便！内存小，对于拍照手机，照片可是要占许多空间的！音量调至最高会明显失真！动态摄像只有25秒一段，时间过短！手机内置的游戏可玩性不强！	不好用，太干了！！！！发梢干，头皮油！！！！！
快递给孩子的，他说送货速度快，苹果蛮新鲜的，口感也不错。	真正算是一部极具代表性的人物传记，随着笔者的一点一滴的记述，去观看索罗斯一生的成长足迹，半个多世纪，一个在金融界摸爬滚打的传奇人物，人生的大起大落，真正教给我们正确的人生观，价值观。教会我们怎样洞察纷繁复杂下的规律，怎样面对财富的剧增或是暴跌，怎样将理想与事业有机的结合在一起，去创造属于自己的辉煌传奇。“洞悉混乱，你就可能变得富有。”———《索罗斯传》睿智而英明。	好大的一股味道，质量也没感觉到怎么样	1、手写笔不插在机身而单独存放是三星的最大败笔，基本失去手写笔的意义。2、不支持免提扬声器，扬声器的音质较差，声音较小，而且是右边的一个发声，左边的是一个装饰品。3、不支持扩展卡，内存太小。4、不支持联系人姓名声母查找，只支持首字母查找。通话记录中的电话号码不能加入已有电话本的项目中，要么另存一个，要么记住号码再找到电话薄进行修改添加，电话本的使用很不顺手；下载的图片不能用作大头贴。5、不支持数据和立体声音频蓝芽，蓝芽在拨打电话时有时不能自动接听，需人工转换 6、不支持语音指令学习功能，对普通话的要求较高，不适应发音习惯；不支持快捷录音功能。7、下导航健同C健很容易搞错；OK健太小太硬，只能用手指甲使劲按，手感极差，输入几个字就会手疼。8、文件浏览器不支持自动页面适应功能，只是将整个页面缩小，要放大字体同时放大页面，造成不能自动按手机页面浏览。9、无照相闪光灯，关键是少了一个微型手电筒。10、没有比较全面的保密项目，只有的电话拒接只有几个号码，不具备短信防火墙和保密功能是最大的败笔，短信及其他单项的保密已是LG和摩托罗拉的标准菜单
很新鲜，苹果很甜，水分大，个头不算大，宝宝很喜欢吃，推荐购买	這本小書，雖然文字短小，但是思想的含量確實是很大。其實，最初根本不知道常乃德為何許人也，後來偶然間讀到他的這本書，愛不釋手，立馬購買了一本，這本書需要慢慢的品讀，有些話不是立馬可以明白的，不過在瞭解了中國思想發展的脈絡之後，這本書對人非常具有啓發性的。對中國思想的論述，不乏精彩之處，在此不一一指出。自己感覺可以與葛兆光的《中國思想史》并讀。	林汐算是《最小说》上比较喜欢旳一个作者了。同样。《迷失界限的旅途》并没有让我失望。最感动旳昰故事结尾旳那句“再见”。再见。程介。再见。加井。加井始终认为自己是不属于那个世界旳吧。所以才会选择离开。选择继续回到自己旳世界。始终没有办法让自己先看着程介离开呢。看到加井离开。突然觉得什么都值得了。她只不过昰回到了自己旳世界而已。只昰回去了而已。	裤子不敢恭维，很差，不过京东服务好，有什么问题都积极解决，不像*，有问题都没人理
手机还行 就是没有配耳机线这点表示很无奈 买给老人家用 冲着华为 品牌买了三台 后期再来评价	上海浦东雅诗阁，宽带是要额外收费的，然而在携程的网站上（，房间价格的表格中，宽带下面只是写着“宽带”两个字，后来在酒店结账的时候发现宽带是额外收费的，我给携程打电话，才被告知，“宽带”这两个字仅仅表明这个酒店有宽带设施！其实在我使用宽带之前，已经和前台询问是否收费，前台当时可能忙，说让我先用，结帐的时候免去。结果结账的时候是另一个服务生，拒绝免除宽带费。让我向携程讨公道去。知道我把他们的大堂副经理叫了出来，我的外国同事用英语把这个经理数落了一番之后，他们才免除了这笔费用。其实上网费并不多，几百元钱，但是这种出尔反尔，先告诉我免费，再收费的做法实在是过分。而且，对中国人和外国人的态度明显不一样，也让我感到很不爽。	说实话，我挺稀罕这个手机的，但是我现在用了20多天，听筒就坏了，有杂音，杂音还挺大的，绝对不是信号差造成的，现在心情非常不好，还有手机玩游戏发热的挺厉害，	第一:信号实在太差听筒太小声，听不清楚话筒收音不清功能太少连基本的都没
裤子很合适，显得很职业范儿，笔直有型不易起皱，面料舒服暗斜纹，很好看。好评	不错！无硅油。送货速度也快...生姜油性的。……	很薄	太差了，电池不好，手感不好，魅族一生黑。
一位朋友说“现在的房子装修得有点过了，不像是房子了，倒像是一个豪华的污染源 ” 我们呆屋里面的时间太长了，很多人提倡我们“走出家门，呼吸大自然的空气”说的轻巧，做起来很难。现代社会使然。我们只能长时间呆在屋里，不管是温馨的家，还是忙碌的办公室。这本书很好，直接?别让房子谋杀你的健康?，我们不能走出去，那我们能保证在屋子里呆着是安全的不就行了。正在装修房子。谢谢当当网！	喝蒙牛会不会死啊…… 闹心了	房间不隔音，房间隔壁是酒店内勤工作人员大声喧哗到晚上12点多，喊话一次保持2秒钟又是一番喧哗。实在没办法电话前台，前台说帮解决，最后还是太困伴着喧哗声入睡。这是我第一次点评酒店，其实我是一个不太挑剔人，一般很多酒店缺点我都能接受。但这家自己内部工作人员影响客人还是第一次，921这样房间请不要再给客人，你们内部工作人员在隔壁太吵闹！	特别难吃，什么味道也没有，孩子吃一口就不吃了
苹果很漂亮，收到了我很满意啊，还没吃，不过红红的，我看也挺好吃的，数量也足够	鹅蛋1860块买的，送了皮套送了钢化膜送阿乐视影视会员卡，然后就是包装，就是那个品牌店的包装，没有那个保护的哥包装这方面需要改进一下	"因为地震原因客人不多,可是价格已经回调到很高,觉得实在不必要.不过各方面服务都是很不错的,还是比较满意.是不是继续入住,要看以后是不是还这么贵了."	我十一期间入住到瑞和园，先把最坏的缺点透露给驴友（免得还没看到最后就翻页了）：隔音效果极差！每间房窗外都是走廊，而且木制结构的房屋稍有动静就整个楼都在响！遇到没素质的客人，他们就在走廊大呼小叫不亦乐乎！服务员劝导多次也无济于事！或是半夜古城大部分商户关门，客人才回来，叮叮咣咣的上楼，关门，洗澡声吵的你必须等到别人可能都睡了才能入睡。一旦你先睡，半夜必被吵醒！半夜没被吵醒，第二天也会有起的早的人像千军万马一样冲出房门把你吵醒！！！在外旅游身体多有不适和变化，休息极为关键，正样才能保证第二天精神饱满而愉快的出行，反正我住了4天，天天都被吵的头疼！！！去之前以为那里很大，其实不然，就是主人自家的房子，用做宾馆就显的很小了（听服务员说瑞和园正在别处盖新房）。进入屋内不久，服务员就热情的送上一盘小点心和一壶开水，很是贴心～若是有饮水机就更好了！屋内不大但很干净，厕所有淋浴房显得上了层档次，但是洗澡时总调不到适宜的温度。。。。。。白天大家都出去玩，院子里倒是安静，行程安排不满的驴友可以静静的坐在院里，碰上老外还可以练练外语～～祝大家玩的开心吧：）
定的景观房，但给出的房间基本没什么景观，两间都是这样，也懒的找前台再去理论，下次要住定标房就可以了。酒店的其他服务还是很好的。	第一次在京东买水果，买了三个，送来那天吃了一个没什么味道，今天去拿全发霉了，看来这水果不能在京东买	怎么投诉？京东越来越差了，这么差的商家也让他卖水果	那是什么垃圾裤子，尺码差那么多，裤子30码的给我12岁儿子差不多刚好。一颗星是给物流的，裤子也丢垃圾桶了，不退了麻烦
很好吃，又脆又甜，个头确实不大，但是比水果店的好吃	环境一般，住了之后让人感觉价格和服务不成比例！	第一次在京东上购水果，收到货与期待的还是有别，其中有三个特别小，然后有四个水果有些损伤，此次还是有些失望。	买了我都没穿，大家不买好嘛
套装很划算，日期也非常新鲜，小哥送货到家，态度很好！	ok，挺不错了	东西不错是正品，就是这京东的客服太差了，我要买的是中干性发质的，没注意买成了油性的。一直联系客服都没用，就这样凑合着用吧！退换货麻烦	我怀疑是二手货，一个是没有贴进网许可证，二是贴着屏保，不知道出厂就是这情况还是之前的买家贴的屏保。还有就是金色太丑了。
老实说，跟张爱玲的原作比起来，我更加喜欢电视剧版本的《倾城之恋》。因为它将原作中那个只有短短十几页的故事描述得更加细致、深刻，并且在不影响原本故事内容的基础上增加一些新的故事情节，将白流苏和范柳原塑造得比原作更符合我们的观念，让我们更易接受。相较于原作中那种自私自利的爱情故事，相信大家会更喜欢看电视剧版本中那种温情脉脉的爱情故事。所以建议喜欢的朋友买来看看。	评价就是为了豆子豆子豆子评价就是为了豆子豆子豆子评价就是为了豆子豆子豆子	不是说京东自营的都带发票吗？	携程用这样的酒店，真是对自己品牌的一种打折，请国人能注重自己辛苦培养起来的品牌意识，这样的酒店实在是差劲的没有办法形容，住了一个晚上就退房了，简直就是县城的招待所，浴室的龙头只是用一个钉子固定，根本无法淋浴，只能用一个脏字来形容，以后再也不会入住这样的酒店。
